[2025-05-01T10:49:54.596+0000] {processor.py:161} INFO - Started process (PID=101) to work on /home/airflow/.local/lib/python3.12/site-packages/airflow/example_dags/example_branch_operator_decorator.py
[2025-05-01T10:49:54.597+0000] {processor.py:830} INFO - Processing file /home/airflow/.local/lib/python3.12/site-packages/airflow/example_dags/example_branch_operator_decorator.py for tasks to queue
[2025-05-01T10:49:54.601+0000] {logging_mixin.py:188} INFO - [2025-05-01T10:49:54.600+0000] {dagbag.py:545} INFO - Filling up the DagBag from /home/airflow/.local/lib/python3.12/site-packages/airflow/example_dags/example_branch_operator_decorator.py
[2025-05-01T10:49:54.645+0000] {processor.py:840} INFO - DAG(s) 'example_branch_python_operator_decorator' retrieved from /home/airflow/.local/lib/python3.12/site-packages/airflow/example_dags/example_branch_operator_decorator.py
[2025-05-01T10:49:54.830+0000] {logging_mixin.py:188} INFO - [2025-05-01T10:49:54.829+0000] {dag.py:3096} INFO - Sync 1 DAGs
[2025-05-01T10:49:54.858+0000] {logging_mixin.py:188} INFO - [2025-05-01T10:49:54.858+0000] {dag.py:3954} INFO - Setting next_dagrun for example_branch_python_operator_decorator to 2025-04-30 00:00:00+00:00, run_after=2025-05-01 00:00:00+00:00
[2025-05-01T10:49:54.892+0000] {processor.py:183} INFO - Processing /home/airflow/.local/lib/python3.12/site-packages/airflow/example_dags/example_branch_operator_decorator.py took 0.303 seconds
[2025-05-01T10:50:25.480+0000] {processor.py:161} INFO - Started process (PID=159) to work on /home/airflow/.local/lib/python3.12/site-packages/airflow/example_dags/example_branch_operator_decorator.py
[2025-05-01T10:50:25.481+0000] {processor.py:830} INFO - Processing file /home/airflow/.local/lib/python3.12/site-packages/airflow/example_dags/example_branch_operator_decorator.py for tasks to queue
[2025-05-01T10:50:25.484+0000] {logging_mixin.py:188} INFO - [2025-05-01T10:50:25.483+0000] {dagbag.py:545} INFO - Filling up the DagBag from /home/airflow/.local/lib/python3.12/site-packages/airflow/example_dags/example_branch_operator_decorator.py
[2025-05-01T10:50:25.506+0000] {processor.py:840} INFO - DAG(s) 'example_branch_python_operator_decorator' retrieved from /home/airflow/.local/lib/python3.12/site-packages/airflow/example_dags/example_branch_operator_decorator.py
[2025-05-01T10:50:25.545+0000] {logging_mixin.py:188} INFO - [2025-05-01T10:50:25.545+0000] {dag.py:3096} INFO - Sync 1 DAGs
[2025-05-01T10:50:25.578+0000] {logging_mixin.py:188} INFO - [2025-05-01T10:50:25.577+0000] {dag.py:3954} INFO - Setting next_dagrun for example_branch_python_operator_decorator to 2025-04-30 00:00:00+00:00, run_after=2025-05-01 00:00:00+00:00
[2025-05-01T10:50:25.604+0000] {processor.py:183} INFO - Processing /home/airflow/.local/lib/python3.12/site-packages/airflow/example_dags/example_branch_operator_decorator.py took 0.130 seconds
[2025-05-01T10:51:53.811+0000] {processor.py:161} INFO - Started process (PID=107) to work on /home/airflow/.local/lib/python3.12/site-packages/airflow/example_dags/example_branch_operator_decorator.py
[2025-05-01T10:51:53.813+0000] {processor.py:830} INFO - Processing file /home/airflow/.local/lib/python3.12/site-packages/airflow/example_dags/example_branch_operator_decorator.py for tasks to queue
[2025-05-01T10:51:53.815+0000] {logging_mixin.py:188} INFO - [2025-05-01T10:51:53.815+0000] {dagbag.py:545} INFO - Filling up the DagBag from /home/airflow/.local/lib/python3.12/site-packages/airflow/example_dags/example_branch_operator_decorator.py
[2025-05-01T10:51:53.843+0000] {processor.py:840} INFO - DAG(s) 'example_branch_python_operator_decorator' retrieved from /home/airflow/.local/lib/python3.12/site-packages/airflow/example_dags/example_branch_operator_decorator.py
[2025-05-01T10:51:53.982+0000] {logging_mixin.py:188} INFO - [2025-05-01T10:51:53.982+0000] {dag.py:3096} INFO - Sync 1 DAGs
[2025-05-01T10:51:54.011+0000] {logging_mixin.py:188} INFO - [2025-05-01T10:51:54.010+0000] {dag.py:3954} INFO - Setting next_dagrun for example_branch_python_operator_decorator to 2025-04-30 00:00:00+00:00, run_after=2025-05-01 00:00:00+00:00
[2025-05-01T10:51:54.043+0000] {processor.py:183} INFO - Processing /home/airflow/.local/lib/python3.12/site-packages/airflow/example_dags/example_branch_operator_decorator.py took 0.239 seconds
[2025-05-01T10:52:24.340+0000] {processor.py:161} INFO - Started process (PID=165) to work on /home/airflow/.local/lib/python3.12/site-packages/airflow/example_dags/example_branch_operator_decorator.py
[2025-05-01T10:52:24.341+0000] {processor.py:830} INFO - Processing file /home/airflow/.local/lib/python3.12/site-packages/airflow/example_dags/example_branch_operator_decorator.py for tasks to queue
[2025-05-01T10:52:24.344+0000] {logging_mixin.py:188} INFO - [2025-05-01T10:52:24.343+0000] {dagbag.py:545} INFO - Filling up the DagBag from /home/airflow/.local/lib/python3.12/site-packages/airflow/example_dags/example_branch_operator_decorator.py
[2025-05-01T10:52:24.368+0000] {processor.py:840} INFO - DAG(s) 'example_branch_python_operator_decorator' retrieved from /home/airflow/.local/lib/python3.12/site-packages/airflow/example_dags/example_branch_operator_decorator.py
[2025-05-01T10:52:24.407+0000] {logging_mixin.py:188} INFO - [2025-05-01T10:52:24.407+0000] {dag.py:3096} INFO - Sync 1 DAGs
[2025-05-01T10:52:24.436+0000] {logging_mixin.py:188} INFO - [2025-05-01T10:52:24.436+0000] {dag.py:3954} INFO - Setting next_dagrun for example_branch_python_operator_decorator to 2025-04-30 00:00:00+00:00, run_after=2025-05-01 00:00:00+00:00
[2025-05-01T10:52:24.468+0000] {processor.py:183} INFO - Processing /home/airflow/.local/lib/python3.12/site-packages/airflow/example_dags/example_branch_operator_decorator.py took 0.134 seconds
[2025-05-01T10:52:55.400+0000] {processor.py:161} INFO - Started process (PID=223) to work on /home/airflow/.local/lib/python3.12/site-packages/airflow/example_dags/example_branch_operator_decorator.py
[2025-05-01T10:52:55.401+0000] {processor.py:830} INFO - Processing file /home/airflow/.local/lib/python3.12/site-packages/airflow/example_dags/example_branch_operator_decorator.py for tasks to queue
[2025-05-01T10:52:55.404+0000] {logging_mixin.py:188} INFO - [2025-05-01T10:52:55.403+0000] {dagbag.py:545} INFO - Filling up the DagBag from /home/airflow/.local/lib/python3.12/site-packages/airflow/example_dags/example_branch_operator_decorator.py
[2025-05-01T10:52:55.433+0000] {processor.py:840} INFO - DAG(s) 'example_branch_python_operator_decorator' retrieved from /home/airflow/.local/lib/python3.12/site-packages/airflow/example_dags/example_branch_operator_decorator.py
[2025-05-01T10:52:55.483+0000] {logging_mixin.py:188} INFO - [2025-05-01T10:52:55.483+0000] {dag.py:3096} INFO - Sync 1 DAGs
[2025-05-01T10:52:55.529+0000] {logging_mixin.py:188} INFO - [2025-05-01T10:52:55.528+0000] {dag.py:3954} INFO - Setting next_dagrun for example_branch_python_operator_decorator to 2025-04-30 00:00:00+00:00, run_after=2025-05-01 00:00:00+00:00
[2025-05-01T10:52:55.565+0000] {processor.py:183} INFO - Processing /home/airflow/.local/lib/python3.12/site-packages/airflow/example_dags/example_branch_operator_decorator.py took 0.172 seconds
[2025-05-01T10:53:26.611+0000] {processor.py:161} INFO - Started process (PID=281) to work on /home/airflow/.local/lib/python3.12/site-packages/airflow/example_dags/example_branch_operator_decorator.py
[2025-05-01T10:53:26.613+0000] {processor.py:830} INFO - Processing file /home/airflow/.local/lib/python3.12/site-packages/airflow/example_dags/example_branch_operator_decorator.py for tasks to queue
[2025-05-01T10:53:26.616+0000] {logging_mixin.py:188} INFO - [2025-05-01T10:53:26.616+0000] {dagbag.py:545} INFO - Filling up the DagBag from /home/airflow/.local/lib/python3.12/site-packages/airflow/example_dags/example_branch_operator_decorator.py
[2025-05-01T10:53:26.654+0000] {processor.py:840} INFO - DAG(s) 'example_branch_python_operator_decorator' retrieved from /home/airflow/.local/lib/python3.12/site-packages/airflow/example_dags/example_branch_operator_decorator.py
[2025-05-01T10:53:26.752+0000] {logging_mixin.py:188} INFO - [2025-05-01T10:53:26.752+0000] {dag.py:3096} INFO - Sync 1 DAGs
[2025-05-01T10:53:26.807+0000] {logging_mixin.py:188} INFO - [2025-05-01T10:53:26.806+0000] {dag.py:3954} INFO - Setting next_dagrun for example_branch_python_operator_decorator to 2025-04-30 00:00:00+00:00, run_after=2025-05-01 00:00:00+00:00
[2025-05-01T10:53:26.849+0000] {processor.py:183} INFO - Processing /home/airflow/.local/lib/python3.12/site-packages/airflow/example_dags/example_branch_operator_decorator.py took 0.245 seconds
[2025-05-01T10:53:56.980+0000] {processor.py:161} INFO - Started process (PID=339) to work on /home/airflow/.local/lib/python3.12/site-packages/airflow/example_dags/example_branch_operator_decorator.py
[2025-05-01T10:53:56.981+0000] {processor.py:830} INFO - Processing file /home/airflow/.local/lib/python3.12/site-packages/airflow/example_dags/example_branch_operator_decorator.py for tasks to queue
[2025-05-01T10:53:56.983+0000] {logging_mixin.py:188} INFO - [2025-05-01T10:53:56.983+0000] {dagbag.py:545} INFO - Filling up the DagBag from /home/airflow/.local/lib/python3.12/site-packages/airflow/example_dags/example_branch_operator_decorator.py
[2025-05-01T10:53:57.004+0000] {processor.py:840} INFO - DAG(s) 'example_branch_python_operator_decorator' retrieved from /home/airflow/.local/lib/python3.12/site-packages/airflow/example_dags/example_branch_operator_decorator.py
[2025-05-01T10:53:57.036+0000] {logging_mixin.py:188} INFO - [2025-05-01T10:53:57.036+0000] {dag.py:3096} INFO - Sync 1 DAGs
[2025-05-01T10:53:57.060+0000] {logging_mixin.py:188} INFO - [2025-05-01T10:53:57.060+0000] {dag.py:3954} INFO - Setting next_dagrun for example_branch_python_operator_decorator to 2025-04-30 00:00:00+00:00, run_after=2025-05-01 00:00:00+00:00
[2025-05-01T10:53:57.088+0000] {processor.py:183} INFO - Processing /home/airflow/.local/lib/python3.12/site-packages/airflow/example_dags/example_branch_operator_decorator.py took 0.113 seconds
[2025-05-01T10:54:27.257+0000] {processor.py:161} INFO - Started process (PID=396) to work on /home/airflow/.local/lib/python3.12/site-packages/airflow/example_dags/example_branch_operator_decorator.py
[2025-05-01T10:54:27.259+0000] {processor.py:830} INFO - Processing file /home/airflow/.local/lib/python3.12/site-packages/airflow/example_dags/example_branch_operator_decorator.py for tasks to queue
[2025-05-01T10:54:27.261+0000] {logging_mixin.py:188} INFO - [2025-05-01T10:54:27.261+0000] {dagbag.py:545} INFO - Filling up the DagBag from /home/airflow/.local/lib/python3.12/site-packages/airflow/example_dags/example_branch_operator_decorator.py
[2025-05-01T10:54:27.280+0000] {processor.py:840} INFO - DAG(s) 'example_branch_python_operator_decorator' retrieved from /home/airflow/.local/lib/python3.12/site-packages/airflow/example_dags/example_branch_operator_decorator.py
[2025-05-01T10:54:27.311+0000] {logging_mixin.py:188} INFO - [2025-05-01T10:54:27.310+0000] {dag.py:3096} INFO - Sync 1 DAGs
[2025-05-01T10:54:27.336+0000] {logging_mixin.py:188} INFO - [2025-05-01T10:54:27.335+0000] {dag.py:3954} INFO - Setting next_dagrun for example_branch_python_operator_decorator to 2025-04-30 00:00:00+00:00, run_after=2025-05-01 00:00:00+00:00
[2025-05-01T10:54:27.360+0000] {processor.py:183} INFO - Processing /home/airflow/.local/lib/python3.12/site-packages/airflow/example_dags/example_branch_operator_decorator.py took 0.107 seconds
[2025-05-01T10:54:57.637+0000] {processor.py:161} INFO - Started process (PID=454) to work on /home/airflow/.local/lib/python3.12/site-packages/airflow/example_dags/example_branch_operator_decorator.py
[2025-05-01T10:54:57.639+0000] {processor.py:830} INFO - Processing file /home/airflow/.local/lib/python3.12/site-packages/airflow/example_dags/example_branch_operator_decorator.py for tasks to queue
[2025-05-01T10:54:57.643+0000] {logging_mixin.py:188} INFO - [2025-05-01T10:54:57.643+0000] {dagbag.py:545} INFO - Filling up the DagBag from /home/airflow/.local/lib/python3.12/site-packages/airflow/example_dags/example_branch_operator_decorator.py
[2025-05-01T10:54:57.674+0000] {processor.py:840} INFO - DAG(s) 'example_branch_python_operator_decorator' retrieved from /home/airflow/.local/lib/python3.12/site-packages/airflow/example_dags/example_branch_operator_decorator.py
[2025-05-01T10:54:57.715+0000] {logging_mixin.py:188} INFO - [2025-05-01T10:54:57.715+0000] {dag.py:3096} INFO - Sync 1 DAGs
[2025-05-01T10:54:57.747+0000] {logging_mixin.py:188} INFO - [2025-05-01T10:54:57.747+0000] {dag.py:3954} INFO - Setting next_dagrun for example_branch_python_operator_decorator to 2025-04-30 00:00:00+00:00, run_after=2025-05-01 00:00:00+00:00
[2025-05-01T10:54:57.784+0000] {processor.py:183} INFO - Processing /home/airflow/.local/lib/python3.12/site-packages/airflow/example_dags/example_branch_operator_decorator.py took 0.160 seconds
[2025-05-01T10:55:28.002+0000] {processor.py:161} INFO - Started process (PID=512) to work on /home/airflow/.local/lib/python3.12/site-packages/airflow/example_dags/example_branch_operator_decorator.py
[2025-05-01T10:55:28.003+0000] {processor.py:830} INFO - Processing file /home/airflow/.local/lib/python3.12/site-packages/airflow/example_dags/example_branch_operator_decorator.py for tasks to queue
[2025-05-01T10:55:28.006+0000] {logging_mixin.py:188} INFO - [2025-05-01T10:55:28.005+0000] {dagbag.py:545} INFO - Filling up the DagBag from /home/airflow/.local/lib/python3.12/site-packages/airflow/example_dags/example_branch_operator_decorator.py
[2025-05-01T10:55:28.026+0000] {processor.py:840} INFO - DAG(s) 'example_branch_python_operator_decorator' retrieved from /home/airflow/.local/lib/python3.12/site-packages/airflow/example_dags/example_branch_operator_decorator.py
[2025-05-01T10:55:28.057+0000] {logging_mixin.py:188} INFO - [2025-05-01T10:55:28.057+0000] {dag.py:3096} INFO - Sync 1 DAGs
[2025-05-01T10:55:28.084+0000] {logging_mixin.py:188} INFO - [2025-05-01T10:55:28.084+0000] {dag.py:3954} INFO - Setting next_dagrun for example_branch_python_operator_decorator to 2025-04-30 00:00:00+00:00, run_after=2025-05-01 00:00:00+00:00
[2025-05-01T10:55:28.109+0000] {processor.py:183} INFO - Processing /home/airflow/.local/lib/python3.12/site-packages/airflow/example_dags/example_branch_operator_decorator.py took 0.112 seconds
[2025-05-01T10:55:58.298+0000] {processor.py:161} INFO - Started process (PID=570) to work on /home/airflow/.local/lib/python3.12/site-packages/airflow/example_dags/example_branch_operator_decorator.py
[2025-05-01T10:55:58.300+0000] {processor.py:830} INFO - Processing file /home/airflow/.local/lib/python3.12/site-packages/airflow/example_dags/example_branch_operator_decorator.py for tasks to queue
[2025-05-01T10:55:58.302+0000] {logging_mixin.py:188} INFO - [2025-05-01T10:55:58.302+0000] {dagbag.py:545} INFO - Filling up the DagBag from /home/airflow/.local/lib/python3.12/site-packages/airflow/example_dags/example_branch_operator_decorator.py
[2025-05-01T10:55:58.324+0000] {processor.py:840} INFO - DAG(s) 'example_branch_python_operator_decorator' retrieved from /home/airflow/.local/lib/python3.12/site-packages/airflow/example_dags/example_branch_operator_decorator.py
[2025-05-01T10:55:58.357+0000] {logging_mixin.py:188} INFO - [2025-05-01T10:55:58.357+0000] {dag.py:3096} INFO - Sync 1 DAGs
[2025-05-01T10:55:58.383+0000] {logging_mixin.py:188} INFO - [2025-05-01T10:55:58.383+0000] {dag.py:3954} INFO - Setting next_dagrun for example_branch_python_operator_decorator to 2025-04-30 00:00:00+00:00, run_after=2025-05-01 00:00:00+00:00
[2025-05-01T10:55:58.406+0000] {processor.py:183} INFO - Processing /home/airflow/.local/lib/python3.12/site-packages/airflow/example_dags/example_branch_operator_decorator.py took 0.114 seconds
[2025-05-01T10:56:29.178+0000] {processor.py:161} INFO - Started process (PID=629) to work on /home/airflow/.local/lib/python3.12/site-packages/airflow/example_dags/example_branch_operator_decorator.py
[2025-05-01T10:56:29.180+0000] {processor.py:830} INFO - Processing file /home/airflow/.local/lib/python3.12/site-packages/airflow/example_dags/example_branch_operator_decorator.py for tasks to queue
[2025-05-01T10:56:29.182+0000] {logging_mixin.py:188} INFO - [2025-05-01T10:56:29.182+0000] {dagbag.py:545} INFO - Filling up the DagBag from /home/airflow/.local/lib/python3.12/site-packages/airflow/example_dags/example_branch_operator_decorator.py
[2025-05-01T10:56:29.202+0000] {processor.py:840} INFO - DAG(s) 'example_branch_python_operator_decorator' retrieved from /home/airflow/.local/lib/python3.12/site-packages/airflow/example_dags/example_branch_operator_decorator.py
[2025-05-01T10:56:29.233+0000] {logging_mixin.py:188} INFO - [2025-05-01T10:56:29.233+0000] {dag.py:3096} INFO - Sync 1 DAGs
[2025-05-01T10:56:29.259+0000] {logging_mixin.py:188} INFO - [2025-05-01T10:56:29.259+0000] {dag.py:3954} INFO - Setting next_dagrun for example_branch_python_operator_decorator to 2025-04-30 00:00:00+00:00, run_after=2025-05-01 00:00:00+00:00
[2025-05-01T10:56:29.282+0000] {processor.py:183} INFO - Processing /home/airflow/.local/lib/python3.12/site-packages/airflow/example_dags/example_branch_operator_decorator.py took 0.110 seconds
[2025-05-01T10:56:59.914+0000] {processor.py:161} INFO - Started process (PID=688) to work on /home/airflow/.local/lib/python3.12/site-packages/airflow/example_dags/example_branch_operator_decorator.py
[2025-05-01T10:56:59.915+0000] {processor.py:830} INFO - Processing file /home/airflow/.local/lib/python3.12/site-packages/airflow/example_dags/example_branch_operator_decorator.py for tasks to queue
[2025-05-01T10:56:59.917+0000] {logging_mixin.py:188} INFO - [2025-05-01T10:56:59.917+0000] {dagbag.py:545} INFO - Filling up the DagBag from /home/airflow/.local/lib/python3.12/site-packages/airflow/example_dags/example_branch_operator_decorator.py
[2025-05-01T10:56:59.937+0000] {processor.py:840} INFO - DAG(s) 'example_branch_python_operator_decorator' retrieved from /home/airflow/.local/lib/python3.12/site-packages/airflow/example_dags/example_branch_operator_decorator.py
[2025-05-01T10:56:59.970+0000] {logging_mixin.py:188} INFO - [2025-05-01T10:56:59.969+0000] {dag.py:3096} INFO - Sync 1 DAGs
[2025-05-01T10:56:59.994+0000] {logging_mixin.py:188} INFO - [2025-05-01T10:56:59.994+0000] {dag.py:3954} INFO - Setting next_dagrun for example_branch_python_operator_decorator to 2025-04-30 00:00:00+00:00, run_after=2025-05-01 00:00:00+00:00
[2025-05-01T10:57:00.026+0000] {processor.py:183} INFO - Processing /home/airflow/.local/lib/python3.12/site-packages/airflow/example_dags/example_branch_operator_decorator.py took 0.117 seconds
[2025-05-01T10:57:30.330+0000] {processor.py:161} INFO - Started process (PID=749) to work on /home/airflow/.local/lib/python3.12/site-packages/airflow/example_dags/example_branch_operator_decorator.py
[2025-05-01T10:57:30.332+0000] {processor.py:830} INFO - Processing file /home/airflow/.local/lib/python3.12/site-packages/airflow/example_dags/example_branch_operator_decorator.py for tasks to queue
[2025-05-01T10:57:30.335+0000] {logging_mixin.py:188} INFO - [2025-05-01T10:57:30.335+0000] {dagbag.py:545} INFO - Filling up the DagBag from /home/airflow/.local/lib/python3.12/site-packages/airflow/example_dags/example_branch_operator_decorator.py
[2025-05-01T10:57:30.355+0000] {processor.py:840} INFO - DAG(s) 'example_branch_python_operator_decorator' retrieved from /home/airflow/.local/lib/python3.12/site-packages/airflow/example_dags/example_branch_operator_decorator.py
[2025-05-01T10:57:30.389+0000] {logging_mixin.py:188} INFO - [2025-05-01T10:57:30.388+0000] {dag.py:3096} INFO - Sync 1 DAGs
[2025-05-01T10:57:30.421+0000] {logging_mixin.py:188} INFO - [2025-05-01T10:57:30.420+0000] {dag.py:3954} INFO - Setting next_dagrun for example_branch_python_operator_decorator to 2025-04-30 00:00:00+00:00, run_after=2025-05-01 00:00:00+00:00
[2025-05-01T10:57:30.447+0000] {processor.py:183} INFO - Processing /home/airflow/.local/lib/python3.12/site-packages/airflow/example_dags/example_branch_operator_decorator.py took 0.122 seconds
[2025-05-01T10:58:00.830+0000] {processor.py:161} INFO - Started process (PID=808) to work on /home/airflow/.local/lib/python3.12/site-packages/airflow/example_dags/example_branch_operator_decorator.py
[2025-05-01T10:58:00.832+0000] {processor.py:830} INFO - Processing file /home/airflow/.local/lib/python3.12/site-packages/airflow/example_dags/example_branch_operator_decorator.py for tasks to queue
[2025-05-01T10:58:00.834+0000] {logging_mixin.py:188} INFO - [2025-05-01T10:58:00.834+0000] {dagbag.py:545} INFO - Filling up the DagBag from /home/airflow/.local/lib/python3.12/site-packages/airflow/example_dags/example_branch_operator_decorator.py
[2025-05-01T10:58:00.853+0000] {processor.py:840} INFO - DAG(s) 'example_branch_python_operator_decorator' retrieved from /home/airflow/.local/lib/python3.12/site-packages/airflow/example_dags/example_branch_operator_decorator.py
[2025-05-01T10:58:00.888+0000] {logging_mixin.py:188} INFO - [2025-05-01T10:58:00.887+0000] {dag.py:3096} INFO - Sync 1 DAGs
[2025-05-01T10:58:00.916+0000] {logging_mixin.py:188} INFO - [2025-05-01T10:58:00.916+0000] {dag.py:3954} INFO - Setting next_dagrun for example_branch_python_operator_decorator to 2025-04-30 00:00:00+00:00, run_after=2025-05-01 00:00:00+00:00
[2025-05-01T10:58:00.945+0000] {processor.py:183} INFO - Processing /home/airflow/.local/lib/python3.12/site-packages/airflow/example_dags/example_branch_operator_decorator.py took 0.120 seconds
[2025-05-01T10:58:31.561+0000] {processor.py:161} INFO - Started process (PID=867) to work on /home/airflow/.local/lib/python3.12/site-packages/airflow/example_dags/example_branch_operator_decorator.py
[2025-05-01T10:58:31.562+0000] {processor.py:830} INFO - Processing file /home/airflow/.local/lib/python3.12/site-packages/airflow/example_dags/example_branch_operator_decorator.py for tasks to queue
[2025-05-01T10:58:31.565+0000] {logging_mixin.py:188} INFO - [2025-05-01T10:58:31.564+0000] {dagbag.py:545} INFO - Filling up the DagBag from /home/airflow/.local/lib/python3.12/site-packages/airflow/example_dags/example_branch_operator_decorator.py
[2025-05-01T10:58:31.592+0000] {processor.py:840} INFO - DAG(s) 'example_branch_python_operator_decorator' retrieved from /home/airflow/.local/lib/python3.12/site-packages/airflow/example_dags/example_branch_operator_decorator.py
[2025-05-01T10:58:31.639+0000] {logging_mixin.py:188} INFO - [2025-05-01T10:58:31.639+0000] {dag.py:3096} INFO - Sync 1 DAGs
[2025-05-01T10:58:31.672+0000] {logging_mixin.py:188} INFO - [2025-05-01T10:58:31.672+0000] {dag.py:3954} INFO - Setting next_dagrun for example_branch_python_operator_decorator to 2025-04-30 00:00:00+00:00, run_after=2025-05-01 00:00:00+00:00
[2025-05-01T10:58:31.706+0000] {processor.py:183} INFO - Processing /home/airflow/.local/lib/python3.12/site-packages/airflow/example_dags/example_branch_operator_decorator.py took 0.153 seconds
[2025-05-01T10:59:01.789+0000] {processor.py:161} INFO - Started process (PID=925) to work on /home/airflow/.local/lib/python3.12/site-packages/airflow/example_dags/example_branch_operator_decorator.py
[2025-05-01T10:59:01.791+0000] {processor.py:830} INFO - Processing file /home/airflow/.local/lib/python3.12/site-packages/airflow/example_dags/example_branch_operator_decorator.py for tasks to queue
[2025-05-01T10:59:01.794+0000] {logging_mixin.py:188} INFO - [2025-05-01T10:59:01.793+0000] {dagbag.py:545} INFO - Filling up the DagBag from /home/airflow/.local/lib/python3.12/site-packages/airflow/example_dags/example_branch_operator_decorator.py
[2025-05-01T10:59:01.816+0000] {processor.py:840} INFO - DAG(s) 'example_branch_python_operator_decorator' retrieved from /home/airflow/.local/lib/python3.12/site-packages/airflow/example_dags/example_branch_operator_decorator.py
[2025-05-01T10:59:01.848+0000] {logging_mixin.py:188} INFO - [2025-05-01T10:59:01.848+0000] {dag.py:3096} INFO - Sync 1 DAGs
[2025-05-01T10:59:01.873+0000] {logging_mixin.py:188} INFO - [2025-05-01T10:59:01.872+0000] {dag.py:3954} INFO - Setting next_dagrun for example_branch_python_operator_decorator to 2025-04-30 00:00:00+00:00, run_after=2025-05-01 00:00:00+00:00
[2025-05-01T10:59:01.899+0000] {processor.py:183} INFO - Processing /home/airflow/.local/lib/python3.12/site-packages/airflow/example_dags/example_branch_operator_decorator.py took 0.115 seconds
[2025-05-01T10:59:32.119+0000] {processor.py:161} INFO - Started process (PID=984) to work on /home/airflow/.local/lib/python3.12/site-packages/airflow/example_dags/example_branch_operator_decorator.py
[2025-05-01T10:59:32.120+0000] {processor.py:830} INFO - Processing file /home/airflow/.local/lib/python3.12/site-packages/airflow/example_dags/example_branch_operator_decorator.py for tasks to queue
[2025-05-01T10:59:32.122+0000] {logging_mixin.py:188} INFO - [2025-05-01T10:59:32.122+0000] {dagbag.py:545} INFO - Filling up the DagBag from /home/airflow/.local/lib/python3.12/site-packages/airflow/example_dags/example_branch_operator_decorator.py
[2025-05-01T10:59:32.146+0000] {processor.py:840} INFO - DAG(s) 'example_branch_python_operator_decorator' retrieved from /home/airflow/.local/lib/python3.12/site-packages/airflow/example_dags/example_branch_operator_decorator.py
[2025-05-01T10:59:32.179+0000] {logging_mixin.py:188} INFO - [2025-05-01T10:59:32.179+0000] {dag.py:3096} INFO - Sync 1 DAGs
[2025-05-01T10:59:32.208+0000] {logging_mixin.py:188} INFO - [2025-05-01T10:59:32.208+0000] {dag.py:3954} INFO - Setting next_dagrun for example_branch_python_operator_decorator to 2025-04-30 00:00:00+00:00, run_after=2025-05-01 00:00:00+00:00
[2025-05-01T10:59:32.239+0000] {processor.py:183} INFO - Processing /home/airflow/.local/lib/python3.12/site-packages/airflow/example_dags/example_branch_operator_decorator.py took 0.125 seconds
[2025-05-01T11:00:02.716+0000] {processor.py:161} INFO - Started process (PID=1043) to work on /home/airflow/.local/lib/python3.12/site-packages/airflow/example_dags/example_branch_operator_decorator.py
[2025-05-01T11:00:02.718+0000] {processor.py:830} INFO - Processing file /home/airflow/.local/lib/python3.12/site-packages/airflow/example_dags/example_branch_operator_decorator.py for tasks to queue
[2025-05-01T11:00:02.722+0000] {logging_mixin.py:188} INFO - [2025-05-01T11:00:02.721+0000] {dagbag.py:545} INFO - Filling up the DagBag from /home/airflow/.local/lib/python3.12/site-packages/airflow/example_dags/example_branch_operator_decorator.py
[2025-05-01T11:00:02.772+0000] {processor.py:840} INFO - DAG(s) 'example_branch_python_operator_decorator' retrieved from /home/airflow/.local/lib/python3.12/site-packages/airflow/example_dags/example_branch_operator_decorator.py
[2025-05-01T11:00:02.847+0000] {logging_mixin.py:188} INFO - [2025-05-01T11:00:02.847+0000] {dag.py:3096} INFO - Sync 1 DAGs
[2025-05-01T11:00:02.904+0000] {logging_mixin.py:188} INFO - [2025-05-01T11:00:02.904+0000] {dag.py:3954} INFO - Setting next_dagrun for example_branch_python_operator_decorator to 2025-04-30 00:00:00+00:00, run_after=2025-05-01 00:00:00+00:00
[2025-05-01T11:00:02.994+0000] {processor.py:183} INFO - Processing /home/airflow/.local/lib/python3.12/site-packages/airflow/example_dags/example_branch_operator_decorator.py took 0.290 seconds
[2025-05-01T11:00:33.727+0000] {processor.py:161} INFO - Started process (PID=1102) to work on /home/airflow/.local/lib/python3.12/site-packages/airflow/example_dags/example_branch_operator_decorator.py
[2025-05-01T11:00:33.731+0000] {processor.py:830} INFO - Processing file /home/airflow/.local/lib/python3.12/site-packages/airflow/example_dags/example_branch_operator_decorator.py for tasks to queue
[2025-05-01T11:00:33.737+0000] {logging_mixin.py:188} INFO - [2025-05-01T11:00:33.736+0000] {dagbag.py:545} INFO - Filling up the DagBag from /home/airflow/.local/lib/python3.12/site-packages/airflow/example_dags/example_branch_operator_decorator.py
[2025-05-01T11:00:33.805+0000] {processor.py:840} INFO - DAG(s) 'example_branch_python_operator_decorator' retrieved from /home/airflow/.local/lib/python3.12/site-packages/airflow/example_dags/example_branch_operator_decorator.py
[2025-05-01T11:00:33.887+0000] {logging_mixin.py:188} INFO - [2025-05-01T11:00:33.886+0000] {dag.py:3096} INFO - Sync 1 DAGs
[2025-05-01T11:00:33.955+0000] {logging_mixin.py:188} INFO - [2025-05-01T11:00:33.954+0000] {dag.py:3954} INFO - Setting next_dagrun for example_branch_python_operator_decorator to 2025-04-30 00:00:00+00:00, run_after=2025-05-01 00:00:00+00:00
[2025-05-01T11:00:34.013+0000] {processor.py:183} INFO - Processing /home/airflow/.local/lib/python3.12/site-packages/airflow/example_dags/example_branch_operator_decorator.py took 0.303 seconds
[2025-05-01T11:01:04.161+0000] {processor.py:161} INFO - Started process (PID=1162) to work on /home/airflow/.local/lib/python3.12/site-packages/airflow/example_dags/example_branch_operator_decorator.py
[2025-05-01T11:01:04.165+0000] {processor.py:830} INFO - Processing file /home/airflow/.local/lib/python3.12/site-packages/airflow/example_dags/example_branch_operator_decorator.py for tasks to queue
[2025-05-01T11:01:04.172+0000] {logging_mixin.py:188} INFO - [2025-05-01T11:01:04.170+0000] {dagbag.py:545} INFO - Filling up the DagBag from /home/airflow/.local/lib/python3.12/site-packages/airflow/example_dags/example_branch_operator_decorator.py
[2025-05-01T11:01:04.229+0000] {processor.py:840} INFO - DAG(s) 'example_branch_python_operator_decorator' retrieved from /home/airflow/.local/lib/python3.12/site-packages/airflow/example_dags/example_branch_operator_decorator.py
[2025-05-01T11:01:04.302+0000] {logging_mixin.py:188} INFO - [2025-05-01T11:01:04.301+0000] {dag.py:3096} INFO - Sync 1 DAGs
[2025-05-01T11:01:04.356+0000] {logging_mixin.py:188} INFO - [2025-05-01T11:01:04.356+0000] {dag.py:3954} INFO - Setting next_dagrun for example_branch_python_operator_decorator to 2025-04-30 00:00:00+00:00, run_after=2025-05-01 00:00:00+00:00
[2025-05-01T11:01:04.452+0000] {processor.py:183} INFO - Processing /home/airflow/.local/lib/python3.12/site-packages/airflow/example_dags/example_branch_operator_decorator.py took 0.304 seconds
[2025-05-01T11:01:34.740+0000] {processor.py:161} INFO - Started process (PID=1221) to work on /home/airflow/.local/lib/python3.12/site-packages/airflow/example_dags/example_branch_operator_decorator.py
[2025-05-01T11:01:34.743+0000] {processor.py:830} INFO - Processing file /home/airflow/.local/lib/python3.12/site-packages/airflow/example_dags/example_branch_operator_decorator.py for tasks to queue
[2025-05-01T11:01:34.748+0000] {logging_mixin.py:188} INFO - [2025-05-01T11:01:34.747+0000] {dagbag.py:545} INFO - Filling up the DagBag from /home/airflow/.local/lib/python3.12/site-packages/airflow/example_dags/example_branch_operator_decorator.py
[2025-05-01T11:01:34.812+0000] {processor.py:840} INFO - DAG(s) 'example_branch_python_operator_decorator' retrieved from /home/airflow/.local/lib/python3.12/site-packages/airflow/example_dags/example_branch_operator_decorator.py
[2025-05-01T11:01:34.894+0000] {logging_mixin.py:188} INFO - [2025-05-01T11:01:34.893+0000] {dag.py:3096} INFO - Sync 1 DAGs
[2025-05-01T11:01:34.953+0000] {logging_mixin.py:188} INFO - [2025-05-01T11:01:34.952+0000] {dag.py:3954} INFO - Setting next_dagrun for example_branch_python_operator_decorator to 2025-04-30 00:00:00+00:00, run_after=2025-05-01 00:00:00+00:00
[2025-05-01T11:01:35.020+0000] {processor.py:183} INFO - Processing /home/airflow/.local/lib/python3.12/site-packages/airflow/example_dags/example_branch_operator_decorator.py took 0.292 seconds
[2025-05-01T11:02:05.260+0000] {processor.py:161} INFO - Started process (PID=1280) to work on /home/airflow/.local/lib/python3.12/site-packages/airflow/example_dags/example_branch_operator_decorator.py
[2025-05-01T11:02:05.262+0000] {processor.py:830} INFO - Processing file /home/airflow/.local/lib/python3.12/site-packages/airflow/example_dags/example_branch_operator_decorator.py for tasks to queue
[2025-05-01T11:02:05.266+0000] {logging_mixin.py:188} INFO - [2025-05-01T11:02:05.265+0000] {dagbag.py:545} INFO - Filling up the DagBag from /home/airflow/.local/lib/python3.12/site-packages/airflow/example_dags/example_branch_operator_decorator.py
[2025-05-01T11:02:05.317+0000] {processor.py:840} INFO - DAG(s) 'example_branch_python_operator_decorator' retrieved from /home/airflow/.local/lib/python3.12/site-packages/airflow/example_dags/example_branch_operator_decorator.py
[2025-05-01T11:02:05.386+0000] {logging_mixin.py:188} INFO - [2025-05-01T11:02:05.385+0000] {dag.py:3096} INFO - Sync 1 DAGs
[2025-05-01T11:02:05.436+0000] {logging_mixin.py:188} INFO - [2025-05-01T11:02:05.435+0000] {dag.py:3954} INFO - Setting next_dagrun for example_branch_python_operator_decorator to 2025-04-30 00:00:00+00:00, run_after=2025-05-01 00:00:00+00:00
[2025-05-01T11:02:05.520+0000] {processor.py:183} INFO - Processing /home/airflow/.local/lib/python3.12/site-packages/airflow/example_dags/example_branch_operator_decorator.py took 0.274 seconds
[2025-05-01T11:02:35.945+0000] {processor.py:161} INFO - Started process (PID=1339) to work on /home/airflow/.local/lib/python3.12/site-packages/airflow/example_dags/example_branch_operator_decorator.py
[2025-05-01T11:02:35.948+0000] {processor.py:830} INFO - Processing file /home/airflow/.local/lib/python3.12/site-packages/airflow/example_dags/example_branch_operator_decorator.py for tasks to queue
[2025-05-01T11:02:35.952+0000] {logging_mixin.py:188} INFO - [2025-05-01T11:02:35.952+0000] {dagbag.py:545} INFO - Filling up the DagBag from /home/airflow/.local/lib/python3.12/site-packages/airflow/example_dags/example_branch_operator_decorator.py
[2025-05-01T11:02:36.004+0000] {processor.py:840} INFO - DAG(s) 'example_branch_python_operator_decorator' retrieved from /home/airflow/.local/lib/python3.12/site-packages/airflow/example_dags/example_branch_operator_decorator.py
[2025-05-01T11:02:36.073+0000] {logging_mixin.py:188} INFO - [2025-05-01T11:02:36.072+0000] {dag.py:3096} INFO - Sync 1 DAGs
[2025-05-01T11:02:36.131+0000] {logging_mixin.py:188} INFO - [2025-05-01T11:02:36.130+0000] {dag.py:3954} INFO - Setting next_dagrun for example_branch_python_operator_decorator to 2025-04-30 00:00:00+00:00, run_after=2025-05-01 00:00:00+00:00
[2025-05-01T11:02:36.181+0000] {processor.py:183} INFO - Processing /home/airflow/.local/lib/python3.12/site-packages/airflow/example_dags/example_branch_operator_decorator.py took 0.250 seconds
[2025-05-01T11:03:07.068+0000] {processor.py:161} INFO - Started process (PID=1398) to work on /home/airflow/.local/lib/python3.12/site-packages/airflow/example_dags/example_branch_operator_decorator.py
[2025-05-01T11:03:07.070+0000] {processor.py:830} INFO - Processing file /home/airflow/.local/lib/python3.12/site-packages/airflow/example_dags/example_branch_operator_decorator.py for tasks to queue
[2025-05-01T11:03:07.074+0000] {logging_mixin.py:188} INFO - [2025-05-01T11:03:07.073+0000] {dagbag.py:545} INFO - Filling up the DagBag from /home/airflow/.local/lib/python3.12/site-packages/airflow/example_dags/example_branch_operator_decorator.py
[2025-05-01T11:03:07.125+0000] {processor.py:840} INFO - DAG(s) 'example_branch_python_operator_decorator' retrieved from /home/airflow/.local/lib/python3.12/site-packages/airflow/example_dags/example_branch_operator_decorator.py
[2025-05-01T11:03:07.200+0000] {logging_mixin.py:188} INFO - [2025-05-01T11:03:07.199+0000] {dag.py:3096} INFO - Sync 1 DAGs
[2025-05-01T11:03:07.274+0000] {logging_mixin.py:188} INFO - [2025-05-01T11:03:07.273+0000] {dag.py:3954} INFO - Setting next_dagrun for example_branch_python_operator_decorator to 2025-04-30 00:00:00+00:00, run_after=2025-05-01 00:00:00+00:00
[2025-05-01T11:03:07.325+0000] {processor.py:183} INFO - Processing /home/airflow/.local/lib/python3.12/site-packages/airflow/example_dags/example_branch_operator_decorator.py took 0.267 seconds
[2025-05-01T11:03:37.888+0000] {processor.py:161} INFO - Started process (PID=1457) to work on /home/airflow/.local/lib/python3.12/site-packages/airflow/example_dags/example_branch_operator_decorator.py
[2025-05-01T11:03:37.891+0000] {processor.py:830} INFO - Processing file /home/airflow/.local/lib/python3.12/site-packages/airflow/example_dags/example_branch_operator_decorator.py for tasks to queue
[2025-05-01T11:03:37.895+0000] {logging_mixin.py:188} INFO - [2025-05-01T11:03:37.894+0000] {dagbag.py:545} INFO - Filling up the DagBag from /home/airflow/.local/lib/python3.12/site-packages/airflow/example_dags/example_branch_operator_decorator.py
[2025-05-01T11:03:37.954+0000] {processor.py:840} INFO - DAG(s) 'example_branch_python_operator_decorator' retrieved from /home/airflow/.local/lib/python3.12/site-packages/airflow/example_dags/example_branch_operator_decorator.py
[2025-05-01T11:03:38.030+0000] {logging_mixin.py:188} INFO - [2025-05-01T11:03:38.029+0000] {dag.py:3096} INFO - Sync 1 DAGs
[2025-05-01T11:03:38.092+0000] {logging_mixin.py:188} INFO - [2025-05-01T11:03:38.092+0000] {dag.py:3954} INFO - Setting next_dagrun for example_branch_python_operator_decorator to 2025-04-30 00:00:00+00:00, run_after=2025-05-01 00:00:00+00:00
[2025-05-01T11:03:38.182+0000] {processor.py:183} INFO - Processing /home/airflow/.local/lib/python3.12/site-packages/airflow/example_dags/example_branch_operator_decorator.py took 0.308 seconds
[2025-05-01T11:04:08.700+0000] {processor.py:161} INFO - Started process (PID=1516) to work on /home/airflow/.local/lib/python3.12/site-packages/airflow/example_dags/example_branch_operator_decorator.py
[2025-05-01T11:04:08.704+0000] {processor.py:830} INFO - Processing file /home/airflow/.local/lib/python3.12/site-packages/airflow/example_dags/example_branch_operator_decorator.py for tasks to queue
[2025-05-01T11:04:08.718+0000] {logging_mixin.py:188} INFO - [2025-05-01T11:04:08.717+0000] {dagbag.py:545} INFO - Filling up the DagBag from /home/airflow/.local/lib/python3.12/site-packages/airflow/example_dags/example_branch_operator_decorator.py
[2025-05-01T11:04:08.822+0000] {processor.py:840} INFO - DAG(s) 'example_branch_python_operator_decorator' retrieved from /home/airflow/.local/lib/python3.12/site-packages/airflow/example_dags/example_branch_operator_decorator.py
[2025-05-01T11:04:08.906+0000] {logging_mixin.py:188} INFO - [2025-05-01T11:04:08.905+0000] {dag.py:3096} INFO - Sync 1 DAGs
[2025-05-01T11:04:08.971+0000] {logging_mixin.py:188} INFO - [2025-05-01T11:04:08.970+0000] {dag.py:3954} INFO - Setting next_dagrun for example_branch_python_operator_decorator to 2025-04-30 00:00:00+00:00, run_after=2025-05-01 00:00:00+00:00
[2025-05-01T11:04:09.070+0000] {processor.py:183} INFO - Processing /home/airflow/.local/lib/python3.12/site-packages/airflow/example_dags/example_branch_operator_decorator.py took 0.410 seconds
[2025-05-01T11:04:39.378+0000] {processor.py:161} INFO - Started process (PID=1575) to work on /home/airflow/.local/lib/python3.12/site-packages/airflow/example_dags/example_branch_operator_decorator.py
[2025-05-01T11:04:39.381+0000] {processor.py:830} INFO - Processing file /home/airflow/.local/lib/python3.12/site-packages/airflow/example_dags/example_branch_operator_decorator.py for tasks to queue
[2025-05-01T11:04:39.386+0000] {logging_mixin.py:188} INFO - [2025-05-01T11:04:39.385+0000] {dagbag.py:545} INFO - Filling up the DagBag from /home/airflow/.local/lib/python3.12/site-packages/airflow/example_dags/example_branch_operator_decorator.py
[2025-05-01T11:04:39.436+0000] {processor.py:840} INFO - DAG(s) 'example_branch_python_operator_decorator' retrieved from /home/airflow/.local/lib/python3.12/site-packages/airflow/example_dags/example_branch_operator_decorator.py
[2025-05-01T11:04:39.505+0000] {logging_mixin.py:188} INFO - [2025-05-01T11:04:39.504+0000] {dag.py:3096} INFO - Sync 1 DAGs
[2025-05-01T11:04:39.563+0000] {logging_mixin.py:188} INFO - [2025-05-01T11:04:39.562+0000] {dag.py:3954} INFO - Setting next_dagrun for example_branch_python_operator_decorator to 2025-04-30 00:00:00+00:00, run_after=2025-05-01 00:00:00+00:00
[2025-05-01T11:04:39.659+0000] {processor.py:183} INFO - Processing /home/airflow/.local/lib/python3.12/site-packages/airflow/example_dags/example_branch_operator_decorator.py took 0.293 seconds
[2025-05-01T11:05:10.340+0000] {processor.py:161} INFO - Started process (PID=1634) to work on /home/airflow/.local/lib/python3.12/site-packages/airflow/example_dags/example_branch_operator_decorator.py
[2025-05-01T11:05:10.343+0000] {processor.py:830} INFO - Processing file /home/airflow/.local/lib/python3.12/site-packages/airflow/example_dags/example_branch_operator_decorator.py for tasks to queue
[2025-05-01T11:05:10.349+0000] {logging_mixin.py:188} INFO - [2025-05-01T11:05:10.347+0000] {dagbag.py:545} INFO - Filling up the DagBag from /home/airflow/.local/lib/python3.12/site-packages/airflow/example_dags/example_branch_operator_decorator.py
[2025-05-01T11:05:10.419+0000] {processor.py:840} INFO - DAG(s) 'example_branch_python_operator_decorator' retrieved from /home/airflow/.local/lib/python3.12/site-packages/airflow/example_dags/example_branch_operator_decorator.py
[2025-05-01T11:05:10.493+0000] {logging_mixin.py:188} INFO - [2025-05-01T11:05:10.492+0000] {dag.py:3096} INFO - Sync 1 DAGs
[2025-05-01T11:05:10.541+0000] {logging_mixin.py:188} INFO - [2025-05-01T11:05:10.540+0000] {dag.py:3954} INFO - Setting next_dagrun for example_branch_python_operator_decorator to 2025-04-30 00:00:00+00:00, run_after=2025-05-01 00:00:00+00:00
[2025-05-01T11:05:10.582+0000] {processor.py:183} INFO - Processing /home/airflow/.local/lib/python3.12/site-packages/airflow/example_dags/example_branch_operator_decorator.py took 0.264 seconds
[2025-05-01T11:05:41.075+0000] {processor.py:161} INFO - Started process (PID=1693) to work on /home/airflow/.local/lib/python3.12/site-packages/airflow/example_dags/example_branch_operator_decorator.py
[2025-05-01T11:05:41.078+0000] {processor.py:830} INFO - Processing file /home/airflow/.local/lib/python3.12/site-packages/airflow/example_dags/example_branch_operator_decorator.py for tasks to queue
[2025-05-01T11:05:41.084+0000] {logging_mixin.py:188} INFO - [2025-05-01T11:05:41.083+0000] {dagbag.py:545} INFO - Filling up the DagBag from /home/airflow/.local/lib/python3.12/site-packages/airflow/example_dags/example_branch_operator_decorator.py
[2025-05-01T11:05:41.139+0000] {processor.py:840} INFO - DAG(s) 'example_branch_python_operator_decorator' retrieved from /home/airflow/.local/lib/python3.12/site-packages/airflow/example_dags/example_branch_operator_decorator.py
[2025-05-01T11:05:41.227+0000] {logging_mixin.py:188} INFO - [2025-05-01T11:05:41.226+0000] {dag.py:3096} INFO - Sync 1 DAGs
[2025-05-01T11:05:41.281+0000] {logging_mixin.py:188} INFO - [2025-05-01T11:05:41.281+0000] {dag.py:3954} INFO - Setting next_dagrun for example_branch_python_operator_decorator to 2025-04-30 00:00:00+00:00, run_after=2025-05-01 00:00:00+00:00
[2025-05-01T11:05:41.330+0000] {processor.py:183} INFO - Processing /home/airflow/.local/lib/python3.12/site-packages/airflow/example_dags/example_branch_operator_decorator.py took 0.270 seconds
[2025-05-01T11:06:11.960+0000] {processor.py:161} INFO - Started process (PID=1752) to work on /home/airflow/.local/lib/python3.12/site-packages/airflow/example_dags/example_branch_operator_decorator.py
[2025-05-01T11:06:11.964+0000] {processor.py:830} INFO - Processing file /home/airflow/.local/lib/python3.12/site-packages/airflow/example_dags/example_branch_operator_decorator.py for tasks to queue
[2025-05-01T11:06:11.971+0000] {logging_mixin.py:188} INFO - [2025-05-01T11:06:11.969+0000] {dagbag.py:545} INFO - Filling up the DagBag from /home/airflow/.local/lib/python3.12/site-packages/airflow/example_dags/example_branch_operator_decorator.py
[2025-05-01T11:06:12.049+0000] {processor.py:840} INFO - DAG(s) 'example_branch_python_operator_decorator' retrieved from /home/airflow/.local/lib/python3.12/site-packages/airflow/example_dags/example_branch_operator_decorator.py
[2025-05-01T11:06:12.148+0000] {logging_mixin.py:188} INFO - [2025-05-01T11:06:12.147+0000] {dag.py:3096} INFO - Sync 1 DAGs
[2025-05-01T11:06:12.221+0000] {logging_mixin.py:188} INFO - [2025-05-01T11:06:12.220+0000] {dag.py:3954} INFO - Setting next_dagrun for example_branch_python_operator_decorator to 2025-04-30 00:00:00+00:00, run_after=2025-05-01 00:00:00+00:00
[2025-05-01T11:06:12.291+0000] {processor.py:183} INFO - Processing /home/airflow/.local/lib/python3.12/site-packages/airflow/example_dags/example_branch_operator_decorator.py took 0.344 seconds
[2025-05-01T11:06:42.612+0000] {processor.py:161} INFO - Started process (PID=1811) to work on /home/airflow/.local/lib/python3.12/site-packages/airflow/example_dags/example_branch_operator_decorator.py
[2025-05-01T11:06:42.614+0000] {processor.py:830} INFO - Processing file /home/airflow/.local/lib/python3.12/site-packages/airflow/example_dags/example_branch_operator_decorator.py for tasks to queue
[2025-05-01T11:06:42.618+0000] {logging_mixin.py:188} INFO - [2025-05-01T11:06:42.617+0000] {dagbag.py:545} INFO - Filling up the DagBag from /home/airflow/.local/lib/python3.12/site-packages/airflow/example_dags/example_branch_operator_decorator.py
[2025-05-01T11:06:42.658+0000] {processor.py:840} INFO - DAG(s) 'example_branch_python_operator_decorator' retrieved from /home/airflow/.local/lib/python3.12/site-packages/airflow/example_dags/example_branch_operator_decorator.py
[2025-05-01T11:06:42.718+0000] {logging_mixin.py:188} INFO - [2025-05-01T11:06:42.717+0000] {dag.py:3096} INFO - Sync 1 DAGs
[2025-05-01T11:06:42.766+0000] {logging_mixin.py:188} INFO - [2025-05-01T11:06:42.765+0000] {dag.py:3954} INFO - Setting next_dagrun for example_branch_python_operator_decorator to 2025-04-30 00:00:00+00:00, run_after=2025-05-01 00:00:00+00:00
[2025-05-01T11:06:43.036+0000] {processor.py:183} INFO - Processing /home/airflow/.local/lib/python3.12/site-packages/airflow/example_dags/example_branch_operator_decorator.py took 0.434 seconds
[2025-05-01T11:07:13.155+0000] {processor.py:161} INFO - Started process (PID=1870) to work on /home/airflow/.local/lib/python3.12/site-packages/airflow/example_dags/example_branch_operator_decorator.py
[2025-05-01T11:07:13.157+0000] {processor.py:830} INFO - Processing file /home/airflow/.local/lib/python3.12/site-packages/airflow/example_dags/example_branch_operator_decorator.py for tasks to queue
[2025-05-01T11:07:13.160+0000] {logging_mixin.py:188} INFO - [2025-05-01T11:07:13.160+0000] {dagbag.py:545} INFO - Filling up the DagBag from /home/airflow/.local/lib/python3.12/site-packages/airflow/example_dags/example_branch_operator_decorator.py
[2025-05-01T11:07:13.207+0000] {processor.py:840} INFO - DAG(s) 'example_branch_python_operator_decorator' retrieved from /home/airflow/.local/lib/python3.12/site-packages/airflow/example_dags/example_branch_operator_decorator.py
[2025-05-01T11:07:13.271+0000] {logging_mixin.py:188} INFO - [2025-05-01T11:07:13.271+0000] {dag.py:3096} INFO - Sync 1 DAGs
[2025-05-01T11:07:13.336+0000] {logging_mixin.py:188} INFO - [2025-05-01T11:07:13.334+0000] {dag.py:3954} INFO - Setting next_dagrun for example_branch_python_operator_decorator to 2025-04-30 00:00:00+00:00, run_after=2025-05-01 00:00:00+00:00
[2025-05-01T11:07:13.422+0000] {processor.py:183} INFO - Processing /home/airflow/.local/lib/python3.12/site-packages/airflow/example_dags/example_branch_operator_decorator.py took 0.277 seconds
[2025-05-01T11:07:45.542+0000] {processor.py:161} INFO - Started process (PID=1929) to work on /home/airflow/.local/lib/python3.12/site-packages/airflow/example_dags/example_branch_operator_decorator.py
[2025-05-01T11:07:45.545+0000] {processor.py:830} INFO - Processing file /home/airflow/.local/lib/python3.12/site-packages/airflow/example_dags/example_branch_operator_decorator.py for tasks to queue
[2025-05-01T11:07:45.549+0000] {logging_mixin.py:188} INFO - [2025-05-01T11:07:45.548+0000] {dagbag.py:545} INFO - Filling up the DagBag from /home/airflow/.local/lib/python3.12/site-packages/airflow/example_dags/example_branch_operator_decorator.py
[2025-05-01T11:07:45.591+0000] {processor.py:840} INFO - DAG(s) 'example_branch_python_operator_decorator' retrieved from /home/airflow/.local/lib/python3.12/site-packages/airflow/example_dags/example_branch_operator_decorator.py
[2025-05-01T11:07:45.663+0000] {logging_mixin.py:188} INFO - [2025-05-01T11:07:45.663+0000] {dag.py:3096} INFO - Sync 1 DAGs
[2025-05-01T11:07:45.716+0000] {logging_mixin.py:188} INFO - [2025-05-01T11:07:45.715+0000] {dag.py:3954} INFO - Setting next_dagrun for example_branch_python_operator_decorator to 2025-04-30 00:00:00+00:00, run_after=2025-05-01 00:00:00+00:00
[2025-05-01T11:07:45.762+0000] {processor.py:183} INFO - Processing /home/airflow/.local/lib/python3.12/site-packages/airflow/example_dags/example_branch_operator_decorator.py took 0.231 seconds
[2025-05-01T11:08:17.684+0000] {processor.py:161} INFO - Started process (PID=1988) to work on /home/airflow/.local/lib/python3.12/site-packages/airflow/example_dags/example_branch_operator_decorator.py
[2025-05-01T11:08:17.686+0000] {processor.py:830} INFO - Processing file /home/airflow/.local/lib/python3.12/site-packages/airflow/example_dags/example_branch_operator_decorator.py for tasks to queue
[2025-05-01T11:08:17.690+0000] {logging_mixin.py:188} INFO - [2025-05-01T11:08:17.690+0000] {dagbag.py:545} INFO - Filling up the DagBag from /home/airflow/.local/lib/python3.12/site-packages/airflow/example_dags/example_branch_operator_decorator.py
[2025-05-01T11:08:17.735+0000] {processor.py:840} INFO - DAG(s) 'example_branch_python_operator_decorator' retrieved from /home/airflow/.local/lib/python3.12/site-packages/airflow/example_dags/example_branch_operator_decorator.py
[2025-05-01T11:08:18.088+0000] {logging_mixin.py:188} INFO - [2025-05-01T11:08:18.088+0000] {dag.py:3096} INFO - Sync 1 DAGs
[2025-05-01T11:08:18.139+0000] {logging_mixin.py:188} INFO - [2025-05-01T11:08:18.139+0000] {dag.py:3954} INFO - Setting next_dagrun for example_branch_python_operator_decorator to 2025-04-30 00:00:00+00:00, run_after=2025-05-01 00:00:00+00:00
[2025-05-01T11:08:18.184+0000] {processor.py:183} INFO - Processing /home/airflow/.local/lib/python3.12/site-packages/airflow/example_dags/example_branch_operator_decorator.py took 0.512 seconds
[2025-05-01T11:08:48.830+0000] {processor.py:161} INFO - Started process (PID=2047) to work on /home/airflow/.local/lib/python3.12/site-packages/airflow/example_dags/example_branch_operator_decorator.py
[2025-05-01T11:08:48.833+0000] {processor.py:830} INFO - Processing file /home/airflow/.local/lib/python3.12/site-packages/airflow/example_dags/example_branch_operator_decorator.py for tasks to queue
[2025-05-01T11:08:48.838+0000] {logging_mixin.py:188} INFO - [2025-05-01T11:08:48.837+0000] {dagbag.py:545} INFO - Filling up the DagBag from /home/airflow/.local/lib/python3.12/site-packages/airflow/example_dags/example_branch_operator_decorator.py
[2025-05-01T11:08:48.891+0000] {processor.py:840} INFO - DAG(s) 'example_branch_python_operator_decorator' retrieved from /home/airflow/.local/lib/python3.12/site-packages/airflow/example_dags/example_branch_operator_decorator.py
[2025-05-01T11:08:48.974+0000] {logging_mixin.py:188} INFO - [2025-05-01T11:08:48.973+0000] {dag.py:3096} INFO - Sync 1 DAGs
[2025-05-01T11:08:49.040+0000] {logging_mixin.py:188} INFO - [2025-05-01T11:08:49.040+0000] {dag.py:3954} INFO - Setting next_dagrun for example_branch_python_operator_decorator to 2025-04-30 00:00:00+00:00, run_after=2025-05-01 00:00:00+00:00
[2025-05-01T11:08:49.092+0000] {processor.py:183} INFO - Processing /home/airflow/.local/lib/python3.12/site-packages/airflow/example_dags/example_branch_operator_decorator.py took 0.275 seconds
[2025-05-01T11:09:19.950+0000] {processor.py:161} INFO - Started process (PID=2106) to work on /home/airflow/.local/lib/python3.12/site-packages/airflow/example_dags/example_branch_operator_decorator.py
[2025-05-01T11:09:19.953+0000] {processor.py:830} INFO - Processing file /home/airflow/.local/lib/python3.12/site-packages/airflow/example_dags/example_branch_operator_decorator.py for tasks to queue
[2025-05-01T11:09:19.958+0000] {logging_mixin.py:188} INFO - [2025-05-01T11:09:19.957+0000] {dagbag.py:545} INFO - Filling up the DagBag from /home/airflow/.local/lib/python3.12/site-packages/airflow/example_dags/example_branch_operator_decorator.py
[2025-05-01T11:09:20.025+0000] {processor.py:840} INFO - DAG(s) 'example_branch_python_operator_decorator' retrieved from /home/airflow/.local/lib/python3.12/site-packages/airflow/example_dags/example_branch_operator_decorator.py
[2025-05-01T11:09:20.108+0000] {logging_mixin.py:188} INFO - [2025-05-01T11:09:20.108+0000] {dag.py:3096} INFO - Sync 1 DAGs
[2025-05-01T11:09:20.165+0000] {logging_mixin.py:188} INFO - [2025-05-01T11:09:20.164+0000] {dag.py:3954} INFO - Setting next_dagrun for example_branch_python_operator_decorator to 2025-04-30 00:00:00+00:00, run_after=2025-05-01 00:00:00+00:00
[2025-05-01T11:09:20.264+0000] {processor.py:183} INFO - Processing /home/airflow/.local/lib/python3.12/site-packages/airflow/example_dags/example_branch_operator_decorator.py took 0.329 seconds
[2025-05-01T11:09:51.005+0000] {processor.py:161} INFO - Started process (PID=2165) to work on /home/airflow/.local/lib/python3.12/site-packages/airflow/example_dags/example_branch_operator_decorator.py
[2025-05-01T11:09:51.008+0000] {processor.py:830} INFO - Processing file /home/airflow/.local/lib/python3.12/site-packages/airflow/example_dags/example_branch_operator_decorator.py for tasks to queue
[2025-05-01T11:09:51.013+0000] {logging_mixin.py:188} INFO - [2025-05-01T11:09:51.012+0000] {dagbag.py:545} INFO - Filling up the DagBag from /home/airflow/.local/lib/python3.12/site-packages/airflow/example_dags/example_branch_operator_decorator.py
[2025-05-01T11:09:51.063+0000] {processor.py:840} INFO - DAG(s) 'example_branch_python_operator_decorator' retrieved from /home/airflow/.local/lib/python3.12/site-packages/airflow/example_dags/example_branch_operator_decorator.py
[2025-05-01T11:09:51.137+0000] {logging_mixin.py:188} INFO - [2025-05-01T11:09:51.136+0000] {dag.py:3096} INFO - Sync 1 DAGs
[2025-05-01T11:09:51.198+0000] {logging_mixin.py:188} INFO - [2025-05-01T11:09:51.197+0000] {dag.py:3954} INFO - Setting next_dagrun for example_branch_python_operator_decorator to 2025-04-30 00:00:00+00:00, run_after=2025-05-01 00:00:00+00:00
[2025-05-01T11:09:51.290+0000] {processor.py:183} INFO - Processing /home/airflow/.local/lib/python3.12/site-packages/airflow/example_dags/example_branch_operator_decorator.py took 0.297 seconds
[2025-05-01T11:10:21.993+0000] {processor.py:161} INFO - Started process (PID=2224) to work on /home/airflow/.local/lib/python3.12/site-packages/airflow/example_dags/example_branch_operator_decorator.py
[2025-05-01T11:10:21.996+0000] {processor.py:830} INFO - Processing file /home/airflow/.local/lib/python3.12/site-packages/airflow/example_dags/example_branch_operator_decorator.py for tasks to queue
[2025-05-01T11:10:22.005+0000] {logging_mixin.py:188} INFO - [2025-05-01T11:10:22.004+0000] {dagbag.py:545} INFO - Filling up the DagBag from /home/airflow/.local/lib/python3.12/site-packages/airflow/example_dags/example_branch_operator_decorator.py
[2025-05-01T11:10:22.083+0000] {processor.py:840} INFO - DAG(s) 'example_branch_python_operator_decorator' retrieved from /home/airflow/.local/lib/python3.12/site-packages/airflow/example_dags/example_branch_operator_decorator.py
[2025-05-01T11:10:22.181+0000] {logging_mixin.py:188} INFO - [2025-05-01T11:10:22.180+0000] {dag.py:3096} INFO - Sync 1 DAGs
[2025-05-01T11:10:22.257+0000] {logging_mixin.py:188} INFO - [2025-05-01T11:10:22.257+0000] {dag.py:3954} INFO - Setting next_dagrun for example_branch_python_operator_decorator to 2025-04-30 00:00:00+00:00, run_after=2025-05-01 00:00:00+00:00
[2025-05-01T11:10:22.350+0000] {processor.py:183} INFO - Processing /home/airflow/.local/lib/python3.12/site-packages/airflow/example_dags/example_branch_operator_decorator.py took 0.379 seconds
[2025-05-01T11:10:53.111+0000] {processor.py:161} INFO - Started process (PID=2283) to work on /home/airflow/.local/lib/python3.12/site-packages/airflow/example_dags/example_branch_operator_decorator.py
[2025-05-01T11:10:53.113+0000] {processor.py:830} INFO - Processing file /home/airflow/.local/lib/python3.12/site-packages/airflow/example_dags/example_branch_operator_decorator.py for tasks to queue
[2025-05-01T11:10:53.118+0000] {logging_mixin.py:188} INFO - [2025-05-01T11:10:53.117+0000] {dagbag.py:545} INFO - Filling up the DagBag from /home/airflow/.local/lib/python3.12/site-packages/airflow/example_dags/example_branch_operator_decorator.py
[2025-05-01T11:10:53.184+0000] {processor.py:840} INFO - DAG(s) 'example_branch_python_operator_decorator' retrieved from /home/airflow/.local/lib/python3.12/site-packages/airflow/example_dags/example_branch_operator_decorator.py
[2025-05-01T11:10:53.292+0000] {logging_mixin.py:188} INFO - [2025-05-01T11:10:53.291+0000] {dag.py:3096} INFO - Sync 1 DAGs
[2025-05-01T11:10:53.344+0000] {logging_mixin.py:188} INFO - [2025-05-01T11:10:53.343+0000] {dag.py:3954} INFO - Setting next_dagrun for example_branch_python_operator_decorator to 2025-04-30 00:00:00+00:00, run_after=2025-05-01 00:00:00+00:00
[2025-05-01T11:10:53.385+0000] {processor.py:183} INFO - Processing /home/airflow/.local/lib/python3.12/site-packages/airflow/example_dags/example_branch_operator_decorator.py took 0.289 seconds
[2025-05-01T11:11:23.696+0000] {processor.py:161} INFO - Started process (PID=2342) to work on /home/airflow/.local/lib/python3.12/site-packages/airflow/example_dags/example_branch_operator_decorator.py
[2025-05-01T11:11:23.699+0000] {processor.py:830} INFO - Processing file /home/airflow/.local/lib/python3.12/site-packages/airflow/example_dags/example_branch_operator_decorator.py for tasks to queue
[2025-05-01T11:11:23.703+0000] {logging_mixin.py:188} INFO - [2025-05-01T11:11:23.702+0000] {dagbag.py:545} INFO - Filling up the DagBag from /home/airflow/.local/lib/python3.12/site-packages/airflow/example_dags/example_branch_operator_decorator.py
[2025-05-01T11:11:23.762+0000] {processor.py:840} INFO - DAG(s) 'example_branch_python_operator_decorator' retrieved from /home/airflow/.local/lib/python3.12/site-packages/airflow/example_dags/example_branch_operator_decorator.py
[2025-05-01T11:11:23.874+0000] {logging_mixin.py:188} INFO - [2025-05-01T11:11:23.873+0000] {dag.py:3096} INFO - Sync 1 DAGs
[2025-05-01T11:11:23.957+0000] {logging_mixin.py:188} INFO - [2025-05-01T11:11:23.956+0000] {dag.py:3954} INFO - Setting next_dagrun for example_branch_python_operator_decorator to 2025-04-30 00:00:00+00:00, run_after=2025-05-01 00:00:00+00:00
[2025-05-01T11:11:24.010+0000] {processor.py:183} INFO - Processing /home/airflow/.local/lib/python3.12/site-packages/airflow/example_dags/example_branch_operator_decorator.py took 0.325 seconds
[2025-05-01T11:11:54.147+0000] {processor.py:161} INFO - Started process (PID=2405) to work on /home/airflow/.local/lib/python3.12/site-packages/airflow/example_dags/example_branch_operator_decorator.py
[2025-05-01T11:11:54.149+0000] {processor.py:830} INFO - Processing file /home/airflow/.local/lib/python3.12/site-packages/airflow/example_dags/example_branch_operator_decorator.py for tasks to queue
[2025-05-01T11:11:54.154+0000] {logging_mixin.py:188} INFO - [2025-05-01T11:11:54.153+0000] {dagbag.py:545} INFO - Filling up the DagBag from /home/airflow/.local/lib/python3.12/site-packages/airflow/example_dags/example_branch_operator_decorator.py
[2025-05-01T11:11:54.193+0000] {processor.py:840} INFO - DAG(s) 'example_branch_python_operator_decorator' retrieved from /home/airflow/.local/lib/python3.12/site-packages/airflow/example_dags/example_branch_operator_decorator.py
[2025-05-01T11:11:54.252+0000] {logging_mixin.py:188} INFO - [2025-05-01T11:11:54.252+0000] {dag.py:3096} INFO - Sync 1 DAGs
[2025-05-01T11:11:54.300+0000] {logging_mixin.py:188} INFO - [2025-05-01T11:11:54.300+0000] {dag.py:3954} INFO - Setting next_dagrun for example_branch_python_operator_decorator to 2025-04-30 00:00:00+00:00, run_after=2025-05-01 00:00:00+00:00
[2025-05-01T11:11:54.383+0000] {processor.py:183} INFO - Processing /home/airflow/.local/lib/python3.12/site-packages/airflow/example_dags/example_branch_operator_decorator.py took 0.248 seconds
[2025-05-01T11:12:24.505+0000] {processor.py:161} INFO - Started process (PID=2464) to work on /home/airflow/.local/lib/python3.12/site-packages/airflow/example_dags/example_branch_operator_decorator.py
[2025-05-01T11:12:24.508+0000] {processor.py:830} INFO - Processing file /home/airflow/.local/lib/python3.12/site-packages/airflow/example_dags/example_branch_operator_decorator.py for tasks to queue
[2025-05-01T11:12:24.514+0000] {logging_mixin.py:188} INFO - [2025-05-01T11:12:24.513+0000] {dagbag.py:545} INFO - Filling up the DagBag from /home/airflow/.local/lib/python3.12/site-packages/airflow/example_dags/example_branch_operator_decorator.py
[2025-05-01T11:12:24.572+0000] {processor.py:840} INFO - DAG(s) 'example_branch_python_operator_decorator' retrieved from /home/airflow/.local/lib/python3.12/site-packages/airflow/example_dags/example_branch_operator_decorator.py
[2025-05-01T11:12:24.660+0000] {logging_mixin.py:188} INFO - [2025-05-01T11:12:24.659+0000] {dag.py:3096} INFO - Sync 1 DAGs
[2025-05-01T11:12:24.734+0000] {logging_mixin.py:188} INFO - [2025-05-01T11:12:24.733+0000] {dag.py:3954} INFO - Setting next_dagrun for example_branch_python_operator_decorator to 2025-04-30 00:00:00+00:00, run_after=2025-05-01 00:00:00+00:00
[2025-05-01T11:12:24.788+0000] {processor.py:183} INFO - Processing /home/airflow/.local/lib/python3.12/site-packages/airflow/example_dags/example_branch_operator_decorator.py took 0.297 seconds
[2025-05-01T11:12:55.057+0000] {processor.py:161} INFO - Started process (PID=2523) to work on /home/airflow/.local/lib/python3.12/site-packages/airflow/example_dags/example_branch_operator_decorator.py
[2025-05-01T11:12:55.060+0000] {processor.py:830} INFO - Processing file /home/airflow/.local/lib/python3.12/site-packages/airflow/example_dags/example_branch_operator_decorator.py for tasks to queue
[2025-05-01T11:12:55.065+0000] {logging_mixin.py:188} INFO - [2025-05-01T11:12:55.064+0000] {dagbag.py:545} INFO - Filling up the DagBag from /home/airflow/.local/lib/python3.12/site-packages/airflow/example_dags/example_branch_operator_decorator.py
[2025-05-01T11:12:55.110+0000] {processor.py:840} INFO - DAG(s) 'example_branch_python_operator_decorator' retrieved from /home/airflow/.local/lib/python3.12/site-packages/airflow/example_dags/example_branch_operator_decorator.py
[2025-05-01T11:12:55.182+0000] {logging_mixin.py:188} INFO - [2025-05-01T11:12:55.181+0000] {dag.py:3096} INFO - Sync 1 DAGs
[2025-05-01T11:12:55.236+0000] {logging_mixin.py:188} INFO - [2025-05-01T11:12:55.235+0000] {dag.py:3954} INFO - Setting next_dagrun for example_branch_python_operator_decorator to 2025-04-30 00:00:00+00:00, run_after=2025-05-01 00:00:00+00:00
[2025-05-01T11:12:55.326+0000] {processor.py:183} INFO - Processing /home/airflow/.local/lib/python3.12/site-packages/airflow/example_dags/example_branch_operator_decorator.py took 0.282 seconds
[2025-05-01T11:13:26.267+0000] {processor.py:161} INFO - Started process (PID=2582) to work on /home/airflow/.local/lib/python3.12/site-packages/airflow/example_dags/example_branch_operator_decorator.py
[2025-05-01T11:13:26.269+0000] {processor.py:830} INFO - Processing file /home/airflow/.local/lib/python3.12/site-packages/airflow/example_dags/example_branch_operator_decorator.py for tasks to queue
[2025-05-01T11:13:26.273+0000] {logging_mixin.py:188} INFO - [2025-05-01T11:13:26.272+0000] {dagbag.py:545} INFO - Filling up the DagBag from /home/airflow/.local/lib/python3.12/site-packages/airflow/example_dags/example_branch_operator_decorator.py
[2025-05-01T11:13:26.317+0000] {processor.py:840} INFO - DAG(s) 'example_branch_python_operator_decorator' retrieved from /home/airflow/.local/lib/python3.12/site-packages/airflow/example_dags/example_branch_operator_decorator.py
[2025-05-01T11:13:26.382+0000] {logging_mixin.py:188} INFO - [2025-05-01T11:13:26.381+0000] {dag.py:3096} INFO - Sync 1 DAGs
[2025-05-01T11:13:26.436+0000] {logging_mixin.py:188} INFO - [2025-05-01T11:13:26.435+0000] {dag.py:3954} INFO - Setting next_dagrun for example_branch_python_operator_decorator to 2025-04-30 00:00:00+00:00, run_after=2025-05-01 00:00:00+00:00
[2025-05-01T11:13:26.560+0000] {processor.py:183} INFO - Processing /home/airflow/.local/lib/python3.12/site-packages/airflow/example_dags/example_branch_operator_decorator.py took 0.305 seconds
[2025-05-01T11:13:56.826+0000] {processor.py:161} INFO - Started process (PID=2641) to work on /home/airflow/.local/lib/python3.12/site-packages/airflow/example_dags/example_branch_operator_decorator.py
[2025-05-01T11:13:56.829+0000] {processor.py:830} INFO - Processing file /home/airflow/.local/lib/python3.12/site-packages/airflow/example_dags/example_branch_operator_decorator.py for tasks to queue
[2025-05-01T11:13:56.834+0000] {logging_mixin.py:188} INFO - [2025-05-01T11:13:56.833+0000] {dagbag.py:545} INFO - Filling up the DagBag from /home/airflow/.local/lib/python3.12/site-packages/airflow/example_dags/example_branch_operator_decorator.py
[2025-05-01T11:13:56.888+0000] {processor.py:840} INFO - DAG(s) 'example_branch_python_operator_decorator' retrieved from /home/airflow/.local/lib/python3.12/site-packages/airflow/example_dags/example_branch_operator_decorator.py
[2025-05-01T11:13:56.972+0000] {logging_mixin.py:188} INFO - [2025-05-01T11:13:56.971+0000] {dag.py:3096} INFO - Sync 1 DAGs
[2025-05-01T11:13:57.041+0000] {logging_mixin.py:188} INFO - [2025-05-01T11:13:57.041+0000] {dag.py:3954} INFO - Setting next_dagrun for example_branch_python_operator_decorator to 2025-04-30 00:00:00+00:00, run_after=2025-05-01 00:00:00+00:00
[2025-05-01T11:13:57.100+0000] {processor.py:183} INFO - Processing /home/airflow/.local/lib/python3.12/site-packages/airflow/example_dags/example_branch_operator_decorator.py took 0.289 seconds
[2025-05-01T11:14:27.360+0000] {processor.py:161} INFO - Started process (PID=2700) to work on /home/airflow/.local/lib/python3.12/site-packages/airflow/example_dags/example_branch_operator_decorator.py
[2025-05-01T11:14:27.363+0000] {processor.py:830} INFO - Processing file /home/airflow/.local/lib/python3.12/site-packages/airflow/example_dags/example_branch_operator_decorator.py for tasks to queue
[2025-05-01T11:14:27.368+0000] {logging_mixin.py:188} INFO - [2025-05-01T11:14:27.367+0000] {dagbag.py:545} INFO - Filling up the DagBag from /home/airflow/.local/lib/python3.12/site-packages/airflow/example_dags/example_branch_operator_decorator.py
[2025-05-01T11:14:27.421+0000] {processor.py:840} INFO - DAG(s) 'example_branch_python_operator_decorator' retrieved from /home/airflow/.local/lib/python3.12/site-packages/airflow/example_dags/example_branch_operator_decorator.py
[2025-05-01T11:14:27.503+0000] {logging_mixin.py:188} INFO - [2025-05-01T11:14:27.503+0000] {dag.py:3096} INFO - Sync 1 DAGs
[2025-05-01T11:14:27.568+0000] {logging_mixin.py:188} INFO - [2025-05-01T11:14:27.567+0000] {dag.py:3954} INFO - Setting next_dagrun for example_branch_python_operator_decorator to 2025-04-30 00:00:00+00:00, run_after=2025-05-01 00:00:00+00:00
[2025-05-01T11:14:27.621+0000] {processor.py:183} INFO - Processing /home/airflow/.local/lib/python3.12/site-packages/airflow/example_dags/example_branch_operator_decorator.py took 0.276 seconds
[2025-05-01T11:14:58.622+0000] {processor.py:161} INFO - Started process (PID=2759) to work on /home/airflow/.local/lib/python3.12/site-packages/airflow/example_dags/example_branch_operator_decorator.py
[2025-05-01T11:14:58.625+0000] {processor.py:830} INFO - Processing file /home/airflow/.local/lib/python3.12/site-packages/airflow/example_dags/example_branch_operator_decorator.py for tasks to queue
[2025-05-01T11:14:58.630+0000] {logging_mixin.py:188} INFO - [2025-05-01T11:14:58.629+0000] {dagbag.py:545} INFO - Filling up the DagBag from /home/airflow/.local/lib/python3.12/site-packages/airflow/example_dags/example_branch_operator_decorator.py
[2025-05-01T11:14:58.681+0000] {processor.py:840} INFO - DAG(s) 'example_branch_python_operator_decorator' retrieved from /home/airflow/.local/lib/python3.12/site-packages/airflow/example_dags/example_branch_operator_decorator.py
[2025-05-01T11:14:58.763+0000] {logging_mixin.py:188} INFO - [2025-05-01T11:14:58.762+0000] {dag.py:3096} INFO - Sync 1 DAGs
[2025-05-01T11:14:58.849+0000] {logging_mixin.py:188} INFO - [2025-05-01T11:14:58.847+0000] {dag.py:3954} INFO - Setting next_dagrun for example_branch_python_operator_decorator to 2025-04-30 00:00:00+00:00, run_after=2025-05-01 00:00:00+00:00
[2025-05-01T11:14:58.923+0000] {processor.py:183} INFO - Processing /home/airflow/.local/lib/python3.12/site-packages/airflow/example_dags/example_branch_operator_decorator.py took 0.314 seconds
[2025-05-01T11:15:29.224+0000] {processor.py:161} INFO - Started process (PID=2818) to work on /home/airflow/.local/lib/python3.12/site-packages/airflow/example_dags/example_branch_operator_decorator.py
[2025-05-01T11:15:29.227+0000] {processor.py:830} INFO - Processing file /home/airflow/.local/lib/python3.12/site-packages/airflow/example_dags/example_branch_operator_decorator.py for tasks to queue
[2025-05-01T11:15:29.232+0000] {logging_mixin.py:188} INFO - [2025-05-01T11:15:29.231+0000] {dagbag.py:545} INFO - Filling up the DagBag from /home/airflow/.local/lib/python3.12/site-packages/airflow/example_dags/example_branch_operator_decorator.py
[2025-05-01T11:15:29.298+0000] {processor.py:840} INFO - DAG(s) 'example_branch_python_operator_decorator' retrieved from /home/airflow/.local/lib/python3.12/site-packages/airflow/example_dags/example_branch_operator_decorator.py
[2025-05-01T11:15:29.384+0000] {logging_mixin.py:188} INFO - [2025-05-01T11:15:29.383+0000] {dag.py:3096} INFO - Sync 1 DAGs
[2025-05-01T11:15:29.466+0000] {logging_mixin.py:188} INFO - [2025-05-01T11:15:29.465+0000] {dag.py:3954} INFO - Setting next_dagrun for example_branch_python_operator_decorator to 2025-04-30 00:00:00+00:00, run_after=2025-05-01 00:00:00+00:00
[2025-05-01T11:15:29.552+0000] {processor.py:183} INFO - Processing /home/airflow/.local/lib/python3.12/site-packages/airflow/example_dags/example_branch_operator_decorator.py took 0.344 seconds
[2025-05-01T11:15:59.889+0000] {processor.py:161} INFO - Started process (PID=2877) to work on /home/airflow/.local/lib/python3.12/site-packages/airflow/example_dags/example_branch_operator_decorator.py
[2025-05-01T11:15:59.892+0000] {processor.py:830} INFO - Processing file /home/airflow/.local/lib/python3.12/site-packages/airflow/example_dags/example_branch_operator_decorator.py for tasks to queue
[2025-05-01T11:15:59.896+0000] {logging_mixin.py:188} INFO - [2025-05-01T11:15:59.895+0000] {dagbag.py:545} INFO - Filling up the DagBag from /home/airflow/.local/lib/python3.12/site-packages/airflow/example_dags/example_branch_operator_decorator.py
[2025-05-01T11:15:59.945+0000] {processor.py:840} INFO - DAG(s) 'example_branch_python_operator_decorator' retrieved from /home/airflow/.local/lib/python3.12/site-packages/airflow/example_dags/example_branch_operator_decorator.py
[2025-05-01T11:16:00.029+0000] {logging_mixin.py:188} INFO - [2025-05-01T11:16:00.028+0000] {dag.py:3096} INFO - Sync 1 DAGs
[2025-05-01T11:16:00.092+0000] {logging_mixin.py:188} INFO - [2025-05-01T11:16:00.091+0000] {dag.py:3954} INFO - Setting next_dagrun for example_branch_python_operator_decorator to 2025-04-30 00:00:00+00:00, run_after=2025-05-01 00:00:00+00:00
[2025-05-01T11:16:00.159+0000] {processor.py:183} INFO - Processing /home/airflow/.local/lib/python3.12/site-packages/airflow/example_dags/example_branch_operator_decorator.py took 0.282 seconds
[2025-05-01T11:16:30.567+0000] {processor.py:161} INFO - Started process (PID=2936) to work on /home/airflow/.local/lib/python3.12/site-packages/airflow/example_dags/example_branch_operator_decorator.py
[2025-05-01T11:16:30.569+0000] {processor.py:830} INFO - Processing file /home/airflow/.local/lib/python3.12/site-packages/airflow/example_dags/example_branch_operator_decorator.py for tasks to queue
[2025-05-01T11:16:30.575+0000] {logging_mixin.py:188} INFO - [2025-05-01T11:16:30.574+0000] {dagbag.py:545} INFO - Filling up the DagBag from /home/airflow/.local/lib/python3.12/site-packages/airflow/example_dags/example_branch_operator_decorator.py
[2025-05-01T11:16:30.646+0000] {processor.py:840} INFO - DAG(s) 'example_branch_python_operator_decorator' retrieved from /home/airflow/.local/lib/python3.12/site-packages/airflow/example_dags/example_branch_operator_decorator.py
[2025-05-01T11:16:30.725+0000] {logging_mixin.py:188} INFO - [2025-05-01T11:16:30.724+0000] {dag.py:3096} INFO - Sync 1 DAGs
[2025-05-01T11:16:30.781+0000] {logging_mixin.py:188} INFO - [2025-05-01T11:16:30.780+0000] {dag.py:3954} INFO - Setting next_dagrun for example_branch_python_operator_decorator to 2025-04-30 00:00:00+00:00, run_after=2025-05-01 00:00:00+00:00
[2025-05-01T11:16:30.842+0000] {processor.py:183} INFO - Processing /home/airflow/.local/lib/python3.12/site-packages/airflow/example_dags/example_branch_operator_decorator.py took 0.289 seconds
[2025-05-01T11:17:01.119+0000] {processor.py:161} INFO - Started process (PID=2996) to work on /home/airflow/.local/lib/python3.12/site-packages/airflow/example_dags/example_branch_operator_decorator.py
[2025-05-01T11:17:01.121+0000] {processor.py:830} INFO - Processing file /home/airflow/.local/lib/python3.12/site-packages/airflow/example_dags/example_branch_operator_decorator.py for tasks to queue
[2025-05-01T11:17:01.125+0000] {logging_mixin.py:188} INFO - [2025-05-01T11:17:01.125+0000] {dagbag.py:545} INFO - Filling up the DagBag from /home/airflow/.local/lib/python3.12/site-packages/airflow/example_dags/example_branch_operator_decorator.py
[2025-05-01T11:17:01.182+0000] {processor.py:840} INFO - DAG(s) 'example_branch_python_operator_decorator' retrieved from /home/airflow/.local/lib/python3.12/site-packages/airflow/example_dags/example_branch_operator_decorator.py
[2025-05-01T11:17:01.254+0000] {logging_mixin.py:188} INFO - [2025-05-01T11:17:01.254+0000] {dag.py:3096} INFO - Sync 1 DAGs
[2025-05-01T11:17:01.313+0000] {logging_mixin.py:188} INFO - [2025-05-01T11:17:01.313+0000] {dag.py:3954} INFO - Setting next_dagrun for example_branch_python_operator_decorator to 2025-04-30 00:00:00+00:00, run_after=2025-05-01 00:00:00+00:00
[2025-05-01T11:17:01.408+0000] {processor.py:183} INFO - Processing /home/airflow/.local/lib/python3.12/site-packages/airflow/example_dags/example_branch_operator_decorator.py took 0.302 seconds
[2025-05-01T11:17:31.895+0000] {processor.py:161} INFO - Started process (PID=3055) to work on /home/airflow/.local/lib/python3.12/site-packages/airflow/example_dags/example_branch_operator_decorator.py
[2025-05-01T11:17:31.897+0000] {processor.py:830} INFO - Processing file /home/airflow/.local/lib/python3.12/site-packages/airflow/example_dags/example_branch_operator_decorator.py for tasks to queue
[2025-05-01T11:17:31.903+0000] {logging_mixin.py:188} INFO - [2025-05-01T11:17:31.902+0000] {dagbag.py:545} INFO - Filling up the DagBag from /home/airflow/.local/lib/python3.12/site-packages/airflow/example_dags/example_branch_operator_decorator.py
[2025-05-01T11:17:31.956+0000] {processor.py:840} INFO - DAG(s) 'example_branch_python_operator_decorator' retrieved from /home/airflow/.local/lib/python3.12/site-packages/airflow/example_dags/example_branch_operator_decorator.py
[2025-05-01T11:17:32.042+0000] {logging_mixin.py:188} INFO - [2025-05-01T11:17:32.041+0000] {dag.py:3096} INFO - Sync 1 DAGs
[2025-05-01T11:17:32.124+0000] {logging_mixin.py:188} INFO - [2025-05-01T11:17:32.123+0000] {dag.py:3954} INFO - Setting next_dagrun for example_branch_python_operator_decorator to 2025-04-30 00:00:00+00:00, run_after=2025-05-01 00:00:00+00:00
[2025-05-01T11:17:32.178+0000] {processor.py:183} INFO - Processing /home/airflow/.local/lib/python3.12/site-packages/airflow/example_dags/example_branch_operator_decorator.py took 0.297 seconds
[2025-05-01T11:18:02.387+0000] {processor.py:161} INFO - Started process (PID=3114) to work on /home/airflow/.local/lib/python3.12/site-packages/airflow/example_dags/example_branch_operator_decorator.py
[2025-05-01T11:18:02.389+0000] {processor.py:830} INFO - Processing file /home/airflow/.local/lib/python3.12/site-packages/airflow/example_dags/example_branch_operator_decorator.py for tasks to queue
[2025-05-01T11:18:02.396+0000] {logging_mixin.py:188} INFO - [2025-05-01T11:18:02.395+0000] {dagbag.py:545} INFO - Filling up the DagBag from /home/airflow/.local/lib/python3.12/site-packages/airflow/example_dags/example_branch_operator_decorator.py
[2025-05-01T11:18:02.475+0000] {processor.py:840} INFO - DAG(s) 'example_branch_python_operator_decorator' retrieved from /home/airflow/.local/lib/python3.12/site-packages/airflow/example_dags/example_branch_operator_decorator.py
[2025-05-01T11:18:02.597+0000] {logging_mixin.py:188} INFO - [2025-05-01T11:18:02.596+0000] {dag.py:3096} INFO - Sync 1 DAGs
[2025-05-01T11:18:02.688+0000] {logging_mixin.py:188} INFO - [2025-05-01T11:18:02.687+0000] {dag.py:3954} INFO - Setting next_dagrun for example_branch_python_operator_decorator to 2025-04-30 00:00:00+00:00, run_after=2025-05-01 00:00:00+00:00
[2025-05-01T11:18:02.791+0000] {processor.py:183} INFO - Processing /home/airflow/.local/lib/python3.12/site-packages/airflow/example_dags/example_branch_operator_decorator.py took 0.418 seconds
[2025-05-01T11:18:33.073+0000] {processor.py:161} INFO - Started process (PID=3173) to work on /home/airflow/.local/lib/python3.12/site-packages/airflow/example_dags/example_branch_operator_decorator.py
[2025-05-01T11:18:33.076+0000] {processor.py:830} INFO - Processing file /home/airflow/.local/lib/python3.12/site-packages/airflow/example_dags/example_branch_operator_decorator.py for tasks to queue
[2025-05-01T11:18:33.082+0000] {logging_mixin.py:188} INFO - [2025-05-01T11:18:33.081+0000] {dagbag.py:545} INFO - Filling up the DagBag from /home/airflow/.local/lib/python3.12/site-packages/airflow/example_dags/example_branch_operator_decorator.py
[2025-05-01T11:18:33.155+0000] {processor.py:840} INFO - DAG(s) 'example_branch_python_operator_decorator' retrieved from /home/airflow/.local/lib/python3.12/site-packages/airflow/example_dags/example_branch_operator_decorator.py
[2025-05-01T11:18:33.267+0000] {logging_mixin.py:188} INFO - [2025-05-01T11:18:33.265+0000] {dag.py:3096} INFO - Sync 1 DAGs
[2025-05-01T11:18:33.340+0000] {logging_mixin.py:188} INFO - [2025-05-01T11:18:33.340+0000] {dag.py:3954} INFO - Setting next_dagrun for example_branch_python_operator_decorator to 2025-04-30 00:00:00+00:00, run_after=2025-05-01 00:00:00+00:00
[2025-05-01T11:18:33.388+0000] {processor.py:183} INFO - Processing /home/airflow/.local/lib/python3.12/site-packages/airflow/example_dags/example_branch_operator_decorator.py took 0.333 seconds
[2025-05-01T11:19:03.923+0000] {processor.py:161} INFO - Started process (PID=3233) to work on /home/airflow/.local/lib/python3.12/site-packages/airflow/example_dags/example_branch_operator_decorator.py
[2025-05-01T11:19:03.926+0000] {processor.py:830} INFO - Processing file /home/airflow/.local/lib/python3.12/site-packages/airflow/example_dags/example_branch_operator_decorator.py for tasks to queue
[2025-05-01T11:19:03.932+0000] {logging_mixin.py:188} INFO - [2025-05-01T11:19:03.931+0000] {dagbag.py:545} INFO - Filling up the DagBag from /home/airflow/.local/lib/python3.12/site-packages/airflow/example_dags/example_branch_operator_decorator.py
[2025-05-01T11:19:03.996+0000] {processor.py:840} INFO - DAG(s) 'example_branch_python_operator_decorator' retrieved from /home/airflow/.local/lib/python3.12/site-packages/airflow/example_dags/example_branch_operator_decorator.py
[2025-05-01T11:19:04.074+0000] {logging_mixin.py:188} INFO - [2025-05-01T11:19:04.073+0000] {dag.py:3096} INFO - Sync 1 DAGs
[2025-05-01T11:19:04.135+0000] {logging_mixin.py:188} INFO - [2025-05-01T11:19:04.134+0000] {dag.py:3954} INFO - Setting next_dagrun for example_branch_python_operator_decorator to 2025-04-30 00:00:00+00:00, run_after=2025-05-01 00:00:00+00:00
[2025-05-01T11:19:04.192+0000] {processor.py:183} INFO - Processing /home/airflow/.local/lib/python3.12/site-packages/airflow/example_dags/example_branch_operator_decorator.py took 0.287 seconds
[2025-05-01T11:19:34.637+0000] {processor.py:161} INFO - Started process (PID=3292) to work on /home/airflow/.local/lib/python3.12/site-packages/airflow/example_dags/example_branch_operator_decorator.py
[2025-05-01T11:19:34.640+0000] {processor.py:830} INFO - Processing file /home/airflow/.local/lib/python3.12/site-packages/airflow/example_dags/example_branch_operator_decorator.py for tasks to queue
[2025-05-01T11:19:34.646+0000] {logging_mixin.py:188} INFO - [2025-05-01T11:19:34.645+0000] {dagbag.py:545} INFO - Filling up the DagBag from /home/airflow/.local/lib/python3.12/site-packages/airflow/example_dags/example_branch_operator_decorator.py
[2025-05-01T11:19:34.702+0000] {processor.py:840} INFO - DAG(s) 'example_branch_python_operator_decorator' retrieved from /home/airflow/.local/lib/python3.12/site-packages/airflow/example_dags/example_branch_operator_decorator.py
[2025-05-01T11:19:34.793+0000] {logging_mixin.py:188} INFO - [2025-05-01T11:19:34.792+0000] {dag.py:3096} INFO - Sync 1 DAGs
[2025-05-01T11:19:34.845+0000] {logging_mixin.py:188} INFO - [2025-05-01T11:19:34.844+0000] {dag.py:3954} INFO - Setting next_dagrun for example_branch_python_operator_decorator to 2025-04-30 00:00:00+00:00, run_after=2025-05-01 00:00:00+00:00
[2025-05-01T11:19:34.903+0000] {processor.py:183} INFO - Processing /home/airflow/.local/lib/python3.12/site-packages/airflow/example_dags/example_branch_operator_decorator.py took 0.282 seconds
[2025-05-01T11:20:05.937+0000] {processor.py:161} INFO - Started process (PID=3352) to work on /home/airflow/.local/lib/python3.12/site-packages/airflow/example_dags/example_branch_operator_decorator.py
[2025-05-01T11:20:05.939+0000] {processor.py:830} INFO - Processing file /home/airflow/.local/lib/python3.12/site-packages/airflow/example_dags/example_branch_operator_decorator.py for tasks to queue
[2025-05-01T11:20:05.943+0000] {logging_mixin.py:188} INFO - [2025-05-01T11:20:05.943+0000] {dagbag.py:545} INFO - Filling up the DagBag from /home/airflow/.local/lib/python3.12/site-packages/airflow/example_dags/example_branch_operator_decorator.py
[2025-05-01T11:20:05.999+0000] {processor.py:840} INFO - DAG(s) 'example_branch_python_operator_decorator' retrieved from /home/airflow/.local/lib/python3.12/site-packages/airflow/example_dags/example_branch_operator_decorator.py
[2025-05-01T11:20:06.088+0000] {logging_mixin.py:188} INFO - [2025-05-01T11:20:06.087+0000] {dag.py:3096} INFO - Sync 1 DAGs
[2025-05-01T11:20:06.136+0000] {logging_mixin.py:188} INFO - [2025-05-01T11:20:06.135+0000] {dag.py:3954} INFO - Setting next_dagrun for example_branch_python_operator_decorator to 2025-04-30 00:00:00+00:00, run_after=2025-05-01 00:00:00+00:00
[2025-05-01T11:20:06.221+0000] {processor.py:183} INFO - Processing /home/airflow/.local/lib/python3.12/site-packages/airflow/example_dags/example_branch_operator_decorator.py took 0.295 seconds
[2025-05-01T11:20:36.600+0000] {processor.py:161} INFO - Started process (PID=3411) to work on /home/airflow/.local/lib/python3.12/site-packages/airflow/example_dags/example_branch_operator_decorator.py
[2025-05-01T11:20:36.602+0000] {processor.py:830} INFO - Processing file /home/airflow/.local/lib/python3.12/site-packages/airflow/example_dags/example_branch_operator_decorator.py for tasks to queue
[2025-05-01T11:20:36.608+0000] {logging_mixin.py:188} INFO - [2025-05-01T11:20:36.607+0000] {dagbag.py:545} INFO - Filling up the DagBag from /home/airflow/.local/lib/python3.12/site-packages/airflow/example_dags/example_branch_operator_decorator.py
[2025-05-01T11:20:36.667+0000] {processor.py:840} INFO - DAG(s) 'example_branch_python_operator_decorator' retrieved from /home/airflow/.local/lib/python3.12/site-packages/airflow/example_dags/example_branch_operator_decorator.py
[2025-05-01T11:20:36.743+0000] {logging_mixin.py:188} INFO - [2025-05-01T11:20:36.742+0000] {dag.py:3096} INFO - Sync 1 DAGs
[2025-05-01T11:20:36.802+0000] {logging_mixin.py:188} INFO - [2025-05-01T11:20:36.801+0000] {dag.py:3954} INFO - Setting next_dagrun for example_branch_python_operator_decorator to 2025-04-30 00:00:00+00:00, run_after=2025-05-01 00:00:00+00:00
[2025-05-01T11:20:36.855+0000] {processor.py:183} INFO - Processing /home/airflow/.local/lib/python3.12/site-packages/airflow/example_dags/example_branch_operator_decorator.py took 0.271 seconds
[2025-05-01T11:21:07.167+0000] {processor.py:161} INFO - Started process (PID=3470) to work on /home/airflow/.local/lib/python3.12/site-packages/airflow/example_dags/example_branch_operator_decorator.py
[2025-05-01T11:21:07.170+0000] {processor.py:830} INFO - Processing file /home/airflow/.local/lib/python3.12/site-packages/airflow/example_dags/example_branch_operator_decorator.py for tasks to queue
[2025-05-01T11:21:07.176+0000] {logging_mixin.py:188} INFO - [2025-05-01T11:21:07.174+0000] {dagbag.py:545} INFO - Filling up the DagBag from /home/airflow/.local/lib/python3.12/site-packages/airflow/example_dags/example_branch_operator_decorator.py
[2025-05-01T11:21:07.229+0000] {processor.py:840} INFO - DAG(s) 'example_branch_python_operator_decorator' retrieved from /home/airflow/.local/lib/python3.12/site-packages/airflow/example_dags/example_branch_operator_decorator.py
[2025-05-01T11:21:07.305+0000] {logging_mixin.py:188} INFO - [2025-05-01T11:21:07.304+0000] {dag.py:3096} INFO - Sync 1 DAGs
[2025-05-01T11:21:07.360+0000] {logging_mixin.py:188} INFO - [2025-05-01T11:21:07.359+0000] {dag.py:3954} INFO - Setting next_dagrun for example_branch_python_operator_decorator to 2025-04-30 00:00:00+00:00, run_after=2025-05-01 00:00:00+00:00
[2025-05-01T11:21:07.414+0000] {processor.py:183} INFO - Processing /home/airflow/.local/lib/python3.12/site-packages/airflow/example_dags/example_branch_operator_decorator.py took 0.261 seconds
[2025-05-01T11:21:38.299+0000] {processor.py:161} INFO - Started process (PID=3530) to work on /home/airflow/.local/lib/python3.12/site-packages/airflow/example_dags/example_branch_operator_decorator.py
[2025-05-01T11:21:38.302+0000] {processor.py:830} INFO - Processing file /home/airflow/.local/lib/python3.12/site-packages/airflow/example_dags/example_branch_operator_decorator.py for tasks to queue
[2025-05-01T11:21:38.308+0000] {logging_mixin.py:188} INFO - [2025-05-01T11:21:38.307+0000] {dagbag.py:545} INFO - Filling up the DagBag from /home/airflow/.local/lib/python3.12/site-packages/airflow/example_dags/example_branch_operator_decorator.py
[2025-05-01T11:21:38.358+0000] {processor.py:840} INFO - DAG(s) 'example_branch_python_operator_decorator' retrieved from /home/airflow/.local/lib/python3.12/site-packages/airflow/example_dags/example_branch_operator_decorator.py
[2025-05-01T11:21:38.428+0000] {logging_mixin.py:188} INFO - [2025-05-01T11:21:38.427+0000] {dag.py:3096} INFO - Sync 1 DAGs
[2025-05-01T11:21:38.493+0000] {logging_mixin.py:188} INFO - [2025-05-01T11:21:38.492+0000] {dag.py:3954} INFO - Setting next_dagrun for example_branch_python_operator_decorator to 2025-04-30 00:00:00+00:00, run_after=2025-05-01 00:00:00+00:00
[2025-05-01T11:21:38.545+0000] {processor.py:183} INFO - Processing /home/airflow/.local/lib/python3.12/site-packages/airflow/example_dags/example_branch_operator_decorator.py took 0.259 seconds
[2025-05-01T11:22:08.799+0000] {processor.py:161} INFO - Started process (PID=3590) to work on /home/airflow/.local/lib/python3.12/site-packages/airflow/example_dags/example_branch_operator_decorator.py
[2025-05-01T11:22:08.801+0000] {processor.py:830} INFO - Processing file /home/airflow/.local/lib/python3.12/site-packages/airflow/example_dags/example_branch_operator_decorator.py for tasks to queue
[2025-05-01T11:22:08.805+0000] {logging_mixin.py:188} INFO - [2025-05-01T11:22:08.804+0000] {dagbag.py:545} INFO - Filling up the DagBag from /home/airflow/.local/lib/python3.12/site-packages/airflow/example_dags/example_branch_operator_decorator.py
[2025-05-01T11:22:08.846+0000] {processor.py:840} INFO - DAG(s) 'example_branch_python_operator_decorator' retrieved from /home/airflow/.local/lib/python3.12/site-packages/airflow/example_dags/example_branch_operator_decorator.py
[2025-05-01T11:22:08.906+0000] {logging_mixin.py:188} INFO - [2025-05-01T11:22:08.906+0000] {dag.py:3096} INFO - Sync 1 DAGs
[2025-05-01T11:22:08.953+0000] {logging_mixin.py:188} INFO - [2025-05-01T11:22:08.952+0000] {dag.py:3954} INFO - Setting next_dagrun for example_branch_python_operator_decorator to 2025-04-30 00:00:00+00:00, run_after=2025-05-01 00:00:00+00:00
[2025-05-01T11:22:09.014+0000] {processor.py:183} INFO - Processing /home/airflow/.local/lib/python3.12/site-packages/airflow/example_dags/example_branch_operator_decorator.py took 0.226 seconds
[2025-05-01T11:22:39.617+0000] {processor.py:161} INFO - Started process (PID=3650) to work on /home/airflow/.local/lib/python3.12/site-packages/airflow/example_dags/example_branch_operator_decorator.py
[2025-05-01T11:22:39.619+0000] {processor.py:830} INFO - Processing file /home/airflow/.local/lib/python3.12/site-packages/airflow/example_dags/example_branch_operator_decorator.py for tasks to queue
[2025-05-01T11:22:39.624+0000] {logging_mixin.py:188} INFO - [2025-05-01T11:22:39.623+0000] {dagbag.py:545} INFO - Filling up the DagBag from /home/airflow/.local/lib/python3.12/site-packages/airflow/example_dags/example_branch_operator_decorator.py
[2025-05-01T11:22:39.686+0000] {processor.py:840} INFO - DAG(s) 'example_branch_python_operator_decorator' retrieved from /home/airflow/.local/lib/python3.12/site-packages/airflow/example_dags/example_branch_operator_decorator.py
[2025-05-01T11:22:39.763+0000] {logging_mixin.py:188} INFO - [2025-05-01T11:22:39.762+0000] {dag.py:3096} INFO - Sync 1 DAGs
[2025-05-01T11:22:39.829+0000] {logging_mixin.py:188} INFO - [2025-05-01T11:22:39.828+0000] {dag.py:3954} INFO - Setting next_dagrun for example_branch_python_operator_decorator to 2025-04-30 00:00:00+00:00, run_after=2025-05-01 00:00:00+00:00
[2025-05-01T11:22:39.890+0000] {processor.py:183} INFO - Processing /home/airflow/.local/lib/python3.12/site-packages/airflow/example_dags/example_branch_operator_decorator.py took 0.285 seconds
[2025-05-01T11:23:09.999+0000] {processor.py:161} INFO - Started process (PID=3709) to work on /home/airflow/.local/lib/python3.12/site-packages/airflow/example_dags/example_branch_operator_decorator.py
[2025-05-01T11:23:10.001+0000] {processor.py:830} INFO - Processing file /home/airflow/.local/lib/python3.12/site-packages/airflow/example_dags/example_branch_operator_decorator.py for tasks to queue
[2025-05-01T11:23:10.006+0000] {logging_mixin.py:188} INFO - [2025-05-01T11:23:10.005+0000] {dagbag.py:545} INFO - Filling up the DagBag from /home/airflow/.local/lib/python3.12/site-packages/airflow/example_dags/example_branch_operator_decorator.py
[2025-05-01T11:23:10.102+0000] {processor.py:840} INFO - DAG(s) 'example_branch_python_operator_decorator' retrieved from /home/airflow/.local/lib/python3.12/site-packages/airflow/example_dags/example_branch_operator_decorator.py
[2025-05-01T11:23:10.183+0000] {logging_mixin.py:188} INFO - [2025-05-01T11:23:10.182+0000] {dag.py:3096} INFO - Sync 1 DAGs
[2025-05-01T11:23:10.249+0000] {logging_mixin.py:188} INFO - [2025-05-01T11:23:10.248+0000] {dag.py:3954} INFO - Setting next_dagrun for example_branch_python_operator_decorator to 2025-04-30 00:00:00+00:00, run_after=2025-05-01 00:00:00+00:00
[2025-05-01T11:23:10.302+0000] {processor.py:183} INFO - Processing /home/airflow/.local/lib/python3.12/site-packages/airflow/example_dags/example_branch_operator_decorator.py took 0.315 seconds
[2025-05-01T11:23:40.590+0000] {processor.py:161} INFO - Started process (PID=3767) to work on /home/airflow/.local/lib/python3.12/site-packages/airflow/example_dags/example_branch_operator_decorator.py
[2025-05-01T11:23:40.593+0000] {processor.py:830} INFO - Processing file /home/airflow/.local/lib/python3.12/site-packages/airflow/example_dags/example_branch_operator_decorator.py for tasks to queue
[2025-05-01T11:23:40.598+0000] {logging_mixin.py:188} INFO - [2025-05-01T11:23:40.597+0000] {dagbag.py:545} INFO - Filling up the DagBag from /home/airflow/.local/lib/python3.12/site-packages/airflow/example_dags/example_branch_operator_decorator.py
[2025-05-01T11:23:40.658+0000] {processor.py:840} INFO - DAG(s) 'example_branch_python_operator_decorator' retrieved from /home/airflow/.local/lib/python3.12/site-packages/airflow/example_dags/example_branch_operator_decorator.py
[2025-05-01T11:23:40.744+0000] {logging_mixin.py:188} INFO - [2025-05-01T11:23:40.743+0000] {dag.py:3096} INFO - Sync 1 DAGs
[2025-05-01T11:23:40.815+0000] {logging_mixin.py:188} INFO - [2025-05-01T11:23:40.814+0000] {dag.py:3954} INFO - Setting next_dagrun for example_branch_python_operator_decorator to 2025-04-30 00:00:00+00:00, run_after=2025-05-01 00:00:00+00:00
[2025-05-01T11:23:40.881+0000] {processor.py:183} INFO - Processing /home/airflow/.local/lib/python3.12/site-packages/airflow/example_dags/example_branch_operator_decorator.py took 0.304 seconds
[2025-05-01T11:24:10.991+0000] {processor.py:161} INFO - Started process (PID=3826) to work on /home/airflow/.local/lib/python3.12/site-packages/airflow/example_dags/example_branch_operator_decorator.py
[2025-05-01T11:24:10.994+0000] {processor.py:830} INFO - Processing file /home/airflow/.local/lib/python3.12/site-packages/airflow/example_dags/example_branch_operator_decorator.py for tasks to queue
[2025-05-01T11:24:10.998+0000] {logging_mixin.py:188} INFO - [2025-05-01T11:24:10.997+0000] {dagbag.py:545} INFO - Filling up the DagBag from /home/airflow/.local/lib/python3.12/site-packages/airflow/example_dags/example_branch_operator_decorator.py
[2025-05-01T11:24:11.042+0000] {processor.py:840} INFO - DAG(s) 'example_branch_python_operator_decorator' retrieved from /home/airflow/.local/lib/python3.12/site-packages/airflow/example_dags/example_branch_operator_decorator.py
[2025-05-01T11:24:11.105+0000] {logging_mixin.py:188} INFO - [2025-05-01T11:24:11.104+0000] {dag.py:3096} INFO - Sync 1 DAGs
[2025-05-01T11:24:11.157+0000] {logging_mixin.py:188} INFO - [2025-05-01T11:24:11.157+0000] {dag.py:3954} INFO - Setting next_dagrun for example_branch_python_operator_decorator to 2025-04-30 00:00:00+00:00, run_after=2025-05-01 00:00:00+00:00
[2025-05-01T11:24:11.243+0000] {processor.py:183} INFO - Processing /home/airflow/.local/lib/python3.12/site-packages/airflow/example_dags/example_branch_operator_decorator.py took 0.263 seconds
[2025-05-01T11:24:41.318+0000] {processor.py:161} INFO - Started process (PID=3886) to work on /home/airflow/.local/lib/python3.12/site-packages/airflow/example_dags/example_branch_operator_decorator.py
[2025-05-01T11:24:41.320+0000] {processor.py:830} INFO - Processing file /home/airflow/.local/lib/python3.12/site-packages/airflow/example_dags/example_branch_operator_decorator.py for tasks to queue
[2025-05-01T11:24:41.324+0000] {logging_mixin.py:188} INFO - [2025-05-01T11:24:41.323+0000] {dagbag.py:545} INFO - Filling up the DagBag from /home/airflow/.local/lib/python3.12/site-packages/airflow/example_dags/example_branch_operator_decorator.py
[2025-05-01T11:24:41.370+0000] {processor.py:840} INFO - DAG(s) 'example_branch_python_operator_decorator' retrieved from /home/airflow/.local/lib/python3.12/site-packages/airflow/example_dags/example_branch_operator_decorator.py
[2025-05-01T11:24:41.435+0000] {logging_mixin.py:188} INFO - [2025-05-01T11:24:41.434+0000] {dag.py:3096} INFO - Sync 1 DAGs
[2025-05-01T11:24:41.491+0000] {logging_mixin.py:188} INFO - [2025-05-01T11:24:41.491+0000] {dag.py:3954} INFO - Setting next_dagrun for example_branch_python_operator_decorator to 2025-04-30 00:00:00+00:00, run_after=2025-05-01 00:00:00+00:00
[2025-05-01T11:24:41.579+0000] {processor.py:183} INFO - Processing /home/airflow/.local/lib/python3.12/site-packages/airflow/example_dags/example_branch_operator_decorator.py took 0.274 seconds
[2025-05-01T11:25:12.041+0000] {processor.py:161} INFO - Started process (PID=3945) to work on /home/airflow/.local/lib/python3.12/site-packages/airflow/example_dags/example_branch_operator_decorator.py
[2025-05-01T11:25:12.044+0000] {processor.py:830} INFO - Processing file /home/airflow/.local/lib/python3.12/site-packages/airflow/example_dags/example_branch_operator_decorator.py for tasks to queue
[2025-05-01T11:25:12.050+0000] {logging_mixin.py:188} INFO - [2025-05-01T11:25:12.049+0000] {dagbag.py:545} INFO - Filling up the DagBag from /home/airflow/.local/lib/python3.12/site-packages/airflow/example_dags/example_branch_operator_decorator.py
[2025-05-01T11:25:12.119+0000] {processor.py:840} INFO - DAG(s) 'example_branch_python_operator_decorator' retrieved from /home/airflow/.local/lib/python3.12/site-packages/airflow/example_dags/example_branch_operator_decorator.py
[2025-05-01T11:25:12.184+0000] {logging_mixin.py:188} INFO - [2025-05-01T11:25:12.184+0000] {dag.py:3096} INFO - Sync 1 DAGs
[2025-05-01T11:25:12.235+0000] {logging_mixin.py:188} INFO - [2025-05-01T11:25:12.234+0000] {dag.py:3954} INFO - Setting next_dagrun for example_branch_python_operator_decorator to 2025-04-30 00:00:00+00:00, run_after=2025-05-01 00:00:00+00:00
[2025-05-01T11:25:12.277+0000] {processor.py:183} INFO - Processing /home/airflow/.local/lib/python3.12/site-packages/airflow/example_dags/example_branch_operator_decorator.py took 0.260 seconds
[2025-05-01T11:25:42.538+0000] {processor.py:161} INFO - Started process (PID=4003) to work on /home/airflow/.local/lib/python3.12/site-packages/airflow/example_dags/example_branch_operator_decorator.py
[2025-05-01T11:25:42.540+0000] {processor.py:830} INFO - Processing file /home/airflow/.local/lib/python3.12/site-packages/airflow/example_dags/example_branch_operator_decorator.py for tasks to queue
[2025-05-01T11:25:42.544+0000] {logging_mixin.py:188} INFO - [2025-05-01T11:25:42.544+0000] {dagbag.py:545} INFO - Filling up the DagBag from /home/airflow/.local/lib/python3.12/site-packages/airflow/example_dags/example_branch_operator_decorator.py
[2025-05-01T11:25:42.593+0000] {processor.py:840} INFO - DAG(s) 'example_branch_python_operator_decorator' retrieved from /home/airflow/.local/lib/python3.12/site-packages/airflow/example_dags/example_branch_operator_decorator.py
[2025-05-01T11:25:42.666+0000] {logging_mixin.py:188} INFO - [2025-05-01T11:25:42.666+0000] {dag.py:3096} INFO - Sync 1 DAGs
[2025-05-01T11:25:42.725+0000] {logging_mixin.py:188} INFO - [2025-05-01T11:25:42.724+0000] {dag.py:3954} INFO - Setting next_dagrun for example_branch_python_operator_decorator to 2025-04-30 00:00:00+00:00, run_after=2025-05-01 00:00:00+00:00
[2025-05-01T11:25:42.794+0000] {processor.py:183} INFO - Processing /home/airflow/.local/lib/python3.12/site-packages/airflow/example_dags/example_branch_operator_decorator.py took 0.267 seconds
[2025-05-01T11:31:50.617+0000] {processor.py:161} INFO - Started process (PID=108) to work on /home/airflow/.local/lib/python3.12/site-packages/airflow/example_dags/example_branch_operator_decorator.py
[2025-05-01T11:31:50.620+0000] {processor.py:830} INFO - Processing file /home/airflow/.local/lib/python3.12/site-packages/airflow/example_dags/example_branch_operator_decorator.py for tasks to queue
[2025-05-01T11:31:50.625+0000] {logging_mixin.py:188} INFO - [2025-05-01T11:31:50.624+0000] {dagbag.py:545} INFO - Filling up the DagBag from /home/airflow/.local/lib/python3.12/site-packages/airflow/example_dags/example_branch_operator_decorator.py
[2025-05-01T11:31:50.680+0000] {processor.py:840} INFO - DAG(s) 'example_branch_python_operator_decorator' retrieved from /home/airflow/.local/lib/python3.12/site-packages/airflow/example_dags/example_branch_operator_decorator.py
[2025-05-01T11:31:50.974+0000] {logging_mixin.py:188} INFO - [2025-05-01T11:31:50.974+0000] {dag.py:3096} INFO - Sync 1 DAGs
[2025-05-01T11:31:51.041+0000] {logging_mixin.py:188} INFO - [2025-05-01T11:31:51.040+0000] {dag.py:3954} INFO - Setting next_dagrun for example_branch_python_operator_decorator to 2025-04-30 00:00:00+00:00, run_after=2025-05-01 00:00:00+00:00
[2025-05-01T11:31:51.099+0000] {processor.py:183} INFO - Processing /home/airflow/.local/lib/python3.12/site-packages/airflow/example_dags/example_branch_operator_decorator.py took 0.494 seconds
[2025-05-01T11:32:21.650+0000] {processor.py:161} INFO - Started process (PID=167) to work on /home/airflow/.local/lib/python3.12/site-packages/airflow/example_dags/example_branch_operator_decorator.py
[2025-05-01T11:32:21.652+0000] {processor.py:830} INFO - Processing file /home/airflow/.local/lib/python3.12/site-packages/airflow/example_dags/example_branch_operator_decorator.py for tasks to queue
[2025-05-01T11:32:21.656+0000] {logging_mixin.py:188} INFO - [2025-05-01T11:32:21.655+0000] {dagbag.py:545} INFO - Filling up the DagBag from /home/airflow/.local/lib/python3.12/site-packages/airflow/example_dags/example_branch_operator_decorator.py
[2025-05-01T11:32:21.702+0000] {processor.py:840} INFO - DAG(s) 'example_branch_python_operator_decorator' retrieved from /home/airflow/.local/lib/python3.12/site-packages/airflow/example_dags/example_branch_operator_decorator.py
[2025-05-01T11:32:21.764+0000] {logging_mixin.py:188} INFO - [2025-05-01T11:32:21.764+0000] {dag.py:3096} INFO - Sync 1 DAGs
[2025-05-01T11:32:21.872+0000] {logging_mixin.py:188} INFO - [2025-05-01T11:32:21.870+0000] {dag.py:3954} INFO - Setting next_dagrun for example_branch_python_operator_decorator to 2025-04-30 00:00:00+00:00, run_after=2025-05-01 00:00:00+00:00
[2025-05-01T11:32:21.974+0000] {processor.py:183} INFO - Processing /home/airflow/.local/lib/python3.12/site-packages/airflow/example_dags/example_branch_operator_decorator.py took 0.336 seconds
[2025-05-01T11:32:52.082+0000] {processor.py:161} INFO - Started process (PID=225) to work on /home/airflow/.local/lib/python3.12/site-packages/airflow/example_dags/example_branch_operator_decorator.py
[2025-05-01T11:32:52.084+0000] {processor.py:830} INFO - Processing file /home/airflow/.local/lib/python3.12/site-packages/airflow/example_dags/example_branch_operator_decorator.py for tasks to queue
[2025-05-01T11:32:52.089+0000] {logging_mixin.py:188} INFO - [2025-05-01T11:32:52.088+0000] {dagbag.py:545} INFO - Filling up the DagBag from /home/airflow/.local/lib/python3.12/site-packages/airflow/example_dags/example_branch_operator_decorator.py
[2025-05-01T11:32:52.141+0000] {processor.py:840} INFO - DAG(s) 'example_branch_python_operator_decorator' retrieved from /home/airflow/.local/lib/python3.12/site-packages/airflow/example_dags/example_branch_operator_decorator.py
[2025-05-01T11:32:52.216+0000] {logging_mixin.py:188} INFO - [2025-05-01T11:32:52.215+0000] {dag.py:3096} INFO - Sync 1 DAGs
[2025-05-01T11:32:52.278+0000] {logging_mixin.py:188} INFO - [2025-05-01T11:32:52.277+0000] {dag.py:3954} INFO - Setting next_dagrun for example_branch_python_operator_decorator to 2025-04-30 00:00:00+00:00, run_after=2025-05-01 00:00:00+00:00
[2025-05-01T11:32:52.373+0000] {processor.py:183} INFO - Processing /home/airflow/.local/lib/python3.12/site-packages/airflow/example_dags/example_branch_operator_decorator.py took 0.305 seconds
[2025-05-01T11:33:22.491+0000] {processor.py:161} INFO - Started process (PID=284) to work on /home/airflow/.local/lib/python3.12/site-packages/airflow/example_dags/example_branch_operator_decorator.py
[2025-05-01T11:33:22.494+0000] {processor.py:830} INFO - Processing file /home/airflow/.local/lib/python3.12/site-packages/airflow/example_dags/example_branch_operator_decorator.py for tasks to queue
[2025-05-01T11:33:22.503+0000] {logging_mixin.py:188} INFO - [2025-05-01T11:33:22.501+0000] {dagbag.py:545} INFO - Filling up the DagBag from /home/airflow/.local/lib/python3.12/site-packages/airflow/example_dags/example_branch_operator_decorator.py
[2025-05-01T11:33:22.582+0000] {processor.py:840} INFO - DAG(s) 'example_branch_python_operator_decorator' retrieved from /home/airflow/.local/lib/python3.12/site-packages/airflow/example_dags/example_branch_operator_decorator.py
[2025-05-01T11:33:22.683+0000] {logging_mixin.py:188} INFO - [2025-05-01T11:33:22.682+0000] {dag.py:3096} INFO - Sync 1 DAGs
[2025-05-01T11:33:22.728+0000] {logging_mixin.py:188} INFO - [2025-05-01T11:33:22.727+0000] {dag.py:3954} INFO - Setting next_dagrun for example_branch_python_operator_decorator to 2025-04-30 00:00:00+00:00, run_after=2025-05-01 00:00:00+00:00
[2025-05-01T11:33:22.805+0000] {processor.py:183} INFO - Processing /home/airflow/.local/lib/python3.12/site-packages/airflow/example_dags/example_branch_operator_decorator.py took 0.339 seconds
[2025-05-01T11:33:53.063+0000] {processor.py:161} INFO - Started process (PID=342) to work on /home/airflow/.local/lib/python3.12/site-packages/airflow/example_dags/example_branch_operator_decorator.py
[2025-05-01T11:33:53.066+0000] {processor.py:830} INFO - Processing file /home/airflow/.local/lib/python3.12/site-packages/airflow/example_dags/example_branch_operator_decorator.py for tasks to queue
[2025-05-01T11:33:53.071+0000] {logging_mixin.py:188} INFO - [2025-05-01T11:33:53.070+0000] {dagbag.py:545} INFO - Filling up the DagBag from /home/airflow/.local/lib/python3.12/site-packages/airflow/example_dags/example_branch_operator_decorator.py
[2025-05-01T11:33:53.118+0000] {processor.py:840} INFO - DAG(s) 'example_branch_python_operator_decorator' retrieved from /home/airflow/.local/lib/python3.12/site-packages/airflow/example_dags/example_branch_operator_decorator.py
[2025-05-01T11:33:53.189+0000] {logging_mixin.py:188} INFO - [2025-05-01T11:33:53.188+0000] {dag.py:3096} INFO - Sync 1 DAGs
[2025-05-01T11:33:53.251+0000] {logging_mixin.py:188} INFO - [2025-05-01T11:33:53.250+0000] {dag.py:3954} INFO - Setting next_dagrun for example_branch_python_operator_decorator to 2025-04-30 00:00:00+00:00, run_after=2025-05-01 00:00:00+00:00
[2025-05-01T11:33:53.473+0000] {processor.py:183} INFO - Processing /home/airflow/.local/lib/python3.12/site-packages/airflow/example_dags/example_branch_operator_decorator.py took 0.425 seconds
[2025-05-01T11:34:24.122+0000] {processor.py:161} INFO - Started process (PID=408) to work on /home/airflow/.local/lib/python3.12/site-packages/airflow/example_dags/example_branch_operator_decorator.py
[2025-05-01T11:34:24.125+0000] {processor.py:830} INFO - Processing file /home/airflow/.local/lib/python3.12/site-packages/airflow/example_dags/example_branch_operator_decorator.py for tasks to queue
[2025-05-01T11:34:24.135+0000] {logging_mixin.py:188} INFO - [2025-05-01T11:34:24.134+0000] {dagbag.py:545} INFO - Filling up the DagBag from /home/airflow/.local/lib/python3.12/site-packages/airflow/example_dags/example_branch_operator_decorator.py
[2025-05-01T11:34:24.258+0000] {processor.py:840} INFO - DAG(s) 'example_branch_python_operator_decorator' retrieved from /home/airflow/.local/lib/python3.12/site-packages/airflow/example_dags/example_branch_operator_decorator.py
[2025-05-01T11:34:24.393+0000] {logging_mixin.py:188} INFO - [2025-05-01T11:34:24.392+0000] {dag.py:3096} INFO - Sync 1 DAGs
[2025-05-01T11:34:24.533+0000] {logging_mixin.py:188} INFO - [2025-05-01T11:34:24.533+0000] {dag.py:3954} INFO - Setting next_dagrun for example_branch_python_operator_decorator to 2025-04-30 00:00:00+00:00, run_after=2025-05-01 00:00:00+00:00
[2025-05-01T11:34:24.642+0000] {processor.py:183} INFO - Processing /home/airflow/.local/lib/python3.12/site-packages/airflow/example_dags/example_branch_operator_decorator.py took 0.576 seconds
[2025-05-01T11:34:54.890+0000] {processor.py:161} INFO - Started process (PID=467) to work on /home/airflow/.local/lib/python3.12/site-packages/airflow/example_dags/example_branch_operator_decorator.py
[2025-05-01T11:34:54.892+0000] {processor.py:830} INFO - Processing file /home/airflow/.local/lib/python3.12/site-packages/airflow/example_dags/example_branch_operator_decorator.py for tasks to queue
[2025-05-01T11:34:54.898+0000] {logging_mixin.py:188} INFO - [2025-05-01T11:34:54.897+0000] {dagbag.py:545} INFO - Filling up the DagBag from /home/airflow/.local/lib/python3.12/site-packages/airflow/example_dags/example_branch_operator_decorator.py
[2025-05-01T11:34:54.947+0000] {processor.py:840} INFO - DAG(s) 'example_branch_python_operator_decorator' retrieved from /home/airflow/.local/lib/python3.12/site-packages/airflow/example_dags/example_branch_operator_decorator.py
[2025-05-01T11:34:55.011+0000] {logging_mixin.py:188} INFO - [2025-05-01T11:34:55.011+0000] {dag.py:3096} INFO - Sync 1 DAGs
[2025-05-01T11:34:55.061+0000] {logging_mixin.py:188} INFO - [2025-05-01T11:34:55.061+0000] {dag.py:3954} INFO - Setting next_dagrun for example_branch_python_operator_decorator to 2025-04-30 00:00:00+00:00, run_after=2025-05-01 00:00:00+00:00
[2025-05-01T11:34:55.110+0000] {processor.py:183} INFO - Processing /home/airflow/.local/lib/python3.12/site-packages/airflow/example_dags/example_branch_operator_decorator.py took 0.234 seconds
[2025-05-01T11:35:25.383+0000] {processor.py:161} INFO - Started process (PID=526) to work on /home/airflow/.local/lib/python3.12/site-packages/airflow/example_dags/example_branch_operator_decorator.py
[2025-05-01T11:35:25.385+0000] {processor.py:830} INFO - Processing file /home/airflow/.local/lib/python3.12/site-packages/airflow/example_dags/example_branch_operator_decorator.py for tasks to queue
[2025-05-01T11:35:25.390+0000] {logging_mixin.py:188} INFO - [2025-05-01T11:35:25.388+0000] {dagbag.py:545} INFO - Filling up the DagBag from /home/airflow/.local/lib/python3.12/site-packages/airflow/example_dags/example_branch_operator_decorator.py
[2025-05-01T11:35:25.445+0000] {processor.py:840} INFO - DAG(s) 'example_branch_python_operator_decorator' retrieved from /home/airflow/.local/lib/python3.12/site-packages/airflow/example_dags/example_branch_operator_decorator.py
[2025-05-01T11:35:25.513+0000] {logging_mixin.py:188} INFO - [2025-05-01T11:35:25.513+0000] {dag.py:3096} INFO - Sync 1 DAGs
[2025-05-01T11:35:25.566+0000] {logging_mixin.py:188} INFO - [2025-05-01T11:35:25.566+0000] {dag.py:3954} INFO - Setting next_dagrun for example_branch_python_operator_decorator to 2025-04-30 00:00:00+00:00, run_after=2025-05-01 00:00:00+00:00
[2025-05-01T11:35:25.616+0000] {processor.py:183} INFO - Processing /home/airflow/.local/lib/python3.12/site-packages/airflow/example_dags/example_branch_operator_decorator.py took 0.245 seconds
[2025-05-01T11:35:55.740+0000] {processor.py:161} INFO - Started process (PID=585) to work on /home/airflow/.local/lib/python3.12/site-packages/airflow/example_dags/example_branch_operator_decorator.py
[2025-05-01T11:35:55.742+0000] {processor.py:830} INFO - Processing file /home/airflow/.local/lib/python3.12/site-packages/airflow/example_dags/example_branch_operator_decorator.py for tasks to queue
[2025-05-01T11:35:55.746+0000] {logging_mixin.py:188} INFO - [2025-05-01T11:35:55.746+0000] {dagbag.py:545} INFO - Filling up the DagBag from /home/airflow/.local/lib/python3.12/site-packages/airflow/example_dags/example_branch_operator_decorator.py
[2025-05-01T11:35:55.826+0000] {processor.py:840} INFO - DAG(s) 'example_branch_python_operator_decorator' retrieved from /home/airflow/.local/lib/python3.12/site-packages/airflow/example_dags/example_branch_operator_decorator.py
[2025-05-01T11:35:55.903+0000] {logging_mixin.py:188} INFO - [2025-05-01T11:35:55.902+0000] {dag.py:3096} INFO - Sync 1 DAGs
[2025-05-01T11:35:55.954+0000] {logging_mixin.py:188} INFO - [2025-05-01T11:35:55.954+0000] {dag.py:3954} INFO - Setting next_dagrun for example_branch_python_operator_decorator to 2025-04-30 00:00:00+00:00, run_after=2025-05-01 00:00:00+00:00
[2025-05-01T11:35:56.034+0000] {processor.py:183} INFO - Processing /home/airflow/.local/lib/python3.12/site-packages/airflow/example_dags/example_branch_operator_decorator.py took 0.306 seconds
[2025-05-01T11:36:26.500+0000] {processor.py:161} INFO - Started process (PID=644) to work on /home/airflow/.local/lib/python3.12/site-packages/airflow/example_dags/example_branch_operator_decorator.py
[2025-05-01T11:36:26.503+0000] {processor.py:830} INFO - Processing file /home/airflow/.local/lib/python3.12/site-packages/airflow/example_dags/example_branch_operator_decorator.py for tasks to queue
[2025-05-01T11:36:26.509+0000] {logging_mixin.py:188} INFO - [2025-05-01T11:36:26.508+0000] {dagbag.py:545} INFO - Filling up the DagBag from /home/airflow/.local/lib/python3.12/site-packages/airflow/example_dags/example_branch_operator_decorator.py
[2025-05-01T11:36:26.559+0000] {processor.py:840} INFO - DAG(s) 'example_branch_python_operator_decorator' retrieved from /home/airflow/.local/lib/python3.12/site-packages/airflow/example_dags/example_branch_operator_decorator.py
[2025-05-01T11:36:26.651+0000] {logging_mixin.py:188} INFO - [2025-05-01T11:36:26.650+0000] {dag.py:3096} INFO - Sync 1 DAGs
[2025-05-01T11:36:26.722+0000] {logging_mixin.py:188} INFO - [2025-05-01T11:36:26.721+0000] {dag.py:3954} INFO - Setting next_dagrun for example_branch_python_operator_decorator to 2025-04-30 00:00:00+00:00, run_after=2025-05-01 00:00:00+00:00
[2025-05-01T11:36:26.771+0000] {processor.py:183} INFO - Processing /home/airflow/.local/lib/python3.12/site-packages/airflow/example_dags/example_branch_operator_decorator.py took 0.285 seconds
[2025-05-01T11:36:56.956+0000] {processor.py:161} INFO - Started process (PID=703) to work on /home/airflow/.local/lib/python3.12/site-packages/airflow/example_dags/example_branch_operator_decorator.py
[2025-05-01T11:36:56.958+0000] {processor.py:830} INFO - Processing file /home/airflow/.local/lib/python3.12/site-packages/airflow/example_dags/example_branch_operator_decorator.py for tasks to queue
[2025-05-01T11:36:56.963+0000] {logging_mixin.py:188} INFO - [2025-05-01T11:36:56.961+0000] {dagbag.py:545} INFO - Filling up the DagBag from /home/airflow/.local/lib/python3.12/site-packages/airflow/example_dags/example_branch_operator_decorator.py
[2025-05-01T11:36:57.017+0000] {processor.py:840} INFO - DAG(s) 'example_branch_python_operator_decorator' retrieved from /home/airflow/.local/lib/python3.12/site-packages/airflow/example_dags/example_branch_operator_decorator.py
[2025-05-01T11:36:57.113+0000] {logging_mixin.py:188} INFO - [2025-05-01T11:36:57.112+0000] {dag.py:3096} INFO - Sync 1 DAGs
[2025-05-01T11:36:57.165+0000] {logging_mixin.py:188} INFO - [2025-05-01T11:36:57.164+0000] {dag.py:3954} INFO - Setting next_dagrun for example_branch_python_operator_decorator to 2025-04-30 00:00:00+00:00, run_after=2025-05-01 00:00:00+00:00
[2025-05-01T11:36:57.249+0000] {processor.py:183} INFO - Processing /home/airflow/.local/lib/python3.12/site-packages/airflow/example_dags/example_branch_operator_decorator.py took 0.310 seconds
[2025-05-01T11:37:27.890+0000] {processor.py:161} INFO - Started process (PID=763) to work on /home/airflow/.local/lib/python3.12/site-packages/airflow/example_dags/example_branch_operator_decorator.py
[2025-05-01T11:37:27.893+0000] {processor.py:830} INFO - Processing file /home/airflow/.local/lib/python3.12/site-packages/airflow/example_dags/example_branch_operator_decorator.py for tasks to queue
[2025-05-01T11:37:27.898+0000] {logging_mixin.py:188} INFO - [2025-05-01T11:37:27.897+0000] {dagbag.py:545} INFO - Filling up the DagBag from /home/airflow/.local/lib/python3.12/site-packages/airflow/example_dags/example_branch_operator_decorator.py
[2025-05-01T11:37:27.973+0000] {processor.py:840} INFO - DAG(s) 'example_branch_python_operator_decorator' retrieved from /home/airflow/.local/lib/python3.12/site-packages/airflow/example_dags/example_branch_operator_decorator.py
[2025-05-01T11:37:28.080+0000] {logging_mixin.py:188} INFO - [2025-05-01T11:37:28.079+0000] {dag.py:3096} INFO - Sync 1 DAGs
[2025-05-01T11:37:28.153+0000] {logging_mixin.py:188} INFO - [2025-05-01T11:37:28.152+0000] {dag.py:3954} INFO - Setting next_dagrun for example_branch_python_operator_decorator to 2025-04-30 00:00:00+00:00, run_after=2025-05-01 00:00:00+00:00
[2025-05-01T11:37:28.249+0000] {processor.py:183} INFO - Processing /home/airflow/.local/lib/python3.12/site-packages/airflow/example_dags/example_branch_operator_decorator.py took 0.377 seconds
[2025-05-01T11:37:58.515+0000] {processor.py:161} INFO - Started process (PID=822) to work on /home/airflow/.local/lib/python3.12/site-packages/airflow/example_dags/example_branch_operator_decorator.py
[2025-05-01T11:37:58.517+0000] {processor.py:830} INFO - Processing file /home/airflow/.local/lib/python3.12/site-packages/airflow/example_dags/example_branch_operator_decorator.py for tasks to queue
[2025-05-01T11:37:58.521+0000] {logging_mixin.py:188} INFO - [2025-05-01T11:37:58.520+0000] {dagbag.py:545} INFO - Filling up the DagBag from /home/airflow/.local/lib/python3.12/site-packages/airflow/example_dags/example_branch_operator_decorator.py
[2025-05-01T11:37:58.565+0000] {processor.py:840} INFO - DAG(s) 'example_branch_python_operator_decorator' retrieved from /home/airflow/.local/lib/python3.12/site-packages/airflow/example_dags/example_branch_operator_decorator.py
[2025-05-01T11:37:58.626+0000] {logging_mixin.py:188} INFO - [2025-05-01T11:37:58.625+0000] {dag.py:3096} INFO - Sync 1 DAGs
[2025-05-01T11:37:58.681+0000] {logging_mixin.py:188} INFO - [2025-05-01T11:37:58.680+0000] {dag.py:3954} INFO - Setting next_dagrun for example_branch_python_operator_decorator to 2025-04-30 00:00:00+00:00, run_after=2025-05-01 00:00:00+00:00
[2025-05-01T11:37:58.726+0000] {processor.py:183} INFO - Processing /home/airflow/.local/lib/python3.12/site-packages/airflow/example_dags/example_branch_operator_decorator.py took 0.223 seconds
[2025-05-01T11:38:29.046+0000] {processor.py:161} INFO - Started process (PID=881) to work on /home/airflow/.local/lib/python3.12/site-packages/airflow/example_dags/example_branch_operator_decorator.py
[2025-05-01T11:38:29.049+0000] {processor.py:830} INFO - Processing file /home/airflow/.local/lib/python3.12/site-packages/airflow/example_dags/example_branch_operator_decorator.py for tasks to queue
[2025-05-01T11:38:29.054+0000] {logging_mixin.py:188} INFO - [2025-05-01T11:38:29.053+0000] {dagbag.py:545} INFO - Filling up the DagBag from /home/airflow/.local/lib/python3.12/site-packages/airflow/example_dags/example_branch_operator_decorator.py
[2025-05-01T11:38:29.169+0000] {processor.py:840} INFO - DAG(s) 'example_branch_python_operator_decorator' retrieved from /home/airflow/.local/lib/python3.12/site-packages/airflow/example_dags/example_branch_operator_decorator.py
[2025-05-01T11:38:29.267+0000] {logging_mixin.py:188} INFO - [2025-05-01T11:38:29.267+0000] {dag.py:3096} INFO - Sync 1 DAGs
[2025-05-01T11:38:29.320+0000] {logging_mixin.py:188} INFO - [2025-05-01T11:38:29.319+0000] {dag.py:3954} INFO - Setting next_dagrun for example_branch_python_operator_decorator to 2025-04-30 00:00:00+00:00, run_after=2025-05-01 00:00:00+00:00
[2025-05-01T11:38:29.372+0000] {processor.py:183} INFO - Processing /home/airflow/.local/lib/python3.12/site-packages/airflow/example_dags/example_branch_operator_decorator.py took 0.342 seconds
[2025-05-01T11:38:59.575+0000] {processor.py:161} INFO - Started process (PID=940) to work on /home/airflow/.local/lib/python3.12/site-packages/airflow/example_dags/example_branch_operator_decorator.py
[2025-05-01T11:38:59.577+0000] {processor.py:830} INFO - Processing file /home/airflow/.local/lib/python3.12/site-packages/airflow/example_dags/example_branch_operator_decorator.py for tasks to queue
[2025-05-01T11:38:59.581+0000] {logging_mixin.py:188} INFO - [2025-05-01T11:38:59.581+0000] {dagbag.py:545} INFO - Filling up the DagBag from /home/airflow/.local/lib/python3.12/site-packages/airflow/example_dags/example_branch_operator_decorator.py
[2025-05-01T11:38:59.624+0000] {processor.py:840} INFO - DAG(s) 'example_branch_python_operator_decorator' retrieved from /home/airflow/.local/lib/python3.12/site-packages/airflow/example_dags/example_branch_operator_decorator.py
[2025-05-01T11:38:59.684+0000] {logging_mixin.py:188} INFO - [2025-05-01T11:38:59.684+0000] {dag.py:3096} INFO - Sync 1 DAGs
[2025-05-01T11:38:59.735+0000] {logging_mixin.py:188} INFO - [2025-05-01T11:38:59.734+0000] {dag.py:3954} INFO - Setting next_dagrun for example_branch_python_operator_decorator to 2025-04-30 00:00:00+00:00, run_after=2025-05-01 00:00:00+00:00
[2025-05-01T11:38:59.818+0000] {processor.py:183} INFO - Processing /home/airflow/.local/lib/python3.12/site-packages/airflow/example_dags/example_branch_operator_decorator.py took 0.254 seconds
[2025-05-01T11:39:30.380+0000] {processor.py:161} INFO - Started process (PID=1000) to work on /home/airflow/.local/lib/python3.12/site-packages/airflow/example_dags/example_branch_operator_decorator.py
[2025-05-01T11:39:30.383+0000] {processor.py:830} INFO - Processing file /home/airflow/.local/lib/python3.12/site-packages/airflow/example_dags/example_branch_operator_decorator.py for tasks to queue
[2025-05-01T11:39:30.388+0000] {logging_mixin.py:188} INFO - [2025-05-01T11:39:30.387+0000] {dagbag.py:545} INFO - Filling up the DagBag from /home/airflow/.local/lib/python3.12/site-packages/airflow/example_dags/example_branch_operator_decorator.py
[2025-05-01T11:39:30.441+0000] {processor.py:840} INFO - DAG(s) 'example_branch_python_operator_decorator' retrieved from /home/airflow/.local/lib/python3.12/site-packages/airflow/example_dags/example_branch_operator_decorator.py
[2025-05-01T11:39:30.531+0000] {logging_mixin.py:188} INFO - [2025-05-01T11:39:30.530+0000] {dag.py:3096} INFO - Sync 1 DAGs
[2025-05-01T11:39:30.581+0000] {logging_mixin.py:188} INFO - [2025-05-01T11:39:30.581+0000] {dag.py:3954} INFO - Setting next_dagrun for example_branch_python_operator_decorator to 2025-04-30 00:00:00+00:00, run_after=2025-05-01 00:00:00+00:00
[2025-05-01T11:39:30.665+0000] {processor.py:183} INFO - Processing /home/airflow/.local/lib/python3.12/site-packages/airflow/example_dags/example_branch_operator_decorator.py took 0.299 seconds
[2025-05-01T11:40:00.881+0000] {processor.py:161} INFO - Started process (PID=1059) to work on /home/airflow/.local/lib/python3.12/site-packages/airflow/example_dags/example_branch_operator_decorator.py
[2025-05-01T11:40:00.884+0000] {processor.py:830} INFO - Processing file /home/airflow/.local/lib/python3.12/site-packages/airflow/example_dags/example_branch_operator_decorator.py for tasks to queue
[2025-05-01T11:40:00.891+0000] {logging_mixin.py:188} INFO - [2025-05-01T11:40:00.890+0000] {dagbag.py:545} INFO - Filling up the DagBag from /home/airflow/.local/lib/python3.12/site-packages/airflow/example_dags/example_branch_operator_decorator.py
[2025-05-01T11:40:00.959+0000] {processor.py:840} INFO - DAG(s) 'example_branch_python_operator_decorator' retrieved from /home/airflow/.local/lib/python3.12/site-packages/airflow/example_dags/example_branch_operator_decorator.py
[2025-05-01T11:40:01.047+0000] {logging_mixin.py:188} INFO - [2025-05-01T11:40:01.047+0000] {dag.py:3096} INFO - Sync 1 DAGs
[2025-05-01T11:40:01.126+0000] {logging_mixin.py:188} INFO - [2025-05-01T11:40:01.125+0000] {dag.py:3954} INFO - Setting next_dagrun for example_branch_python_operator_decorator to 2025-04-30 00:00:00+00:00, run_after=2025-05-01 00:00:00+00:00
[2025-05-01T11:40:01.180+0000] {processor.py:183} INFO - Processing /home/airflow/.local/lib/python3.12/site-packages/airflow/example_dags/example_branch_operator_decorator.py took 0.317 seconds
[2025-05-01T11:40:32.107+0000] {processor.py:161} INFO - Started process (PID=1118) to work on /home/airflow/.local/lib/python3.12/site-packages/airflow/example_dags/example_branch_operator_decorator.py
[2025-05-01T11:40:32.109+0000] {processor.py:830} INFO - Processing file /home/airflow/.local/lib/python3.12/site-packages/airflow/example_dags/example_branch_operator_decorator.py for tasks to queue
[2025-05-01T11:40:32.114+0000] {logging_mixin.py:188} INFO - [2025-05-01T11:40:32.114+0000] {dagbag.py:545} INFO - Filling up the DagBag from /home/airflow/.local/lib/python3.12/site-packages/airflow/example_dags/example_branch_operator_decorator.py
[2025-05-01T11:40:32.166+0000] {processor.py:840} INFO - DAG(s) 'example_branch_python_operator_decorator' retrieved from /home/airflow/.local/lib/python3.12/site-packages/airflow/example_dags/example_branch_operator_decorator.py
[2025-05-01T11:40:32.229+0000] {logging_mixin.py:188} INFO - [2025-05-01T11:40:32.228+0000] {dag.py:3096} INFO - Sync 1 DAGs
[2025-05-01T11:40:32.283+0000] {logging_mixin.py:188} INFO - [2025-05-01T11:40:32.282+0000] {dag.py:3954} INFO - Setting next_dagrun for example_branch_python_operator_decorator to 2025-04-30 00:00:00+00:00, run_after=2025-05-01 00:00:00+00:00
[2025-05-01T11:40:32.368+0000] {processor.py:183} INFO - Processing /home/airflow/.local/lib/python3.12/site-packages/airflow/example_dags/example_branch_operator_decorator.py took 0.274 seconds
[2025-05-01T11:41:02.769+0000] {processor.py:161} INFO - Started process (PID=1177) to work on /home/airflow/.local/lib/python3.12/site-packages/airflow/example_dags/example_branch_operator_decorator.py
[2025-05-01T11:41:02.772+0000] {processor.py:830} INFO - Processing file /home/airflow/.local/lib/python3.12/site-packages/airflow/example_dags/example_branch_operator_decorator.py for tasks to queue
[2025-05-01T11:41:02.777+0000] {logging_mixin.py:188} INFO - [2025-05-01T11:41:02.776+0000] {dagbag.py:545} INFO - Filling up the DagBag from /home/airflow/.local/lib/python3.12/site-packages/airflow/example_dags/example_branch_operator_decorator.py
[2025-05-01T11:41:02.838+0000] {processor.py:840} INFO - DAG(s) 'example_branch_python_operator_decorator' retrieved from /home/airflow/.local/lib/python3.12/site-packages/airflow/example_dags/example_branch_operator_decorator.py
[2025-05-01T11:41:02.902+0000] {logging_mixin.py:188} INFO - [2025-05-01T11:41:02.901+0000] {dag.py:3096} INFO - Sync 1 DAGs
[2025-05-01T11:41:02.955+0000] {logging_mixin.py:188} INFO - [2025-05-01T11:41:02.954+0000] {dag.py:3954} INFO - Setting next_dagrun for example_branch_python_operator_decorator to 2025-04-30 00:00:00+00:00, run_after=2025-05-01 00:00:00+00:00
[2025-05-01T11:41:03.013+0000] {processor.py:183} INFO - Processing /home/airflow/.local/lib/python3.12/site-packages/airflow/example_dags/example_branch_operator_decorator.py took 0.262 seconds
[2025-05-01T11:41:33.668+0000] {processor.py:161} INFO - Started process (PID=1236) to work on /home/airflow/.local/lib/python3.12/site-packages/airflow/example_dags/example_branch_operator_decorator.py
[2025-05-01T11:41:33.670+0000] {processor.py:830} INFO - Processing file /home/airflow/.local/lib/python3.12/site-packages/airflow/example_dags/example_branch_operator_decorator.py for tasks to queue
[2025-05-01T11:41:33.675+0000] {logging_mixin.py:188} INFO - [2025-05-01T11:41:33.674+0000] {dagbag.py:545} INFO - Filling up the DagBag from /home/airflow/.local/lib/python3.12/site-packages/airflow/example_dags/example_branch_operator_decorator.py
[2025-05-01T11:41:33.732+0000] {processor.py:840} INFO - DAG(s) 'example_branch_python_operator_decorator' retrieved from /home/airflow/.local/lib/python3.12/site-packages/airflow/example_dags/example_branch_operator_decorator.py
[2025-05-01T11:41:33.809+0000] {logging_mixin.py:188} INFO - [2025-05-01T11:41:33.808+0000] {dag.py:3096} INFO - Sync 1 DAGs
[2025-05-01T11:41:33.872+0000] {logging_mixin.py:188} INFO - [2025-05-01T11:41:33.871+0000] {dag.py:3954} INFO - Setting next_dagrun for example_branch_python_operator_decorator to 2025-04-30 00:00:00+00:00, run_after=2025-05-01 00:00:00+00:00
[2025-05-01T11:41:33.927+0000] {processor.py:183} INFO - Processing /home/airflow/.local/lib/python3.12/site-packages/airflow/example_dags/example_branch_operator_decorator.py took 0.276 seconds
[2025-05-01T11:42:04.511+0000] {processor.py:161} INFO - Started process (PID=1296) to work on /home/airflow/.local/lib/python3.12/site-packages/airflow/example_dags/example_branch_operator_decorator.py
[2025-05-01T11:42:04.514+0000] {processor.py:830} INFO - Processing file /home/airflow/.local/lib/python3.12/site-packages/airflow/example_dags/example_branch_operator_decorator.py for tasks to queue
[2025-05-01T11:42:04.520+0000] {logging_mixin.py:188} INFO - [2025-05-01T11:42:04.519+0000] {dagbag.py:545} INFO - Filling up the DagBag from /home/airflow/.local/lib/python3.12/site-packages/airflow/example_dags/example_branch_operator_decorator.py
[2025-05-01T11:42:04.606+0000] {processor.py:840} INFO - DAG(s) 'example_branch_python_operator_decorator' retrieved from /home/airflow/.local/lib/python3.12/site-packages/airflow/example_dags/example_branch_operator_decorator.py
[2025-05-01T11:42:04.682+0000] {logging_mixin.py:188} INFO - [2025-05-01T11:42:04.682+0000] {dag.py:3096} INFO - Sync 1 DAGs
[2025-05-01T11:42:04.740+0000] {logging_mixin.py:188} INFO - [2025-05-01T11:42:04.739+0000] {dag.py:3954} INFO - Setting next_dagrun for example_branch_python_operator_decorator to 2025-04-30 00:00:00+00:00, run_after=2025-05-01 00:00:00+00:00
[2025-05-01T11:42:04.783+0000] {processor.py:183} INFO - Processing /home/airflow/.local/lib/python3.12/site-packages/airflow/example_dags/example_branch_operator_decorator.py took 0.287 seconds
[2025-05-01T11:42:35.322+0000] {processor.py:161} INFO - Started process (PID=1355) to work on /home/airflow/.local/lib/python3.12/site-packages/airflow/example_dags/example_branch_operator_decorator.py
[2025-05-01T11:42:35.325+0000] {processor.py:830} INFO - Processing file /home/airflow/.local/lib/python3.12/site-packages/airflow/example_dags/example_branch_operator_decorator.py for tasks to queue
[2025-05-01T11:42:35.329+0000] {logging_mixin.py:188} INFO - [2025-05-01T11:42:35.328+0000] {dagbag.py:545} INFO - Filling up the DagBag from /home/airflow/.local/lib/python3.12/site-packages/airflow/example_dags/example_branch_operator_decorator.py
[2025-05-01T11:42:35.392+0000] {processor.py:840} INFO - DAG(s) 'example_branch_python_operator_decorator' retrieved from /home/airflow/.local/lib/python3.12/site-packages/airflow/example_dags/example_branch_operator_decorator.py
[2025-05-01T11:42:35.458+0000] {logging_mixin.py:188} INFO - [2025-05-01T11:42:35.457+0000] {dag.py:3096} INFO - Sync 1 DAGs
[2025-05-01T11:42:35.516+0000] {logging_mixin.py:188} INFO - [2025-05-01T11:42:35.516+0000] {dag.py:3954} INFO - Setting next_dagrun for example_branch_python_operator_decorator to 2025-04-30 00:00:00+00:00, run_after=2025-05-01 00:00:00+00:00
[2025-05-01T11:42:35.575+0000] {processor.py:183} INFO - Processing /home/airflow/.local/lib/python3.12/site-packages/airflow/example_dags/example_branch_operator_decorator.py took 0.269 seconds
[2025-05-01T11:43:06.225+0000] {processor.py:161} INFO - Started process (PID=1414) to work on /home/airflow/.local/lib/python3.12/site-packages/airflow/example_dags/example_branch_operator_decorator.py
[2025-05-01T11:43:06.228+0000] {processor.py:830} INFO - Processing file /home/airflow/.local/lib/python3.12/site-packages/airflow/example_dags/example_branch_operator_decorator.py for tasks to queue
[2025-05-01T11:43:06.235+0000] {logging_mixin.py:188} INFO - [2025-05-01T11:43:06.235+0000] {dagbag.py:545} INFO - Filling up the DagBag from /home/airflow/.local/lib/python3.12/site-packages/airflow/example_dags/example_branch_operator_decorator.py
[2025-05-01T11:43:06.313+0000] {processor.py:840} INFO - DAG(s) 'example_branch_python_operator_decorator' retrieved from /home/airflow/.local/lib/python3.12/site-packages/airflow/example_dags/example_branch_operator_decorator.py
[2025-05-01T11:43:06.398+0000] {logging_mixin.py:188} INFO - [2025-05-01T11:43:06.397+0000] {dag.py:3096} INFO - Sync 1 DAGs
[2025-05-01T11:43:06.454+0000] {logging_mixin.py:188} INFO - [2025-05-01T11:43:06.454+0000] {dag.py:3954} INFO - Setting next_dagrun for example_branch_python_operator_decorator to 2025-04-30 00:00:00+00:00, run_after=2025-05-01 00:00:00+00:00
[2025-05-01T11:43:06.509+0000] {processor.py:183} INFO - Processing /home/airflow/.local/lib/python3.12/site-packages/airflow/example_dags/example_branch_operator_decorator.py took 0.302 seconds
[2025-05-01T11:43:36.994+0000] {processor.py:161} INFO - Started process (PID=1473) to work on /home/airflow/.local/lib/python3.12/site-packages/airflow/example_dags/example_branch_operator_decorator.py
[2025-05-01T11:43:36.996+0000] {processor.py:830} INFO - Processing file /home/airflow/.local/lib/python3.12/site-packages/airflow/example_dags/example_branch_operator_decorator.py for tasks to queue
[2025-05-01T11:43:37.000+0000] {logging_mixin.py:188} INFO - [2025-05-01T11:43:36.999+0000] {dagbag.py:545} INFO - Filling up the DagBag from /home/airflow/.local/lib/python3.12/site-packages/airflow/example_dags/example_branch_operator_decorator.py
[2025-05-01T11:43:37.054+0000] {processor.py:840} INFO - DAG(s) 'example_branch_python_operator_decorator' retrieved from /home/airflow/.local/lib/python3.12/site-packages/airflow/example_dags/example_branch_operator_decorator.py
[2025-05-01T11:43:37.142+0000] {logging_mixin.py:188} INFO - [2025-05-01T11:43:37.141+0000] {dag.py:3096} INFO - Sync 1 DAGs
[2025-05-01T11:43:37.210+0000] {logging_mixin.py:188} INFO - [2025-05-01T11:43:37.209+0000] {dag.py:3954} INFO - Setting next_dagrun for example_branch_python_operator_decorator to 2025-04-30 00:00:00+00:00, run_after=2025-05-01 00:00:00+00:00
[2025-05-01T11:43:37.264+0000] {processor.py:183} INFO - Processing /home/airflow/.local/lib/python3.12/site-packages/airflow/example_dags/example_branch_operator_decorator.py took 0.285 seconds
[2025-05-01T11:44:07.618+0000] {processor.py:161} INFO - Started process (PID=1532) to work on /home/airflow/.local/lib/python3.12/site-packages/airflow/example_dags/example_branch_operator_decorator.py
[2025-05-01T11:44:07.620+0000] {processor.py:830} INFO - Processing file /home/airflow/.local/lib/python3.12/site-packages/airflow/example_dags/example_branch_operator_decorator.py for tasks to queue
[2025-05-01T11:44:07.625+0000] {logging_mixin.py:188} INFO - [2025-05-01T11:44:07.624+0000] {dagbag.py:545} INFO - Filling up the DagBag from /home/airflow/.local/lib/python3.12/site-packages/airflow/example_dags/example_branch_operator_decorator.py
[2025-05-01T11:44:07.686+0000] {processor.py:840} INFO - DAG(s) 'example_branch_python_operator_decorator' retrieved from /home/airflow/.local/lib/python3.12/site-packages/airflow/example_dags/example_branch_operator_decorator.py
[2025-05-01T11:44:07.781+0000] {logging_mixin.py:188} INFO - [2025-05-01T11:44:07.780+0000] {dag.py:3096} INFO - Sync 1 DAGs
[2025-05-01T11:44:07.851+0000] {logging_mixin.py:188} INFO - [2025-05-01T11:44:07.850+0000] {dag.py:3954} INFO - Setting next_dagrun for example_branch_python_operator_decorator to 2025-04-30 00:00:00+00:00, run_after=2025-05-01 00:00:00+00:00
[2025-05-01T11:44:07.910+0000] {processor.py:183} INFO - Processing /home/airflow/.local/lib/python3.12/site-packages/airflow/example_dags/example_branch_operator_decorator.py took 0.305 seconds
[2025-05-01T11:44:38.037+0000] {processor.py:161} INFO - Started process (PID=1589) to work on /home/airflow/.local/lib/python3.12/site-packages/airflow/example_dags/example_branch_operator_decorator.py
[2025-05-01T11:44:38.040+0000] {processor.py:830} INFO - Processing file /home/airflow/.local/lib/python3.12/site-packages/airflow/example_dags/example_branch_operator_decorator.py for tasks to queue
[2025-05-01T11:44:38.045+0000] {logging_mixin.py:188} INFO - [2025-05-01T11:44:38.044+0000] {dagbag.py:545} INFO - Filling up the DagBag from /home/airflow/.local/lib/python3.12/site-packages/airflow/example_dags/example_branch_operator_decorator.py
[2025-05-01T11:44:38.103+0000] {processor.py:840} INFO - DAG(s) 'example_branch_python_operator_decorator' retrieved from /home/airflow/.local/lib/python3.12/site-packages/airflow/example_dags/example_branch_operator_decorator.py
[2025-05-01T11:44:38.185+0000] {logging_mixin.py:188} INFO - [2025-05-01T11:44:38.184+0000] {dag.py:3096} INFO - Sync 1 DAGs
[2025-05-01T11:44:38.249+0000] {logging_mixin.py:188} INFO - [2025-05-01T11:44:38.248+0000] {dag.py:3954} INFO - Setting next_dagrun for example_branch_python_operator_decorator to 2025-04-30 00:00:00+00:00, run_after=2025-05-01 00:00:00+00:00
[2025-05-01T11:44:38.313+0000] {processor.py:183} INFO - Processing /home/airflow/.local/lib/python3.12/site-packages/airflow/example_dags/example_branch_operator_decorator.py took 0.290 seconds
[2025-05-01T11:45:08.629+0000] {processor.py:161} INFO - Started process (PID=1648) to work on /home/airflow/.local/lib/python3.12/site-packages/airflow/example_dags/example_branch_operator_decorator.py
[2025-05-01T11:45:08.633+0000] {processor.py:830} INFO - Processing file /home/airflow/.local/lib/python3.12/site-packages/airflow/example_dags/example_branch_operator_decorator.py for tasks to queue
[2025-05-01T11:45:08.640+0000] {logging_mixin.py:188} INFO - [2025-05-01T11:45:08.639+0000] {dagbag.py:545} INFO - Filling up the DagBag from /home/airflow/.local/lib/python3.12/site-packages/airflow/example_dags/example_branch_operator_decorator.py
[2025-05-01T11:45:08.720+0000] {processor.py:840} INFO - DAG(s) 'example_branch_python_operator_decorator' retrieved from /home/airflow/.local/lib/python3.12/site-packages/airflow/example_dags/example_branch_operator_decorator.py
[2025-05-01T11:45:08.795+0000] {logging_mixin.py:188} INFO - [2025-05-01T11:45:08.794+0000] {dag.py:3096} INFO - Sync 1 DAGs
[2025-05-01T11:45:08.850+0000] {logging_mixin.py:188} INFO - [2025-05-01T11:45:08.849+0000] {dag.py:3954} INFO - Setting next_dagrun for example_branch_python_operator_decorator to 2025-04-30 00:00:00+00:00, run_after=2025-05-01 00:00:00+00:00
[2025-05-01T11:45:08.896+0000] {processor.py:183} INFO - Processing /home/airflow/.local/lib/python3.12/site-packages/airflow/example_dags/example_branch_operator_decorator.py took 0.282 seconds
[2025-05-01T11:45:39.018+0000] {processor.py:161} INFO - Started process (PID=1707) to work on /home/airflow/.local/lib/python3.12/site-packages/airflow/example_dags/example_branch_operator_decorator.py
[2025-05-01T11:45:39.020+0000] {processor.py:830} INFO - Processing file /home/airflow/.local/lib/python3.12/site-packages/airflow/example_dags/example_branch_operator_decorator.py for tasks to queue
[2025-05-01T11:45:39.025+0000] {logging_mixin.py:188} INFO - [2025-05-01T11:45:39.024+0000] {dagbag.py:545} INFO - Filling up the DagBag from /home/airflow/.local/lib/python3.12/site-packages/airflow/example_dags/example_branch_operator_decorator.py
[2025-05-01T11:45:39.069+0000] {processor.py:840} INFO - DAG(s) 'example_branch_python_operator_decorator' retrieved from /home/airflow/.local/lib/python3.12/site-packages/airflow/example_dags/example_branch_operator_decorator.py
[2025-05-01T11:45:39.131+0000] {logging_mixin.py:188} INFO - [2025-05-01T11:45:39.130+0000] {dag.py:3096} INFO - Sync 1 DAGs
[2025-05-01T11:45:39.180+0000] {logging_mixin.py:188} INFO - [2025-05-01T11:45:39.180+0000] {dag.py:3954} INFO - Setting next_dagrun for example_branch_python_operator_decorator to 2025-04-30 00:00:00+00:00, run_after=2025-05-01 00:00:00+00:00
[2025-05-01T11:45:39.462+0000] {processor.py:183} INFO - Processing /home/airflow/.local/lib/python3.12/site-packages/airflow/example_dags/example_branch_operator_decorator.py took 0.457 seconds
[2025-05-01T11:46:09.664+0000] {processor.py:161} INFO - Started process (PID=1766) to work on /home/airflow/.local/lib/python3.12/site-packages/airflow/example_dags/example_branch_operator_decorator.py
[2025-05-01T11:46:09.666+0000] {processor.py:830} INFO - Processing file /home/airflow/.local/lib/python3.12/site-packages/airflow/example_dags/example_branch_operator_decorator.py for tasks to queue
[2025-05-01T11:46:09.671+0000] {logging_mixin.py:188} INFO - [2025-05-01T11:46:09.670+0000] {dagbag.py:545} INFO - Filling up the DagBag from /home/airflow/.local/lib/python3.12/site-packages/airflow/example_dags/example_branch_operator_decorator.py
[2025-05-01T11:46:09.740+0000] {processor.py:840} INFO - DAG(s) 'example_branch_python_operator_decorator' retrieved from /home/airflow/.local/lib/python3.12/site-packages/airflow/example_dags/example_branch_operator_decorator.py
[2025-05-01T11:46:09.806+0000] {logging_mixin.py:188} INFO - [2025-05-01T11:46:09.805+0000] {dag.py:3096} INFO - Sync 1 DAGs
[2025-05-01T11:46:09.854+0000] {logging_mixin.py:188} INFO - [2025-05-01T11:46:09.854+0000] {dag.py:3954} INFO - Setting next_dagrun for example_branch_python_operator_decorator to 2025-04-30 00:00:00+00:00, run_after=2025-05-01 00:00:00+00:00
[2025-05-01T11:46:09.896+0000] {processor.py:183} INFO - Processing /home/airflow/.local/lib/python3.12/site-packages/airflow/example_dags/example_branch_operator_decorator.py took 0.246 seconds
[2025-05-01T11:46:39.960+0000] {processor.py:161} INFO - Started process (PID=1825) to work on /home/airflow/.local/lib/python3.12/site-packages/airflow/example_dags/example_branch_operator_decorator.py
[2025-05-01T11:46:39.962+0000] {processor.py:830} INFO - Processing file /home/airflow/.local/lib/python3.12/site-packages/airflow/example_dags/example_branch_operator_decorator.py for tasks to queue
[2025-05-01T11:46:39.967+0000] {logging_mixin.py:188} INFO - [2025-05-01T11:46:39.966+0000] {dagbag.py:545} INFO - Filling up the DagBag from /home/airflow/.local/lib/python3.12/site-packages/airflow/example_dags/example_branch_operator_decorator.py
[2025-05-01T11:46:40.011+0000] {processor.py:840} INFO - DAG(s) 'example_branch_python_operator_decorator' retrieved from /home/airflow/.local/lib/python3.12/site-packages/airflow/example_dags/example_branch_operator_decorator.py
[2025-05-01T11:46:40.071+0000] {logging_mixin.py:188} INFO - [2025-05-01T11:46:40.071+0000] {dag.py:3096} INFO - Sync 1 DAGs
[2025-05-01T11:46:40.123+0000] {logging_mixin.py:188} INFO - [2025-05-01T11:46:40.123+0000] {dag.py:3954} INFO - Setting next_dagrun for example_branch_python_operator_decorator to 2025-04-30 00:00:00+00:00, run_after=2025-05-01 00:00:00+00:00
[2025-05-01T11:46:40.199+0000] {processor.py:183} INFO - Processing /home/airflow/.local/lib/python3.12/site-packages/airflow/example_dags/example_branch_operator_decorator.py took 0.251 seconds
[2025-05-01T11:47:11.498+0000] {processor.py:161} INFO - Started process (PID=1884) to work on /home/airflow/.local/lib/python3.12/site-packages/airflow/example_dags/example_branch_operator_decorator.py
[2025-05-01T11:47:11.501+0000] {processor.py:830} INFO - Processing file /home/airflow/.local/lib/python3.12/site-packages/airflow/example_dags/example_branch_operator_decorator.py for tasks to queue
[2025-05-01T11:47:11.506+0000] {logging_mixin.py:188} INFO - [2025-05-01T11:47:11.505+0000] {dagbag.py:545} INFO - Filling up the DagBag from /home/airflow/.local/lib/python3.12/site-packages/airflow/example_dags/example_branch_operator_decorator.py
[2025-05-01T11:47:11.573+0000] {processor.py:840} INFO - DAG(s) 'example_branch_python_operator_decorator' retrieved from /home/airflow/.local/lib/python3.12/site-packages/airflow/example_dags/example_branch_operator_decorator.py
[2025-05-01T11:47:11.675+0000] {logging_mixin.py:188} INFO - [2025-05-01T11:47:11.674+0000] {dag.py:3096} INFO - Sync 1 DAGs
[2025-05-01T11:47:12.061+0000] {logging_mixin.py:188} INFO - [2025-05-01T11:47:12.060+0000] {dag.py:3954} INFO - Setting next_dagrun for example_branch_python_operator_decorator to 2025-04-30 00:00:00+00:00, run_after=2025-05-01 00:00:00+00:00
[2025-05-01T11:47:12.111+0000] {processor.py:183} INFO - Processing /home/airflow/.local/lib/python3.12/site-packages/airflow/example_dags/example_branch_operator_decorator.py took 0.626 seconds
[2025-05-01T11:47:42.712+0000] {processor.py:161} INFO - Started process (PID=1943) to work on /home/airflow/.local/lib/python3.12/site-packages/airflow/example_dags/example_branch_operator_decorator.py
[2025-05-01T11:47:42.715+0000] {processor.py:830} INFO - Processing file /home/airflow/.local/lib/python3.12/site-packages/airflow/example_dags/example_branch_operator_decorator.py for tasks to queue
[2025-05-01T11:47:42.720+0000] {logging_mixin.py:188} INFO - [2025-05-01T11:47:42.719+0000] {dagbag.py:545} INFO - Filling up the DagBag from /home/airflow/.local/lib/python3.12/site-packages/airflow/example_dags/example_branch_operator_decorator.py
[2025-05-01T11:47:42.780+0000] {processor.py:840} INFO - DAG(s) 'example_branch_python_operator_decorator' retrieved from /home/airflow/.local/lib/python3.12/site-packages/airflow/example_dags/example_branch_operator_decorator.py
[2025-05-01T11:47:42.853+0000] {logging_mixin.py:188} INFO - [2025-05-01T11:47:42.852+0000] {dag.py:3096} INFO - Sync 1 DAGs
[2025-05-01T11:47:42.905+0000] {logging_mixin.py:188} INFO - [2025-05-01T11:47:42.905+0000] {dag.py:3954} INFO - Setting next_dagrun for example_branch_python_operator_decorator to 2025-04-30 00:00:00+00:00, run_after=2025-05-01 00:00:00+00:00
[2025-05-01T11:47:43.222+0000] {processor.py:183} INFO - Processing /home/airflow/.local/lib/python3.12/site-packages/airflow/example_dags/example_branch_operator_decorator.py took 0.544 seconds
[2025-05-01T11:48:13.393+0000] {processor.py:161} INFO - Started process (PID=2003) to work on /home/airflow/.local/lib/python3.12/site-packages/airflow/example_dags/example_branch_operator_decorator.py
[2025-05-01T11:48:13.396+0000] {processor.py:830} INFO - Processing file /home/airflow/.local/lib/python3.12/site-packages/airflow/example_dags/example_branch_operator_decorator.py for tasks to queue
[2025-05-01T11:48:13.403+0000] {logging_mixin.py:188} INFO - [2025-05-01T11:48:13.402+0000] {dagbag.py:545} INFO - Filling up the DagBag from /home/airflow/.local/lib/python3.12/site-packages/airflow/example_dags/example_branch_operator_decorator.py
[2025-05-01T11:48:13.521+0000] {processor.py:840} INFO - DAG(s) 'example_branch_python_operator_decorator' retrieved from /home/airflow/.local/lib/python3.12/site-packages/airflow/example_dags/example_branch_operator_decorator.py
[2025-05-01T11:48:13.606+0000] {logging_mixin.py:188} INFO - [2025-05-01T11:48:13.605+0000] {dag.py:3096} INFO - Sync 1 DAGs
[2025-05-01T11:48:13.662+0000] {logging_mixin.py:188} INFO - [2025-05-01T11:48:13.661+0000] {dag.py:3954} INFO - Setting next_dagrun for example_branch_python_operator_decorator to 2025-04-30 00:00:00+00:00, run_after=2025-05-01 00:00:00+00:00
[2025-05-01T11:48:13.716+0000] {processor.py:183} INFO - Processing /home/airflow/.local/lib/python3.12/site-packages/airflow/example_dags/example_branch_operator_decorator.py took 0.342 seconds
[2025-05-01T11:48:43.851+0000] {processor.py:161} INFO - Started process (PID=2061) to work on /home/airflow/.local/lib/python3.12/site-packages/airflow/example_dags/example_branch_operator_decorator.py
[2025-05-01T11:48:43.853+0000] {processor.py:830} INFO - Processing file /home/airflow/.local/lib/python3.12/site-packages/airflow/example_dags/example_branch_operator_decorator.py for tasks to queue
[2025-05-01T11:48:43.857+0000] {logging_mixin.py:188} INFO - [2025-05-01T11:48:43.856+0000] {dagbag.py:545} INFO - Filling up the DagBag from /home/airflow/.local/lib/python3.12/site-packages/airflow/example_dags/example_branch_operator_decorator.py
[2025-05-01T11:48:43.906+0000] {processor.py:840} INFO - DAG(s) 'example_branch_python_operator_decorator' retrieved from /home/airflow/.local/lib/python3.12/site-packages/airflow/example_dags/example_branch_operator_decorator.py
[2025-05-01T11:48:43.982+0000] {logging_mixin.py:188} INFO - [2025-05-01T11:48:43.981+0000] {dag.py:3096} INFO - Sync 1 DAGs
[2025-05-01T11:48:44.041+0000] {logging_mixin.py:188} INFO - [2025-05-01T11:48:44.041+0000] {dag.py:3954} INFO - Setting next_dagrun for example_branch_python_operator_decorator to 2025-04-30 00:00:00+00:00, run_after=2025-05-01 00:00:00+00:00
[2025-05-01T11:48:44.096+0000] {processor.py:183} INFO - Processing /home/airflow/.local/lib/python3.12/site-packages/airflow/example_dags/example_branch_operator_decorator.py took 0.256 seconds
[2025-05-01T11:49:15.280+0000] {processor.py:161} INFO - Started process (PID=2121) to work on /home/airflow/.local/lib/python3.12/site-packages/airflow/example_dags/example_branch_operator_decorator.py
[2025-05-01T11:49:15.283+0000] {processor.py:830} INFO - Processing file /home/airflow/.local/lib/python3.12/site-packages/airflow/example_dags/example_branch_operator_decorator.py for tasks to queue
[2025-05-01T11:49:15.288+0000] {logging_mixin.py:188} INFO - [2025-05-01T11:49:15.287+0000] {dagbag.py:545} INFO - Filling up the DagBag from /home/airflow/.local/lib/python3.12/site-packages/airflow/example_dags/example_branch_operator_decorator.py
[2025-05-01T11:49:15.349+0000] {processor.py:840} INFO - DAG(s) 'example_branch_python_operator_decorator' retrieved from /home/airflow/.local/lib/python3.12/site-packages/airflow/example_dags/example_branch_operator_decorator.py
[2025-05-01T11:49:15.827+0000] {logging_mixin.py:188} INFO - [2025-05-01T11:49:15.827+0000] {dag.py:3096} INFO - Sync 1 DAGs
[2025-05-01T11:49:15.870+0000] {logging_mixin.py:188} INFO - [2025-05-01T11:49:15.870+0000] {dag.py:3954} INFO - Setting next_dagrun for example_branch_python_operator_decorator to 2025-04-30 00:00:00+00:00, run_after=2025-05-01 00:00:00+00:00
[2025-05-01T11:49:15.955+0000] {processor.py:183} INFO - Processing /home/airflow/.local/lib/python3.12/site-packages/airflow/example_dags/example_branch_operator_decorator.py took 0.691 seconds
[2025-05-01T11:49:46.720+0000] {processor.py:161} INFO - Started process (PID=2180) to work on /home/airflow/.local/lib/python3.12/site-packages/airflow/example_dags/example_branch_operator_decorator.py
[2025-05-01T11:49:46.722+0000] {processor.py:830} INFO - Processing file /home/airflow/.local/lib/python3.12/site-packages/airflow/example_dags/example_branch_operator_decorator.py for tasks to queue
[2025-05-01T11:49:46.726+0000] {logging_mixin.py:188} INFO - [2025-05-01T11:49:46.726+0000] {dagbag.py:545} INFO - Filling up the DagBag from /home/airflow/.local/lib/python3.12/site-packages/airflow/example_dags/example_branch_operator_decorator.py
[2025-05-01T11:49:46.774+0000] {processor.py:840} INFO - DAG(s) 'example_branch_python_operator_decorator' retrieved from /home/airflow/.local/lib/python3.12/site-packages/airflow/example_dags/example_branch_operator_decorator.py
[2025-05-01T11:49:46.840+0000] {logging_mixin.py:188} INFO - [2025-05-01T11:49:46.840+0000] {dag.py:3096} INFO - Sync 1 DAGs
[2025-05-01T11:49:46.892+0000] {logging_mixin.py:188} INFO - [2025-05-01T11:49:46.891+0000] {dag.py:3954} INFO - Setting next_dagrun for example_branch_python_operator_decorator to 2025-04-30 00:00:00+00:00, run_after=2025-05-01 00:00:00+00:00
[2025-05-01T11:49:46.939+0000] {processor.py:183} INFO - Processing /home/airflow/.local/lib/python3.12/site-packages/airflow/example_dags/example_branch_operator_decorator.py took 0.231 seconds
[2025-05-01T11:50:17.241+0000] {processor.py:161} INFO - Started process (PID=2239) to work on /home/airflow/.local/lib/python3.12/site-packages/airflow/example_dags/example_branch_operator_decorator.py
[2025-05-01T11:50:17.244+0000] {processor.py:830} INFO - Processing file /home/airflow/.local/lib/python3.12/site-packages/airflow/example_dags/example_branch_operator_decorator.py for tasks to queue
[2025-05-01T11:50:17.248+0000] {logging_mixin.py:188} INFO - [2025-05-01T11:50:17.247+0000] {dagbag.py:545} INFO - Filling up the DagBag from /home/airflow/.local/lib/python3.12/site-packages/airflow/example_dags/example_branch_operator_decorator.py
[2025-05-01T11:50:17.297+0000] {processor.py:840} INFO - DAG(s) 'example_branch_python_operator_decorator' retrieved from /home/airflow/.local/lib/python3.12/site-packages/airflow/example_dags/example_branch_operator_decorator.py
[2025-05-01T11:50:17.385+0000] {logging_mixin.py:188} INFO - [2025-05-01T11:50:17.385+0000] {dag.py:3096} INFO - Sync 1 DAGs
[2025-05-01T11:50:17.462+0000] {logging_mixin.py:188} INFO - [2025-05-01T11:50:17.461+0000] {dag.py:3954} INFO - Setting next_dagrun for example_branch_python_operator_decorator to 2025-04-30 00:00:00+00:00, run_after=2025-05-01 00:00:00+00:00
[2025-05-01T11:50:17.533+0000] {processor.py:183} INFO - Processing /home/airflow/.local/lib/python3.12/site-packages/airflow/example_dags/example_branch_operator_decorator.py took 0.303 seconds
[2025-05-01T11:50:47.880+0000] {processor.py:161} INFO - Started process (PID=2299) to work on /home/airflow/.local/lib/python3.12/site-packages/airflow/example_dags/example_branch_operator_decorator.py
[2025-05-01T11:50:47.883+0000] {processor.py:830} INFO - Processing file /home/airflow/.local/lib/python3.12/site-packages/airflow/example_dags/example_branch_operator_decorator.py for tasks to queue
[2025-05-01T11:50:47.887+0000] {logging_mixin.py:188} INFO - [2025-05-01T11:50:47.886+0000] {dagbag.py:545} INFO - Filling up the DagBag from /home/airflow/.local/lib/python3.12/site-packages/airflow/example_dags/example_branch_operator_decorator.py
[2025-05-01T11:50:47.935+0000] {processor.py:840} INFO - DAG(s) 'example_branch_python_operator_decorator' retrieved from /home/airflow/.local/lib/python3.12/site-packages/airflow/example_dags/example_branch_operator_decorator.py
[2025-05-01T11:50:48.015+0000] {logging_mixin.py:188} INFO - [2025-05-01T11:50:48.014+0000] {dag.py:3096} INFO - Sync 1 DAGs
[2025-05-01T11:50:48.091+0000] {logging_mixin.py:188} INFO - [2025-05-01T11:50:48.091+0000] {dag.py:3954} INFO - Setting next_dagrun for example_branch_python_operator_decorator to 2025-04-30 00:00:00+00:00, run_after=2025-05-01 00:00:00+00:00
[2025-05-01T11:50:48.138+0000] {processor.py:183} INFO - Processing /home/airflow/.local/lib/python3.12/site-packages/airflow/example_dags/example_branch_operator_decorator.py took 0.270 seconds
[2025-05-01T11:51:18.449+0000] {processor.py:161} INFO - Started process (PID=2358) to work on /home/airflow/.local/lib/python3.12/site-packages/airflow/example_dags/example_branch_operator_decorator.py
[2025-05-01T11:51:18.451+0000] {processor.py:830} INFO - Processing file /home/airflow/.local/lib/python3.12/site-packages/airflow/example_dags/example_branch_operator_decorator.py for tasks to queue
[2025-05-01T11:51:18.456+0000] {logging_mixin.py:188} INFO - [2025-05-01T11:51:18.455+0000] {dagbag.py:545} INFO - Filling up the DagBag from /home/airflow/.local/lib/python3.12/site-packages/airflow/example_dags/example_branch_operator_decorator.py
[2025-05-01T11:51:18.522+0000] {processor.py:840} INFO - DAG(s) 'example_branch_python_operator_decorator' retrieved from /home/airflow/.local/lib/python3.12/site-packages/airflow/example_dags/example_branch_operator_decorator.py
[2025-05-01T11:51:18.602+0000] {logging_mixin.py:188} INFO - [2025-05-01T11:51:18.601+0000] {dag.py:3096} INFO - Sync 1 DAGs
[2025-05-01T11:51:18.673+0000] {logging_mixin.py:188} INFO - [2025-05-01T11:51:18.673+0000] {dag.py:3954} INFO - Setting next_dagrun for example_branch_python_operator_decorator to 2025-04-30 00:00:00+00:00, run_after=2025-05-01 00:00:00+00:00
[2025-05-01T11:51:18.732+0000] {processor.py:183} INFO - Processing /home/airflow/.local/lib/python3.12/site-packages/airflow/example_dags/example_branch_operator_decorator.py took 0.297 seconds
[2025-05-01T11:51:48.950+0000] {processor.py:161} INFO - Started process (PID=2417) to work on /home/airflow/.local/lib/python3.12/site-packages/airflow/example_dags/example_branch_operator_decorator.py
[2025-05-01T11:51:48.952+0000] {processor.py:830} INFO - Processing file /home/airflow/.local/lib/python3.12/site-packages/airflow/example_dags/example_branch_operator_decorator.py for tasks to queue
[2025-05-01T11:51:48.957+0000] {logging_mixin.py:188} INFO - [2025-05-01T11:51:48.956+0000] {dagbag.py:545} INFO - Filling up the DagBag from /home/airflow/.local/lib/python3.12/site-packages/airflow/example_dags/example_branch_operator_decorator.py
[2025-05-01T11:51:49.008+0000] {processor.py:840} INFO - DAG(s) 'example_branch_python_operator_decorator' retrieved from /home/airflow/.local/lib/python3.12/site-packages/airflow/example_dags/example_branch_operator_decorator.py
[2025-05-01T11:51:49.091+0000] {logging_mixin.py:188} INFO - [2025-05-01T11:51:49.091+0000] {dag.py:3096} INFO - Sync 1 DAGs
[2025-05-01T11:51:49.154+0000] {logging_mixin.py:188} INFO - [2025-05-01T11:51:49.154+0000] {dag.py:3954} INFO - Setting next_dagrun for example_branch_python_operator_decorator to 2025-04-30 00:00:00+00:00, run_after=2025-05-01 00:00:00+00:00
[2025-05-01T11:51:49.203+0000] {processor.py:183} INFO - Processing /home/airflow/.local/lib/python3.12/site-packages/airflow/example_dags/example_branch_operator_decorator.py took 0.266 seconds
[2025-05-01T11:52:19.855+0000] {processor.py:161} INFO - Started process (PID=2475) to work on /home/airflow/.local/lib/python3.12/site-packages/airflow/example_dags/example_branch_operator_decorator.py
[2025-05-01T11:52:19.858+0000] {processor.py:830} INFO - Processing file /home/airflow/.local/lib/python3.12/site-packages/airflow/example_dags/example_branch_operator_decorator.py for tasks to queue
[2025-05-01T11:52:19.862+0000] {logging_mixin.py:188} INFO - [2025-05-01T11:52:19.861+0000] {dagbag.py:545} INFO - Filling up the DagBag from /home/airflow/.local/lib/python3.12/site-packages/airflow/example_dags/example_branch_operator_decorator.py
[2025-05-01T11:52:19.915+0000] {processor.py:840} INFO - DAG(s) 'example_branch_python_operator_decorator' retrieved from /home/airflow/.local/lib/python3.12/site-packages/airflow/example_dags/example_branch_operator_decorator.py
[2025-05-01T11:52:19.985+0000] {logging_mixin.py:188} INFO - [2025-05-01T11:52:19.984+0000] {dag.py:3096} INFO - Sync 1 DAGs
[2025-05-01T11:52:20.041+0000] {logging_mixin.py:188} INFO - [2025-05-01T11:52:20.040+0000] {dag.py:3954} INFO - Setting next_dagrun for example_branch_python_operator_decorator to 2025-04-30 00:00:00+00:00, run_after=2025-05-01 00:00:00+00:00
[2025-05-01T11:52:20.097+0000] {processor.py:183} INFO - Processing /home/airflow/.local/lib/python3.12/site-packages/airflow/example_dags/example_branch_operator_decorator.py took 0.255 seconds
[2025-05-01T11:52:50.339+0000] {processor.py:161} INFO - Started process (PID=2534) to work on /home/airflow/.local/lib/python3.12/site-packages/airflow/example_dags/example_branch_operator_decorator.py
[2025-05-01T11:52:50.341+0000] {processor.py:830} INFO - Processing file /home/airflow/.local/lib/python3.12/site-packages/airflow/example_dags/example_branch_operator_decorator.py for tasks to queue
[2025-05-01T11:52:50.345+0000] {logging_mixin.py:188} INFO - [2025-05-01T11:52:50.344+0000] {dagbag.py:545} INFO - Filling up the DagBag from /home/airflow/.local/lib/python3.12/site-packages/airflow/example_dags/example_branch_operator_decorator.py
[2025-05-01T11:52:50.386+0000] {processor.py:840} INFO - DAG(s) 'example_branch_python_operator_decorator' retrieved from /home/airflow/.local/lib/python3.12/site-packages/airflow/example_dags/example_branch_operator_decorator.py
[2025-05-01T11:52:50.448+0000] {logging_mixin.py:188} INFO - [2025-05-01T11:52:50.448+0000] {dag.py:3096} INFO - Sync 1 DAGs
[2025-05-01T11:52:50.495+0000] {logging_mixin.py:188} INFO - [2025-05-01T11:52:50.495+0000] {dag.py:3954} INFO - Setting next_dagrun for example_branch_python_operator_decorator to 2025-04-30 00:00:00+00:00, run_after=2025-05-01 00:00:00+00:00
[2025-05-01T11:52:50.539+0000] {processor.py:183} INFO - Processing /home/airflow/.local/lib/python3.12/site-packages/airflow/example_dags/example_branch_operator_decorator.py took 0.211 seconds
[2025-05-01T11:53:21.089+0000] {processor.py:161} INFO - Started process (PID=2593) to work on /home/airflow/.local/lib/python3.12/site-packages/airflow/example_dags/example_branch_operator_decorator.py
[2025-05-01T11:53:21.092+0000] {processor.py:830} INFO - Processing file /home/airflow/.local/lib/python3.12/site-packages/airflow/example_dags/example_branch_operator_decorator.py for tasks to queue
[2025-05-01T11:53:21.096+0000] {logging_mixin.py:188} INFO - [2025-05-01T11:53:21.095+0000] {dagbag.py:545} INFO - Filling up the DagBag from /home/airflow/.local/lib/python3.12/site-packages/airflow/example_dags/example_branch_operator_decorator.py
[2025-05-01T11:53:21.153+0000] {processor.py:840} INFO - DAG(s) 'example_branch_python_operator_decorator' retrieved from /home/airflow/.local/lib/python3.12/site-packages/airflow/example_dags/example_branch_operator_decorator.py
[2025-05-01T11:53:21.261+0000] {logging_mixin.py:188} INFO - [2025-05-01T11:53:21.260+0000] {dag.py:3096} INFO - Sync 1 DAGs
[2025-05-01T11:53:21.322+0000] {logging_mixin.py:188} INFO - [2025-05-01T11:53:21.322+0000] {dag.py:3954} INFO - Setting next_dagrun for example_branch_python_operator_decorator to 2025-04-30 00:00:00+00:00, run_after=2025-05-01 00:00:00+00:00
[2025-05-01T11:53:21.407+0000] {processor.py:183} INFO - Processing /home/airflow/.local/lib/python3.12/site-packages/airflow/example_dags/example_branch_operator_decorator.py took 0.330 seconds
[2025-05-01T11:53:51.657+0000] {processor.py:161} INFO - Started process (PID=2652) to work on /home/airflow/.local/lib/python3.12/site-packages/airflow/example_dags/example_branch_operator_decorator.py
[2025-05-01T11:53:51.659+0000] {processor.py:830} INFO - Processing file /home/airflow/.local/lib/python3.12/site-packages/airflow/example_dags/example_branch_operator_decorator.py for tasks to queue
[2025-05-01T11:53:51.663+0000] {logging_mixin.py:188} INFO - [2025-05-01T11:53:51.662+0000] {dagbag.py:545} INFO - Filling up the DagBag from /home/airflow/.local/lib/python3.12/site-packages/airflow/example_dags/example_branch_operator_decorator.py
[2025-05-01T11:53:51.716+0000] {processor.py:840} INFO - DAG(s) 'example_branch_python_operator_decorator' retrieved from /home/airflow/.local/lib/python3.12/site-packages/airflow/example_dags/example_branch_operator_decorator.py
[2025-05-01T11:53:51.796+0000] {logging_mixin.py:188} INFO - [2025-05-01T11:53:51.795+0000] {dag.py:3096} INFO - Sync 1 DAGs
[2025-05-01T11:53:51.845+0000] {logging_mixin.py:188} INFO - [2025-05-01T11:53:51.844+0000] {dag.py:3954} INFO - Setting next_dagrun for example_branch_python_operator_decorator to 2025-04-30 00:00:00+00:00, run_after=2025-05-01 00:00:00+00:00
[2025-05-01T11:53:51.887+0000] {processor.py:183} INFO - Processing /home/airflow/.local/lib/python3.12/site-packages/airflow/example_dags/example_branch_operator_decorator.py took 0.246 seconds
[2025-05-01T11:54:22.366+0000] {processor.py:161} INFO - Started process (PID=2711) to work on /home/airflow/.local/lib/python3.12/site-packages/airflow/example_dags/example_branch_operator_decorator.py
[2025-05-01T11:54:22.368+0000] {processor.py:830} INFO - Processing file /home/airflow/.local/lib/python3.12/site-packages/airflow/example_dags/example_branch_operator_decorator.py for tasks to queue
[2025-05-01T11:54:22.373+0000] {logging_mixin.py:188} INFO - [2025-05-01T11:54:22.372+0000] {dagbag.py:545} INFO - Filling up the DagBag from /home/airflow/.local/lib/python3.12/site-packages/airflow/example_dags/example_branch_operator_decorator.py
[2025-05-01T11:54:22.428+0000] {processor.py:840} INFO - DAG(s) 'example_branch_python_operator_decorator' retrieved from /home/airflow/.local/lib/python3.12/site-packages/airflow/example_dags/example_branch_operator_decorator.py
[2025-05-01T11:54:22.513+0000] {logging_mixin.py:188} INFO - [2025-05-01T11:54:22.512+0000] {dag.py:3096} INFO - Sync 1 DAGs
[2025-05-01T11:54:22.598+0000] {logging_mixin.py:188} INFO - [2025-05-01T11:54:22.597+0000] {dag.py:3954} INFO - Setting next_dagrun for example_branch_python_operator_decorator to 2025-04-30 00:00:00+00:00, run_after=2025-05-01 00:00:00+00:00
[2025-05-01T11:54:22.651+0000] {processor.py:183} INFO - Processing /home/airflow/.local/lib/python3.12/site-packages/airflow/example_dags/example_branch_operator_decorator.py took 0.302 seconds
[2025-05-01T11:54:52.853+0000] {processor.py:161} INFO - Started process (PID=2770) to work on /home/airflow/.local/lib/python3.12/site-packages/airflow/example_dags/example_branch_operator_decorator.py
[2025-05-01T11:54:52.856+0000] {processor.py:830} INFO - Processing file /home/airflow/.local/lib/python3.12/site-packages/airflow/example_dags/example_branch_operator_decorator.py for tasks to queue
[2025-05-01T11:54:52.860+0000] {logging_mixin.py:188} INFO - [2025-05-01T11:54:52.859+0000] {dagbag.py:545} INFO - Filling up the DagBag from /home/airflow/.local/lib/python3.12/site-packages/airflow/example_dags/example_branch_operator_decorator.py
[2025-05-01T11:54:52.923+0000] {processor.py:840} INFO - DAG(s) 'example_branch_python_operator_decorator' retrieved from /home/airflow/.local/lib/python3.12/site-packages/airflow/example_dags/example_branch_operator_decorator.py
[2025-05-01T11:54:52.994+0000] {logging_mixin.py:188} INFO - [2025-05-01T11:54:52.993+0000] {dag.py:3096} INFO - Sync 1 DAGs
[2025-05-01T11:54:53.063+0000] {logging_mixin.py:188} INFO - [2025-05-01T11:54:53.062+0000] {dag.py:3954} INFO - Setting next_dagrun for example_branch_python_operator_decorator to 2025-04-30 00:00:00+00:00, run_after=2025-05-01 00:00:00+00:00
[2025-05-01T11:54:53.117+0000] {processor.py:183} INFO - Processing /home/airflow/.local/lib/python3.12/site-packages/airflow/example_dags/example_branch_operator_decorator.py took 0.276 seconds
[2025-05-01T11:55:23.539+0000] {processor.py:161} INFO - Started process (PID=2829) to work on /home/airflow/.local/lib/python3.12/site-packages/airflow/example_dags/example_branch_operator_decorator.py
[2025-05-01T11:55:23.542+0000] {processor.py:830} INFO - Processing file /home/airflow/.local/lib/python3.12/site-packages/airflow/example_dags/example_branch_operator_decorator.py for tasks to queue
[2025-05-01T11:55:23.545+0000] {logging_mixin.py:188} INFO - [2025-05-01T11:55:23.545+0000] {dagbag.py:545} INFO - Filling up the DagBag from /home/airflow/.local/lib/python3.12/site-packages/airflow/example_dags/example_branch_operator_decorator.py
[2025-05-01T11:55:23.592+0000] {processor.py:840} INFO - DAG(s) 'example_branch_python_operator_decorator' retrieved from /home/airflow/.local/lib/python3.12/site-packages/airflow/example_dags/example_branch_operator_decorator.py
[2025-05-01T11:55:23.658+0000] {logging_mixin.py:188} INFO - [2025-05-01T11:55:23.658+0000] {dag.py:3096} INFO - Sync 1 DAGs
[2025-05-01T11:55:23.708+0000] {logging_mixin.py:188} INFO - [2025-05-01T11:55:23.707+0000] {dag.py:3954} INFO - Setting next_dagrun for example_branch_python_operator_decorator to 2025-04-30 00:00:00+00:00, run_after=2025-05-01 00:00:00+00:00
[2025-05-01T11:55:23.792+0000] {processor.py:183} INFO - Processing /home/airflow/.local/lib/python3.12/site-packages/airflow/example_dags/example_branch_operator_decorator.py took 0.267 seconds
[2025-05-01T11:55:54.482+0000] {processor.py:161} INFO - Started process (PID=2888) to work on /home/airflow/.local/lib/python3.12/site-packages/airflow/example_dags/example_branch_operator_decorator.py
[2025-05-01T11:55:54.484+0000] {processor.py:830} INFO - Processing file /home/airflow/.local/lib/python3.12/site-packages/airflow/example_dags/example_branch_operator_decorator.py for tasks to queue
[2025-05-01T11:55:54.488+0000] {logging_mixin.py:188} INFO - [2025-05-01T11:55:54.488+0000] {dagbag.py:545} INFO - Filling up the DagBag from /home/airflow/.local/lib/python3.12/site-packages/airflow/example_dags/example_branch_operator_decorator.py
[2025-05-01T11:55:54.533+0000] {processor.py:840} INFO - DAG(s) 'example_branch_python_operator_decorator' retrieved from /home/airflow/.local/lib/python3.12/site-packages/airflow/example_dags/example_branch_operator_decorator.py
[2025-05-01T11:55:54.601+0000] {logging_mixin.py:188} INFO - [2025-05-01T11:55:54.601+0000] {dag.py:3096} INFO - Sync 1 DAGs
[2025-05-01T11:55:54.654+0000] {logging_mixin.py:188} INFO - [2025-05-01T11:55:54.653+0000] {dag.py:3954} INFO - Setting next_dagrun for example_branch_python_operator_decorator to 2025-04-30 00:00:00+00:00, run_after=2025-05-01 00:00:00+00:00
[2025-05-01T11:55:54.699+0000] {processor.py:183} INFO - Processing /home/airflow/.local/lib/python3.12/site-packages/airflow/example_dags/example_branch_operator_decorator.py took 0.229 seconds
[2025-05-01T11:56:25.229+0000] {processor.py:161} INFO - Started process (PID=2947) to work on /home/airflow/.local/lib/python3.12/site-packages/airflow/example_dags/example_branch_operator_decorator.py
[2025-05-01T11:56:25.231+0000] {processor.py:830} INFO - Processing file /home/airflow/.local/lib/python3.12/site-packages/airflow/example_dags/example_branch_operator_decorator.py for tasks to queue
[2025-05-01T11:56:25.236+0000] {logging_mixin.py:188} INFO - [2025-05-01T11:56:25.235+0000] {dagbag.py:545} INFO - Filling up the DagBag from /home/airflow/.local/lib/python3.12/site-packages/airflow/example_dags/example_branch_operator_decorator.py
[2025-05-01T11:56:25.297+0000] {processor.py:840} INFO - DAG(s) 'example_branch_python_operator_decorator' retrieved from /home/airflow/.local/lib/python3.12/site-packages/airflow/example_dags/example_branch_operator_decorator.py
[2025-05-01T11:56:25.367+0000] {logging_mixin.py:188} INFO - [2025-05-01T11:56:25.367+0000] {dag.py:3096} INFO - Sync 1 DAGs
[2025-05-01T11:56:25.422+0000] {logging_mixin.py:188} INFO - [2025-05-01T11:56:25.422+0000] {dag.py:3954} INFO - Setting next_dagrun for example_branch_python_operator_decorator to 2025-04-30 00:00:00+00:00, run_after=2025-05-01 00:00:00+00:00
[2025-05-01T11:56:25.501+0000] {processor.py:183} INFO - Processing /home/airflow/.local/lib/python3.12/site-packages/airflow/example_dags/example_branch_operator_decorator.py took 0.286 seconds
[2025-05-01T11:56:55.922+0000] {processor.py:161} INFO - Started process (PID=3006) to work on /home/airflow/.local/lib/python3.12/site-packages/airflow/example_dags/example_branch_operator_decorator.py
[2025-05-01T11:56:55.924+0000] {processor.py:830} INFO - Processing file /home/airflow/.local/lib/python3.12/site-packages/airflow/example_dags/example_branch_operator_decorator.py for tasks to queue
[2025-05-01T11:56:55.928+0000] {logging_mixin.py:188} INFO - [2025-05-01T11:56:55.927+0000] {dagbag.py:545} INFO - Filling up the DagBag from /home/airflow/.local/lib/python3.12/site-packages/airflow/example_dags/example_branch_operator_decorator.py
[2025-05-01T11:56:55.973+0000] {processor.py:840} INFO - DAG(s) 'example_branch_python_operator_decorator' retrieved from /home/airflow/.local/lib/python3.12/site-packages/airflow/example_dags/example_branch_operator_decorator.py
[2025-05-01T11:56:56.043+0000] {logging_mixin.py:188} INFO - [2025-05-01T11:56:56.043+0000] {dag.py:3096} INFO - Sync 1 DAGs
[2025-05-01T11:56:56.099+0000] {logging_mixin.py:188} INFO - [2025-05-01T11:56:56.098+0000] {dag.py:3954} INFO - Setting next_dagrun for example_branch_python_operator_decorator to 2025-04-30 00:00:00+00:00, run_after=2025-05-01 00:00:00+00:00
[2025-05-01T11:56:56.167+0000] {processor.py:183} INFO - Processing /home/airflow/.local/lib/python3.12/site-packages/airflow/example_dags/example_branch_operator_decorator.py took 0.256 seconds
[2025-05-01T11:57:26.480+0000] {processor.py:161} INFO - Started process (PID=3065) to work on /home/airflow/.local/lib/python3.12/site-packages/airflow/example_dags/example_branch_operator_decorator.py
[2025-05-01T11:57:26.482+0000] {processor.py:830} INFO - Processing file /home/airflow/.local/lib/python3.12/site-packages/airflow/example_dags/example_branch_operator_decorator.py for tasks to queue
[2025-05-01T11:57:26.487+0000] {logging_mixin.py:188} INFO - [2025-05-01T11:57:26.486+0000] {dagbag.py:545} INFO - Filling up the DagBag from /home/airflow/.local/lib/python3.12/site-packages/airflow/example_dags/example_branch_operator_decorator.py
[2025-05-01T11:57:26.536+0000] {processor.py:840} INFO - DAG(s) 'example_branch_python_operator_decorator' retrieved from /home/airflow/.local/lib/python3.12/site-packages/airflow/example_dags/example_branch_operator_decorator.py
[2025-05-01T11:57:26.615+0000] {logging_mixin.py:188} INFO - [2025-05-01T11:57:26.614+0000] {dag.py:3096} INFO - Sync 1 DAGs
[2025-05-01T11:57:26.676+0000] {logging_mixin.py:188} INFO - [2025-05-01T11:57:26.676+0000] {dag.py:3954} INFO - Setting next_dagrun for example_branch_python_operator_decorator to 2025-04-30 00:00:00+00:00, run_after=2025-05-01 00:00:00+00:00
[2025-05-01T11:57:26.764+0000] {processor.py:183} INFO - Processing /home/airflow/.local/lib/python3.12/site-packages/airflow/example_dags/example_branch_operator_decorator.py took 0.297 seconds
[2025-05-01T11:57:56.933+0000] {processor.py:161} INFO - Started process (PID=3124) to work on /home/airflow/.local/lib/python3.12/site-packages/airflow/example_dags/example_branch_operator_decorator.py
[2025-05-01T11:57:56.935+0000] {processor.py:830} INFO - Processing file /home/airflow/.local/lib/python3.12/site-packages/airflow/example_dags/example_branch_operator_decorator.py for tasks to queue
[2025-05-01T11:57:56.939+0000] {logging_mixin.py:188} INFO - [2025-05-01T11:57:56.938+0000] {dagbag.py:545} INFO - Filling up the DagBag from /home/airflow/.local/lib/python3.12/site-packages/airflow/example_dags/example_branch_operator_decorator.py
[2025-05-01T11:57:56.986+0000] {processor.py:840} INFO - DAG(s) 'example_branch_python_operator_decorator' retrieved from /home/airflow/.local/lib/python3.12/site-packages/airflow/example_dags/example_branch_operator_decorator.py
[2025-05-01T11:57:57.067+0000] {logging_mixin.py:188} INFO - [2025-05-01T11:57:57.067+0000] {dag.py:3096} INFO - Sync 1 DAGs
[2025-05-01T11:57:57.120+0000] {logging_mixin.py:188} INFO - [2025-05-01T11:57:57.120+0000] {dag.py:3954} INFO - Setting next_dagrun for example_branch_python_operator_decorator to 2025-04-30 00:00:00+00:00, run_after=2025-05-01 00:00:00+00:00
[2025-05-01T11:57:57.205+0000] {processor.py:183} INFO - Processing /home/airflow/.local/lib/python3.12/site-packages/airflow/example_dags/example_branch_operator_decorator.py took 0.284 seconds
[2025-05-01T11:58:27.437+0000] {processor.py:161} INFO - Started process (PID=3183) to work on /home/airflow/.local/lib/python3.12/site-packages/airflow/example_dags/example_branch_operator_decorator.py
[2025-05-01T11:58:27.439+0000] {processor.py:830} INFO - Processing file /home/airflow/.local/lib/python3.12/site-packages/airflow/example_dags/example_branch_operator_decorator.py for tasks to queue
[2025-05-01T11:58:27.443+0000] {logging_mixin.py:188} INFO - [2025-05-01T11:58:27.443+0000] {dagbag.py:545} INFO - Filling up the DagBag from /home/airflow/.local/lib/python3.12/site-packages/airflow/example_dags/example_branch_operator_decorator.py
[2025-05-01T11:58:27.500+0000] {processor.py:840} INFO - DAG(s) 'example_branch_python_operator_decorator' retrieved from /home/airflow/.local/lib/python3.12/site-packages/airflow/example_dags/example_branch_operator_decorator.py
[2025-05-01T11:58:27.566+0000] {logging_mixin.py:188} INFO - [2025-05-01T11:58:27.566+0000] {dag.py:3096} INFO - Sync 1 DAGs
[2025-05-01T11:58:27.628+0000] {logging_mixin.py:188} INFO - [2025-05-01T11:58:27.627+0000] {dag.py:3954} INFO - Setting next_dagrun for example_branch_python_operator_decorator to 2025-04-30 00:00:00+00:00, run_after=2025-05-01 00:00:00+00:00
[2025-05-01T11:58:27.713+0000] {processor.py:183} INFO - Processing /home/airflow/.local/lib/python3.12/site-packages/airflow/example_dags/example_branch_operator_decorator.py took 0.289 seconds
[2025-05-01T11:58:58.939+0000] {processor.py:161} INFO - Started process (PID=3243) to work on /home/airflow/.local/lib/python3.12/site-packages/airflow/example_dags/example_branch_operator_decorator.py
[2025-05-01T11:58:58.942+0000] {processor.py:830} INFO - Processing file /home/airflow/.local/lib/python3.12/site-packages/airflow/example_dags/example_branch_operator_decorator.py for tasks to queue
[2025-05-01T11:58:58.948+0000] {logging_mixin.py:188} INFO - [2025-05-01T11:58:58.947+0000] {dagbag.py:545} INFO - Filling up the DagBag from /home/airflow/.local/lib/python3.12/site-packages/airflow/example_dags/example_branch_operator_decorator.py
[2025-05-01T11:58:59.021+0000] {processor.py:840} INFO - DAG(s) 'example_branch_python_operator_decorator' retrieved from /home/airflow/.local/lib/python3.12/site-packages/airflow/example_dags/example_branch_operator_decorator.py
[2025-05-01T11:58:59.113+0000] {logging_mixin.py:188} INFO - [2025-05-01T11:58:59.112+0000] {dag.py:3096} INFO - Sync 1 DAGs
[2025-05-01T11:58:59.181+0000] {logging_mixin.py:188} INFO - [2025-05-01T11:58:59.180+0000] {dag.py:3954} INFO - Setting next_dagrun for example_branch_python_operator_decorator to 2025-04-30 00:00:00+00:00, run_after=2025-05-01 00:00:00+00:00
[2025-05-01T11:58:59.274+0000] {processor.py:183} INFO - Processing /home/airflow/.local/lib/python3.12/site-packages/airflow/example_dags/example_branch_operator_decorator.py took 0.357 seconds
[2025-05-01T11:59:29.396+0000] {processor.py:161} INFO - Started process (PID=3302) to work on /home/airflow/.local/lib/python3.12/site-packages/airflow/example_dags/example_branch_operator_decorator.py
[2025-05-01T11:59:29.399+0000] {processor.py:830} INFO - Processing file /home/airflow/.local/lib/python3.12/site-packages/airflow/example_dags/example_branch_operator_decorator.py for tasks to queue
[2025-05-01T11:59:29.403+0000] {logging_mixin.py:188} INFO - [2025-05-01T11:59:29.402+0000] {dagbag.py:545} INFO - Filling up the DagBag from /home/airflow/.local/lib/python3.12/site-packages/airflow/example_dags/example_branch_operator_decorator.py
[2025-05-01T11:59:29.444+0000] {processor.py:840} INFO - DAG(s) 'example_branch_python_operator_decorator' retrieved from /home/airflow/.local/lib/python3.12/site-packages/airflow/example_dags/example_branch_operator_decorator.py
[2025-05-01T11:59:29.501+0000] {logging_mixin.py:188} INFO - [2025-05-01T11:59:29.500+0000] {dag.py:3096} INFO - Sync 1 DAGs
[2025-05-01T11:59:29.548+0000] {logging_mixin.py:188} INFO - [2025-05-01T11:59:29.548+0000] {dag.py:3954} INFO - Setting next_dagrun for example_branch_python_operator_decorator to 2025-04-30 00:00:00+00:00, run_after=2025-05-01 00:00:00+00:00
[2025-05-01T11:59:29.601+0000] {processor.py:183} INFO - Processing /home/airflow/.local/lib/python3.12/site-packages/airflow/example_dags/example_branch_operator_decorator.py took 0.216 seconds
[2025-05-01T12:00:00.299+0000] {processor.py:161} INFO - Started process (PID=3361) to work on /home/airflow/.local/lib/python3.12/site-packages/airflow/example_dags/example_branch_operator_decorator.py
[2025-05-01T12:00:00.301+0000] {processor.py:830} INFO - Processing file /home/airflow/.local/lib/python3.12/site-packages/airflow/example_dags/example_branch_operator_decorator.py for tasks to queue
[2025-05-01T12:00:00.306+0000] {logging_mixin.py:188} INFO - [2025-05-01T12:00:00.305+0000] {dagbag.py:545} INFO - Filling up the DagBag from /home/airflow/.local/lib/python3.12/site-packages/airflow/example_dags/example_branch_operator_decorator.py
[2025-05-01T12:00:00.373+0000] {processor.py:840} INFO - DAG(s) 'example_branch_python_operator_decorator' retrieved from /home/airflow/.local/lib/python3.12/site-packages/airflow/example_dags/example_branch_operator_decorator.py
[2025-05-01T12:00:00.438+0000] {logging_mixin.py:188} INFO - [2025-05-01T12:00:00.437+0000] {dag.py:3096} INFO - Sync 1 DAGs
[2025-05-01T12:00:00.487+0000] {logging_mixin.py:188} INFO - [2025-05-01T12:00:00.486+0000] {dag.py:3954} INFO - Setting next_dagrun for example_branch_python_operator_decorator to 2025-04-30 00:00:00+00:00, run_after=2025-05-01 00:00:00+00:00
[2025-05-01T12:00:00.535+0000] {processor.py:183} INFO - Processing /home/airflow/.local/lib/python3.12/site-packages/airflow/example_dags/example_branch_operator_decorator.py took 0.252 seconds
[2025-05-01T12:00:30.849+0000] {processor.py:161} INFO - Started process (PID=3419) to work on /home/airflow/.local/lib/python3.12/site-packages/airflow/example_dags/example_branch_operator_decorator.py
[2025-05-01T12:00:30.852+0000] {processor.py:830} INFO - Processing file /home/airflow/.local/lib/python3.12/site-packages/airflow/example_dags/example_branch_operator_decorator.py for tasks to queue
[2025-05-01T12:00:30.856+0000] {logging_mixin.py:188} INFO - [2025-05-01T12:00:30.856+0000] {dagbag.py:545} INFO - Filling up the DagBag from /home/airflow/.local/lib/python3.12/site-packages/airflow/example_dags/example_branch_operator_decorator.py
[2025-05-01T12:00:30.900+0000] {processor.py:840} INFO - DAG(s) 'example_branch_python_operator_decorator' retrieved from /home/airflow/.local/lib/python3.12/site-packages/airflow/example_dags/example_branch_operator_decorator.py
[2025-05-01T12:00:30.971+0000] {logging_mixin.py:188} INFO - [2025-05-01T12:00:30.970+0000] {dag.py:3096} INFO - Sync 1 DAGs
[2025-05-01T12:00:31.019+0000] {logging_mixin.py:188} INFO - [2025-05-01T12:00:31.019+0000] {dag.py:3954} INFO - Setting next_dagrun for example_branch_python_operator_decorator to 2025-04-30 00:00:00+00:00, run_after=2025-05-01 00:00:00+00:00
[2025-05-01T12:00:31.104+0000] {processor.py:183} INFO - Processing /home/airflow/.local/lib/python3.12/site-packages/airflow/example_dags/example_branch_operator_decorator.py took 0.266 seconds
[2025-05-01T12:01:01.880+0000] {processor.py:161} INFO - Started process (PID=3477) to work on /home/airflow/.local/lib/python3.12/site-packages/airflow/example_dags/example_branch_operator_decorator.py
[2025-05-01T12:01:01.882+0000] {processor.py:830} INFO - Processing file /home/airflow/.local/lib/python3.12/site-packages/airflow/example_dags/example_branch_operator_decorator.py for tasks to queue
[2025-05-01T12:01:01.887+0000] {logging_mixin.py:188} INFO - [2025-05-01T12:01:01.886+0000] {dagbag.py:545} INFO - Filling up the DagBag from /home/airflow/.local/lib/python3.12/site-packages/airflow/example_dags/example_branch_operator_decorator.py
[2025-05-01T12:01:01.934+0000] {processor.py:840} INFO - DAG(s) 'example_branch_python_operator_decorator' retrieved from /home/airflow/.local/lib/python3.12/site-packages/airflow/example_dags/example_branch_operator_decorator.py
[2025-05-01T12:01:02.007+0000] {logging_mixin.py:188} INFO - [2025-05-01T12:01:02.006+0000] {dag.py:3096} INFO - Sync 1 DAGs
[2025-05-01T12:01:02.071+0000] {logging_mixin.py:188} INFO - [2025-05-01T12:01:02.070+0000] {dag.py:3954} INFO - Setting next_dagrun for example_branch_python_operator_decorator to 2025-04-30 00:00:00+00:00, run_after=2025-05-01 00:00:00+00:00
[2025-05-01T12:01:02.128+0000] {processor.py:183} INFO - Processing /home/airflow/.local/lib/python3.12/site-packages/airflow/example_dags/example_branch_operator_decorator.py took 0.261 seconds
[2025-05-01T12:01:33.243+0000] {processor.py:161} INFO - Started process (PID=3543) to work on /home/airflow/.local/lib/python3.12/site-packages/airflow/example_dags/example_branch_operator_decorator.py
[2025-05-01T12:01:33.246+0000] {processor.py:830} INFO - Processing file /home/airflow/.local/lib/python3.12/site-packages/airflow/example_dags/example_branch_operator_decorator.py for tasks to queue
[2025-05-01T12:01:33.251+0000] {logging_mixin.py:188} INFO - [2025-05-01T12:01:33.250+0000] {dagbag.py:545} INFO - Filling up the DagBag from /home/airflow/.local/lib/python3.12/site-packages/airflow/example_dags/example_branch_operator_decorator.py
[2025-05-01T12:01:33.306+0000] {processor.py:840} INFO - DAG(s) 'example_branch_python_operator_decorator' retrieved from /home/airflow/.local/lib/python3.12/site-packages/airflow/example_dags/example_branch_operator_decorator.py
[2025-05-01T12:01:33.377+0000] {logging_mixin.py:188} INFO - [2025-05-01T12:01:33.376+0000] {dag.py:3096} INFO - Sync 1 DAGs
[2025-05-01T12:01:33.436+0000] {logging_mixin.py:188} INFO - [2025-05-01T12:01:33.436+0000] {dag.py:3954} INFO - Setting next_dagrun for example_branch_python_operator_decorator to 2025-04-30 00:00:00+00:00, run_after=2025-05-01 00:00:00+00:00
[2025-05-01T12:01:33.479+0000] {processor.py:183} INFO - Processing /home/airflow/.local/lib/python3.12/site-packages/airflow/example_dags/example_branch_operator_decorator.py took 0.253 seconds
[2025-05-01T12:02:03.827+0000] {processor.py:161} INFO - Started process (PID=3602) to work on /home/airflow/.local/lib/python3.12/site-packages/airflow/example_dags/example_branch_operator_decorator.py
[2025-05-01T12:02:03.829+0000] {processor.py:830} INFO - Processing file /home/airflow/.local/lib/python3.12/site-packages/airflow/example_dags/example_branch_operator_decorator.py for tasks to queue
[2025-05-01T12:02:03.833+0000] {logging_mixin.py:188} INFO - [2025-05-01T12:02:03.832+0000] {dagbag.py:545} INFO - Filling up the DagBag from /home/airflow/.local/lib/python3.12/site-packages/airflow/example_dags/example_branch_operator_decorator.py
[2025-05-01T12:02:03.884+0000] {processor.py:840} INFO - DAG(s) 'example_branch_python_operator_decorator' retrieved from /home/airflow/.local/lib/python3.12/site-packages/airflow/example_dags/example_branch_operator_decorator.py
[2025-05-01T12:02:03.970+0000] {logging_mixin.py:188} INFO - [2025-05-01T12:02:03.970+0000] {dag.py:3096} INFO - Sync 1 DAGs
[2025-05-01T12:02:04.085+0000] {logging_mixin.py:188} INFO - [2025-05-01T12:02:04.084+0000] {dag.py:3954} INFO - Setting next_dagrun for example_branch_python_operator_decorator to 2025-04-30 00:00:00+00:00, run_after=2025-05-01 00:00:00+00:00
[2025-05-01T12:02:04.159+0000] {processor.py:183} INFO - Processing /home/airflow/.local/lib/python3.12/site-packages/airflow/example_dags/example_branch_operator_decorator.py took 0.344 seconds
[2025-05-01T12:02:34.593+0000] {processor.py:161} INFO - Started process (PID=3661) to work on /home/airflow/.local/lib/python3.12/site-packages/airflow/example_dags/example_branch_operator_decorator.py
[2025-05-01T12:02:34.595+0000] {processor.py:830} INFO - Processing file /home/airflow/.local/lib/python3.12/site-packages/airflow/example_dags/example_branch_operator_decorator.py for tasks to queue
[2025-05-01T12:02:34.599+0000] {logging_mixin.py:188} INFO - [2025-05-01T12:02:34.599+0000] {dagbag.py:545} INFO - Filling up the DagBag from /home/airflow/.local/lib/python3.12/site-packages/airflow/example_dags/example_branch_operator_decorator.py
[2025-05-01T12:02:34.639+0000] {processor.py:840} INFO - DAG(s) 'example_branch_python_operator_decorator' retrieved from /home/airflow/.local/lib/python3.12/site-packages/airflow/example_dags/example_branch_operator_decorator.py
[2025-05-01T12:02:34.711+0000] {logging_mixin.py:188} INFO - [2025-05-01T12:02:34.710+0000] {dag.py:3096} INFO - Sync 1 DAGs
[2025-05-01T12:02:34.788+0000] {logging_mixin.py:188} INFO - [2025-05-01T12:02:34.786+0000] {dag.py:3954} INFO - Setting next_dagrun for example_branch_python_operator_decorator to 2025-04-30 00:00:00+00:00, run_after=2025-05-01 00:00:00+00:00
[2025-05-01T12:02:34.849+0000] {processor.py:183} INFO - Processing /home/airflow/.local/lib/python3.12/site-packages/airflow/example_dags/example_branch_operator_decorator.py took 0.268 seconds
[2025-05-01T12:03:05.699+0000] {processor.py:161} INFO - Started process (PID=3719) to work on /home/airflow/.local/lib/python3.12/site-packages/airflow/example_dags/example_branch_operator_decorator.py
[2025-05-01T12:03:05.701+0000] {processor.py:830} INFO - Processing file /home/airflow/.local/lib/python3.12/site-packages/airflow/example_dags/example_branch_operator_decorator.py for tasks to queue
[2025-05-01T12:03:05.706+0000] {logging_mixin.py:188} INFO - [2025-05-01T12:03:05.705+0000] {dagbag.py:545} INFO - Filling up the DagBag from /home/airflow/.local/lib/python3.12/site-packages/airflow/example_dags/example_branch_operator_decorator.py
[2025-05-01T12:03:05.750+0000] {processor.py:840} INFO - DAG(s) 'example_branch_python_operator_decorator' retrieved from /home/airflow/.local/lib/python3.12/site-packages/airflow/example_dags/example_branch_operator_decorator.py
[2025-05-01T12:03:05.816+0000] {logging_mixin.py:188} INFO - [2025-05-01T12:03:05.816+0000] {dag.py:3096} INFO - Sync 1 DAGs
[2025-05-01T12:03:05.878+0000] {logging_mixin.py:188} INFO - [2025-05-01T12:03:05.878+0000] {dag.py:3954} INFO - Setting next_dagrun for example_branch_python_operator_decorator to 2025-04-30 00:00:00+00:00, run_after=2025-05-01 00:00:00+00:00
[2025-05-01T12:03:05.918+0000] {processor.py:183} INFO - Processing /home/airflow/.local/lib/python3.12/site-packages/airflow/example_dags/example_branch_operator_decorator.py took 0.232 seconds
[2025-05-01T12:03:36.583+0000] {processor.py:161} INFO - Started process (PID=3778) to work on /home/airflow/.local/lib/python3.12/site-packages/airflow/example_dags/example_branch_operator_decorator.py
[2025-05-01T12:03:36.585+0000] {processor.py:830} INFO - Processing file /home/airflow/.local/lib/python3.12/site-packages/airflow/example_dags/example_branch_operator_decorator.py for tasks to queue
[2025-05-01T12:03:36.589+0000] {logging_mixin.py:188} INFO - [2025-05-01T12:03:36.588+0000] {dagbag.py:545} INFO - Filling up the DagBag from /home/airflow/.local/lib/python3.12/site-packages/airflow/example_dags/example_branch_operator_decorator.py
[2025-05-01T12:03:36.637+0000] {processor.py:840} INFO - DAG(s) 'example_branch_python_operator_decorator' retrieved from /home/airflow/.local/lib/python3.12/site-packages/airflow/example_dags/example_branch_operator_decorator.py
[2025-05-01T12:03:36.716+0000] {logging_mixin.py:188} INFO - [2025-05-01T12:03:36.715+0000] {dag.py:3096} INFO - Sync 1 DAGs
[2025-05-01T12:03:36.770+0000] {logging_mixin.py:188} INFO - [2025-05-01T12:03:36.769+0000] {dag.py:3954} INFO - Setting next_dagrun for example_branch_python_operator_decorator to 2025-04-30 00:00:00+00:00, run_after=2025-05-01 00:00:00+00:00
[2025-05-01T12:03:36.853+0000] {processor.py:183} INFO - Processing /home/airflow/.local/lib/python3.12/site-packages/airflow/example_dags/example_branch_operator_decorator.py took 0.281 seconds
[2025-05-01T12:04:07.386+0000] {processor.py:161} INFO - Started process (PID=3837) to work on /home/airflow/.local/lib/python3.12/site-packages/airflow/example_dags/example_branch_operator_decorator.py
[2025-05-01T12:04:07.389+0000] {processor.py:830} INFO - Processing file /home/airflow/.local/lib/python3.12/site-packages/airflow/example_dags/example_branch_operator_decorator.py for tasks to queue
[2025-05-01T12:04:07.394+0000] {logging_mixin.py:188} INFO - [2025-05-01T12:04:07.393+0000] {dagbag.py:545} INFO - Filling up the DagBag from /home/airflow/.local/lib/python3.12/site-packages/airflow/example_dags/example_branch_operator_decorator.py
[2025-05-01T12:04:07.445+0000] {processor.py:840} INFO - DAG(s) 'example_branch_python_operator_decorator' retrieved from /home/airflow/.local/lib/python3.12/site-packages/airflow/example_dags/example_branch_operator_decorator.py
[2025-05-01T12:04:07.514+0000] {logging_mixin.py:188} INFO - [2025-05-01T12:04:07.513+0000] {dag.py:3096} INFO - Sync 1 DAGs
[2025-05-01T12:04:07.573+0000] {logging_mixin.py:188} INFO - [2025-05-01T12:04:07.572+0000] {dag.py:3954} INFO - Setting next_dagrun for example_branch_python_operator_decorator to 2025-04-30 00:00:00+00:00, run_after=2025-05-01 00:00:00+00:00
[2025-05-01T12:04:07.628+0000] {processor.py:183} INFO - Processing /home/airflow/.local/lib/python3.12/site-packages/airflow/example_dags/example_branch_operator_decorator.py took 0.257 seconds
[2025-05-01T12:04:38.579+0000] {processor.py:161} INFO - Started process (PID=3894) to work on /home/airflow/.local/lib/python3.12/site-packages/airflow/example_dags/example_branch_operator_decorator.py
[2025-05-01T12:04:38.581+0000] {processor.py:830} INFO - Processing file /home/airflow/.local/lib/python3.12/site-packages/airflow/example_dags/example_branch_operator_decorator.py for tasks to queue
[2025-05-01T12:04:38.584+0000] {logging_mixin.py:188} INFO - [2025-05-01T12:04:38.584+0000] {dagbag.py:545} INFO - Filling up the DagBag from /home/airflow/.local/lib/python3.12/site-packages/airflow/example_dags/example_branch_operator_decorator.py
[2025-05-01T12:04:38.624+0000] {processor.py:840} INFO - DAG(s) 'example_branch_python_operator_decorator' retrieved from /home/airflow/.local/lib/python3.12/site-packages/airflow/example_dags/example_branch_operator_decorator.py
[2025-05-01T12:04:38.700+0000] {logging_mixin.py:188} INFO - [2025-05-01T12:04:38.699+0000] {dag.py:3096} INFO - Sync 1 DAGs
[2025-05-01T12:04:38.753+0000] {logging_mixin.py:188} INFO - [2025-05-01T12:04:38.752+0000] {dag.py:3954} INFO - Setting next_dagrun for example_branch_python_operator_decorator to 2025-04-30 00:00:00+00:00, run_after=2025-05-01 00:00:00+00:00
[2025-05-01T12:04:38.817+0000] {processor.py:183} INFO - Processing /home/airflow/.local/lib/python3.12/site-packages/airflow/example_dags/example_branch_operator_decorator.py took 0.253 seconds
[2025-05-01T12:05:09.092+0000] {processor.py:161} INFO - Started process (PID=3953) to work on /home/airflow/.local/lib/python3.12/site-packages/airflow/example_dags/example_branch_operator_decorator.py
[2025-05-01T12:05:09.095+0000] {processor.py:830} INFO - Processing file /home/airflow/.local/lib/python3.12/site-packages/airflow/example_dags/example_branch_operator_decorator.py for tasks to queue
[2025-05-01T12:05:09.104+0000] {logging_mixin.py:188} INFO - [2025-05-01T12:05:09.102+0000] {dagbag.py:545} INFO - Filling up the DagBag from /home/airflow/.local/lib/python3.12/site-packages/airflow/example_dags/example_branch_operator_decorator.py
[2025-05-01T12:05:09.177+0000] {processor.py:840} INFO - DAG(s) 'example_branch_python_operator_decorator' retrieved from /home/airflow/.local/lib/python3.12/site-packages/airflow/example_dags/example_branch_operator_decorator.py
[2025-05-01T12:05:09.269+0000] {logging_mixin.py:188} INFO - [2025-05-01T12:05:09.268+0000] {dag.py:3096} INFO - Sync 1 DAGs
[2025-05-01T12:05:09.335+0000] {logging_mixin.py:188} INFO - [2025-05-01T12:05:09.335+0000] {dag.py:3954} INFO - Setting next_dagrun for example_branch_python_operator_decorator to 2025-04-30 00:00:00+00:00, run_after=2025-05-01 00:00:00+00:00
[2025-05-01T12:05:09.390+0000] {processor.py:183} INFO - Processing /home/airflow/.local/lib/python3.12/site-packages/airflow/example_dags/example_branch_operator_decorator.py took 0.320 seconds
[2025-05-01T12:05:39.728+0000] {processor.py:161} INFO - Started process (PID=4013) to work on /home/airflow/.local/lib/python3.12/site-packages/airflow/example_dags/example_branch_operator_decorator.py
[2025-05-01T12:05:39.730+0000] {processor.py:830} INFO - Processing file /home/airflow/.local/lib/python3.12/site-packages/airflow/example_dags/example_branch_operator_decorator.py for tasks to queue
[2025-05-01T12:05:39.734+0000] {logging_mixin.py:188} INFO - [2025-05-01T12:05:39.733+0000] {dagbag.py:545} INFO - Filling up the DagBag from /home/airflow/.local/lib/python3.12/site-packages/airflow/example_dags/example_branch_operator_decorator.py
[2025-05-01T12:05:39.787+0000] {processor.py:840} INFO - DAG(s) 'example_branch_python_operator_decorator' retrieved from /home/airflow/.local/lib/python3.12/site-packages/airflow/example_dags/example_branch_operator_decorator.py
[2025-05-01T12:05:39.849+0000] {logging_mixin.py:188} INFO - [2025-05-01T12:05:39.848+0000] {dag.py:3096} INFO - Sync 1 DAGs
[2025-05-01T12:05:39.897+0000] {logging_mixin.py:188} INFO - [2025-05-01T12:05:39.896+0000] {dag.py:3954} INFO - Setting next_dagrun for example_branch_python_operator_decorator to 2025-04-30 00:00:00+00:00, run_after=2025-05-01 00:00:00+00:00
[2025-05-01T12:05:39.996+0000] {processor.py:183} INFO - Processing /home/airflow/.local/lib/python3.12/site-packages/airflow/example_dags/example_branch_operator_decorator.py took 0.279 seconds
[2025-05-01T12:06:10.497+0000] {processor.py:161} INFO - Started process (PID=4072) to work on /home/airflow/.local/lib/python3.12/site-packages/airflow/example_dags/example_branch_operator_decorator.py
[2025-05-01T12:06:10.499+0000] {processor.py:830} INFO - Processing file /home/airflow/.local/lib/python3.12/site-packages/airflow/example_dags/example_branch_operator_decorator.py for tasks to queue
[2025-05-01T12:06:10.505+0000] {logging_mixin.py:188} INFO - [2025-05-01T12:06:10.504+0000] {dagbag.py:545} INFO - Filling up the DagBag from /home/airflow/.local/lib/python3.12/site-packages/airflow/example_dags/example_branch_operator_decorator.py
[2025-05-01T12:06:10.554+0000] {processor.py:840} INFO - DAG(s) 'example_branch_python_operator_decorator' retrieved from /home/airflow/.local/lib/python3.12/site-packages/airflow/example_dags/example_branch_operator_decorator.py
[2025-05-01T12:06:10.638+0000] {logging_mixin.py:188} INFO - [2025-05-01T12:06:10.637+0000] {dag.py:3096} INFO - Sync 1 DAGs
[2025-05-01T12:06:10.738+0000] {logging_mixin.py:188} INFO - [2025-05-01T12:06:10.737+0000] {dag.py:3954} INFO - Setting next_dagrun for example_branch_python_operator_decorator to 2025-04-30 00:00:00+00:00, run_after=2025-05-01 00:00:00+00:00
[2025-05-01T12:06:10.830+0000] {processor.py:183} INFO - Processing /home/airflow/.local/lib/python3.12/site-packages/airflow/example_dags/example_branch_operator_decorator.py took 0.351 seconds
[2025-05-01T12:06:41.180+0000] {processor.py:161} INFO - Started process (PID=4132) to work on /home/airflow/.local/lib/python3.12/site-packages/airflow/example_dags/example_branch_operator_decorator.py
[2025-05-01T12:06:41.182+0000] {processor.py:830} INFO - Processing file /home/airflow/.local/lib/python3.12/site-packages/airflow/example_dags/example_branch_operator_decorator.py for tasks to queue
[2025-05-01T12:06:41.187+0000] {logging_mixin.py:188} INFO - [2025-05-01T12:06:41.186+0000] {dagbag.py:545} INFO - Filling up the DagBag from /home/airflow/.local/lib/python3.12/site-packages/airflow/example_dags/example_branch_operator_decorator.py
[2025-05-01T12:06:41.245+0000] {processor.py:840} INFO - DAG(s) 'example_branch_python_operator_decorator' retrieved from /home/airflow/.local/lib/python3.12/site-packages/airflow/example_dags/example_branch_operator_decorator.py
[2025-05-01T12:06:41.340+0000] {logging_mixin.py:188} INFO - [2025-05-01T12:06:41.339+0000] {dag.py:3096} INFO - Sync 1 DAGs
[2025-05-01T12:06:41.390+0000] {logging_mixin.py:188} INFO - [2025-05-01T12:06:41.390+0000] {dag.py:3954} INFO - Setting next_dagrun for example_branch_python_operator_decorator to 2025-04-30 00:00:00+00:00, run_after=2025-05-01 00:00:00+00:00
[2025-05-01T12:06:41.440+0000] {processor.py:183} INFO - Processing /home/airflow/.local/lib/python3.12/site-packages/airflow/example_dags/example_branch_operator_decorator.py took 0.275 seconds
[2025-05-01T12:07:11.743+0000] {processor.py:161} INFO - Started process (PID=4191) to work on /home/airflow/.local/lib/python3.12/site-packages/airflow/example_dags/example_branch_operator_decorator.py
[2025-05-01T12:07:11.746+0000] {processor.py:830} INFO - Processing file /home/airflow/.local/lib/python3.12/site-packages/airflow/example_dags/example_branch_operator_decorator.py for tasks to queue
[2025-05-01T12:07:11.750+0000] {logging_mixin.py:188} INFO - [2025-05-01T12:07:11.749+0000] {dagbag.py:545} INFO - Filling up the DagBag from /home/airflow/.local/lib/python3.12/site-packages/airflow/example_dags/example_branch_operator_decorator.py
[2025-05-01T12:07:11.818+0000] {processor.py:840} INFO - DAG(s) 'example_branch_python_operator_decorator' retrieved from /home/airflow/.local/lib/python3.12/site-packages/airflow/example_dags/example_branch_operator_decorator.py
[2025-05-01T12:07:11.888+0000] {logging_mixin.py:188} INFO - [2025-05-01T12:07:11.888+0000] {dag.py:3096} INFO - Sync 1 DAGs
[2025-05-01T12:07:11.949+0000] {logging_mixin.py:188} INFO - [2025-05-01T12:07:11.948+0000] {dag.py:3954} INFO - Setting next_dagrun for example_branch_python_operator_decorator to 2025-04-30 00:00:00+00:00, run_after=2025-05-01 00:00:00+00:00
[2025-05-01T12:07:12.037+0000] {processor.py:183} INFO - Processing /home/airflow/.local/lib/python3.12/site-packages/airflow/example_dags/example_branch_operator_decorator.py took 0.306 seconds
[2025-05-01T12:07:42.230+0000] {processor.py:161} INFO - Started process (PID=4250) to work on /home/airflow/.local/lib/python3.12/site-packages/airflow/example_dags/example_branch_operator_decorator.py
[2025-05-01T12:07:42.232+0000] {processor.py:830} INFO - Processing file /home/airflow/.local/lib/python3.12/site-packages/airflow/example_dags/example_branch_operator_decorator.py for tasks to queue
[2025-05-01T12:07:42.236+0000] {logging_mixin.py:188} INFO - [2025-05-01T12:07:42.235+0000] {dagbag.py:545} INFO - Filling up the DagBag from /home/airflow/.local/lib/python3.12/site-packages/airflow/example_dags/example_branch_operator_decorator.py
[2025-05-01T12:07:42.284+0000] {processor.py:840} INFO - DAG(s) 'example_branch_python_operator_decorator' retrieved from /home/airflow/.local/lib/python3.12/site-packages/airflow/example_dags/example_branch_operator_decorator.py
[2025-05-01T12:07:42.361+0000] {logging_mixin.py:188} INFO - [2025-05-01T12:07:42.360+0000] {dag.py:3096} INFO - Sync 1 DAGs
[2025-05-01T12:07:42.410+0000] {logging_mixin.py:188} INFO - [2025-05-01T12:07:42.409+0000] {dag.py:3954} INFO - Setting next_dagrun for example_branch_python_operator_decorator to 2025-04-30 00:00:00+00:00, run_after=2025-05-01 00:00:00+00:00
[2025-05-01T12:07:42.494+0000] {processor.py:183} INFO - Processing /home/airflow/.local/lib/python3.12/site-packages/airflow/example_dags/example_branch_operator_decorator.py took 0.276 seconds
[2025-05-01T12:08:13.143+0000] {processor.py:161} INFO - Started process (PID=4309) to work on /home/airflow/.local/lib/python3.12/site-packages/airflow/example_dags/example_branch_operator_decorator.py
[2025-05-01T12:08:13.145+0000] {processor.py:830} INFO - Processing file /home/airflow/.local/lib/python3.12/site-packages/airflow/example_dags/example_branch_operator_decorator.py for tasks to queue
[2025-05-01T12:08:13.149+0000] {logging_mixin.py:188} INFO - [2025-05-01T12:08:13.149+0000] {dagbag.py:545} INFO - Filling up the DagBag from /home/airflow/.local/lib/python3.12/site-packages/airflow/example_dags/example_branch_operator_decorator.py
[2025-05-01T12:08:13.202+0000] {processor.py:840} INFO - DAG(s) 'example_branch_python_operator_decorator' retrieved from /home/airflow/.local/lib/python3.12/site-packages/airflow/example_dags/example_branch_operator_decorator.py
[2025-05-01T12:08:13.268+0000] {logging_mixin.py:188} INFO - [2025-05-01T12:08:13.267+0000] {dag.py:3096} INFO - Sync 1 DAGs
[2025-05-01T12:08:13.323+0000] {logging_mixin.py:188} INFO - [2025-05-01T12:08:13.322+0000] {dag.py:3954} INFO - Setting next_dagrun for example_branch_python_operator_decorator to 2025-04-30 00:00:00+00:00, run_after=2025-05-01 00:00:00+00:00
[2025-05-01T12:08:13.421+0000] {processor.py:183} INFO - Processing /home/airflow/.local/lib/python3.12/site-packages/airflow/example_dags/example_branch_operator_decorator.py took 0.289 seconds
[2025-05-01T12:08:44.418+0000] {processor.py:161} INFO - Started process (PID=4368) to work on /home/airflow/.local/lib/python3.12/site-packages/airflow/example_dags/example_branch_operator_decorator.py
[2025-05-01T12:08:44.421+0000] {processor.py:830} INFO - Processing file /home/airflow/.local/lib/python3.12/site-packages/airflow/example_dags/example_branch_operator_decorator.py for tasks to queue
[2025-05-01T12:08:44.427+0000] {logging_mixin.py:188} INFO - [2025-05-01T12:08:44.426+0000] {dagbag.py:545} INFO - Filling up the DagBag from /home/airflow/.local/lib/python3.12/site-packages/airflow/example_dags/example_branch_operator_decorator.py
[2025-05-01T12:08:44.489+0000] {processor.py:840} INFO - DAG(s) 'example_branch_python_operator_decorator' retrieved from /home/airflow/.local/lib/python3.12/site-packages/airflow/example_dags/example_branch_operator_decorator.py
[2025-05-01T12:08:44.576+0000] {logging_mixin.py:188} INFO - [2025-05-01T12:08:44.575+0000] {dag.py:3096} INFO - Sync 1 DAGs
[2025-05-01T12:08:44.638+0000] {logging_mixin.py:188} INFO - [2025-05-01T12:08:44.638+0000] {dag.py:3954} INFO - Setting next_dagrun for example_branch_python_operator_decorator to 2025-04-30 00:00:00+00:00, run_after=2025-05-01 00:00:00+00:00
[2025-05-01T12:08:44.689+0000] {processor.py:183} INFO - Processing /home/airflow/.local/lib/python3.12/site-packages/airflow/example_dags/example_branch_operator_decorator.py took 0.284 seconds
[2025-05-01T12:09:14.996+0000] {processor.py:161} INFO - Started process (PID=4428) to work on /home/airflow/.local/lib/python3.12/site-packages/airflow/example_dags/example_branch_operator_decorator.py
[2025-05-01T12:09:14.999+0000] {processor.py:830} INFO - Processing file /home/airflow/.local/lib/python3.12/site-packages/airflow/example_dags/example_branch_operator_decorator.py for tasks to queue
[2025-05-01T12:09:15.004+0000] {logging_mixin.py:188} INFO - [2025-05-01T12:09:15.003+0000] {dagbag.py:545} INFO - Filling up the DagBag from /home/airflow/.local/lib/python3.12/site-packages/airflow/example_dags/example_branch_operator_decorator.py
[2025-05-01T12:09:15.053+0000] {processor.py:840} INFO - DAG(s) 'example_branch_python_operator_decorator' retrieved from /home/airflow/.local/lib/python3.12/site-packages/airflow/example_dags/example_branch_operator_decorator.py
[2025-05-01T12:09:15.126+0000] {logging_mixin.py:188} INFO - [2025-05-01T12:09:15.125+0000] {dag.py:3096} INFO - Sync 1 DAGs
[2025-05-01T12:09:15.178+0000] {logging_mixin.py:188} INFO - [2025-05-01T12:09:15.177+0000] {dag.py:3954} INFO - Setting next_dagrun for example_branch_python_operator_decorator to 2025-04-30 00:00:00+00:00, run_after=2025-05-01 00:00:00+00:00
[2025-05-01T12:09:15.222+0000] {processor.py:183} INFO - Processing /home/airflow/.local/lib/python3.12/site-packages/airflow/example_dags/example_branch_operator_decorator.py took 0.241 seconds
[2025-05-01T12:09:46.108+0000] {processor.py:161} INFO - Started process (PID=4487) to work on /home/airflow/.local/lib/python3.12/site-packages/airflow/example_dags/example_branch_operator_decorator.py
[2025-05-01T12:09:46.110+0000] {processor.py:830} INFO - Processing file /home/airflow/.local/lib/python3.12/site-packages/airflow/example_dags/example_branch_operator_decorator.py for tasks to queue
[2025-05-01T12:09:46.115+0000] {logging_mixin.py:188} INFO - [2025-05-01T12:09:46.114+0000] {dagbag.py:545} INFO - Filling up the DagBag from /home/airflow/.local/lib/python3.12/site-packages/airflow/example_dags/example_branch_operator_decorator.py
[2025-05-01T12:09:46.179+0000] {processor.py:840} INFO - DAG(s) 'example_branch_python_operator_decorator' retrieved from /home/airflow/.local/lib/python3.12/site-packages/airflow/example_dags/example_branch_operator_decorator.py
[2025-05-01T12:09:46.253+0000] {logging_mixin.py:188} INFO - [2025-05-01T12:09:46.253+0000] {dag.py:3096} INFO - Sync 1 DAGs
[2025-05-01T12:09:46.316+0000] {logging_mixin.py:188} INFO - [2025-05-01T12:09:46.315+0000] {dag.py:3954} INFO - Setting next_dagrun for example_branch_python_operator_decorator to 2025-04-30 00:00:00+00:00, run_after=2025-05-01 00:00:00+00:00
[2025-05-01T12:09:46.398+0000] {processor.py:183} INFO - Processing /home/airflow/.local/lib/python3.12/site-packages/airflow/example_dags/example_branch_operator_decorator.py took 0.306 seconds
[2025-05-01T12:10:17.478+0000] {processor.py:161} INFO - Started process (PID=4546) to work on /home/airflow/.local/lib/python3.12/site-packages/airflow/example_dags/example_branch_operator_decorator.py
[2025-05-01T12:10:17.481+0000] {processor.py:830} INFO - Processing file /home/airflow/.local/lib/python3.12/site-packages/airflow/example_dags/example_branch_operator_decorator.py for tasks to queue
[2025-05-01T12:10:17.492+0000] {logging_mixin.py:188} INFO - [2025-05-01T12:10:17.490+0000] {dagbag.py:545} INFO - Filling up the DagBag from /home/airflow/.local/lib/python3.12/site-packages/airflow/example_dags/example_branch_operator_decorator.py
[2025-05-01T12:10:17.562+0000] {processor.py:840} INFO - DAG(s) 'example_branch_python_operator_decorator' retrieved from /home/airflow/.local/lib/python3.12/site-packages/airflow/example_dags/example_branch_operator_decorator.py
[2025-05-01T12:10:17.665+0000] {logging_mixin.py:188} INFO - [2025-05-01T12:10:17.664+0000] {dag.py:3096} INFO - Sync 1 DAGs
[2025-05-01T12:10:17.764+0000] {logging_mixin.py:188} INFO - [2025-05-01T12:10:17.764+0000] {dag.py:3954} INFO - Setting next_dagrun for example_branch_python_operator_decorator to 2025-04-30 00:00:00+00:00, run_after=2025-05-01 00:00:00+00:00
[2025-05-01T12:10:17.835+0000] {processor.py:183} INFO - Processing /home/airflow/.local/lib/python3.12/site-packages/airflow/example_dags/example_branch_operator_decorator.py took 0.379 seconds
[2025-05-01T12:10:48.170+0000] {processor.py:161} INFO - Started process (PID=4605) to work on /home/airflow/.local/lib/python3.12/site-packages/airflow/example_dags/example_branch_operator_decorator.py
[2025-05-01T12:10:48.172+0000] {processor.py:830} INFO - Processing file /home/airflow/.local/lib/python3.12/site-packages/airflow/example_dags/example_branch_operator_decorator.py for tasks to queue
[2025-05-01T12:10:48.176+0000] {logging_mixin.py:188} INFO - [2025-05-01T12:10:48.175+0000] {dagbag.py:545} INFO - Filling up the DagBag from /home/airflow/.local/lib/python3.12/site-packages/airflow/example_dags/example_branch_operator_decorator.py
[2025-05-01T12:10:48.226+0000] {processor.py:840} INFO - DAG(s) 'example_branch_python_operator_decorator' retrieved from /home/airflow/.local/lib/python3.12/site-packages/airflow/example_dags/example_branch_operator_decorator.py
[2025-05-01T12:10:48.346+0000] {logging_mixin.py:188} INFO - [2025-05-01T12:10:48.345+0000] {dag.py:3096} INFO - Sync 1 DAGs
[2025-05-01T12:10:48.400+0000] {logging_mixin.py:188} INFO - [2025-05-01T12:10:48.400+0000] {dag.py:3954} INFO - Setting next_dagrun for example_branch_python_operator_decorator to 2025-04-30 00:00:00+00:00, run_after=2025-05-01 00:00:00+00:00
[2025-05-01T12:10:48.447+0000] {processor.py:183} INFO - Processing /home/airflow/.local/lib/python3.12/site-packages/airflow/example_dags/example_branch_operator_decorator.py took 0.290 seconds
[2025-05-01T12:11:18.867+0000] {processor.py:161} INFO - Started process (PID=4664) to work on /home/airflow/.local/lib/python3.12/site-packages/airflow/example_dags/example_branch_operator_decorator.py
[2025-05-01T12:11:18.870+0000] {processor.py:830} INFO - Processing file /home/airflow/.local/lib/python3.12/site-packages/airflow/example_dags/example_branch_operator_decorator.py for tasks to queue
[2025-05-01T12:11:18.875+0000] {logging_mixin.py:188} INFO - [2025-05-01T12:11:18.874+0000] {dagbag.py:545} INFO - Filling up the DagBag from /home/airflow/.local/lib/python3.12/site-packages/airflow/example_dags/example_branch_operator_decorator.py
[2025-05-01T12:11:18.936+0000] {processor.py:840} INFO - DAG(s) 'example_branch_python_operator_decorator' retrieved from /home/airflow/.local/lib/python3.12/site-packages/airflow/example_dags/example_branch_operator_decorator.py
[2025-05-01T12:11:19.031+0000] {logging_mixin.py:188} INFO - [2025-05-01T12:11:19.030+0000] {dag.py:3096} INFO - Sync 1 DAGs
[2025-05-01T12:11:19.106+0000] {logging_mixin.py:188} INFO - [2025-05-01T12:11:19.105+0000] {dag.py:3954} INFO - Setting next_dagrun for example_branch_python_operator_decorator to 2025-04-30 00:00:00+00:00, run_after=2025-05-01 00:00:00+00:00
[2025-05-01T12:11:19.161+0000] {processor.py:183} INFO - Processing /home/airflow/.local/lib/python3.12/site-packages/airflow/example_dags/example_branch_operator_decorator.py took 0.311 seconds
[2025-05-01T12:11:50.008+0000] {processor.py:161} INFO - Started process (PID=4722) to work on /home/airflow/.local/lib/python3.12/site-packages/airflow/example_dags/example_branch_operator_decorator.py
[2025-05-01T12:11:50.011+0000] {processor.py:830} INFO - Processing file /home/airflow/.local/lib/python3.12/site-packages/airflow/example_dags/example_branch_operator_decorator.py for tasks to queue
[2025-05-01T12:11:50.016+0000] {logging_mixin.py:188} INFO - [2025-05-01T12:11:50.015+0000] {dagbag.py:545} INFO - Filling up the DagBag from /home/airflow/.local/lib/python3.12/site-packages/airflow/example_dags/example_branch_operator_decorator.py
[2025-05-01T12:11:50.083+0000] {processor.py:840} INFO - DAG(s) 'example_branch_python_operator_decorator' retrieved from /home/airflow/.local/lib/python3.12/site-packages/airflow/example_dags/example_branch_operator_decorator.py
[2025-05-01T12:11:50.202+0000] {logging_mixin.py:188} INFO - [2025-05-01T12:11:50.202+0000] {dag.py:3096} INFO - Sync 1 DAGs
[2025-05-01T12:11:50.253+0000] {logging_mixin.py:188} INFO - [2025-05-01T12:11:50.253+0000] {dag.py:3954} INFO - Setting next_dagrun for example_branch_python_operator_decorator to 2025-04-30 00:00:00+00:00, run_after=2025-05-01 00:00:00+00:00
[2025-05-01T12:11:50.298+0000] {processor.py:183} INFO - Processing /home/airflow/.local/lib/python3.12/site-packages/airflow/example_dags/example_branch_operator_decorator.py took 0.305 seconds
[2025-05-01T12:12:20.925+0000] {processor.py:161} INFO - Started process (PID=4781) to work on /home/airflow/.local/lib/python3.12/site-packages/airflow/example_dags/example_branch_operator_decorator.py
[2025-05-01T12:12:20.927+0000] {processor.py:830} INFO - Processing file /home/airflow/.local/lib/python3.12/site-packages/airflow/example_dags/example_branch_operator_decorator.py for tasks to queue
[2025-05-01T12:12:20.932+0000] {logging_mixin.py:188} INFO - [2025-05-01T12:12:20.931+0000] {dagbag.py:545} INFO - Filling up the DagBag from /home/airflow/.local/lib/python3.12/site-packages/airflow/example_dags/example_branch_operator_decorator.py
[2025-05-01T12:12:20.979+0000] {processor.py:840} INFO - DAG(s) 'example_branch_python_operator_decorator' retrieved from /home/airflow/.local/lib/python3.12/site-packages/airflow/example_dags/example_branch_operator_decorator.py
[2025-05-01T12:12:21.064+0000] {logging_mixin.py:188} INFO - [2025-05-01T12:12:21.063+0000] {dag.py:3096} INFO - Sync 1 DAGs
[2025-05-01T12:12:21.117+0000] {logging_mixin.py:188} INFO - [2025-05-01T12:12:21.116+0000] {dag.py:3954} INFO - Setting next_dagrun for example_branch_python_operator_decorator to 2025-04-30 00:00:00+00:00, run_after=2025-05-01 00:00:00+00:00
[2025-05-01T12:12:21.157+0000] {processor.py:183} INFO - Processing /home/airflow/.local/lib/python3.12/site-packages/airflow/example_dags/example_branch_operator_decorator.py took 0.246 seconds
[2025-05-01T12:12:52.365+0000] {processor.py:161} INFO - Started process (PID=4842) to work on /home/airflow/.local/lib/python3.12/site-packages/airflow/example_dags/example_branch_operator_decorator.py
[2025-05-01T12:12:52.367+0000] {processor.py:830} INFO - Processing file /home/airflow/.local/lib/python3.12/site-packages/airflow/example_dags/example_branch_operator_decorator.py for tasks to queue
[2025-05-01T12:12:52.371+0000] {logging_mixin.py:188} INFO - [2025-05-01T12:12:52.370+0000] {dagbag.py:545} INFO - Filling up the DagBag from /home/airflow/.local/lib/python3.12/site-packages/airflow/example_dags/example_branch_operator_decorator.py
[2025-05-01T12:12:52.416+0000] {processor.py:840} INFO - DAG(s) 'example_branch_python_operator_decorator' retrieved from /home/airflow/.local/lib/python3.12/site-packages/airflow/example_dags/example_branch_operator_decorator.py
[2025-05-01T12:12:52.485+0000] {logging_mixin.py:188} INFO - [2025-05-01T12:12:52.485+0000] {dag.py:3096} INFO - Sync 1 DAGs
[2025-05-01T12:12:52.537+0000] {logging_mixin.py:188} INFO - [2025-05-01T12:12:52.537+0000] {dag.py:3954} INFO - Setting next_dagrun for example_branch_python_operator_decorator to 2025-04-30 00:00:00+00:00, run_after=2025-05-01 00:00:00+00:00
[2025-05-01T12:12:52.583+0000] {processor.py:183} INFO - Processing /home/airflow/.local/lib/python3.12/site-packages/airflow/example_dags/example_branch_operator_decorator.py took 0.229 seconds
[2025-05-01T12:13:23.382+0000] {processor.py:161} INFO - Started process (PID=4901) to work on /home/airflow/.local/lib/python3.12/site-packages/airflow/example_dags/example_branch_operator_decorator.py
[2025-05-01T12:13:23.384+0000] {processor.py:830} INFO - Processing file /home/airflow/.local/lib/python3.12/site-packages/airflow/example_dags/example_branch_operator_decorator.py for tasks to queue
[2025-05-01T12:13:23.388+0000] {logging_mixin.py:188} INFO - [2025-05-01T12:13:23.387+0000] {dagbag.py:545} INFO - Filling up the DagBag from /home/airflow/.local/lib/python3.12/site-packages/airflow/example_dags/example_branch_operator_decorator.py
[2025-05-01T12:13:23.447+0000] {processor.py:840} INFO - DAG(s) 'example_branch_python_operator_decorator' retrieved from /home/airflow/.local/lib/python3.12/site-packages/airflow/example_dags/example_branch_operator_decorator.py
[2025-05-01T12:13:23.526+0000] {logging_mixin.py:188} INFO - [2025-05-01T12:13:23.525+0000] {dag.py:3096} INFO - Sync 1 DAGs
[2025-05-01T12:13:23.585+0000] {logging_mixin.py:188} INFO - [2025-05-01T12:13:23.585+0000] {dag.py:3954} INFO - Setting next_dagrun for example_branch_python_operator_decorator to 2025-04-30 00:00:00+00:00, run_after=2025-05-01 00:00:00+00:00
[2025-05-01T12:13:23.631+0000] {processor.py:183} INFO - Processing /home/airflow/.local/lib/python3.12/site-packages/airflow/example_dags/example_branch_operator_decorator.py took 0.262 seconds
[2025-05-01T12:13:54.345+0000] {processor.py:161} INFO - Started process (PID=4960) to work on /home/airflow/.local/lib/python3.12/site-packages/airflow/example_dags/example_branch_operator_decorator.py
[2025-05-01T12:13:54.347+0000] {processor.py:830} INFO - Processing file /home/airflow/.local/lib/python3.12/site-packages/airflow/example_dags/example_branch_operator_decorator.py for tasks to queue
[2025-05-01T12:13:54.351+0000] {logging_mixin.py:188} INFO - [2025-05-01T12:13:54.351+0000] {dagbag.py:545} INFO - Filling up the DagBag from /home/airflow/.local/lib/python3.12/site-packages/airflow/example_dags/example_branch_operator_decorator.py
[2025-05-01T12:13:54.395+0000] {processor.py:840} INFO - DAG(s) 'example_branch_python_operator_decorator' retrieved from /home/airflow/.local/lib/python3.12/site-packages/airflow/example_dags/example_branch_operator_decorator.py
[2025-05-01T12:13:54.487+0000] {logging_mixin.py:188} INFO - [2025-05-01T12:13:54.486+0000] {dag.py:3096} INFO - Sync 1 DAGs
[2025-05-01T12:13:54.565+0000] {logging_mixin.py:188} INFO - [2025-05-01T12:13:54.565+0000] {dag.py:3954} INFO - Setting next_dagrun for example_branch_python_operator_decorator to 2025-04-30 00:00:00+00:00, run_after=2025-05-01 00:00:00+00:00
[2025-05-01T12:13:54.625+0000] {processor.py:183} INFO - Processing /home/airflow/.local/lib/python3.12/site-packages/airflow/example_dags/example_branch_operator_decorator.py took 0.297 seconds
[2025-05-01T12:14:24.725+0000] {processor.py:161} INFO - Started process (PID=5019) to work on /home/airflow/.local/lib/python3.12/site-packages/airflow/example_dags/example_branch_operator_decorator.py
[2025-05-01T12:14:24.727+0000] {processor.py:830} INFO - Processing file /home/airflow/.local/lib/python3.12/site-packages/airflow/example_dags/example_branch_operator_decorator.py for tasks to queue
[2025-05-01T12:14:24.731+0000] {logging_mixin.py:188} INFO - [2025-05-01T12:14:24.730+0000] {dagbag.py:545} INFO - Filling up the DagBag from /home/airflow/.local/lib/python3.12/site-packages/airflow/example_dags/example_branch_operator_decorator.py
[2025-05-01T12:14:24.776+0000] {processor.py:840} INFO - DAG(s) 'example_branch_python_operator_decorator' retrieved from /home/airflow/.local/lib/python3.12/site-packages/airflow/example_dags/example_branch_operator_decorator.py
[2025-05-01T12:14:24.845+0000] {logging_mixin.py:188} INFO - [2025-05-01T12:14:24.844+0000] {dag.py:3096} INFO - Sync 1 DAGs
[2025-05-01T12:14:24.908+0000] {logging_mixin.py:188} INFO - [2025-05-01T12:14:24.908+0000] {dag.py:3954} INFO - Setting next_dagrun for example_branch_python_operator_decorator to 2025-04-30 00:00:00+00:00, run_after=2025-05-01 00:00:00+00:00
[2025-05-01T12:14:24.956+0000] {processor.py:183} INFO - Processing /home/airflow/.local/lib/python3.12/site-packages/airflow/example_dags/example_branch_operator_decorator.py took 0.243 seconds
[2025-05-01T12:14:55.245+0000] {processor.py:161} INFO - Started process (PID=5078) to work on /home/airflow/.local/lib/python3.12/site-packages/airflow/example_dags/example_branch_operator_decorator.py
[2025-05-01T12:14:55.248+0000] {processor.py:830} INFO - Processing file /home/airflow/.local/lib/python3.12/site-packages/airflow/example_dags/example_branch_operator_decorator.py for tasks to queue
[2025-05-01T12:14:55.253+0000] {logging_mixin.py:188} INFO - [2025-05-01T12:14:55.252+0000] {dagbag.py:545} INFO - Filling up the DagBag from /home/airflow/.local/lib/python3.12/site-packages/airflow/example_dags/example_branch_operator_decorator.py
[2025-05-01T12:14:55.310+0000] {processor.py:840} INFO - DAG(s) 'example_branch_python_operator_decorator' retrieved from /home/airflow/.local/lib/python3.12/site-packages/airflow/example_dags/example_branch_operator_decorator.py
[2025-05-01T12:14:55.379+0000] {logging_mixin.py:188} INFO - [2025-05-01T12:14:55.379+0000] {dag.py:3096} INFO - Sync 1 DAGs
[2025-05-01T12:14:55.436+0000] {logging_mixin.py:188} INFO - [2025-05-01T12:14:55.435+0000] {dag.py:3954} INFO - Setting next_dagrun for example_branch_python_operator_decorator to 2025-04-30 00:00:00+00:00, run_after=2025-05-01 00:00:00+00:00
[2025-05-01T12:14:55.530+0000] {processor.py:183} INFO - Processing /home/airflow/.local/lib/python3.12/site-packages/airflow/example_dags/example_branch_operator_decorator.py took 0.299 seconds
[2025-05-01T12:15:26.081+0000] {processor.py:161} INFO - Started process (PID=5138) to work on /home/airflow/.local/lib/python3.12/site-packages/airflow/example_dags/example_branch_operator_decorator.py
[2025-05-01T12:15:26.084+0000] {processor.py:830} INFO - Processing file /home/airflow/.local/lib/python3.12/site-packages/airflow/example_dags/example_branch_operator_decorator.py for tasks to queue
[2025-05-01T12:15:26.089+0000] {logging_mixin.py:188} INFO - [2025-05-01T12:15:26.088+0000] {dagbag.py:545} INFO - Filling up the DagBag from /home/airflow/.local/lib/python3.12/site-packages/airflow/example_dags/example_branch_operator_decorator.py
[2025-05-01T12:15:26.137+0000] {processor.py:840} INFO - DAG(s) 'example_branch_python_operator_decorator' retrieved from /home/airflow/.local/lib/python3.12/site-packages/airflow/example_dags/example_branch_operator_decorator.py
[2025-05-01T12:15:26.214+0000] {logging_mixin.py:188} INFO - [2025-05-01T12:15:26.214+0000] {dag.py:3096} INFO - Sync 1 DAGs
[2025-05-01T12:15:26.272+0000] {logging_mixin.py:188} INFO - [2025-05-01T12:15:26.272+0000] {dag.py:3954} INFO - Setting next_dagrun for example_branch_python_operator_decorator to 2025-04-30 00:00:00+00:00, run_after=2025-05-01 00:00:00+00:00
[2025-05-01T12:15:26.367+0000] {processor.py:183} INFO - Processing /home/airflow/.local/lib/python3.12/site-packages/airflow/example_dags/example_branch_operator_decorator.py took 0.299 seconds
[2025-05-01T12:15:56.878+0000] {processor.py:161} INFO - Started process (PID=5197) to work on /home/airflow/.local/lib/python3.12/site-packages/airflow/example_dags/example_branch_operator_decorator.py
[2025-05-01T12:15:56.881+0000] {processor.py:830} INFO - Processing file /home/airflow/.local/lib/python3.12/site-packages/airflow/example_dags/example_branch_operator_decorator.py for tasks to queue
[2025-05-01T12:15:56.889+0000] {logging_mixin.py:188} INFO - [2025-05-01T12:15:56.887+0000] {dagbag.py:545} INFO - Filling up the DagBag from /home/airflow/.local/lib/python3.12/site-packages/airflow/example_dags/example_branch_operator_decorator.py
[2025-05-01T12:15:56.946+0000] {processor.py:840} INFO - DAG(s) 'example_branch_python_operator_decorator' retrieved from /home/airflow/.local/lib/python3.12/site-packages/airflow/example_dags/example_branch_operator_decorator.py
[2025-05-01T12:15:57.020+0000] {logging_mixin.py:188} INFO - [2025-05-01T12:15:57.019+0000] {dag.py:3096} INFO - Sync 1 DAGs
[2025-05-01T12:15:57.076+0000] {logging_mixin.py:188} INFO - [2025-05-01T12:15:57.075+0000] {dag.py:3954} INFO - Setting next_dagrun for example_branch_python_operator_decorator to 2025-04-30 00:00:00+00:00, run_after=2025-05-01 00:00:00+00:00
[2025-05-01T12:15:57.120+0000] {processor.py:183} INFO - Processing /home/airflow/.local/lib/python3.12/site-packages/airflow/example_dags/example_branch_operator_decorator.py took 0.264 seconds
[2025-05-01T12:16:27.880+0000] {processor.py:161} INFO - Started process (PID=5256) to work on /home/airflow/.local/lib/python3.12/site-packages/airflow/example_dags/example_branch_operator_decorator.py
[2025-05-01T12:16:27.882+0000] {processor.py:830} INFO - Processing file /home/airflow/.local/lib/python3.12/site-packages/airflow/example_dags/example_branch_operator_decorator.py for tasks to queue
[2025-05-01T12:16:27.886+0000] {logging_mixin.py:188} INFO - [2025-05-01T12:16:27.886+0000] {dagbag.py:545} INFO - Filling up the DagBag from /home/airflow/.local/lib/python3.12/site-packages/airflow/example_dags/example_branch_operator_decorator.py
[2025-05-01T12:16:27.940+0000] {processor.py:840} INFO - DAG(s) 'example_branch_python_operator_decorator' retrieved from /home/airflow/.local/lib/python3.12/site-packages/airflow/example_dags/example_branch_operator_decorator.py
[2025-05-01T12:16:28.014+0000] {logging_mixin.py:188} INFO - [2025-05-01T12:16:28.012+0000] {dag.py:3096} INFO - Sync 1 DAGs
[2025-05-01T12:16:28.076+0000] {logging_mixin.py:188} INFO - [2025-05-01T12:16:28.076+0000] {dag.py:3954} INFO - Setting next_dagrun for example_branch_python_operator_decorator to 2025-04-30 00:00:00+00:00, run_after=2025-05-01 00:00:00+00:00
[2025-05-01T12:16:28.125+0000] {processor.py:183} INFO - Processing /home/airflow/.local/lib/python3.12/site-packages/airflow/example_dags/example_branch_operator_decorator.py took 0.260 seconds
[2025-05-01T12:16:58.446+0000] {processor.py:161} INFO - Started process (PID=5316) to work on /home/airflow/.local/lib/python3.12/site-packages/airflow/example_dags/example_branch_operator_decorator.py
[2025-05-01T12:16:58.448+0000] {processor.py:830} INFO - Processing file /home/airflow/.local/lib/python3.12/site-packages/airflow/example_dags/example_branch_operator_decorator.py for tasks to queue
[2025-05-01T12:16:58.452+0000] {logging_mixin.py:188} INFO - [2025-05-01T12:16:58.451+0000] {dagbag.py:545} INFO - Filling up the DagBag from /home/airflow/.local/lib/python3.12/site-packages/airflow/example_dags/example_branch_operator_decorator.py
[2025-05-01T12:16:58.509+0000] {processor.py:840} INFO - DAG(s) 'example_branch_python_operator_decorator' retrieved from /home/airflow/.local/lib/python3.12/site-packages/airflow/example_dags/example_branch_operator_decorator.py
[2025-05-01T12:16:58.580+0000] {logging_mixin.py:188} INFO - [2025-05-01T12:16:58.580+0000] {dag.py:3096} INFO - Sync 1 DAGs
[2025-05-01T12:16:58.634+0000] {logging_mixin.py:188} INFO - [2025-05-01T12:16:58.633+0000] {dag.py:3954} INFO - Setting next_dagrun for example_branch_python_operator_decorator to 2025-04-30 00:00:00+00:00, run_after=2025-05-01 00:00:00+00:00
[2025-05-01T12:16:58.682+0000] {processor.py:183} INFO - Processing /home/airflow/.local/lib/python3.12/site-packages/airflow/example_dags/example_branch_operator_decorator.py took 0.248 seconds
[2025-05-01T12:17:29.318+0000] {processor.py:161} INFO - Started process (PID=5375) to work on /home/airflow/.local/lib/python3.12/site-packages/airflow/example_dags/example_branch_operator_decorator.py
[2025-05-01T12:17:29.321+0000] {processor.py:830} INFO - Processing file /home/airflow/.local/lib/python3.12/site-packages/airflow/example_dags/example_branch_operator_decorator.py for tasks to queue
[2025-05-01T12:17:29.326+0000] {logging_mixin.py:188} INFO - [2025-05-01T12:17:29.325+0000] {dagbag.py:545} INFO - Filling up the DagBag from /home/airflow/.local/lib/python3.12/site-packages/airflow/example_dags/example_branch_operator_decorator.py
[2025-05-01T12:17:29.375+0000] {processor.py:840} INFO - DAG(s) 'example_branch_python_operator_decorator' retrieved from /home/airflow/.local/lib/python3.12/site-packages/airflow/example_dags/example_branch_operator_decorator.py
[2025-05-01T12:17:29.469+0000] {logging_mixin.py:188} INFO - [2025-05-01T12:17:29.468+0000] {dag.py:3096} INFO - Sync 1 DAGs
[2025-05-01T12:17:29.539+0000] {logging_mixin.py:188} INFO - [2025-05-01T12:17:29.538+0000] {dag.py:3954} INFO - Setting next_dagrun for example_branch_python_operator_decorator to 2025-04-30 00:00:00+00:00, run_after=2025-05-01 00:00:00+00:00
[2025-05-01T12:17:29.611+0000] {processor.py:183} INFO - Processing /home/airflow/.local/lib/python3.12/site-packages/airflow/example_dags/example_branch_operator_decorator.py took 0.307 seconds
[2025-05-01T12:18:00.455+0000] {processor.py:161} INFO - Started process (PID=5434) to work on /home/airflow/.local/lib/python3.12/site-packages/airflow/example_dags/example_branch_operator_decorator.py
[2025-05-01T12:18:00.457+0000] {processor.py:830} INFO - Processing file /home/airflow/.local/lib/python3.12/site-packages/airflow/example_dags/example_branch_operator_decorator.py for tasks to queue
[2025-05-01T12:18:00.462+0000] {logging_mixin.py:188} INFO - [2025-05-01T12:18:00.461+0000] {dagbag.py:545} INFO - Filling up the DagBag from /home/airflow/.local/lib/python3.12/site-packages/airflow/example_dags/example_branch_operator_decorator.py
[2025-05-01T12:18:00.505+0000] {processor.py:840} INFO - DAG(s) 'example_branch_python_operator_decorator' retrieved from /home/airflow/.local/lib/python3.12/site-packages/airflow/example_dags/example_branch_operator_decorator.py
[2025-05-01T12:18:00.571+0000] {logging_mixin.py:188} INFO - [2025-05-01T12:18:00.570+0000] {dag.py:3096} INFO - Sync 1 DAGs
[2025-05-01T12:18:00.629+0000] {logging_mixin.py:188} INFO - [2025-05-01T12:18:00.629+0000] {dag.py:3954} INFO - Setting next_dagrun for example_branch_python_operator_decorator to 2025-04-30 00:00:00+00:00, run_after=2025-05-01 00:00:00+00:00
[2025-05-01T12:18:00.724+0000] {processor.py:183} INFO - Processing /home/airflow/.local/lib/python3.12/site-packages/airflow/example_dags/example_branch_operator_decorator.py took 0.282 seconds
[2025-05-01T12:18:31.786+0000] {processor.py:161} INFO - Started process (PID=5493) to work on /home/airflow/.local/lib/python3.12/site-packages/airflow/example_dags/example_branch_operator_decorator.py
[2025-05-01T12:18:31.789+0000] {processor.py:830} INFO - Processing file /home/airflow/.local/lib/python3.12/site-packages/airflow/example_dags/example_branch_operator_decorator.py for tasks to queue
[2025-05-01T12:18:31.796+0000] {logging_mixin.py:188} INFO - [2025-05-01T12:18:31.795+0000] {dagbag.py:545} INFO - Filling up the DagBag from /home/airflow/.local/lib/python3.12/site-packages/airflow/example_dags/example_branch_operator_decorator.py
[2025-05-01T12:18:31.869+0000] {processor.py:840} INFO - DAG(s) 'example_branch_python_operator_decorator' retrieved from /home/airflow/.local/lib/python3.12/site-packages/airflow/example_dags/example_branch_operator_decorator.py
[2025-05-01T12:18:31.950+0000] {logging_mixin.py:188} INFO - [2025-05-01T12:18:31.949+0000] {dag.py:3096} INFO - Sync 1 DAGs
[2025-05-01T12:18:32.019+0000] {logging_mixin.py:188} INFO - [2025-05-01T12:18:32.019+0000] {dag.py:3954} INFO - Setting next_dagrun for example_branch_python_operator_decorator to 2025-04-30 00:00:00+00:00, run_after=2025-05-01 00:00:00+00:00
[2025-05-01T12:18:32.115+0000] {processor.py:183} INFO - Processing /home/airflow/.local/lib/python3.12/site-packages/airflow/example_dags/example_branch_operator_decorator.py took 0.344 seconds
[2025-05-01T12:19:03.171+0000] {processor.py:161} INFO - Started process (PID=5552) to work on /home/airflow/.local/lib/python3.12/site-packages/airflow/example_dags/example_branch_operator_decorator.py
[2025-05-01T12:19:03.174+0000] {processor.py:830} INFO - Processing file /home/airflow/.local/lib/python3.12/site-packages/airflow/example_dags/example_branch_operator_decorator.py for tasks to queue
[2025-05-01T12:19:03.179+0000] {logging_mixin.py:188} INFO - [2025-05-01T12:19:03.178+0000] {dagbag.py:545} INFO - Filling up the DagBag from /home/airflow/.local/lib/python3.12/site-packages/airflow/example_dags/example_branch_operator_decorator.py
[2025-05-01T12:19:03.232+0000] {processor.py:840} INFO - DAG(s) 'example_branch_python_operator_decorator' retrieved from /home/airflow/.local/lib/python3.12/site-packages/airflow/example_dags/example_branch_operator_decorator.py
[2025-05-01T12:19:03.314+0000] {logging_mixin.py:188} INFO - [2025-05-01T12:19:03.313+0000] {dag.py:3096} INFO - Sync 1 DAGs
[2025-05-01T12:19:03.373+0000] {logging_mixin.py:188} INFO - [2025-05-01T12:19:03.373+0000] {dag.py:3954} INFO - Setting next_dagrun for example_branch_python_operator_decorator to 2025-04-30 00:00:00+00:00, run_after=2025-05-01 00:00:00+00:00
[2025-05-01T12:19:03.468+0000] {processor.py:183} INFO - Processing /home/airflow/.local/lib/python3.12/site-packages/airflow/example_dags/example_branch_operator_decorator.py took 0.311 seconds
[2025-05-01T12:19:33.947+0000] {processor.py:161} INFO - Started process (PID=5610) to work on /home/airflow/.local/lib/python3.12/site-packages/airflow/example_dags/example_branch_operator_decorator.py
[2025-05-01T12:19:33.950+0000] {processor.py:830} INFO - Processing file /home/airflow/.local/lib/python3.12/site-packages/airflow/example_dags/example_branch_operator_decorator.py for tasks to queue
[2025-05-01T12:19:33.955+0000] {logging_mixin.py:188} INFO - [2025-05-01T12:19:33.954+0000] {dagbag.py:545} INFO - Filling up the DagBag from /home/airflow/.local/lib/python3.12/site-packages/airflow/example_dags/example_branch_operator_decorator.py
[2025-05-01T12:19:34.006+0000] {processor.py:840} INFO - DAG(s) 'example_branch_python_operator_decorator' retrieved from /home/airflow/.local/lib/python3.12/site-packages/airflow/example_dags/example_branch_operator_decorator.py
[2025-05-01T12:19:34.110+0000] {logging_mixin.py:188} INFO - [2025-05-01T12:19:34.109+0000] {dag.py:3096} INFO - Sync 1 DAGs
[2025-05-01T12:19:34.178+0000] {logging_mixin.py:188} INFO - [2025-05-01T12:19:34.178+0000] {dag.py:3954} INFO - Setting next_dagrun for example_branch_python_operator_decorator to 2025-04-30 00:00:00+00:00, run_after=2025-05-01 00:00:00+00:00
[2025-05-01T12:19:34.242+0000] {processor.py:183} INFO - Processing /home/airflow/.local/lib/python3.12/site-packages/airflow/example_dags/example_branch_operator_decorator.py took 0.308 seconds
[2025-05-01T12:20:04.738+0000] {processor.py:161} INFO - Started process (PID=5669) to work on /home/airflow/.local/lib/python3.12/site-packages/airflow/example_dags/example_branch_operator_decorator.py
[2025-05-01T12:20:04.741+0000] {processor.py:830} INFO - Processing file /home/airflow/.local/lib/python3.12/site-packages/airflow/example_dags/example_branch_operator_decorator.py for tasks to queue
[2025-05-01T12:20:04.747+0000] {logging_mixin.py:188} INFO - [2025-05-01T12:20:04.746+0000] {dagbag.py:545} INFO - Filling up the DagBag from /home/airflow/.local/lib/python3.12/site-packages/airflow/example_dags/example_branch_operator_decorator.py
[2025-05-01T12:20:04.801+0000] {processor.py:840} INFO - DAG(s) 'example_branch_python_operator_decorator' retrieved from /home/airflow/.local/lib/python3.12/site-packages/airflow/example_dags/example_branch_operator_decorator.py
[2025-05-01T12:20:04.876+0000] {logging_mixin.py:188} INFO - [2025-05-01T12:20:04.875+0000] {dag.py:3096} INFO - Sync 1 DAGs
[2025-05-01T12:20:04.949+0000] {logging_mixin.py:188} INFO - [2025-05-01T12:20:04.948+0000] {dag.py:3954} INFO - Setting next_dagrun for example_branch_python_operator_decorator to 2025-04-30 00:00:00+00:00, run_after=2025-05-01 00:00:00+00:00
[2025-05-01T12:20:05.052+0000] {processor.py:183} INFO - Processing /home/airflow/.local/lib/python3.12/site-packages/airflow/example_dags/example_branch_operator_decorator.py took 0.328 seconds
[2025-05-01T12:20:35.857+0000] {processor.py:161} INFO - Started process (PID=5728) to work on /home/airflow/.local/lib/python3.12/site-packages/airflow/example_dags/example_branch_operator_decorator.py
[2025-05-01T12:20:35.860+0000] {processor.py:830} INFO - Processing file /home/airflow/.local/lib/python3.12/site-packages/airflow/example_dags/example_branch_operator_decorator.py for tasks to queue
[2025-05-01T12:20:35.864+0000] {logging_mixin.py:188} INFO - [2025-05-01T12:20:35.864+0000] {dagbag.py:545} INFO - Filling up the DagBag from /home/airflow/.local/lib/python3.12/site-packages/airflow/example_dags/example_branch_operator_decorator.py
[2025-05-01T12:20:35.910+0000] {processor.py:840} INFO - DAG(s) 'example_branch_python_operator_decorator' retrieved from /home/airflow/.local/lib/python3.12/site-packages/airflow/example_dags/example_branch_operator_decorator.py
[2025-05-01T12:20:35.977+0000] {logging_mixin.py:188} INFO - [2025-05-01T12:20:35.977+0000] {dag.py:3096} INFO - Sync 1 DAGs
[2025-05-01T12:20:36.030+0000] {logging_mixin.py:188} INFO - [2025-05-01T12:20:36.029+0000] {dag.py:3954} INFO - Setting next_dagrun for example_branch_python_operator_decorator to 2025-04-30 00:00:00+00:00, run_after=2025-05-01 00:00:00+00:00
[2025-05-01T12:20:36.078+0000] {processor.py:183} INFO - Processing /home/airflow/.local/lib/python3.12/site-packages/airflow/example_dags/example_branch_operator_decorator.py took 0.235 seconds
[2025-05-01T12:21:06.702+0000] {processor.py:161} INFO - Started process (PID=5787) to work on /home/airflow/.local/lib/python3.12/site-packages/airflow/example_dags/example_branch_operator_decorator.py
[2025-05-01T12:21:06.704+0000] {processor.py:830} INFO - Processing file /home/airflow/.local/lib/python3.12/site-packages/airflow/example_dags/example_branch_operator_decorator.py for tasks to queue
[2025-05-01T12:21:06.709+0000] {logging_mixin.py:188} INFO - [2025-05-01T12:21:06.708+0000] {dagbag.py:545} INFO - Filling up the DagBag from /home/airflow/.local/lib/python3.12/site-packages/airflow/example_dags/example_branch_operator_decorator.py
[2025-05-01T12:21:06.752+0000] {processor.py:840} INFO - DAG(s) 'example_branch_python_operator_decorator' retrieved from /home/airflow/.local/lib/python3.12/site-packages/airflow/example_dags/example_branch_operator_decorator.py
[2025-05-01T12:21:06.863+0000] {logging_mixin.py:188} INFO - [2025-05-01T12:21:06.862+0000] {dag.py:3096} INFO - Sync 1 DAGs
[2025-05-01T12:21:06.922+0000] {logging_mixin.py:188} INFO - [2025-05-01T12:21:06.922+0000] {dag.py:3954} INFO - Setting next_dagrun for example_branch_python_operator_decorator to 2025-04-30 00:00:00+00:00, run_after=2025-05-01 00:00:00+00:00
[2025-05-01T12:21:06.973+0000] {processor.py:183} INFO - Processing /home/airflow/.local/lib/python3.12/site-packages/airflow/example_dags/example_branch_operator_decorator.py took 0.287 seconds
[2025-05-01T12:21:37.492+0000] {processor.py:161} INFO - Started process (PID=5846) to work on /home/airflow/.local/lib/python3.12/site-packages/airflow/example_dags/example_branch_operator_decorator.py
[2025-05-01T12:21:37.496+0000] {processor.py:830} INFO - Processing file /home/airflow/.local/lib/python3.12/site-packages/airflow/example_dags/example_branch_operator_decorator.py for tasks to queue
[2025-05-01T12:21:37.506+0000] {logging_mixin.py:188} INFO - [2025-05-01T12:21:37.504+0000] {dagbag.py:545} INFO - Filling up the DagBag from /home/airflow/.local/lib/python3.12/site-packages/airflow/example_dags/example_branch_operator_decorator.py
[2025-05-01T12:21:37.573+0000] {processor.py:840} INFO - DAG(s) 'example_branch_python_operator_decorator' retrieved from /home/airflow/.local/lib/python3.12/site-packages/airflow/example_dags/example_branch_operator_decorator.py
[2025-05-01T12:21:37.660+0000] {logging_mixin.py:188} INFO - [2025-05-01T12:21:37.659+0000] {dag.py:3096} INFO - Sync 1 DAGs
[2025-05-01T12:21:37.715+0000] {logging_mixin.py:188} INFO - [2025-05-01T12:21:37.714+0000] {dag.py:3954} INFO - Setting next_dagrun for example_branch_python_operator_decorator to 2025-04-30 00:00:00+00:00, run_after=2025-05-01 00:00:00+00:00
[2025-05-01T12:21:37.806+0000] {processor.py:183} INFO - Processing /home/airflow/.local/lib/python3.12/site-packages/airflow/example_dags/example_branch_operator_decorator.py took 0.336 seconds
[2025-05-01T12:22:08.436+0000] {processor.py:161} INFO - Started process (PID=5905) to work on /home/airflow/.local/lib/python3.12/site-packages/airflow/example_dags/example_branch_operator_decorator.py
[2025-05-01T12:22:08.438+0000] {processor.py:830} INFO - Processing file /home/airflow/.local/lib/python3.12/site-packages/airflow/example_dags/example_branch_operator_decorator.py for tasks to queue
[2025-05-01T12:22:08.443+0000] {logging_mixin.py:188} INFO - [2025-05-01T12:22:08.442+0000] {dagbag.py:545} INFO - Filling up the DagBag from /home/airflow/.local/lib/python3.12/site-packages/airflow/example_dags/example_branch_operator_decorator.py
[2025-05-01T12:22:08.492+0000] {processor.py:840} INFO - DAG(s) 'example_branch_python_operator_decorator' retrieved from /home/airflow/.local/lib/python3.12/site-packages/airflow/example_dags/example_branch_operator_decorator.py
[2025-05-01T12:22:08.660+0000] {logging_mixin.py:188} INFO - [2025-05-01T12:22:08.659+0000] {dag.py:3096} INFO - Sync 1 DAGs
[2025-05-01T12:22:08.811+0000] {logging_mixin.py:188} INFO - [2025-05-01T12:22:08.811+0000] {dag.py:3954} INFO - Setting next_dagrun for example_branch_python_operator_decorator to 2025-04-30 00:00:00+00:00, run_after=2025-05-01 00:00:00+00:00
[2025-05-01T12:22:08.905+0000] {processor.py:183} INFO - Processing /home/airflow/.local/lib/python3.12/site-packages/airflow/example_dags/example_branch_operator_decorator.py took 0.484 seconds
[2025-05-01T12:22:39.550+0000] {processor.py:161} INFO - Started process (PID=5970) to work on /home/airflow/.local/lib/python3.12/site-packages/airflow/example_dags/example_branch_operator_decorator.py
[2025-05-01T12:22:39.553+0000] {processor.py:830} INFO - Processing file /home/airflow/.local/lib/python3.12/site-packages/airflow/example_dags/example_branch_operator_decorator.py for tasks to queue
[2025-05-01T12:22:39.560+0000] {logging_mixin.py:188} INFO - [2025-05-01T12:22:39.559+0000] {dagbag.py:545} INFO - Filling up the DagBag from /home/airflow/.local/lib/python3.12/site-packages/airflow/example_dags/example_branch_operator_decorator.py
[2025-05-01T12:22:39.618+0000] {processor.py:840} INFO - DAG(s) 'example_branch_python_operator_decorator' retrieved from /home/airflow/.local/lib/python3.12/site-packages/airflow/example_dags/example_branch_operator_decorator.py
[2025-05-01T12:22:39.718+0000] {logging_mixin.py:188} INFO - [2025-05-01T12:22:39.717+0000] {dag.py:3096} INFO - Sync 1 DAGs
[2025-05-01T12:22:39.808+0000] {logging_mixin.py:188} INFO - [2025-05-01T12:22:39.807+0000] {dag.py:3954} INFO - Setting next_dagrun for example_branch_python_operator_decorator to 2025-04-30 00:00:00+00:00, run_after=2025-05-01 00:00:00+00:00
[2025-05-01T12:22:39.941+0000] {processor.py:183} INFO - Processing /home/airflow/.local/lib/python3.12/site-packages/airflow/example_dags/example_branch_operator_decorator.py took 0.405 seconds
[2025-05-01T12:23:10.146+0000] {processor.py:161} INFO - Started process (PID=6029) to work on /home/airflow/.local/lib/python3.12/site-packages/airflow/example_dags/example_branch_operator_decorator.py
[2025-05-01T12:23:10.150+0000] {processor.py:830} INFO - Processing file /home/airflow/.local/lib/python3.12/site-packages/airflow/example_dags/example_branch_operator_decorator.py for tasks to queue
[2025-05-01T12:23:10.156+0000] {logging_mixin.py:188} INFO - [2025-05-01T12:23:10.155+0000] {dagbag.py:545} INFO - Filling up the DagBag from /home/airflow/.local/lib/python3.12/site-packages/airflow/example_dags/example_branch_operator_decorator.py
[2025-05-01T12:23:10.244+0000] {processor.py:840} INFO - DAG(s) 'example_branch_python_operator_decorator' retrieved from /home/airflow/.local/lib/python3.12/site-packages/airflow/example_dags/example_branch_operator_decorator.py
[2025-05-01T12:23:10.367+0000] {logging_mixin.py:188} INFO - [2025-05-01T12:23:10.365+0000] {dag.py:3096} INFO - Sync 1 DAGs
[2025-05-01T12:23:10.477+0000] {logging_mixin.py:188} INFO - [2025-05-01T12:23:10.475+0000] {dag.py:3954} INFO - Setting next_dagrun for example_branch_python_operator_decorator to 2025-04-30 00:00:00+00:00, run_after=2025-05-01 00:00:00+00:00
[2025-05-01T12:23:10.570+0000] {processor.py:183} INFO - Processing /home/airflow/.local/lib/python3.12/site-packages/airflow/example_dags/example_branch_operator_decorator.py took 0.445 seconds
[2025-05-01T12:23:40.962+0000] {processor.py:161} INFO - Started process (PID=6088) to work on /home/airflow/.local/lib/python3.12/site-packages/airflow/example_dags/example_branch_operator_decorator.py
[2025-05-01T12:23:40.964+0000] {processor.py:830} INFO - Processing file /home/airflow/.local/lib/python3.12/site-packages/airflow/example_dags/example_branch_operator_decorator.py for tasks to queue
[2025-05-01T12:23:40.968+0000] {logging_mixin.py:188} INFO - [2025-05-01T12:23:40.967+0000] {dagbag.py:545} INFO - Filling up the DagBag from /home/airflow/.local/lib/python3.12/site-packages/airflow/example_dags/example_branch_operator_decorator.py
[2025-05-01T12:23:41.032+0000] {processor.py:840} INFO - DAG(s) 'example_branch_python_operator_decorator' retrieved from /home/airflow/.local/lib/python3.12/site-packages/airflow/example_dags/example_branch_operator_decorator.py
[2025-05-01T12:23:41.094+0000] {logging_mixin.py:188} INFO - [2025-05-01T12:23:41.093+0000] {dag.py:3096} INFO - Sync 1 DAGs
[2025-05-01T12:23:41.144+0000] {logging_mixin.py:188} INFO - [2025-05-01T12:23:41.143+0000] {dag.py:3954} INFO - Setting next_dagrun for example_branch_python_operator_decorator to 2025-04-30 00:00:00+00:00, run_after=2025-05-01 00:00:00+00:00
[2025-05-01T12:23:41.186+0000] {processor.py:183} INFO - Processing /home/airflow/.local/lib/python3.12/site-packages/airflow/example_dags/example_branch_operator_decorator.py took 0.237 seconds
[2025-05-01T12:24:11.738+0000] {processor.py:161} INFO - Started process (PID=6147) to work on /home/airflow/.local/lib/python3.12/site-packages/airflow/example_dags/example_branch_operator_decorator.py
[2025-05-01T12:24:11.744+0000] {processor.py:830} INFO - Processing file /home/airflow/.local/lib/python3.12/site-packages/airflow/example_dags/example_branch_operator_decorator.py for tasks to queue
[2025-05-01T12:24:11.754+0000] {logging_mixin.py:188} INFO - [2025-05-01T12:24:11.752+0000] {dagbag.py:545} INFO - Filling up the DagBag from /home/airflow/.local/lib/python3.12/site-packages/airflow/example_dags/example_branch_operator_decorator.py
[2025-05-01T12:24:11.859+0000] {processor.py:840} INFO - DAG(s) 'example_branch_python_operator_decorator' retrieved from /home/airflow/.local/lib/python3.12/site-packages/airflow/example_dags/example_branch_operator_decorator.py
[2025-05-01T12:24:11.945+0000] {logging_mixin.py:188} INFO - [2025-05-01T12:24:11.944+0000] {dag.py:3096} INFO - Sync 1 DAGs
[2025-05-01T12:24:12.000+0000] {logging_mixin.py:188} INFO - [2025-05-01T12:24:11.999+0000] {dag.py:3954} INFO - Setting next_dagrun for example_branch_python_operator_decorator to 2025-04-30 00:00:00+00:00, run_after=2025-05-01 00:00:00+00:00
[2025-05-01T12:24:12.100+0000] {processor.py:183} INFO - Processing /home/airflow/.local/lib/python3.12/site-packages/airflow/example_dags/example_branch_operator_decorator.py took 0.388 seconds
[2025-05-01T12:24:42.284+0000] {processor.py:161} INFO - Started process (PID=6205) to work on /home/airflow/.local/lib/python3.12/site-packages/airflow/example_dags/example_branch_operator_decorator.py
[2025-05-01T12:24:42.287+0000] {processor.py:830} INFO - Processing file /home/airflow/.local/lib/python3.12/site-packages/airflow/example_dags/example_branch_operator_decorator.py for tasks to queue
[2025-05-01T12:24:42.292+0000] {logging_mixin.py:188} INFO - [2025-05-01T12:24:42.291+0000] {dagbag.py:545} INFO - Filling up the DagBag from /home/airflow/.local/lib/python3.12/site-packages/airflow/example_dags/example_branch_operator_decorator.py
[2025-05-01T12:24:42.348+0000] {processor.py:840} INFO - DAG(s) 'example_branch_python_operator_decorator' retrieved from /home/airflow/.local/lib/python3.12/site-packages/airflow/example_dags/example_branch_operator_decorator.py
[2025-05-01T12:24:42.419+0000] {logging_mixin.py:188} INFO - [2025-05-01T12:24:42.419+0000] {dag.py:3096} INFO - Sync 1 DAGs
[2025-05-01T12:24:42.478+0000] {logging_mixin.py:188} INFO - [2025-05-01T12:24:42.477+0000] {dag.py:3954} INFO - Setting next_dagrun for example_branch_python_operator_decorator to 2025-04-30 00:00:00+00:00, run_after=2025-05-01 00:00:00+00:00
[2025-05-01T12:24:42.556+0000] {processor.py:183} INFO - Processing /home/airflow/.local/lib/python3.12/site-packages/airflow/example_dags/example_branch_operator_decorator.py took 0.287 seconds
