[2025-05-01T10:49:56.153+0000] {processor.py:161} INFO - Started process (PID=111) to work on /home/airflow/.local/lib/python3.12/site-packages/airflow/example_dags/example_task_group_decorator.py
[2025-05-01T10:49:56.155+0000] {processor.py:830} INFO - Processing file /home/airflow/.local/lib/python3.12/site-packages/airflow/example_dags/example_task_group_decorator.py for tasks to queue
[2025-05-01T10:49:56.157+0000] {logging_mixin.py:188} INFO - [2025-05-01T10:49:56.157+0000] {dagbag.py:545} INFO - Filling up the DagBag from /home/airflow/.local/lib/python3.12/site-packages/airflow/example_dags/example_task_group_decorator.py
[2025-05-01T10:49:56.173+0000] {processor.py:840} INFO - DAG(s) 'example_task_group_decorator' retrieved from /home/airflow/.local/lib/python3.12/site-packages/airflow/example_dags/example_task_group_decorator.py
[2025-05-01T10:49:56.290+0000] {logging_mixin.py:188} INFO - [2025-05-01T10:49:56.289+0000] {dag.py:3096} INFO - Sync 1 DAGs
[2025-05-01T10:49:56.312+0000] {logging_mixin.py:188} INFO - [2025-05-01T10:49:56.311+0000] {dag.py:3954} INFO - Setting next_dagrun for example_task_group_decorator to 2025-04-30 00:00:00+00:00, run_after=2025-05-01 00:00:00+00:00
[2025-05-01T10:49:56.338+0000] {processor.py:183} INFO - Processing /home/airflow/.local/lib/python3.12/site-packages/airflow/example_dags/example_task_group_decorator.py took 0.190 seconds
[2025-05-01T10:50:27.205+0000] {processor.py:161} INFO - Started process (PID=169) to work on /home/airflow/.local/lib/python3.12/site-packages/airflow/example_dags/example_task_group_decorator.py
[2025-05-01T10:50:27.207+0000] {processor.py:830} INFO - Processing file /home/airflow/.local/lib/python3.12/site-packages/airflow/example_dags/example_task_group_decorator.py for tasks to queue
[2025-05-01T10:50:27.210+0000] {logging_mixin.py:188} INFO - [2025-05-01T10:50:27.210+0000] {dagbag.py:545} INFO - Filling up the DagBag from /home/airflow/.local/lib/python3.12/site-packages/airflow/example_dags/example_task_group_decorator.py
[2025-05-01T10:50:27.237+0000] {processor.py:840} INFO - DAG(s) 'example_task_group_decorator' retrieved from /home/airflow/.local/lib/python3.12/site-packages/airflow/example_dags/example_task_group_decorator.py
[2025-05-01T10:50:27.270+0000] {logging_mixin.py:188} INFO - [2025-05-01T10:50:27.270+0000] {dag.py:3096} INFO - Sync 1 DAGs
[2025-05-01T10:50:27.304+0000] {logging_mixin.py:188} INFO - [2025-05-01T10:50:27.303+0000] {dag.py:3954} INFO - Setting next_dagrun for example_task_group_decorator to 2025-04-30 00:00:00+00:00, run_after=2025-05-01 00:00:00+00:00
[2025-05-01T10:50:27.332+0000] {processor.py:183} INFO - Processing /home/airflow/.local/lib/python3.12/site-packages/airflow/example_dags/example_task_group_decorator.py took 0.136 seconds
[2025-05-01T10:51:55.611+0000] {processor.py:161} INFO - Started process (PID=117) to work on /home/airflow/.local/lib/python3.12/site-packages/airflow/example_dags/example_task_group_decorator.py
[2025-05-01T10:51:55.613+0000] {processor.py:830} INFO - Processing file /home/airflow/.local/lib/python3.12/site-packages/airflow/example_dags/example_task_group_decorator.py for tasks to queue
[2025-05-01T10:51:55.615+0000] {logging_mixin.py:188} INFO - [2025-05-01T10:51:55.615+0000] {dagbag.py:545} INFO - Filling up the DagBag from /home/airflow/.local/lib/python3.12/site-packages/airflow/example_dags/example_task_group_decorator.py
[2025-05-01T10:51:55.638+0000] {processor.py:840} INFO - DAG(s) 'example_task_group_decorator' retrieved from /home/airflow/.local/lib/python3.12/site-packages/airflow/example_dags/example_task_group_decorator.py
[2025-05-01T10:51:55.771+0000] {logging_mixin.py:188} INFO - [2025-05-01T10:51:55.771+0000] {dag.py:3096} INFO - Sync 1 DAGs
[2025-05-01T10:51:55.796+0000] {logging_mixin.py:188} INFO - [2025-05-01T10:51:55.795+0000] {dag.py:3954} INFO - Setting next_dagrun for example_task_group_decorator to 2025-04-30 00:00:00+00:00, run_after=2025-05-01 00:00:00+00:00
[2025-05-01T10:51:55.829+0000] {processor.py:183} INFO - Processing /home/airflow/.local/lib/python3.12/site-packages/airflow/example_dags/example_task_group_decorator.py took 0.226 seconds
[2025-05-01T10:52:26.227+0000] {processor.py:161} INFO - Started process (PID=175) to work on /home/airflow/.local/lib/python3.12/site-packages/airflow/example_dags/example_task_group_decorator.py
[2025-05-01T10:52:26.228+0000] {processor.py:830} INFO - Processing file /home/airflow/.local/lib/python3.12/site-packages/airflow/example_dags/example_task_group_decorator.py for tasks to queue
[2025-05-01T10:52:26.231+0000] {logging_mixin.py:188} INFO - [2025-05-01T10:52:26.231+0000] {dagbag.py:545} INFO - Filling up the DagBag from /home/airflow/.local/lib/python3.12/site-packages/airflow/example_dags/example_task_group_decorator.py
[2025-05-01T10:52:26.248+0000] {processor.py:840} INFO - DAG(s) 'example_task_group_decorator' retrieved from /home/airflow/.local/lib/python3.12/site-packages/airflow/example_dags/example_task_group_decorator.py
[2025-05-01T10:52:26.282+0000] {logging_mixin.py:188} INFO - [2025-05-01T10:52:26.282+0000] {dag.py:3096} INFO - Sync 1 DAGs
[2025-05-01T10:52:26.311+0000] {logging_mixin.py:188} INFO - [2025-05-01T10:52:26.311+0000] {dag.py:3954} INFO - Setting next_dagrun for example_task_group_decorator to 2025-04-30 00:00:00+00:00, run_after=2025-05-01 00:00:00+00:00
[2025-05-01T10:52:26.338+0000] {processor.py:183} INFO - Processing /home/airflow/.local/lib/python3.12/site-packages/airflow/example_dags/example_task_group_decorator.py took 0.117 seconds
[2025-05-01T10:52:56.438+0000] {processor.py:161} INFO - Started process (PID=233) to work on /home/airflow/.local/lib/python3.12/site-packages/airflow/example_dags/example_task_group_decorator.py
[2025-05-01T10:52:56.439+0000] {processor.py:830} INFO - Processing file /home/airflow/.local/lib/python3.12/site-packages/airflow/example_dags/example_task_group_decorator.py for tasks to queue
[2025-05-01T10:52:56.442+0000] {logging_mixin.py:188} INFO - [2025-05-01T10:52:56.441+0000] {dagbag.py:545} INFO - Filling up the DagBag from /home/airflow/.local/lib/python3.12/site-packages/airflow/example_dags/example_task_group_decorator.py
[2025-05-01T10:52:56.460+0000] {processor.py:840} INFO - DAG(s) 'example_task_group_decorator' retrieved from /home/airflow/.local/lib/python3.12/site-packages/airflow/example_dags/example_task_group_decorator.py
[2025-05-01T10:52:56.495+0000] {logging_mixin.py:188} INFO - [2025-05-01T10:52:56.495+0000] {dag.py:3096} INFO - Sync 1 DAGs
[2025-05-01T10:52:56.531+0000] {logging_mixin.py:188} INFO - [2025-05-01T10:52:56.530+0000] {dag.py:3954} INFO - Setting next_dagrun for example_task_group_decorator to 2025-04-30 00:00:00+00:00, run_after=2025-05-01 00:00:00+00:00
[2025-05-01T10:52:56.577+0000] {processor.py:183} INFO - Processing /home/airflow/.local/lib/python3.12/site-packages/airflow/example_dags/example_task_group_decorator.py took 0.145 seconds
[2025-05-01T10:53:27.772+0000] {processor.py:161} INFO - Started process (PID=291) to work on /home/airflow/.local/lib/python3.12/site-packages/airflow/example_dags/example_task_group_decorator.py
[2025-05-01T10:53:27.774+0000] {processor.py:830} INFO - Processing file /home/airflow/.local/lib/python3.12/site-packages/airflow/example_dags/example_task_group_decorator.py for tasks to queue
[2025-05-01T10:53:27.778+0000] {logging_mixin.py:188} INFO - [2025-05-01T10:53:27.777+0000] {dagbag.py:545} INFO - Filling up the DagBag from /home/airflow/.local/lib/python3.12/site-packages/airflow/example_dags/example_task_group_decorator.py
[2025-05-01T10:53:27.797+0000] {processor.py:840} INFO - DAG(s) 'example_task_group_decorator' retrieved from /home/airflow/.local/lib/python3.12/site-packages/airflow/example_dags/example_task_group_decorator.py
[2025-05-01T10:53:27.826+0000] {logging_mixin.py:188} INFO - [2025-05-01T10:53:27.825+0000] {dag.py:3096} INFO - Sync 1 DAGs
[2025-05-01T10:53:27.856+0000] {logging_mixin.py:188} INFO - [2025-05-01T10:53:27.855+0000] {dag.py:3954} INFO - Setting next_dagrun for example_task_group_decorator to 2025-04-30 00:00:00+00:00, run_after=2025-05-01 00:00:00+00:00
[2025-05-01T10:53:27.881+0000] {processor.py:183} INFO - Processing /home/airflow/.local/lib/python3.12/site-packages/airflow/example_dags/example_task_group_decorator.py took 0.118 seconds
[2025-05-01T10:53:58.777+0000] {processor.py:161} INFO - Started process (PID=349) to work on /home/airflow/.local/lib/python3.12/site-packages/airflow/example_dags/example_task_group_decorator.py
[2025-05-01T10:53:58.779+0000] {processor.py:830} INFO - Processing file /home/airflow/.local/lib/python3.12/site-packages/airflow/example_dags/example_task_group_decorator.py for tasks to queue
[2025-05-01T10:53:58.781+0000] {logging_mixin.py:188} INFO - [2025-05-01T10:53:58.780+0000] {dagbag.py:545} INFO - Filling up the DagBag from /home/airflow/.local/lib/python3.12/site-packages/airflow/example_dags/example_task_group_decorator.py
[2025-05-01T10:53:58.795+0000] {processor.py:840} INFO - DAG(s) 'example_task_group_decorator' retrieved from /home/airflow/.local/lib/python3.12/site-packages/airflow/example_dags/example_task_group_decorator.py
[2025-05-01T10:53:58.823+0000] {logging_mixin.py:188} INFO - [2025-05-01T10:53:58.823+0000] {dag.py:3096} INFO - Sync 1 DAGs
[2025-05-01T10:53:58.846+0000] {logging_mixin.py:188} INFO - [2025-05-01T10:53:58.846+0000] {dag.py:3954} INFO - Setting next_dagrun for example_task_group_decorator to 2025-04-30 00:00:00+00:00, run_after=2025-05-01 00:00:00+00:00
[2025-05-01T10:53:58.872+0000] {processor.py:183} INFO - Processing /home/airflow/.local/lib/python3.12/site-packages/airflow/example_dags/example_task_group_decorator.py took 0.101 seconds
[2025-05-01T10:54:29.152+0000] {processor.py:161} INFO - Started process (PID=407) to work on /home/airflow/.local/lib/python3.12/site-packages/airflow/example_dags/example_task_group_decorator.py
[2025-05-01T10:54:29.153+0000] {processor.py:830} INFO - Processing file /home/airflow/.local/lib/python3.12/site-packages/airflow/example_dags/example_task_group_decorator.py for tasks to queue
[2025-05-01T10:54:29.155+0000] {logging_mixin.py:188} INFO - [2025-05-01T10:54:29.155+0000] {dagbag.py:545} INFO - Filling up the DagBag from /home/airflow/.local/lib/python3.12/site-packages/airflow/example_dags/example_task_group_decorator.py
[2025-05-01T10:54:29.171+0000] {processor.py:840} INFO - DAG(s) 'example_task_group_decorator' retrieved from /home/airflow/.local/lib/python3.12/site-packages/airflow/example_dags/example_task_group_decorator.py
[2025-05-01T10:54:29.201+0000] {logging_mixin.py:188} INFO - [2025-05-01T10:54:29.201+0000] {dag.py:3096} INFO - Sync 1 DAGs
[2025-05-01T10:54:29.228+0000] {logging_mixin.py:188} INFO - [2025-05-01T10:54:29.228+0000] {dag.py:3954} INFO - Setting next_dagrun for example_task_group_decorator to 2025-04-30 00:00:00+00:00, run_after=2025-05-01 00:00:00+00:00
[2025-05-01T10:54:29.254+0000] {processor.py:183} INFO - Processing /home/airflow/.local/lib/python3.12/site-packages/airflow/example_dags/example_task_group_decorator.py took 0.109 seconds
[2025-05-01T10:54:59.616+0000] {processor.py:161} INFO - Started process (PID=465) to work on /home/airflow/.local/lib/python3.12/site-packages/airflow/example_dags/example_task_group_decorator.py
[2025-05-01T10:54:59.617+0000] {processor.py:830} INFO - Processing file /home/airflow/.local/lib/python3.12/site-packages/airflow/example_dags/example_task_group_decorator.py for tasks to queue
[2025-05-01T10:54:59.620+0000] {logging_mixin.py:188} INFO - [2025-05-01T10:54:59.619+0000] {dagbag.py:545} INFO - Filling up the DagBag from /home/airflow/.local/lib/python3.12/site-packages/airflow/example_dags/example_task_group_decorator.py
[2025-05-01T10:54:59.635+0000] {processor.py:840} INFO - DAG(s) 'example_task_group_decorator' retrieved from /home/airflow/.local/lib/python3.12/site-packages/airflow/example_dags/example_task_group_decorator.py
[2025-05-01T10:54:59.664+0000] {logging_mixin.py:188} INFO - [2025-05-01T10:54:59.664+0000] {dag.py:3096} INFO - Sync 1 DAGs
[2025-05-01T10:54:59.689+0000] {logging_mixin.py:188} INFO - [2025-05-01T10:54:59.689+0000] {dag.py:3954} INFO - Setting next_dagrun for example_task_group_decorator to 2025-04-30 00:00:00+00:00, run_after=2025-05-01 00:00:00+00:00
[2025-05-01T10:54:59.715+0000] {processor.py:183} INFO - Processing /home/airflow/.local/lib/python3.12/site-packages/airflow/example_dags/example_task_group_decorator.py took 0.105 seconds
[2025-05-01T10:55:30.103+0000] {processor.py:161} INFO - Started process (PID=523) to work on /home/airflow/.local/lib/python3.12/site-packages/airflow/example_dags/example_task_group_decorator.py
[2025-05-01T10:55:30.104+0000] {processor.py:830} INFO - Processing file /home/airflow/.local/lib/python3.12/site-packages/airflow/example_dags/example_task_group_decorator.py for tasks to queue
[2025-05-01T10:55:30.107+0000] {logging_mixin.py:188} INFO - [2025-05-01T10:55:30.106+0000] {dagbag.py:545} INFO - Filling up the DagBag from /home/airflow/.local/lib/python3.12/site-packages/airflow/example_dags/example_task_group_decorator.py
[2025-05-01T10:55:30.121+0000] {processor.py:840} INFO - DAG(s) 'example_task_group_decorator' retrieved from /home/airflow/.local/lib/python3.12/site-packages/airflow/example_dags/example_task_group_decorator.py
[2025-05-01T10:55:30.152+0000] {logging_mixin.py:188} INFO - [2025-05-01T10:55:30.151+0000] {dag.py:3096} INFO - Sync 1 DAGs
[2025-05-01T10:55:30.179+0000] {logging_mixin.py:188} INFO - [2025-05-01T10:55:30.179+0000] {dag.py:3954} INFO - Setting next_dagrun for example_task_group_decorator to 2025-04-30 00:00:00+00:00, run_after=2025-05-01 00:00:00+00:00
[2025-05-01T10:55:30.204+0000] {processor.py:183} INFO - Processing /home/airflow/.local/lib/python3.12/site-packages/airflow/example_dags/example_task_group_decorator.py took 0.107 seconds
[2025-05-01T10:56:00.253+0000] {processor.py:161} INFO - Started process (PID=581) to work on /home/airflow/.local/lib/python3.12/site-packages/airflow/example_dags/example_task_group_decorator.py
[2025-05-01T10:56:00.254+0000] {processor.py:830} INFO - Processing file /home/airflow/.local/lib/python3.12/site-packages/airflow/example_dags/example_task_group_decorator.py for tasks to queue
[2025-05-01T10:56:00.257+0000] {logging_mixin.py:188} INFO - [2025-05-01T10:56:00.256+0000] {dagbag.py:545} INFO - Filling up the DagBag from /home/airflow/.local/lib/python3.12/site-packages/airflow/example_dags/example_task_group_decorator.py
[2025-05-01T10:56:00.271+0000] {processor.py:840} INFO - DAG(s) 'example_task_group_decorator' retrieved from /home/airflow/.local/lib/python3.12/site-packages/airflow/example_dags/example_task_group_decorator.py
[2025-05-01T10:56:00.299+0000] {logging_mixin.py:188} INFO - [2025-05-01T10:56:00.299+0000] {dag.py:3096} INFO - Sync 1 DAGs
[2025-05-01T10:56:00.324+0000] {logging_mixin.py:188} INFO - [2025-05-01T10:56:00.324+0000] {dag.py:3954} INFO - Setting next_dagrun for example_task_group_decorator to 2025-04-30 00:00:00+00:00, run_after=2025-05-01 00:00:00+00:00
[2025-05-01T10:56:00.349+0000] {processor.py:183} INFO - Processing /home/airflow/.local/lib/python3.12/site-packages/airflow/example_dags/example_task_group_decorator.py took 0.102 seconds
[2025-05-01T10:56:30.954+0000] {processor.py:161} INFO - Started process (PID=639) to work on /home/airflow/.local/lib/python3.12/site-packages/airflow/example_dags/example_task_group_decorator.py
[2025-05-01T10:56:30.956+0000] {processor.py:830} INFO - Processing file /home/airflow/.local/lib/python3.12/site-packages/airflow/example_dags/example_task_group_decorator.py for tasks to queue
[2025-05-01T10:56:30.958+0000] {logging_mixin.py:188} INFO - [2025-05-01T10:56:30.958+0000] {dagbag.py:545} INFO - Filling up the DagBag from /home/airflow/.local/lib/python3.12/site-packages/airflow/example_dags/example_task_group_decorator.py
[2025-05-01T10:56:30.974+0000] {processor.py:840} INFO - DAG(s) 'example_task_group_decorator' retrieved from /home/airflow/.local/lib/python3.12/site-packages/airflow/example_dags/example_task_group_decorator.py
[2025-05-01T10:56:31.006+0000] {logging_mixin.py:188} INFO - [2025-05-01T10:56:31.005+0000] {dag.py:3096} INFO - Sync 1 DAGs
[2025-05-01T10:56:31.032+0000] {logging_mixin.py:188} INFO - [2025-05-01T10:56:31.032+0000] {dag.py:3954} INFO - Setting next_dagrun for example_task_group_decorator to 2025-04-30 00:00:00+00:00, run_after=2025-05-01 00:00:00+00:00
[2025-05-01T10:56:31.057+0000] {processor.py:183} INFO - Processing /home/airflow/.local/lib/python3.12/site-packages/airflow/example_dags/example_task_group_decorator.py took 0.108 seconds
[2025-05-01T10:57:01.650+0000] {processor.py:161} INFO - Started process (PID=698) to work on /home/airflow/.local/lib/python3.12/site-packages/airflow/example_dags/example_task_group_decorator.py
[2025-05-01T10:57:01.652+0000] {processor.py:830} INFO - Processing file /home/airflow/.local/lib/python3.12/site-packages/airflow/example_dags/example_task_group_decorator.py for tasks to queue
[2025-05-01T10:57:01.655+0000] {logging_mixin.py:188} INFO - [2025-05-01T10:57:01.654+0000] {dagbag.py:545} INFO - Filling up the DagBag from /home/airflow/.local/lib/python3.12/site-packages/airflow/example_dags/example_task_group_decorator.py
[2025-05-01T10:57:01.675+0000] {processor.py:840} INFO - DAG(s) 'example_task_group_decorator' retrieved from /home/airflow/.local/lib/python3.12/site-packages/airflow/example_dags/example_task_group_decorator.py
[2025-05-01T10:57:01.716+0000] {logging_mixin.py:188} INFO - [2025-05-01T10:57:01.715+0000] {dag.py:3096} INFO - Sync 1 DAGs
[2025-05-01T10:57:01.751+0000] {logging_mixin.py:188} INFO - [2025-05-01T10:57:01.750+0000] {dag.py:3954} INFO - Setting next_dagrun for example_task_group_decorator to 2025-04-30 00:00:00+00:00, run_after=2025-05-01 00:00:00+00:00
[2025-05-01T10:57:01.792+0000] {processor.py:183} INFO - Processing /home/airflow/.local/lib/python3.12/site-packages/airflow/example_dags/example_task_group_decorator.py took 0.151 seconds
[2025-05-01T10:57:32.125+0000] {processor.py:161} INFO - Started process (PID=759) to work on /home/airflow/.local/lib/python3.12/site-packages/airflow/example_dags/example_task_group_decorator.py
[2025-05-01T10:57:32.127+0000] {processor.py:830} INFO - Processing file /home/airflow/.local/lib/python3.12/site-packages/airflow/example_dags/example_task_group_decorator.py for tasks to queue
[2025-05-01T10:57:32.129+0000] {logging_mixin.py:188} INFO - [2025-05-01T10:57:32.128+0000] {dagbag.py:545} INFO - Filling up the DagBag from /home/airflow/.local/lib/python3.12/site-packages/airflow/example_dags/example_task_group_decorator.py
[2025-05-01T10:57:32.143+0000] {processor.py:840} INFO - DAG(s) 'example_task_group_decorator' retrieved from /home/airflow/.local/lib/python3.12/site-packages/airflow/example_dags/example_task_group_decorator.py
[2025-05-01T10:57:32.174+0000] {logging_mixin.py:188} INFO - [2025-05-01T10:57:32.174+0000] {dag.py:3096} INFO - Sync 1 DAGs
[2025-05-01T10:57:32.198+0000] {logging_mixin.py:188} INFO - [2025-05-01T10:57:32.198+0000] {dag.py:3954} INFO - Setting next_dagrun for example_task_group_decorator to 2025-04-30 00:00:00+00:00, run_after=2025-05-01 00:00:00+00:00
[2025-05-01T10:57:32.226+0000] {processor.py:183} INFO - Processing /home/airflow/.local/lib/python3.12/site-packages/airflow/example_dags/example_task_group_decorator.py took 0.107 seconds
[2025-05-01T10:58:02.505+0000] {processor.py:161} INFO - Started process (PID=818) to work on /home/airflow/.local/lib/python3.12/site-packages/airflow/example_dags/example_task_group_decorator.py
[2025-05-01T10:58:02.506+0000] {processor.py:830} INFO - Processing file /home/airflow/.local/lib/python3.12/site-packages/airflow/example_dags/example_task_group_decorator.py for tasks to queue
[2025-05-01T10:58:02.509+0000] {logging_mixin.py:188} INFO - [2025-05-01T10:58:02.508+0000] {dagbag.py:545} INFO - Filling up the DagBag from /home/airflow/.local/lib/python3.12/site-packages/airflow/example_dags/example_task_group_decorator.py
[2025-05-01T10:58:02.524+0000] {processor.py:840} INFO - DAG(s) 'example_task_group_decorator' retrieved from /home/airflow/.local/lib/python3.12/site-packages/airflow/example_dags/example_task_group_decorator.py
[2025-05-01T10:58:02.556+0000] {logging_mixin.py:188} INFO - [2025-05-01T10:58:02.555+0000] {dag.py:3096} INFO - Sync 1 DAGs
[2025-05-01T10:58:02.581+0000] {logging_mixin.py:188} INFO - [2025-05-01T10:58:02.581+0000] {dag.py:3954} INFO - Setting next_dagrun for example_task_group_decorator to 2025-04-30 00:00:00+00:00, run_after=2025-05-01 00:00:00+00:00
[2025-05-01T10:58:02.607+0000] {processor.py:183} INFO - Processing /home/airflow/.local/lib/python3.12/site-packages/airflow/example_dags/example_task_group_decorator.py took 0.108 seconds
[2025-05-01T10:58:33.517+0000] {processor.py:161} INFO - Started process (PID=877) to work on /home/airflow/.local/lib/python3.12/site-packages/airflow/example_dags/example_task_group_decorator.py
[2025-05-01T10:58:33.519+0000] {processor.py:830} INFO - Processing file /home/airflow/.local/lib/python3.12/site-packages/airflow/example_dags/example_task_group_decorator.py for tasks to queue
[2025-05-01T10:58:33.522+0000] {logging_mixin.py:188} INFO - [2025-05-01T10:58:33.522+0000] {dagbag.py:545} INFO - Filling up the DagBag from /home/airflow/.local/lib/python3.12/site-packages/airflow/example_dags/example_task_group_decorator.py
[2025-05-01T10:58:33.538+0000] {processor.py:840} INFO - DAG(s) 'example_task_group_decorator' retrieved from /home/airflow/.local/lib/python3.12/site-packages/airflow/example_dags/example_task_group_decorator.py
[2025-05-01T10:58:33.570+0000] {logging_mixin.py:188} INFO - [2025-05-01T10:58:33.570+0000] {dag.py:3096} INFO - Sync 1 DAGs
[2025-05-01T10:58:33.596+0000] {logging_mixin.py:188} INFO - [2025-05-01T10:58:33.596+0000] {dag.py:3954} INFO - Setting next_dagrun for example_task_group_decorator to 2025-04-30 00:00:00+00:00, run_after=2025-05-01 00:00:00+00:00
[2025-05-01T10:58:33.626+0000] {processor.py:183} INFO - Processing /home/airflow/.local/lib/python3.12/site-packages/airflow/example_dags/example_task_group_decorator.py took 0.115 seconds
[2025-05-01T10:59:03.758+0000] {processor.py:161} INFO - Started process (PID=937) to work on /home/airflow/.local/lib/python3.12/site-packages/airflow/example_dags/example_task_group_decorator.py
[2025-05-01T10:59:03.761+0000] {processor.py:830} INFO - Processing file /home/airflow/.local/lib/python3.12/site-packages/airflow/example_dags/example_task_group_decorator.py for tasks to queue
[2025-05-01T10:59:03.763+0000] {logging_mixin.py:188} INFO - [2025-05-01T10:59:03.763+0000] {dagbag.py:545} INFO - Filling up the DagBag from /home/airflow/.local/lib/python3.12/site-packages/airflow/example_dags/example_task_group_decorator.py
[2025-05-01T10:59:03.780+0000] {processor.py:840} INFO - DAG(s) 'example_task_group_decorator' retrieved from /home/airflow/.local/lib/python3.12/site-packages/airflow/example_dags/example_task_group_decorator.py
[2025-05-01T10:59:03.816+0000] {logging_mixin.py:188} INFO - [2025-05-01T10:59:03.816+0000] {dag.py:3096} INFO - Sync 1 DAGs
[2025-05-01T10:59:03.840+0000] {logging_mixin.py:188} INFO - [2025-05-01T10:59:03.839+0000] {dag.py:3954} INFO - Setting next_dagrun for example_task_group_decorator to 2025-04-30 00:00:00+00:00, run_after=2025-05-01 00:00:00+00:00
[2025-05-01T10:59:03.865+0000] {processor.py:183} INFO - Processing /home/airflow/.local/lib/python3.12/site-packages/airflow/example_dags/example_task_group_decorator.py took 0.115 seconds
[2025-05-01T10:59:33.991+0000] {processor.py:161} INFO - Started process (PID=997) to work on /home/airflow/.local/lib/python3.12/site-packages/airflow/example_dags/example_task_group_decorator.py
[2025-05-01T10:59:33.992+0000] {processor.py:830} INFO - Processing file /home/airflow/.local/lib/python3.12/site-packages/airflow/example_dags/example_task_group_decorator.py for tasks to queue
[2025-05-01T10:59:33.995+0000] {logging_mixin.py:188} INFO - [2025-05-01T10:59:33.994+0000] {dagbag.py:545} INFO - Filling up the DagBag from /home/airflow/.local/lib/python3.12/site-packages/airflow/example_dags/example_task_group_decorator.py
[2025-05-01T10:59:34.012+0000] {processor.py:840} INFO - DAG(s) 'example_task_group_decorator' retrieved from /home/airflow/.local/lib/python3.12/site-packages/airflow/example_dags/example_task_group_decorator.py
[2025-05-01T10:59:34.041+0000] {logging_mixin.py:188} INFO - [2025-05-01T10:59:34.041+0000] {dag.py:3096} INFO - Sync 1 DAGs
[2025-05-01T10:59:34.066+0000] {logging_mixin.py:188} INFO - [2025-05-01T10:59:34.066+0000] {dag.py:3954} INFO - Setting next_dagrun for example_task_group_decorator to 2025-04-30 00:00:00+00:00, run_after=2025-05-01 00:00:00+00:00
[2025-05-01T10:59:34.089+0000] {processor.py:183} INFO - Processing /home/airflow/.local/lib/python3.12/site-packages/airflow/example_dags/example_task_group_decorator.py took 0.104 seconds
[2025-05-01T11:00:05.891+0000] {processor.py:161} INFO - Started process (PID=1055) to work on /home/airflow/.local/lib/python3.12/site-packages/airflow/example_dags/example_task_group_decorator.py
[2025-05-01T11:00:05.893+0000] {processor.py:830} INFO - Processing file /home/airflow/.local/lib/python3.12/site-packages/airflow/example_dags/example_task_group_decorator.py for tasks to queue
[2025-05-01T11:00:05.897+0000] {logging_mixin.py:188} INFO - [2025-05-01T11:00:05.896+0000] {dagbag.py:545} INFO - Filling up the DagBag from /home/airflow/.local/lib/python3.12/site-packages/airflow/example_dags/example_task_group_decorator.py
[2025-05-01T11:00:05.930+0000] {processor.py:840} INFO - DAG(s) 'example_task_group_decorator' retrieved from /home/airflow/.local/lib/python3.12/site-packages/airflow/example_dags/example_task_group_decorator.py
[2025-05-01T11:00:05.986+0000] {logging_mixin.py:188} INFO - [2025-05-01T11:00:05.985+0000] {dag.py:3096} INFO - Sync 1 DAGs
[2025-05-01T11:00:06.032+0000] {logging_mixin.py:188} INFO - [2025-05-01T11:00:06.032+0000] {dag.py:3954} INFO - Setting next_dagrun for example_task_group_decorator to 2025-04-30 00:00:00+00:00, run_after=2025-05-01 00:00:00+00:00
[2025-05-01T11:00:06.074+0000] {processor.py:183} INFO - Processing /home/airflow/.local/lib/python3.12/site-packages/airflow/example_dags/example_task_group_decorator.py took 0.195 seconds
[2025-05-01T11:00:36.856+0000] {processor.py:161} INFO - Started process (PID=1113) to work on /home/airflow/.local/lib/python3.12/site-packages/airflow/example_dags/example_task_group_decorator.py
[2025-05-01T11:00:36.858+0000] {processor.py:830} INFO - Processing file /home/airflow/.local/lib/python3.12/site-packages/airflow/example_dags/example_task_group_decorator.py for tasks to queue
[2025-05-01T11:00:36.862+0000] {logging_mixin.py:188} INFO - [2025-05-01T11:00:36.861+0000] {dagbag.py:545} INFO - Filling up the DagBag from /home/airflow/.local/lib/python3.12/site-packages/airflow/example_dags/example_task_group_decorator.py
[2025-05-01T11:00:36.892+0000] {processor.py:840} INFO - DAG(s) 'example_task_group_decorator' retrieved from /home/airflow/.local/lib/python3.12/site-packages/airflow/example_dags/example_task_group_decorator.py
[2025-05-01T11:00:36.950+0000] {logging_mixin.py:188} INFO - [2025-05-01T11:00:36.949+0000] {dag.py:3096} INFO - Sync 1 DAGs
[2025-05-01T11:00:36.997+0000] {logging_mixin.py:188} INFO - [2025-05-01T11:00:36.996+0000] {dag.py:3954} INFO - Setting next_dagrun for example_task_group_decorator to 2025-04-30 00:00:00+00:00, run_after=2025-05-01 00:00:00+00:00
[2025-05-01T11:00:37.040+0000] {processor.py:183} INFO - Processing /home/airflow/.local/lib/python3.12/site-packages/airflow/example_dags/example_task_group_decorator.py took 0.196 seconds
[2025-05-01T11:01:07.444+0000] {processor.py:161} INFO - Started process (PID=1173) to work on /home/airflow/.local/lib/python3.12/site-packages/airflow/example_dags/example_task_group_decorator.py
[2025-05-01T11:01:07.446+0000] {processor.py:830} INFO - Processing file /home/airflow/.local/lib/python3.12/site-packages/airflow/example_dags/example_task_group_decorator.py for tasks to queue
[2025-05-01T11:01:07.450+0000] {logging_mixin.py:188} INFO - [2025-05-01T11:01:07.449+0000] {dagbag.py:545} INFO - Filling up the DagBag from /home/airflow/.local/lib/python3.12/site-packages/airflow/example_dags/example_task_group_decorator.py
[2025-05-01T11:01:07.490+0000] {processor.py:840} INFO - DAG(s) 'example_task_group_decorator' retrieved from /home/airflow/.local/lib/python3.12/site-packages/airflow/example_dags/example_task_group_decorator.py
[2025-05-01T11:01:07.550+0000] {logging_mixin.py:188} INFO - [2025-05-01T11:01:07.550+0000] {dag.py:3096} INFO - Sync 1 DAGs
[2025-05-01T11:01:07.603+0000] {logging_mixin.py:188} INFO - [2025-05-01T11:01:07.602+0000] {dag.py:3954} INFO - Setting next_dagrun for example_task_group_decorator to 2025-04-30 00:00:00+00:00, run_after=2025-05-01 00:00:00+00:00
[2025-05-01T11:01:07.646+0000] {processor.py:183} INFO - Processing /home/airflow/.local/lib/python3.12/site-packages/airflow/example_dags/example_task_group_decorator.py took 0.214 seconds
[2025-05-01T11:01:38.121+0000] {processor.py:161} INFO - Started process (PID=1232) to work on /home/airflow/.local/lib/python3.12/site-packages/airflow/example_dags/example_task_group_decorator.py
[2025-05-01T11:01:38.125+0000] {processor.py:830} INFO - Processing file /home/airflow/.local/lib/python3.12/site-packages/airflow/example_dags/example_task_group_decorator.py for tasks to queue
[2025-05-01T11:01:38.130+0000] {logging_mixin.py:188} INFO - [2025-05-01T11:01:38.129+0000] {dagbag.py:545} INFO - Filling up the DagBag from /home/airflow/.local/lib/python3.12/site-packages/airflow/example_dags/example_task_group_decorator.py
[2025-05-01T11:01:38.168+0000] {processor.py:840} INFO - DAG(s) 'example_task_group_decorator' retrieved from /home/airflow/.local/lib/python3.12/site-packages/airflow/example_dags/example_task_group_decorator.py
[2025-05-01T11:01:38.236+0000] {logging_mixin.py:188} INFO - [2025-05-01T11:01:38.236+0000] {dag.py:3096} INFO - Sync 1 DAGs
[2025-05-01T11:01:38.299+0000] {logging_mixin.py:188} INFO - [2025-05-01T11:01:38.299+0000] {dag.py:3954} INFO - Setting next_dagrun for example_task_group_decorator to 2025-04-30 00:00:00+00:00, run_after=2025-05-01 00:00:00+00:00
[2025-05-01T11:01:38.354+0000] {processor.py:183} INFO - Processing /home/airflow/.local/lib/python3.12/site-packages/airflow/example_dags/example_task_group_decorator.py took 0.249 seconds
[2025-05-01T11:02:08.527+0000] {processor.py:161} INFO - Started process (PID=1290) to work on /home/airflow/.local/lib/python3.12/site-packages/airflow/example_dags/example_task_group_decorator.py
[2025-05-01T11:02:08.529+0000] {processor.py:830} INFO - Processing file /home/airflow/.local/lib/python3.12/site-packages/airflow/example_dags/example_task_group_decorator.py for tasks to queue
[2025-05-01T11:02:08.533+0000] {logging_mixin.py:188} INFO - [2025-05-01T11:02:08.532+0000] {dagbag.py:545} INFO - Filling up the DagBag from /home/airflow/.local/lib/python3.12/site-packages/airflow/example_dags/example_task_group_decorator.py
[2025-05-01T11:02:08.566+0000] {processor.py:840} INFO - DAG(s) 'example_task_group_decorator' retrieved from /home/airflow/.local/lib/python3.12/site-packages/airflow/example_dags/example_task_group_decorator.py
[2025-05-01T11:02:08.625+0000] {logging_mixin.py:188} INFO - [2025-05-01T11:02:08.625+0000] {dag.py:3096} INFO - Sync 1 DAGs
[2025-05-01T11:02:08.770+0000] {logging_mixin.py:188} INFO - [2025-05-01T11:02:08.770+0000] {dag.py:3954} INFO - Setting next_dagrun for example_task_group_decorator to 2025-04-30 00:00:00+00:00, run_after=2025-05-01 00:00:00+00:00
[2025-05-01T11:02:08.813+0000] {processor.py:183} INFO - Processing /home/airflow/.local/lib/python3.12/site-packages/airflow/example_dags/example_task_group_decorator.py took 0.299 seconds
[2025-05-01T11:02:38.957+0000] {processor.py:161} INFO - Started process (PID=1349) to work on /home/airflow/.local/lib/python3.12/site-packages/airflow/example_dags/example_task_group_decorator.py
[2025-05-01T11:02:38.960+0000] {processor.py:830} INFO - Processing file /home/airflow/.local/lib/python3.12/site-packages/airflow/example_dags/example_task_group_decorator.py for tasks to queue
[2025-05-01T11:02:38.964+0000] {logging_mixin.py:188} INFO - [2025-05-01T11:02:38.963+0000] {dagbag.py:545} INFO - Filling up the DagBag from /home/airflow/.local/lib/python3.12/site-packages/airflow/example_dags/example_task_group_decorator.py
[2025-05-01T11:02:38.994+0000] {processor.py:840} INFO - DAG(s) 'example_task_group_decorator' retrieved from /home/airflow/.local/lib/python3.12/site-packages/airflow/example_dags/example_task_group_decorator.py
[2025-05-01T11:02:39.051+0000] {logging_mixin.py:188} INFO - [2025-05-01T11:02:39.050+0000] {dag.py:3096} INFO - Sync 1 DAGs
[2025-05-01T11:02:39.097+0000] {logging_mixin.py:188} INFO - [2025-05-01T11:02:39.096+0000] {dag.py:3954} INFO - Setting next_dagrun for example_task_group_decorator to 2025-04-30 00:00:00+00:00, run_after=2025-05-01 00:00:00+00:00
[2025-05-01T11:02:39.139+0000] {processor.py:183} INFO - Processing /home/airflow/.local/lib/python3.12/site-packages/airflow/example_dags/example_task_group_decorator.py took 0.193 seconds
[2025-05-01T11:03:09.557+0000] {processor.py:161} INFO - Started process (PID=1408) to work on /home/airflow/.local/lib/python3.12/site-packages/airflow/example_dags/example_task_group_decorator.py
[2025-05-01T11:03:09.559+0000] {processor.py:830} INFO - Processing file /home/airflow/.local/lib/python3.12/site-packages/airflow/example_dags/example_task_group_decorator.py for tasks to queue
[2025-05-01T11:03:09.565+0000] {logging_mixin.py:188} INFO - [2025-05-01T11:03:09.564+0000] {dagbag.py:545} INFO - Filling up the DagBag from /home/airflow/.local/lib/python3.12/site-packages/airflow/example_dags/example_task_group_decorator.py
[2025-05-01T11:03:09.596+0000] {processor.py:840} INFO - DAG(s) 'example_task_group_decorator' retrieved from /home/airflow/.local/lib/python3.12/site-packages/airflow/example_dags/example_task_group_decorator.py
[2025-05-01T11:03:09.657+0000] {logging_mixin.py:188} INFO - [2025-05-01T11:03:09.657+0000] {dag.py:3096} INFO - Sync 1 DAGs
[2025-05-01T11:03:09.716+0000] {logging_mixin.py:188} INFO - [2025-05-01T11:03:09.716+0000] {dag.py:3954} INFO - Setting next_dagrun for example_task_group_decorator to 2025-04-30 00:00:00+00:00, run_after=2025-05-01 00:00:00+00:00
[2025-05-01T11:03:09.762+0000] {processor.py:183} INFO - Processing /home/airflow/.local/lib/python3.12/site-packages/airflow/example_dags/example_task_group_decorator.py took 0.224 seconds
[2025-05-01T11:03:40.007+0000] {processor.py:161} INFO - Started process (PID=1467) to work on /home/airflow/.local/lib/python3.12/site-packages/airflow/example_dags/example_task_group_decorator.py
[2025-05-01T11:03:40.009+0000] {processor.py:830} INFO - Processing file /home/airflow/.local/lib/python3.12/site-packages/airflow/example_dags/example_task_group_decorator.py for tasks to queue
[2025-05-01T11:03:40.013+0000] {logging_mixin.py:188} INFO - [2025-05-01T11:03:40.013+0000] {dagbag.py:545} INFO - Filling up the DagBag from /home/airflow/.local/lib/python3.12/site-packages/airflow/example_dags/example_task_group_decorator.py
[2025-05-01T11:03:40.044+0000] {processor.py:840} INFO - DAG(s) 'example_task_group_decorator' retrieved from /home/airflow/.local/lib/python3.12/site-packages/airflow/example_dags/example_task_group_decorator.py
[2025-05-01T11:03:40.107+0000] {logging_mixin.py:188} INFO - [2025-05-01T11:03:40.107+0000] {dag.py:3096} INFO - Sync 1 DAGs
[2025-05-01T11:03:40.156+0000] {logging_mixin.py:188} INFO - [2025-05-01T11:03:40.156+0000] {dag.py:3954} INFO - Setting next_dagrun for example_task_group_decorator to 2025-04-30 00:00:00+00:00, run_after=2025-05-01 00:00:00+00:00
[2025-05-01T11:03:40.209+0000] {processor.py:183} INFO - Processing /home/airflow/.local/lib/python3.12/site-packages/airflow/example_dags/example_task_group_decorator.py took 0.216 seconds
[2025-05-01T11:04:10.889+0000] {processor.py:161} INFO - Started process (PID=1526) to work on /home/airflow/.local/lib/python3.12/site-packages/airflow/example_dags/example_task_group_decorator.py
[2025-05-01T11:04:10.891+0000] {processor.py:830} INFO - Processing file /home/airflow/.local/lib/python3.12/site-packages/airflow/example_dags/example_task_group_decorator.py for tasks to queue
[2025-05-01T11:04:10.895+0000] {logging_mixin.py:188} INFO - [2025-05-01T11:04:10.894+0000] {dagbag.py:545} INFO - Filling up the DagBag from /home/airflow/.local/lib/python3.12/site-packages/airflow/example_dags/example_task_group_decorator.py
[2025-05-01T11:04:10.926+0000] {processor.py:840} INFO - DAG(s) 'example_task_group_decorator' retrieved from /home/airflow/.local/lib/python3.12/site-packages/airflow/example_dags/example_task_group_decorator.py
[2025-05-01T11:04:10.981+0000] {logging_mixin.py:188} INFO - [2025-05-01T11:04:10.981+0000] {dag.py:3096} INFO - Sync 1 DAGs
[2025-05-01T11:04:11.038+0000] {logging_mixin.py:188} INFO - [2025-05-01T11:04:11.038+0000] {dag.py:3954} INFO - Setting next_dagrun for example_task_group_decorator to 2025-04-30 00:00:00+00:00, run_after=2025-05-01 00:00:00+00:00
[2025-05-01T11:04:11.095+0000] {processor.py:183} INFO - Processing /home/airflow/.local/lib/python3.12/site-packages/airflow/example_dags/example_task_group_decorator.py took 0.221 seconds
[2025-05-01T11:04:41.904+0000] {processor.py:161} INFO - Started process (PID=1585) to work on /home/airflow/.local/lib/python3.12/site-packages/airflow/example_dags/example_task_group_decorator.py
[2025-05-01T11:04:41.907+0000] {processor.py:830} INFO - Processing file /home/airflow/.local/lib/python3.12/site-packages/airflow/example_dags/example_task_group_decorator.py for tasks to queue
[2025-05-01T11:04:41.912+0000] {logging_mixin.py:188} INFO - [2025-05-01T11:04:41.911+0000] {dagbag.py:545} INFO - Filling up the DagBag from /home/airflow/.local/lib/python3.12/site-packages/airflow/example_dags/example_task_group_decorator.py
[2025-05-01T11:04:41.954+0000] {processor.py:840} INFO - DAG(s) 'example_task_group_decorator' retrieved from /home/airflow/.local/lib/python3.12/site-packages/airflow/example_dags/example_task_group_decorator.py
[2025-05-01T11:04:42.036+0000] {logging_mixin.py:188} INFO - [2025-05-01T11:04:42.036+0000] {dag.py:3096} INFO - Sync 1 DAGs
[2025-05-01T11:04:42.110+0000] {logging_mixin.py:188} INFO - [2025-05-01T11:04:42.109+0000] {dag.py:3954} INFO - Setting next_dagrun for example_task_group_decorator to 2025-04-30 00:00:00+00:00, run_after=2025-05-01 00:00:00+00:00
[2025-05-01T11:04:42.177+0000] {processor.py:183} INFO - Processing /home/airflow/.local/lib/python3.12/site-packages/airflow/example_dags/example_task_group_decorator.py took 0.288 seconds
[2025-05-01T11:05:12.960+0000] {processor.py:161} INFO - Started process (PID=1644) to work on /home/airflow/.local/lib/python3.12/site-packages/airflow/example_dags/example_task_group_decorator.py
[2025-05-01T11:05:12.963+0000] {processor.py:830} INFO - Processing file /home/airflow/.local/lib/python3.12/site-packages/airflow/example_dags/example_task_group_decorator.py for tasks to queue
[2025-05-01T11:05:12.969+0000] {logging_mixin.py:188} INFO - [2025-05-01T11:05:12.968+0000] {dagbag.py:545} INFO - Filling up the DagBag from /home/airflow/.local/lib/python3.12/site-packages/airflow/example_dags/example_task_group_decorator.py
[2025-05-01T11:05:13.015+0000] {processor.py:840} INFO - DAG(s) 'example_task_group_decorator' retrieved from /home/airflow/.local/lib/python3.12/site-packages/airflow/example_dags/example_task_group_decorator.py
[2025-05-01T11:05:13.099+0000] {logging_mixin.py:188} INFO - [2025-05-01T11:05:13.098+0000] {dag.py:3096} INFO - Sync 1 DAGs
[2025-05-01T11:05:13.178+0000] {logging_mixin.py:188} INFO - [2025-05-01T11:05:13.178+0000] {dag.py:3954} INFO - Setting next_dagrun for example_task_group_decorator to 2025-04-30 00:00:00+00:00, run_after=2025-05-01 00:00:00+00:00
[2025-05-01T11:05:13.241+0000] {processor.py:183} INFO - Processing /home/airflow/.local/lib/python3.12/site-packages/airflow/example_dags/example_task_group_decorator.py took 0.294 seconds
[2025-05-01T11:05:43.589+0000] {processor.py:161} INFO - Started process (PID=1703) to work on /home/airflow/.local/lib/python3.12/site-packages/airflow/example_dags/example_task_group_decorator.py
[2025-05-01T11:05:43.591+0000] {processor.py:830} INFO - Processing file /home/airflow/.local/lib/python3.12/site-packages/airflow/example_dags/example_task_group_decorator.py for tasks to queue
[2025-05-01T11:05:43.595+0000] {logging_mixin.py:188} INFO - [2025-05-01T11:05:43.594+0000] {dagbag.py:545} INFO - Filling up the DagBag from /home/airflow/.local/lib/python3.12/site-packages/airflow/example_dags/example_task_group_decorator.py
[2025-05-01T11:05:43.625+0000] {processor.py:840} INFO - DAG(s) 'example_task_group_decorator' retrieved from /home/airflow/.local/lib/python3.12/site-packages/airflow/example_dags/example_task_group_decorator.py
[2025-05-01T11:05:43.680+0000] {logging_mixin.py:188} INFO - [2025-05-01T11:05:43.680+0000] {dag.py:3096} INFO - Sync 1 DAGs
[2025-05-01T11:05:43.732+0000] {logging_mixin.py:188} INFO - [2025-05-01T11:05:43.731+0000] {dag.py:3954} INFO - Setting next_dagrun for example_task_group_decorator to 2025-04-30 00:00:00+00:00, run_after=2025-05-01 00:00:00+00:00
[2025-05-01T11:05:43.778+0000] {processor.py:183} INFO - Processing /home/airflow/.local/lib/python3.12/site-packages/airflow/example_dags/example_task_group_decorator.py took 0.200 seconds
[2025-05-01T11:06:14.687+0000] {processor.py:161} INFO - Started process (PID=1762) to work on /home/airflow/.local/lib/python3.12/site-packages/airflow/example_dags/example_task_group_decorator.py
[2025-05-01T11:06:14.691+0000] {processor.py:830} INFO - Processing file /home/airflow/.local/lib/python3.12/site-packages/airflow/example_dags/example_task_group_decorator.py for tasks to queue
[2025-05-01T11:06:14.696+0000] {logging_mixin.py:188} INFO - [2025-05-01T11:06:14.695+0000] {dagbag.py:545} INFO - Filling up the DagBag from /home/airflow/.local/lib/python3.12/site-packages/airflow/example_dags/example_task_group_decorator.py
[2025-05-01T11:06:14.732+0000] {processor.py:840} INFO - DAG(s) 'example_task_group_decorator' retrieved from /home/airflow/.local/lib/python3.12/site-packages/airflow/example_dags/example_task_group_decorator.py
[2025-05-01T11:06:14.786+0000] {logging_mixin.py:188} INFO - [2025-05-01T11:06:14.785+0000] {dag.py:3096} INFO - Sync 1 DAGs
[2025-05-01T11:06:14.838+0000] {logging_mixin.py:188} INFO - [2025-05-01T11:06:14.837+0000] {dag.py:3954} INFO - Setting next_dagrun for example_task_group_decorator to 2025-04-30 00:00:00+00:00, run_after=2025-05-01 00:00:00+00:00
[2025-05-01T11:06:14.884+0000] {processor.py:183} INFO - Processing /home/airflow/.local/lib/python3.12/site-packages/airflow/example_dags/example_task_group_decorator.py took 0.212 seconds
[2025-05-01T11:06:45.283+0000] {processor.py:161} INFO - Started process (PID=1821) to work on /home/airflow/.local/lib/python3.12/site-packages/airflow/example_dags/example_task_group_decorator.py
[2025-05-01T11:06:45.285+0000] {processor.py:830} INFO - Processing file /home/airflow/.local/lib/python3.12/site-packages/airflow/example_dags/example_task_group_decorator.py for tasks to queue
[2025-05-01T11:06:45.289+0000] {logging_mixin.py:188} INFO - [2025-05-01T11:06:45.288+0000] {dagbag.py:545} INFO - Filling up the DagBag from /home/airflow/.local/lib/python3.12/site-packages/airflow/example_dags/example_task_group_decorator.py
[2025-05-01T11:06:45.326+0000] {processor.py:840} INFO - DAG(s) 'example_task_group_decorator' retrieved from /home/airflow/.local/lib/python3.12/site-packages/airflow/example_dags/example_task_group_decorator.py
[2025-05-01T11:06:45.389+0000] {logging_mixin.py:188} INFO - [2025-05-01T11:06:45.389+0000] {dag.py:3096} INFO - Sync 1 DAGs
[2025-05-01T11:06:45.436+0000] {logging_mixin.py:188} INFO - [2025-05-01T11:06:45.435+0000] {dag.py:3954} INFO - Setting next_dagrun for example_task_group_decorator to 2025-04-30 00:00:00+00:00, run_after=2025-05-01 00:00:00+00:00
[2025-05-01T11:06:45.789+0000] {processor.py:183} INFO - Processing /home/airflow/.local/lib/python3.12/site-packages/airflow/example_dags/example_task_group_decorator.py took 0.518 seconds
[2025-05-01T11:07:16.078+0000] {processor.py:161} INFO - Started process (PID=1881) to work on /home/airflow/.local/lib/python3.12/site-packages/airflow/example_dags/example_task_group_decorator.py
[2025-05-01T11:07:16.080+0000] {processor.py:830} INFO - Processing file /home/airflow/.local/lib/python3.12/site-packages/airflow/example_dags/example_task_group_decorator.py for tasks to queue
[2025-05-01T11:07:16.084+0000] {logging_mixin.py:188} INFO - [2025-05-01T11:07:16.084+0000] {dagbag.py:545} INFO - Filling up the DagBag from /home/airflow/.local/lib/python3.12/site-packages/airflow/example_dags/example_task_group_decorator.py
[2025-05-01T11:07:16.125+0000] {processor.py:840} INFO - DAG(s) 'example_task_group_decorator' retrieved from /home/airflow/.local/lib/python3.12/site-packages/airflow/example_dags/example_task_group_decorator.py
[2025-05-01T11:07:16.195+0000] {logging_mixin.py:188} INFO - [2025-05-01T11:07:16.194+0000] {dag.py:3096} INFO - Sync 1 DAGs
[2025-05-01T11:07:16.264+0000] {logging_mixin.py:188} INFO - [2025-05-01T11:07:16.263+0000] {dag.py:3954} INFO - Setting next_dagrun for example_task_group_decorator to 2025-04-30 00:00:00+00:00, run_after=2025-05-01 00:00:00+00:00
[2025-05-01T11:07:16.317+0000] {processor.py:183} INFO - Processing /home/airflow/.local/lib/python3.12/site-packages/airflow/example_dags/example_task_group_decorator.py took 0.250 seconds
[2025-05-01T11:07:47.443+0000] {processor.py:161} INFO - Started process (PID=1939) to work on /home/airflow/.local/lib/python3.12/site-packages/airflow/example_dags/example_task_group_decorator.py
[2025-05-01T11:07:47.445+0000] {processor.py:830} INFO - Processing file /home/airflow/.local/lib/python3.12/site-packages/airflow/example_dags/example_task_group_decorator.py for tasks to queue
[2025-05-01T11:07:47.449+0000] {logging_mixin.py:188} INFO - [2025-05-01T11:07:47.448+0000] {dagbag.py:545} INFO - Filling up the DagBag from /home/airflow/.local/lib/python3.12/site-packages/airflow/example_dags/example_task_group_decorator.py
[2025-05-01T11:07:47.479+0000] {processor.py:840} INFO - DAG(s) 'example_task_group_decorator' retrieved from /home/airflow/.local/lib/python3.12/site-packages/airflow/example_dags/example_task_group_decorator.py
[2025-05-01T11:07:47.536+0000] {logging_mixin.py:188} INFO - [2025-05-01T11:07:47.536+0000] {dag.py:3096} INFO - Sync 1 DAGs
[2025-05-01T11:07:47.582+0000] {logging_mixin.py:188} INFO - [2025-05-01T11:07:47.581+0000] {dag.py:3954} INFO - Setting next_dagrun for example_task_group_decorator to 2025-04-30 00:00:00+00:00, run_after=2025-05-01 00:00:00+00:00
[2025-05-01T11:07:47.661+0000] {processor.py:183} INFO - Processing /home/airflow/.local/lib/python3.12/site-packages/airflow/example_dags/example_task_group_decorator.py took 0.229 seconds
[2025-05-01T11:08:20.665+0000] {processor.py:161} INFO - Started process (PID=1998) to work on /home/airflow/.local/lib/python3.12/site-packages/airflow/example_dags/example_task_group_decorator.py
[2025-05-01T11:08:20.667+0000] {processor.py:830} INFO - Processing file /home/airflow/.local/lib/python3.12/site-packages/airflow/example_dags/example_task_group_decorator.py for tasks to queue
[2025-05-01T11:08:20.672+0000] {logging_mixin.py:188} INFO - [2025-05-01T11:08:20.672+0000] {dagbag.py:545} INFO - Filling up the DagBag from /home/airflow/.local/lib/python3.12/site-packages/airflow/example_dags/example_task_group_decorator.py
[2025-05-01T11:08:20.703+0000] {processor.py:840} INFO - DAG(s) 'example_task_group_decorator' retrieved from /home/airflow/.local/lib/python3.12/site-packages/airflow/example_dags/example_task_group_decorator.py
[2025-05-01T11:08:20.987+0000] {logging_mixin.py:188} INFO - [2025-05-01T11:08:20.986+0000] {dag.py:3096} INFO - Sync 1 DAGs
[2025-05-01T11:08:21.035+0000] {logging_mixin.py:188} INFO - [2025-05-01T11:08:21.035+0000] {dag.py:3954} INFO - Setting next_dagrun for example_task_group_decorator to 2025-04-30 00:00:00+00:00, run_after=2025-05-01 00:00:00+00:00
[2025-05-01T11:08:21.079+0000] {processor.py:183} INFO - Processing /home/airflow/.local/lib/python3.12/site-packages/airflow/example_dags/example_task_group_decorator.py took 0.424 seconds
[2025-05-01T11:08:51.345+0000] {processor.py:161} INFO - Started process (PID=2057) to work on /home/airflow/.local/lib/python3.12/site-packages/airflow/example_dags/example_task_group_decorator.py
[2025-05-01T11:08:51.348+0000] {processor.py:830} INFO - Processing file /home/airflow/.local/lib/python3.12/site-packages/airflow/example_dags/example_task_group_decorator.py for tasks to queue
[2025-05-01T11:08:51.356+0000] {logging_mixin.py:188} INFO - [2025-05-01T11:08:51.355+0000] {dagbag.py:545} INFO - Filling up the DagBag from /home/airflow/.local/lib/python3.12/site-packages/airflow/example_dags/example_task_group_decorator.py
[2025-05-01T11:08:51.395+0000] {processor.py:840} INFO - DAG(s) 'example_task_group_decorator' retrieved from /home/airflow/.local/lib/python3.12/site-packages/airflow/example_dags/example_task_group_decorator.py
[2025-05-01T11:08:51.465+0000] {logging_mixin.py:188} INFO - [2025-05-01T11:08:51.464+0000] {dag.py:3096} INFO - Sync 1 DAGs
[2025-05-01T11:08:51.528+0000] {logging_mixin.py:188} INFO - [2025-05-01T11:08:51.526+0000] {dag.py:3954} INFO - Setting next_dagrun for example_task_group_decorator to 2025-04-30 00:00:00+00:00, run_after=2025-05-01 00:00:00+00:00
[2025-05-01T11:08:51.588+0000] {processor.py:183} INFO - Processing /home/airflow/.local/lib/python3.12/site-packages/airflow/example_dags/example_task_group_decorator.py took 0.259 seconds
[2025-05-01T11:09:21.968+0000] {processor.py:161} INFO - Started process (PID=2116) to work on /home/airflow/.local/lib/python3.12/site-packages/airflow/example_dags/example_task_group_decorator.py
[2025-05-01T11:09:21.970+0000] {processor.py:830} INFO - Processing file /home/airflow/.local/lib/python3.12/site-packages/airflow/example_dags/example_task_group_decorator.py for tasks to queue
[2025-05-01T11:09:21.975+0000] {logging_mixin.py:188} INFO - [2025-05-01T11:09:21.973+0000] {dagbag.py:545} INFO - Filling up the DagBag from /home/airflow/.local/lib/python3.12/site-packages/airflow/example_dags/example_task_group_decorator.py
[2025-05-01T11:09:22.015+0000] {processor.py:840} INFO - DAG(s) 'example_task_group_decorator' retrieved from /home/airflow/.local/lib/python3.12/site-packages/airflow/example_dags/example_task_group_decorator.py
[2025-05-01T11:09:22.088+0000] {logging_mixin.py:188} INFO - [2025-05-01T11:09:22.087+0000] {dag.py:3096} INFO - Sync 1 DAGs
[2025-05-01T11:09:22.154+0000] {logging_mixin.py:188} INFO - [2025-05-01T11:09:22.153+0000] {dag.py:3954} INFO - Setting next_dagrun for example_task_group_decorator to 2025-04-30 00:00:00+00:00, run_after=2025-05-01 00:00:00+00:00
[2025-05-01T11:09:22.252+0000] {processor.py:183} INFO - Processing /home/airflow/.local/lib/python3.12/site-packages/airflow/example_dags/example_task_group_decorator.py took 0.298 seconds
[2025-05-01T11:09:52.647+0000] {processor.py:161} INFO - Started process (PID=2175) to work on /home/airflow/.local/lib/python3.12/site-packages/airflow/example_dags/example_task_group_decorator.py
[2025-05-01T11:09:52.649+0000] {processor.py:830} INFO - Processing file /home/airflow/.local/lib/python3.12/site-packages/airflow/example_dags/example_task_group_decorator.py for tasks to queue
[2025-05-01T11:09:52.653+0000] {logging_mixin.py:188} INFO - [2025-05-01T11:09:52.652+0000] {dagbag.py:545} INFO - Filling up the DagBag from /home/airflow/.local/lib/python3.12/site-packages/airflow/example_dags/example_task_group_decorator.py
[2025-05-01T11:09:52.689+0000] {processor.py:840} INFO - DAG(s) 'example_task_group_decorator' retrieved from /home/airflow/.local/lib/python3.12/site-packages/airflow/example_dags/example_task_group_decorator.py
[2025-05-01T11:09:52.770+0000] {logging_mixin.py:188} INFO - [2025-05-01T11:09:52.770+0000] {dag.py:3096} INFO - Sync 1 DAGs
[2025-05-01T11:09:52.822+0000] {logging_mixin.py:188} INFO - [2025-05-01T11:09:52.821+0000] {dag.py:3954} INFO - Setting next_dagrun for example_task_group_decorator to 2025-04-30 00:00:00+00:00, run_after=2025-05-01 00:00:00+00:00
[2025-05-01T11:09:52.864+0000] {processor.py:183} INFO - Processing /home/airflow/.local/lib/python3.12/site-packages/airflow/example_dags/example_task_group_decorator.py took 0.230 seconds
[2025-05-01T11:10:23.723+0000] {processor.py:161} INFO - Started process (PID=2240) to work on /home/airflow/.local/lib/python3.12/site-packages/airflow/example_dags/example_task_group_decorator.py
[2025-05-01T11:10:23.731+0000] {processor.py:830} INFO - Processing file /home/airflow/.local/lib/python3.12/site-packages/airflow/example_dags/example_task_group_decorator.py for tasks to queue
[2025-05-01T11:10:23.746+0000] {logging_mixin.py:188} INFO - [2025-05-01T11:10:23.741+0000] {dagbag.py:545} INFO - Filling up the DagBag from /home/airflow/.local/lib/python3.12/site-packages/airflow/example_dags/example_task_group_decorator.py
[2025-05-01T11:10:23.802+0000] {processor.py:840} INFO - DAG(s) 'example_task_group_decorator' retrieved from /home/airflow/.local/lib/python3.12/site-packages/airflow/example_dags/example_task_group_decorator.py
[2025-05-01T11:10:23.876+0000] {logging_mixin.py:188} INFO - [2025-05-01T11:10:23.875+0000] {dag.py:3096} INFO - Sync 1 DAGs
[2025-05-01T11:10:23.932+0000] {logging_mixin.py:188} INFO - [2025-05-01T11:10:23.931+0000] {dag.py:3954} INFO - Setting next_dagrun for example_task_group_decorator to 2025-04-30 00:00:00+00:00, run_after=2025-05-01 00:00:00+00:00
[2025-05-01T11:10:24.001+0000] {processor.py:183} INFO - Processing /home/airflow/.local/lib/python3.12/site-packages/airflow/example_dags/example_task_group_decorator.py took 0.316 seconds
[2025-05-01T11:10:54.511+0000] {processor.py:161} INFO - Started process (PID=2299) to work on /home/airflow/.local/lib/python3.12/site-packages/airflow/example_dags/example_task_group_decorator.py
[2025-05-01T11:10:54.513+0000] {processor.py:830} INFO - Processing file /home/airflow/.local/lib/python3.12/site-packages/airflow/example_dags/example_task_group_decorator.py for tasks to queue
[2025-05-01T11:10:54.517+0000] {logging_mixin.py:188} INFO - [2025-05-01T11:10:54.516+0000] {dagbag.py:545} INFO - Filling up the DagBag from /home/airflow/.local/lib/python3.12/site-packages/airflow/example_dags/example_task_group_decorator.py
[2025-05-01T11:10:54.556+0000] {processor.py:840} INFO - DAG(s) 'example_task_group_decorator' retrieved from /home/airflow/.local/lib/python3.12/site-packages/airflow/example_dags/example_task_group_decorator.py
[2025-05-01T11:10:54.615+0000] {logging_mixin.py:188} INFO - [2025-05-01T11:10:54.614+0000] {dag.py:3096} INFO - Sync 1 DAGs
[2025-05-01T11:10:54.663+0000] {logging_mixin.py:188} INFO - [2025-05-01T11:10:54.662+0000] {dag.py:3954} INFO - Setting next_dagrun for example_task_group_decorator to 2025-04-30 00:00:00+00:00, run_after=2025-05-01 00:00:00+00:00
[2025-05-01T11:10:54.706+0000] {processor.py:183} INFO - Processing /home/airflow/.local/lib/python3.12/site-packages/airflow/example_dags/example_task_group_decorator.py took 0.206 seconds
[2025-05-01T11:11:25.715+0000] {processor.py:161} INFO - Started process (PID=2359) to work on /home/airflow/.local/lib/python3.12/site-packages/airflow/example_dags/example_task_group_decorator.py
[2025-05-01T11:11:25.717+0000] {processor.py:830} INFO - Processing file /home/airflow/.local/lib/python3.12/site-packages/airflow/example_dags/example_task_group_decorator.py for tasks to queue
[2025-05-01T11:11:25.721+0000] {logging_mixin.py:188} INFO - [2025-05-01T11:11:25.721+0000] {dagbag.py:545} INFO - Filling up the DagBag from /home/airflow/.local/lib/python3.12/site-packages/airflow/example_dags/example_task_group_decorator.py
[2025-05-01T11:11:25.754+0000] {processor.py:840} INFO - DAG(s) 'example_task_group_decorator' retrieved from /home/airflow/.local/lib/python3.12/site-packages/airflow/example_dags/example_task_group_decorator.py
[2025-05-01T11:11:25.812+0000] {logging_mixin.py:188} INFO - [2025-05-01T11:11:25.811+0000] {dag.py:3096} INFO - Sync 1 DAGs
[2025-05-01T11:11:25.860+0000] {logging_mixin.py:188} INFO - [2025-05-01T11:11:25.860+0000] {dag.py:3954} INFO - Setting next_dagrun for example_task_group_decorator to 2025-04-30 00:00:00+00:00, run_after=2025-05-01 00:00:00+00:00
[2025-05-01T11:11:25.905+0000] {processor.py:183} INFO - Processing /home/airflow/.local/lib/python3.12/site-packages/airflow/example_dags/example_task_group_decorator.py took 0.202 seconds
[2025-05-01T11:11:56.430+0000] {processor.py:161} INFO - Started process (PID=2418) to work on /home/airflow/.local/lib/python3.12/site-packages/airflow/example_dags/example_task_group_decorator.py
[2025-05-01T11:11:56.432+0000] {processor.py:830} INFO - Processing file /home/airflow/.local/lib/python3.12/site-packages/airflow/example_dags/example_task_group_decorator.py for tasks to queue
[2025-05-01T11:11:56.436+0000] {logging_mixin.py:188} INFO - [2025-05-01T11:11:56.436+0000] {dagbag.py:545} INFO - Filling up the DagBag from /home/airflow/.local/lib/python3.12/site-packages/airflow/example_dags/example_task_group_decorator.py
[2025-05-01T11:11:56.469+0000] {processor.py:840} INFO - DAG(s) 'example_task_group_decorator' retrieved from /home/airflow/.local/lib/python3.12/site-packages/airflow/example_dags/example_task_group_decorator.py
[2025-05-01T11:11:56.526+0000] {logging_mixin.py:188} INFO - [2025-05-01T11:11:56.526+0000] {dag.py:3096} INFO - Sync 1 DAGs
[2025-05-01T11:11:56.574+0000] {logging_mixin.py:188} INFO - [2025-05-01T11:11:56.574+0000] {dag.py:3954} INFO - Setting next_dagrun for example_task_group_decorator to 2025-04-30 00:00:00+00:00, run_after=2025-05-01 00:00:00+00:00
[2025-05-01T11:11:56.613+0000] {processor.py:183} INFO - Processing /home/airflow/.local/lib/python3.12/site-packages/airflow/example_dags/example_task_group_decorator.py took 0.194 seconds
[2025-05-01T11:12:26.737+0000] {processor.py:161} INFO - Started process (PID=2477) to work on /home/airflow/.local/lib/python3.12/site-packages/airflow/example_dags/example_task_group_decorator.py
[2025-05-01T11:12:26.740+0000] {processor.py:830} INFO - Processing file /home/airflow/.local/lib/python3.12/site-packages/airflow/example_dags/example_task_group_decorator.py for tasks to queue
[2025-05-01T11:12:26.745+0000] {logging_mixin.py:188} INFO - [2025-05-01T11:12:26.744+0000] {dagbag.py:545} INFO - Filling up the DagBag from /home/airflow/.local/lib/python3.12/site-packages/airflow/example_dags/example_task_group_decorator.py
[2025-05-01T11:12:26.776+0000] {processor.py:840} INFO - DAG(s) 'example_task_group_decorator' retrieved from /home/airflow/.local/lib/python3.12/site-packages/airflow/example_dags/example_task_group_decorator.py
[2025-05-01T11:12:26.832+0000] {logging_mixin.py:188} INFO - [2025-05-01T11:12:26.831+0000] {dag.py:3096} INFO - Sync 1 DAGs
[2025-05-01T11:12:26.877+0000] {logging_mixin.py:188} INFO - [2025-05-01T11:12:26.876+0000] {dag.py:3954} INFO - Setting next_dagrun for example_task_group_decorator to 2025-04-30 00:00:00+00:00, run_after=2025-05-01 00:00:00+00:00
[2025-05-01T11:12:26.968+0000] {processor.py:183} INFO - Processing /home/airflow/.local/lib/python3.12/site-packages/airflow/example_dags/example_task_group_decorator.py took 0.244 seconds
[2025-05-01T11:12:57.566+0000] {processor.py:161} INFO - Started process (PID=2536) to work on /home/airflow/.local/lib/python3.12/site-packages/airflow/example_dags/example_task_group_decorator.py
[2025-05-01T11:12:57.568+0000] {processor.py:830} INFO - Processing file /home/airflow/.local/lib/python3.12/site-packages/airflow/example_dags/example_task_group_decorator.py for tasks to queue
[2025-05-01T11:12:57.573+0000] {logging_mixin.py:188} INFO - [2025-05-01T11:12:57.572+0000] {dagbag.py:545} INFO - Filling up the DagBag from /home/airflow/.local/lib/python3.12/site-packages/airflow/example_dags/example_task_group_decorator.py
[2025-05-01T11:12:57.606+0000] {processor.py:840} INFO - DAG(s) 'example_task_group_decorator' retrieved from /home/airflow/.local/lib/python3.12/site-packages/airflow/example_dags/example_task_group_decorator.py
[2025-05-01T11:12:57.666+0000] {logging_mixin.py:188} INFO - [2025-05-01T11:12:57.665+0000] {dag.py:3096} INFO - Sync 1 DAGs
[2025-05-01T11:12:57.718+0000] {logging_mixin.py:188} INFO - [2025-05-01T11:12:57.718+0000] {dag.py:3954} INFO - Setting next_dagrun for example_task_group_decorator to 2025-04-30 00:00:00+00:00, run_after=2025-05-01 00:00:00+00:00
[2025-05-01T11:12:57.775+0000] {processor.py:183} INFO - Processing /home/airflow/.local/lib/python3.12/site-packages/airflow/example_dags/example_task_group_decorator.py took 0.220 seconds
[2025-05-01T11:13:28.409+0000] {processor.py:161} INFO - Started process (PID=2595) to work on /home/airflow/.local/lib/python3.12/site-packages/airflow/example_dags/example_task_group_decorator.py
[2025-05-01T11:13:28.412+0000] {processor.py:830} INFO - Processing file /home/airflow/.local/lib/python3.12/site-packages/airflow/example_dags/example_task_group_decorator.py for tasks to queue
[2025-05-01T11:13:28.417+0000] {logging_mixin.py:188} INFO - [2025-05-01T11:13:28.416+0000] {dagbag.py:545} INFO - Filling up the DagBag from /home/airflow/.local/lib/python3.12/site-packages/airflow/example_dags/example_task_group_decorator.py
[2025-05-01T11:13:28.450+0000] {processor.py:840} INFO - DAG(s) 'example_task_group_decorator' retrieved from /home/airflow/.local/lib/python3.12/site-packages/airflow/example_dags/example_task_group_decorator.py
[2025-05-01T11:13:28.511+0000] {logging_mixin.py:188} INFO - [2025-05-01T11:13:28.510+0000] {dag.py:3096} INFO - Sync 1 DAGs
[2025-05-01T11:13:28.578+0000] {logging_mixin.py:188} INFO - [2025-05-01T11:13:28.577+0000] {dag.py:3954} INFO - Setting next_dagrun for example_task_group_decorator to 2025-04-30 00:00:00+00:00, run_after=2025-05-01 00:00:00+00:00
[2025-05-01T11:13:28.629+0000] {processor.py:183} INFO - Processing /home/airflow/.local/lib/python3.12/site-packages/airflow/example_dags/example_task_group_decorator.py took 0.232 seconds
[2025-05-01T11:13:59.052+0000] {processor.py:161} INFO - Started process (PID=2654) to work on /home/airflow/.local/lib/python3.12/site-packages/airflow/example_dags/example_task_group_decorator.py
[2025-05-01T11:13:59.054+0000] {processor.py:830} INFO - Processing file /home/airflow/.local/lib/python3.12/site-packages/airflow/example_dags/example_task_group_decorator.py for tasks to queue
[2025-05-01T11:13:59.059+0000] {logging_mixin.py:188} INFO - [2025-05-01T11:13:59.058+0000] {dagbag.py:545} INFO - Filling up the DagBag from /home/airflow/.local/lib/python3.12/site-packages/airflow/example_dags/example_task_group_decorator.py
[2025-05-01T11:13:59.097+0000] {processor.py:840} INFO - DAG(s) 'example_task_group_decorator' retrieved from /home/airflow/.local/lib/python3.12/site-packages/airflow/example_dags/example_task_group_decorator.py
[2025-05-01T11:13:59.154+0000] {logging_mixin.py:188} INFO - [2025-05-01T11:13:59.153+0000] {dag.py:3096} INFO - Sync 1 DAGs
[2025-05-01T11:13:59.200+0000] {logging_mixin.py:188} INFO - [2025-05-01T11:13:59.200+0000] {dag.py:3954} INFO - Setting next_dagrun for example_task_group_decorator to 2025-04-30 00:00:00+00:00, run_after=2025-05-01 00:00:00+00:00
[2025-05-01T11:13:59.284+0000] {processor.py:183} INFO - Processing /home/airflow/.local/lib/python3.12/site-packages/airflow/example_dags/example_task_group_decorator.py took 0.247 seconds
[2025-05-01T11:14:29.468+0000] {processor.py:161} INFO - Started process (PID=2711) to work on /home/airflow/.local/lib/python3.12/site-packages/airflow/example_dags/example_task_group_decorator.py
[2025-05-01T11:14:29.470+0000] {processor.py:830} INFO - Processing file /home/airflow/.local/lib/python3.12/site-packages/airflow/example_dags/example_task_group_decorator.py for tasks to queue
[2025-05-01T11:14:29.474+0000] {logging_mixin.py:188} INFO - [2025-05-01T11:14:29.474+0000] {dagbag.py:545} INFO - Filling up the DagBag from /home/airflow/.local/lib/python3.12/site-packages/airflow/example_dags/example_task_group_decorator.py
[2025-05-01T11:14:29.504+0000] {processor.py:840} INFO - DAG(s) 'example_task_group_decorator' retrieved from /home/airflow/.local/lib/python3.12/site-packages/airflow/example_dags/example_task_group_decorator.py
[2025-05-01T11:14:29.561+0000] {logging_mixin.py:188} INFO - [2025-05-01T11:14:29.560+0000] {dag.py:3096} INFO - Sync 1 DAGs
[2025-05-01T11:14:29.606+0000] {logging_mixin.py:188} INFO - [2025-05-01T11:14:29.606+0000] {dag.py:3954} INFO - Setting next_dagrun for example_task_group_decorator to 2025-04-30 00:00:00+00:00, run_after=2025-05-01 00:00:00+00:00
[2025-05-01T11:14:29.651+0000] {processor.py:183} INFO - Processing /home/airflow/.local/lib/python3.12/site-packages/airflow/example_dags/example_task_group_decorator.py took 0.194 seconds
[2025-05-01T11:15:00.267+0000] {processor.py:161} INFO - Started process (PID=2770) to work on /home/airflow/.local/lib/python3.12/site-packages/airflow/example_dags/example_task_group_decorator.py
[2025-05-01T11:15:00.270+0000] {processor.py:830} INFO - Processing file /home/airflow/.local/lib/python3.12/site-packages/airflow/example_dags/example_task_group_decorator.py for tasks to queue
[2025-05-01T11:15:00.274+0000] {logging_mixin.py:188} INFO - [2025-05-01T11:15:00.274+0000] {dagbag.py:545} INFO - Filling up the DagBag from /home/airflow/.local/lib/python3.12/site-packages/airflow/example_dags/example_task_group_decorator.py
[2025-05-01T11:15:00.306+0000] {processor.py:840} INFO - DAG(s) 'example_task_group_decorator' retrieved from /home/airflow/.local/lib/python3.12/site-packages/airflow/example_dags/example_task_group_decorator.py
[2025-05-01T11:15:00.369+0000] {logging_mixin.py:188} INFO - [2025-05-01T11:15:00.368+0000] {dag.py:3096} INFO - Sync 1 DAGs
[2025-05-01T11:15:00.423+0000] {logging_mixin.py:188} INFO - [2025-05-01T11:15:00.423+0000] {dag.py:3954} INFO - Setting next_dagrun for example_task_group_decorator to 2025-04-30 00:00:00+00:00, run_after=2025-05-01 00:00:00+00:00
[2025-05-01T11:15:00.471+0000] {processor.py:183} INFO - Processing /home/airflow/.local/lib/python3.12/site-packages/airflow/example_dags/example_task_group_decorator.py took 0.217 seconds
[2025-05-01T11:15:31.032+0000] {processor.py:161} INFO - Started process (PID=2829) to work on /home/airflow/.local/lib/python3.12/site-packages/airflow/example_dags/example_task_group_decorator.py
[2025-05-01T11:15:31.034+0000] {processor.py:830} INFO - Processing file /home/airflow/.local/lib/python3.12/site-packages/airflow/example_dags/example_task_group_decorator.py for tasks to queue
[2025-05-01T11:15:31.038+0000] {logging_mixin.py:188} INFO - [2025-05-01T11:15:31.037+0000] {dagbag.py:545} INFO - Filling up the DagBag from /home/airflow/.local/lib/python3.12/site-packages/airflow/example_dags/example_task_group_decorator.py
[2025-05-01T11:15:31.069+0000] {processor.py:840} INFO - DAG(s) 'example_task_group_decorator' retrieved from /home/airflow/.local/lib/python3.12/site-packages/airflow/example_dags/example_task_group_decorator.py
[2025-05-01T11:15:31.125+0000] {logging_mixin.py:188} INFO - [2025-05-01T11:15:31.124+0000] {dag.py:3096} INFO - Sync 1 DAGs
[2025-05-01T11:15:31.172+0000] {logging_mixin.py:188} INFO - [2025-05-01T11:15:31.171+0000] {dag.py:3954} INFO - Setting next_dagrun for example_task_group_decorator to 2025-04-30 00:00:00+00:00, run_after=2025-05-01 00:00:00+00:00
[2025-05-01T11:15:31.215+0000] {processor.py:183} INFO - Processing /home/airflow/.local/lib/python3.12/site-packages/airflow/example_dags/example_task_group_decorator.py took 0.194 seconds
[2025-05-01T11:16:01.941+0000] {processor.py:161} INFO - Started process (PID=2888) to work on /home/airflow/.local/lib/python3.12/site-packages/airflow/example_dags/example_task_group_decorator.py
[2025-05-01T11:16:01.943+0000] {processor.py:830} INFO - Processing file /home/airflow/.local/lib/python3.12/site-packages/airflow/example_dags/example_task_group_decorator.py for tasks to queue
[2025-05-01T11:16:01.947+0000] {logging_mixin.py:188} INFO - [2025-05-01T11:16:01.946+0000] {dagbag.py:545} INFO - Filling up the DagBag from /home/airflow/.local/lib/python3.12/site-packages/airflow/example_dags/example_task_group_decorator.py
[2025-05-01T11:16:01.980+0000] {processor.py:840} INFO - DAG(s) 'example_task_group_decorator' retrieved from /home/airflow/.local/lib/python3.12/site-packages/airflow/example_dags/example_task_group_decorator.py
[2025-05-01T11:16:02.042+0000] {logging_mixin.py:188} INFO - [2025-05-01T11:16:02.041+0000] {dag.py:3096} INFO - Sync 1 DAGs
[2025-05-01T11:16:02.094+0000] {logging_mixin.py:188} INFO - [2025-05-01T11:16:02.094+0000] {dag.py:3954} INFO - Setting next_dagrun for example_task_group_decorator to 2025-04-30 00:00:00+00:00, run_after=2025-05-01 00:00:00+00:00
[2025-05-01T11:16:02.139+0000] {processor.py:183} INFO - Processing /home/airflow/.local/lib/python3.12/site-packages/airflow/example_dags/example_task_group_decorator.py took 0.211 seconds
[2025-05-01T11:16:32.684+0000] {processor.py:161} INFO - Started process (PID=2947) to work on /home/airflow/.local/lib/python3.12/site-packages/airflow/example_dags/example_task_group_decorator.py
[2025-05-01T11:16:32.686+0000] {processor.py:830} INFO - Processing file /home/airflow/.local/lib/python3.12/site-packages/airflow/example_dags/example_task_group_decorator.py for tasks to queue
[2025-05-01T11:16:32.690+0000] {logging_mixin.py:188} INFO - [2025-05-01T11:16:32.690+0000] {dagbag.py:545} INFO - Filling up the DagBag from /home/airflow/.local/lib/python3.12/site-packages/airflow/example_dags/example_task_group_decorator.py
[2025-05-01T11:16:32.722+0000] {processor.py:840} INFO - DAG(s) 'example_task_group_decorator' retrieved from /home/airflow/.local/lib/python3.12/site-packages/airflow/example_dags/example_task_group_decorator.py
[2025-05-01T11:16:32.790+0000] {logging_mixin.py:188} INFO - [2025-05-01T11:16:32.789+0000] {dag.py:3096} INFO - Sync 1 DAGs
[2025-05-01T11:16:32.840+0000] {logging_mixin.py:188} INFO - [2025-05-01T11:16:32.840+0000] {dag.py:3954} INFO - Setting next_dagrun for example_task_group_decorator to 2025-04-30 00:00:00+00:00, run_after=2025-05-01 00:00:00+00:00
[2025-05-01T11:16:32.888+0000] {processor.py:183} INFO - Processing /home/airflow/.local/lib/python3.12/site-packages/airflow/example_dags/example_task_group_decorator.py took 0.218 seconds
[2025-05-01T11:17:03.250+0000] {processor.py:161} INFO - Started process (PID=3007) to work on /home/airflow/.local/lib/python3.12/site-packages/airflow/example_dags/example_task_group_decorator.py
[2025-05-01T11:17:03.253+0000] {processor.py:830} INFO - Processing file /home/airflow/.local/lib/python3.12/site-packages/airflow/example_dags/example_task_group_decorator.py for tasks to queue
[2025-05-01T11:17:03.257+0000] {logging_mixin.py:188} INFO - [2025-05-01T11:17:03.257+0000] {dagbag.py:545} INFO - Filling up the DagBag from /home/airflow/.local/lib/python3.12/site-packages/airflow/example_dags/example_task_group_decorator.py
[2025-05-01T11:17:03.289+0000] {processor.py:840} INFO - DAG(s) 'example_task_group_decorator' retrieved from /home/airflow/.local/lib/python3.12/site-packages/airflow/example_dags/example_task_group_decorator.py
[2025-05-01T11:17:03.359+0000] {logging_mixin.py:188} INFO - [2025-05-01T11:17:03.358+0000] {dag.py:3096} INFO - Sync 1 DAGs
[2025-05-01T11:17:03.406+0000] {logging_mixin.py:188} INFO - [2025-05-01T11:17:03.406+0000] {dag.py:3954} INFO - Setting next_dagrun for example_task_group_decorator to 2025-04-30 00:00:00+00:00, run_after=2025-05-01 00:00:00+00:00
[2025-05-01T11:17:03.453+0000] {processor.py:183} INFO - Processing /home/airflow/.local/lib/python3.12/site-packages/airflow/example_dags/example_task_group_decorator.py took 0.214 seconds
[2025-05-01T11:17:34.330+0000] {processor.py:161} INFO - Started process (PID=3066) to work on /home/airflow/.local/lib/python3.12/site-packages/airflow/example_dags/example_task_group_decorator.py
[2025-05-01T11:17:34.333+0000] {processor.py:830} INFO - Processing file /home/airflow/.local/lib/python3.12/site-packages/airflow/example_dags/example_task_group_decorator.py for tasks to queue
[2025-05-01T11:17:34.339+0000] {logging_mixin.py:188} INFO - [2025-05-01T11:17:34.338+0000] {dagbag.py:545} INFO - Filling up the DagBag from /home/airflow/.local/lib/python3.12/site-packages/airflow/example_dags/example_task_group_decorator.py
[2025-05-01T11:17:34.386+0000] {processor.py:840} INFO - DAG(s) 'example_task_group_decorator' retrieved from /home/airflow/.local/lib/python3.12/site-packages/airflow/example_dags/example_task_group_decorator.py
[2025-05-01T11:17:34.446+0000] {logging_mixin.py:188} INFO - [2025-05-01T11:17:34.445+0000] {dag.py:3096} INFO - Sync 1 DAGs
[2025-05-01T11:17:34.499+0000] {logging_mixin.py:188} INFO - [2025-05-01T11:17:34.498+0000] {dag.py:3954} INFO - Setting next_dagrun for example_task_group_decorator to 2025-04-30 00:00:00+00:00, run_after=2025-05-01 00:00:00+00:00
[2025-05-01T11:17:34.548+0000] {processor.py:183} INFO - Processing /home/airflow/.local/lib/python3.12/site-packages/airflow/example_dags/example_task_group_decorator.py took 0.239 seconds
[2025-05-01T11:18:04.625+0000] {processor.py:161} INFO - Started process (PID=3125) to work on /home/airflow/.local/lib/python3.12/site-packages/airflow/example_dags/example_task_group_decorator.py
[2025-05-01T11:18:04.628+0000] {processor.py:830} INFO - Processing file /home/airflow/.local/lib/python3.12/site-packages/airflow/example_dags/example_task_group_decorator.py for tasks to queue
[2025-05-01T11:18:04.633+0000] {logging_mixin.py:188} INFO - [2025-05-01T11:18:04.632+0000] {dagbag.py:545} INFO - Filling up the DagBag from /home/airflow/.local/lib/python3.12/site-packages/airflow/example_dags/example_task_group_decorator.py
[2025-05-01T11:18:04.666+0000] {processor.py:840} INFO - DAG(s) 'example_task_group_decorator' retrieved from /home/airflow/.local/lib/python3.12/site-packages/airflow/example_dags/example_task_group_decorator.py
[2025-05-01T11:18:04.724+0000] {logging_mixin.py:188} INFO - [2025-05-01T11:18:04.724+0000] {dag.py:3096} INFO - Sync 1 DAGs
[2025-05-01T11:18:04.781+0000] {logging_mixin.py:188} INFO - [2025-05-01T11:18:04.781+0000] {dag.py:3954} INFO - Setting next_dagrun for example_task_group_decorator to 2025-04-30 00:00:00+00:00, run_after=2025-05-01 00:00:00+00:00
[2025-05-01T11:18:04.828+0000] {processor.py:183} INFO - Processing /home/airflow/.local/lib/python3.12/site-packages/airflow/example_dags/example_task_group_decorator.py took 0.214 seconds
[2025-05-01T11:18:36.205+0000] {processor.py:161} INFO - Started process (PID=3184) to work on /home/airflow/.local/lib/python3.12/site-packages/airflow/example_dags/example_task_group_decorator.py
[2025-05-01T11:18:36.207+0000] {processor.py:830} INFO - Processing file /home/airflow/.local/lib/python3.12/site-packages/airflow/example_dags/example_task_group_decorator.py for tasks to queue
[2025-05-01T11:18:36.213+0000] {logging_mixin.py:188} INFO - [2025-05-01T11:18:36.212+0000] {dagbag.py:545} INFO - Filling up the DagBag from /home/airflow/.local/lib/python3.12/site-packages/airflow/example_dags/example_task_group_decorator.py
[2025-05-01T11:18:36.250+0000] {processor.py:840} INFO - DAG(s) 'example_task_group_decorator' retrieved from /home/airflow/.local/lib/python3.12/site-packages/airflow/example_dags/example_task_group_decorator.py
[2025-05-01T11:18:36.317+0000] {logging_mixin.py:188} INFO - [2025-05-01T11:18:36.316+0000] {dag.py:3096} INFO - Sync 1 DAGs
[2025-05-01T11:18:36.369+0000] {logging_mixin.py:188} INFO - [2025-05-01T11:18:36.369+0000] {dag.py:3954} INFO - Setting next_dagrun for example_task_group_decorator to 2025-04-30 00:00:00+00:00, run_after=2025-05-01 00:00:00+00:00
[2025-05-01T11:18:36.427+0000] {processor.py:183} INFO - Processing /home/airflow/.local/lib/python3.12/site-packages/airflow/example_dags/example_task_group_decorator.py took 0.235 seconds
[2025-05-01T11:19:07.299+0000] {processor.py:161} INFO - Started process (PID=3245) to work on /home/airflow/.local/lib/python3.12/site-packages/airflow/example_dags/example_task_group_decorator.py
[2025-05-01T11:19:07.302+0000] {processor.py:830} INFO - Processing file /home/airflow/.local/lib/python3.12/site-packages/airflow/example_dags/example_task_group_decorator.py for tasks to queue
[2025-05-01T11:19:07.307+0000] {logging_mixin.py:188} INFO - [2025-05-01T11:19:07.306+0000] {dagbag.py:545} INFO - Filling up the DagBag from /home/airflow/.local/lib/python3.12/site-packages/airflow/example_dags/example_task_group_decorator.py
[2025-05-01T11:19:07.349+0000] {processor.py:840} INFO - DAG(s) 'example_task_group_decorator' retrieved from /home/airflow/.local/lib/python3.12/site-packages/airflow/example_dags/example_task_group_decorator.py
[2025-05-01T11:19:07.413+0000] {logging_mixin.py:188} INFO - [2025-05-01T11:19:07.412+0000] {dag.py:3096} INFO - Sync 1 DAGs
[2025-05-01T11:19:07.468+0000] {logging_mixin.py:188} INFO - [2025-05-01T11:19:07.467+0000] {dag.py:3954} INFO - Setting next_dagrun for example_task_group_decorator to 2025-04-30 00:00:00+00:00, run_after=2025-05-01 00:00:00+00:00
[2025-05-01T11:19:07.520+0000] {processor.py:183} INFO - Processing /home/airflow/.local/lib/python3.12/site-packages/airflow/example_dags/example_task_group_decorator.py took 0.235 seconds
[2025-05-01T11:19:38.562+0000] {processor.py:161} INFO - Started process (PID=3304) to work on /home/airflow/.local/lib/python3.12/site-packages/airflow/example_dags/example_task_group_decorator.py
[2025-05-01T11:19:38.564+0000] {processor.py:830} INFO - Processing file /home/airflow/.local/lib/python3.12/site-packages/airflow/example_dags/example_task_group_decorator.py for tasks to queue
[2025-05-01T11:19:38.569+0000] {logging_mixin.py:188} INFO - [2025-05-01T11:19:38.568+0000] {dagbag.py:545} INFO - Filling up the DagBag from /home/airflow/.local/lib/python3.12/site-packages/airflow/example_dags/example_task_group_decorator.py
[2025-05-01T11:19:38.605+0000] {processor.py:840} INFO - DAG(s) 'example_task_group_decorator' retrieved from /home/airflow/.local/lib/python3.12/site-packages/airflow/example_dags/example_task_group_decorator.py
[2025-05-01T11:19:38.671+0000] {logging_mixin.py:188} INFO - [2025-05-01T11:19:38.670+0000] {dag.py:3096} INFO - Sync 1 DAGs
[2025-05-01T11:19:38.718+0000] {logging_mixin.py:188} INFO - [2025-05-01T11:19:38.718+0000] {dag.py:3954} INFO - Setting next_dagrun for example_task_group_decorator to 2025-04-30 00:00:00+00:00, run_after=2025-05-01 00:00:00+00:00
[2025-05-01T11:19:38.778+0000] {processor.py:183} INFO - Processing /home/airflow/.local/lib/python3.12/site-packages/airflow/example_dags/example_task_group_decorator.py took 0.229 seconds
[2025-05-01T11:20:09.475+0000] {processor.py:161} INFO - Started process (PID=3363) to work on /home/airflow/.local/lib/python3.12/site-packages/airflow/example_dags/example_task_group_decorator.py
[2025-05-01T11:20:09.478+0000] {processor.py:830} INFO - Processing file /home/airflow/.local/lib/python3.12/site-packages/airflow/example_dags/example_task_group_decorator.py for tasks to queue
[2025-05-01T11:20:09.483+0000] {logging_mixin.py:188} INFO - [2025-05-01T11:20:09.482+0000] {dagbag.py:545} INFO - Filling up the DagBag from /home/airflow/.local/lib/python3.12/site-packages/airflow/example_dags/example_task_group_decorator.py
[2025-05-01T11:20:09.521+0000] {processor.py:840} INFO - DAG(s) 'example_task_group_decorator' retrieved from /home/airflow/.local/lib/python3.12/site-packages/airflow/example_dags/example_task_group_decorator.py
[2025-05-01T11:20:09.586+0000] {logging_mixin.py:188} INFO - [2025-05-01T11:20:09.586+0000] {dag.py:3096} INFO - Sync 1 DAGs
[2025-05-01T11:20:09.634+0000] {logging_mixin.py:188} INFO - [2025-05-01T11:20:09.634+0000] {dag.py:3954} INFO - Setting next_dagrun for example_task_group_decorator to 2025-04-30 00:00:00+00:00, run_after=2025-05-01 00:00:00+00:00
[2025-05-01T11:20:09.681+0000] {processor.py:183} INFO - Processing /home/airflow/.local/lib/python3.12/site-packages/airflow/example_dags/example_task_group_decorator.py took 0.220 seconds
[2025-05-01T11:20:40.081+0000] {processor.py:161} INFO - Started process (PID=3423) to work on /home/airflow/.local/lib/python3.12/site-packages/airflow/example_dags/example_task_group_decorator.py
[2025-05-01T11:20:40.085+0000] {processor.py:830} INFO - Processing file /home/airflow/.local/lib/python3.12/site-packages/airflow/example_dags/example_task_group_decorator.py for tasks to queue
[2025-05-01T11:20:40.091+0000] {logging_mixin.py:188} INFO - [2025-05-01T11:20:40.090+0000] {dagbag.py:545} INFO - Filling up the DagBag from /home/airflow/.local/lib/python3.12/site-packages/airflow/example_dags/example_task_group_decorator.py
[2025-05-01T11:20:40.131+0000] {processor.py:840} INFO - DAG(s) 'example_task_group_decorator' retrieved from /home/airflow/.local/lib/python3.12/site-packages/airflow/example_dags/example_task_group_decorator.py
[2025-05-01T11:20:40.212+0000] {logging_mixin.py:188} INFO - [2025-05-01T11:20:40.211+0000] {dag.py:3096} INFO - Sync 1 DAGs
[2025-05-01T11:20:40.270+0000] {logging_mixin.py:188} INFO - [2025-05-01T11:20:40.269+0000] {dag.py:3954} INFO - Setting next_dagrun for example_task_group_decorator to 2025-04-30 00:00:00+00:00, run_after=2025-05-01 00:00:00+00:00
[2025-05-01T11:20:40.320+0000] {processor.py:183} INFO - Processing /home/airflow/.local/lib/python3.12/site-packages/airflow/example_dags/example_task_group_decorator.py took 0.251 seconds
[2025-05-01T11:21:10.497+0000] {processor.py:161} INFO - Started process (PID=3482) to work on /home/airflow/.local/lib/python3.12/site-packages/airflow/example_dags/example_task_group_decorator.py
[2025-05-01T11:21:10.501+0000] {processor.py:830} INFO - Processing file /home/airflow/.local/lib/python3.12/site-packages/airflow/example_dags/example_task_group_decorator.py for tasks to queue
[2025-05-01T11:21:10.511+0000] {logging_mixin.py:188} INFO - [2025-05-01T11:21:10.510+0000] {dagbag.py:545} INFO - Filling up the DagBag from /home/airflow/.local/lib/python3.12/site-packages/airflow/example_dags/example_task_group_decorator.py
[2025-05-01T11:21:10.572+0000] {processor.py:840} INFO - DAG(s) 'example_task_group_decorator' retrieved from /home/airflow/.local/lib/python3.12/site-packages/airflow/example_dags/example_task_group_decorator.py
[2025-05-01T11:21:10.657+0000] {logging_mixin.py:188} INFO - [2025-05-01T11:21:10.656+0000] {dag.py:3096} INFO - Sync 1 DAGs
[2025-05-01T11:21:10.701+0000] {logging_mixin.py:188} INFO - [2025-05-01T11:21:10.700+0000] {dag.py:3954} INFO - Setting next_dagrun for example_task_group_decorator to 2025-04-30 00:00:00+00:00, run_after=2025-05-01 00:00:00+00:00
[2025-05-01T11:21:10.744+0000] {processor.py:183} INFO - Processing /home/airflow/.local/lib/python3.12/site-packages/airflow/example_dags/example_task_group_decorator.py took 0.269 seconds
[2025-05-01T11:21:40.869+0000] {processor.py:161} INFO - Started process (PID=3541) to work on /home/airflow/.local/lib/python3.12/site-packages/airflow/example_dags/example_task_group_decorator.py
[2025-05-01T11:21:40.872+0000] {processor.py:830} INFO - Processing file /home/airflow/.local/lib/python3.12/site-packages/airflow/example_dags/example_task_group_decorator.py for tasks to queue
[2025-05-01T11:21:40.877+0000] {logging_mixin.py:188} INFO - [2025-05-01T11:21:40.876+0000] {dagbag.py:545} INFO - Filling up the DagBag from /home/airflow/.local/lib/python3.12/site-packages/airflow/example_dags/example_task_group_decorator.py
[2025-05-01T11:21:40.920+0000] {processor.py:840} INFO - DAG(s) 'example_task_group_decorator' retrieved from /home/airflow/.local/lib/python3.12/site-packages/airflow/example_dags/example_task_group_decorator.py
[2025-05-01T11:21:40.995+0000] {logging_mixin.py:188} INFO - [2025-05-01T11:21:40.994+0000] {dag.py:3096} INFO - Sync 1 DAGs
[2025-05-01T11:21:41.051+0000] {logging_mixin.py:188} INFO - [2025-05-01T11:21:41.050+0000] {dag.py:3954} INFO - Setting next_dagrun for example_task_group_decorator to 2025-04-30 00:00:00+00:00, run_after=2025-05-01 00:00:00+00:00
[2025-05-01T11:21:41.100+0000] {processor.py:183} INFO - Processing /home/airflow/.local/lib/python3.12/site-packages/airflow/example_dags/example_task_group_decorator.py took 0.247 seconds
[2025-05-01T11:22:11.347+0000] {processor.py:161} INFO - Started process (PID=3599) to work on /home/airflow/.local/lib/python3.12/site-packages/airflow/example_dags/example_task_group_decorator.py
[2025-05-01T11:22:11.349+0000] {processor.py:830} INFO - Processing file /home/airflow/.local/lib/python3.12/site-packages/airflow/example_dags/example_task_group_decorator.py for tasks to queue
[2025-05-01T11:22:11.353+0000] {logging_mixin.py:188} INFO - [2025-05-01T11:22:11.352+0000] {dagbag.py:545} INFO - Filling up the DagBag from /home/airflow/.local/lib/python3.12/site-packages/airflow/example_dags/example_task_group_decorator.py
[2025-05-01T11:22:11.384+0000] {processor.py:840} INFO - DAG(s) 'example_task_group_decorator' retrieved from /home/airflow/.local/lib/python3.12/site-packages/airflow/example_dags/example_task_group_decorator.py
[2025-05-01T11:22:11.440+0000] {logging_mixin.py:188} INFO - [2025-05-01T11:22:11.439+0000] {dag.py:3096} INFO - Sync 1 DAGs
[2025-05-01T11:22:11.484+0000] {logging_mixin.py:188} INFO - [2025-05-01T11:22:11.484+0000] {dag.py:3954} INFO - Setting next_dagrun for example_task_group_decorator to 2025-04-30 00:00:00+00:00, run_after=2025-05-01 00:00:00+00:00
[2025-05-01T11:22:11.530+0000] {processor.py:183} INFO - Processing /home/airflow/.local/lib/python3.12/site-packages/airflow/example_dags/example_task_group_decorator.py took 0.194 seconds
[2025-05-01T11:22:41.833+0000] {processor.py:161} INFO - Started process (PID=3658) to work on /home/airflow/.local/lib/python3.12/site-packages/airflow/example_dags/example_task_group_decorator.py
[2025-05-01T11:22:41.836+0000] {processor.py:830} INFO - Processing file /home/airflow/.local/lib/python3.12/site-packages/airflow/example_dags/example_task_group_decorator.py for tasks to queue
[2025-05-01T11:22:41.840+0000] {logging_mixin.py:188} INFO - [2025-05-01T11:22:41.839+0000] {dagbag.py:545} INFO - Filling up the DagBag from /home/airflow/.local/lib/python3.12/site-packages/airflow/example_dags/example_task_group_decorator.py
[2025-05-01T11:22:41.872+0000] {processor.py:840} INFO - DAG(s) 'example_task_group_decorator' retrieved from /home/airflow/.local/lib/python3.12/site-packages/airflow/example_dags/example_task_group_decorator.py
[2025-05-01T11:22:41.937+0000] {logging_mixin.py:188} INFO - [2025-05-01T11:22:41.936+0000] {dag.py:3096} INFO - Sync 1 DAGs
[2025-05-01T11:22:41.984+0000] {logging_mixin.py:188} INFO - [2025-05-01T11:22:41.983+0000] {dag.py:3954} INFO - Setting next_dagrun for example_task_group_decorator to 2025-04-30 00:00:00+00:00, run_after=2025-05-01 00:00:00+00:00
[2025-05-01T11:22:42.031+0000] {processor.py:183} INFO - Processing /home/airflow/.local/lib/python3.12/site-packages/airflow/example_dags/example_task_group_decorator.py took 0.210 seconds
[2025-05-01T11:23:12.458+0000] {processor.py:161} INFO - Started process (PID=3718) to work on /home/airflow/.local/lib/python3.12/site-packages/airflow/example_dags/example_task_group_decorator.py
[2025-05-01T11:23:12.461+0000] {processor.py:830} INFO - Processing file /home/airflow/.local/lib/python3.12/site-packages/airflow/example_dags/example_task_group_decorator.py for tasks to queue
[2025-05-01T11:23:12.467+0000] {logging_mixin.py:188} INFO - [2025-05-01T11:23:12.466+0000] {dagbag.py:545} INFO - Filling up the DagBag from /home/airflow/.local/lib/python3.12/site-packages/airflow/example_dags/example_task_group_decorator.py
[2025-05-01T11:23:12.515+0000] {processor.py:840} INFO - DAG(s) 'example_task_group_decorator' retrieved from /home/airflow/.local/lib/python3.12/site-packages/airflow/example_dags/example_task_group_decorator.py
[2025-05-01T11:23:12.589+0000] {logging_mixin.py:188} INFO - [2025-05-01T11:23:12.589+0000] {dag.py:3096} INFO - Sync 1 DAGs
[2025-05-01T11:23:12.635+0000] {logging_mixin.py:188} INFO - [2025-05-01T11:23:12.635+0000] {dag.py:3954} INFO - Setting next_dagrun for example_task_group_decorator to 2025-04-30 00:00:00+00:00, run_after=2025-05-01 00:00:00+00:00
[2025-05-01T11:23:12.699+0000] {processor.py:183} INFO - Processing /home/airflow/.local/lib/python3.12/site-packages/airflow/example_dags/example_task_group_decorator.py took 0.254 seconds
[2025-05-01T11:23:43.770+0000] {processor.py:161} INFO - Started process (PID=3777) to work on /home/airflow/.local/lib/python3.12/site-packages/airflow/example_dags/example_task_group_decorator.py
[2025-05-01T11:23:43.772+0000] {processor.py:830} INFO - Processing file /home/airflow/.local/lib/python3.12/site-packages/airflow/example_dags/example_task_group_decorator.py for tasks to queue
[2025-05-01T11:23:43.777+0000] {logging_mixin.py:188} INFO - [2025-05-01T11:23:43.776+0000] {dagbag.py:545} INFO - Filling up the DagBag from /home/airflow/.local/lib/python3.12/site-packages/airflow/example_dags/example_task_group_decorator.py
[2025-05-01T11:23:43.818+0000] {processor.py:840} INFO - DAG(s) 'example_task_group_decorator' retrieved from /home/airflow/.local/lib/python3.12/site-packages/airflow/example_dags/example_task_group_decorator.py
[2025-05-01T11:23:43.889+0000] {logging_mixin.py:188} INFO - [2025-05-01T11:23:43.888+0000] {dag.py:3096} INFO - Sync 1 DAGs
[2025-05-01T11:23:43.935+0000] {logging_mixin.py:188} INFO - [2025-05-01T11:23:43.934+0000] {dag.py:3954} INFO - Setting next_dagrun for example_task_group_decorator to 2025-04-30 00:00:00+00:00, run_after=2025-05-01 00:00:00+00:00
[2025-05-01T11:23:43.982+0000] {processor.py:183} INFO - Processing /home/airflow/.local/lib/python3.12/site-packages/airflow/example_dags/example_task_group_decorator.py took 0.227 seconds
[2025-05-01T11:24:14.505+0000] {processor.py:161} INFO - Started process (PID=3838) to work on /home/airflow/.local/lib/python3.12/site-packages/airflow/example_dags/example_task_group_decorator.py
[2025-05-01T11:24:14.507+0000] {processor.py:830} INFO - Processing file /home/airflow/.local/lib/python3.12/site-packages/airflow/example_dags/example_task_group_decorator.py for tasks to queue
[2025-05-01T11:24:14.511+0000] {logging_mixin.py:188} INFO - [2025-05-01T11:24:14.510+0000] {dagbag.py:545} INFO - Filling up the DagBag from /home/airflow/.local/lib/python3.12/site-packages/airflow/example_dags/example_task_group_decorator.py
[2025-05-01T11:24:14.553+0000] {processor.py:840} INFO - DAG(s) 'example_task_group_decorator' retrieved from /home/airflow/.local/lib/python3.12/site-packages/airflow/example_dags/example_task_group_decorator.py
[2025-05-01T11:24:14.627+0000] {logging_mixin.py:188} INFO - [2025-05-01T11:24:14.627+0000] {dag.py:3096} INFO - Sync 1 DAGs
[2025-05-01T11:24:14.687+0000] {logging_mixin.py:188} INFO - [2025-05-01T11:24:14.686+0000] {dag.py:3954} INFO - Setting next_dagrun for example_task_group_decorator to 2025-04-30 00:00:00+00:00, run_after=2025-05-01 00:00:00+00:00
[2025-05-01T11:24:14.730+0000] {processor.py:183} INFO - Processing /home/airflow/.local/lib/python3.12/site-packages/airflow/example_dags/example_task_group_decorator.py took 0.238 seconds
[2025-05-01T11:24:45.041+0000] {processor.py:161} INFO - Started process (PID=3897) to work on /home/airflow/.local/lib/python3.12/site-packages/airflow/example_dags/example_task_group_decorator.py
[2025-05-01T11:24:45.044+0000] {processor.py:830} INFO - Processing file /home/airflow/.local/lib/python3.12/site-packages/airflow/example_dags/example_task_group_decorator.py for tasks to queue
[2025-05-01T11:24:45.049+0000] {logging_mixin.py:188} INFO - [2025-05-01T11:24:45.048+0000] {dagbag.py:545} INFO - Filling up the DagBag from /home/airflow/.local/lib/python3.12/site-packages/airflow/example_dags/example_task_group_decorator.py
[2025-05-01T11:24:45.081+0000] {processor.py:840} INFO - DAG(s) 'example_task_group_decorator' retrieved from /home/airflow/.local/lib/python3.12/site-packages/airflow/example_dags/example_task_group_decorator.py
[2025-05-01T11:24:45.148+0000] {logging_mixin.py:188} INFO - [2025-05-01T11:24:45.147+0000] {dag.py:3096} INFO - Sync 1 DAGs
[2025-05-01T11:24:45.199+0000] {logging_mixin.py:188} INFO - [2025-05-01T11:24:45.199+0000] {dag.py:3954} INFO - Setting next_dagrun for example_task_group_decorator to 2025-04-30 00:00:00+00:00, run_after=2025-05-01 00:00:00+00:00
[2025-05-01T11:24:45.292+0000] {processor.py:183} INFO - Processing /home/airflow/.local/lib/python3.12/site-packages/airflow/example_dags/example_task_group_decorator.py took 0.264 seconds
[2025-05-01T11:25:16.197+0000] {processor.py:161} INFO - Started process (PID=3956) to work on /home/airflow/.local/lib/python3.12/site-packages/airflow/example_dags/example_task_group_decorator.py
[2025-05-01T11:25:16.200+0000] {processor.py:830} INFO - Processing file /home/airflow/.local/lib/python3.12/site-packages/airflow/example_dags/example_task_group_decorator.py for tasks to queue
[2025-05-01T11:25:16.206+0000] {logging_mixin.py:188} INFO - [2025-05-01T11:25:16.205+0000] {dagbag.py:545} INFO - Filling up the DagBag from /home/airflow/.local/lib/python3.12/site-packages/airflow/example_dags/example_task_group_decorator.py
[2025-05-01T11:25:16.257+0000] {processor.py:840} INFO - DAG(s) 'example_task_group_decorator' retrieved from /home/airflow/.local/lib/python3.12/site-packages/airflow/example_dags/example_task_group_decorator.py
[2025-05-01T11:25:16.334+0000] {logging_mixin.py:188} INFO - [2025-05-01T11:25:16.333+0000] {dag.py:3096} INFO - Sync 1 DAGs
[2025-05-01T11:25:16.386+0000] {logging_mixin.py:188} INFO - [2025-05-01T11:25:16.385+0000] {dag.py:3954} INFO - Setting next_dagrun for example_task_group_decorator to 2025-04-30 00:00:00+00:00, run_after=2025-05-01 00:00:00+00:00
[2025-05-01T11:25:16.444+0000] {processor.py:183} INFO - Processing /home/airflow/.local/lib/python3.12/site-packages/airflow/example_dags/example_task_group_decorator.py took 0.264 seconds
[2025-05-01T11:25:46.765+0000] {processor.py:161} INFO - Started process (PID=4015) to work on /home/airflow/.local/lib/python3.12/site-packages/airflow/example_dags/example_task_group_decorator.py
[2025-05-01T11:25:46.769+0000] {processor.py:830} INFO - Processing file /home/airflow/.local/lib/python3.12/site-packages/airflow/example_dags/example_task_group_decorator.py for tasks to queue
[2025-05-01T11:25:46.774+0000] {logging_mixin.py:188} INFO - [2025-05-01T11:25:46.773+0000] {dagbag.py:545} INFO - Filling up the DagBag from /home/airflow/.local/lib/python3.12/site-packages/airflow/example_dags/example_task_group_decorator.py
[2025-05-01T11:25:46.827+0000] {processor.py:840} INFO - DAG(s) 'example_task_group_decorator' retrieved from /home/airflow/.local/lib/python3.12/site-packages/airflow/example_dags/example_task_group_decorator.py
[2025-05-01T11:25:46.891+0000] {logging_mixin.py:188} INFO - [2025-05-01T11:25:46.891+0000] {dag.py:3096} INFO - Sync 1 DAGs
[2025-05-01T11:25:46.956+0000] {logging_mixin.py:188} INFO - [2025-05-01T11:25:46.956+0000] {dag.py:3954} INFO - Setting next_dagrun for example_task_group_decorator to 2025-04-30 00:00:00+00:00, run_after=2025-05-01 00:00:00+00:00
[2025-05-01T11:25:47.017+0000] {processor.py:183} INFO - Processing /home/airflow/.local/lib/python3.12/site-packages/airflow/example_dags/example_task_group_decorator.py took 0.273 seconds
[2025-05-01T11:31:53.218+0000] {processor.py:161} INFO - Started process (PID=124) to work on /home/airflow/.local/lib/python3.12/site-packages/airflow/example_dags/example_task_group_decorator.py
[2025-05-01T11:31:53.221+0000] {processor.py:830} INFO - Processing file /home/airflow/.local/lib/python3.12/site-packages/airflow/example_dags/example_task_group_decorator.py for tasks to queue
[2025-05-01T11:31:53.227+0000] {logging_mixin.py:188} INFO - [2025-05-01T11:31:53.226+0000] {dagbag.py:545} INFO - Filling up the DagBag from /home/airflow/.local/lib/python3.12/site-packages/airflow/example_dags/example_task_group_decorator.py
[2025-05-01T11:31:53.295+0000] {processor.py:840} INFO - DAG(s) 'example_task_group_decorator' retrieved from /home/airflow/.local/lib/python3.12/site-packages/airflow/example_dags/example_task_group_decorator.py
[2025-05-01T11:31:53.592+0000] {logging_mixin.py:188} INFO - [2025-05-01T11:31:53.592+0000] {dag.py:3096} INFO - Sync 1 DAGs
[2025-05-01T11:31:53.658+0000] {logging_mixin.py:188} INFO - [2025-05-01T11:31:53.658+0000] {dag.py:3954} INFO - Setting next_dagrun for example_task_group_decorator to 2025-04-30 00:00:00+00:00, run_after=2025-05-01 00:00:00+00:00
[2025-05-01T11:31:53.713+0000] {processor.py:183} INFO - Processing /home/airflow/.local/lib/python3.12/site-packages/airflow/example_dags/example_task_group_decorator.py took 0.509 seconds
[2025-05-01T11:32:23.884+0000] {processor.py:161} INFO - Started process (PID=183) to work on /home/airflow/.local/lib/python3.12/site-packages/airflow/example_dags/example_task_group_decorator.py
[2025-05-01T11:32:23.886+0000] {processor.py:830} INFO - Processing file /home/airflow/.local/lib/python3.12/site-packages/airflow/example_dags/example_task_group_decorator.py for tasks to queue
[2025-05-01T11:32:23.890+0000] {logging_mixin.py:188} INFO - [2025-05-01T11:32:23.889+0000] {dagbag.py:545} INFO - Filling up the DagBag from /home/airflow/.local/lib/python3.12/site-packages/airflow/example_dags/example_task_group_decorator.py
[2025-05-01T11:32:23.951+0000] {processor.py:840} INFO - DAG(s) 'example_task_group_decorator' retrieved from /home/airflow/.local/lib/python3.12/site-packages/airflow/example_dags/example_task_group_decorator.py
[2025-05-01T11:32:24.089+0000] {logging_mixin.py:188} INFO - [2025-05-01T11:32:24.088+0000] {dag.py:3096} INFO - Sync 1 DAGs
[2025-05-01T11:32:24.193+0000] {logging_mixin.py:188} INFO - [2025-05-01T11:32:24.193+0000] {dag.py:3954} INFO - Setting next_dagrun for example_task_group_decorator to 2025-04-30 00:00:00+00:00, run_after=2025-05-01 00:00:00+00:00
[2025-05-01T11:32:24.247+0000] {processor.py:183} INFO - Processing /home/airflow/.local/lib/python3.12/site-packages/airflow/example_dags/example_task_group_decorator.py took 0.375 seconds
[2025-05-01T11:32:54.981+0000] {processor.py:161} INFO - Started process (PID=242) to work on /home/airflow/.local/lib/python3.12/site-packages/airflow/example_dags/example_task_group_decorator.py
[2025-05-01T11:32:54.984+0000] {processor.py:830} INFO - Processing file /home/airflow/.local/lib/python3.12/site-packages/airflow/example_dags/example_task_group_decorator.py for tasks to queue
[2025-05-01T11:32:54.990+0000] {logging_mixin.py:188} INFO - [2025-05-01T11:32:54.989+0000] {dagbag.py:545} INFO - Filling up the DagBag from /home/airflow/.local/lib/python3.12/site-packages/airflow/example_dags/example_task_group_decorator.py
[2025-05-01T11:32:55.027+0000] {processor.py:840} INFO - DAG(s) 'example_task_group_decorator' retrieved from /home/airflow/.local/lib/python3.12/site-packages/airflow/example_dags/example_task_group_decorator.py
[2025-05-01T11:32:55.087+0000] {logging_mixin.py:188} INFO - [2025-05-01T11:32:55.086+0000] {dag.py:3096} INFO - Sync 1 DAGs
[2025-05-01T11:32:55.138+0000] {logging_mixin.py:188} INFO - [2025-05-01T11:32:55.137+0000] {dag.py:3954} INFO - Setting next_dagrun for example_task_group_decorator to 2025-04-30 00:00:00+00:00, run_after=2025-05-01 00:00:00+00:00
[2025-05-01T11:32:55.197+0000] {processor.py:183} INFO - Processing /home/airflow/.local/lib/python3.12/site-packages/airflow/example_dags/example_task_group_decorator.py took 0.234 seconds
[2025-05-01T11:33:25.786+0000] {processor.py:161} INFO - Started process (PID=300) to work on /home/airflow/.local/lib/python3.12/site-packages/airflow/example_dags/example_task_group_decorator.py
[2025-05-01T11:33:25.789+0000] {processor.py:830} INFO - Processing file /home/airflow/.local/lib/python3.12/site-packages/airflow/example_dags/example_task_group_decorator.py for tasks to queue
[2025-05-01T11:33:25.795+0000] {logging_mixin.py:188} INFO - [2025-05-01T11:33:25.794+0000] {dagbag.py:545} INFO - Filling up the DagBag from /home/airflow/.local/lib/python3.12/site-packages/airflow/example_dags/example_task_group_decorator.py
[2025-05-01T11:33:25.838+0000] {processor.py:840} INFO - DAG(s) 'example_task_group_decorator' retrieved from /home/airflow/.local/lib/python3.12/site-packages/airflow/example_dags/example_task_group_decorator.py
[2025-05-01T11:33:25.920+0000] {logging_mixin.py:188} INFO - [2025-05-01T11:33:25.920+0000] {dag.py:3096} INFO - Sync 1 DAGs
[2025-05-01T11:33:25.983+0000] {logging_mixin.py:188} INFO - [2025-05-01T11:33:25.982+0000] {dag.py:3954} INFO - Setting next_dagrun for example_task_group_decorator to 2025-04-30 00:00:00+00:00, run_after=2025-05-01 00:00:00+00:00
[2025-05-01T11:33:26.120+0000] {processor.py:183} INFO - Processing /home/airflow/.local/lib/python3.12/site-packages/airflow/example_dags/example_task_group_decorator.py took 0.350 seconds
[2025-05-01T11:33:56.258+0000] {processor.py:161} INFO - Started process (PID=360) to work on /home/airflow/.local/lib/python3.12/site-packages/airflow/example_dags/example_task_group_decorator.py
[2025-05-01T11:33:56.261+0000] {processor.py:830} INFO - Processing file /home/airflow/.local/lib/python3.12/site-packages/airflow/example_dags/example_task_group_decorator.py for tasks to queue
[2025-05-01T11:33:56.265+0000] {logging_mixin.py:188} INFO - [2025-05-01T11:33:56.264+0000] {dagbag.py:545} INFO - Filling up the DagBag from /home/airflow/.local/lib/python3.12/site-packages/airflow/example_dags/example_task_group_decorator.py
[2025-05-01T11:33:56.304+0000] {processor.py:840} INFO - DAG(s) 'example_task_group_decorator' retrieved from /home/airflow/.local/lib/python3.12/site-packages/airflow/example_dags/example_task_group_decorator.py
[2025-05-01T11:33:56.408+0000] {logging_mixin.py:188} INFO - [2025-05-01T11:33:56.407+0000] {dag.py:3096} INFO - Sync 1 DAGs
[2025-05-01T11:33:56.467+0000] {logging_mixin.py:188} INFO - [2025-05-01T11:33:56.466+0000] {dag.py:3954} INFO - Setting next_dagrun for example_task_group_decorator to 2025-04-30 00:00:00+00:00, run_after=2025-05-01 00:00:00+00:00
[2025-05-01T11:33:56.512+0000] {processor.py:183} INFO - Processing /home/airflow/.local/lib/python3.12/site-packages/airflow/example_dags/example_task_group_decorator.py took 0.266 seconds
[2025-05-01T11:34:27.334+0000] {processor.py:161} INFO - Started process (PID=419) to work on /home/airflow/.local/lib/python3.12/site-packages/airflow/example_dags/example_task_group_decorator.py
[2025-05-01T11:34:27.336+0000] {processor.py:830} INFO - Processing file /home/airflow/.local/lib/python3.12/site-packages/airflow/example_dags/example_task_group_decorator.py for tasks to queue
[2025-05-01T11:34:27.340+0000] {logging_mixin.py:188} INFO - [2025-05-01T11:34:27.339+0000] {dagbag.py:545} INFO - Filling up the DagBag from /home/airflow/.local/lib/python3.12/site-packages/airflow/example_dags/example_task_group_decorator.py
[2025-05-01T11:34:27.378+0000] {processor.py:840} INFO - DAG(s) 'example_task_group_decorator' retrieved from /home/airflow/.local/lib/python3.12/site-packages/airflow/example_dags/example_task_group_decorator.py
[2025-05-01T11:34:27.449+0000] {logging_mixin.py:188} INFO - [2025-05-01T11:34:27.448+0000] {dag.py:3096} INFO - Sync 1 DAGs
[2025-05-01T11:34:27.512+0000] {logging_mixin.py:188} INFO - [2025-05-01T11:34:27.512+0000] {dag.py:3954} INFO - Setting next_dagrun for example_task_group_decorator to 2025-04-30 00:00:00+00:00, run_after=2025-05-01 00:00:00+00:00
[2025-05-01T11:34:27.572+0000] {processor.py:183} INFO - Processing /home/airflow/.local/lib/python3.12/site-packages/airflow/example_dags/example_task_group_decorator.py took 0.251 seconds
[2025-05-01T11:34:58.027+0000] {processor.py:161} INFO - Started process (PID=478) to work on /home/airflow/.local/lib/python3.12/site-packages/airflow/example_dags/example_task_group_decorator.py
[2025-05-01T11:34:58.029+0000] {processor.py:830} INFO - Processing file /home/airflow/.local/lib/python3.12/site-packages/airflow/example_dags/example_task_group_decorator.py for tasks to queue
[2025-05-01T11:34:58.034+0000] {logging_mixin.py:188} INFO - [2025-05-01T11:34:58.033+0000] {dagbag.py:545} INFO - Filling up the DagBag from /home/airflow/.local/lib/python3.12/site-packages/airflow/example_dags/example_task_group_decorator.py
[2025-05-01T11:34:58.090+0000] {processor.py:840} INFO - DAG(s) 'example_task_group_decorator' retrieved from /home/airflow/.local/lib/python3.12/site-packages/airflow/example_dags/example_task_group_decorator.py
[2025-05-01T11:34:58.150+0000] {logging_mixin.py:188} INFO - [2025-05-01T11:34:58.150+0000] {dag.py:3096} INFO - Sync 1 DAGs
[2025-05-01T11:34:58.198+0000] {logging_mixin.py:188} INFO - [2025-05-01T11:34:58.198+0000] {dag.py:3954} INFO - Setting next_dagrun for example_task_group_decorator to 2025-04-30 00:00:00+00:00, run_after=2025-05-01 00:00:00+00:00
[2025-05-01T11:34:58.243+0000] {processor.py:183} INFO - Processing /home/airflow/.local/lib/python3.12/site-packages/airflow/example_dags/example_task_group_decorator.py took 0.234 seconds
[2025-05-01T11:35:28.685+0000] {processor.py:161} INFO - Started process (PID=537) to work on /home/airflow/.local/lib/python3.12/site-packages/airflow/example_dags/example_task_group_decorator.py
[2025-05-01T11:35:28.688+0000] {processor.py:830} INFO - Processing file /home/airflow/.local/lib/python3.12/site-packages/airflow/example_dags/example_task_group_decorator.py for tasks to queue
[2025-05-01T11:35:28.692+0000] {logging_mixin.py:188} INFO - [2025-05-01T11:35:28.691+0000] {dagbag.py:545} INFO - Filling up the DagBag from /home/airflow/.local/lib/python3.12/site-packages/airflow/example_dags/example_task_group_decorator.py
[2025-05-01T11:35:28.720+0000] {processor.py:840} INFO - DAG(s) 'example_task_group_decorator' retrieved from /home/airflow/.local/lib/python3.12/site-packages/airflow/example_dags/example_task_group_decorator.py
[2025-05-01T11:35:28.777+0000] {logging_mixin.py:188} INFO - [2025-05-01T11:35:28.777+0000] {dag.py:3096} INFO - Sync 1 DAGs
[2025-05-01T11:35:28.823+0000] {logging_mixin.py:188} INFO - [2025-05-01T11:35:28.823+0000] {dag.py:3954} INFO - Setting next_dagrun for example_task_group_decorator to 2025-04-30 00:00:00+00:00, run_after=2025-05-01 00:00:00+00:00
[2025-05-01T11:35:28.869+0000] {processor.py:183} INFO - Processing /home/airflow/.local/lib/python3.12/site-packages/airflow/example_dags/example_task_group_decorator.py took 0.200 seconds
[2025-05-01T11:35:59.087+0000] {processor.py:161} INFO - Started process (PID=596) to work on /home/airflow/.local/lib/python3.12/site-packages/airflow/example_dags/example_task_group_decorator.py
[2025-05-01T11:35:59.089+0000] {processor.py:830} INFO - Processing file /home/airflow/.local/lib/python3.12/site-packages/airflow/example_dags/example_task_group_decorator.py for tasks to queue
[2025-05-01T11:35:59.094+0000] {logging_mixin.py:188} INFO - [2025-05-01T11:35:59.093+0000] {dagbag.py:545} INFO - Filling up the DagBag from /home/airflow/.local/lib/python3.12/site-packages/airflow/example_dags/example_task_group_decorator.py
[2025-05-01T11:35:59.123+0000] {processor.py:840} INFO - DAG(s) 'example_task_group_decorator' retrieved from /home/airflow/.local/lib/python3.12/site-packages/airflow/example_dags/example_task_group_decorator.py
[2025-05-01T11:35:59.180+0000] {logging_mixin.py:188} INFO - [2025-05-01T11:35:59.179+0000] {dag.py:3096} INFO - Sync 1 DAGs
[2025-05-01T11:35:59.223+0000] {logging_mixin.py:188} INFO - [2025-05-01T11:35:59.223+0000] {dag.py:3954} INFO - Setting next_dagrun for example_task_group_decorator to 2025-04-30 00:00:00+00:00, run_after=2025-05-01 00:00:00+00:00
[2025-05-01T11:35:59.266+0000] {processor.py:183} INFO - Processing /home/airflow/.local/lib/python3.12/site-packages/airflow/example_dags/example_task_group_decorator.py took 0.190 seconds
[2025-05-01T11:36:29.514+0000] {processor.py:161} INFO - Started process (PID=655) to work on /home/airflow/.local/lib/python3.12/site-packages/airflow/example_dags/example_task_group_decorator.py
[2025-05-01T11:36:29.516+0000] {processor.py:830} INFO - Processing file /home/airflow/.local/lib/python3.12/site-packages/airflow/example_dags/example_task_group_decorator.py for tasks to queue
[2025-05-01T11:36:29.521+0000] {logging_mixin.py:188} INFO - [2025-05-01T11:36:29.520+0000] {dagbag.py:545} INFO - Filling up the DagBag from /home/airflow/.local/lib/python3.12/site-packages/airflow/example_dags/example_task_group_decorator.py
[2025-05-01T11:36:29.563+0000] {processor.py:840} INFO - DAG(s) 'example_task_group_decorator' retrieved from /home/airflow/.local/lib/python3.12/site-packages/airflow/example_dags/example_task_group_decorator.py
[2025-05-01T11:36:29.641+0000] {logging_mixin.py:188} INFO - [2025-05-01T11:36:29.641+0000] {dag.py:3096} INFO - Sync 1 DAGs
[2025-05-01T11:36:29.691+0000] {logging_mixin.py:188} INFO - [2025-05-01T11:36:29.691+0000] {dag.py:3954} INFO - Setting next_dagrun for example_task_group_decorator to 2025-04-30 00:00:00+00:00, run_after=2025-05-01 00:00:00+00:00
[2025-05-01T11:36:29.738+0000] {processor.py:183} INFO - Processing /home/airflow/.local/lib/python3.12/site-packages/airflow/example_dags/example_task_group_decorator.py took 0.235 seconds
[2025-05-01T11:37:00.297+0000] {processor.py:161} INFO - Started process (PID=714) to work on /home/airflow/.local/lib/python3.12/site-packages/airflow/example_dags/example_task_group_decorator.py
[2025-05-01T11:37:00.300+0000] {processor.py:830} INFO - Processing file /home/airflow/.local/lib/python3.12/site-packages/airflow/example_dags/example_task_group_decorator.py for tasks to queue
[2025-05-01T11:37:00.305+0000] {logging_mixin.py:188} INFO - [2025-05-01T11:37:00.304+0000] {dagbag.py:545} INFO - Filling up the DagBag from /home/airflow/.local/lib/python3.12/site-packages/airflow/example_dags/example_task_group_decorator.py
[2025-05-01T11:37:00.335+0000] {processor.py:840} INFO - DAG(s) 'example_task_group_decorator' retrieved from /home/airflow/.local/lib/python3.12/site-packages/airflow/example_dags/example_task_group_decorator.py
[2025-05-01T11:37:00.391+0000] {logging_mixin.py:188} INFO - [2025-05-01T11:37:00.391+0000] {dag.py:3096} INFO - Sync 1 DAGs
[2025-05-01T11:37:00.441+0000] {logging_mixin.py:188} INFO - [2025-05-01T11:37:00.441+0000] {dag.py:3954} INFO - Setting next_dagrun for example_task_group_decorator to 2025-04-30 00:00:00+00:00, run_after=2025-05-01 00:00:00+00:00
[2025-05-01T11:37:00.490+0000] {processor.py:183} INFO - Processing /home/airflow/.local/lib/python3.12/site-packages/airflow/example_dags/example_task_group_decorator.py took 0.206 seconds
[2025-05-01T11:37:30.592+0000] {processor.py:161} INFO - Started process (PID=774) to work on /home/airflow/.local/lib/python3.12/site-packages/airflow/example_dags/example_task_group_decorator.py
[2025-05-01T11:37:30.595+0000] {processor.py:830} INFO - Processing file /home/airflow/.local/lib/python3.12/site-packages/airflow/example_dags/example_task_group_decorator.py for tasks to queue
[2025-05-01T11:37:30.600+0000] {logging_mixin.py:188} INFO - [2025-05-01T11:37:30.599+0000] {dagbag.py:545} INFO - Filling up the DagBag from /home/airflow/.local/lib/python3.12/site-packages/airflow/example_dags/example_task_group_decorator.py
[2025-05-01T11:37:30.642+0000] {processor.py:840} INFO - DAG(s) 'example_task_group_decorator' retrieved from /home/airflow/.local/lib/python3.12/site-packages/airflow/example_dags/example_task_group_decorator.py
[2025-05-01T11:37:30.700+0000] {logging_mixin.py:188} INFO - [2025-05-01T11:37:30.699+0000] {dag.py:3096} INFO - Sync 1 DAGs
[2025-05-01T11:37:30.748+0000] {logging_mixin.py:188} INFO - [2025-05-01T11:37:30.747+0000] {dag.py:3954} INFO - Setting next_dagrun for example_task_group_decorator to 2025-04-30 00:00:00+00:00, run_after=2025-05-01 00:00:00+00:00
[2025-05-01T11:37:30.792+0000] {processor.py:183} INFO - Processing /home/airflow/.local/lib/python3.12/site-packages/airflow/example_dags/example_task_group_decorator.py took 0.210 seconds
[2025-05-01T11:38:01.149+0000] {processor.py:161} INFO - Started process (PID=833) to work on /home/airflow/.local/lib/python3.12/site-packages/airflow/example_dags/example_task_group_decorator.py
[2025-05-01T11:38:01.151+0000] {processor.py:830} INFO - Processing file /home/airflow/.local/lib/python3.12/site-packages/airflow/example_dags/example_task_group_decorator.py for tasks to queue
[2025-05-01T11:38:01.156+0000] {logging_mixin.py:188} INFO - [2025-05-01T11:38:01.155+0000] {dagbag.py:545} INFO - Filling up the DagBag from /home/airflow/.local/lib/python3.12/site-packages/airflow/example_dags/example_task_group_decorator.py
[2025-05-01T11:38:01.186+0000] {processor.py:840} INFO - DAG(s) 'example_task_group_decorator' retrieved from /home/airflow/.local/lib/python3.12/site-packages/airflow/example_dags/example_task_group_decorator.py
[2025-05-01T11:38:01.244+0000] {logging_mixin.py:188} INFO - [2025-05-01T11:38:01.243+0000] {dag.py:3096} INFO - Sync 1 DAGs
[2025-05-01T11:38:01.295+0000] {logging_mixin.py:188} INFO - [2025-05-01T11:38:01.294+0000] {dag.py:3954} INFO - Setting next_dagrun for example_task_group_decorator to 2025-04-30 00:00:00+00:00, run_after=2025-05-01 00:00:00+00:00
[2025-05-01T11:38:01.346+0000] {processor.py:183} INFO - Processing /home/airflow/.local/lib/python3.12/site-packages/airflow/example_dags/example_task_group_decorator.py took 0.208 seconds
[2025-05-01T11:38:31.636+0000] {processor.py:161} INFO - Started process (PID=891) to work on /home/airflow/.local/lib/python3.12/site-packages/airflow/example_dags/example_task_group_decorator.py
[2025-05-01T11:38:31.639+0000] {processor.py:830} INFO - Processing file /home/airflow/.local/lib/python3.12/site-packages/airflow/example_dags/example_task_group_decorator.py for tasks to queue
[2025-05-01T11:38:31.644+0000] {logging_mixin.py:188} INFO - [2025-05-01T11:38:31.643+0000] {dagbag.py:545} INFO - Filling up the DagBag from /home/airflow/.local/lib/python3.12/site-packages/airflow/example_dags/example_task_group_decorator.py
[2025-05-01T11:38:31.678+0000] {processor.py:840} INFO - DAG(s) 'example_task_group_decorator' retrieved from /home/airflow/.local/lib/python3.12/site-packages/airflow/example_dags/example_task_group_decorator.py
[2025-05-01T11:38:31.782+0000] {logging_mixin.py:188} INFO - [2025-05-01T11:38:31.781+0000] {dag.py:3096} INFO - Sync 1 DAGs
[2025-05-01T11:38:31.848+0000] {logging_mixin.py:188} INFO - [2025-05-01T11:38:31.848+0000] {dag.py:3954} INFO - Setting next_dagrun for example_task_group_decorator to 2025-04-30 00:00:00+00:00, run_after=2025-05-01 00:00:00+00:00
[2025-05-01T11:38:31.906+0000] {processor.py:183} INFO - Processing /home/airflow/.local/lib/python3.12/site-packages/airflow/example_dags/example_task_group_decorator.py took 0.282 seconds
[2025-05-01T11:39:02.422+0000] {processor.py:161} INFO - Started process (PID=950) to work on /home/airflow/.local/lib/python3.12/site-packages/airflow/example_dags/example_task_group_decorator.py
[2025-05-01T11:39:02.425+0000] {processor.py:830} INFO - Processing file /home/airflow/.local/lib/python3.12/site-packages/airflow/example_dags/example_task_group_decorator.py for tasks to queue
[2025-05-01T11:39:02.429+0000] {logging_mixin.py:188} INFO - [2025-05-01T11:39:02.429+0000] {dagbag.py:545} INFO - Filling up the DagBag from /home/airflow/.local/lib/python3.12/site-packages/airflow/example_dags/example_task_group_decorator.py
[2025-05-01T11:39:02.462+0000] {processor.py:840} INFO - DAG(s) 'example_task_group_decorator' retrieved from /home/airflow/.local/lib/python3.12/site-packages/airflow/example_dags/example_task_group_decorator.py
[2025-05-01T11:39:02.525+0000] {logging_mixin.py:188} INFO - [2025-05-01T11:39:02.525+0000] {dag.py:3096} INFO - Sync 1 DAGs
[2025-05-01T11:39:02.576+0000] {logging_mixin.py:188} INFO - [2025-05-01T11:39:02.575+0000] {dag.py:3954} INFO - Setting next_dagrun for example_task_group_decorator to 2025-04-30 00:00:00+00:00, run_after=2025-05-01 00:00:00+00:00
[2025-05-01T11:39:02.664+0000] {processor.py:183} INFO - Processing /home/airflow/.local/lib/python3.12/site-packages/airflow/example_dags/example_task_group_decorator.py took 0.254 seconds
[2025-05-01T11:39:33.179+0000] {processor.py:161} INFO - Started process (PID=1010) to work on /home/airflow/.local/lib/python3.12/site-packages/airflow/example_dags/example_task_group_decorator.py
[2025-05-01T11:39:33.181+0000] {processor.py:830} INFO - Processing file /home/airflow/.local/lib/python3.12/site-packages/airflow/example_dags/example_task_group_decorator.py for tasks to queue
[2025-05-01T11:39:33.185+0000] {logging_mixin.py:188} INFO - [2025-05-01T11:39:33.185+0000] {dagbag.py:545} INFO - Filling up the DagBag from /home/airflow/.local/lib/python3.12/site-packages/airflow/example_dags/example_task_group_decorator.py
[2025-05-01T11:39:33.218+0000] {processor.py:840} INFO - DAG(s) 'example_task_group_decorator' retrieved from /home/airflow/.local/lib/python3.12/site-packages/airflow/example_dags/example_task_group_decorator.py
[2025-05-01T11:39:33.277+0000] {logging_mixin.py:188} INFO - [2025-05-01T11:39:33.277+0000] {dag.py:3096} INFO - Sync 1 DAGs
[2025-05-01T11:39:33.331+0000] {logging_mixin.py:188} INFO - [2025-05-01T11:39:33.331+0000] {dag.py:3954} INFO - Setting next_dagrun for example_task_group_decorator to 2025-04-30 00:00:00+00:00, run_after=2025-05-01 00:00:00+00:00
[2025-05-01T11:39:33.384+0000] {processor.py:183} INFO - Processing /home/airflow/.local/lib/python3.12/site-packages/airflow/example_dags/example_task_group_decorator.py took 0.216 seconds
[2025-05-01T11:40:03.728+0000] {processor.py:161} INFO - Started process (PID=1069) to work on /home/airflow/.local/lib/python3.12/site-packages/airflow/example_dags/example_task_group_decorator.py
[2025-05-01T11:40:03.731+0000] {processor.py:830} INFO - Processing file /home/airflow/.local/lib/python3.12/site-packages/airflow/example_dags/example_task_group_decorator.py for tasks to queue
[2025-05-01T11:40:03.736+0000] {logging_mixin.py:188} INFO - [2025-05-01T11:40:03.735+0000] {dagbag.py:545} INFO - Filling up the DagBag from /home/airflow/.local/lib/python3.12/site-packages/airflow/example_dags/example_task_group_decorator.py
[2025-05-01T11:40:03.772+0000] {processor.py:840} INFO - DAG(s) 'example_task_group_decorator' retrieved from /home/airflow/.local/lib/python3.12/site-packages/airflow/example_dags/example_task_group_decorator.py
[2025-05-01T11:40:03.850+0000] {logging_mixin.py:188} INFO - [2025-05-01T11:40:03.850+0000] {dag.py:3096} INFO - Sync 1 DAGs
[2025-05-01T11:40:03.905+0000] {logging_mixin.py:188} INFO - [2025-05-01T11:40:03.905+0000] {dag.py:3954} INFO - Setting next_dagrun for example_task_group_decorator to 2025-04-30 00:00:00+00:00, run_after=2025-05-01 00:00:00+00:00
[2025-05-01T11:40:03.952+0000] {processor.py:183} INFO - Processing /home/airflow/.local/lib/python3.12/site-packages/airflow/example_dags/example_task_group_decorator.py took 0.238 seconds
[2025-05-01T11:40:34.622+0000] {processor.py:161} INFO - Started process (PID=1128) to work on /home/airflow/.local/lib/python3.12/site-packages/airflow/example_dags/example_task_group_decorator.py
[2025-05-01T11:40:34.624+0000] {processor.py:830} INFO - Processing file /home/airflow/.local/lib/python3.12/site-packages/airflow/example_dags/example_task_group_decorator.py for tasks to queue
[2025-05-01T11:40:34.628+0000] {logging_mixin.py:188} INFO - [2025-05-01T11:40:34.628+0000] {dagbag.py:545} INFO - Filling up the DagBag from /home/airflow/.local/lib/python3.12/site-packages/airflow/example_dags/example_task_group_decorator.py
[2025-05-01T11:40:34.666+0000] {processor.py:840} INFO - DAG(s) 'example_task_group_decorator' retrieved from /home/airflow/.local/lib/python3.12/site-packages/airflow/example_dags/example_task_group_decorator.py
[2025-05-01T11:40:34.728+0000] {logging_mixin.py:188} INFO - [2025-05-01T11:40:34.728+0000] {dag.py:3096} INFO - Sync 1 DAGs
[2025-05-01T11:40:34.791+0000] {logging_mixin.py:188} INFO - [2025-05-01T11:40:34.790+0000] {dag.py:3954} INFO - Setting next_dagrun for example_task_group_decorator to 2025-04-30 00:00:00+00:00, run_after=2025-05-01 00:00:00+00:00
[2025-05-01T11:40:34.848+0000] {processor.py:183} INFO - Processing /home/airflow/.local/lib/python3.12/site-packages/airflow/example_dags/example_task_group_decorator.py took 0.242 seconds
[2025-05-01T11:41:05.426+0000] {processor.py:161} INFO - Started process (PID=1187) to work on /home/airflow/.local/lib/python3.12/site-packages/airflow/example_dags/example_task_group_decorator.py
[2025-05-01T11:41:05.429+0000] {processor.py:830} INFO - Processing file /home/airflow/.local/lib/python3.12/site-packages/airflow/example_dags/example_task_group_decorator.py for tasks to queue
[2025-05-01T11:41:05.433+0000] {logging_mixin.py:188} INFO - [2025-05-01T11:41:05.432+0000] {dagbag.py:545} INFO - Filling up the DagBag from /home/airflow/.local/lib/python3.12/site-packages/airflow/example_dags/example_task_group_decorator.py
[2025-05-01T11:41:05.470+0000] {processor.py:840} INFO - DAG(s) 'example_task_group_decorator' retrieved from /home/airflow/.local/lib/python3.12/site-packages/airflow/example_dags/example_task_group_decorator.py
[2025-05-01T11:41:05.539+0000] {logging_mixin.py:188} INFO - [2025-05-01T11:41:05.539+0000] {dag.py:3096} INFO - Sync 1 DAGs
[2025-05-01T11:41:05.591+0000] {logging_mixin.py:188} INFO - [2025-05-01T11:41:05.591+0000] {dag.py:3954} INFO - Setting next_dagrun for example_task_group_decorator to 2025-04-30 00:00:00+00:00, run_after=2025-05-01 00:00:00+00:00
[2025-05-01T11:41:05.656+0000] {processor.py:183} INFO - Processing /home/airflow/.local/lib/python3.12/site-packages/airflow/example_dags/example_task_group_decorator.py took 0.241 seconds
[2025-05-01T11:41:36.395+0000] {processor.py:161} INFO - Started process (PID=1246) to work on /home/airflow/.local/lib/python3.12/site-packages/airflow/example_dags/example_task_group_decorator.py
[2025-05-01T11:41:36.397+0000] {processor.py:830} INFO - Processing file /home/airflow/.local/lib/python3.12/site-packages/airflow/example_dags/example_task_group_decorator.py for tasks to queue
[2025-05-01T11:41:36.401+0000] {logging_mixin.py:188} INFO - [2025-05-01T11:41:36.400+0000] {dagbag.py:545} INFO - Filling up the DagBag from /home/airflow/.local/lib/python3.12/site-packages/airflow/example_dags/example_task_group_decorator.py
[2025-05-01T11:41:36.445+0000] {processor.py:840} INFO - DAG(s) 'example_task_group_decorator' retrieved from /home/airflow/.local/lib/python3.12/site-packages/airflow/example_dags/example_task_group_decorator.py
[2025-05-01T11:41:36.529+0000] {logging_mixin.py:188} INFO - [2025-05-01T11:41:36.528+0000] {dag.py:3096} INFO - Sync 1 DAGs
[2025-05-01T11:41:36.586+0000] {logging_mixin.py:188} INFO - [2025-05-01T11:41:36.586+0000] {dag.py:3954} INFO - Setting next_dagrun for example_task_group_decorator to 2025-04-30 00:00:00+00:00, run_after=2025-05-01 00:00:00+00:00
[2025-05-01T11:41:36.642+0000] {processor.py:183} INFO - Processing /home/airflow/.local/lib/python3.12/site-packages/airflow/example_dags/example_task_group_decorator.py took 0.264 seconds
[2025-05-01T11:42:07.098+0000] {processor.py:161} INFO - Started process (PID=1306) to work on /home/airflow/.local/lib/python3.12/site-packages/airflow/example_dags/example_task_group_decorator.py
[2025-05-01T11:42:07.101+0000] {processor.py:830} INFO - Processing file /home/airflow/.local/lib/python3.12/site-packages/airflow/example_dags/example_task_group_decorator.py for tasks to queue
[2025-05-01T11:42:07.106+0000] {logging_mixin.py:188} INFO - [2025-05-01T11:42:07.105+0000] {dagbag.py:545} INFO - Filling up the DagBag from /home/airflow/.local/lib/python3.12/site-packages/airflow/example_dags/example_task_group_decorator.py
[2025-05-01T11:42:07.139+0000] {processor.py:840} INFO - DAG(s) 'example_task_group_decorator' retrieved from /home/airflow/.local/lib/python3.12/site-packages/airflow/example_dags/example_task_group_decorator.py
[2025-05-01T11:42:07.202+0000] {logging_mixin.py:188} INFO - [2025-05-01T11:42:07.201+0000] {dag.py:3096} INFO - Sync 1 DAGs
[2025-05-01T11:42:07.259+0000] {logging_mixin.py:188} INFO - [2025-05-01T11:42:07.259+0000] {dag.py:3954} INFO - Setting next_dagrun for example_task_group_decorator to 2025-04-30 00:00:00+00:00, run_after=2025-05-01 00:00:00+00:00
[2025-05-01T11:42:07.316+0000] {processor.py:183} INFO - Processing /home/airflow/.local/lib/python3.12/site-packages/airflow/example_dags/example_task_group_decorator.py took 0.230 seconds
[2025-05-01T11:42:37.935+0000] {processor.py:161} INFO - Started process (PID=1365) to work on /home/airflow/.local/lib/python3.12/site-packages/airflow/example_dags/example_task_group_decorator.py
[2025-05-01T11:42:37.938+0000] {processor.py:830} INFO - Processing file /home/airflow/.local/lib/python3.12/site-packages/airflow/example_dags/example_task_group_decorator.py for tasks to queue
[2025-05-01T11:42:37.946+0000] {logging_mixin.py:188} INFO - [2025-05-01T11:42:37.944+0000] {dagbag.py:545} INFO - Filling up the DagBag from /home/airflow/.local/lib/python3.12/site-packages/airflow/example_dags/example_task_group_decorator.py
[2025-05-01T11:42:37.997+0000] {processor.py:840} INFO - DAG(s) 'example_task_group_decorator' retrieved from /home/airflow/.local/lib/python3.12/site-packages/airflow/example_dags/example_task_group_decorator.py
[2025-05-01T11:42:38.061+0000] {logging_mixin.py:188} INFO - [2025-05-01T11:42:38.060+0000] {dag.py:3096} INFO - Sync 1 DAGs
[2025-05-01T11:42:38.127+0000] {logging_mixin.py:188} INFO - [2025-05-01T11:42:38.126+0000] {dag.py:3954} INFO - Setting next_dagrun for example_task_group_decorator to 2025-04-30 00:00:00+00:00, run_after=2025-05-01 00:00:00+00:00
[2025-05-01T11:42:38.221+0000] {processor.py:183} INFO - Processing /home/airflow/.local/lib/python3.12/site-packages/airflow/example_dags/example_task_group_decorator.py took 0.300 seconds
[2025-05-01T11:43:09.180+0000] {processor.py:161} INFO - Started process (PID=1424) to work on /home/airflow/.local/lib/python3.12/site-packages/airflow/example_dags/example_task_group_decorator.py
[2025-05-01T11:43:09.186+0000] {processor.py:830} INFO - Processing file /home/airflow/.local/lib/python3.12/site-packages/airflow/example_dags/example_task_group_decorator.py for tasks to queue
[2025-05-01T11:43:09.193+0000] {logging_mixin.py:188} INFO - [2025-05-01T11:43:09.192+0000] {dagbag.py:545} INFO - Filling up the DagBag from /home/airflow/.local/lib/python3.12/site-packages/airflow/example_dags/example_task_group_decorator.py
[2025-05-01T11:43:09.248+0000] {processor.py:840} INFO - DAG(s) 'example_task_group_decorator' retrieved from /home/airflow/.local/lib/python3.12/site-packages/airflow/example_dags/example_task_group_decorator.py
[2025-05-01T11:43:09.339+0000] {logging_mixin.py:188} INFO - [2025-05-01T11:43:09.338+0000] {dag.py:3096} INFO - Sync 1 DAGs
[2025-05-01T11:43:09.399+0000] {logging_mixin.py:188} INFO - [2025-05-01T11:43:09.398+0000] {dag.py:3954} INFO - Setting next_dagrun for example_task_group_decorator to 2025-04-30 00:00:00+00:00, run_after=2025-05-01 00:00:00+00:00
[2025-05-01T11:43:09.452+0000] {processor.py:183} INFO - Processing /home/airflow/.local/lib/python3.12/site-packages/airflow/example_dags/example_task_group_decorator.py took 0.310 seconds
[2025-05-01T11:43:39.883+0000] {processor.py:161} INFO - Started process (PID=1483) to work on /home/airflow/.local/lib/python3.12/site-packages/airflow/example_dags/example_task_group_decorator.py
[2025-05-01T11:43:39.886+0000] {processor.py:830} INFO - Processing file /home/airflow/.local/lib/python3.12/site-packages/airflow/example_dags/example_task_group_decorator.py for tasks to queue
[2025-05-01T11:43:39.893+0000] {logging_mixin.py:188} INFO - [2025-05-01T11:43:39.892+0000] {dagbag.py:545} INFO - Filling up the DagBag from /home/airflow/.local/lib/python3.12/site-packages/airflow/example_dags/example_task_group_decorator.py
[2025-05-01T11:43:39.965+0000] {processor.py:840} INFO - DAG(s) 'example_task_group_decorator' retrieved from /home/airflow/.local/lib/python3.12/site-packages/airflow/example_dags/example_task_group_decorator.py
[2025-05-01T11:43:40.053+0000] {logging_mixin.py:188} INFO - [2025-05-01T11:43:40.052+0000] {dag.py:3096} INFO - Sync 1 DAGs
[2025-05-01T11:43:40.124+0000] {logging_mixin.py:188} INFO - [2025-05-01T11:43:40.122+0000] {dag.py:3954} INFO - Setting next_dagrun for example_task_group_decorator to 2025-04-30 00:00:00+00:00, run_after=2025-05-01 00:00:00+00:00
[2025-05-01T11:43:40.207+0000] {processor.py:183} INFO - Processing /home/airflow/.local/lib/python3.12/site-packages/airflow/example_dags/example_task_group_decorator.py took 0.339 seconds
[2025-05-01T11:44:10.891+0000] {processor.py:161} INFO - Started process (PID=1542) to work on /home/airflow/.local/lib/python3.12/site-packages/airflow/example_dags/example_task_group_decorator.py
[2025-05-01T11:44:10.893+0000] {processor.py:830} INFO - Processing file /home/airflow/.local/lib/python3.12/site-packages/airflow/example_dags/example_task_group_decorator.py for tasks to queue
[2025-05-01T11:44:10.897+0000] {logging_mixin.py:188} INFO - [2025-05-01T11:44:10.896+0000] {dagbag.py:545} INFO - Filling up the DagBag from /home/airflow/.local/lib/python3.12/site-packages/airflow/example_dags/example_task_group_decorator.py
[2025-05-01T11:44:10.928+0000] {processor.py:840} INFO - DAG(s) 'example_task_group_decorator' retrieved from /home/airflow/.local/lib/python3.12/site-packages/airflow/example_dags/example_task_group_decorator.py
[2025-05-01T11:44:11.001+0000] {logging_mixin.py:188} INFO - [2025-05-01T11:44:11.000+0000] {dag.py:3096} INFO - Sync 1 DAGs
[2025-05-01T11:44:11.050+0000] {logging_mixin.py:188} INFO - [2025-05-01T11:44:11.050+0000] {dag.py:3954} INFO - Setting next_dagrun for example_task_group_decorator to 2025-04-30 00:00:00+00:00, run_after=2025-05-01 00:00:00+00:00
[2025-05-01T11:44:11.110+0000] {processor.py:183} INFO - Processing /home/airflow/.local/lib/python3.12/site-packages/airflow/example_dags/example_task_group_decorator.py took 0.230 seconds
[2025-05-01T11:44:41.305+0000] {processor.py:161} INFO - Started process (PID=1601) to work on /home/airflow/.local/lib/python3.12/site-packages/airflow/example_dags/example_task_group_decorator.py
[2025-05-01T11:44:41.308+0000] {processor.py:830} INFO - Processing file /home/airflow/.local/lib/python3.12/site-packages/airflow/example_dags/example_task_group_decorator.py for tasks to queue
[2025-05-01T11:44:41.314+0000] {logging_mixin.py:188} INFO - [2025-05-01T11:44:41.312+0000] {dagbag.py:545} INFO - Filling up the DagBag from /home/airflow/.local/lib/python3.12/site-packages/airflow/example_dags/example_task_group_decorator.py
[2025-05-01T11:44:41.366+0000] {processor.py:840} INFO - DAG(s) 'example_task_group_decorator' retrieved from /home/airflow/.local/lib/python3.12/site-packages/airflow/example_dags/example_task_group_decorator.py
[2025-05-01T11:44:41.430+0000] {logging_mixin.py:188} INFO - [2025-05-01T11:44:41.429+0000] {dag.py:3096} INFO - Sync 1 DAGs
[2025-05-01T11:44:41.481+0000] {logging_mixin.py:188} INFO - [2025-05-01T11:44:41.481+0000] {dag.py:3954} INFO - Setting next_dagrun for example_task_group_decorator to 2025-04-30 00:00:00+00:00, run_after=2025-05-01 00:00:00+00:00
[2025-05-01T11:44:41.532+0000] {processor.py:183} INFO - Processing /home/airflow/.local/lib/python3.12/site-packages/airflow/example_dags/example_task_group_decorator.py took 0.244 seconds
[2025-05-01T11:45:11.971+0000] {processor.py:161} INFO - Started process (PID=1660) to work on /home/airflow/.local/lib/python3.12/site-packages/airflow/example_dags/example_task_group_decorator.py
[2025-05-01T11:45:11.973+0000] {processor.py:830} INFO - Processing file /home/airflow/.local/lib/python3.12/site-packages/airflow/example_dags/example_task_group_decorator.py for tasks to queue
[2025-05-01T11:45:11.978+0000] {logging_mixin.py:188} INFO - [2025-05-01T11:45:11.977+0000] {dagbag.py:545} INFO - Filling up the DagBag from /home/airflow/.local/lib/python3.12/site-packages/airflow/example_dags/example_task_group_decorator.py
[2025-05-01T11:45:12.011+0000] {processor.py:840} INFO - DAG(s) 'example_task_group_decorator' retrieved from /home/airflow/.local/lib/python3.12/site-packages/airflow/example_dags/example_task_group_decorator.py
[2025-05-01T11:45:12.068+0000] {logging_mixin.py:188} INFO - [2025-05-01T11:45:12.068+0000] {dag.py:3096} INFO - Sync 1 DAGs
[2025-05-01T11:45:12.118+0000] {logging_mixin.py:188} INFO - [2025-05-01T11:45:12.117+0000] {dag.py:3954} INFO - Setting next_dagrun for example_task_group_decorator to 2025-04-30 00:00:00+00:00, run_after=2025-05-01 00:00:00+00:00
[2025-05-01T11:45:12.165+0000] {processor.py:183} INFO - Processing /home/airflow/.local/lib/python3.12/site-packages/airflow/example_dags/example_task_group_decorator.py took 0.205 seconds
[2025-05-01T11:45:42.767+0000] {processor.py:161} INFO - Started process (PID=1717) to work on /home/airflow/.local/lib/python3.12/site-packages/airflow/example_dags/example_task_group_decorator.py
[2025-05-01T11:45:42.769+0000] {processor.py:830} INFO - Processing file /home/airflow/.local/lib/python3.12/site-packages/airflow/example_dags/example_task_group_decorator.py for tasks to queue
[2025-05-01T11:45:42.773+0000] {logging_mixin.py:188} INFO - [2025-05-01T11:45:42.772+0000] {dagbag.py:545} INFO - Filling up the DagBag from /home/airflow/.local/lib/python3.12/site-packages/airflow/example_dags/example_task_group_decorator.py
[2025-05-01T11:45:42.806+0000] {processor.py:840} INFO - DAG(s) 'example_task_group_decorator' retrieved from /home/airflow/.local/lib/python3.12/site-packages/airflow/example_dags/example_task_group_decorator.py
[2025-05-01T11:45:42.865+0000] {logging_mixin.py:188} INFO - [2025-05-01T11:45:42.865+0000] {dag.py:3096} INFO - Sync 1 DAGs
[2025-05-01T11:45:42.922+0000] {logging_mixin.py:188} INFO - [2025-05-01T11:45:42.921+0000] {dag.py:3954} INFO - Setting next_dagrun for example_task_group_decorator to 2025-04-30 00:00:00+00:00, run_after=2025-05-01 00:00:00+00:00
[2025-05-01T11:45:43.277+0000] {processor.py:183} INFO - Processing /home/airflow/.local/lib/python3.12/site-packages/airflow/example_dags/example_task_group_decorator.py took 0.524 seconds
[2025-05-01T11:46:13.461+0000] {processor.py:161} INFO - Started process (PID=1776) to work on /home/airflow/.local/lib/python3.12/site-packages/airflow/example_dags/example_task_group_decorator.py
[2025-05-01T11:46:13.464+0000] {processor.py:830} INFO - Processing file /home/airflow/.local/lib/python3.12/site-packages/airflow/example_dags/example_task_group_decorator.py for tasks to queue
[2025-05-01T11:46:13.469+0000] {logging_mixin.py:188} INFO - [2025-05-01T11:46:13.468+0000] {dagbag.py:545} INFO - Filling up the DagBag from /home/airflow/.local/lib/python3.12/site-packages/airflow/example_dags/example_task_group_decorator.py
[2025-05-01T11:46:13.506+0000] {processor.py:840} INFO - DAG(s) 'example_task_group_decorator' retrieved from /home/airflow/.local/lib/python3.12/site-packages/airflow/example_dags/example_task_group_decorator.py
[2025-05-01T11:46:13.571+0000] {logging_mixin.py:188} INFO - [2025-05-01T11:46:13.571+0000] {dag.py:3096} INFO - Sync 1 DAGs
[2025-05-01T11:46:13.623+0000] {logging_mixin.py:188} INFO - [2025-05-01T11:46:13.623+0000] {dag.py:3954} INFO - Setting next_dagrun for example_task_group_decorator to 2025-04-30 00:00:00+00:00, run_after=2025-05-01 00:00:00+00:00
[2025-05-01T11:46:13.701+0000] {processor.py:183} INFO - Processing /home/airflow/.local/lib/python3.12/site-packages/airflow/example_dags/example_task_group_decorator.py took 0.253 seconds
[2025-05-01T11:46:43.851+0000] {processor.py:161} INFO - Started process (PID=1835) to work on /home/airflow/.local/lib/python3.12/site-packages/airflow/example_dags/example_task_group_decorator.py
[2025-05-01T11:46:43.853+0000] {processor.py:830} INFO - Processing file /home/airflow/.local/lib/python3.12/site-packages/airflow/example_dags/example_task_group_decorator.py for tasks to queue
[2025-05-01T11:46:43.857+0000] {logging_mixin.py:188} INFO - [2025-05-01T11:46:43.856+0000] {dagbag.py:545} INFO - Filling up the DagBag from /home/airflow/.local/lib/python3.12/site-packages/airflow/example_dags/example_task_group_decorator.py
[2025-05-01T11:46:43.886+0000] {processor.py:840} INFO - DAG(s) 'example_task_group_decorator' retrieved from /home/airflow/.local/lib/python3.12/site-packages/airflow/example_dags/example_task_group_decorator.py
[2025-05-01T11:46:43.951+0000] {logging_mixin.py:188} INFO - [2025-05-01T11:46:43.950+0000] {dag.py:3096} INFO - Sync 1 DAGs
[2025-05-01T11:46:44.004+0000] {logging_mixin.py:188} INFO - [2025-05-01T11:46:44.004+0000] {dag.py:3954} INFO - Setting next_dagrun for example_task_group_decorator to 2025-04-30 00:00:00+00:00, run_after=2025-05-01 00:00:00+00:00
[2025-05-01T11:46:44.057+0000] {processor.py:183} INFO - Processing /home/airflow/.local/lib/python3.12/site-packages/airflow/example_dags/example_task_group_decorator.py took 0.216 seconds
[2025-05-01T11:47:14.765+0000] {processor.py:161} INFO - Started process (PID=1894) to work on /home/airflow/.local/lib/python3.12/site-packages/airflow/example_dags/example_task_group_decorator.py
[2025-05-01T11:47:14.767+0000] {processor.py:830} INFO - Processing file /home/airflow/.local/lib/python3.12/site-packages/airflow/example_dags/example_task_group_decorator.py for tasks to queue
[2025-05-01T11:47:14.771+0000] {logging_mixin.py:188} INFO - [2025-05-01T11:47:14.771+0000] {dagbag.py:545} INFO - Filling up the DagBag from /home/airflow/.local/lib/python3.12/site-packages/airflow/example_dags/example_task_group_decorator.py
[2025-05-01T11:47:14.806+0000] {processor.py:840} INFO - DAG(s) 'example_task_group_decorator' retrieved from /home/airflow/.local/lib/python3.12/site-packages/airflow/example_dags/example_task_group_decorator.py
[2025-05-01T11:47:14.862+0000] {logging_mixin.py:188} INFO - [2025-05-01T11:47:14.861+0000] {dag.py:3096} INFO - Sync 1 DAGs
[2025-05-01T11:47:15.154+0000] {logging_mixin.py:188} INFO - [2025-05-01T11:47:15.154+0000] {dag.py:3954} INFO - Setting next_dagrun for example_task_group_decorator to 2025-04-30 00:00:00+00:00, run_after=2025-05-01 00:00:00+00:00
[2025-05-01T11:47:15.234+0000] {processor.py:183} INFO - Processing /home/airflow/.local/lib/python3.12/site-packages/airflow/example_dags/example_task_group_decorator.py took 0.483 seconds
[2025-05-01T11:47:45.477+0000] {processor.py:161} INFO - Started process (PID=1953) to work on /home/airflow/.local/lib/python3.12/site-packages/airflow/example_dags/example_task_group_decorator.py
[2025-05-01T11:47:45.479+0000] {processor.py:830} INFO - Processing file /home/airflow/.local/lib/python3.12/site-packages/airflow/example_dags/example_task_group_decorator.py for tasks to queue
[2025-05-01T11:47:45.484+0000] {logging_mixin.py:188} INFO - [2025-05-01T11:47:45.483+0000] {dagbag.py:545} INFO - Filling up the DagBag from /home/airflow/.local/lib/python3.12/site-packages/airflow/example_dags/example_task_group_decorator.py
[2025-05-01T11:47:45.523+0000] {processor.py:840} INFO - DAG(s) 'example_task_group_decorator' retrieved from /home/airflow/.local/lib/python3.12/site-packages/airflow/example_dags/example_task_group_decorator.py
[2025-05-01T11:47:45.591+0000] {logging_mixin.py:188} INFO - [2025-05-01T11:47:45.591+0000] {dag.py:3096} INFO - Sync 1 DAGs
[2025-05-01T11:47:45.644+0000] {logging_mixin.py:188} INFO - [2025-05-01T11:47:45.644+0000] {dag.py:3954} INFO - Setting next_dagrun for example_task_group_decorator to 2025-04-30 00:00:00+00:00, run_after=2025-05-01 00:00:00+00:00
[2025-05-01T11:47:46.014+0000] {processor.py:183} INFO - Processing /home/airflow/.local/lib/python3.12/site-packages/airflow/example_dags/example_task_group_decorator.py took 0.549 seconds
[2025-05-01T11:48:16.339+0000] {processor.py:161} INFO - Started process (PID=2015) to work on /home/airflow/.local/lib/python3.12/site-packages/airflow/example_dags/example_task_group_decorator.py
[2025-05-01T11:48:16.341+0000] {processor.py:830} INFO - Processing file /home/airflow/.local/lib/python3.12/site-packages/airflow/example_dags/example_task_group_decorator.py for tasks to queue
[2025-05-01T11:48:16.346+0000] {logging_mixin.py:188} INFO - [2025-05-01T11:48:16.345+0000] {dagbag.py:545} INFO - Filling up the DagBag from /home/airflow/.local/lib/python3.12/site-packages/airflow/example_dags/example_task_group_decorator.py
[2025-05-01T11:48:16.374+0000] {processor.py:840} INFO - DAG(s) 'example_task_group_decorator' retrieved from /home/airflow/.local/lib/python3.12/site-packages/airflow/example_dags/example_task_group_decorator.py
[2025-05-01T11:48:16.429+0000] {logging_mixin.py:188} INFO - [2025-05-01T11:48:16.428+0000] {dag.py:3096} INFO - Sync 1 DAGs
[2025-05-01T11:48:16.474+0000] {logging_mixin.py:188} INFO - [2025-05-01T11:48:16.474+0000] {dag.py:3954} INFO - Setting next_dagrun for example_task_group_decorator to 2025-04-30 00:00:00+00:00, run_after=2025-05-01 00:00:00+00:00
[2025-05-01T11:48:16.560+0000] {processor.py:183} INFO - Processing /home/airflow/.local/lib/python3.12/site-packages/airflow/example_dags/example_task_group_decorator.py took 0.232 seconds
[2025-05-01T11:48:46.929+0000] {processor.py:161} INFO - Started process (PID=2074) to work on /home/airflow/.local/lib/python3.12/site-packages/airflow/example_dags/example_task_group_decorator.py
[2025-05-01T11:48:46.932+0000] {processor.py:830} INFO - Processing file /home/airflow/.local/lib/python3.12/site-packages/airflow/example_dags/example_task_group_decorator.py for tasks to queue
[2025-05-01T11:48:46.937+0000] {logging_mixin.py:188} INFO - [2025-05-01T11:48:46.936+0000] {dagbag.py:545} INFO - Filling up the DagBag from /home/airflow/.local/lib/python3.12/site-packages/airflow/example_dags/example_task_group_decorator.py
[2025-05-01T11:48:46.975+0000] {processor.py:840} INFO - DAG(s) 'example_task_group_decorator' retrieved from /home/airflow/.local/lib/python3.12/site-packages/airflow/example_dags/example_task_group_decorator.py
[2025-05-01T11:48:47.032+0000] {logging_mixin.py:188} INFO - [2025-05-01T11:48:47.031+0000] {dag.py:3096} INFO - Sync 1 DAGs
[2025-05-01T11:48:47.078+0000] {logging_mixin.py:188} INFO - [2025-05-01T11:48:47.077+0000] {dag.py:3954} INFO - Setting next_dagrun for example_task_group_decorator to 2025-04-30 00:00:00+00:00, run_after=2025-05-01 00:00:00+00:00
[2025-05-01T11:48:47.162+0000] {processor.py:183} INFO - Processing /home/airflow/.local/lib/python3.12/site-packages/airflow/example_dags/example_task_group_decorator.py took 0.248 seconds
[2025-05-01T11:49:18.314+0000] {processor.py:161} INFO - Started process (PID=2132) to work on /home/airflow/.local/lib/python3.12/site-packages/airflow/example_dags/example_task_group_decorator.py
[2025-05-01T11:49:18.317+0000] {processor.py:830} INFO - Processing file /home/airflow/.local/lib/python3.12/site-packages/airflow/example_dags/example_task_group_decorator.py for tasks to queue
[2025-05-01T11:49:18.323+0000] {logging_mixin.py:188} INFO - [2025-05-01T11:49:18.322+0000] {dagbag.py:545} INFO - Filling up the DagBag from /home/airflow/.local/lib/python3.12/site-packages/airflow/example_dags/example_task_group_decorator.py
[2025-05-01T11:49:18.369+0000] {processor.py:840} INFO - DAG(s) 'example_task_group_decorator' retrieved from /home/airflow/.local/lib/python3.12/site-packages/airflow/example_dags/example_task_group_decorator.py
[2025-05-01T11:49:18.701+0000] {logging_mixin.py:188} INFO - [2025-05-01T11:49:18.701+0000] {dag.py:3096} INFO - Sync 1 DAGs
[2025-05-01T11:49:18.758+0000] {logging_mixin.py:188} INFO - [2025-05-01T11:49:18.758+0000] {dag.py:3954} INFO - Setting next_dagrun for example_task_group_decorator to 2025-04-30 00:00:00+00:00, run_after=2025-05-01 00:00:00+00:00
[2025-05-01T11:49:18.852+0000] {processor.py:183} INFO - Processing /home/airflow/.local/lib/python3.12/site-packages/airflow/example_dags/example_task_group_decorator.py took 0.557 seconds
[2025-05-01T11:49:49.021+0000] {processor.py:161} INFO - Started process (PID=2191) to work on /home/airflow/.local/lib/python3.12/site-packages/airflow/example_dags/example_task_group_decorator.py
[2025-05-01T11:49:49.024+0000] {processor.py:830} INFO - Processing file /home/airflow/.local/lib/python3.12/site-packages/airflow/example_dags/example_task_group_decorator.py for tasks to queue
[2025-05-01T11:49:49.029+0000] {logging_mixin.py:188} INFO - [2025-05-01T11:49:49.028+0000] {dagbag.py:545} INFO - Filling up the DagBag from /home/airflow/.local/lib/python3.12/site-packages/airflow/example_dags/example_task_group_decorator.py
[2025-05-01T11:49:49.064+0000] {processor.py:840} INFO - DAG(s) 'example_task_group_decorator' retrieved from /home/airflow/.local/lib/python3.12/site-packages/airflow/example_dags/example_task_group_decorator.py
[2025-05-01T11:49:49.128+0000] {logging_mixin.py:188} INFO - [2025-05-01T11:49:49.128+0000] {dag.py:3096} INFO - Sync 1 DAGs
[2025-05-01T11:49:49.187+0000] {logging_mixin.py:188} INFO - [2025-05-01T11:49:49.187+0000] {dag.py:3954} INFO - Setting next_dagrun for example_task_group_decorator to 2025-04-30 00:00:00+00:00, run_after=2025-05-01 00:00:00+00:00
[2025-05-01T11:49:49.273+0000] {processor.py:183} INFO - Processing /home/airflow/.local/lib/python3.12/site-packages/airflow/example_dags/example_task_group_decorator.py took 0.263 seconds
[2025-05-01T11:50:20.115+0000] {processor.py:161} INFO - Started process (PID=2250) to work on /home/airflow/.local/lib/python3.12/site-packages/airflow/example_dags/example_task_group_decorator.py
[2025-05-01T11:50:20.117+0000] {processor.py:830} INFO - Processing file /home/airflow/.local/lib/python3.12/site-packages/airflow/example_dags/example_task_group_decorator.py for tasks to queue
[2025-05-01T11:50:20.122+0000] {logging_mixin.py:188} INFO - [2025-05-01T11:50:20.121+0000] {dagbag.py:545} INFO - Filling up the DagBag from /home/airflow/.local/lib/python3.12/site-packages/airflow/example_dags/example_task_group_decorator.py
[2025-05-01T11:50:20.174+0000] {processor.py:840} INFO - DAG(s) 'example_task_group_decorator' retrieved from /home/airflow/.local/lib/python3.12/site-packages/airflow/example_dags/example_task_group_decorator.py
[2025-05-01T11:50:20.246+0000] {logging_mixin.py:188} INFO - [2025-05-01T11:50:20.245+0000] {dag.py:3096} INFO - Sync 1 DAGs
[2025-05-01T11:50:20.305+0000] {logging_mixin.py:188} INFO - [2025-05-01T11:50:20.305+0000] {dag.py:3954} INFO - Setting next_dagrun for example_task_group_decorator to 2025-04-30 00:00:00+00:00, run_after=2025-05-01 00:00:00+00:00
[2025-05-01T11:50:20.373+0000] {processor.py:183} INFO - Processing /home/airflow/.local/lib/python3.12/site-packages/airflow/example_dags/example_task_group_decorator.py took 0.273 seconds
[2025-05-01T11:50:50.720+0000] {processor.py:161} INFO - Started process (PID=2309) to work on /home/airflow/.local/lib/python3.12/site-packages/airflow/example_dags/example_task_group_decorator.py
[2025-05-01T11:50:50.723+0000] {processor.py:830} INFO - Processing file /home/airflow/.local/lib/python3.12/site-packages/airflow/example_dags/example_task_group_decorator.py for tasks to queue
[2025-05-01T11:50:50.730+0000] {logging_mixin.py:188} INFO - [2025-05-01T11:50:50.729+0000] {dagbag.py:545} INFO - Filling up the DagBag from /home/airflow/.local/lib/python3.12/site-packages/airflow/example_dags/example_task_group_decorator.py
[2025-05-01T11:50:50.787+0000] {processor.py:840} INFO - DAG(s) 'example_task_group_decorator' retrieved from /home/airflow/.local/lib/python3.12/site-packages/airflow/example_dags/example_task_group_decorator.py
[2025-05-01T11:50:50.873+0000] {logging_mixin.py:188} INFO - [2025-05-01T11:50:50.872+0000] {dag.py:3096} INFO - Sync 1 DAGs
[2025-05-01T11:50:50.944+0000] {logging_mixin.py:188} INFO - [2025-05-01T11:50:50.943+0000] {dag.py:3954} INFO - Setting next_dagrun for example_task_group_decorator to 2025-04-30 00:00:00+00:00, run_after=2025-05-01 00:00:00+00:00
[2025-05-01T11:50:51.002+0000] {processor.py:183} INFO - Processing /home/airflow/.local/lib/python3.12/site-packages/airflow/example_dags/example_task_group_decorator.py took 0.302 seconds
[2025-05-01T11:51:21.813+0000] {processor.py:161} INFO - Started process (PID=2368) to work on /home/airflow/.local/lib/python3.12/site-packages/airflow/example_dags/example_task_group_decorator.py
[2025-05-01T11:51:21.816+0000] {processor.py:830} INFO - Processing file /home/airflow/.local/lib/python3.12/site-packages/airflow/example_dags/example_task_group_decorator.py for tasks to queue
[2025-05-01T11:51:21.821+0000] {logging_mixin.py:188} INFO - [2025-05-01T11:51:21.820+0000] {dagbag.py:545} INFO - Filling up the DagBag from /home/airflow/.local/lib/python3.12/site-packages/airflow/example_dags/example_task_group_decorator.py
[2025-05-01T11:51:21.857+0000] {processor.py:840} INFO - DAG(s) 'example_task_group_decorator' retrieved from /home/airflow/.local/lib/python3.12/site-packages/airflow/example_dags/example_task_group_decorator.py
[2025-05-01T11:51:21.926+0000] {logging_mixin.py:188} INFO - [2025-05-01T11:51:21.925+0000] {dag.py:3096} INFO - Sync 1 DAGs
[2025-05-01T11:51:22.045+0000] {logging_mixin.py:188} INFO - [2025-05-01T11:51:22.044+0000] {dag.py:3954} INFO - Setting next_dagrun for example_task_group_decorator to 2025-04-30 00:00:00+00:00, run_after=2025-05-01 00:00:00+00:00
[2025-05-01T11:51:22.124+0000] {processor.py:183} INFO - Processing /home/airflow/.local/lib/python3.12/site-packages/airflow/example_dags/example_task_group_decorator.py took 0.327 seconds
[2025-05-01T11:51:52.705+0000] {processor.py:161} INFO - Started process (PID=2427) to work on /home/airflow/.local/lib/python3.12/site-packages/airflow/example_dags/example_task_group_decorator.py
[2025-05-01T11:51:52.709+0000] {processor.py:830} INFO - Processing file /home/airflow/.local/lib/python3.12/site-packages/airflow/example_dags/example_task_group_decorator.py for tasks to queue
[2025-05-01T11:51:52.715+0000] {logging_mixin.py:188} INFO - [2025-05-01T11:51:52.714+0000] {dagbag.py:545} INFO - Filling up the DagBag from /home/airflow/.local/lib/python3.12/site-packages/airflow/example_dags/example_task_group_decorator.py
[2025-05-01T11:51:52.766+0000] {processor.py:840} INFO - DAG(s) 'example_task_group_decorator' retrieved from /home/airflow/.local/lib/python3.12/site-packages/airflow/example_dags/example_task_group_decorator.py
[2025-05-01T11:51:52.855+0000] {logging_mixin.py:188} INFO - [2025-05-01T11:51:52.854+0000] {dag.py:3096} INFO - Sync 1 DAGs
[2025-05-01T11:51:52.922+0000] {logging_mixin.py:188} INFO - [2025-05-01T11:51:52.921+0000] {dag.py:3954} INFO - Setting next_dagrun for example_task_group_decorator to 2025-04-30 00:00:00+00:00, run_after=2025-05-01 00:00:00+00:00
[2025-05-01T11:51:52.986+0000] {processor.py:183} INFO - Processing /home/airflow/.local/lib/python3.12/site-packages/airflow/example_dags/example_task_group_decorator.py took 0.299 seconds
[2025-05-01T11:52:23.677+0000] {processor.py:161} INFO - Started process (PID=2486) to work on /home/airflow/.local/lib/python3.12/site-packages/airflow/example_dags/example_task_group_decorator.py
[2025-05-01T11:52:23.679+0000] {processor.py:830} INFO - Processing file /home/airflow/.local/lib/python3.12/site-packages/airflow/example_dags/example_task_group_decorator.py for tasks to queue
[2025-05-01T11:52:23.685+0000] {logging_mixin.py:188} INFO - [2025-05-01T11:52:23.684+0000] {dagbag.py:545} INFO - Filling up the DagBag from /home/airflow/.local/lib/python3.12/site-packages/airflow/example_dags/example_task_group_decorator.py
[2025-05-01T11:52:23.730+0000] {processor.py:840} INFO - DAG(s) 'example_task_group_decorator' retrieved from /home/airflow/.local/lib/python3.12/site-packages/airflow/example_dags/example_task_group_decorator.py
[2025-05-01T11:52:23.801+0000] {logging_mixin.py:188} INFO - [2025-05-01T11:52:23.800+0000] {dag.py:3096} INFO - Sync 1 DAGs
[2025-05-01T11:52:23.851+0000] {logging_mixin.py:188} INFO - [2025-05-01T11:52:23.850+0000] {dag.py:3954} INFO - Setting next_dagrun for example_task_group_decorator to 2025-04-30 00:00:00+00:00, run_after=2025-05-01 00:00:00+00:00
[2025-05-01T11:52:23.896+0000] {processor.py:183} INFO - Processing /home/airflow/.local/lib/python3.12/site-packages/airflow/example_dags/example_task_group_decorator.py took 0.232 seconds
[2025-05-01T11:52:54.156+0000] {processor.py:161} INFO - Started process (PID=2545) to work on /home/airflow/.local/lib/python3.12/site-packages/airflow/example_dags/example_task_group_decorator.py
[2025-05-01T11:52:54.158+0000] {processor.py:830} INFO - Processing file /home/airflow/.local/lib/python3.12/site-packages/airflow/example_dags/example_task_group_decorator.py for tasks to queue
[2025-05-01T11:52:54.163+0000] {logging_mixin.py:188} INFO - [2025-05-01T11:52:54.163+0000] {dagbag.py:545} INFO - Filling up the DagBag from /home/airflow/.local/lib/python3.12/site-packages/airflow/example_dags/example_task_group_decorator.py
[2025-05-01T11:52:54.203+0000] {processor.py:840} INFO - DAG(s) 'example_task_group_decorator' retrieved from /home/airflow/.local/lib/python3.12/site-packages/airflow/example_dags/example_task_group_decorator.py
[2025-05-01T11:52:54.270+0000] {logging_mixin.py:188} INFO - [2025-05-01T11:52:54.270+0000] {dag.py:3096} INFO - Sync 1 DAGs
[2025-05-01T11:52:54.325+0000] {logging_mixin.py:188} INFO - [2025-05-01T11:52:54.324+0000] {dag.py:3954} INFO - Setting next_dagrun for example_task_group_decorator to 2025-04-30 00:00:00+00:00, run_after=2025-05-01 00:00:00+00:00
[2025-05-01T11:52:54.419+0000] {processor.py:183} INFO - Processing /home/airflow/.local/lib/python3.12/site-packages/airflow/example_dags/example_task_group_decorator.py took 0.278 seconds
[2025-05-01T11:53:24.970+0000] {processor.py:161} INFO - Started process (PID=2604) to work on /home/airflow/.local/lib/python3.12/site-packages/airflow/example_dags/example_task_group_decorator.py
[2025-05-01T11:53:24.973+0000] {processor.py:830} INFO - Processing file /home/airflow/.local/lib/python3.12/site-packages/airflow/example_dags/example_task_group_decorator.py for tasks to queue
[2025-05-01T11:53:24.977+0000] {logging_mixin.py:188} INFO - [2025-05-01T11:53:24.977+0000] {dagbag.py:545} INFO - Filling up the DagBag from /home/airflow/.local/lib/python3.12/site-packages/airflow/example_dags/example_task_group_decorator.py
[2025-05-01T11:53:25.027+0000] {processor.py:840} INFO - DAG(s) 'example_task_group_decorator' retrieved from /home/airflow/.local/lib/python3.12/site-packages/airflow/example_dags/example_task_group_decorator.py
[2025-05-01T11:53:25.103+0000] {logging_mixin.py:188} INFO - [2025-05-01T11:53:25.102+0000] {dag.py:3096} INFO - Sync 1 DAGs
[2025-05-01T11:53:25.168+0000] {logging_mixin.py:188} INFO - [2025-05-01T11:53:25.167+0000] {dag.py:3954} INFO - Setting next_dagrun for example_task_group_decorator to 2025-04-30 00:00:00+00:00, run_after=2025-05-01 00:00:00+00:00
[2025-05-01T11:53:25.227+0000] {processor.py:183} INFO - Processing /home/airflow/.local/lib/python3.12/site-packages/airflow/example_dags/example_task_group_decorator.py took 0.270 seconds
[2025-05-01T11:53:55.642+0000] {processor.py:161} INFO - Started process (PID=2663) to work on /home/airflow/.local/lib/python3.12/site-packages/airflow/example_dags/example_task_group_decorator.py
[2025-05-01T11:53:55.644+0000] {processor.py:830} INFO - Processing file /home/airflow/.local/lib/python3.12/site-packages/airflow/example_dags/example_task_group_decorator.py for tasks to queue
[2025-05-01T11:53:55.648+0000] {logging_mixin.py:188} INFO - [2025-05-01T11:53:55.647+0000] {dagbag.py:545} INFO - Filling up the DagBag from /home/airflow/.local/lib/python3.12/site-packages/airflow/example_dags/example_task_group_decorator.py
[2025-05-01T11:53:55.696+0000] {processor.py:840} INFO - DAG(s) 'example_task_group_decorator' retrieved from /home/airflow/.local/lib/python3.12/site-packages/airflow/example_dags/example_task_group_decorator.py
[2025-05-01T11:53:55.767+0000] {logging_mixin.py:188} INFO - [2025-05-01T11:53:55.767+0000] {dag.py:3096} INFO - Sync 1 DAGs
[2025-05-01T11:53:55.830+0000] {logging_mixin.py:188} INFO - [2025-05-01T11:53:55.829+0000] {dag.py:3954} INFO - Setting next_dagrun for example_task_group_decorator to 2025-04-30 00:00:00+00:00, run_after=2025-05-01 00:00:00+00:00
[2025-05-01T11:53:55.915+0000] {processor.py:183} INFO - Processing /home/airflow/.local/lib/python3.12/site-packages/airflow/example_dags/example_task_group_decorator.py took 0.286 seconds
[2025-05-01T11:54:26.146+0000] {processor.py:161} INFO - Started process (PID=2722) to work on /home/airflow/.local/lib/python3.12/site-packages/airflow/example_dags/example_task_group_decorator.py
[2025-05-01T11:54:26.149+0000] {processor.py:830} INFO - Processing file /home/airflow/.local/lib/python3.12/site-packages/airflow/example_dags/example_task_group_decorator.py for tasks to queue
[2025-05-01T11:54:26.156+0000] {logging_mixin.py:188} INFO - [2025-05-01T11:54:26.154+0000] {dagbag.py:545} INFO - Filling up the DagBag from /home/airflow/.local/lib/python3.12/site-packages/airflow/example_dags/example_task_group_decorator.py
[2025-05-01T11:54:26.213+0000] {processor.py:840} INFO - DAG(s) 'example_task_group_decorator' retrieved from /home/airflow/.local/lib/python3.12/site-packages/airflow/example_dags/example_task_group_decorator.py
[2025-05-01T11:54:26.309+0000] {logging_mixin.py:188} INFO - [2025-05-01T11:54:26.308+0000] {dag.py:3096} INFO - Sync 1 DAGs
[2025-05-01T11:54:26.400+0000] {logging_mixin.py:188} INFO - [2025-05-01T11:54:26.399+0000] {dag.py:3954} INFO - Setting next_dagrun for example_task_group_decorator to 2025-04-30 00:00:00+00:00, run_after=2025-05-01 00:00:00+00:00
[2025-05-01T11:54:26.468+0000] {processor.py:183} INFO - Processing /home/airflow/.local/lib/python3.12/site-packages/airflow/example_dags/example_task_group_decorator.py took 0.344 seconds
[2025-05-01T11:54:56.693+0000] {processor.py:161} INFO - Started process (PID=2781) to work on /home/airflow/.local/lib/python3.12/site-packages/airflow/example_dags/example_task_group_decorator.py
[2025-05-01T11:54:56.695+0000] {processor.py:830} INFO - Processing file /home/airflow/.local/lib/python3.12/site-packages/airflow/example_dags/example_task_group_decorator.py for tasks to queue
[2025-05-01T11:54:56.699+0000] {logging_mixin.py:188} INFO - [2025-05-01T11:54:56.699+0000] {dagbag.py:545} INFO - Filling up the DagBag from /home/airflow/.local/lib/python3.12/site-packages/airflow/example_dags/example_task_group_decorator.py
[2025-05-01T11:54:56.744+0000] {processor.py:840} INFO - DAG(s) 'example_task_group_decorator' retrieved from /home/airflow/.local/lib/python3.12/site-packages/airflow/example_dags/example_task_group_decorator.py
[2025-05-01T11:54:56.821+0000] {logging_mixin.py:188} INFO - [2025-05-01T11:54:56.821+0000] {dag.py:3096} INFO - Sync 1 DAGs
[2025-05-01T11:54:56.878+0000] {logging_mixin.py:188} INFO - [2025-05-01T11:54:56.877+0000] {dag.py:3954} INFO - Setting next_dagrun for example_task_group_decorator to 2025-04-30 00:00:00+00:00, run_after=2025-05-01 00:00:00+00:00
[2025-05-01T11:54:56.924+0000] {processor.py:183} INFO - Processing /home/airflow/.local/lib/python3.12/site-packages/airflow/example_dags/example_task_group_decorator.py took 0.245 seconds
[2025-05-01T11:55:27.292+0000] {processor.py:161} INFO - Started process (PID=2840) to work on /home/airflow/.local/lib/python3.12/site-packages/airflow/example_dags/example_task_group_decorator.py
[2025-05-01T11:55:27.295+0000] {processor.py:830} INFO - Processing file /home/airflow/.local/lib/python3.12/site-packages/airflow/example_dags/example_task_group_decorator.py for tasks to queue
[2025-05-01T11:55:27.302+0000] {logging_mixin.py:188} INFO - [2025-05-01T11:55:27.301+0000] {dagbag.py:545} INFO - Filling up the DagBag from /home/airflow/.local/lib/python3.12/site-packages/airflow/example_dags/example_task_group_decorator.py
[2025-05-01T11:55:27.346+0000] {processor.py:840} INFO - DAG(s) 'example_task_group_decorator' retrieved from /home/airflow/.local/lib/python3.12/site-packages/airflow/example_dags/example_task_group_decorator.py
[2025-05-01T11:55:27.422+0000] {logging_mixin.py:188} INFO - [2025-05-01T11:55:27.421+0000] {dag.py:3096} INFO - Sync 1 DAGs
[2025-05-01T11:55:27.478+0000] {logging_mixin.py:188} INFO - [2025-05-01T11:55:27.477+0000] {dag.py:3954} INFO - Setting next_dagrun for example_task_group_decorator to 2025-04-30 00:00:00+00:00, run_after=2025-05-01 00:00:00+00:00
[2025-05-01T11:55:27.535+0000] {processor.py:183} INFO - Processing /home/airflow/.local/lib/python3.12/site-packages/airflow/example_dags/example_task_group_decorator.py took 0.265 seconds
[2025-05-01T11:55:57.733+0000] {processor.py:161} INFO - Started process (PID=2900) to work on /home/airflow/.local/lib/python3.12/site-packages/airflow/example_dags/example_task_group_decorator.py
[2025-05-01T11:55:57.735+0000] {processor.py:830} INFO - Processing file /home/airflow/.local/lib/python3.12/site-packages/airflow/example_dags/example_task_group_decorator.py for tasks to queue
[2025-05-01T11:55:57.739+0000] {logging_mixin.py:188} INFO - [2025-05-01T11:55:57.739+0000] {dagbag.py:545} INFO - Filling up the DagBag from /home/airflow/.local/lib/python3.12/site-packages/airflow/example_dags/example_task_group_decorator.py
[2025-05-01T11:55:57.776+0000] {processor.py:840} INFO - DAG(s) 'example_task_group_decorator' retrieved from /home/airflow/.local/lib/python3.12/site-packages/airflow/example_dags/example_task_group_decorator.py
[2025-05-01T11:55:57.843+0000] {logging_mixin.py:188} INFO - [2025-05-01T11:55:57.842+0000] {dag.py:3096} INFO - Sync 1 DAGs
[2025-05-01T11:55:57.902+0000] {logging_mixin.py:188} INFO - [2025-05-01T11:55:57.902+0000] {dag.py:3954} INFO - Setting next_dagrun for example_task_group_decorator to 2025-04-30 00:00:00+00:00, run_after=2025-05-01 00:00:00+00:00
[2025-05-01T11:55:57.959+0000] {processor.py:183} INFO - Processing /home/airflow/.local/lib/python3.12/site-packages/airflow/example_dags/example_task_group_decorator.py took 0.236 seconds
[2025-05-01T11:56:28.154+0000] {processor.py:161} INFO - Started process (PID=2958) to work on /home/airflow/.local/lib/python3.12/site-packages/airflow/example_dags/example_task_group_decorator.py
[2025-05-01T11:56:28.156+0000] {processor.py:830} INFO - Processing file /home/airflow/.local/lib/python3.12/site-packages/airflow/example_dags/example_task_group_decorator.py for tasks to queue
[2025-05-01T11:56:28.160+0000] {logging_mixin.py:188} INFO - [2025-05-01T11:56:28.160+0000] {dagbag.py:545} INFO - Filling up the DagBag from /home/airflow/.local/lib/python3.12/site-packages/airflow/example_dags/example_task_group_decorator.py
[2025-05-01T11:56:28.198+0000] {processor.py:840} INFO - DAG(s) 'example_task_group_decorator' retrieved from /home/airflow/.local/lib/python3.12/site-packages/airflow/example_dags/example_task_group_decorator.py
[2025-05-01T11:56:28.297+0000] {logging_mixin.py:188} INFO - [2025-05-01T11:56:28.297+0000] {dag.py:3096} INFO - Sync 1 DAGs
[2025-05-01T11:56:28.364+0000] {logging_mixin.py:188} INFO - [2025-05-01T11:56:28.364+0000] {dag.py:3954} INFO - Setting next_dagrun for example_task_group_decorator to 2025-04-30 00:00:00+00:00, run_after=2025-05-01 00:00:00+00:00
[2025-05-01T11:56:28.409+0000] {processor.py:183} INFO - Processing /home/airflow/.local/lib/python3.12/site-packages/airflow/example_dags/example_task_group_decorator.py took 0.272 seconds
[2025-05-01T11:56:59.204+0000] {processor.py:161} INFO - Started process (PID=3017) to work on /home/airflow/.local/lib/python3.12/site-packages/airflow/example_dags/example_task_group_decorator.py
[2025-05-01T11:56:59.210+0000] {processor.py:830} INFO - Processing file /home/airflow/.local/lib/python3.12/site-packages/airflow/example_dags/example_task_group_decorator.py for tasks to queue
[2025-05-01T11:56:59.216+0000] {logging_mixin.py:188} INFO - [2025-05-01T11:56:59.215+0000] {dagbag.py:545} INFO - Filling up the DagBag from /home/airflow/.local/lib/python3.12/site-packages/airflow/example_dags/example_task_group_decorator.py
[2025-05-01T11:56:59.257+0000] {processor.py:840} INFO - DAG(s) 'example_task_group_decorator' retrieved from /home/airflow/.local/lib/python3.12/site-packages/airflow/example_dags/example_task_group_decorator.py
[2025-05-01T11:56:59.320+0000] {logging_mixin.py:188} INFO - [2025-05-01T11:56:59.320+0000] {dag.py:3096} INFO - Sync 1 DAGs
[2025-05-01T11:56:59.372+0000] {logging_mixin.py:188} INFO - [2025-05-01T11:56:59.371+0000] {dag.py:3954} INFO - Setting next_dagrun for example_task_group_decorator to 2025-04-30 00:00:00+00:00, run_after=2025-05-01 00:00:00+00:00
[2025-05-01T11:56:59.413+0000] {processor.py:183} INFO - Processing /home/airflow/.local/lib/python3.12/site-packages/airflow/example_dags/example_task_group_decorator.py took 0.232 seconds
[2025-05-01T11:57:29.876+0000] {processor.py:161} INFO - Started process (PID=3076) to work on /home/airflow/.local/lib/python3.12/site-packages/airflow/example_dags/example_task_group_decorator.py
[2025-05-01T11:57:29.878+0000] {processor.py:830} INFO - Processing file /home/airflow/.local/lib/python3.12/site-packages/airflow/example_dags/example_task_group_decorator.py for tasks to queue
[2025-05-01T11:57:29.883+0000] {logging_mixin.py:188} INFO - [2025-05-01T11:57:29.883+0000] {dagbag.py:545} INFO - Filling up the DagBag from /home/airflow/.local/lib/python3.12/site-packages/airflow/example_dags/example_task_group_decorator.py
[2025-05-01T11:57:29.920+0000] {processor.py:840} INFO - DAG(s) 'example_task_group_decorator' retrieved from /home/airflow/.local/lib/python3.12/site-packages/airflow/example_dags/example_task_group_decorator.py
[2025-05-01T11:57:29.982+0000] {logging_mixin.py:188} INFO - [2025-05-01T11:57:29.981+0000] {dag.py:3096} INFO - Sync 1 DAGs
[2025-05-01T11:57:30.033+0000] {logging_mixin.py:188} INFO - [2025-05-01T11:57:30.033+0000] {dag.py:3954} INFO - Setting next_dagrun for example_task_group_decorator to 2025-04-30 00:00:00+00:00, run_after=2025-05-01 00:00:00+00:00
[2025-05-01T11:57:30.082+0000] {processor.py:183} INFO - Processing /home/airflow/.local/lib/python3.12/site-packages/airflow/example_dags/example_task_group_decorator.py took 0.222 seconds
[2025-05-01T11:58:00.234+0000] {processor.py:161} INFO - Started process (PID=3135) to work on /home/airflow/.local/lib/python3.12/site-packages/airflow/example_dags/example_task_group_decorator.py
[2025-05-01T11:58:00.237+0000] {processor.py:830} INFO - Processing file /home/airflow/.local/lib/python3.12/site-packages/airflow/example_dags/example_task_group_decorator.py for tasks to queue
[2025-05-01T11:58:00.242+0000] {logging_mixin.py:188} INFO - [2025-05-01T11:58:00.241+0000] {dagbag.py:545} INFO - Filling up the DagBag from /home/airflow/.local/lib/python3.12/site-packages/airflow/example_dags/example_task_group_decorator.py
[2025-05-01T11:58:00.274+0000] {processor.py:840} INFO - DAG(s) 'example_task_group_decorator' retrieved from /home/airflow/.local/lib/python3.12/site-packages/airflow/example_dags/example_task_group_decorator.py
[2025-05-01T11:58:00.335+0000] {logging_mixin.py:188} INFO - [2025-05-01T11:58:00.335+0000] {dag.py:3096} INFO - Sync 1 DAGs
[2025-05-01T11:58:00.404+0000] {logging_mixin.py:188} INFO - [2025-05-01T11:58:00.403+0000] {dag.py:3954} INFO - Setting next_dagrun for example_task_group_decorator to 2025-04-30 00:00:00+00:00, run_after=2025-05-01 00:00:00+00:00
[2025-05-01T11:58:00.459+0000] {processor.py:183} INFO - Processing /home/airflow/.local/lib/python3.12/site-packages/airflow/example_dags/example_task_group_decorator.py took 0.236 seconds
[2025-05-01T11:58:30.818+0000] {processor.py:161} INFO - Started process (PID=3194) to work on /home/airflow/.local/lib/python3.12/site-packages/airflow/example_dags/example_task_group_decorator.py
[2025-05-01T11:58:30.820+0000] {processor.py:830} INFO - Processing file /home/airflow/.local/lib/python3.12/site-packages/airflow/example_dags/example_task_group_decorator.py for tasks to queue
[2025-05-01T11:58:30.825+0000] {logging_mixin.py:188} INFO - [2025-05-01T11:58:30.824+0000] {dagbag.py:545} INFO - Filling up the DagBag from /home/airflow/.local/lib/python3.12/site-packages/airflow/example_dags/example_task_group_decorator.py
[2025-05-01T11:58:30.855+0000] {processor.py:840} INFO - DAG(s) 'example_task_group_decorator' retrieved from /home/airflow/.local/lib/python3.12/site-packages/airflow/example_dags/example_task_group_decorator.py
[2025-05-01T11:58:30.909+0000] {logging_mixin.py:188} INFO - [2025-05-01T11:58:30.908+0000] {dag.py:3096} INFO - Sync 1 DAGs
[2025-05-01T11:58:30.955+0000] {logging_mixin.py:188} INFO - [2025-05-01T11:58:30.954+0000] {dag.py:3954} INFO - Setting next_dagrun for example_task_group_decorator to 2025-04-30 00:00:00+00:00, run_after=2025-05-01 00:00:00+00:00
[2025-05-01T11:58:30.997+0000] {processor.py:183} INFO - Processing /home/airflow/.local/lib/python3.12/site-packages/airflow/example_dags/example_task_group_decorator.py took 0.190 seconds
[2025-05-01T11:59:02.027+0000] {processor.py:161} INFO - Started process (PID=3259) to work on /home/airflow/.local/lib/python3.12/site-packages/airflow/example_dags/example_task_group_decorator.py
[2025-05-01T11:59:02.029+0000] {processor.py:830} INFO - Processing file /home/airflow/.local/lib/python3.12/site-packages/airflow/example_dags/example_task_group_decorator.py for tasks to queue
[2025-05-01T11:59:02.033+0000] {logging_mixin.py:188} INFO - [2025-05-01T11:59:02.033+0000] {dagbag.py:545} INFO - Filling up the DagBag from /home/airflow/.local/lib/python3.12/site-packages/airflow/example_dags/example_task_group_decorator.py
[2025-05-01T11:59:02.062+0000] {processor.py:840} INFO - DAG(s) 'example_task_group_decorator' retrieved from /home/airflow/.local/lib/python3.12/site-packages/airflow/example_dags/example_task_group_decorator.py
[2025-05-01T11:59:02.137+0000] {logging_mixin.py:188} INFO - [2025-05-01T11:59:02.137+0000] {dag.py:3096} INFO - Sync 1 DAGs
[2025-05-01T11:59:02.198+0000] {logging_mixin.py:188} INFO - [2025-05-01T11:59:02.198+0000] {dag.py:3954} INFO - Setting next_dagrun for example_task_group_decorator to 2025-04-30 00:00:00+00:00, run_after=2025-05-01 00:00:00+00:00
[2025-05-01T11:59:02.245+0000] {processor.py:183} INFO - Processing /home/airflow/.local/lib/python3.12/site-packages/airflow/example_dags/example_task_group_decorator.py took 0.229 seconds
[2025-05-01T11:59:32.874+0000] {processor.py:161} INFO - Started process (PID=3318) to work on /home/airflow/.local/lib/python3.12/site-packages/airflow/example_dags/example_task_group_decorator.py
[2025-05-01T11:59:32.876+0000] {processor.py:830} INFO - Processing file /home/airflow/.local/lib/python3.12/site-packages/airflow/example_dags/example_task_group_decorator.py for tasks to queue
[2025-05-01T11:59:32.881+0000] {logging_mixin.py:188} INFO - [2025-05-01T11:59:32.880+0000] {dagbag.py:545} INFO - Filling up the DagBag from /home/airflow/.local/lib/python3.12/site-packages/airflow/example_dags/example_task_group_decorator.py
[2025-05-01T11:59:32.910+0000] {processor.py:840} INFO - DAG(s) 'example_task_group_decorator' retrieved from /home/airflow/.local/lib/python3.12/site-packages/airflow/example_dags/example_task_group_decorator.py
[2025-05-01T11:59:32.964+0000] {logging_mixin.py:188} INFO - [2025-05-01T11:59:32.964+0000] {dag.py:3096} INFO - Sync 1 DAGs
[2025-05-01T11:59:33.021+0000] {logging_mixin.py:188} INFO - [2025-05-01T11:59:33.021+0000] {dag.py:3954} INFO - Setting next_dagrun for example_task_group_decorator to 2025-04-30 00:00:00+00:00, run_after=2025-05-01 00:00:00+00:00
[2025-05-01T11:59:33.071+0000] {processor.py:183} INFO - Processing /home/airflow/.local/lib/python3.12/site-packages/airflow/example_dags/example_task_group_decorator.py took 0.208 seconds
[2025-05-01T12:00:03.716+0000] {processor.py:161} INFO - Started process (PID=3376) to work on /home/airflow/.local/lib/python3.12/site-packages/airflow/example_dags/example_task_group_decorator.py
[2025-05-01T12:00:03.718+0000] {processor.py:830} INFO - Processing file /home/airflow/.local/lib/python3.12/site-packages/airflow/example_dags/example_task_group_decorator.py for tasks to queue
[2025-05-01T12:00:03.722+0000] {logging_mixin.py:188} INFO - [2025-05-01T12:00:03.721+0000] {dagbag.py:545} INFO - Filling up the DagBag from /home/airflow/.local/lib/python3.12/site-packages/airflow/example_dags/example_task_group_decorator.py
[2025-05-01T12:00:03.754+0000] {processor.py:840} INFO - DAG(s) 'example_task_group_decorator' retrieved from /home/airflow/.local/lib/python3.12/site-packages/airflow/example_dags/example_task_group_decorator.py
[2025-05-01T12:00:03.822+0000] {logging_mixin.py:188} INFO - [2025-05-01T12:00:03.822+0000] {dag.py:3096} INFO - Sync 1 DAGs
[2025-05-01T12:00:03.882+0000] {logging_mixin.py:188} INFO - [2025-05-01T12:00:03.882+0000] {dag.py:3954} INFO - Setting next_dagrun for example_task_group_decorator to 2025-04-30 00:00:00+00:00, run_after=2025-05-01 00:00:00+00:00
[2025-05-01T12:00:03.936+0000] {processor.py:183} INFO - Processing /home/airflow/.local/lib/python3.12/site-packages/airflow/example_dags/example_task_group_decorator.py took 0.232 seconds
[2025-05-01T12:00:34.460+0000] {processor.py:161} INFO - Started process (PID=3434) to work on /home/airflow/.local/lib/python3.12/site-packages/airflow/example_dags/example_task_group_decorator.py
[2025-05-01T12:00:34.463+0000] {processor.py:830} INFO - Processing file /home/airflow/.local/lib/python3.12/site-packages/airflow/example_dags/example_task_group_decorator.py for tasks to queue
[2025-05-01T12:00:34.484+0000] {logging_mixin.py:188} INFO - [2025-05-01T12:00:34.482+0000] {dagbag.py:545} INFO - Filling up the DagBag from /home/airflow/.local/lib/python3.12/site-packages/airflow/example_dags/example_task_group_decorator.py
[2025-05-01T12:00:34.610+0000] {processor.py:840} INFO - DAG(s) 'example_task_group_decorator' retrieved from /home/airflow/.local/lib/python3.12/site-packages/airflow/example_dags/example_task_group_decorator.py
[2025-05-01T12:00:34.683+0000] {logging_mixin.py:188} INFO - [2025-05-01T12:00:34.682+0000] {dag.py:3096} INFO - Sync 1 DAGs
[2025-05-01T12:00:34.738+0000] {logging_mixin.py:188} INFO - [2025-05-01T12:00:34.738+0000] {dag.py:3954} INFO - Setting next_dagrun for example_task_group_decorator to 2025-04-30 00:00:00+00:00, run_after=2025-05-01 00:00:00+00:00
[2025-05-01T12:00:34.796+0000] {processor.py:183} INFO - Processing /home/airflow/.local/lib/python3.12/site-packages/airflow/example_dags/example_task_group_decorator.py took 0.350 seconds
[2025-05-01T12:01:04.969+0000] {processor.py:161} INFO - Started process (PID=3493) to work on /home/airflow/.local/lib/python3.12/site-packages/airflow/example_dags/example_task_group_decorator.py
[2025-05-01T12:01:04.972+0000] {processor.py:830} INFO - Processing file /home/airflow/.local/lib/python3.12/site-packages/airflow/example_dags/example_task_group_decorator.py for tasks to queue
[2025-05-01T12:01:04.978+0000] {logging_mixin.py:188} INFO - [2025-05-01T12:01:04.977+0000] {dagbag.py:545} INFO - Filling up the DagBag from /home/airflow/.local/lib/python3.12/site-packages/airflow/example_dags/example_task_group_decorator.py
[2025-05-01T12:01:05.021+0000] {processor.py:840} INFO - DAG(s) 'example_task_group_decorator' retrieved from /home/airflow/.local/lib/python3.12/site-packages/airflow/example_dags/example_task_group_decorator.py
[2025-05-01T12:01:05.088+0000] {logging_mixin.py:188} INFO - [2025-05-01T12:01:05.088+0000] {dag.py:3096} INFO - Sync 1 DAGs
[2025-05-01T12:01:05.142+0000] {logging_mixin.py:188} INFO - [2025-05-01T12:01:05.142+0000] {dag.py:3954} INFO - Setting next_dagrun for example_task_group_decorator to 2025-04-30 00:00:00+00:00, run_after=2025-05-01 00:00:00+00:00
[2025-05-01T12:01:05.233+0000] {processor.py:183} INFO - Processing /home/airflow/.local/lib/python3.12/site-packages/airflow/example_dags/example_task_group_decorator.py took 0.279 seconds
[2025-05-01T12:01:35.664+0000] {processor.py:161} INFO - Started process (PID=3553) to work on /home/airflow/.local/lib/python3.12/site-packages/airflow/example_dags/example_task_group_decorator.py
[2025-05-01T12:01:35.666+0000] {processor.py:830} INFO - Processing file /home/airflow/.local/lib/python3.12/site-packages/airflow/example_dags/example_task_group_decorator.py for tasks to queue
[2025-05-01T12:01:35.671+0000] {logging_mixin.py:188} INFO - [2025-05-01T12:01:35.670+0000] {dagbag.py:545} INFO - Filling up the DagBag from /home/airflow/.local/lib/python3.12/site-packages/airflow/example_dags/example_task_group_decorator.py
[2025-05-01T12:01:35.707+0000] {processor.py:840} INFO - DAG(s) 'example_task_group_decorator' retrieved from /home/airflow/.local/lib/python3.12/site-packages/airflow/example_dags/example_task_group_decorator.py
[2025-05-01T12:01:35.771+0000] {logging_mixin.py:188} INFO - [2025-05-01T12:01:35.771+0000] {dag.py:3096} INFO - Sync 1 DAGs
[2025-05-01T12:01:35.831+0000] {logging_mixin.py:188} INFO - [2025-05-01T12:01:35.830+0000] {dag.py:3954} INFO - Setting next_dagrun for example_task_group_decorator to 2025-04-30 00:00:00+00:00, run_after=2025-05-01 00:00:00+00:00
[2025-05-01T12:01:35.882+0000] {processor.py:183} INFO - Processing /home/airflow/.local/lib/python3.12/site-packages/airflow/example_dags/example_task_group_decorator.py took 0.233 seconds
[2025-05-01T12:02:06.093+0000] {processor.py:161} INFO - Started process (PID=3612) to work on /home/airflow/.local/lib/python3.12/site-packages/airflow/example_dags/example_task_group_decorator.py
[2025-05-01T12:02:06.096+0000] {processor.py:830} INFO - Processing file /home/airflow/.local/lib/python3.12/site-packages/airflow/example_dags/example_task_group_decorator.py for tasks to queue
[2025-05-01T12:02:06.100+0000] {logging_mixin.py:188} INFO - [2025-05-01T12:02:06.099+0000] {dagbag.py:545} INFO - Filling up the DagBag from /home/airflow/.local/lib/python3.12/site-packages/airflow/example_dags/example_task_group_decorator.py
[2025-05-01T12:02:06.134+0000] {processor.py:840} INFO - DAG(s) 'example_task_group_decorator' retrieved from /home/airflow/.local/lib/python3.12/site-packages/airflow/example_dags/example_task_group_decorator.py
[2025-05-01T12:02:06.194+0000] {logging_mixin.py:188} INFO - [2025-05-01T12:02:06.193+0000] {dag.py:3096} INFO - Sync 1 DAGs
[2025-05-01T12:02:06.250+0000] {logging_mixin.py:188} INFO - [2025-05-01T12:02:06.249+0000] {dag.py:3954} INFO - Setting next_dagrun for example_task_group_decorator to 2025-04-30 00:00:00+00:00, run_after=2025-05-01 00:00:00+00:00
[2025-05-01T12:02:06.298+0000] {processor.py:183} INFO - Processing /home/airflow/.local/lib/python3.12/site-packages/airflow/example_dags/example_task_group_decorator.py took 0.219 seconds
[2025-05-01T12:02:36.981+0000] {processor.py:161} INFO - Started process (PID=3671) to work on /home/airflow/.local/lib/python3.12/site-packages/airflow/example_dags/example_task_group_decorator.py
[2025-05-01T12:02:36.984+0000] {processor.py:830} INFO - Processing file /home/airflow/.local/lib/python3.12/site-packages/airflow/example_dags/example_task_group_decorator.py for tasks to queue
[2025-05-01T12:02:36.988+0000] {logging_mixin.py:188} INFO - [2025-05-01T12:02:36.987+0000] {dagbag.py:545} INFO - Filling up the DagBag from /home/airflow/.local/lib/python3.12/site-packages/airflow/example_dags/example_task_group_decorator.py
[2025-05-01T12:02:37.024+0000] {processor.py:840} INFO - DAG(s) 'example_task_group_decorator' retrieved from /home/airflow/.local/lib/python3.12/site-packages/airflow/example_dags/example_task_group_decorator.py
[2025-05-01T12:02:37.102+0000] {logging_mixin.py:188} INFO - [2025-05-01T12:02:37.101+0000] {dag.py:3096} INFO - Sync 1 DAGs
[2025-05-01T12:02:37.183+0000] {logging_mixin.py:188} INFO - [2025-05-01T12:02:37.183+0000] {dag.py:3954} INFO - Setting next_dagrun for example_task_group_decorator to 2025-04-30 00:00:00+00:00, run_after=2025-05-01 00:00:00+00:00
[2025-05-01T12:02:37.239+0000] {processor.py:183} INFO - Processing /home/airflow/.local/lib/python3.12/site-packages/airflow/example_dags/example_task_group_decorator.py took 0.273 seconds
[2025-05-01T12:03:08.086+0000] {processor.py:161} INFO - Started process (PID=3729) to work on /home/airflow/.local/lib/python3.12/site-packages/airflow/example_dags/example_task_group_decorator.py
[2025-05-01T12:03:08.089+0000] {processor.py:830} INFO - Processing file /home/airflow/.local/lib/python3.12/site-packages/airflow/example_dags/example_task_group_decorator.py for tasks to queue
[2025-05-01T12:03:08.094+0000] {logging_mixin.py:188} INFO - [2025-05-01T12:03:08.093+0000] {dagbag.py:545} INFO - Filling up the DagBag from /home/airflow/.local/lib/python3.12/site-packages/airflow/example_dags/example_task_group_decorator.py
[2025-05-01T12:03:08.141+0000] {processor.py:840} INFO - DAG(s) 'example_task_group_decorator' retrieved from /home/airflow/.local/lib/python3.12/site-packages/airflow/example_dags/example_task_group_decorator.py
[2025-05-01T12:03:08.209+0000] {logging_mixin.py:188} INFO - [2025-05-01T12:03:08.209+0000] {dag.py:3096} INFO - Sync 1 DAGs
[2025-05-01T12:03:08.267+0000] {logging_mixin.py:188} INFO - [2025-05-01T12:03:08.266+0000] {dag.py:3954} INFO - Setting next_dagrun for example_task_group_decorator to 2025-04-30 00:00:00+00:00, run_after=2025-05-01 00:00:00+00:00
[2025-05-01T12:03:08.353+0000] {processor.py:183} INFO - Processing /home/airflow/.local/lib/python3.12/site-packages/airflow/example_dags/example_task_group_decorator.py took 0.282 seconds
[2025-05-01T12:03:38.870+0000] {processor.py:161} INFO - Started process (PID=3788) to work on /home/airflow/.local/lib/python3.12/site-packages/airflow/example_dags/example_task_group_decorator.py
[2025-05-01T12:03:38.873+0000] {processor.py:830} INFO - Processing file /home/airflow/.local/lib/python3.12/site-packages/airflow/example_dags/example_task_group_decorator.py for tasks to queue
[2025-05-01T12:03:38.878+0000] {logging_mixin.py:188} INFO - [2025-05-01T12:03:38.877+0000] {dagbag.py:545} INFO - Filling up the DagBag from /home/airflow/.local/lib/python3.12/site-packages/airflow/example_dags/example_task_group_decorator.py
[2025-05-01T12:03:38.938+0000] {processor.py:840} INFO - DAG(s) 'example_task_group_decorator' retrieved from /home/airflow/.local/lib/python3.12/site-packages/airflow/example_dags/example_task_group_decorator.py
[2025-05-01T12:03:39.035+0000] {logging_mixin.py:188} INFO - [2025-05-01T12:03:39.034+0000] {dag.py:3096} INFO - Sync 1 DAGs
[2025-05-01T12:03:39.123+0000] {logging_mixin.py:188} INFO - [2025-05-01T12:03:39.123+0000] {dag.py:3954} INFO - Setting next_dagrun for example_task_group_decorator to 2025-04-30 00:00:00+00:00, run_after=2025-05-01 00:00:00+00:00
[2025-05-01T12:03:39.187+0000] {processor.py:183} INFO - Processing /home/airflow/.local/lib/python3.12/site-packages/airflow/example_dags/example_task_group_decorator.py took 0.362 seconds
[2025-05-01T12:04:09.296+0000] {processor.py:161} INFO - Started process (PID=3847) to work on /home/airflow/.local/lib/python3.12/site-packages/airflow/example_dags/example_task_group_decorator.py
[2025-05-01T12:04:09.299+0000] {processor.py:830} INFO - Processing file /home/airflow/.local/lib/python3.12/site-packages/airflow/example_dags/example_task_group_decorator.py for tasks to queue
[2025-05-01T12:04:09.307+0000] {logging_mixin.py:188} INFO - [2025-05-01T12:04:09.305+0000] {dagbag.py:545} INFO - Filling up the DagBag from /home/airflow/.local/lib/python3.12/site-packages/airflow/example_dags/example_task_group_decorator.py
[2025-05-01T12:04:09.379+0000] {processor.py:840} INFO - DAG(s) 'example_task_group_decorator' retrieved from /home/airflow/.local/lib/python3.12/site-packages/airflow/example_dags/example_task_group_decorator.py
[2025-05-01T12:04:09.464+0000] {logging_mixin.py:188} INFO - [2025-05-01T12:04:09.464+0000] {dag.py:3096} INFO - Sync 1 DAGs
[2025-05-01T12:04:09.542+0000] {logging_mixin.py:188} INFO - [2025-05-01T12:04:09.541+0000] {dag.py:3954} INFO - Setting next_dagrun for example_task_group_decorator to 2025-04-30 00:00:00+00:00, run_after=2025-05-01 00:00:00+00:00
[2025-05-01T12:04:09.650+0000] {processor.py:183} INFO - Processing /home/airflow/.local/lib/python3.12/site-packages/airflow/example_dags/example_task_group_decorator.py took 0.373 seconds
[2025-05-01T12:04:40.691+0000] {processor.py:161} INFO - Started process (PID=3906) to work on /home/airflow/.local/lib/python3.12/site-packages/airflow/example_dags/example_task_group_decorator.py
[2025-05-01T12:04:40.693+0000] {processor.py:830} INFO - Processing file /home/airflow/.local/lib/python3.12/site-packages/airflow/example_dags/example_task_group_decorator.py for tasks to queue
[2025-05-01T12:04:40.698+0000] {logging_mixin.py:188} INFO - [2025-05-01T12:04:40.697+0000] {dagbag.py:545} INFO - Filling up the DagBag from /home/airflow/.local/lib/python3.12/site-packages/airflow/example_dags/example_task_group_decorator.py
[2025-05-01T12:04:40.739+0000] {processor.py:840} INFO - DAG(s) 'example_task_group_decorator' retrieved from /home/airflow/.local/lib/python3.12/site-packages/airflow/example_dags/example_task_group_decorator.py
[2025-05-01T12:04:40.810+0000] {logging_mixin.py:188} INFO - [2025-05-01T12:04:40.809+0000] {dag.py:3096} INFO - Sync 1 DAGs
[2025-05-01T12:04:40.876+0000] {logging_mixin.py:188} INFO - [2025-05-01T12:04:40.875+0000] {dag.py:3954} INFO - Setting next_dagrun for example_task_group_decorator to 2025-04-30 00:00:00+00:00, run_after=2025-05-01 00:00:00+00:00
[2025-05-01T12:04:40.933+0000] {processor.py:183} INFO - Processing /home/airflow/.local/lib/python3.12/site-packages/airflow/example_dags/example_task_group_decorator.py took 0.253 seconds
[2025-05-01T12:05:11.527+0000] {processor.py:161} INFO - Started process (PID=3965) to work on /home/airflow/.local/lib/python3.12/site-packages/airflow/example_dags/example_task_group_decorator.py
[2025-05-01T12:05:11.529+0000] {processor.py:830} INFO - Processing file /home/airflow/.local/lib/python3.12/site-packages/airflow/example_dags/example_task_group_decorator.py for tasks to queue
[2025-05-01T12:05:11.534+0000] {logging_mixin.py:188} INFO - [2025-05-01T12:05:11.533+0000] {dagbag.py:545} INFO - Filling up the DagBag from /home/airflow/.local/lib/python3.12/site-packages/airflow/example_dags/example_task_group_decorator.py
[2025-05-01T12:05:11.565+0000] {processor.py:840} INFO - DAG(s) 'example_task_group_decorator' retrieved from /home/airflow/.local/lib/python3.12/site-packages/airflow/example_dags/example_task_group_decorator.py
[2025-05-01T12:05:11.629+0000] {logging_mixin.py:188} INFO - [2025-05-01T12:05:11.628+0000] {dag.py:3096} INFO - Sync 1 DAGs
[2025-05-01T12:05:11.687+0000] {logging_mixin.py:188} INFO - [2025-05-01T12:05:11.687+0000] {dag.py:3954} INFO - Setting next_dagrun for example_task_group_decorator to 2025-04-30 00:00:00+00:00, run_after=2025-05-01 00:00:00+00:00
[2025-05-01T12:05:11.732+0000] {processor.py:183} INFO - Processing /home/airflow/.local/lib/python3.12/site-packages/airflow/example_dags/example_task_group_decorator.py took 0.217 seconds
[2025-05-01T12:05:41.926+0000] {processor.py:161} INFO - Started process (PID=4025) to work on /home/airflow/.local/lib/python3.12/site-packages/airflow/example_dags/example_task_group_decorator.py
[2025-05-01T12:05:41.929+0000] {processor.py:830} INFO - Processing file /home/airflow/.local/lib/python3.12/site-packages/airflow/example_dags/example_task_group_decorator.py for tasks to queue
[2025-05-01T12:05:41.933+0000] {logging_mixin.py:188} INFO - [2025-05-01T12:05:41.932+0000] {dagbag.py:545} INFO - Filling up the DagBag from /home/airflow/.local/lib/python3.12/site-packages/airflow/example_dags/example_task_group_decorator.py
[2025-05-01T12:05:41.981+0000] {processor.py:840} INFO - DAG(s) 'example_task_group_decorator' retrieved from /home/airflow/.local/lib/python3.12/site-packages/airflow/example_dags/example_task_group_decorator.py
[2025-05-01T12:05:42.049+0000] {logging_mixin.py:188} INFO - [2025-05-01T12:05:42.048+0000] {dag.py:3096} INFO - Sync 1 DAGs
[2025-05-01T12:05:42.098+0000] {logging_mixin.py:188} INFO - [2025-05-01T12:05:42.097+0000] {dag.py:3954} INFO - Setting next_dagrun for example_task_group_decorator to 2025-04-30 00:00:00+00:00, run_after=2025-05-01 00:00:00+00:00
[2025-05-01T12:05:42.144+0000] {processor.py:183} INFO - Processing /home/airflow/.local/lib/python3.12/site-packages/airflow/example_dags/example_task_group_decorator.py took 0.232 seconds
[2025-05-01T12:06:12.666+0000] {processor.py:161} INFO - Started process (PID=4082) to work on /home/airflow/.local/lib/python3.12/site-packages/airflow/example_dags/example_task_group_decorator.py
[2025-05-01T12:06:12.668+0000] {processor.py:830} INFO - Processing file /home/airflow/.local/lib/python3.12/site-packages/airflow/example_dags/example_task_group_decorator.py for tasks to queue
[2025-05-01T12:06:12.673+0000] {logging_mixin.py:188} INFO - [2025-05-01T12:06:12.673+0000] {dagbag.py:545} INFO - Filling up the DagBag from /home/airflow/.local/lib/python3.12/site-packages/airflow/example_dags/example_task_group_decorator.py
[2025-05-01T12:06:12.711+0000] {processor.py:840} INFO - DAG(s) 'example_task_group_decorator' retrieved from /home/airflow/.local/lib/python3.12/site-packages/airflow/example_dags/example_task_group_decorator.py
[2025-05-01T12:06:12.772+0000] {logging_mixin.py:188} INFO - [2025-05-01T12:06:12.772+0000] {dag.py:3096} INFO - Sync 1 DAGs
[2025-05-01T12:06:12.837+0000] {logging_mixin.py:188} INFO - [2025-05-01T12:06:12.835+0000] {dag.py:3954} INFO - Setting next_dagrun for example_task_group_decorator to 2025-04-30 00:00:00+00:00, run_after=2025-05-01 00:00:00+00:00
[2025-05-01T12:06:12.923+0000] {processor.py:183} INFO - Processing /home/airflow/.local/lib/python3.12/site-packages/airflow/example_dags/example_task_group_decorator.py took 0.270 seconds
[2025-05-01T12:06:43.431+0000] {processor.py:161} INFO - Started process (PID=4142) to work on /home/airflow/.local/lib/python3.12/site-packages/airflow/example_dags/example_task_group_decorator.py
[2025-05-01T12:06:43.434+0000] {processor.py:830} INFO - Processing file /home/airflow/.local/lib/python3.12/site-packages/airflow/example_dags/example_task_group_decorator.py for tasks to queue
[2025-05-01T12:06:43.439+0000] {logging_mixin.py:188} INFO - [2025-05-01T12:06:43.438+0000] {dagbag.py:545} INFO - Filling up the DagBag from /home/airflow/.local/lib/python3.12/site-packages/airflow/example_dags/example_task_group_decorator.py
[2025-05-01T12:06:43.492+0000] {processor.py:840} INFO - DAG(s) 'example_task_group_decorator' retrieved from /home/airflow/.local/lib/python3.12/site-packages/airflow/example_dags/example_task_group_decorator.py
[2025-05-01T12:06:43.577+0000] {logging_mixin.py:188} INFO - [2025-05-01T12:06:43.576+0000] {dag.py:3096} INFO - Sync 1 DAGs
[2025-05-01T12:06:43.621+0000] {logging_mixin.py:188} INFO - [2025-05-01T12:06:43.621+0000] {dag.py:3954} INFO - Setting next_dagrun for example_task_group_decorator to 2025-04-30 00:00:00+00:00, run_after=2025-05-01 00:00:00+00:00
[2025-05-01T12:06:43.706+0000] {processor.py:183} INFO - Processing /home/airflow/.local/lib/python3.12/site-packages/airflow/example_dags/example_task_group_decorator.py took 0.289 seconds
[2025-05-01T12:07:13.801+0000] {processor.py:161} INFO - Started process (PID=4201) to work on /home/airflow/.local/lib/python3.12/site-packages/airflow/example_dags/example_task_group_decorator.py
[2025-05-01T12:07:13.803+0000] {processor.py:830} INFO - Processing file /home/airflow/.local/lib/python3.12/site-packages/airflow/example_dags/example_task_group_decorator.py for tasks to queue
[2025-05-01T12:07:13.808+0000] {logging_mixin.py:188} INFO - [2025-05-01T12:07:13.807+0000] {dagbag.py:545} INFO - Filling up the DagBag from /home/airflow/.local/lib/python3.12/site-packages/airflow/example_dags/example_task_group_decorator.py
[2025-05-01T12:07:13.837+0000] {processor.py:840} INFO - DAG(s) 'example_task_group_decorator' retrieved from /home/airflow/.local/lib/python3.12/site-packages/airflow/example_dags/example_task_group_decorator.py
[2025-05-01T12:07:13.899+0000] {logging_mixin.py:188} INFO - [2025-05-01T12:07:13.898+0000] {dag.py:3096} INFO - Sync 1 DAGs
[2025-05-01T12:07:13.942+0000] {logging_mixin.py:188} INFO - [2025-05-01T12:07:13.942+0000] {dag.py:3954} INFO - Setting next_dagrun for example_task_group_decorator to 2025-04-30 00:00:00+00:00, run_after=2025-05-01 00:00:00+00:00
[2025-05-01T12:07:14.026+0000] {processor.py:183} INFO - Processing /home/airflow/.local/lib/python3.12/site-packages/airflow/example_dags/example_task_group_decorator.py took 0.239 seconds
[2025-05-01T12:07:44.199+0000] {processor.py:161} INFO - Started process (PID=4260) to work on /home/airflow/.local/lib/python3.12/site-packages/airflow/example_dags/example_task_group_decorator.py
[2025-05-01T12:07:44.201+0000] {processor.py:830} INFO - Processing file /home/airflow/.local/lib/python3.12/site-packages/airflow/example_dags/example_task_group_decorator.py for tasks to queue
[2025-05-01T12:07:44.206+0000] {logging_mixin.py:188} INFO - [2025-05-01T12:07:44.205+0000] {dagbag.py:545} INFO - Filling up the DagBag from /home/airflow/.local/lib/python3.12/site-packages/airflow/example_dags/example_task_group_decorator.py
[2025-05-01T12:07:44.238+0000] {processor.py:840} INFO - DAG(s) 'example_task_group_decorator' retrieved from /home/airflow/.local/lib/python3.12/site-packages/airflow/example_dags/example_task_group_decorator.py
[2025-05-01T12:07:44.296+0000] {logging_mixin.py:188} INFO - [2025-05-01T12:07:44.296+0000] {dag.py:3096} INFO - Sync 1 DAGs
[2025-05-01T12:07:44.350+0000] {logging_mixin.py:188} INFO - [2025-05-01T12:07:44.349+0000] {dag.py:3954} INFO - Setting next_dagrun for example_task_group_decorator to 2025-04-30 00:00:00+00:00, run_after=2025-05-01 00:00:00+00:00
[2025-05-01T12:07:44.486+0000] {processor.py:183} INFO - Processing /home/airflow/.local/lib/python3.12/site-packages/airflow/example_dags/example_task_group_decorator.py took 0.299 seconds
[2025-05-01T12:08:14.992+0000] {processor.py:161} INFO - Started process (PID=4319) to work on /home/airflow/.local/lib/python3.12/site-packages/airflow/example_dags/example_task_group_decorator.py
[2025-05-01T12:08:14.994+0000] {processor.py:830} INFO - Processing file /home/airflow/.local/lib/python3.12/site-packages/airflow/example_dags/example_task_group_decorator.py for tasks to queue
[2025-05-01T12:08:14.999+0000] {logging_mixin.py:188} INFO - [2025-05-01T12:08:14.998+0000] {dagbag.py:545} INFO - Filling up the DagBag from /home/airflow/.local/lib/python3.12/site-packages/airflow/example_dags/example_task_group_decorator.py
[2025-05-01T12:08:15.041+0000] {processor.py:840} INFO - DAG(s) 'example_task_group_decorator' retrieved from /home/airflow/.local/lib/python3.12/site-packages/airflow/example_dags/example_task_group_decorator.py
[2025-05-01T12:08:15.156+0000] {logging_mixin.py:188} INFO - [2025-05-01T12:08:15.155+0000] {dag.py:3096} INFO - Sync 1 DAGs
[2025-05-01T12:08:15.207+0000] {logging_mixin.py:188} INFO - [2025-05-01T12:08:15.206+0000] {dag.py:3954} INFO - Setting next_dagrun for example_task_group_decorator to 2025-04-30 00:00:00+00:00, run_after=2025-05-01 00:00:00+00:00
[2025-05-01T12:08:15.275+0000] {processor.py:183} INFO - Processing /home/airflow/.local/lib/python3.12/site-packages/airflow/example_dags/example_task_group_decorator.py took 0.298 seconds
[2025-05-01T12:08:46.411+0000] {processor.py:161} INFO - Started process (PID=4378) to work on /home/airflow/.local/lib/python3.12/site-packages/airflow/example_dags/example_task_group_decorator.py
[2025-05-01T12:08:46.414+0000] {processor.py:830} INFO - Processing file /home/airflow/.local/lib/python3.12/site-packages/airflow/example_dags/example_task_group_decorator.py for tasks to queue
[2025-05-01T12:08:46.418+0000] {logging_mixin.py:188} INFO - [2025-05-01T12:08:46.417+0000] {dagbag.py:545} INFO - Filling up the DagBag from /home/airflow/.local/lib/python3.12/site-packages/airflow/example_dags/example_task_group_decorator.py
[2025-05-01T12:08:46.449+0000] {processor.py:840} INFO - DAG(s) 'example_task_group_decorator' retrieved from /home/airflow/.local/lib/python3.12/site-packages/airflow/example_dags/example_task_group_decorator.py
[2025-05-01T12:08:46.509+0000] {logging_mixin.py:188} INFO - [2025-05-01T12:08:46.509+0000] {dag.py:3096} INFO - Sync 1 DAGs
[2025-05-01T12:08:46.561+0000] {logging_mixin.py:188} INFO - [2025-05-01T12:08:46.561+0000] {dag.py:3954} INFO - Setting next_dagrun for example_task_group_decorator to 2025-04-30 00:00:00+00:00, run_after=2025-05-01 00:00:00+00:00
[2025-05-01T12:08:46.655+0000] {processor.py:183} INFO - Processing /home/airflow/.local/lib/python3.12/site-packages/airflow/example_dags/example_task_group_decorator.py took 0.256 seconds
[2025-05-01T12:09:17.002+0000] {processor.py:161} INFO - Started process (PID=4438) to work on /home/airflow/.local/lib/python3.12/site-packages/airflow/example_dags/example_task_group_decorator.py
[2025-05-01T12:09:17.004+0000] {processor.py:830} INFO - Processing file /home/airflow/.local/lib/python3.12/site-packages/airflow/example_dags/example_task_group_decorator.py for tasks to queue
[2025-05-01T12:09:17.009+0000] {logging_mixin.py:188} INFO - [2025-05-01T12:09:17.008+0000] {dagbag.py:545} INFO - Filling up the DagBag from /home/airflow/.local/lib/python3.12/site-packages/airflow/example_dags/example_task_group_decorator.py
[2025-05-01T12:09:17.046+0000] {processor.py:840} INFO - DAG(s) 'example_task_group_decorator' retrieved from /home/airflow/.local/lib/python3.12/site-packages/airflow/example_dags/example_task_group_decorator.py
[2025-05-01T12:09:17.108+0000] {logging_mixin.py:188} INFO - [2025-05-01T12:09:17.107+0000] {dag.py:3096} INFO - Sync 1 DAGs
[2025-05-01T12:09:17.161+0000] {logging_mixin.py:188} INFO - [2025-05-01T12:09:17.161+0000] {dag.py:3954} INFO - Setting next_dagrun for example_task_group_decorator to 2025-04-30 00:00:00+00:00, run_after=2025-05-01 00:00:00+00:00
[2025-05-01T12:09:17.208+0000] {processor.py:183} INFO - Processing /home/airflow/.local/lib/python3.12/site-packages/airflow/example_dags/example_task_group_decorator.py took 0.220 seconds
[2025-05-01T12:09:48.029+0000] {processor.py:161} INFO - Started process (PID=4497) to work on /home/airflow/.local/lib/python3.12/site-packages/airflow/example_dags/example_task_group_decorator.py
[2025-05-01T12:09:48.031+0000] {processor.py:830} INFO - Processing file /home/airflow/.local/lib/python3.12/site-packages/airflow/example_dags/example_task_group_decorator.py for tasks to queue
[2025-05-01T12:09:48.037+0000] {logging_mixin.py:188} INFO - [2025-05-01T12:09:48.036+0000] {dagbag.py:545} INFO - Filling up the DagBag from /home/airflow/.local/lib/python3.12/site-packages/airflow/example_dags/example_task_group_decorator.py
[2025-05-01T12:09:48.068+0000] {processor.py:840} INFO - DAG(s) 'example_task_group_decorator' retrieved from /home/airflow/.local/lib/python3.12/site-packages/airflow/example_dags/example_task_group_decorator.py
[2025-05-01T12:09:48.133+0000] {logging_mixin.py:188} INFO - [2025-05-01T12:09:48.132+0000] {dag.py:3096} INFO - Sync 1 DAGs
[2025-05-01T12:09:48.188+0000] {logging_mixin.py:188} INFO - [2025-05-01T12:09:48.187+0000] {dag.py:3954} INFO - Setting next_dagrun for example_task_group_decorator to 2025-04-30 00:00:00+00:00, run_after=2025-05-01 00:00:00+00:00
[2025-05-01T12:09:48.240+0000] {processor.py:183} INFO - Processing /home/airflow/.local/lib/python3.12/site-packages/airflow/example_dags/example_task_group_decorator.py took 0.223 seconds
[2025-05-01T12:10:19.093+0000] {processor.py:161} INFO - Started process (PID=4556) to work on /home/airflow/.local/lib/python3.12/site-packages/airflow/example_dags/example_task_group_decorator.py
[2025-05-01T12:10:19.095+0000] {processor.py:830} INFO - Processing file /home/airflow/.local/lib/python3.12/site-packages/airflow/example_dags/example_task_group_decorator.py for tasks to queue
[2025-05-01T12:10:19.100+0000] {logging_mixin.py:188} INFO - [2025-05-01T12:10:19.099+0000] {dagbag.py:545} INFO - Filling up the DagBag from /home/airflow/.local/lib/python3.12/site-packages/airflow/example_dags/example_task_group_decorator.py
[2025-05-01T12:10:19.146+0000] {processor.py:840} INFO - DAG(s) 'example_task_group_decorator' retrieved from /home/airflow/.local/lib/python3.12/site-packages/airflow/example_dags/example_task_group_decorator.py
[2025-05-01T12:10:19.244+0000] {logging_mixin.py:188} INFO - [2025-05-01T12:10:19.241+0000] {dag.py:3096} INFO - Sync 1 DAGs
[2025-05-01T12:10:19.378+0000] {logging_mixin.py:188} INFO - [2025-05-01T12:10:19.378+0000] {dag.py:3954} INFO - Setting next_dagrun for example_task_group_decorator to 2025-04-30 00:00:00+00:00, run_after=2025-05-01 00:00:00+00:00
[2025-05-01T12:10:19.439+0000] {processor.py:183} INFO - Processing /home/airflow/.local/lib/python3.12/site-packages/airflow/example_dags/example_task_group_decorator.py took 0.359 seconds
[2025-05-01T12:10:50.215+0000] {processor.py:161} INFO - Started process (PID=4615) to work on /home/airflow/.local/lib/python3.12/site-packages/airflow/example_dags/example_task_group_decorator.py
[2025-05-01T12:10:50.217+0000] {processor.py:830} INFO - Processing file /home/airflow/.local/lib/python3.12/site-packages/airflow/example_dags/example_task_group_decorator.py for tasks to queue
[2025-05-01T12:10:50.221+0000] {logging_mixin.py:188} INFO - [2025-05-01T12:10:50.221+0000] {dagbag.py:545} INFO - Filling up the DagBag from /home/airflow/.local/lib/python3.12/site-packages/airflow/example_dags/example_task_group_decorator.py
[2025-05-01T12:10:50.254+0000] {processor.py:840} INFO - DAG(s) 'example_task_group_decorator' retrieved from /home/airflow/.local/lib/python3.12/site-packages/airflow/example_dags/example_task_group_decorator.py
[2025-05-01T12:10:50.319+0000] {logging_mixin.py:188} INFO - [2025-05-01T12:10:50.319+0000] {dag.py:3096} INFO - Sync 1 DAGs
[2025-05-01T12:10:50.370+0000] {logging_mixin.py:188} INFO - [2025-05-01T12:10:50.369+0000] {dag.py:3954} INFO - Setting next_dagrun for example_task_group_decorator to 2025-04-30 00:00:00+00:00, run_after=2025-05-01 00:00:00+00:00
[2025-05-01T12:10:50.422+0000] {processor.py:183} INFO - Processing /home/airflow/.local/lib/python3.12/site-packages/airflow/example_dags/example_task_group_decorator.py took 0.220 seconds
[2025-05-01T12:11:20.714+0000] {processor.py:161} INFO - Started process (PID=4674) to work on /home/airflow/.local/lib/python3.12/site-packages/airflow/example_dags/example_task_group_decorator.py
[2025-05-01T12:11:20.717+0000] {processor.py:830} INFO - Processing file /home/airflow/.local/lib/python3.12/site-packages/airflow/example_dags/example_task_group_decorator.py for tasks to queue
[2025-05-01T12:11:20.721+0000] {logging_mixin.py:188} INFO - [2025-05-01T12:11:20.720+0000] {dagbag.py:545} INFO - Filling up the DagBag from /home/airflow/.local/lib/python3.12/site-packages/airflow/example_dags/example_task_group_decorator.py
[2025-05-01T12:11:20.755+0000] {processor.py:840} INFO - DAG(s) 'example_task_group_decorator' retrieved from /home/airflow/.local/lib/python3.12/site-packages/airflow/example_dags/example_task_group_decorator.py
[2025-05-01T12:11:20.823+0000] {logging_mixin.py:188} INFO - [2025-05-01T12:11:20.822+0000] {dag.py:3096} INFO - Sync 1 DAGs
[2025-05-01T12:11:20.885+0000] {logging_mixin.py:188} INFO - [2025-05-01T12:11:20.885+0000] {dag.py:3954} INFO - Setting next_dagrun for example_task_group_decorator to 2025-04-30 00:00:00+00:00, run_after=2025-05-01 00:00:00+00:00
[2025-05-01T12:11:20.950+0000] {processor.py:183} INFO - Processing /home/airflow/.local/lib/python3.12/site-packages/airflow/example_dags/example_task_group_decorator.py took 0.248 seconds
[2025-05-01T12:11:51.670+0000] {processor.py:161} INFO - Started process (PID=4733) to work on /home/airflow/.local/lib/python3.12/site-packages/airflow/example_dags/example_task_group_decorator.py
[2025-05-01T12:11:51.672+0000] {processor.py:830} INFO - Processing file /home/airflow/.local/lib/python3.12/site-packages/airflow/example_dags/example_task_group_decorator.py for tasks to queue
[2025-05-01T12:11:51.677+0000] {logging_mixin.py:188} INFO - [2025-05-01T12:11:51.676+0000] {dagbag.py:545} INFO - Filling up the DagBag from /home/airflow/.local/lib/python3.12/site-packages/airflow/example_dags/example_task_group_decorator.py
[2025-05-01T12:11:51.721+0000] {processor.py:840} INFO - DAG(s) 'example_task_group_decorator' retrieved from /home/airflow/.local/lib/python3.12/site-packages/airflow/example_dags/example_task_group_decorator.py
[2025-05-01T12:11:51.793+0000] {logging_mixin.py:188} INFO - [2025-05-01T12:11:51.792+0000] {dag.py:3096} INFO - Sync 1 DAGs
[2025-05-01T12:11:51.857+0000] {logging_mixin.py:188} INFO - [2025-05-01T12:11:51.856+0000] {dag.py:3954} INFO - Setting next_dagrun for example_task_group_decorator to 2025-04-30 00:00:00+00:00, run_after=2025-05-01 00:00:00+00:00
[2025-05-01T12:11:51.918+0000] {processor.py:183} INFO - Processing /home/airflow/.local/lib/python3.12/site-packages/airflow/example_dags/example_task_group_decorator.py took 0.262 seconds
[2025-05-01T12:12:23.188+0000] {processor.py:161} INFO - Started process (PID=4792) to work on /home/airflow/.local/lib/python3.12/site-packages/airflow/example_dags/example_task_group_decorator.py
[2025-05-01T12:12:23.190+0000] {processor.py:830} INFO - Processing file /home/airflow/.local/lib/python3.12/site-packages/airflow/example_dags/example_task_group_decorator.py for tasks to queue
[2025-05-01T12:12:23.194+0000] {logging_mixin.py:188} INFO - [2025-05-01T12:12:23.193+0000] {dagbag.py:545} INFO - Filling up the DagBag from /home/airflow/.local/lib/python3.12/site-packages/airflow/example_dags/example_task_group_decorator.py
[2025-05-01T12:12:23.227+0000] {processor.py:840} INFO - DAG(s) 'example_task_group_decorator' retrieved from /home/airflow/.local/lib/python3.12/site-packages/airflow/example_dags/example_task_group_decorator.py
[2025-05-01T12:12:23.291+0000] {logging_mixin.py:188} INFO - [2025-05-01T12:12:23.290+0000] {dag.py:3096} INFO - Sync 1 DAGs
[2025-05-01T12:12:23.345+0000] {logging_mixin.py:188} INFO - [2025-05-01T12:12:23.344+0000] {dag.py:3954} INFO - Setting next_dagrun for example_task_group_decorator to 2025-04-30 00:00:00+00:00, run_after=2025-05-01 00:00:00+00:00
[2025-05-01T12:12:23.432+0000] {processor.py:183} INFO - Processing /home/airflow/.local/lib/python3.12/site-packages/airflow/example_dags/example_task_group_decorator.py took 0.257 seconds
[2025-05-01T12:12:54.110+0000] {processor.py:161} INFO - Started process (PID=4852) to work on /home/airflow/.local/lib/python3.12/site-packages/airflow/example_dags/example_task_group_decorator.py
[2025-05-01T12:12:54.112+0000] {processor.py:830} INFO - Processing file /home/airflow/.local/lib/python3.12/site-packages/airflow/example_dags/example_task_group_decorator.py for tasks to queue
[2025-05-01T12:12:54.116+0000] {logging_mixin.py:188} INFO - [2025-05-01T12:12:54.116+0000] {dagbag.py:545} INFO - Filling up the DagBag from /home/airflow/.local/lib/python3.12/site-packages/airflow/example_dags/example_task_group_decorator.py
[2025-05-01T12:12:54.153+0000] {processor.py:840} INFO - DAG(s) 'example_task_group_decorator' retrieved from /home/airflow/.local/lib/python3.12/site-packages/airflow/example_dags/example_task_group_decorator.py
[2025-05-01T12:12:54.228+0000] {logging_mixin.py:188} INFO - [2025-05-01T12:12:54.227+0000] {dag.py:3096} INFO - Sync 1 DAGs
[2025-05-01T12:12:54.298+0000] {logging_mixin.py:188} INFO - [2025-05-01T12:12:54.297+0000] {dag.py:3954} INFO - Setting next_dagrun for example_task_group_decorator to 2025-04-30 00:00:00+00:00, run_after=2025-05-01 00:00:00+00:00
[2025-05-01T12:12:54.392+0000] {processor.py:183} INFO - Processing /home/airflow/.local/lib/python3.12/site-packages/airflow/example_dags/example_task_group_decorator.py took 0.293 seconds
[2025-05-01T12:13:25.187+0000] {processor.py:161} INFO - Started process (PID=4911) to work on /home/airflow/.local/lib/python3.12/site-packages/airflow/example_dags/example_task_group_decorator.py
[2025-05-01T12:13:25.190+0000] {processor.py:830} INFO - Processing file /home/airflow/.local/lib/python3.12/site-packages/airflow/example_dags/example_task_group_decorator.py for tasks to queue
[2025-05-01T12:13:25.196+0000] {logging_mixin.py:188} INFO - [2025-05-01T12:13:25.195+0000] {dagbag.py:545} INFO - Filling up the DagBag from /home/airflow/.local/lib/python3.12/site-packages/airflow/example_dags/example_task_group_decorator.py
[2025-05-01T12:13:25.238+0000] {processor.py:840} INFO - DAG(s) 'example_task_group_decorator' retrieved from /home/airflow/.local/lib/python3.12/site-packages/airflow/example_dags/example_task_group_decorator.py
[2025-05-01T12:13:25.304+0000] {logging_mixin.py:188} INFO - [2025-05-01T12:13:25.303+0000] {dag.py:3096} INFO - Sync 1 DAGs
[2025-05-01T12:13:25.362+0000] {logging_mixin.py:188} INFO - [2025-05-01T12:13:25.361+0000] {dag.py:3954} INFO - Setting next_dagrun for example_task_group_decorator to 2025-04-30 00:00:00+00:00, run_after=2025-05-01 00:00:00+00:00
[2025-05-01T12:13:25.411+0000] {processor.py:183} INFO - Processing /home/airflow/.local/lib/python3.12/site-packages/airflow/example_dags/example_task_group_decorator.py took 0.239 seconds
[2025-05-01T12:13:56.382+0000] {processor.py:161} INFO - Started process (PID=4970) to work on /home/airflow/.local/lib/python3.12/site-packages/airflow/example_dags/example_task_group_decorator.py
[2025-05-01T12:13:56.384+0000] {processor.py:830} INFO - Processing file /home/airflow/.local/lib/python3.12/site-packages/airflow/example_dags/example_task_group_decorator.py for tasks to queue
[2025-05-01T12:13:56.387+0000] {logging_mixin.py:188} INFO - [2025-05-01T12:13:56.387+0000] {dagbag.py:545} INFO - Filling up the DagBag from /home/airflow/.local/lib/python3.12/site-packages/airflow/example_dags/example_task_group_decorator.py
[2025-05-01T12:13:56.415+0000] {processor.py:840} INFO - DAG(s) 'example_task_group_decorator' retrieved from /home/airflow/.local/lib/python3.12/site-packages/airflow/example_dags/example_task_group_decorator.py
[2025-05-01T12:13:56.486+0000] {logging_mixin.py:188} INFO - [2025-05-01T12:13:56.485+0000] {dag.py:3096} INFO - Sync 1 DAGs
[2025-05-01T12:13:56.548+0000] {logging_mixin.py:188} INFO - [2025-05-01T12:13:56.547+0000] {dag.py:3954} INFO - Setting next_dagrun for example_task_group_decorator to 2025-04-30 00:00:00+00:00, run_after=2025-05-01 00:00:00+00:00
[2025-05-01T12:13:56.646+0000] {processor.py:183} INFO - Processing /home/airflow/.local/lib/python3.12/site-packages/airflow/example_dags/example_task_group_decorator.py took 0.275 seconds
[2025-05-01T12:14:26.948+0000] {processor.py:161} INFO - Started process (PID=5030) to work on /home/airflow/.local/lib/python3.12/site-packages/airflow/example_dags/example_task_group_decorator.py
[2025-05-01T12:14:26.950+0000] {processor.py:830} INFO - Processing file /home/airflow/.local/lib/python3.12/site-packages/airflow/example_dags/example_task_group_decorator.py for tasks to queue
[2025-05-01T12:14:26.954+0000] {logging_mixin.py:188} INFO - [2025-05-01T12:14:26.954+0000] {dagbag.py:545} INFO - Filling up the DagBag from /home/airflow/.local/lib/python3.12/site-packages/airflow/example_dags/example_task_group_decorator.py
[2025-05-01T12:14:26.985+0000] {processor.py:840} INFO - DAG(s) 'example_task_group_decorator' retrieved from /home/airflow/.local/lib/python3.12/site-packages/airflow/example_dags/example_task_group_decorator.py
[2025-05-01T12:14:27.046+0000] {logging_mixin.py:188} INFO - [2025-05-01T12:14:27.045+0000] {dag.py:3096} INFO - Sync 1 DAGs
[2025-05-01T12:14:27.094+0000] {logging_mixin.py:188} INFO - [2025-05-01T12:14:27.094+0000] {dag.py:3954} INFO - Setting next_dagrun for example_task_group_decorator to 2025-04-30 00:00:00+00:00, run_after=2025-05-01 00:00:00+00:00
[2025-05-01T12:14:27.181+0000] {processor.py:183} INFO - Processing /home/airflow/.local/lib/python3.12/site-packages/airflow/example_dags/example_task_group_decorator.py took 0.244 seconds
[2025-05-01T12:14:57.449+0000] {processor.py:161} INFO - Started process (PID=5089) to work on /home/airflow/.local/lib/python3.12/site-packages/airflow/example_dags/example_task_group_decorator.py
[2025-05-01T12:14:57.451+0000] {processor.py:830} INFO - Processing file /home/airflow/.local/lib/python3.12/site-packages/airflow/example_dags/example_task_group_decorator.py for tasks to queue
[2025-05-01T12:14:57.455+0000] {logging_mixin.py:188} INFO - [2025-05-01T12:14:57.454+0000] {dagbag.py:545} INFO - Filling up the DagBag from /home/airflow/.local/lib/python3.12/site-packages/airflow/example_dags/example_task_group_decorator.py
[2025-05-01T12:14:57.494+0000] {processor.py:840} INFO - DAG(s) 'example_task_group_decorator' retrieved from /home/airflow/.local/lib/python3.12/site-packages/airflow/example_dags/example_task_group_decorator.py
[2025-05-01T12:14:57.564+0000] {logging_mixin.py:188} INFO - [2025-05-01T12:14:57.563+0000] {dag.py:3096} INFO - Sync 1 DAGs
[2025-05-01T12:14:57.618+0000] {logging_mixin.py:188} INFO - [2025-05-01T12:14:57.618+0000] {dag.py:3954} INFO - Setting next_dagrun for example_task_group_decorator to 2025-04-30 00:00:00+00:00, run_after=2025-05-01 00:00:00+00:00
[2025-05-01T12:14:57.675+0000] {processor.py:183} INFO - Processing /home/airflow/.local/lib/python3.12/site-packages/airflow/example_dags/example_task_group_decorator.py took 0.239 seconds
[2025-05-01T12:15:28.228+0000] {processor.py:161} INFO - Started process (PID=5149) to work on /home/airflow/.local/lib/python3.12/site-packages/airflow/example_dags/example_task_group_decorator.py
[2025-05-01T12:15:28.230+0000] {processor.py:830} INFO - Processing file /home/airflow/.local/lib/python3.12/site-packages/airflow/example_dags/example_task_group_decorator.py for tasks to queue
[2025-05-01T12:15:28.235+0000] {logging_mixin.py:188} INFO - [2025-05-01T12:15:28.234+0000] {dagbag.py:545} INFO - Filling up the DagBag from /home/airflow/.local/lib/python3.12/site-packages/airflow/example_dags/example_task_group_decorator.py
[2025-05-01T12:15:28.266+0000] {processor.py:840} INFO - DAG(s) 'example_task_group_decorator' retrieved from /home/airflow/.local/lib/python3.12/site-packages/airflow/example_dags/example_task_group_decorator.py
[2025-05-01T12:15:28.332+0000] {logging_mixin.py:188} INFO - [2025-05-01T12:15:28.332+0000] {dag.py:3096} INFO - Sync 1 DAGs
[2025-05-01T12:15:28.384+0000] {logging_mixin.py:188} INFO - [2025-05-01T12:15:28.384+0000] {dag.py:3954} INFO - Setting next_dagrun for example_task_group_decorator to 2025-04-30 00:00:00+00:00, run_after=2025-05-01 00:00:00+00:00
[2025-05-01T12:15:28.436+0000] {processor.py:183} INFO - Processing /home/airflow/.local/lib/python3.12/site-packages/airflow/example_dags/example_task_group_decorator.py took 0.222 seconds
[2025-05-01T12:15:58.609+0000] {processor.py:161} INFO - Started process (PID=5208) to work on /home/airflow/.local/lib/python3.12/site-packages/airflow/example_dags/example_task_group_decorator.py
[2025-05-01T12:15:58.611+0000] {processor.py:830} INFO - Processing file /home/airflow/.local/lib/python3.12/site-packages/airflow/example_dags/example_task_group_decorator.py for tasks to queue
[2025-05-01T12:15:58.616+0000] {logging_mixin.py:188} INFO - [2025-05-01T12:15:58.615+0000] {dagbag.py:545} INFO - Filling up the DagBag from /home/airflow/.local/lib/python3.12/site-packages/airflow/example_dags/example_task_group_decorator.py
[2025-05-01T12:15:58.658+0000] {processor.py:840} INFO - DAG(s) 'example_task_group_decorator' retrieved from /home/airflow/.local/lib/python3.12/site-packages/airflow/example_dags/example_task_group_decorator.py
[2025-05-01T12:15:58.714+0000] {logging_mixin.py:188} INFO - [2025-05-01T12:15:58.714+0000] {dag.py:3096} INFO - Sync 1 DAGs
[2025-05-01T12:15:58.763+0000] {logging_mixin.py:188} INFO - [2025-05-01T12:15:58.762+0000] {dag.py:3954} INFO - Setting next_dagrun for example_task_group_decorator to 2025-04-30 00:00:00+00:00, run_after=2025-05-01 00:00:00+00:00
[2025-05-01T12:15:58.820+0000] {processor.py:183} INFO - Processing /home/airflow/.local/lib/python3.12/site-packages/airflow/example_dags/example_task_group_decorator.py took 0.223 seconds
[2025-05-01T12:16:29.600+0000] {processor.py:161} INFO - Started process (PID=5267) to work on /home/airflow/.local/lib/python3.12/site-packages/airflow/example_dags/example_task_group_decorator.py
[2025-05-01T12:16:29.602+0000] {processor.py:830} INFO - Processing file /home/airflow/.local/lib/python3.12/site-packages/airflow/example_dags/example_task_group_decorator.py for tasks to queue
[2025-05-01T12:16:29.607+0000] {logging_mixin.py:188} INFO - [2025-05-01T12:16:29.606+0000] {dagbag.py:545} INFO - Filling up the DagBag from /home/airflow/.local/lib/python3.12/site-packages/airflow/example_dags/example_task_group_decorator.py
[2025-05-01T12:16:29.649+0000] {processor.py:840} INFO - DAG(s) 'example_task_group_decorator' retrieved from /home/airflow/.local/lib/python3.12/site-packages/airflow/example_dags/example_task_group_decorator.py
[2025-05-01T12:16:29.727+0000] {logging_mixin.py:188} INFO - [2025-05-01T12:16:29.726+0000] {dag.py:3096} INFO - Sync 1 DAGs
[2025-05-01T12:16:29.802+0000] {logging_mixin.py:188} INFO - [2025-05-01T12:16:29.802+0000] {dag.py:3954} INFO - Setting next_dagrun for example_task_group_decorator to 2025-04-30 00:00:00+00:00, run_after=2025-05-01 00:00:00+00:00
[2025-05-01T12:16:29.861+0000] {processor.py:183} INFO - Processing /home/airflow/.local/lib/python3.12/site-packages/airflow/example_dags/example_task_group_decorator.py took 0.278 seconds
[2025-05-01T12:17:00.353+0000] {processor.py:161} INFO - Started process (PID=5327) to work on /home/airflow/.local/lib/python3.12/site-packages/airflow/example_dags/example_task_group_decorator.py
[2025-05-01T12:17:00.355+0000] {processor.py:830} INFO - Processing file /home/airflow/.local/lib/python3.12/site-packages/airflow/example_dags/example_task_group_decorator.py for tasks to queue
[2025-05-01T12:17:00.359+0000] {logging_mixin.py:188} INFO - [2025-05-01T12:17:00.358+0000] {dagbag.py:545} INFO - Filling up the DagBag from /home/airflow/.local/lib/python3.12/site-packages/airflow/example_dags/example_task_group_decorator.py
[2025-05-01T12:17:00.389+0000] {processor.py:840} INFO - DAG(s) 'example_task_group_decorator' retrieved from /home/airflow/.local/lib/python3.12/site-packages/airflow/example_dags/example_task_group_decorator.py
[2025-05-01T12:17:00.442+0000] {logging_mixin.py:188} INFO - [2025-05-01T12:17:00.441+0000] {dag.py:3096} INFO - Sync 1 DAGs
[2025-05-01T12:17:00.489+0000] {logging_mixin.py:188} INFO - [2025-05-01T12:17:00.488+0000] {dag.py:3954} INFO - Setting next_dagrun for example_task_group_decorator to 2025-04-30 00:00:00+00:00, run_after=2025-05-01 00:00:00+00:00
[2025-05-01T12:17:00.577+0000] {processor.py:183} INFO - Processing /home/airflow/.local/lib/python3.12/site-packages/airflow/example_dags/example_task_group_decorator.py took 0.235 seconds
[2025-05-01T12:17:31.224+0000] {processor.py:161} INFO - Started process (PID=5386) to work on /home/airflow/.local/lib/python3.12/site-packages/airflow/example_dags/example_task_group_decorator.py
[2025-05-01T12:17:31.226+0000] {processor.py:830} INFO - Processing file /home/airflow/.local/lib/python3.12/site-packages/airflow/example_dags/example_task_group_decorator.py for tasks to queue
[2025-05-01T12:17:31.231+0000] {logging_mixin.py:188} INFO - [2025-05-01T12:17:31.230+0000] {dagbag.py:545} INFO - Filling up the DagBag from /home/airflow/.local/lib/python3.12/site-packages/airflow/example_dags/example_task_group_decorator.py
[2025-05-01T12:17:31.262+0000] {processor.py:840} INFO - DAG(s) 'example_task_group_decorator' retrieved from /home/airflow/.local/lib/python3.12/site-packages/airflow/example_dags/example_task_group_decorator.py
[2025-05-01T12:17:31.329+0000] {logging_mixin.py:188} INFO - [2025-05-01T12:17:31.329+0000] {dag.py:3096} INFO - Sync 1 DAGs
[2025-05-01T12:17:31.396+0000] {logging_mixin.py:188} INFO - [2025-05-01T12:17:31.395+0000] {dag.py:3954} INFO - Setting next_dagrun for example_task_group_decorator to 2025-04-30 00:00:00+00:00, run_after=2025-05-01 00:00:00+00:00
[2025-05-01T12:17:31.438+0000] {processor.py:183} INFO - Processing /home/airflow/.local/lib/python3.12/site-packages/airflow/example_dags/example_task_group_decorator.py took 0.225 seconds
[2025-05-01T12:18:02.596+0000] {processor.py:161} INFO - Started process (PID=5445) to work on /home/airflow/.local/lib/python3.12/site-packages/airflow/example_dags/example_task_group_decorator.py
[2025-05-01T12:18:02.599+0000] {processor.py:830} INFO - Processing file /home/airflow/.local/lib/python3.12/site-packages/airflow/example_dags/example_task_group_decorator.py for tasks to queue
[2025-05-01T12:18:02.604+0000] {logging_mixin.py:188} INFO - [2025-05-01T12:18:02.603+0000] {dagbag.py:545} INFO - Filling up the DagBag from /home/airflow/.local/lib/python3.12/site-packages/airflow/example_dags/example_task_group_decorator.py
[2025-05-01T12:18:02.637+0000] {processor.py:840} INFO - DAG(s) 'example_task_group_decorator' retrieved from /home/airflow/.local/lib/python3.12/site-packages/airflow/example_dags/example_task_group_decorator.py
[2025-05-01T12:18:02.697+0000] {logging_mixin.py:188} INFO - [2025-05-01T12:18:02.697+0000] {dag.py:3096} INFO - Sync 1 DAGs
[2025-05-01T12:18:02.747+0000] {logging_mixin.py:188} INFO - [2025-05-01T12:18:02.747+0000] {dag.py:3954} INFO - Setting next_dagrun for example_task_group_decorator to 2025-04-30 00:00:00+00:00, run_after=2025-05-01 00:00:00+00:00
[2025-05-01T12:18:02.827+0000] {processor.py:183} INFO - Processing /home/airflow/.local/lib/python3.12/site-packages/airflow/example_dags/example_task_group_decorator.py took 0.245 seconds
[2025-05-01T12:18:33.895+0000] {processor.py:161} INFO - Started process (PID=5504) to work on /home/airflow/.local/lib/python3.12/site-packages/airflow/example_dags/example_task_group_decorator.py
[2025-05-01T12:18:33.899+0000] {processor.py:830} INFO - Processing file /home/airflow/.local/lib/python3.12/site-packages/airflow/example_dags/example_task_group_decorator.py for tasks to queue
[2025-05-01T12:18:33.903+0000] {logging_mixin.py:188} INFO - [2025-05-01T12:18:33.902+0000] {dagbag.py:545} INFO - Filling up the DagBag from /home/airflow/.local/lib/python3.12/site-packages/airflow/example_dags/example_task_group_decorator.py
[2025-05-01T12:18:33.938+0000] {processor.py:840} INFO - DAG(s) 'example_task_group_decorator' retrieved from /home/airflow/.local/lib/python3.12/site-packages/airflow/example_dags/example_task_group_decorator.py
[2025-05-01T12:18:33.994+0000] {logging_mixin.py:188} INFO - [2025-05-01T12:18:33.993+0000] {dag.py:3096} INFO - Sync 1 DAGs
[2025-05-01T12:18:34.042+0000] {logging_mixin.py:188} INFO - [2025-05-01T12:18:34.042+0000] {dag.py:3954} INFO - Setting next_dagrun for example_task_group_decorator to 2025-04-30 00:00:00+00:00, run_after=2025-05-01 00:00:00+00:00
[2025-05-01T12:18:34.088+0000] {processor.py:183} INFO - Processing /home/airflow/.local/lib/python3.12/site-packages/airflow/example_dags/example_task_group_decorator.py took 0.203 seconds
[2025-05-01T12:19:05.296+0000] {processor.py:161} INFO - Started process (PID=5563) to work on /home/airflow/.local/lib/python3.12/site-packages/airflow/example_dags/example_task_group_decorator.py
[2025-05-01T12:19:05.299+0000] {processor.py:830} INFO - Processing file /home/airflow/.local/lib/python3.12/site-packages/airflow/example_dags/example_task_group_decorator.py for tasks to queue
[2025-05-01T12:19:05.306+0000] {logging_mixin.py:188} INFO - [2025-05-01T12:19:05.305+0000] {dagbag.py:545} INFO - Filling up the DagBag from /home/airflow/.local/lib/python3.12/site-packages/airflow/example_dags/example_task_group_decorator.py
[2025-05-01T12:19:05.343+0000] {processor.py:840} INFO - DAG(s) 'example_task_group_decorator' retrieved from /home/airflow/.local/lib/python3.12/site-packages/airflow/example_dags/example_task_group_decorator.py
[2025-05-01T12:19:05.413+0000] {logging_mixin.py:188} INFO - [2025-05-01T12:19:05.413+0000] {dag.py:3096} INFO - Sync 1 DAGs
[2025-05-01T12:19:05.467+0000] {logging_mixin.py:188} INFO - [2025-05-01T12:19:05.467+0000] {dag.py:3954} INFO - Setting next_dagrun for example_task_group_decorator to 2025-04-30 00:00:00+00:00, run_after=2025-05-01 00:00:00+00:00
[2025-05-01T12:19:05.547+0000] {processor.py:183} INFO - Processing /home/airflow/.local/lib/python3.12/site-packages/airflow/example_dags/example_task_group_decorator.py took 0.264 seconds
[2025-05-01T12:19:36.012+0000] {processor.py:161} INFO - Started process (PID=5621) to work on /home/airflow/.local/lib/python3.12/site-packages/airflow/example_dags/example_task_group_decorator.py
[2025-05-01T12:19:36.015+0000] {processor.py:830} INFO - Processing file /home/airflow/.local/lib/python3.12/site-packages/airflow/example_dags/example_task_group_decorator.py for tasks to queue
[2025-05-01T12:19:36.019+0000] {logging_mixin.py:188} INFO - [2025-05-01T12:19:36.018+0000] {dagbag.py:545} INFO - Filling up the DagBag from /home/airflow/.local/lib/python3.12/site-packages/airflow/example_dags/example_task_group_decorator.py
[2025-05-01T12:19:36.054+0000] {processor.py:840} INFO - DAG(s) 'example_task_group_decorator' retrieved from /home/airflow/.local/lib/python3.12/site-packages/airflow/example_dags/example_task_group_decorator.py
[2025-05-01T12:19:36.119+0000] {logging_mixin.py:188} INFO - [2025-05-01T12:19:36.118+0000] {dag.py:3096} INFO - Sync 1 DAGs
[2025-05-01T12:19:36.170+0000] {logging_mixin.py:188} INFO - [2025-05-01T12:19:36.169+0000] {dag.py:3954} INFO - Setting next_dagrun for example_task_group_decorator to 2025-04-30 00:00:00+00:00, run_after=2025-05-01 00:00:00+00:00
[2025-05-01T12:19:36.213+0000] {processor.py:183} INFO - Processing /home/airflow/.local/lib/python3.12/site-packages/airflow/example_dags/example_task_group_decorator.py took 0.214 seconds
[2025-05-01T12:20:06.879+0000] {processor.py:161} INFO - Started process (PID=5680) to work on /home/airflow/.local/lib/python3.12/site-packages/airflow/example_dags/example_task_group_decorator.py
[2025-05-01T12:20:06.881+0000] {processor.py:830} INFO - Processing file /home/airflow/.local/lib/python3.12/site-packages/airflow/example_dags/example_task_group_decorator.py for tasks to queue
[2025-05-01T12:20:06.885+0000] {logging_mixin.py:188} INFO - [2025-05-01T12:20:06.884+0000] {dagbag.py:545} INFO - Filling up the DagBag from /home/airflow/.local/lib/python3.12/site-packages/airflow/example_dags/example_task_group_decorator.py
[2025-05-01T12:20:06.912+0000] {processor.py:840} INFO - DAG(s) 'example_task_group_decorator' retrieved from /home/airflow/.local/lib/python3.12/site-packages/airflow/example_dags/example_task_group_decorator.py
[2025-05-01T12:20:06.967+0000] {logging_mixin.py:188} INFO - [2025-05-01T12:20:06.967+0000] {dag.py:3096} INFO - Sync 1 DAGs
[2025-05-01T12:20:07.055+0000] {logging_mixin.py:188} INFO - [2025-05-01T12:20:07.055+0000] {dag.py:3954} INFO - Setting next_dagrun for example_task_group_decorator to 2025-04-30 00:00:00+00:00, run_after=2025-05-01 00:00:00+00:00
[2025-05-01T12:20:07.097+0000] {processor.py:183} INFO - Processing /home/airflow/.local/lib/python3.12/site-packages/airflow/example_dags/example_task_group_decorator.py took 0.230 seconds
[2025-05-01T12:20:38.254+0000] {processor.py:161} INFO - Started process (PID=5745) to work on /home/airflow/.local/lib/python3.12/site-packages/airflow/example_dags/example_task_group_decorator.py
[2025-05-01T12:20:38.256+0000] {processor.py:830} INFO - Processing file /home/airflow/.local/lib/python3.12/site-packages/airflow/example_dags/example_task_group_decorator.py for tasks to queue
[2025-05-01T12:20:38.260+0000] {logging_mixin.py:188} INFO - [2025-05-01T12:20:38.259+0000] {dagbag.py:545} INFO - Filling up the DagBag from /home/airflow/.local/lib/python3.12/site-packages/airflow/example_dags/example_task_group_decorator.py
[2025-05-01T12:20:38.291+0000] {processor.py:840} INFO - DAG(s) 'example_task_group_decorator' retrieved from /home/airflow/.local/lib/python3.12/site-packages/airflow/example_dags/example_task_group_decorator.py
[2025-05-01T12:20:38.347+0000] {logging_mixin.py:188} INFO - [2025-05-01T12:20:38.346+0000] {dag.py:3096} INFO - Sync 1 DAGs
[2025-05-01T12:20:38.391+0000] {logging_mixin.py:188} INFO - [2025-05-01T12:20:38.391+0000] {dag.py:3954} INFO - Setting next_dagrun for example_task_group_decorator to 2025-04-30 00:00:00+00:00, run_after=2025-05-01 00:00:00+00:00
[2025-05-01T12:20:38.431+0000] {processor.py:183} INFO - Processing /home/airflow/.local/lib/python3.12/site-packages/airflow/example_dags/example_task_group_decorator.py took 0.188 seconds
[2025-05-01T12:21:08.951+0000] {processor.py:161} INFO - Started process (PID=5804) to work on /home/airflow/.local/lib/python3.12/site-packages/airflow/example_dags/example_task_group_decorator.py
[2025-05-01T12:21:08.953+0000] {processor.py:830} INFO - Processing file /home/airflow/.local/lib/python3.12/site-packages/airflow/example_dags/example_task_group_decorator.py for tasks to queue
[2025-05-01T12:21:08.957+0000] {logging_mixin.py:188} INFO - [2025-05-01T12:21:08.956+0000] {dagbag.py:545} INFO - Filling up the DagBag from /home/airflow/.local/lib/python3.12/site-packages/airflow/example_dags/example_task_group_decorator.py
[2025-05-01T12:21:08.995+0000] {processor.py:840} INFO - DAG(s) 'example_task_group_decorator' retrieved from /home/airflow/.local/lib/python3.12/site-packages/airflow/example_dags/example_task_group_decorator.py
[2025-05-01T12:21:09.073+0000] {logging_mixin.py:188} INFO - [2025-05-01T12:21:09.072+0000] {dag.py:3096} INFO - Sync 1 DAGs
[2025-05-01T12:21:09.144+0000] {logging_mixin.py:188} INFO - [2025-05-01T12:21:09.143+0000] {dag.py:3954} INFO - Setting next_dagrun for example_task_group_decorator to 2025-04-30 00:00:00+00:00, run_after=2025-05-01 00:00:00+00:00
[2025-05-01T12:21:09.202+0000] {processor.py:183} INFO - Processing /home/airflow/.local/lib/python3.12/site-packages/airflow/example_dags/example_task_group_decorator.py took 0.261 seconds
[2025-05-01T12:21:39.864+0000] {processor.py:161} INFO - Started process (PID=5863) to work on /home/airflow/.local/lib/python3.12/site-packages/airflow/example_dags/example_task_group_decorator.py
[2025-05-01T12:21:39.866+0000] {processor.py:830} INFO - Processing file /home/airflow/.local/lib/python3.12/site-packages/airflow/example_dags/example_task_group_decorator.py for tasks to queue
[2025-05-01T12:21:39.871+0000] {logging_mixin.py:188} INFO - [2025-05-01T12:21:39.870+0000] {dagbag.py:545} INFO - Filling up the DagBag from /home/airflow/.local/lib/python3.12/site-packages/airflow/example_dags/example_task_group_decorator.py
[2025-05-01T12:21:39.918+0000] {processor.py:840} INFO - DAG(s) 'example_task_group_decorator' retrieved from /home/airflow/.local/lib/python3.12/site-packages/airflow/example_dags/example_task_group_decorator.py
[2025-05-01T12:21:40.000+0000] {logging_mixin.py:188} INFO - [2025-05-01T12:21:39.999+0000] {dag.py:3096} INFO - Sync 1 DAGs
[2025-05-01T12:21:40.064+0000] {logging_mixin.py:188} INFO - [2025-05-01T12:21:40.064+0000] {dag.py:3954} INFO - Setting next_dagrun for example_task_group_decorator to 2025-04-30 00:00:00+00:00, run_after=2025-05-01 00:00:00+00:00
[2025-05-01T12:21:40.117+0000] {processor.py:183} INFO - Processing /home/airflow/.local/lib/python3.12/site-packages/airflow/example_dags/example_task_group_decorator.py took 0.267 seconds
[2025-05-01T12:22:10.533+0000] {processor.py:161} INFO - Started process (PID=5922) to work on /home/airflow/.local/lib/python3.12/site-packages/airflow/example_dags/example_task_group_decorator.py
[2025-05-01T12:22:10.535+0000] {processor.py:830} INFO - Processing file /home/airflow/.local/lib/python3.12/site-packages/airflow/example_dags/example_task_group_decorator.py for tasks to queue
[2025-05-01T12:22:10.540+0000] {logging_mixin.py:188} INFO - [2025-05-01T12:22:10.539+0000] {dagbag.py:545} INFO - Filling up the DagBag from /home/airflow/.local/lib/python3.12/site-packages/airflow/example_dags/example_task_group_decorator.py
[2025-05-01T12:22:10.570+0000] {processor.py:840} INFO - DAG(s) 'example_task_group_decorator' retrieved from /home/airflow/.local/lib/python3.12/site-packages/airflow/example_dags/example_task_group_decorator.py
[2025-05-01T12:22:10.630+0000] {logging_mixin.py:188} INFO - [2025-05-01T12:22:10.630+0000] {dag.py:3096} INFO - Sync 1 DAGs
[2025-05-01T12:22:10.686+0000] {logging_mixin.py:188} INFO - [2025-05-01T12:22:10.686+0000] {dag.py:3954} INFO - Setting next_dagrun for example_task_group_decorator to 2025-04-30 00:00:00+00:00, run_after=2025-05-01 00:00:00+00:00
[2025-05-01T12:22:10.735+0000] {processor.py:183} INFO - Processing /home/airflow/.local/lib/python3.12/site-packages/airflow/example_dags/example_task_group_decorator.py took 0.213 seconds
[2025-05-01T12:22:41.627+0000] {processor.py:161} INFO - Started process (PID=5981) to work on /home/airflow/.local/lib/python3.12/site-packages/airflow/example_dags/example_task_group_decorator.py
[2025-05-01T12:22:41.629+0000] {processor.py:830} INFO - Processing file /home/airflow/.local/lib/python3.12/site-packages/airflow/example_dags/example_task_group_decorator.py for tasks to queue
[2025-05-01T12:22:41.633+0000] {logging_mixin.py:188} INFO - [2025-05-01T12:22:41.632+0000] {dagbag.py:545} INFO - Filling up the DagBag from /home/airflow/.local/lib/python3.12/site-packages/airflow/example_dags/example_task_group_decorator.py
[2025-05-01T12:22:41.665+0000] {processor.py:840} INFO - DAG(s) 'example_task_group_decorator' retrieved from /home/airflow/.local/lib/python3.12/site-packages/airflow/example_dags/example_task_group_decorator.py
[2025-05-01T12:22:41.718+0000] {logging_mixin.py:188} INFO - [2025-05-01T12:22:41.718+0000] {dag.py:3096} INFO - Sync 1 DAGs
[2025-05-01T12:22:41.768+0000] {logging_mixin.py:188} INFO - [2025-05-01T12:22:41.767+0000] {dag.py:3954} INFO - Setting next_dagrun for example_task_group_decorator to 2025-04-30 00:00:00+00:00, run_after=2025-05-01 00:00:00+00:00
[2025-05-01T12:22:41.842+0000] {processor.py:183} INFO - Processing /home/airflow/.local/lib/python3.12/site-packages/airflow/example_dags/example_task_group_decorator.py took 0.227 seconds
[2025-05-01T12:23:12.322+0000] {processor.py:161} INFO - Started process (PID=6040) to work on /home/airflow/.local/lib/python3.12/site-packages/airflow/example_dags/example_task_group_decorator.py
[2025-05-01T12:23:12.324+0000] {processor.py:830} INFO - Processing file /home/airflow/.local/lib/python3.12/site-packages/airflow/example_dags/example_task_group_decorator.py for tasks to queue
[2025-05-01T12:23:12.328+0000] {logging_mixin.py:188} INFO - [2025-05-01T12:23:12.327+0000] {dagbag.py:545} INFO - Filling up the DagBag from /home/airflow/.local/lib/python3.12/site-packages/airflow/example_dags/example_task_group_decorator.py
[2025-05-01T12:23:12.363+0000] {processor.py:840} INFO - DAG(s) 'example_task_group_decorator' retrieved from /home/airflow/.local/lib/python3.12/site-packages/airflow/example_dags/example_task_group_decorator.py
[2025-05-01T12:23:12.426+0000] {logging_mixin.py:188} INFO - [2025-05-01T12:23:12.425+0000] {dag.py:3096} INFO - Sync 1 DAGs
[2025-05-01T12:23:12.486+0000] {logging_mixin.py:188} INFO - [2025-05-01T12:23:12.486+0000] {dag.py:3954} INFO - Setting next_dagrun for example_task_group_decorator to 2025-04-30 00:00:00+00:00, run_after=2025-05-01 00:00:00+00:00
[2025-05-01T12:23:12.557+0000] {processor.py:183} INFO - Processing /home/airflow/.local/lib/python3.12/site-packages/airflow/example_dags/example_task_group_decorator.py took 0.247 seconds
[2025-05-01T12:23:43.204+0000] {processor.py:161} INFO - Started process (PID=6099) to work on /home/airflow/.local/lib/python3.12/site-packages/airflow/example_dags/example_task_group_decorator.py
[2025-05-01T12:23:43.207+0000] {processor.py:830} INFO - Processing file /home/airflow/.local/lib/python3.12/site-packages/airflow/example_dags/example_task_group_decorator.py for tasks to queue
[2025-05-01T12:23:43.211+0000] {logging_mixin.py:188} INFO - [2025-05-01T12:23:43.211+0000] {dagbag.py:545} INFO - Filling up the DagBag from /home/airflow/.local/lib/python3.12/site-packages/airflow/example_dags/example_task_group_decorator.py
[2025-05-01T12:23:43.247+0000] {processor.py:840} INFO - DAG(s) 'example_task_group_decorator' retrieved from /home/airflow/.local/lib/python3.12/site-packages/airflow/example_dags/example_task_group_decorator.py
[2025-05-01T12:23:43.318+0000] {logging_mixin.py:188} INFO - [2025-05-01T12:23:43.318+0000] {dag.py:3096} INFO - Sync 1 DAGs
[2025-05-01T12:23:43.374+0000] {logging_mixin.py:188} INFO - [2025-05-01T12:23:43.374+0000] {dag.py:3954} INFO - Setting next_dagrun for example_task_group_decorator to 2025-04-30 00:00:00+00:00, run_after=2025-05-01 00:00:00+00:00
[2025-05-01T12:23:43.459+0000] {processor.py:183} INFO - Processing /home/airflow/.local/lib/python3.12/site-packages/airflow/example_dags/example_task_group_decorator.py took 0.266 seconds
[2025-05-01T12:24:13.540+0000] {processor.py:161} INFO - Started process (PID=6158) to work on /home/airflow/.local/lib/python3.12/site-packages/airflow/example_dags/example_task_group_decorator.py
[2025-05-01T12:24:13.543+0000] {processor.py:830} INFO - Processing file /home/airflow/.local/lib/python3.12/site-packages/airflow/example_dags/example_task_group_decorator.py for tasks to queue
[2025-05-01T12:24:13.548+0000] {logging_mixin.py:188} INFO - [2025-05-01T12:24:13.547+0000] {dagbag.py:545} INFO - Filling up the DagBag from /home/airflow/.local/lib/python3.12/site-packages/airflow/example_dags/example_task_group_decorator.py
[2025-05-01T12:24:13.595+0000] {processor.py:840} INFO - DAG(s) 'example_task_group_decorator' retrieved from /home/airflow/.local/lib/python3.12/site-packages/airflow/example_dags/example_task_group_decorator.py
[2025-05-01T12:24:13.658+0000] {logging_mixin.py:188} INFO - [2025-05-01T12:24:13.657+0000] {dag.py:3096} INFO - Sync 1 DAGs
[2025-05-01T12:24:13.713+0000] {logging_mixin.py:188} INFO - [2025-05-01T12:24:13.712+0000] {dag.py:3954} INFO - Setting next_dagrun for example_task_group_decorator to 2025-04-30 00:00:00+00:00, run_after=2025-05-01 00:00:00+00:00
[2025-05-01T12:24:13.772+0000] {processor.py:183} INFO - Processing /home/airflow/.local/lib/python3.12/site-packages/airflow/example_dags/example_task_group_decorator.py took 0.245 seconds
[2025-05-01T12:24:44.607+0000] {processor.py:161} INFO - Started process (PID=6217) to work on /home/airflow/.local/lib/python3.12/site-packages/airflow/example_dags/example_task_group_decorator.py
[2025-05-01T12:24:44.609+0000] {processor.py:830} INFO - Processing file /home/airflow/.local/lib/python3.12/site-packages/airflow/example_dags/example_task_group_decorator.py for tasks to queue
[2025-05-01T12:24:44.614+0000] {logging_mixin.py:188} INFO - [2025-05-01T12:24:44.613+0000] {dagbag.py:545} INFO - Filling up the DagBag from /home/airflow/.local/lib/python3.12/site-packages/airflow/example_dags/example_task_group_decorator.py
[2025-05-01T12:24:44.648+0000] {processor.py:840} INFO - DAG(s) 'example_task_group_decorator' retrieved from /home/airflow/.local/lib/python3.12/site-packages/airflow/example_dags/example_task_group_decorator.py
[2025-05-01T12:24:44.708+0000] {logging_mixin.py:188} INFO - [2025-05-01T12:24:44.707+0000] {dag.py:3096} INFO - Sync 1 DAGs
[2025-05-01T12:24:44.756+0000] {logging_mixin.py:188} INFO - [2025-05-01T12:24:44.755+0000] {dag.py:3954} INFO - Setting next_dagrun for example_task_group_decorator to 2025-04-30 00:00:00+00:00, run_after=2025-05-01 00:00:00+00:00
[2025-05-01T12:24:44.812+0000] {processor.py:183} INFO - Processing /home/airflow/.local/lib/python3.12/site-packages/airflow/example_dags/example_task_group_decorator.py took 0.217 seconds
