[2025-05-01T10:49:51.796+0000] {processor.py:161} INFO - Started process (PID=86) to work on /home/airflow/.local/lib/python3.12/site-packages/airflow/example_dags/example_nested_branch_dag.py
[2025-05-01T10:49:51.797+0000] {processor.py:830} INFO - Processing file /home/airflow/.local/lib/python3.12/site-packages/airflow/example_dags/example_nested_branch_dag.py for tasks to queue
[2025-05-01T10:49:51.801+0000] {logging_mixin.py:188} INFO - [2025-05-01T10:49:51.800+0000] {dagbag.py:545} INFO - Filling up the DagBag from /home/airflow/.local/lib/python3.12/site-packages/airflow/example_dags/example_nested_branch_dag.py
[2025-05-01T10:49:51.820+0000] {processor.py:840} INFO - DAG(s) 'example_nested_branch_dag' retrieved from /home/airflow/.local/lib/python3.12/site-packages/airflow/example_dags/example_nested_branch_dag.py
[2025-05-01T10:49:51.986+0000] {logging_mixin.py:188} INFO - [2025-05-01T10:49:51.985+0000] {dag.py:3096} INFO - Sync 1 DAGs
[2025-05-01T10:49:52.028+0000] {logging_mixin.py:188} INFO - [2025-05-01T10:49:52.028+0000] {dag.py:3954} INFO - Setting next_dagrun for example_nested_branch_dag to 2025-04-30 00:00:00+00:00, run_after=2025-05-01 00:00:00+00:00
[2025-05-01T10:49:52.061+0000] {processor.py:183} INFO - Processing /home/airflow/.local/lib/python3.12/site-packages/airflow/example_dags/example_nested_branch_dag.py took 0.271 seconds
[2025-05-01T10:50:22.277+0000] {processor.py:161} INFO - Started process (PID=144) to work on /home/airflow/.local/lib/python3.12/site-packages/airflow/example_dags/example_nested_branch_dag.py
[2025-05-01T10:50:22.278+0000] {processor.py:830} INFO - Processing file /home/airflow/.local/lib/python3.12/site-packages/airflow/example_dags/example_nested_branch_dag.py for tasks to queue
[2025-05-01T10:50:22.280+0000] {logging_mixin.py:188} INFO - [2025-05-01T10:50:22.280+0000] {dagbag.py:545} INFO - Filling up the DagBag from /home/airflow/.local/lib/python3.12/site-packages/airflow/example_dags/example_nested_branch_dag.py
[2025-05-01T10:50:22.292+0000] {processor.py:840} INFO - DAG(s) 'example_nested_branch_dag' retrieved from /home/airflow/.local/lib/python3.12/site-packages/airflow/example_dags/example_nested_branch_dag.py
[2025-05-01T10:50:22.318+0000] {logging_mixin.py:188} INFO - [2025-05-01T10:50:22.318+0000] {dag.py:3096} INFO - Sync 1 DAGs
[2025-05-01T10:50:22.347+0000] {logging_mixin.py:188} INFO - [2025-05-01T10:50:22.347+0000] {dag.py:3954} INFO - Setting next_dagrun for example_nested_branch_dag to 2025-04-30 00:00:00+00:00, run_after=2025-05-01 00:00:00+00:00
[2025-05-01T10:50:22.376+0000] {processor.py:183} INFO - Processing /home/airflow/.local/lib/python3.12/site-packages/airflow/example_dags/example_nested_branch_dag.py took 0.105 seconds
[2025-05-01T10:51:50.902+0000] {processor.py:161} INFO - Started process (PID=92) to work on /home/airflow/.local/lib/python3.12/site-packages/airflow/example_dags/example_nested_branch_dag.py
[2025-05-01T10:51:50.904+0000] {processor.py:830} INFO - Processing file /home/airflow/.local/lib/python3.12/site-packages/airflow/example_dags/example_nested_branch_dag.py for tasks to queue
[2025-05-01T10:51:50.908+0000] {logging_mixin.py:188} INFO - [2025-05-01T10:51:50.907+0000] {dagbag.py:545} INFO - Filling up the DagBag from /home/airflow/.local/lib/python3.12/site-packages/airflow/example_dags/example_nested_branch_dag.py
[2025-05-01T10:51:50.928+0000] {processor.py:840} INFO - DAG(s) 'example_nested_branch_dag' retrieved from /home/airflow/.local/lib/python3.12/site-packages/airflow/example_dags/example_nested_branch_dag.py
[2025-05-01T10:51:51.168+0000] {logging_mixin.py:188} INFO - [2025-05-01T10:51:51.168+0000] {dag.py:3096} INFO - Sync 1 DAGs
[2025-05-01T10:51:51.221+0000] {logging_mixin.py:188} INFO - [2025-05-01T10:51:51.221+0000] {dag.py:3954} INFO - Setting next_dagrun for example_nested_branch_dag to 2025-04-30 00:00:00+00:00, run_after=2025-05-01 00:00:00+00:00
[2025-05-01T10:51:51.267+0000] {processor.py:183} INFO - Processing /home/airflow/.local/lib/python3.12/site-packages/airflow/example_dags/example_nested_branch_dag.py took 0.375 seconds
[2025-05-01T10:52:21.846+0000] {processor.py:161} INFO - Started process (PID=150) to work on /home/airflow/.local/lib/python3.12/site-packages/airflow/example_dags/example_nested_branch_dag.py
[2025-05-01T10:52:21.848+0000] {processor.py:830} INFO - Processing file /home/airflow/.local/lib/python3.12/site-packages/airflow/example_dags/example_nested_branch_dag.py for tasks to queue
[2025-05-01T10:52:21.853+0000] {logging_mixin.py:188} INFO - [2025-05-01T10:52:21.852+0000] {dagbag.py:545} INFO - Filling up the DagBag from /home/airflow/.local/lib/python3.12/site-packages/airflow/example_dags/example_nested_branch_dag.py
[2025-05-01T10:52:21.894+0000] {processor.py:840} INFO - DAG(s) 'example_nested_branch_dag' retrieved from /home/airflow/.local/lib/python3.12/site-packages/airflow/example_dags/example_nested_branch_dag.py
[2025-05-01T10:52:21.926+0000] {logging_mixin.py:188} INFO - [2025-05-01T10:52:21.926+0000] {dag.py:3096} INFO - Sync 1 DAGs
[2025-05-01T10:52:21.963+0000] {logging_mixin.py:188} INFO - [2025-05-01T10:52:21.963+0000] {dag.py:3954} INFO - Setting next_dagrun for example_nested_branch_dag to 2025-04-30 00:00:00+00:00, run_after=2025-05-01 00:00:00+00:00
[2025-05-01T10:52:21.990+0000] {processor.py:183} INFO - Processing /home/airflow/.local/lib/python3.12/site-packages/airflow/example_dags/example_nested_branch_dag.py took 0.161 seconds
[2025-05-01T10:52:52.240+0000] {processor.py:161} INFO - Started process (PID=208) to work on /home/airflow/.local/lib/python3.12/site-packages/airflow/example_dags/example_nested_branch_dag.py
[2025-05-01T10:52:52.241+0000] {processor.py:830} INFO - Processing file /home/airflow/.local/lib/python3.12/site-packages/airflow/example_dags/example_nested_branch_dag.py for tasks to queue
[2025-05-01T10:52:52.244+0000] {logging_mixin.py:188} INFO - [2025-05-01T10:52:52.244+0000] {dagbag.py:545} INFO - Filling up the DagBag from /home/airflow/.local/lib/python3.12/site-packages/airflow/example_dags/example_nested_branch_dag.py
[2025-05-01T10:52:52.254+0000] {processor.py:840} INFO - DAG(s) 'example_nested_branch_dag' retrieved from /home/airflow/.local/lib/python3.12/site-packages/airflow/example_dags/example_nested_branch_dag.py
[2025-05-01T10:52:52.282+0000] {logging_mixin.py:188} INFO - [2025-05-01T10:52:52.281+0000] {dag.py:3096} INFO - Sync 1 DAGs
[2025-05-01T10:52:52.310+0000] {logging_mixin.py:188} INFO - [2025-05-01T10:52:52.310+0000] {dag.py:3954} INFO - Setting next_dagrun for example_nested_branch_dag to 2025-04-30 00:00:00+00:00, run_after=2025-05-01 00:00:00+00:00
[2025-05-01T10:52:52.335+0000] {processor.py:183} INFO - Processing /home/airflow/.local/lib/python3.12/site-packages/airflow/example_dags/example_nested_branch_dag.py took 0.101 seconds
[2025-05-01T10:53:22.425+0000] {processor.py:161} INFO - Started process (PID=266) to work on /home/airflow/.local/lib/python3.12/site-packages/airflow/example_dags/example_nested_branch_dag.py
[2025-05-01T10:53:22.426+0000] {processor.py:830} INFO - Processing file /home/airflow/.local/lib/python3.12/site-packages/airflow/example_dags/example_nested_branch_dag.py for tasks to queue
[2025-05-01T10:53:22.429+0000] {logging_mixin.py:188} INFO - [2025-05-01T10:53:22.428+0000] {dagbag.py:545} INFO - Filling up the DagBag from /home/airflow/.local/lib/python3.12/site-packages/airflow/example_dags/example_nested_branch_dag.py
[2025-05-01T10:53:22.439+0000] {processor.py:840} INFO - DAG(s) 'example_nested_branch_dag' retrieved from /home/airflow/.local/lib/python3.12/site-packages/airflow/example_dags/example_nested_branch_dag.py
[2025-05-01T10:53:22.464+0000] {logging_mixin.py:188} INFO - [2025-05-01T10:53:22.463+0000] {dag.py:3096} INFO - Sync 1 DAGs
[2025-05-01T10:53:22.491+0000] {logging_mixin.py:188} INFO - [2025-05-01T10:53:22.490+0000] {dag.py:3954} INFO - Setting next_dagrun for example_nested_branch_dag to 2025-04-30 00:00:00+00:00, run_after=2025-05-01 00:00:00+00:00
[2025-05-01T10:53:22.517+0000] {processor.py:183} INFO - Processing /home/airflow/.local/lib/python3.12/site-packages/airflow/example_dags/example_nested_branch_dag.py took 0.097 seconds
[2025-05-01T10:53:52.958+0000] {processor.py:161} INFO - Started process (PID=324) to work on /home/airflow/.local/lib/python3.12/site-packages/airflow/example_dags/example_nested_branch_dag.py
[2025-05-01T10:53:52.959+0000] {processor.py:830} INFO - Processing file /home/airflow/.local/lib/python3.12/site-packages/airflow/example_dags/example_nested_branch_dag.py for tasks to queue
[2025-05-01T10:53:52.961+0000] {logging_mixin.py:188} INFO - [2025-05-01T10:53:52.961+0000] {dagbag.py:545} INFO - Filling up the DagBag from /home/airflow/.local/lib/python3.12/site-packages/airflow/example_dags/example_nested_branch_dag.py
[2025-05-01T10:53:52.972+0000] {processor.py:840} INFO - DAG(s) 'example_nested_branch_dag' retrieved from /home/airflow/.local/lib/python3.12/site-packages/airflow/example_dags/example_nested_branch_dag.py
[2025-05-01T10:53:52.998+0000] {logging_mixin.py:188} INFO - [2025-05-01T10:53:52.998+0000] {dag.py:3096} INFO - Sync 1 DAGs
[2025-05-01T10:53:53.026+0000] {logging_mixin.py:188} INFO - [2025-05-01T10:53:53.025+0000] {dag.py:3954} INFO - Setting next_dagrun for example_nested_branch_dag to 2025-04-30 00:00:00+00:00, run_after=2025-05-01 00:00:00+00:00
[2025-05-01T10:53:53.054+0000] {processor.py:183} INFO - Processing /home/airflow/.local/lib/python3.12/site-packages/airflow/example_dags/example_nested_branch_dag.py took 0.101 seconds
[2025-05-01T10:54:23.333+0000] {processor.py:161} INFO - Started process (PID=383) to work on /home/airflow/.local/lib/python3.12/site-packages/airflow/example_dags/example_nested_branch_dag.py
[2025-05-01T10:54:23.334+0000] {processor.py:830} INFO - Processing file /home/airflow/.local/lib/python3.12/site-packages/airflow/example_dags/example_nested_branch_dag.py for tasks to queue
[2025-05-01T10:54:23.337+0000] {logging_mixin.py:188} INFO - [2025-05-01T10:54:23.337+0000] {dagbag.py:545} INFO - Filling up the DagBag from /home/airflow/.local/lib/python3.12/site-packages/airflow/example_dags/example_nested_branch_dag.py
[2025-05-01T10:54:23.353+0000] {processor.py:840} INFO - DAG(s) 'example_nested_branch_dag' retrieved from /home/airflow/.local/lib/python3.12/site-packages/airflow/example_dags/example_nested_branch_dag.py
[2025-05-01T10:54:23.396+0000] {logging_mixin.py:188} INFO - [2025-05-01T10:54:23.396+0000] {dag.py:3096} INFO - Sync 1 DAGs
[2025-05-01T10:54:23.431+0000] {logging_mixin.py:188} INFO - [2025-05-01T10:54:23.431+0000] {dag.py:3954} INFO - Setting next_dagrun for example_nested_branch_dag to 2025-04-30 00:00:00+00:00, run_after=2025-05-01 00:00:00+00:00
[2025-05-01T10:54:23.465+0000] {processor.py:183} INFO - Processing /home/airflow/.local/lib/python3.12/site-packages/airflow/example_dags/example_nested_branch_dag.py took 0.137 seconds
[2025-05-01T10:54:53.682+0000] {processor.py:161} INFO - Started process (PID=440) to work on /home/airflow/.local/lib/python3.12/site-packages/airflow/example_dags/example_nested_branch_dag.py
[2025-05-01T10:54:53.683+0000] {processor.py:830} INFO - Processing file /home/airflow/.local/lib/python3.12/site-packages/airflow/example_dags/example_nested_branch_dag.py for tasks to queue
[2025-05-01T10:54:53.686+0000] {logging_mixin.py:188} INFO - [2025-05-01T10:54:53.685+0000] {dagbag.py:545} INFO - Filling up the DagBag from /home/airflow/.local/lib/python3.12/site-packages/airflow/example_dags/example_nested_branch_dag.py
[2025-05-01T10:54:53.697+0000] {processor.py:840} INFO - DAG(s) 'example_nested_branch_dag' retrieved from /home/airflow/.local/lib/python3.12/site-packages/airflow/example_dags/example_nested_branch_dag.py
[2025-05-01T10:54:53.723+0000] {logging_mixin.py:188} INFO - [2025-05-01T10:54:53.723+0000] {dag.py:3096} INFO - Sync 1 DAGs
[2025-05-01T10:54:53.749+0000] {logging_mixin.py:188} INFO - [2025-05-01T10:54:53.748+0000] {dag.py:3954} INFO - Setting next_dagrun for example_nested_branch_dag to 2025-04-30 00:00:00+00:00, run_after=2025-05-01 00:00:00+00:00
[2025-05-01T10:54:53.774+0000] {processor.py:183} INFO - Processing /home/airflow/.local/lib/python3.12/site-packages/airflow/example_dags/example_nested_branch_dag.py took 0.098 seconds
[2025-05-01T10:55:24.089+0000] {processor.py:161} INFO - Started process (PID=498) to work on /home/airflow/.local/lib/python3.12/site-packages/airflow/example_dags/example_nested_branch_dag.py
[2025-05-01T10:55:24.091+0000] {processor.py:830} INFO - Processing file /home/airflow/.local/lib/python3.12/site-packages/airflow/example_dags/example_nested_branch_dag.py for tasks to queue
[2025-05-01T10:55:24.093+0000] {logging_mixin.py:188} INFO - [2025-05-01T10:55:24.092+0000] {dagbag.py:545} INFO - Filling up the DagBag from /home/airflow/.local/lib/python3.12/site-packages/airflow/example_dags/example_nested_branch_dag.py
[2025-05-01T10:55:24.103+0000] {processor.py:840} INFO - DAG(s) 'example_nested_branch_dag' retrieved from /home/airflow/.local/lib/python3.12/site-packages/airflow/example_dags/example_nested_branch_dag.py
[2025-05-01T10:55:24.127+0000] {logging_mixin.py:188} INFO - [2025-05-01T10:55:24.127+0000] {dag.py:3096} INFO - Sync 1 DAGs
[2025-05-01T10:55:24.152+0000] {logging_mixin.py:188} INFO - [2025-05-01T10:55:24.152+0000] {dag.py:3954} INFO - Setting next_dagrun for example_nested_branch_dag to 2025-04-30 00:00:00+00:00, run_after=2025-05-01 00:00:00+00:00
[2025-05-01T10:55:24.176+0000] {processor.py:183} INFO - Processing /home/airflow/.local/lib/python3.12/site-packages/airflow/example_dags/example_nested_branch_dag.py took 0.092 seconds
[2025-05-01T10:55:54.412+0000] {processor.py:161} INFO - Started process (PID=556) to work on /home/airflow/.local/lib/python3.12/site-packages/airflow/example_dags/example_nested_branch_dag.py
[2025-05-01T10:55:54.414+0000] {processor.py:830} INFO - Processing file /home/airflow/.local/lib/python3.12/site-packages/airflow/example_dags/example_nested_branch_dag.py for tasks to queue
[2025-05-01T10:55:54.416+0000] {logging_mixin.py:188} INFO - [2025-05-01T10:55:54.416+0000] {dagbag.py:545} INFO - Filling up the DagBag from /home/airflow/.local/lib/python3.12/site-packages/airflow/example_dags/example_nested_branch_dag.py
[2025-05-01T10:55:54.427+0000] {processor.py:840} INFO - DAG(s) 'example_nested_branch_dag' retrieved from /home/airflow/.local/lib/python3.12/site-packages/airflow/example_dags/example_nested_branch_dag.py
[2025-05-01T10:55:54.453+0000] {logging_mixin.py:188} INFO - [2025-05-01T10:55:54.453+0000] {dag.py:3096} INFO - Sync 1 DAGs
[2025-05-01T10:55:54.480+0000] {logging_mixin.py:188} INFO - [2025-05-01T10:55:54.480+0000] {dag.py:3954} INFO - Setting next_dagrun for example_nested_branch_dag to 2025-04-30 00:00:00+00:00, run_after=2025-05-01 00:00:00+00:00
[2025-05-01T10:55:54.508+0000] {processor.py:183} INFO - Processing /home/airflow/.local/lib/python3.12/site-packages/airflow/example_dags/example_nested_branch_dag.py took 0.101 seconds
[2025-05-01T10:56:25.120+0000] {processor.py:161} INFO - Started process (PID=614) to work on /home/airflow/.local/lib/python3.12/site-packages/airflow/example_dags/example_nested_branch_dag.py
[2025-05-01T10:56:25.121+0000] {processor.py:830} INFO - Processing file /home/airflow/.local/lib/python3.12/site-packages/airflow/example_dags/example_nested_branch_dag.py for tasks to queue
[2025-05-01T10:56:25.124+0000] {logging_mixin.py:188} INFO - [2025-05-01T10:56:25.124+0000] {dagbag.py:545} INFO - Filling up the DagBag from /home/airflow/.local/lib/python3.12/site-packages/airflow/example_dags/example_nested_branch_dag.py
[2025-05-01T10:56:25.135+0000] {processor.py:840} INFO - DAG(s) 'example_nested_branch_dag' retrieved from /home/airflow/.local/lib/python3.12/site-packages/airflow/example_dags/example_nested_branch_dag.py
[2025-05-01T10:56:25.160+0000] {logging_mixin.py:188} INFO - [2025-05-01T10:56:25.160+0000] {dag.py:3096} INFO - Sync 1 DAGs
[2025-05-01T10:56:25.187+0000] {logging_mixin.py:188} INFO - [2025-05-01T10:56:25.187+0000] {dag.py:3954} INFO - Setting next_dagrun for example_nested_branch_dag to 2025-04-30 00:00:00+00:00, run_after=2025-05-01 00:00:00+00:00
[2025-05-01T10:56:25.211+0000] {processor.py:183} INFO - Processing /home/airflow/.local/lib/python3.12/site-packages/airflow/example_dags/example_nested_branch_dag.py took 0.097 seconds
[2025-05-01T10:56:55.763+0000] {processor.py:161} INFO - Started process (PID=673) to work on /home/airflow/.local/lib/python3.12/site-packages/airflow/example_dags/example_nested_branch_dag.py
[2025-05-01T10:56:55.764+0000] {processor.py:830} INFO - Processing file /home/airflow/.local/lib/python3.12/site-packages/airflow/example_dags/example_nested_branch_dag.py for tasks to queue
[2025-05-01T10:56:55.767+0000] {logging_mixin.py:188} INFO - [2025-05-01T10:56:55.766+0000] {dagbag.py:545} INFO - Filling up the DagBag from /home/airflow/.local/lib/python3.12/site-packages/airflow/example_dags/example_nested_branch_dag.py
[2025-05-01T10:56:55.781+0000] {processor.py:840} INFO - DAG(s) 'example_nested_branch_dag' retrieved from /home/airflow/.local/lib/python3.12/site-packages/airflow/example_dags/example_nested_branch_dag.py
[2025-05-01T10:56:55.810+0000] {logging_mixin.py:188} INFO - [2025-05-01T10:56:55.810+0000] {dag.py:3096} INFO - Sync 1 DAGs
[2025-05-01T10:56:55.840+0000] {logging_mixin.py:188} INFO - [2025-05-01T10:56:55.840+0000] {dag.py:3954} INFO - Setting next_dagrun for example_nested_branch_dag to 2025-04-30 00:00:00+00:00, run_after=2025-05-01 00:00:00+00:00
[2025-05-01T10:56:55.872+0000] {processor.py:183} INFO - Processing /home/airflow/.local/lib/python3.12/site-packages/airflow/example_dags/example_nested_branch_dag.py took 0.115 seconds
[2025-05-01T10:57:26.248+0000] {processor.py:161} INFO - Started process (PID=734) to work on /home/airflow/.local/lib/python3.12/site-packages/airflow/example_dags/example_nested_branch_dag.py
[2025-05-01T10:57:26.249+0000] {processor.py:830} INFO - Processing file /home/airflow/.local/lib/python3.12/site-packages/airflow/example_dags/example_nested_branch_dag.py for tasks to queue
[2025-05-01T10:57:26.252+0000] {logging_mixin.py:188} INFO - [2025-05-01T10:57:26.251+0000] {dagbag.py:545} INFO - Filling up the DagBag from /home/airflow/.local/lib/python3.12/site-packages/airflow/example_dags/example_nested_branch_dag.py
[2025-05-01T10:57:26.263+0000] {processor.py:840} INFO - DAG(s) 'example_nested_branch_dag' retrieved from /home/airflow/.local/lib/python3.12/site-packages/airflow/example_dags/example_nested_branch_dag.py
[2025-05-01T10:57:26.289+0000] {logging_mixin.py:188} INFO - [2025-05-01T10:57:26.288+0000] {dag.py:3096} INFO - Sync 1 DAGs
[2025-05-01T10:57:26.313+0000] {logging_mixin.py:188} INFO - [2025-05-01T10:57:26.313+0000] {dag.py:3954} INFO - Setting next_dagrun for example_nested_branch_dag to 2025-04-30 00:00:00+00:00, run_after=2025-05-01 00:00:00+00:00
[2025-05-01T10:57:26.339+0000] {processor.py:183} INFO - Processing /home/airflow/.local/lib/python3.12/site-packages/airflow/example_dags/example_nested_branch_dag.py took 0.098 seconds
[2025-05-01T10:57:56.779+0000] {processor.py:161} INFO - Started process (PID=793) to work on /home/airflow/.local/lib/python3.12/site-packages/airflow/example_dags/example_nested_branch_dag.py
[2025-05-01T10:57:56.780+0000] {processor.py:830} INFO - Processing file /home/airflow/.local/lib/python3.12/site-packages/airflow/example_dags/example_nested_branch_dag.py for tasks to queue
[2025-05-01T10:57:56.783+0000] {logging_mixin.py:188} INFO - [2025-05-01T10:57:56.782+0000] {dagbag.py:545} INFO - Filling up the DagBag from /home/airflow/.local/lib/python3.12/site-packages/airflow/example_dags/example_nested_branch_dag.py
[2025-05-01T10:57:56.795+0000] {processor.py:840} INFO - DAG(s) 'example_nested_branch_dag' retrieved from /home/airflow/.local/lib/python3.12/site-packages/airflow/example_dags/example_nested_branch_dag.py
[2025-05-01T10:57:56.823+0000] {logging_mixin.py:188} INFO - [2025-05-01T10:57:56.823+0000] {dag.py:3096} INFO - Sync 1 DAGs
[2025-05-01T10:57:56.852+0000] {logging_mixin.py:188} INFO - [2025-05-01T10:57:56.851+0000] {dag.py:3954} INFO - Setting next_dagrun for example_nested_branch_dag to 2025-04-30 00:00:00+00:00, run_after=2025-05-01 00:00:00+00:00
[2025-05-01T10:57:56.878+0000] {processor.py:183} INFO - Processing /home/airflow/.local/lib/python3.12/site-packages/airflow/example_dags/example_nested_branch_dag.py took 0.105 seconds
[2025-05-01T10:58:27.435+0000] {processor.py:161} INFO - Started process (PID=852) to work on /home/airflow/.local/lib/python3.12/site-packages/airflow/example_dags/example_nested_branch_dag.py
[2025-05-01T10:58:27.436+0000] {processor.py:830} INFO - Processing file /home/airflow/.local/lib/python3.12/site-packages/airflow/example_dags/example_nested_branch_dag.py for tasks to queue
[2025-05-01T10:58:27.439+0000] {logging_mixin.py:188} INFO - [2025-05-01T10:58:27.439+0000] {dagbag.py:545} INFO - Filling up the DagBag from /home/airflow/.local/lib/python3.12/site-packages/airflow/example_dags/example_nested_branch_dag.py
[2025-05-01T10:58:27.451+0000] {processor.py:840} INFO - DAG(s) 'example_nested_branch_dag' retrieved from /home/airflow/.local/lib/python3.12/site-packages/airflow/example_dags/example_nested_branch_dag.py
[2025-05-01T10:58:27.476+0000] {logging_mixin.py:188} INFO - [2025-05-01T10:58:27.476+0000] {dag.py:3096} INFO - Sync 1 DAGs
[2025-05-01T10:58:27.502+0000] {logging_mixin.py:188} INFO - [2025-05-01T10:58:27.501+0000] {dag.py:3954} INFO - Setting next_dagrun for example_nested_branch_dag to 2025-04-30 00:00:00+00:00, run_after=2025-05-01 00:00:00+00:00
[2025-05-01T10:58:27.529+0000] {processor.py:183} INFO - Processing /home/airflow/.local/lib/python3.12/site-packages/airflow/example_dags/example_nested_branch_dag.py took 0.100 seconds
[2025-05-01T10:58:57.924+0000] {processor.py:161} INFO - Started process (PID=911) to work on /home/airflow/.local/lib/python3.12/site-packages/airflow/example_dags/example_nested_branch_dag.py
[2025-05-01T10:58:57.925+0000] {processor.py:830} INFO - Processing file /home/airflow/.local/lib/python3.12/site-packages/airflow/example_dags/example_nested_branch_dag.py for tasks to queue
[2025-05-01T10:58:57.928+0000] {logging_mixin.py:188} INFO - [2025-05-01T10:58:57.927+0000] {dagbag.py:545} INFO - Filling up the DagBag from /home/airflow/.local/lib/python3.12/site-packages/airflow/example_dags/example_nested_branch_dag.py
[2025-05-01T10:58:57.937+0000] {processor.py:840} INFO - DAG(s) 'example_nested_branch_dag' retrieved from /home/airflow/.local/lib/python3.12/site-packages/airflow/example_dags/example_nested_branch_dag.py
[2025-05-01T10:58:57.963+0000] {logging_mixin.py:188} INFO - [2025-05-01T10:58:57.962+0000] {dag.py:3096} INFO - Sync 1 DAGs
[2025-05-01T10:58:57.995+0000] {logging_mixin.py:188} INFO - [2025-05-01T10:58:57.995+0000] {dag.py:3954} INFO - Setting next_dagrun for example_nested_branch_dag to 2025-04-30 00:00:00+00:00, run_after=2025-05-01 00:00:00+00:00
[2025-05-01T10:58:58.028+0000] {processor.py:183} INFO - Processing /home/airflow/.local/lib/python3.12/site-packages/airflow/example_dags/example_nested_branch_dag.py took 0.111 seconds
[2025-05-01T10:59:28.170+0000] {processor.py:161} INFO - Started process (PID=971) to work on /home/airflow/.local/lib/python3.12/site-packages/airflow/example_dags/example_nested_branch_dag.py
[2025-05-01T10:59:28.171+0000] {processor.py:830} INFO - Processing file /home/airflow/.local/lib/python3.12/site-packages/airflow/example_dags/example_nested_branch_dag.py for tasks to queue
[2025-05-01T10:59:28.174+0000] {logging_mixin.py:188} INFO - [2025-05-01T10:59:28.174+0000] {dagbag.py:545} INFO - Filling up the DagBag from /home/airflow/.local/lib/python3.12/site-packages/airflow/example_dags/example_nested_branch_dag.py
[2025-05-01T10:59:28.185+0000] {processor.py:840} INFO - DAG(s) 'example_nested_branch_dag' retrieved from /home/airflow/.local/lib/python3.12/site-packages/airflow/example_dags/example_nested_branch_dag.py
[2025-05-01T10:59:28.212+0000] {logging_mixin.py:188} INFO - [2025-05-01T10:59:28.212+0000] {dag.py:3096} INFO - Sync 1 DAGs
[2025-05-01T10:59:28.238+0000] {logging_mixin.py:188} INFO - [2025-05-01T10:59:28.238+0000] {dag.py:3954} INFO - Setting next_dagrun for example_nested_branch_dag to 2025-04-30 00:00:00+00:00, run_after=2025-05-01 00:00:00+00:00
[2025-05-01T10:59:28.262+0000] {processor.py:183} INFO - Processing /home/airflow/.local/lib/python3.12/site-packages/airflow/example_dags/example_nested_branch_dag.py took 0.098 seconds
[2025-05-01T10:59:58.807+0000] {processor.py:161} INFO - Started process (PID=1030) to work on /home/airflow/.local/lib/python3.12/site-packages/airflow/example_dags/example_nested_branch_dag.py
[2025-05-01T10:59:58.810+0000] {processor.py:830} INFO - Processing file /home/airflow/.local/lib/python3.12/site-packages/airflow/example_dags/example_nested_branch_dag.py for tasks to queue
[2025-05-01T10:59:58.816+0000] {logging_mixin.py:188} INFO - [2025-05-01T10:59:58.815+0000] {dagbag.py:545} INFO - Filling up the DagBag from /home/airflow/.local/lib/python3.12/site-packages/airflow/example_dags/example_nested_branch_dag.py
[2025-05-01T10:59:58.839+0000] {processor.py:840} INFO - DAG(s) 'example_nested_branch_dag' retrieved from /home/airflow/.local/lib/python3.12/site-packages/airflow/example_dags/example_nested_branch_dag.py
[2025-05-01T10:59:58.889+0000] {logging_mixin.py:188} INFO - [2025-05-01T10:59:58.888+0000] {dag.py:3096} INFO - Sync 1 DAGs
[2025-05-01T10:59:58.944+0000] {logging_mixin.py:188} INFO - [2025-05-01T10:59:58.944+0000] {dag.py:3954} INFO - Setting next_dagrun for example_nested_branch_dag to 2025-04-30 00:00:00+00:00, run_after=2025-05-01 00:00:00+00:00
[2025-05-01T10:59:59.009+0000] {processor.py:183} INFO - Processing /home/airflow/.local/lib/python3.12/site-packages/airflow/example_dags/example_nested_branch_dag.py took 0.220 seconds
[2025-05-01T11:00:29.457+0000] {processor.py:161} INFO - Started process (PID=1089) to work on /home/airflow/.local/lib/python3.12/site-packages/airflow/example_dags/example_nested_branch_dag.py
[2025-05-01T11:00:29.459+0000] {processor.py:830} INFO - Processing file /home/airflow/.local/lib/python3.12/site-packages/airflow/example_dags/example_nested_branch_dag.py for tasks to queue
[2025-05-01T11:00:29.464+0000] {logging_mixin.py:188} INFO - [2025-05-01T11:00:29.463+0000] {dagbag.py:545} INFO - Filling up the DagBag from /home/airflow/.local/lib/python3.12/site-packages/airflow/example_dags/example_nested_branch_dag.py
[2025-05-01T11:00:29.488+0000] {processor.py:840} INFO - DAG(s) 'example_nested_branch_dag' retrieved from /home/airflow/.local/lib/python3.12/site-packages/airflow/example_dags/example_nested_branch_dag.py
[2025-05-01T11:00:29.548+0000] {logging_mixin.py:188} INFO - [2025-05-01T11:00:29.547+0000] {dag.py:3096} INFO - Sync 1 DAGs
[2025-05-01T11:00:29.607+0000] {logging_mixin.py:188} INFO - [2025-05-01T11:00:29.606+0000] {dag.py:3954} INFO - Setting next_dagrun for example_nested_branch_dag to 2025-04-30 00:00:00+00:00, run_after=2025-05-01 00:00:00+00:00
[2025-05-01T11:00:29.672+0000] {processor.py:183} INFO - Processing /home/airflow/.local/lib/python3.12/site-packages/airflow/example_dags/example_nested_branch_dag.py took 0.229 seconds
[2025-05-01T11:00:59.823+0000] {processor.py:161} INFO - Started process (PID=1149) to work on /home/airflow/.local/lib/python3.12/site-packages/airflow/example_dags/example_nested_branch_dag.py
[2025-05-01T11:00:59.826+0000] {processor.py:830} INFO - Processing file /home/airflow/.local/lib/python3.12/site-packages/airflow/example_dags/example_nested_branch_dag.py for tasks to queue
[2025-05-01T11:00:59.830+0000] {logging_mixin.py:188} INFO - [2025-05-01T11:00:59.830+0000] {dagbag.py:545} INFO - Filling up the DagBag from /home/airflow/.local/lib/python3.12/site-packages/airflow/example_dags/example_nested_branch_dag.py
[2025-05-01T11:00:59.859+0000] {processor.py:840} INFO - DAG(s) 'example_nested_branch_dag' retrieved from /home/airflow/.local/lib/python3.12/site-packages/airflow/example_dags/example_nested_branch_dag.py
[2025-05-01T11:00:59.917+0000] {logging_mixin.py:188} INFO - [2025-05-01T11:00:59.916+0000] {dag.py:3096} INFO - Sync 1 DAGs
[2025-05-01T11:00:59.970+0000] {logging_mixin.py:188} INFO - [2025-05-01T11:00:59.970+0000] {dag.py:3954} INFO - Setting next_dagrun for example_nested_branch_dag to 2025-04-30 00:00:00+00:00, run_after=2025-05-01 00:00:00+00:00
[2025-05-01T11:01:00.055+0000] {processor.py:183} INFO - Processing /home/airflow/.local/lib/python3.12/site-packages/airflow/example_dags/example_nested_branch_dag.py took 0.244 seconds
[2025-05-01T11:01:30.227+0000] {processor.py:161} INFO - Started process (PID=1207) to work on /home/airflow/.local/lib/python3.12/site-packages/airflow/example_dags/example_nested_branch_dag.py
[2025-05-01T11:01:30.229+0000] {processor.py:830} INFO - Processing file /home/airflow/.local/lib/python3.12/site-packages/airflow/example_dags/example_nested_branch_dag.py for tasks to queue
[2025-05-01T11:01:30.233+0000] {logging_mixin.py:188} INFO - [2025-05-01T11:01:30.232+0000] {dagbag.py:545} INFO - Filling up the DagBag from /home/airflow/.local/lib/python3.12/site-packages/airflow/example_dags/example_nested_branch_dag.py
[2025-05-01T11:01:30.252+0000] {processor.py:840} INFO - DAG(s) 'example_nested_branch_dag' retrieved from /home/airflow/.local/lib/python3.12/site-packages/airflow/example_dags/example_nested_branch_dag.py
[2025-05-01T11:01:30.298+0000] {logging_mixin.py:188} INFO - [2025-05-01T11:01:30.298+0000] {dag.py:3096} INFO - Sync 1 DAGs
[2025-05-01T11:01:30.344+0000] {logging_mixin.py:188} INFO - [2025-05-01T11:01:30.344+0000] {dag.py:3954} INFO - Setting next_dagrun for example_nested_branch_dag to 2025-04-30 00:00:00+00:00, run_after=2025-05-01 00:00:00+00:00
[2025-05-01T11:01:30.387+0000] {processor.py:183} INFO - Processing /home/airflow/.local/lib/python3.12/site-packages/airflow/example_dags/example_nested_branch_dag.py took 0.172 seconds
[2025-05-01T11:02:00.499+0000] {processor.py:161} INFO - Started process (PID=1266) to work on /home/airflow/.local/lib/python3.12/site-packages/airflow/example_dags/example_nested_branch_dag.py
[2025-05-01T11:02:00.501+0000] {processor.py:830} INFO - Processing file /home/airflow/.local/lib/python3.12/site-packages/airflow/example_dags/example_nested_branch_dag.py for tasks to queue
[2025-05-01T11:02:00.506+0000] {logging_mixin.py:188} INFO - [2025-05-01T11:02:00.505+0000] {dagbag.py:545} INFO - Filling up the DagBag from /home/airflow/.local/lib/python3.12/site-packages/airflow/example_dags/example_nested_branch_dag.py
[2025-05-01T11:02:00.532+0000] {processor.py:840} INFO - DAG(s) 'example_nested_branch_dag' retrieved from /home/airflow/.local/lib/python3.12/site-packages/airflow/example_dags/example_nested_branch_dag.py
[2025-05-01T11:02:00.581+0000] {logging_mixin.py:188} INFO - [2025-05-01T11:02:00.581+0000] {dag.py:3096} INFO - Sync 1 DAGs
[2025-05-01T11:02:00.635+0000] {logging_mixin.py:188} INFO - [2025-05-01T11:02:00.634+0000] {dag.py:3954} INFO - Setting next_dagrun for example_nested_branch_dag to 2025-04-30 00:00:00+00:00, run_after=2025-05-01 00:00:00+00:00
[2025-05-01T11:02:00.723+0000] {processor.py:183} INFO - Processing /home/airflow/.local/lib/python3.12/site-packages/airflow/example_dags/example_nested_branch_dag.py took 0.236 seconds
[2025-05-01T11:02:31.513+0000] {processor.py:161} INFO - Started process (PID=1324) to work on /home/airflow/.local/lib/python3.12/site-packages/airflow/example_dags/example_nested_branch_dag.py
[2025-05-01T11:02:31.516+0000] {processor.py:830} INFO - Processing file /home/airflow/.local/lib/python3.12/site-packages/airflow/example_dags/example_nested_branch_dag.py for tasks to queue
[2025-05-01T11:02:31.523+0000] {logging_mixin.py:188} INFO - [2025-05-01T11:02:31.522+0000] {dagbag.py:545} INFO - Filling up the DagBag from /home/airflow/.local/lib/python3.12/site-packages/airflow/example_dags/example_nested_branch_dag.py
[2025-05-01T11:02:31.550+0000] {processor.py:840} INFO - DAG(s) 'example_nested_branch_dag' retrieved from /home/airflow/.local/lib/python3.12/site-packages/airflow/example_dags/example_nested_branch_dag.py
[2025-05-01T11:02:31.607+0000] {logging_mixin.py:188} INFO - [2025-05-01T11:02:31.607+0000] {dag.py:3096} INFO - Sync 1 DAGs
[2025-05-01T11:02:31.686+0000] {logging_mixin.py:188} INFO - [2025-05-01T11:02:31.686+0000] {dag.py:3954} INFO - Setting next_dagrun for example_nested_branch_dag to 2025-04-30 00:00:00+00:00, run_after=2025-05-01 00:00:00+00:00
[2025-05-01T11:02:31.747+0000] {processor.py:183} INFO - Processing /home/airflow/.local/lib/python3.12/site-packages/airflow/example_dags/example_nested_branch_dag.py took 0.245 seconds
[2025-05-01T11:03:02.684+0000] {processor.py:161} INFO - Started process (PID=1384) to work on /home/airflow/.local/lib/python3.12/site-packages/airflow/example_dags/example_nested_branch_dag.py
[2025-05-01T11:03:02.686+0000] {processor.py:830} INFO - Processing file /home/airflow/.local/lib/python3.12/site-packages/airflow/example_dags/example_nested_branch_dag.py for tasks to queue
[2025-05-01T11:03:02.691+0000] {logging_mixin.py:188} INFO - [2025-05-01T11:03:02.690+0000] {dagbag.py:545} INFO - Filling up the DagBag from /home/airflow/.local/lib/python3.12/site-packages/airflow/example_dags/example_nested_branch_dag.py
[2025-05-01T11:03:02.711+0000] {processor.py:840} INFO - DAG(s) 'example_nested_branch_dag' retrieved from /home/airflow/.local/lib/python3.12/site-packages/airflow/example_dags/example_nested_branch_dag.py
[2025-05-01T11:03:02.755+0000] {logging_mixin.py:188} INFO - [2025-05-01T11:03:02.755+0000] {dag.py:3096} INFO - Sync 1 DAGs
[2025-05-01T11:03:02.800+0000] {logging_mixin.py:188} INFO - [2025-05-01T11:03:02.800+0000] {dag.py:3954} INFO - Setting next_dagrun for example_nested_branch_dag to 2025-04-30 00:00:00+00:00, run_after=2025-05-01 00:00:00+00:00
[2025-05-01T11:03:02.844+0000] {processor.py:183} INFO - Processing /home/airflow/.local/lib/python3.12/site-packages/airflow/example_dags/example_nested_branch_dag.py took 0.170 seconds
[2025-05-01T11:03:32.945+0000] {processor.py:161} INFO - Started process (PID=1442) to work on /home/airflow/.local/lib/python3.12/site-packages/airflow/example_dags/example_nested_branch_dag.py
[2025-05-01T11:03:32.952+0000] {processor.py:830} INFO - Processing file /home/airflow/.local/lib/python3.12/site-packages/airflow/example_dags/example_nested_branch_dag.py for tasks to queue
[2025-05-01T11:03:32.963+0000] {logging_mixin.py:188} INFO - [2025-05-01T11:03:32.962+0000] {dagbag.py:545} INFO - Filling up the DagBag from /home/airflow/.local/lib/python3.12/site-packages/airflow/example_dags/example_nested_branch_dag.py
[2025-05-01T11:03:33.014+0000] {processor.py:840} INFO - DAG(s) 'example_nested_branch_dag' retrieved from /home/airflow/.local/lib/python3.12/site-packages/airflow/example_dags/example_nested_branch_dag.py
[2025-05-01T11:03:33.069+0000] {logging_mixin.py:188} INFO - [2025-05-01T11:03:33.068+0000] {dag.py:3096} INFO - Sync 1 DAGs
[2025-05-01T11:03:33.135+0000] {logging_mixin.py:188} INFO - [2025-05-01T11:03:33.134+0000] {dag.py:3954} INFO - Setting next_dagrun for example_nested_branch_dag to 2025-04-30 00:00:00+00:00, run_after=2025-05-01 00:00:00+00:00
[2025-05-01T11:03:33.177+0000] {processor.py:183} INFO - Processing /home/airflow/.local/lib/python3.12/site-packages/airflow/example_dags/example_nested_branch_dag.py took 0.250 seconds
[2025-05-01T11:04:03.593+0000] {processor.py:161} INFO - Started process (PID=1501) to work on /home/airflow/.local/lib/python3.12/site-packages/airflow/example_dags/example_nested_branch_dag.py
[2025-05-01T11:04:03.596+0000] {processor.py:830} INFO - Processing file /home/airflow/.local/lib/python3.12/site-packages/airflow/example_dags/example_nested_branch_dag.py for tasks to queue
[2025-05-01T11:04:03.600+0000] {logging_mixin.py:188} INFO - [2025-05-01T11:04:03.599+0000] {dagbag.py:545} INFO - Filling up the DagBag from /home/airflow/.local/lib/python3.12/site-packages/airflow/example_dags/example_nested_branch_dag.py
[2025-05-01T11:04:03.621+0000] {processor.py:840} INFO - DAG(s) 'example_nested_branch_dag' retrieved from /home/airflow/.local/lib/python3.12/site-packages/airflow/example_dags/example_nested_branch_dag.py
[2025-05-01T11:04:03.674+0000] {logging_mixin.py:188} INFO - [2025-05-01T11:04:03.673+0000] {dag.py:3096} INFO - Sync 1 DAGs
[2025-05-01T11:04:03.723+0000] {logging_mixin.py:188} INFO - [2025-05-01T11:04:03.722+0000] {dag.py:3954} INFO - Setting next_dagrun for example_nested_branch_dag to 2025-04-30 00:00:00+00:00, run_after=2025-05-01 00:00:00+00:00
[2025-05-01T11:04:03.772+0000] {processor.py:183} INFO - Processing /home/airflow/.local/lib/python3.12/site-packages/airflow/example_dags/example_nested_branch_dag.py took 0.207 seconds
[2025-05-01T11:04:34.507+0000] {processor.py:161} INFO - Started process (PID=1560) to work on /home/airflow/.local/lib/python3.12/site-packages/airflow/example_dags/example_nested_branch_dag.py
[2025-05-01T11:04:34.509+0000] {processor.py:830} INFO - Processing file /home/airflow/.local/lib/python3.12/site-packages/airflow/example_dags/example_nested_branch_dag.py for tasks to queue
[2025-05-01T11:04:34.514+0000] {logging_mixin.py:188} INFO - [2025-05-01T11:04:34.513+0000] {dagbag.py:545} INFO - Filling up the DagBag from /home/airflow/.local/lib/python3.12/site-packages/airflow/example_dags/example_nested_branch_dag.py
[2025-05-01T11:04:34.541+0000] {processor.py:840} INFO - DAG(s) 'example_nested_branch_dag' retrieved from /home/airflow/.local/lib/python3.12/site-packages/airflow/example_dags/example_nested_branch_dag.py
[2025-05-01T11:04:34.629+0000] {logging_mixin.py:188} INFO - [2025-05-01T11:04:34.628+0000] {dag.py:3096} INFO - Sync 1 DAGs
[2025-05-01T11:04:34.684+0000] {logging_mixin.py:188} INFO - [2025-05-01T11:04:34.684+0000] {dag.py:3954} INFO - Setting next_dagrun for example_nested_branch_dag to 2025-04-30 00:00:00+00:00, run_after=2025-05-01 00:00:00+00:00
[2025-05-01T11:04:34.738+0000] {processor.py:183} INFO - Processing /home/airflow/.local/lib/python3.12/site-packages/airflow/example_dags/example_nested_branch_dag.py took 0.244 seconds
[2025-05-01T11:05:05.268+0000] {processor.py:161} INFO - Started process (PID=1619) to work on /home/airflow/.local/lib/python3.12/site-packages/airflow/example_dags/example_nested_branch_dag.py
[2025-05-01T11:05:05.271+0000] {processor.py:830} INFO - Processing file /home/airflow/.local/lib/python3.12/site-packages/airflow/example_dags/example_nested_branch_dag.py for tasks to queue
[2025-05-01T11:05:05.276+0000] {logging_mixin.py:188} INFO - [2025-05-01T11:05:05.276+0000] {dagbag.py:545} INFO - Filling up the DagBag from /home/airflow/.local/lib/python3.12/site-packages/airflow/example_dags/example_nested_branch_dag.py
[2025-05-01T11:05:05.308+0000] {processor.py:840} INFO - DAG(s) 'example_nested_branch_dag' retrieved from /home/airflow/.local/lib/python3.12/site-packages/airflow/example_dags/example_nested_branch_dag.py
[2025-05-01T11:05:05.367+0000] {logging_mixin.py:188} INFO - [2025-05-01T11:05:05.366+0000] {dag.py:3096} INFO - Sync 1 DAGs
[2025-05-01T11:05:05.419+0000] {logging_mixin.py:188} INFO - [2025-05-01T11:05:05.418+0000] {dag.py:3954} INFO - Setting next_dagrun for example_nested_branch_dag to 2025-04-30 00:00:00+00:00, run_after=2025-05-01 00:00:00+00:00
[2025-05-01T11:05:05.497+0000] {processor.py:183} INFO - Processing /home/airflow/.local/lib/python3.12/site-packages/airflow/example_dags/example_nested_branch_dag.py took 0.241 seconds
[2025-05-01T11:05:36.331+0000] {processor.py:161} INFO - Started process (PID=1678) to work on /home/airflow/.local/lib/python3.12/site-packages/airflow/example_dags/example_nested_branch_dag.py
[2025-05-01T11:05:36.334+0000] {processor.py:830} INFO - Processing file /home/airflow/.local/lib/python3.12/site-packages/airflow/example_dags/example_nested_branch_dag.py for tasks to queue
[2025-05-01T11:05:36.339+0000] {logging_mixin.py:188} INFO - [2025-05-01T11:05:36.338+0000] {dagbag.py:545} INFO - Filling up the DagBag from /home/airflow/.local/lib/python3.12/site-packages/airflow/example_dags/example_nested_branch_dag.py
[2025-05-01T11:05:36.362+0000] {processor.py:840} INFO - DAG(s) 'example_nested_branch_dag' retrieved from /home/airflow/.local/lib/python3.12/site-packages/airflow/example_dags/example_nested_branch_dag.py
[2025-05-01T11:05:36.419+0000] {logging_mixin.py:188} INFO - [2025-05-01T11:05:36.418+0000] {dag.py:3096} INFO - Sync 1 DAGs
[2025-05-01T11:05:36.477+0000] {logging_mixin.py:188} INFO - [2025-05-01T11:05:36.477+0000] {dag.py:3954} INFO - Setting next_dagrun for example_nested_branch_dag to 2025-04-30 00:00:00+00:00, run_after=2025-05-01 00:00:00+00:00
[2025-05-01T11:05:36.559+0000] {processor.py:183} INFO - Processing /home/airflow/.local/lib/python3.12/site-packages/airflow/example_dags/example_nested_branch_dag.py took 0.240 seconds
[2025-05-01T11:06:07.317+0000] {processor.py:161} INFO - Started process (PID=1737) to work on /home/airflow/.local/lib/python3.12/site-packages/airflow/example_dags/example_nested_branch_dag.py
[2025-05-01T11:06:07.320+0000] {processor.py:830} INFO - Processing file /home/airflow/.local/lib/python3.12/site-packages/airflow/example_dags/example_nested_branch_dag.py for tasks to queue
[2025-05-01T11:06:07.325+0000] {logging_mixin.py:188} INFO - [2025-05-01T11:06:07.324+0000] {dagbag.py:545} INFO - Filling up the DagBag from /home/airflow/.local/lib/python3.12/site-packages/airflow/example_dags/example_nested_branch_dag.py
[2025-05-01T11:06:07.355+0000] {processor.py:840} INFO - DAG(s) 'example_nested_branch_dag' retrieved from /home/airflow/.local/lib/python3.12/site-packages/airflow/example_dags/example_nested_branch_dag.py
[2025-05-01T11:06:07.414+0000] {logging_mixin.py:188} INFO - [2025-05-01T11:06:07.414+0000] {dag.py:3096} INFO - Sync 1 DAGs
[2025-05-01T11:06:07.479+0000] {logging_mixin.py:188} INFO - [2025-05-01T11:06:07.479+0000] {dag.py:3954} INFO - Setting next_dagrun for example_nested_branch_dag to 2025-04-30 00:00:00+00:00, run_after=2025-05-01 00:00:00+00:00
[2025-05-01T11:06:07.523+0000] {processor.py:183} INFO - Processing /home/airflow/.local/lib/python3.12/site-packages/airflow/example_dags/example_nested_branch_dag.py took 0.223 seconds
[2025-05-01T11:06:38.573+0000] {processor.py:161} INFO - Started process (PID=1796) to work on /home/airflow/.local/lib/python3.12/site-packages/airflow/example_dags/example_nested_branch_dag.py
[2025-05-01T11:06:38.575+0000] {processor.py:830} INFO - Processing file /home/airflow/.local/lib/python3.12/site-packages/airflow/example_dags/example_nested_branch_dag.py for tasks to queue
[2025-05-01T11:06:38.579+0000] {logging_mixin.py:188} INFO - [2025-05-01T11:06:38.578+0000] {dagbag.py:545} INFO - Filling up the DagBag from /home/airflow/.local/lib/python3.12/site-packages/airflow/example_dags/example_nested_branch_dag.py
[2025-05-01T11:06:38.599+0000] {processor.py:840} INFO - DAG(s) 'example_nested_branch_dag' retrieved from /home/airflow/.local/lib/python3.12/site-packages/airflow/example_dags/example_nested_branch_dag.py
[2025-05-01T11:06:38.650+0000] {logging_mixin.py:188} INFO - [2025-05-01T11:06:38.650+0000] {dag.py:3096} INFO - Sync 1 DAGs
[2025-05-01T11:06:38.705+0000] {logging_mixin.py:188} INFO - [2025-05-01T11:06:38.704+0000] {dag.py:3954} INFO - Setting next_dagrun for example_nested_branch_dag to 2025-04-30 00:00:00+00:00, run_after=2025-05-01 00:00:00+00:00
[2025-05-01T11:06:38.750+0000] {processor.py:183} INFO - Processing /home/airflow/.local/lib/python3.12/site-packages/airflow/example_dags/example_nested_branch_dag.py took 0.191 seconds
[2025-05-01T11:07:10.153+0000] {processor.py:161} INFO - Started process (PID=1856) to work on /home/airflow/.local/lib/python3.12/site-packages/airflow/example_dags/example_nested_branch_dag.py
[2025-05-01T11:07:10.156+0000] {processor.py:830} INFO - Processing file /home/airflow/.local/lib/python3.12/site-packages/airflow/example_dags/example_nested_branch_dag.py for tasks to queue
[2025-05-01T11:07:10.160+0000] {logging_mixin.py:188} INFO - [2025-05-01T11:07:10.159+0000] {dagbag.py:545} INFO - Filling up the DagBag from /home/airflow/.local/lib/python3.12/site-packages/airflow/example_dags/example_nested_branch_dag.py
[2025-05-01T11:07:10.179+0000] {processor.py:840} INFO - DAG(s) 'example_nested_branch_dag' retrieved from /home/airflow/.local/lib/python3.12/site-packages/airflow/example_dags/example_nested_branch_dag.py
[2025-05-01T11:07:10.241+0000] {logging_mixin.py:188} INFO - [2025-05-01T11:07:10.240+0000] {dag.py:3096} INFO - Sync 1 DAGs
[2025-05-01T11:07:10.338+0000] {logging_mixin.py:188} INFO - [2025-05-01T11:07:10.337+0000] {dag.py:3954} INFO - Setting next_dagrun for example_nested_branch_dag to 2025-04-30 00:00:00+00:00, run_after=2025-05-01 00:00:00+00:00
[2025-05-01T11:07:10.410+0000] {processor.py:183} INFO - Processing /home/airflow/.local/lib/python3.12/site-packages/airflow/example_dags/example_nested_branch_dag.py took 0.267 seconds
[2025-05-01T11:07:42.903+0000] {processor.py:161} INFO - Started process (PID=1915) to work on /home/airflow/.local/lib/python3.12/site-packages/airflow/example_dags/example_nested_branch_dag.py
[2025-05-01T11:07:42.905+0000] {processor.py:830} INFO - Processing file /home/airflow/.local/lib/python3.12/site-packages/airflow/example_dags/example_nested_branch_dag.py for tasks to queue
[2025-05-01T11:07:42.909+0000] {logging_mixin.py:188} INFO - [2025-05-01T11:07:42.908+0000] {dagbag.py:545} INFO - Filling up the DagBag from /home/airflow/.local/lib/python3.12/site-packages/airflow/example_dags/example_nested_branch_dag.py
[2025-05-01T11:07:42.928+0000] {processor.py:840} INFO - DAG(s) 'example_nested_branch_dag' retrieved from /home/airflow/.local/lib/python3.12/site-packages/airflow/example_dags/example_nested_branch_dag.py
[2025-05-01T11:07:42.973+0000] {logging_mixin.py:188} INFO - [2025-05-01T11:07:42.973+0000] {dag.py:3096} INFO - Sync 1 DAGs
[2025-05-01T11:07:43.234+0000] {logging_mixin.py:188} INFO - [2025-05-01T11:07:43.233+0000] {dag.py:3954} INFO - Setting next_dagrun for example_nested_branch_dag to 2025-04-30 00:00:00+00:00, run_after=2025-05-01 00:00:00+00:00
[2025-05-01T11:07:43.325+0000] {processor.py:183} INFO - Processing /home/airflow/.local/lib/python3.12/site-packages/airflow/example_dags/example_nested_branch_dag.py took 0.433 seconds
[2025-05-01T11:08:14.146+0000] {processor.py:161} INFO - Started process (PID=1974) to work on /home/airflow/.local/lib/python3.12/site-packages/airflow/example_dags/example_nested_branch_dag.py
[2025-05-01T11:08:14.149+0000] {processor.py:830} INFO - Processing file /home/airflow/.local/lib/python3.12/site-packages/airflow/example_dags/example_nested_branch_dag.py for tasks to queue
[2025-05-01T11:08:14.155+0000] {logging_mixin.py:188} INFO - [2025-05-01T11:08:14.154+0000] {dagbag.py:545} INFO - Filling up the DagBag from /home/airflow/.local/lib/python3.12/site-packages/airflow/example_dags/example_nested_branch_dag.py
[2025-05-01T11:08:14.181+0000] {processor.py:840} INFO - DAG(s) 'example_nested_branch_dag' retrieved from /home/airflow/.local/lib/python3.12/site-packages/airflow/example_dags/example_nested_branch_dag.py
[2025-05-01T11:08:14.247+0000] {logging_mixin.py:188} INFO - [2025-05-01T11:08:14.246+0000] {dag.py:3096} INFO - Sync 1 DAGs
[2025-05-01T11:08:14.307+0000] {logging_mixin.py:188} INFO - [2025-05-01T11:08:14.307+0000] {dag.py:3954} INFO - Setting next_dagrun for example_nested_branch_dag to 2025-04-30 00:00:00+00:00, run_after=2025-05-01 00:00:00+00:00
[2025-05-01T11:08:14.373+0000] {processor.py:183} INFO - Processing /home/airflow/.local/lib/python3.12/site-packages/airflow/example_dags/example_nested_branch_dag.py took 0.245 seconds
[2025-05-01T11:08:45.318+0000] {processor.py:161} INFO - Started process (PID=2033) to work on /home/airflow/.local/lib/python3.12/site-packages/airflow/example_dags/example_nested_branch_dag.py
[2025-05-01T11:08:45.321+0000] {processor.py:830} INFO - Processing file /home/airflow/.local/lib/python3.12/site-packages/airflow/example_dags/example_nested_branch_dag.py for tasks to queue
[2025-05-01T11:08:45.325+0000] {logging_mixin.py:188} INFO - [2025-05-01T11:08:45.324+0000] {dagbag.py:545} INFO - Filling up the DagBag from /home/airflow/.local/lib/python3.12/site-packages/airflow/example_dags/example_nested_branch_dag.py
[2025-05-01T11:08:45.345+0000] {processor.py:840} INFO - DAG(s) 'example_nested_branch_dag' retrieved from /home/airflow/.local/lib/python3.12/site-packages/airflow/example_dags/example_nested_branch_dag.py
[2025-05-01T11:08:45.391+0000] {logging_mixin.py:188} INFO - [2025-05-01T11:08:45.391+0000] {dag.py:3096} INFO - Sync 1 DAGs
[2025-05-01T11:08:45.454+0000] {logging_mixin.py:188} INFO - [2025-05-01T11:08:45.453+0000] {dag.py:3954} INFO - Setting next_dagrun for example_nested_branch_dag to 2025-04-30 00:00:00+00:00, run_after=2025-05-01 00:00:00+00:00
[2025-05-01T11:08:45.551+0000] {processor.py:183} INFO - Processing /home/airflow/.local/lib/python3.12/site-packages/airflow/example_dags/example_nested_branch_dag.py took 0.243 seconds
[2025-05-01T11:09:16.240+0000] {processor.py:161} INFO - Started process (PID=2090) to work on /home/airflow/.local/lib/python3.12/site-packages/airflow/example_dags/example_nested_branch_dag.py
[2025-05-01T11:09:16.243+0000] {processor.py:830} INFO - Processing file /home/airflow/.local/lib/python3.12/site-packages/airflow/example_dags/example_nested_branch_dag.py for tasks to queue
[2025-05-01T11:09:16.248+0000] {logging_mixin.py:188} INFO - [2025-05-01T11:09:16.247+0000] {dagbag.py:545} INFO - Filling up the DagBag from /home/airflow/.local/lib/python3.12/site-packages/airflow/example_dags/example_nested_branch_dag.py
[2025-05-01T11:09:16.273+0000] {processor.py:840} INFO - DAG(s) 'example_nested_branch_dag' retrieved from /home/airflow/.local/lib/python3.12/site-packages/airflow/example_dags/example_nested_branch_dag.py
[2025-05-01T11:09:16.330+0000] {logging_mixin.py:188} INFO - [2025-05-01T11:09:16.329+0000] {dag.py:3096} INFO - Sync 1 DAGs
[2025-05-01T11:09:16.387+0000] {logging_mixin.py:188} INFO - [2025-05-01T11:09:16.386+0000] {dag.py:3954} INFO - Setting next_dagrun for example_nested_branch_dag to 2025-04-30 00:00:00+00:00, run_after=2025-05-01 00:00:00+00:00
[2025-05-01T11:09:16.439+0000] {processor.py:183} INFO - Processing /home/airflow/.local/lib/python3.12/site-packages/airflow/example_dags/example_nested_branch_dag.py took 0.215 seconds
[2025-05-01T11:09:46.781+0000] {processor.py:161} INFO - Started process (PID=2149) to work on /home/airflow/.local/lib/python3.12/site-packages/airflow/example_dags/example_nested_branch_dag.py
[2025-05-01T11:09:46.783+0000] {processor.py:830} INFO - Processing file /home/airflow/.local/lib/python3.12/site-packages/airflow/example_dags/example_nested_branch_dag.py for tasks to queue
[2025-05-01T11:09:46.788+0000] {logging_mixin.py:188} INFO - [2025-05-01T11:09:46.787+0000] {dagbag.py:545} INFO - Filling up the DagBag from /home/airflow/.local/lib/python3.12/site-packages/airflow/example_dags/example_nested_branch_dag.py
[2025-05-01T11:09:46.813+0000] {processor.py:840} INFO - DAG(s) 'example_nested_branch_dag' retrieved from /home/airflow/.local/lib/python3.12/site-packages/airflow/example_dags/example_nested_branch_dag.py
[2025-05-01T11:09:46.872+0000] {logging_mixin.py:188} INFO - [2025-05-01T11:09:46.871+0000] {dag.py:3096} INFO - Sync 1 DAGs
[2025-05-01T11:09:46.946+0000] {logging_mixin.py:188} INFO - [2025-05-01T11:09:46.946+0000] {dag.py:3954} INFO - Setting next_dagrun for example_nested_branch_dag to 2025-04-30 00:00:00+00:00, run_after=2025-05-01 00:00:00+00:00
[2025-05-01T11:09:46.998+0000] {processor.py:183} INFO - Processing /home/airflow/.local/lib/python3.12/site-packages/airflow/example_dags/example_nested_branch_dag.py took 0.227 seconds
[2025-05-01T11:10:17.379+0000] {processor.py:161} INFO - Started process (PID=2208) to work on /home/airflow/.local/lib/python3.12/site-packages/airflow/example_dags/example_nested_branch_dag.py
[2025-05-01T11:10:17.382+0000] {processor.py:830} INFO - Processing file /home/airflow/.local/lib/python3.12/site-packages/airflow/example_dags/example_nested_branch_dag.py for tasks to queue
[2025-05-01T11:10:17.388+0000] {logging_mixin.py:188} INFO - [2025-05-01T11:10:17.388+0000] {dagbag.py:545} INFO - Filling up the DagBag from /home/airflow/.local/lib/python3.12/site-packages/airflow/example_dags/example_nested_branch_dag.py
[2025-05-01T11:10:17.414+0000] {processor.py:840} INFO - DAG(s) 'example_nested_branch_dag' retrieved from /home/airflow/.local/lib/python3.12/site-packages/airflow/example_dags/example_nested_branch_dag.py
[2025-05-01T11:10:17.483+0000] {logging_mixin.py:188} INFO - [2025-05-01T11:10:17.482+0000] {dag.py:3096} INFO - Sync 1 DAGs
[2025-05-01T11:10:17.594+0000] {logging_mixin.py:188} INFO - [2025-05-01T11:10:17.593+0000] {dag.py:3954} INFO - Setting next_dagrun for example_nested_branch_dag to 2025-04-30 00:00:00+00:00, run_after=2025-05-01 00:00:00+00:00
[2025-05-01T11:10:17.684+0000] {processor.py:183} INFO - Processing /home/airflow/.local/lib/python3.12/site-packages/airflow/example_dags/example_nested_branch_dag.py took 0.324 seconds
[2025-05-01T11:10:47.895+0000] {processor.py:161} INFO - Started process (PID=2266) to work on /home/airflow/.local/lib/python3.12/site-packages/airflow/example_dags/example_nested_branch_dag.py
[2025-05-01T11:10:47.898+0000] {processor.py:830} INFO - Processing file /home/airflow/.local/lib/python3.12/site-packages/airflow/example_dags/example_nested_branch_dag.py for tasks to queue
[2025-05-01T11:10:47.904+0000] {logging_mixin.py:188} INFO - [2025-05-01T11:10:47.903+0000] {dagbag.py:545} INFO - Filling up the DagBag from /home/airflow/.local/lib/python3.12/site-packages/airflow/example_dags/example_nested_branch_dag.py
[2025-05-01T11:10:47.926+0000] {processor.py:840} INFO - DAG(s) 'example_nested_branch_dag' retrieved from /home/airflow/.local/lib/python3.12/site-packages/airflow/example_dags/example_nested_branch_dag.py
[2025-05-01T11:10:47.986+0000] {logging_mixin.py:188} INFO - [2025-05-01T11:10:47.986+0000] {dag.py:3096} INFO - Sync 1 DAGs
[2025-05-01T11:10:48.048+0000] {logging_mixin.py:188} INFO - [2025-05-01T11:10:48.047+0000] {dag.py:3954} INFO - Setting next_dagrun for example_nested_branch_dag to 2025-04-30 00:00:00+00:00, run_after=2025-05-01 00:00:00+00:00
[2025-05-01T11:10:48.146+0000] {processor.py:183} INFO - Processing /home/airflow/.local/lib/python3.12/site-packages/airflow/example_dags/example_nested_branch_dag.py took 0.264 seconds
[2025-05-01T11:11:18.631+0000] {processor.py:161} INFO - Started process (PID=2325) to work on /home/airflow/.local/lib/python3.12/site-packages/airflow/example_dags/example_nested_branch_dag.py
[2025-05-01T11:11:18.634+0000] {processor.py:830} INFO - Processing file /home/airflow/.local/lib/python3.12/site-packages/airflow/example_dags/example_nested_branch_dag.py for tasks to queue
[2025-05-01T11:11:18.639+0000] {logging_mixin.py:188} INFO - [2025-05-01T11:11:18.639+0000] {dagbag.py:545} INFO - Filling up the DagBag from /home/airflow/.local/lib/python3.12/site-packages/airflow/example_dags/example_nested_branch_dag.py
[2025-05-01T11:11:18.672+0000] {processor.py:840} INFO - DAG(s) 'example_nested_branch_dag' retrieved from /home/airflow/.local/lib/python3.12/site-packages/airflow/example_dags/example_nested_branch_dag.py
[2025-05-01T11:11:18.737+0000] {logging_mixin.py:188} INFO - [2025-05-01T11:11:18.736+0000] {dag.py:3096} INFO - Sync 1 DAGs
[2025-05-01T11:11:18.799+0000] {logging_mixin.py:188} INFO - [2025-05-01T11:11:18.799+0000] {dag.py:3954} INFO - Setting next_dagrun for example_nested_branch_dag to 2025-04-30 00:00:00+00:00, run_after=2025-05-01 00:00:00+00:00
[2025-05-01T11:11:18.855+0000] {processor.py:183} INFO - Processing /home/airflow/.local/lib/python3.12/site-packages/airflow/example_dags/example_nested_branch_dag.py took 0.237 seconds
[2025-05-01T11:11:49.134+0000] {processor.py:161} INFO - Started process (PID=2384) to work on /home/airflow/.local/lib/python3.12/site-packages/airflow/example_dags/example_nested_branch_dag.py
[2025-05-01T11:11:49.137+0000] {processor.py:830} INFO - Processing file /home/airflow/.local/lib/python3.12/site-packages/airflow/example_dags/example_nested_branch_dag.py for tasks to queue
[2025-05-01T11:11:49.142+0000] {logging_mixin.py:188} INFO - [2025-05-01T11:11:49.140+0000] {dagbag.py:545} INFO - Filling up the DagBag from /home/airflow/.local/lib/python3.12/site-packages/airflow/example_dags/example_nested_branch_dag.py
[2025-05-01T11:11:49.168+0000] {processor.py:840} INFO - DAG(s) 'example_nested_branch_dag' retrieved from /home/airflow/.local/lib/python3.12/site-packages/airflow/example_dags/example_nested_branch_dag.py
[2025-05-01T11:11:49.222+0000] {logging_mixin.py:188} INFO - [2025-05-01T11:11:49.222+0000] {dag.py:3096} INFO - Sync 1 DAGs
[2025-05-01T11:11:49.293+0000] {logging_mixin.py:188} INFO - [2025-05-01T11:11:49.292+0000] {dag.py:3954} INFO - Setting next_dagrun for example_nested_branch_dag to 2025-04-30 00:00:00+00:00, run_after=2025-05-01 00:00:00+00:00
[2025-05-01T11:11:49.351+0000] {processor.py:183} INFO - Processing /home/airflow/.local/lib/python3.12/site-packages/airflow/example_dags/example_nested_branch_dag.py took 0.229 seconds
[2025-05-01T11:12:19.701+0000] {processor.py:161} INFO - Started process (PID=2443) to work on /home/airflow/.local/lib/python3.12/site-packages/airflow/example_dags/example_nested_branch_dag.py
[2025-05-01T11:12:19.704+0000] {processor.py:830} INFO - Processing file /home/airflow/.local/lib/python3.12/site-packages/airflow/example_dags/example_nested_branch_dag.py for tasks to queue
[2025-05-01T11:12:19.711+0000] {logging_mixin.py:188} INFO - [2025-05-01T11:12:19.710+0000] {dagbag.py:545} INFO - Filling up the DagBag from /home/airflow/.local/lib/python3.12/site-packages/airflow/example_dags/example_nested_branch_dag.py
[2025-05-01T11:12:19.744+0000] {processor.py:840} INFO - DAG(s) 'example_nested_branch_dag' retrieved from /home/airflow/.local/lib/python3.12/site-packages/airflow/example_dags/example_nested_branch_dag.py
[2025-05-01T11:12:19.815+0000] {logging_mixin.py:188} INFO - [2025-05-01T11:12:19.814+0000] {dag.py:3096} INFO - Sync 1 DAGs
[2025-05-01T11:12:19.894+0000] {logging_mixin.py:188} INFO - [2025-05-01T11:12:19.894+0000] {dag.py:3954} INFO - Setting next_dagrun for example_nested_branch_dag to 2025-04-30 00:00:00+00:00, run_after=2025-05-01 00:00:00+00:00
[2025-05-01T11:12:19.973+0000] {processor.py:183} INFO - Processing /home/airflow/.local/lib/python3.12/site-packages/airflow/example_dags/example_nested_branch_dag.py took 0.289 seconds
[2025-05-01T11:12:50.168+0000] {processor.py:161} INFO - Started process (PID=2502) to work on /home/airflow/.local/lib/python3.12/site-packages/airflow/example_dags/example_nested_branch_dag.py
[2025-05-01T11:12:50.171+0000] {processor.py:830} INFO - Processing file /home/airflow/.local/lib/python3.12/site-packages/airflow/example_dags/example_nested_branch_dag.py for tasks to queue
[2025-05-01T11:12:50.179+0000] {logging_mixin.py:188} INFO - [2025-05-01T11:12:50.178+0000] {dagbag.py:545} INFO - Filling up the DagBag from /home/airflow/.local/lib/python3.12/site-packages/airflow/example_dags/example_nested_branch_dag.py
[2025-05-01T11:12:50.212+0000] {processor.py:840} INFO - DAG(s) 'example_nested_branch_dag' retrieved from /home/airflow/.local/lib/python3.12/site-packages/airflow/example_dags/example_nested_branch_dag.py
[2025-05-01T11:12:50.279+0000] {logging_mixin.py:188} INFO - [2025-05-01T11:12:50.278+0000] {dag.py:3096} INFO - Sync 1 DAGs
[2025-05-01T11:12:50.362+0000] {logging_mixin.py:188} INFO - [2025-05-01T11:12:50.362+0000] {dag.py:3954} INFO - Setting next_dagrun for example_nested_branch_dag to 2025-04-30 00:00:00+00:00, run_after=2025-05-01 00:00:00+00:00
[2025-05-01T11:12:50.453+0000] {processor.py:183} INFO - Processing /home/airflow/.local/lib/python3.12/site-packages/airflow/example_dags/example_nested_branch_dag.py took 0.309 seconds
[2025-05-01T11:13:20.838+0000] {processor.py:161} INFO - Started process (PID=2561) to work on /home/airflow/.local/lib/python3.12/site-packages/airflow/example_dags/example_nested_branch_dag.py
[2025-05-01T11:13:20.841+0000] {processor.py:830} INFO - Processing file /home/airflow/.local/lib/python3.12/site-packages/airflow/example_dags/example_nested_branch_dag.py for tasks to queue
[2025-05-01T11:13:20.846+0000] {logging_mixin.py:188} INFO - [2025-05-01T11:13:20.846+0000] {dagbag.py:545} INFO - Filling up the DagBag from /home/airflow/.local/lib/python3.12/site-packages/airflow/example_dags/example_nested_branch_dag.py
[2025-05-01T11:13:20.871+0000] {processor.py:840} INFO - DAG(s) 'example_nested_branch_dag' retrieved from /home/airflow/.local/lib/python3.12/site-packages/airflow/example_dags/example_nested_branch_dag.py
[2025-05-01T11:13:20.938+0000] {logging_mixin.py:188} INFO - [2025-05-01T11:13:20.937+0000] {dag.py:3096} INFO - Sync 1 DAGs
[2025-05-01T11:13:20.996+0000] {logging_mixin.py:188} INFO - [2025-05-01T11:13:20.995+0000] {dag.py:3954} INFO - Setting next_dagrun for example_nested_branch_dag to 2025-04-30 00:00:00+00:00, run_after=2025-05-01 00:00:00+00:00
[2025-05-01T11:13:21.052+0000] {processor.py:183} INFO - Processing /home/airflow/.local/lib/python3.12/site-packages/airflow/example_dags/example_nested_branch_dag.py took 0.227 seconds
[2025-05-01T11:13:51.306+0000] {processor.py:161} INFO - Started process (PID=2620) to work on /home/airflow/.local/lib/python3.12/site-packages/airflow/example_dags/example_nested_branch_dag.py
[2025-05-01T11:13:51.309+0000] {processor.py:830} INFO - Processing file /home/airflow/.local/lib/python3.12/site-packages/airflow/example_dags/example_nested_branch_dag.py for tasks to queue
[2025-05-01T11:13:51.315+0000] {logging_mixin.py:188} INFO - [2025-05-01T11:13:51.314+0000] {dagbag.py:545} INFO - Filling up the DagBag from /home/airflow/.local/lib/python3.12/site-packages/airflow/example_dags/example_nested_branch_dag.py
[2025-05-01T11:13:51.342+0000] {processor.py:840} INFO - DAG(s) 'example_nested_branch_dag' retrieved from /home/airflow/.local/lib/python3.12/site-packages/airflow/example_dags/example_nested_branch_dag.py
[2025-05-01T11:13:51.399+0000] {logging_mixin.py:188} INFO - [2025-05-01T11:13:51.398+0000] {dag.py:3096} INFO - Sync 1 DAGs
[2025-05-01T11:13:51.454+0000] {logging_mixin.py:188} INFO - [2025-05-01T11:13:51.453+0000] {dag.py:3954} INFO - Setting next_dagrun for example_nested_branch_dag to 2025-04-30 00:00:00+00:00, run_after=2025-05-01 00:00:00+00:00
[2025-05-01T11:13:51.539+0000] {processor.py:183} INFO - Processing /home/airflow/.local/lib/python3.12/site-packages/airflow/example_dags/example_nested_branch_dag.py took 0.248 seconds
[2025-05-01T11:14:21.758+0000] {processor.py:161} INFO - Started process (PID=2679) to work on /home/airflow/.local/lib/python3.12/site-packages/airflow/example_dags/example_nested_branch_dag.py
[2025-05-01T11:14:21.761+0000] {processor.py:830} INFO - Processing file /home/airflow/.local/lib/python3.12/site-packages/airflow/example_dags/example_nested_branch_dag.py for tasks to queue
[2025-05-01T11:14:21.767+0000] {logging_mixin.py:188} INFO - [2025-05-01T11:14:21.766+0000] {dagbag.py:545} INFO - Filling up the DagBag from /home/airflow/.local/lib/python3.12/site-packages/airflow/example_dags/example_nested_branch_dag.py
[2025-05-01T11:14:21.793+0000] {processor.py:840} INFO - DAG(s) 'example_nested_branch_dag' retrieved from /home/airflow/.local/lib/python3.12/site-packages/airflow/example_dags/example_nested_branch_dag.py
[2025-05-01T11:14:21.885+0000] {logging_mixin.py:188} INFO - [2025-05-01T11:14:21.884+0000] {dag.py:3096} INFO - Sync 1 DAGs
[2025-05-01T11:14:21.953+0000] {logging_mixin.py:188} INFO - [2025-05-01T11:14:21.952+0000] {dag.py:3954} INFO - Setting next_dagrun for example_nested_branch_dag to 2025-04-30 00:00:00+00:00, run_after=2025-05-01 00:00:00+00:00
[2025-05-01T11:14:22.004+0000] {processor.py:183} INFO - Processing /home/airflow/.local/lib/python3.12/site-packages/airflow/example_dags/example_nested_branch_dag.py took 0.259 seconds
[2025-05-01T11:14:52.355+0000] {processor.py:161} INFO - Started process (PID=2738) to work on /home/airflow/.local/lib/python3.12/site-packages/airflow/example_dags/example_nested_branch_dag.py
[2025-05-01T11:14:52.359+0000] {processor.py:830} INFO - Processing file /home/airflow/.local/lib/python3.12/site-packages/airflow/example_dags/example_nested_branch_dag.py for tasks to queue
[2025-05-01T11:14:52.369+0000] {logging_mixin.py:188} INFO - [2025-05-01T11:14:52.368+0000] {dagbag.py:545} INFO - Filling up the DagBag from /home/airflow/.local/lib/python3.12/site-packages/airflow/example_dags/example_nested_branch_dag.py
[2025-05-01T11:14:52.407+0000] {processor.py:840} INFO - DAG(s) 'example_nested_branch_dag' retrieved from /home/airflow/.local/lib/python3.12/site-packages/airflow/example_dags/example_nested_branch_dag.py
[2025-05-01T11:14:52.490+0000] {logging_mixin.py:188} INFO - [2025-05-01T11:14:52.489+0000] {dag.py:3096} INFO - Sync 1 DAGs
[2025-05-01T11:14:52.569+0000] {logging_mixin.py:188} INFO - [2025-05-01T11:14:52.569+0000] {dag.py:3954} INFO - Setting next_dagrun for example_nested_branch_dag to 2025-04-30 00:00:00+00:00, run_after=2025-05-01 00:00:00+00:00
[2025-05-01T11:14:52.658+0000] {processor.py:183} INFO - Processing /home/airflow/.local/lib/python3.12/site-packages/airflow/example_dags/example_nested_branch_dag.py took 0.322 seconds
[2025-05-01T11:15:23.058+0000] {processor.py:161} INFO - Started process (PID=2797) to work on /home/airflow/.local/lib/python3.12/site-packages/airflow/example_dags/example_nested_branch_dag.py
[2025-05-01T11:15:23.061+0000] {processor.py:830} INFO - Processing file /home/airflow/.local/lib/python3.12/site-packages/airflow/example_dags/example_nested_branch_dag.py for tasks to queue
[2025-05-01T11:15:23.067+0000] {logging_mixin.py:188} INFO - [2025-05-01T11:15:23.066+0000] {dagbag.py:545} INFO - Filling up the DagBag from /home/airflow/.local/lib/python3.12/site-packages/airflow/example_dags/example_nested_branch_dag.py
[2025-05-01T11:15:23.092+0000] {processor.py:840} INFO - DAG(s) 'example_nested_branch_dag' retrieved from /home/airflow/.local/lib/python3.12/site-packages/airflow/example_dags/example_nested_branch_dag.py
[2025-05-01T11:15:23.149+0000] {logging_mixin.py:188} INFO - [2025-05-01T11:15:23.148+0000] {dag.py:3096} INFO - Sync 1 DAGs
[2025-05-01T11:15:23.209+0000] {logging_mixin.py:188} INFO - [2025-05-01T11:15:23.208+0000] {dag.py:3954} INFO - Setting next_dagrun for example_nested_branch_dag to 2025-04-30 00:00:00+00:00, run_after=2025-05-01 00:00:00+00:00
[2025-05-01T11:15:23.264+0000] {processor.py:183} INFO - Processing /home/airflow/.local/lib/python3.12/site-packages/airflow/example_dags/example_nested_branch_dag.py took 0.219 seconds
[2025-05-01T11:15:53.736+0000] {processor.py:161} INFO - Started process (PID=2856) to work on /home/airflow/.local/lib/python3.12/site-packages/airflow/example_dags/example_nested_branch_dag.py
[2025-05-01T11:15:53.738+0000] {processor.py:830} INFO - Processing file /home/airflow/.local/lib/python3.12/site-packages/airflow/example_dags/example_nested_branch_dag.py for tasks to queue
[2025-05-01T11:15:53.745+0000] {logging_mixin.py:188} INFO - [2025-05-01T11:15:53.744+0000] {dagbag.py:545} INFO - Filling up the DagBag from /home/airflow/.local/lib/python3.12/site-packages/airflow/example_dags/example_nested_branch_dag.py
[2025-05-01T11:15:53.775+0000] {processor.py:840} INFO - DAG(s) 'example_nested_branch_dag' retrieved from /home/airflow/.local/lib/python3.12/site-packages/airflow/example_dags/example_nested_branch_dag.py
[2025-05-01T11:15:53.836+0000] {logging_mixin.py:188} INFO - [2025-05-01T11:15:53.835+0000] {dag.py:3096} INFO - Sync 1 DAGs
[2025-05-01T11:15:53.928+0000] {logging_mixin.py:188} INFO - [2025-05-01T11:15:53.928+0000] {dag.py:3954} INFO - Setting next_dagrun for example_nested_branch_dag to 2025-04-30 00:00:00+00:00, run_after=2025-05-01 00:00:00+00:00
[2025-05-01T11:15:54.003+0000] {processor.py:183} INFO - Processing /home/airflow/.local/lib/python3.12/site-packages/airflow/example_dags/example_nested_branch_dag.py took 0.286 seconds
[2025-05-01T11:16:24.432+0000] {processor.py:161} INFO - Started process (PID=2915) to work on /home/airflow/.local/lib/python3.12/site-packages/airflow/example_dags/example_nested_branch_dag.py
[2025-05-01T11:16:24.435+0000] {processor.py:830} INFO - Processing file /home/airflow/.local/lib/python3.12/site-packages/airflow/example_dags/example_nested_branch_dag.py for tasks to queue
[2025-05-01T11:16:24.440+0000] {logging_mixin.py:188} INFO - [2025-05-01T11:16:24.439+0000] {dagbag.py:545} INFO - Filling up the DagBag from /home/airflow/.local/lib/python3.12/site-packages/airflow/example_dags/example_nested_branch_dag.py
[2025-05-01T11:16:24.498+0000] {processor.py:840} INFO - DAG(s) 'example_nested_branch_dag' retrieved from /home/airflow/.local/lib/python3.12/site-packages/airflow/example_dags/example_nested_branch_dag.py
[2025-05-01T11:16:24.575+0000] {logging_mixin.py:188} INFO - [2025-05-01T11:16:24.574+0000] {dag.py:3096} INFO - Sync 1 DAGs
[2025-05-01T11:16:24.638+0000] {logging_mixin.py:188} INFO - [2025-05-01T11:16:24.637+0000] {dag.py:3954} INFO - Setting next_dagrun for example_nested_branch_dag to 2025-04-30 00:00:00+00:00, run_after=2025-05-01 00:00:00+00:00
[2025-05-01T11:16:24.705+0000] {processor.py:183} INFO - Processing /home/airflow/.local/lib/python3.12/site-packages/airflow/example_dags/example_nested_branch_dag.py took 0.287 seconds
[2025-05-01T11:16:55.386+0000] {processor.py:161} INFO - Started process (PID=2981) to work on /home/airflow/.local/lib/python3.12/site-packages/airflow/example_dags/example_nested_branch_dag.py
[2025-05-01T11:16:55.388+0000] {processor.py:830} INFO - Processing file /home/airflow/.local/lib/python3.12/site-packages/airflow/example_dags/example_nested_branch_dag.py for tasks to queue
[2025-05-01T11:16:55.394+0000] {logging_mixin.py:188} INFO - [2025-05-01T11:16:55.393+0000] {dagbag.py:545} INFO - Filling up the DagBag from /home/airflow/.local/lib/python3.12/site-packages/airflow/example_dags/example_nested_branch_dag.py
[2025-05-01T11:16:55.414+0000] {processor.py:840} INFO - DAG(s) 'example_nested_branch_dag' retrieved from /home/airflow/.local/lib/python3.12/site-packages/airflow/example_dags/example_nested_branch_dag.py
[2025-05-01T11:16:55.464+0000] {logging_mixin.py:188} INFO - [2025-05-01T11:16:55.464+0000] {dag.py:3096} INFO - Sync 1 DAGs
[2025-05-01T11:16:55.516+0000] {logging_mixin.py:188} INFO - [2025-05-01T11:16:55.515+0000] {dag.py:3954} INFO - Setting next_dagrun for example_nested_branch_dag to 2025-04-30 00:00:00+00:00, run_after=2025-05-01 00:00:00+00:00
[2025-05-01T11:16:55.598+0000] {processor.py:183} INFO - Processing /home/airflow/.local/lib/python3.12/site-packages/airflow/example_dags/example_nested_branch_dag.py took 0.226 seconds
[2025-05-01T11:17:25.822+0000] {processor.py:161} INFO - Started process (PID=3040) to work on /home/airflow/.local/lib/python3.12/site-packages/airflow/example_dags/example_nested_branch_dag.py
[2025-05-01T11:17:25.825+0000] {processor.py:830} INFO - Processing file /home/airflow/.local/lib/python3.12/site-packages/airflow/example_dags/example_nested_branch_dag.py for tasks to queue
[2025-05-01T11:17:25.830+0000] {logging_mixin.py:188} INFO - [2025-05-01T11:17:25.829+0000] {dagbag.py:545} INFO - Filling up the DagBag from /home/airflow/.local/lib/python3.12/site-packages/airflow/example_dags/example_nested_branch_dag.py
[2025-05-01T11:17:25.852+0000] {processor.py:840} INFO - DAG(s) 'example_nested_branch_dag' retrieved from /home/airflow/.local/lib/python3.12/site-packages/airflow/example_dags/example_nested_branch_dag.py
[2025-05-01T11:17:25.911+0000] {logging_mixin.py:188} INFO - [2025-05-01T11:17:25.911+0000] {dag.py:3096} INFO - Sync 1 DAGs
[2025-05-01T11:17:25.970+0000] {logging_mixin.py:188} INFO - [2025-05-01T11:17:25.970+0000] {dag.py:3954} INFO - Setting next_dagrun for example_nested_branch_dag to 2025-04-30 00:00:00+00:00, run_after=2025-05-01 00:00:00+00:00
[2025-05-01T11:17:26.034+0000] {processor.py:183} INFO - Processing /home/airflow/.local/lib/python3.12/site-packages/airflow/example_dags/example_nested_branch_dag.py took 0.228 seconds
[2025-05-01T11:17:56.503+0000] {processor.py:161} INFO - Started process (PID=3099) to work on /home/airflow/.local/lib/python3.12/site-packages/airflow/example_dags/example_nested_branch_dag.py
[2025-05-01T11:17:56.505+0000] {processor.py:830} INFO - Processing file /home/airflow/.local/lib/python3.12/site-packages/airflow/example_dags/example_nested_branch_dag.py for tasks to queue
[2025-05-01T11:17:56.512+0000] {logging_mixin.py:188} INFO - [2025-05-01T11:17:56.511+0000] {dagbag.py:545} INFO - Filling up the DagBag from /home/airflow/.local/lib/python3.12/site-packages/airflow/example_dags/example_nested_branch_dag.py
[2025-05-01T11:17:56.538+0000] {processor.py:840} INFO - DAG(s) 'example_nested_branch_dag' retrieved from /home/airflow/.local/lib/python3.12/site-packages/airflow/example_dags/example_nested_branch_dag.py
[2025-05-01T11:17:56.597+0000] {logging_mixin.py:188} INFO - [2025-05-01T11:17:56.596+0000] {dag.py:3096} INFO - Sync 1 DAGs
[2025-05-01T11:17:56.657+0000] {logging_mixin.py:188} INFO - [2025-05-01T11:17:56.656+0000] {dag.py:3954} INFO - Setting next_dagrun for example_nested_branch_dag to 2025-04-30 00:00:00+00:00, run_after=2025-05-01 00:00:00+00:00
[2025-05-01T11:17:56.737+0000] {processor.py:183} INFO - Processing /home/airflow/.local/lib/python3.12/site-packages/airflow/example_dags/example_nested_branch_dag.py took 0.247 seconds
[2025-05-01T11:18:27.032+0000] {processor.py:161} INFO - Started process (PID=3158) to work on /home/airflow/.local/lib/python3.12/site-packages/airflow/example_dags/example_nested_branch_dag.py
[2025-05-01T11:18:27.035+0000] {processor.py:830} INFO - Processing file /home/airflow/.local/lib/python3.12/site-packages/airflow/example_dags/example_nested_branch_dag.py for tasks to queue
[2025-05-01T11:18:27.040+0000] {logging_mixin.py:188} INFO - [2025-05-01T11:18:27.039+0000] {dagbag.py:545} INFO - Filling up the DagBag from /home/airflow/.local/lib/python3.12/site-packages/airflow/example_dags/example_nested_branch_dag.py
[2025-05-01T11:18:27.063+0000] {processor.py:840} INFO - DAG(s) 'example_nested_branch_dag' retrieved from /home/airflow/.local/lib/python3.12/site-packages/airflow/example_dags/example_nested_branch_dag.py
[2025-05-01T11:18:27.120+0000] {logging_mixin.py:188} INFO - [2025-05-01T11:18:27.119+0000] {dag.py:3096} INFO - Sync 1 DAGs
[2025-05-01T11:18:27.177+0000] {logging_mixin.py:188} INFO - [2025-05-01T11:18:27.177+0000] {dag.py:3954} INFO - Setting next_dagrun for example_nested_branch_dag to 2025-04-30 00:00:00+00:00, run_after=2025-05-01 00:00:00+00:00
[2025-05-01T11:18:27.265+0000] {processor.py:183} INFO - Processing /home/airflow/.local/lib/python3.12/site-packages/airflow/example_dags/example_nested_branch_dag.py took 0.249 seconds
[2025-05-01T11:18:57.542+0000] {processor.py:161} INFO - Started process (PID=3218) to work on /home/airflow/.local/lib/python3.12/site-packages/airflow/example_dags/example_nested_branch_dag.py
[2025-05-01T11:18:57.544+0000] {processor.py:830} INFO - Processing file /home/airflow/.local/lib/python3.12/site-packages/airflow/example_dags/example_nested_branch_dag.py for tasks to queue
[2025-05-01T11:18:57.549+0000] {logging_mixin.py:188} INFO - [2025-05-01T11:18:57.548+0000] {dagbag.py:545} INFO - Filling up the DagBag from /home/airflow/.local/lib/python3.12/site-packages/airflow/example_dags/example_nested_branch_dag.py
[2025-05-01T11:18:57.572+0000] {processor.py:840} INFO - DAG(s) 'example_nested_branch_dag' retrieved from /home/airflow/.local/lib/python3.12/site-packages/airflow/example_dags/example_nested_branch_dag.py
[2025-05-01T11:18:57.626+0000] {logging_mixin.py:188} INFO - [2025-05-01T11:18:57.625+0000] {dag.py:3096} INFO - Sync 1 DAGs
[2025-05-01T11:18:57.720+0000] {logging_mixin.py:188} INFO - [2025-05-01T11:18:57.718+0000] {dag.py:3954} INFO - Setting next_dagrun for example_nested_branch_dag to 2025-04-30 00:00:00+00:00, run_after=2025-05-01 00:00:00+00:00
[2025-05-01T11:18:57.787+0000] {processor.py:183} INFO - Processing /home/airflow/.local/lib/python3.12/site-packages/airflow/example_dags/example_nested_branch_dag.py took 0.261 seconds
[2025-05-01T11:19:27.928+0000] {processor.py:161} INFO - Started process (PID=3277) to work on /home/airflow/.local/lib/python3.12/site-packages/airflow/example_dags/example_nested_branch_dag.py
[2025-05-01T11:19:27.930+0000] {processor.py:830} INFO - Processing file /home/airflow/.local/lib/python3.12/site-packages/airflow/example_dags/example_nested_branch_dag.py for tasks to queue
[2025-05-01T11:19:27.937+0000] {logging_mixin.py:188} INFO - [2025-05-01T11:19:27.936+0000] {dagbag.py:545} INFO - Filling up the DagBag from /home/airflow/.local/lib/python3.12/site-packages/airflow/example_dags/example_nested_branch_dag.py
[2025-05-01T11:19:27.961+0000] {processor.py:840} INFO - DAG(s) 'example_nested_branch_dag' retrieved from /home/airflow/.local/lib/python3.12/site-packages/airflow/example_dags/example_nested_branch_dag.py
[2025-05-01T11:19:28.025+0000] {logging_mixin.py:188} INFO - [2025-05-01T11:19:28.024+0000] {dag.py:3096} INFO - Sync 1 DAGs
[2025-05-01T11:19:28.087+0000] {logging_mixin.py:188} INFO - [2025-05-01T11:19:28.086+0000] {dag.py:3954} INFO - Setting next_dagrun for example_nested_branch_dag to 2025-04-30 00:00:00+00:00, run_after=2025-05-01 00:00:00+00:00
[2025-05-01T11:19:28.218+0000] {processor.py:183} INFO - Processing /home/airflow/.local/lib/python3.12/site-packages/airflow/example_dags/example_nested_branch_dag.py took 0.306 seconds
[2025-05-01T11:19:58.496+0000] {processor.py:161} INFO - Started process (PID=3336) to work on /home/airflow/.local/lib/python3.12/site-packages/airflow/example_dags/example_nested_branch_dag.py
[2025-05-01T11:19:58.498+0000] {processor.py:830} INFO - Processing file /home/airflow/.local/lib/python3.12/site-packages/airflow/example_dags/example_nested_branch_dag.py for tasks to queue
[2025-05-01T11:19:58.505+0000] {logging_mixin.py:188} INFO - [2025-05-01T11:19:58.504+0000] {dagbag.py:545} INFO - Filling up the DagBag from /home/airflow/.local/lib/python3.12/site-packages/airflow/example_dags/example_nested_branch_dag.py
[2025-05-01T11:19:58.528+0000] {processor.py:840} INFO - DAG(s) 'example_nested_branch_dag' retrieved from /home/airflow/.local/lib/python3.12/site-packages/airflow/example_dags/example_nested_branch_dag.py
[2025-05-01T11:19:58.581+0000] {logging_mixin.py:188} INFO - [2025-05-01T11:19:58.581+0000] {dag.py:3096} INFO - Sync 1 DAGs
[2025-05-01T11:19:58.639+0000] {logging_mixin.py:188} INFO - [2025-05-01T11:19:58.638+0000] {dag.py:3954} INFO - Setting next_dagrun for example_nested_branch_dag to 2025-04-30 00:00:00+00:00, run_after=2025-05-01 00:00:00+00:00
[2025-05-01T11:19:58.731+0000] {processor.py:183} INFO - Processing /home/airflow/.local/lib/python3.12/site-packages/airflow/example_dags/example_nested_branch_dag.py took 0.247 seconds
[2025-05-01T11:20:29.071+0000] {processor.py:161} INFO - Started process (PID=3395) to work on /home/airflow/.local/lib/python3.12/site-packages/airflow/example_dags/example_nested_branch_dag.py
[2025-05-01T11:20:29.073+0000] {processor.py:830} INFO - Processing file /home/airflow/.local/lib/python3.12/site-packages/airflow/example_dags/example_nested_branch_dag.py for tasks to queue
[2025-05-01T11:20:29.080+0000] {logging_mixin.py:188} INFO - [2025-05-01T11:20:29.079+0000] {dagbag.py:545} INFO - Filling up the DagBag from /home/airflow/.local/lib/python3.12/site-packages/airflow/example_dags/example_nested_branch_dag.py
[2025-05-01T11:20:29.101+0000] {processor.py:840} INFO - DAG(s) 'example_nested_branch_dag' retrieved from /home/airflow/.local/lib/python3.12/site-packages/airflow/example_dags/example_nested_branch_dag.py
[2025-05-01T11:20:29.156+0000] {logging_mixin.py:188} INFO - [2025-05-01T11:20:29.155+0000] {dag.py:3096} INFO - Sync 1 DAGs
[2025-05-01T11:20:29.255+0000] {logging_mixin.py:188} INFO - [2025-05-01T11:20:29.254+0000] {dag.py:3954} INFO - Setting next_dagrun for example_nested_branch_dag to 2025-04-30 00:00:00+00:00, run_after=2025-05-01 00:00:00+00:00
[2025-05-01T11:20:29.350+0000] {processor.py:183} INFO - Processing /home/airflow/.local/lib/python3.12/site-packages/airflow/example_dags/example_nested_branch_dag.py took 0.295 seconds
[2025-05-01T11:20:59.850+0000] {processor.py:161} INFO - Started process (PID=3454) to work on /home/airflow/.local/lib/python3.12/site-packages/airflow/example_dags/example_nested_branch_dag.py
[2025-05-01T11:20:59.854+0000] {processor.py:830} INFO - Processing file /home/airflow/.local/lib/python3.12/site-packages/airflow/example_dags/example_nested_branch_dag.py for tasks to queue
[2025-05-01T11:20:59.859+0000] {logging_mixin.py:188} INFO - [2025-05-01T11:20:59.859+0000] {dagbag.py:545} INFO - Filling up the DagBag from /home/airflow/.local/lib/python3.12/site-packages/airflow/example_dags/example_nested_branch_dag.py
[2025-05-01T11:20:59.881+0000] {processor.py:840} INFO - DAG(s) 'example_nested_branch_dag' retrieved from /home/airflow/.local/lib/python3.12/site-packages/airflow/example_dags/example_nested_branch_dag.py
[2025-05-01T11:20:59.937+0000] {logging_mixin.py:188} INFO - [2025-05-01T11:20:59.936+0000] {dag.py:3096} INFO - Sync 1 DAGs
[2025-05-01T11:21:00.005+0000] {logging_mixin.py:188} INFO - [2025-05-01T11:21:00.005+0000] {dag.py:3954} INFO - Setting next_dagrun for example_nested_branch_dag to 2025-04-30 00:00:00+00:00, run_after=2025-05-01 00:00:00+00:00
[2025-05-01T11:21:00.068+0000] {processor.py:183} INFO - Processing /home/airflow/.local/lib/python3.12/site-packages/airflow/example_dags/example_nested_branch_dag.py took 0.255 seconds
[2025-05-01T11:21:30.379+0000] {processor.py:161} INFO - Started process (PID=3513) to work on /home/airflow/.local/lib/python3.12/site-packages/airflow/example_dags/example_nested_branch_dag.py
[2025-05-01T11:21:30.382+0000] {processor.py:830} INFO - Processing file /home/airflow/.local/lib/python3.12/site-packages/airflow/example_dags/example_nested_branch_dag.py for tasks to queue
[2025-05-01T11:21:30.388+0000] {logging_mixin.py:188} INFO - [2025-05-01T11:21:30.387+0000] {dagbag.py:545} INFO - Filling up the DagBag from /home/airflow/.local/lib/python3.12/site-packages/airflow/example_dags/example_nested_branch_dag.py
[2025-05-01T11:21:30.412+0000] {processor.py:840} INFO - DAG(s) 'example_nested_branch_dag' retrieved from /home/airflow/.local/lib/python3.12/site-packages/airflow/example_dags/example_nested_branch_dag.py
[2025-05-01T11:21:30.476+0000] {logging_mixin.py:188} INFO - [2025-05-01T11:21:30.475+0000] {dag.py:3096} INFO - Sync 1 DAGs
[2025-05-01T11:21:30.535+0000] {logging_mixin.py:188} INFO - [2025-05-01T11:21:30.535+0000] {dag.py:3954} INFO - Setting next_dagrun for example_nested_branch_dag to 2025-04-30 00:00:00+00:00, run_after=2025-05-01 00:00:00+00:00
[2025-05-01T11:21:30.587+0000] {processor.py:183} INFO - Processing /home/airflow/.local/lib/python3.12/site-packages/airflow/example_dags/example_nested_branch_dag.py took 0.223 seconds
[2025-05-01T11:22:00.820+0000] {processor.py:161} INFO - Started process (PID=3572) to work on /home/airflow/.local/lib/python3.12/site-packages/airflow/example_dags/example_nested_branch_dag.py
[2025-05-01T11:22:00.823+0000] {processor.py:830} INFO - Processing file /home/airflow/.local/lib/python3.12/site-packages/airflow/example_dags/example_nested_branch_dag.py for tasks to queue
[2025-05-01T11:22:00.829+0000] {logging_mixin.py:188} INFO - [2025-05-01T11:22:00.828+0000] {dagbag.py:545} INFO - Filling up the DagBag from /home/airflow/.local/lib/python3.12/site-packages/airflow/example_dags/example_nested_branch_dag.py
[2025-05-01T11:22:00.855+0000] {processor.py:840} INFO - DAG(s) 'example_nested_branch_dag' retrieved from /home/airflow/.local/lib/python3.12/site-packages/airflow/example_dags/example_nested_branch_dag.py
[2025-05-01T11:22:00.993+0000] {logging_mixin.py:188} INFO - [2025-05-01T11:22:00.992+0000] {dag.py:3096} INFO - Sync 1 DAGs
[2025-05-01T11:22:01.116+0000] {logging_mixin.py:188} INFO - [2025-05-01T11:22:01.115+0000] {dag.py:3954} INFO - Setting next_dagrun for example_nested_branch_dag to 2025-04-30 00:00:00+00:00, run_after=2025-05-01 00:00:00+00:00
[2025-05-01T11:22:01.175+0000] {processor.py:183} INFO - Processing /home/airflow/.local/lib/python3.12/site-packages/airflow/example_dags/example_nested_branch_dag.py took 0.370 seconds
[2025-05-01T11:22:31.574+0000] {processor.py:161} INFO - Started process (PID=3631) to work on /home/airflow/.local/lib/python3.12/site-packages/airflow/example_dags/example_nested_branch_dag.py
[2025-05-01T11:22:31.577+0000] {processor.py:830} INFO - Processing file /home/airflow/.local/lib/python3.12/site-packages/airflow/example_dags/example_nested_branch_dag.py for tasks to queue
[2025-05-01T11:22:31.583+0000] {logging_mixin.py:188} INFO - [2025-05-01T11:22:31.581+0000] {dagbag.py:545} INFO - Filling up the DagBag from /home/airflow/.local/lib/python3.12/site-packages/airflow/example_dags/example_nested_branch_dag.py
[2025-05-01T11:22:31.604+0000] {processor.py:840} INFO - DAG(s) 'example_nested_branch_dag' retrieved from /home/airflow/.local/lib/python3.12/site-packages/airflow/example_dags/example_nested_branch_dag.py
[2025-05-01T11:22:31.713+0000] {logging_mixin.py:188} INFO - [2025-05-01T11:22:31.712+0000] {dag.py:3096} INFO - Sync 1 DAGs
[2025-05-01T11:22:31.783+0000] {logging_mixin.py:188} INFO - [2025-05-01T11:22:31.782+0000] {dag.py:3954} INFO - Setting next_dagrun for example_nested_branch_dag to 2025-04-30 00:00:00+00:00, run_after=2025-05-01 00:00:00+00:00
[2025-05-01T11:22:31.842+0000] {processor.py:183} INFO - Processing /home/airflow/.local/lib/python3.12/site-packages/airflow/example_dags/example_nested_branch_dag.py took 0.280 seconds
[2025-05-01T11:23:01.998+0000] {processor.py:161} INFO - Started process (PID=3690) to work on /home/airflow/.local/lib/python3.12/site-packages/airflow/example_dags/example_nested_branch_dag.py
[2025-05-01T11:23:02.001+0000] {processor.py:830} INFO - Processing file /home/airflow/.local/lib/python3.12/site-packages/airflow/example_dags/example_nested_branch_dag.py for tasks to queue
[2025-05-01T11:23:02.007+0000] {logging_mixin.py:188} INFO - [2025-05-01T11:23:02.005+0000] {dagbag.py:545} INFO - Filling up the DagBag from /home/airflow/.local/lib/python3.12/site-packages/airflow/example_dags/example_nested_branch_dag.py
[2025-05-01T11:23:02.032+0000] {processor.py:840} INFO - DAG(s) 'example_nested_branch_dag' retrieved from /home/airflow/.local/lib/python3.12/site-packages/airflow/example_dags/example_nested_branch_dag.py
[2025-05-01T11:23:02.089+0000] {logging_mixin.py:188} INFO - [2025-05-01T11:23:02.089+0000] {dag.py:3096} INFO - Sync 1 DAGs
[2025-05-01T11:23:02.148+0000] {logging_mixin.py:188} INFO - [2025-05-01T11:23:02.147+0000] {dag.py:3954} INFO - Setting next_dagrun for example_nested_branch_dag to 2025-04-30 00:00:00+00:00, run_after=2025-05-01 00:00:00+00:00
[2025-05-01T11:23:02.226+0000] {processor.py:183} INFO - Processing /home/airflow/.local/lib/python3.12/site-packages/airflow/example_dags/example_nested_branch_dag.py took 0.242 seconds
[2025-05-01T11:23:32.515+0000] {processor.py:161} INFO - Started process (PID=3749) to work on /home/airflow/.local/lib/python3.12/site-packages/airflow/example_dags/example_nested_branch_dag.py
[2025-05-01T11:23:32.518+0000] {processor.py:830} INFO - Processing file /home/airflow/.local/lib/python3.12/site-packages/airflow/example_dags/example_nested_branch_dag.py for tasks to queue
[2025-05-01T11:23:32.526+0000] {logging_mixin.py:188} INFO - [2025-05-01T11:23:32.525+0000] {dagbag.py:545} INFO - Filling up the DagBag from /home/airflow/.local/lib/python3.12/site-packages/airflow/example_dags/example_nested_branch_dag.py
[2025-05-01T11:23:32.550+0000] {processor.py:840} INFO - DAG(s) 'example_nested_branch_dag' retrieved from /home/airflow/.local/lib/python3.12/site-packages/airflow/example_dags/example_nested_branch_dag.py
[2025-05-01T11:23:32.615+0000] {logging_mixin.py:188} INFO - [2025-05-01T11:23:32.615+0000] {dag.py:3096} INFO - Sync 1 DAGs
[2025-05-01T11:23:32.708+0000] {logging_mixin.py:188} INFO - [2025-05-01T11:23:32.707+0000] {dag.py:3954} INFO - Setting next_dagrun for example_nested_branch_dag to 2025-04-30 00:00:00+00:00, run_after=2025-05-01 00:00:00+00:00
[2025-05-01T11:23:32.776+0000] {processor.py:183} INFO - Processing /home/airflow/.local/lib/python3.12/site-packages/airflow/example_dags/example_nested_branch_dag.py took 0.274 seconds
[2025-05-01T11:24:03.086+0000] {processor.py:161} INFO - Started process (PID=3808) to work on /home/airflow/.local/lib/python3.12/site-packages/airflow/example_dags/example_nested_branch_dag.py
[2025-05-01T11:24:03.089+0000] {processor.py:830} INFO - Processing file /home/airflow/.local/lib/python3.12/site-packages/airflow/example_dags/example_nested_branch_dag.py for tasks to queue
[2025-05-01T11:24:03.095+0000] {logging_mixin.py:188} INFO - [2025-05-01T11:24:03.094+0000] {dagbag.py:545} INFO - Filling up the DagBag from /home/airflow/.local/lib/python3.12/site-packages/airflow/example_dags/example_nested_branch_dag.py
[2025-05-01T11:24:03.124+0000] {processor.py:840} INFO - DAG(s) 'example_nested_branch_dag' retrieved from /home/airflow/.local/lib/python3.12/site-packages/airflow/example_dags/example_nested_branch_dag.py
[2025-05-01T11:24:03.184+0000] {logging_mixin.py:188} INFO - [2025-05-01T11:24:03.184+0000] {dag.py:3096} INFO - Sync 1 DAGs
[2025-05-01T11:24:03.255+0000] {logging_mixin.py:188} INFO - [2025-05-01T11:24:03.254+0000] {dag.py:3954} INFO - Setting next_dagrun for example_nested_branch_dag to 2025-04-30 00:00:00+00:00, run_after=2025-05-01 00:00:00+00:00
[2025-05-01T11:24:03.362+0000] {processor.py:183} INFO - Processing /home/airflow/.local/lib/python3.12/site-packages/airflow/example_dags/example_nested_branch_dag.py took 0.293 seconds
[2025-05-01T11:24:33.682+0000] {processor.py:161} INFO - Started process (PID=3870) to work on /home/airflow/.local/lib/python3.12/site-packages/airflow/example_dags/example_nested_branch_dag.py
[2025-05-01T11:24:33.684+0000] {processor.py:830} INFO - Processing file /home/airflow/.local/lib/python3.12/site-packages/airflow/example_dags/example_nested_branch_dag.py for tasks to queue
[2025-05-01T11:24:33.689+0000] {logging_mixin.py:188} INFO - [2025-05-01T11:24:33.688+0000] {dagbag.py:545} INFO - Filling up the DagBag from /home/airflow/.local/lib/python3.12/site-packages/airflow/example_dags/example_nested_branch_dag.py
[2025-05-01T11:24:33.708+0000] {processor.py:840} INFO - DAG(s) 'example_nested_branch_dag' retrieved from /home/airflow/.local/lib/python3.12/site-packages/airflow/example_dags/example_nested_branch_dag.py
[2025-05-01T11:24:33.754+0000] {logging_mixin.py:188} INFO - [2025-05-01T11:24:33.754+0000] {dag.py:3096} INFO - Sync 1 DAGs
[2025-05-01T11:24:33.808+0000] {logging_mixin.py:188} INFO - [2025-05-01T11:24:33.808+0000] {dag.py:3954} INFO - Setting next_dagrun for example_nested_branch_dag to 2025-04-30 00:00:00+00:00, run_after=2025-05-01 00:00:00+00:00
[2025-05-01T11:24:33.851+0000] {processor.py:183} INFO - Processing /home/airflow/.local/lib/python3.12/site-packages/airflow/example_dags/example_nested_branch_dag.py took 0.180 seconds
[2025-05-01T11:25:04.282+0000] {processor.py:161} INFO - Started process (PID=3929) to work on /home/airflow/.local/lib/python3.12/site-packages/airflow/example_dags/example_nested_branch_dag.py
[2025-05-01T11:25:04.285+0000] {processor.py:830} INFO - Processing file /home/airflow/.local/lib/python3.12/site-packages/airflow/example_dags/example_nested_branch_dag.py for tasks to queue
[2025-05-01T11:25:04.293+0000] {logging_mixin.py:188} INFO - [2025-05-01T11:25:04.292+0000] {dagbag.py:545} INFO - Filling up the DagBag from /home/airflow/.local/lib/python3.12/site-packages/airflow/example_dags/example_nested_branch_dag.py
[2025-05-01T11:25:04.318+0000] {processor.py:840} INFO - DAG(s) 'example_nested_branch_dag' retrieved from /home/airflow/.local/lib/python3.12/site-packages/airflow/example_dags/example_nested_branch_dag.py
[2025-05-01T11:25:04.415+0000] {logging_mixin.py:188} INFO - [2025-05-01T11:25:04.415+0000] {dag.py:3096} INFO - Sync 1 DAGs
[2025-05-01T11:25:04.485+0000] {logging_mixin.py:188} INFO - [2025-05-01T11:25:04.484+0000] {dag.py:3954} INFO - Setting next_dagrun for example_nested_branch_dag to 2025-04-30 00:00:00+00:00, run_after=2025-05-01 00:00:00+00:00
[2025-05-01T11:25:04.553+0000] {processor.py:183} INFO - Processing /home/airflow/.local/lib/python3.12/site-packages/airflow/example_dags/example_nested_branch_dag.py took 0.286 seconds
[2025-05-01T11:25:34.957+0000] {processor.py:161} INFO - Started process (PID=3988) to work on /home/airflow/.local/lib/python3.12/site-packages/airflow/example_dags/example_nested_branch_dag.py
[2025-05-01T11:25:34.959+0000] {processor.py:830} INFO - Processing file /home/airflow/.local/lib/python3.12/site-packages/airflow/example_dags/example_nested_branch_dag.py for tasks to queue
[2025-05-01T11:25:34.964+0000] {logging_mixin.py:188} INFO - [2025-05-01T11:25:34.963+0000] {dagbag.py:545} INFO - Filling up the DagBag from /home/airflow/.local/lib/python3.12/site-packages/airflow/example_dags/example_nested_branch_dag.py
[2025-05-01T11:25:34.985+0000] {processor.py:840} INFO - DAG(s) 'example_nested_branch_dag' retrieved from /home/airflow/.local/lib/python3.12/site-packages/airflow/example_dags/example_nested_branch_dag.py
[2025-05-01T11:25:35.061+0000] {logging_mixin.py:188} INFO - [2025-05-01T11:25:35.061+0000] {dag.py:3096} INFO - Sync 1 DAGs
[2025-05-01T11:25:35.136+0000] {logging_mixin.py:188} INFO - [2025-05-01T11:25:35.135+0000] {dag.py:3954} INFO - Setting next_dagrun for example_nested_branch_dag to 2025-04-30 00:00:00+00:00, run_after=2025-05-01 00:00:00+00:00
[2025-05-01T11:25:35.188+0000] {processor.py:183} INFO - Processing /home/airflow/.local/lib/python3.12/site-packages/airflow/example_dags/example_nested_branch_dag.py took 0.244 seconds
[2025-05-01T11:26:05.597+0000] {processor.py:161} INFO - Started process (PID=4047) to work on /home/airflow/.local/lib/python3.12/site-packages/airflow/example_dags/example_nested_branch_dag.py
[2025-05-01T11:26:05.605+0000] {processor.py:830} INFO - Processing file /home/airflow/.local/lib/python3.12/site-packages/airflow/example_dags/example_nested_branch_dag.py for tasks to queue
[2025-05-01T11:26:05.623+0000] {logging_mixin.py:188} INFO - [2025-05-01T11:26:05.620+0000] {dagbag.py:545} INFO - Filling up the DagBag from /home/airflow/.local/lib/python3.12/site-packages/airflow/example_dags/example_nested_branch_dag.py
[2025-05-01T11:26:05.718+0000] {processor.py:840} INFO - DAG(s) 'example_nested_branch_dag' retrieved from /home/airflow/.local/lib/python3.12/site-packages/airflow/example_dags/example_nested_branch_dag.py
[2025-05-01T11:26:05.851+0000] {logging_mixin.py:188} INFO - [2025-05-01T11:26:05.850+0000] {dag.py:3096} INFO - Sync 1 DAGs
[2025-05-01T11:26:05.935+0000] {logging_mixin.py:188} INFO - [2025-05-01T11:26:05.934+0000] {dag.py:3954} INFO - Setting next_dagrun for example_nested_branch_dag to 2025-04-30 00:00:00+00:00, run_after=2025-05-01 00:00:00+00:00
[2025-05-01T11:26:06.027+0000] {processor.py:183} INFO - Processing /home/airflow/.local/lib/python3.12/site-packages/airflow/example_dags/example_nested_branch_dag.py took 0.478 seconds
[2025-05-01T11:31:45.157+0000] {processor.py:161} INFO - Started process (PID=93) to work on /home/airflow/.local/lib/python3.12/site-packages/airflow/example_dags/example_nested_branch_dag.py
[2025-05-01T11:31:45.160+0000] {processor.py:830} INFO - Processing file /home/airflow/.local/lib/python3.12/site-packages/airflow/example_dags/example_nested_branch_dag.py for tasks to queue
[2025-05-01T11:31:45.165+0000] {logging_mixin.py:188} INFO - [2025-05-01T11:31:45.164+0000] {dagbag.py:545} INFO - Filling up the DagBag from /home/airflow/.local/lib/python3.12/site-packages/airflow/example_dags/example_nested_branch_dag.py
[2025-05-01T11:31:45.201+0000] {processor.py:840} INFO - DAG(s) 'example_nested_branch_dag' retrieved from /home/airflow/.local/lib/python3.12/site-packages/airflow/example_dags/example_nested_branch_dag.py
[2025-05-01T11:31:45.451+0000] {logging_mixin.py:188} INFO - [2025-05-01T11:31:45.450+0000] {dag.py:3096} INFO - Sync 1 DAGs
[2025-05-01T11:31:45.493+0000] {logging_mixin.py:188} INFO - [2025-05-01T11:31:45.493+0000] {dag.py:3954} INFO - Setting next_dagrun for example_nested_branch_dag to 2025-04-30 00:00:00+00:00, run_after=2025-05-01 00:00:00+00:00
[2025-05-01T11:31:45.572+0000] {processor.py:183} INFO - Processing /home/airflow/.local/lib/python3.12/site-packages/airflow/example_dags/example_nested_branch_dag.py took 0.429 seconds
[2025-05-01T11:32:16.085+0000] {processor.py:161} INFO - Started process (PID=152) to work on /home/airflow/.local/lib/python3.12/site-packages/airflow/example_dags/example_nested_branch_dag.py
[2025-05-01T11:32:16.088+0000] {processor.py:830} INFO - Processing file /home/airflow/.local/lib/python3.12/site-packages/airflow/example_dags/example_nested_branch_dag.py for tasks to queue
[2025-05-01T11:32:16.094+0000] {logging_mixin.py:188} INFO - [2025-05-01T11:32:16.093+0000] {dagbag.py:545} INFO - Filling up the DagBag from /home/airflow/.local/lib/python3.12/site-packages/airflow/example_dags/example_nested_branch_dag.py
[2025-05-01T11:32:16.125+0000] {processor.py:840} INFO - DAG(s) 'example_nested_branch_dag' retrieved from /home/airflow/.local/lib/python3.12/site-packages/airflow/example_dags/example_nested_branch_dag.py
[2025-05-01T11:32:16.193+0000] {logging_mixin.py:188} INFO - [2025-05-01T11:32:16.192+0000] {dag.py:3096} INFO - Sync 1 DAGs
[2025-05-01T11:32:16.291+0000] {logging_mixin.py:188} INFO - [2025-05-01T11:32:16.291+0000] {dag.py:3954} INFO - Setting next_dagrun for example_nested_branch_dag to 2025-04-30 00:00:00+00:00, run_after=2025-05-01 00:00:00+00:00
[2025-05-01T11:32:16.395+0000] {processor.py:183} INFO - Processing /home/airflow/.local/lib/python3.12/site-packages/airflow/example_dags/example_nested_branch_dag.py took 0.327 seconds
[2025-05-01T11:32:46.687+0000] {processor.py:161} INFO - Started process (PID=211) to work on /home/airflow/.local/lib/python3.12/site-packages/airflow/example_dags/example_nested_branch_dag.py
[2025-05-01T11:32:46.689+0000] {processor.py:830} INFO - Processing file /home/airflow/.local/lib/python3.12/site-packages/airflow/example_dags/example_nested_branch_dag.py for tasks to queue
[2025-05-01T11:32:46.694+0000] {logging_mixin.py:188} INFO - [2025-05-01T11:32:46.693+0000] {dagbag.py:545} INFO - Filling up the DagBag from /home/airflow/.local/lib/python3.12/site-packages/airflow/example_dags/example_nested_branch_dag.py
[2025-05-01T11:32:46.720+0000] {processor.py:840} INFO - DAG(s) 'example_nested_branch_dag' retrieved from /home/airflow/.local/lib/python3.12/site-packages/airflow/example_dags/example_nested_branch_dag.py
[2025-05-01T11:32:46.773+0000] {logging_mixin.py:188} INFO - [2025-05-01T11:32:46.773+0000] {dag.py:3096} INFO - Sync 1 DAGs
[2025-05-01T11:32:46.831+0000] {logging_mixin.py:188} INFO - [2025-05-01T11:32:46.831+0000] {dag.py:3954} INFO - Setting next_dagrun for example_nested_branch_dag to 2025-04-30 00:00:00+00:00, run_after=2025-05-01 00:00:00+00:00
[2025-05-01T11:32:46.880+0000] {processor.py:183} INFO - Processing /home/airflow/.local/lib/python3.12/site-packages/airflow/example_dags/example_nested_branch_dag.py took 0.205 seconds
[2025-05-01T11:33:17.207+0000] {processor.py:161} INFO - Started process (PID=270) to work on /home/airflow/.local/lib/python3.12/site-packages/airflow/example_dags/example_nested_branch_dag.py
[2025-05-01T11:33:17.210+0000] {processor.py:830} INFO - Processing file /home/airflow/.local/lib/python3.12/site-packages/airflow/example_dags/example_nested_branch_dag.py for tasks to queue
[2025-05-01T11:33:17.215+0000] {logging_mixin.py:188} INFO - [2025-05-01T11:33:17.214+0000] {dagbag.py:545} INFO - Filling up the DagBag from /home/airflow/.local/lib/python3.12/site-packages/airflow/example_dags/example_nested_branch_dag.py
[2025-05-01T11:33:17.241+0000] {processor.py:840} INFO - DAG(s) 'example_nested_branch_dag' retrieved from /home/airflow/.local/lib/python3.12/site-packages/airflow/example_dags/example_nested_branch_dag.py
[2025-05-01T11:33:17.314+0000] {logging_mixin.py:188} INFO - [2025-05-01T11:33:17.314+0000] {dag.py:3096} INFO - Sync 1 DAGs
[2025-05-01T11:33:17.384+0000] {logging_mixin.py:188} INFO - [2025-05-01T11:33:17.383+0000] {dag.py:3954} INFO - Setting next_dagrun for example_nested_branch_dag to 2025-04-30 00:00:00+00:00, run_after=2025-05-01 00:00:00+00:00
[2025-05-01T11:33:17.450+0000] {processor.py:183} INFO - Processing /home/airflow/.local/lib/python3.12/site-packages/airflow/example_dags/example_nested_branch_dag.py took 0.261 seconds
[2025-05-01T11:33:47.590+0000] {processor.py:161} INFO - Started process (PID=327) to work on /home/airflow/.local/lib/python3.12/site-packages/airflow/example_dags/example_nested_branch_dag.py
[2025-05-01T11:33:47.592+0000] {processor.py:830} INFO - Processing file /home/airflow/.local/lib/python3.12/site-packages/airflow/example_dags/example_nested_branch_dag.py for tasks to queue
[2025-05-01T11:33:47.599+0000] {logging_mixin.py:188} INFO - [2025-05-01T11:33:47.598+0000] {dagbag.py:545} INFO - Filling up the DagBag from /home/airflow/.local/lib/python3.12/site-packages/airflow/example_dags/example_nested_branch_dag.py
[2025-05-01T11:33:47.634+0000] {processor.py:840} INFO - DAG(s) 'example_nested_branch_dag' retrieved from /home/airflow/.local/lib/python3.12/site-packages/airflow/example_dags/example_nested_branch_dag.py
[2025-05-01T11:33:47.706+0000] {logging_mixin.py:188} INFO - [2025-05-01T11:33:47.705+0000] {dag.py:3096} INFO - Sync 1 DAGs
[2025-05-01T11:33:47.777+0000] {logging_mixin.py:188} INFO - [2025-05-01T11:33:47.776+0000] {dag.py:3954} INFO - Setting next_dagrun for example_nested_branch_dag to 2025-04-30 00:00:00+00:00, run_after=2025-05-01 00:00:00+00:00
[2025-05-01T11:33:47.832+0000] {processor.py:183} INFO - Processing /home/airflow/.local/lib/python3.12/site-packages/airflow/example_dags/example_nested_branch_dag.py took 0.257 seconds
[2025-05-01T11:34:18.756+0000] {processor.py:161} INFO - Started process (PID=387) to work on /home/airflow/.local/lib/python3.12/site-packages/airflow/example_dags/example_nested_branch_dag.py
[2025-05-01T11:34:18.758+0000] {processor.py:830} INFO - Processing file /home/airflow/.local/lib/python3.12/site-packages/airflow/example_dags/example_nested_branch_dag.py for tasks to queue
[2025-05-01T11:34:18.763+0000] {logging_mixin.py:188} INFO - [2025-05-01T11:34:18.762+0000] {dagbag.py:545} INFO - Filling up the DagBag from /home/airflow/.local/lib/python3.12/site-packages/airflow/example_dags/example_nested_branch_dag.py
[2025-05-01T11:34:18.785+0000] {processor.py:840} INFO - DAG(s) 'example_nested_branch_dag' retrieved from /home/airflow/.local/lib/python3.12/site-packages/airflow/example_dags/example_nested_branch_dag.py
[2025-05-01T11:34:18.892+0000] {logging_mixin.py:188} INFO - [2025-05-01T11:34:18.891+0000] {dag.py:3096} INFO - Sync 1 DAGs
[2025-05-01T11:34:18.972+0000] {logging_mixin.py:188} INFO - [2025-05-01T11:34:18.972+0000] {dag.py:3954} INFO - Setting next_dagrun for example_nested_branch_dag to 2025-04-30 00:00:00+00:00, run_after=2025-05-01 00:00:00+00:00
[2025-05-01T11:34:19.013+0000] {processor.py:183} INFO - Processing /home/airflow/.local/lib/python3.12/site-packages/airflow/example_dags/example_nested_branch_dag.py took 0.268 seconds
[2025-05-01T11:34:49.438+0000] {processor.py:161} INFO - Started process (PID=446) to work on /home/airflow/.local/lib/python3.12/site-packages/airflow/example_dags/example_nested_branch_dag.py
[2025-05-01T11:34:49.441+0000] {processor.py:830} INFO - Processing file /home/airflow/.local/lib/python3.12/site-packages/airflow/example_dags/example_nested_branch_dag.py for tasks to queue
[2025-05-01T11:34:49.445+0000] {logging_mixin.py:188} INFO - [2025-05-01T11:34:49.444+0000] {dagbag.py:545} INFO - Filling up the DagBag from /home/airflow/.local/lib/python3.12/site-packages/airflow/example_dags/example_nested_branch_dag.py
[2025-05-01T11:34:49.468+0000] {processor.py:840} INFO - DAG(s) 'example_nested_branch_dag' retrieved from /home/airflow/.local/lib/python3.12/site-packages/airflow/example_dags/example_nested_branch_dag.py
[2025-05-01T11:34:49.516+0000] {logging_mixin.py:188} INFO - [2025-05-01T11:34:49.516+0000] {dag.py:3096} INFO - Sync 1 DAGs
[2025-05-01T11:34:49.570+0000] {logging_mixin.py:188} INFO - [2025-05-01T11:34:49.570+0000] {dag.py:3954} INFO - Setting next_dagrun for example_nested_branch_dag to 2025-04-30 00:00:00+00:00, run_after=2025-05-01 00:00:00+00:00
[2025-05-01T11:34:49.615+0000] {processor.py:183} INFO - Processing /home/airflow/.local/lib/python3.12/site-packages/airflow/example_dags/example_nested_branch_dag.py took 0.187 seconds
[2025-05-01T11:35:19.790+0000] {processor.py:161} INFO - Started process (PID=505) to work on /home/airflow/.local/lib/python3.12/site-packages/airflow/example_dags/example_nested_branch_dag.py
[2025-05-01T11:35:19.792+0000] {processor.py:830} INFO - Processing file /home/airflow/.local/lib/python3.12/site-packages/airflow/example_dags/example_nested_branch_dag.py for tasks to queue
[2025-05-01T11:35:19.798+0000] {logging_mixin.py:188} INFO - [2025-05-01T11:35:19.797+0000] {dagbag.py:545} INFO - Filling up the DagBag from /home/airflow/.local/lib/python3.12/site-packages/airflow/example_dags/example_nested_branch_dag.py
[2025-05-01T11:35:19.822+0000] {processor.py:840} INFO - DAG(s) 'example_nested_branch_dag' retrieved from /home/airflow/.local/lib/python3.12/site-packages/airflow/example_dags/example_nested_branch_dag.py
[2025-05-01T11:35:19.876+0000] {logging_mixin.py:188} INFO - [2025-05-01T11:35:19.876+0000] {dag.py:3096} INFO - Sync 1 DAGs
[2025-05-01T11:35:19.935+0000] {logging_mixin.py:188} INFO - [2025-05-01T11:35:19.934+0000] {dag.py:3954} INFO - Setting next_dagrun for example_nested_branch_dag to 2025-04-30 00:00:00+00:00, run_after=2025-05-01 00:00:00+00:00
[2025-05-01T11:35:19.980+0000] {processor.py:183} INFO - Processing /home/airflow/.local/lib/python3.12/site-packages/airflow/example_dags/example_nested_branch_dag.py took 0.202 seconds
[2025-05-01T11:35:50.568+0000] {processor.py:161} INFO - Started process (PID=564) to work on /home/airflow/.local/lib/python3.12/site-packages/airflow/example_dags/example_nested_branch_dag.py
[2025-05-01T11:35:50.570+0000] {processor.py:830} INFO - Processing file /home/airflow/.local/lib/python3.12/site-packages/airflow/example_dags/example_nested_branch_dag.py for tasks to queue
[2025-05-01T11:35:50.575+0000] {logging_mixin.py:188} INFO - [2025-05-01T11:35:50.574+0000] {dagbag.py:545} INFO - Filling up the DagBag from /home/airflow/.local/lib/python3.12/site-packages/airflow/example_dags/example_nested_branch_dag.py
[2025-05-01T11:35:50.596+0000] {processor.py:840} INFO - DAG(s) 'example_nested_branch_dag' retrieved from /home/airflow/.local/lib/python3.12/site-packages/airflow/example_dags/example_nested_branch_dag.py
[2025-05-01T11:35:50.652+0000] {logging_mixin.py:188} INFO - [2025-05-01T11:35:50.652+0000] {dag.py:3096} INFO - Sync 1 DAGs
[2025-05-01T11:35:50.708+0000] {logging_mixin.py:188} INFO - [2025-05-01T11:35:50.707+0000] {dag.py:3954} INFO - Setting next_dagrun for example_nested_branch_dag to 2025-04-30 00:00:00+00:00, run_after=2025-05-01 00:00:00+00:00
[2025-05-01T11:35:50.760+0000] {processor.py:183} INFO - Processing /home/airflow/.local/lib/python3.12/site-packages/airflow/example_dags/example_nested_branch_dag.py took 0.204 seconds
[2025-05-01T11:36:21.101+0000] {processor.py:161} INFO - Started process (PID=623) to work on /home/airflow/.local/lib/python3.12/site-packages/airflow/example_dags/example_nested_branch_dag.py
[2025-05-01T11:36:21.103+0000] {processor.py:830} INFO - Processing file /home/airflow/.local/lib/python3.12/site-packages/airflow/example_dags/example_nested_branch_dag.py for tasks to queue
[2025-05-01T11:36:21.108+0000] {logging_mixin.py:188} INFO - [2025-05-01T11:36:21.107+0000] {dagbag.py:545} INFO - Filling up the DagBag from /home/airflow/.local/lib/python3.12/site-packages/airflow/example_dags/example_nested_branch_dag.py
[2025-05-01T11:36:21.130+0000] {processor.py:840} INFO - DAG(s) 'example_nested_branch_dag' retrieved from /home/airflow/.local/lib/python3.12/site-packages/airflow/example_dags/example_nested_branch_dag.py
[2025-05-01T11:36:21.177+0000] {logging_mixin.py:188} INFO - [2025-05-01T11:36:21.177+0000] {dag.py:3096} INFO - Sync 1 DAGs
[2025-05-01T11:36:21.229+0000] {logging_mixin.py:188} INFO - [2025-05-01T11:36:21.228+0000] {dag.py:3954} INFO - Setting next_dagrun for example_nested_branch_dag to 2025-04-30 00:00:00+00:00, run_after=2025-05-01 00:00:00+00:00
[2025-05-01T11:36:21.276+0000] {processor.py:183} INFO - Processing /home/airflow/.local/lib/python3.12/site-packages/airflow/example_dags/example_nested_branch_dag.py took 0.191 seconds
[2025-05-01T11:36:51.565+0000] {processor.py:161} INFO - Started process (PID=682) to work on /home/airflow/.local/lib/python3.12/site-packages/airflow/example_dags/example_nested_branch_dag.py
[2025-05-01T11:36:51.568+0000] {processor.py:830} INFO - Processing file /home/airflow/.local/lib/python3.12/site-packages/airflow/example_dags/example_nested_branch_dag.py for tasks to queue
[2025-05-01T11:36:51.573+0000] {logging_mixin.py:188} INFO - [2025-05-01T11:36:51.571+0000] {dagbag.py:545} INFO - Filling up the DagBag from /home/airflow/.local/lib/python3.12/site-packages/airflow/example_dags/example_nested_branch_dag.py
[2025-05-01T11:36:51.605+0000] {processor.py:840} INFO - DAG(s) 'example_nested_branch_dag' retrieved from /home/airflow/.local/lib/python3.12/site-packages/airflow/example_dags/example_nested_branch_dag.py
[2025-05-01T11:36:51.670+0000] {logging_mixin.py:188} INFO - [2025-05-01T11:36:51.669+0000] {dag.py:3096} INFO - Sync 1 DAGs
[2025-05-01T11:36:51.740+0000] {logging_mixin.py:188} INFO - [2025-05-01T11:36:51.740+0000] {dag.py:3954} INFO - Setting next_dagrun for example_nested_branch_dag to 2025-04-30 00:00:00+00:00, run_after=2025-05-01 00:00:00+00:00
[2025-05-01T11:36:51.817+0000] {processor.py:183} INFO - Processing /home/airflow/.local/lib/python3.12/site-packages/airflow/example_dags/example_nested_branch_dag.py took 0.264 seconds
[2025-05-01T11:37:22.494+0000] {processor.py:161} INFO - Started process (PID=741) to work on /home/airflow/.local/lib/python3.12/site-packages/airflow/example_dags/example_nested_branch_dag.py
[2025-05-01T11:37:22.496+0000] {processor.py:830} INFO - Processing file /home/airflow/.local/lib/python3.12/site-packages/airflow/example_dags/example_nested_branch_dag.py for tasks to queue
[2025-05-01T11:37:22.501+0000] {logging_mixin.py:188} INFO - [2025-05-01T11:37:22.500+0000] {dagbag.py:545} INFO - Filling up the DagBag from /home/airflow/.local/lib/python3.12/site-packages/airflow/example_dags/example_nested_branch_dag.py
[2025-05-01T11:37:22.529+0000] {processor.py:840} INFO - DAG(s) 'example_nested_branch_dag' retrieved from /home/airflow/.local/lib/python3.12/site-packages/airflow/example_dags/example_nested_branch_dag.py
[2025-05-01T11:37:22.582+0000] {logging_mixin.py:188} INFO - [2025-05-01T11:37:22.581+0000] {dag.py:3096} INFO - Sync 1 DAGs
[2025-05-01T11:37:22.638+0000] {logging_mixin.py:188} INFO - [2025-05-01T11:37:22.638+0000] {dag.py:3954} INFO - Setting next_dagrun for example_nested_branch_dag to 2025-04-30 00:00:00+00:00, run_after=2025-05-01 00:00:00+00:00
[2025-05-01T11:37:22.688+0000] {processor.py:183} INFO - Processing /home/airflow/.local/lib/python3.12/site-packages/airflow/example_dags/example_nested_branch_dag.py took 0.208 seconds
[2025-05-01T11:37:52.937+0000] {processor.py:161} INFO - Started process (PID=801) to work on /home/airflow/.local/lib/python3.12/site-packages/airflow/example_dags/example_nested_branch_dag.py
[2025-05-01T11:37:52.940+0000] {processor.py:830} INFO - Processing file /home/airflow/.local/lib/python3.12/site-packages/airflow/example_dags/example_nested_branch_dag.py for tasks to queue
[2025-05-01T11:37:52.945+0000] {logging_mixin.py:188} INFO - [2025-05-01T11:37:52.944+0000] {dagbag.py:545} INFO - Filling up the DagBag from /home/airflow/.local/lib/python3.12/site-packages/airflow/example_dags/example_nested_branch_dag.py
[2025-05-01T11:37:52.970+0000] {processor.py:840} INFO - DAG(s) 'example_nested_branch_dag' retrieved from /home/airflow/.local/lib/python3.12/site-packages/airflow/example_dags/example_nested_branch_dag.py
[2025-05-01T11:37:53.031+0000] {logging_mixin.py:188} INFO - [2025-05-01T11:37:53.030+0000] {dag.py:3096} INFO - Sync 1 DAGs
[2025-05-01T11:37:53.083+0000] {logging_mixin.py:188} INFO - [2025-05-01T11:37:53.082+0000] {dag.py:3954} INFO - Setting next_dagrun for example_nested_branch_dag to 2025-04-30 00:00:00+00:00, run_after=2025-05-01 00:00:00+00:00
[2025-05-01T11:37:53.129+0000] {processor.py:183} INFO - Processing /home/airflow/.local/lib/python3.12/site-packages/airflow/example_dags/example_nested_branch_dag.py took 0.207 seconds
[2025-05-01T11:38:23.529+0000] {processor.py:161} INFO - Started process (PID=860) to work on /home/airflow/.local/lib/python3.12/site-packages/airflow/example_dags/example_nested_branch_dag.py
[2025-05-01T11:38:23.531+0000] {processor.py:830} INFO - Processing file /home/airflow/.local/lib/python3.12/site-packages/airflow/example_dags/example_nested_branch_dag.py for tasks to queue
[2025-05-01T11:38:23.536+0000] {logging_mixin.py:188} INFO - [2025-05-01T11:38:23.535+0000] {dagbag.py:545} INFO - Filling up the DagBag from /home/airflow/.local/lib/python3.12/site-packages/airflow/example_dags/example_nested_branch_dag.py
[2025-05-01T11:38:23.556+0000] {processor.py:840} INFO - DAG(s) 'example_nested_branch_dag' retrieved from /home/airflow/.local/lib/python3.12/site-packages/airflow/example_dags/example_nested_branch_dag.py
[2025-05-01T11:38:23.603+0000] {logging_mixin.py:188} INFO - [2025-05-01T11:38:23.602+0000] {dag.py:3096} INFO - Sync 1 DAGs
[2025-05-01T11:38:23.657+0000] {logging_mixin.py:188} INFO - [2025-05-01T11:38:23.656+0000] {dag.py:3954} INFO - Setting next_dagrun for example_nested_branch_dag to 2025-04-30 00:00:00+00:00, run_after=2025-05-01 00:00:00+00:00
[2025-05-01T11:38:23.713+0000] {processor.py:183} INFO - Processing /home/airflow/.local/lib/python3.12/site-packages/airflow/example_dags/example_nested_branch_dag.py took 0.196 seconds
[2025-05-01T11:38:55.061+0000] {processor.py:161} INFO - Started process (PID=925) to work on /home/airflow/.local/lib/python3.12/site-packages/airflow/example_dags/example_nested_branch_dag.py
[2025-05-01T11:38:55.064+0000] {processor.py:830} INFO - Processing file /home/airflow/.local/lib/python3.12/site-packages/airflow/example_dags/example_nested_branch_dag.py for tasks to queue
[2025-05-01T11:38:55.069+0000] {logging_mixin.py:188} INFO - [2025-05-01T11:38:55.067+0000] {dagbag.py:545} INFO - Filling up the DagBag from /home/airflow/.local/lib/python3.12/site-packages/airflow/example_dags/example_nested_branch_dag.py
[2025-05-01T11:38:55.105+0000] {processor.py:840} INFO - DAG(s) 'example_nested_branch_dag' retrieved from /home/airflow/.local/lib/python3.12/site-packages/airflow/example_dags/example_nested_branch_dag.py
[2025-05-01T11:38:55.152+0000] {logging_mixin.py:188} INFO - [2025-05-01T11:38:55.152+0000] {dag.py:3096} INFO - Sync 1 DAGs
[2025-05-01T11:38:55.200+0000] {logging_mixin.py:188} INFO - [2025-05-01T11:38:55.200+0000] {dag.py:3954} INFO - Setting next_dagrun for example_nested_branch_dag to 2025-04-30 00:00:00+00:00, run_after=2025-05-01 00:00:00+00:00
[2025-05-01T11:38:55.282+0000] {processor.py:183} INFO - Processing /home/airflow/.local/lib/python3.12/site-packages/airflow/example_dags/example_nested_branch_dag.py took 0.237 seconds
[2025-05-01T11:39:25.496+0000] {processor.py:161} INFO - Started process (PID=985) to work on /home/airflow/.local/lib/python3.12/site-packages/airflow/example_dags/example_nested_branch_dag.py
[2025-05-01T11:39:25.498+0000] {processor.py:830} INFO - Processing file /home/airflow/.local/lib/python3.12/site-packages/airflow/example_dags/example_nested_branch_dag.py for tasks to queue
[2025-05-01T11:39:25.502+0000] {logging_mixin.py:188} INFO - [2025-05-01T11:39:25.501+0000] {dagbag.py:545} INFO - Filling up the DagBag from /home/airflow/.local/lib/python3.12/site-packages/airflow/example_dags/example_nested_branch_dag.py
[2025-05-01T11:39:25.524+0000] {processor.py:840} INFO - DAG(s) 'example_nested_branch_dag' retrieved from /home/airflow/.local/lib/python3.12/site-packages/airflow/example_dags/example_nested_branch_dag.py
[2025-05-01T11:39:25.580+0000] {logging_mixin.py:188} INFO - [2025-05-01T11:39:25.579+0000] {dag.py:3096} INFO - Sync 1 DAGs
[2025-05-01T11:39:25.627+0000] {logging_mixin.py:188} INFO - [2025-05-01T11:39:25.627+0000] {dag.py:3954} INFO - Setting next_dagrun for example_nested_branch_dag to 2025-04-30 00:00:00+00:00, run_after=2025-05-01 00:00:00+00:00
[2025-05-01T11:39:25.670+0000] {processor.py:183} INFO - Processing /home/airflow/.local/lib/python3.12/site-packages/airflow/example_dags/example_nested_branch_dag.py took 0.185 seconds
[2025-05-01T11:39:56.054+0000] {processor.py:161} INFO - Started process (PID=1044) to work on /home/airflow/.local/lib/python3.12/site-packages/airflow/example_dags/example_nested_branch_dag.py
[2025-05-01T11:39:56.056+0000] {processor.py:830} INFO - Processing file /home/airflow/.local/lib/python3.12/site-packages/airflow/example_dags/example_nested_branch_dag.py for tasks to queue
[2025-05-01T11:39:56.061+0000] {logging_mixin.py:188} INFO - [2025-05-01T11:39:56.060+0000] {dagbag.py:545} INFO - Filling up the DagBag from /home/airflow/.local/lib/python3.12/site-packages/airflow/example_dags/example_nested_branch_dag.py
[2025-05-01T11:39:56.107+0000] {processor.py:840} INFO - DAG(s) 'example_nested_branch_dag' retrieved from /home/airflow/.local/lib/python3.12/site-packages/airflow/example_dags/example_nested_branch_dag.py
[2025-05-01T11:39:56.170+0000] {logging_mixin.py:188} INFO - [2025-05-01T11:39:56.170+0000] {dag.py:3096} INFO - Sync 1 DAGs
[2025-05-01T11:39:56.223+0000] {logging_mixin.py:188} INFO - [2025-05-01T11:39:56.222+0000] {dag.py:3954} INFO - Setting next_dagrun for example_nested_branch_dag to 2025-04-30 00:00:00+00:00, run_after=2025-05-01 00:00:00+00:00
[2025-05-01T11:39:56.267+0000] {processor.py:183} INFO - Processing /home/airflow/.local/lib/python3.12/site-packages/airflow/example_dags/example_nested_branch_dag.py took 0.226 seconds
[2025-05-01T11:40:27.276+0000] {processor.py:161} INFO - Started process (PID=1103) to work on /home/airflow/.local/lib/python3.12/site-packages/airflow/example_dags/example_nested_branch_dag.py
[2025-05-01T11:40:27.279+0000] {processor.py:830} INFO - Processing file /home/airflow/.local/lib/python3.12/site-packages/airflow/example_dags/example_nested_branch_dag.py for tasks to queue
[2025-05-01T11:40:27.283+0000] {logging_mixin.py:188} INFO - [2025-05-01T11:40:27.283+0000] {dagbag.py:545} INFO - Filling up the DagBag from /home/airflow/.local/lib/python3.12/site-packages/airflow/example_dags/example_nested_branch_dag.py
[2025-05-01T11:40:27.306+0000] {processor.py:840} INFO - DAG(s) 'example_nested_branch_dag' retrieved from /home/airflow/.local/lib/python3.12/site-packages/airflow/example_dags/example_nested_branch_dag.py
[2025-05-01T11:40:27.354+0000] {logging_mixin.py:188} INFO - [2025-05-01T11:40:27.353+0000] {dag.py:3096} INFO - Sync 1 DAGs
[2025-05-01T11:40:27.408+0000] {logging_mixin.py:188} INFO - [2025-05-01T11:40:27.408+0000] {dag.py:3954} INFO - Setting next_dagrun for example_nested_branch_dag to 2025-04-30 00:00:00+00:00, run_after=2025-05-01 00:00:00+00:00
[2025-05-01T11:40:27.488+0000] {processor.py:183} INFO - Processing /home/airflow/.local/lib/python3.12/site-packages/airflow/example_dags/example_nested_branch_dag.py took 0.224 seconds
[2025-05-01T11:40:57.612+0000] {processor.py:161} INFO - Started process (PID=1160) to work on /home/airflow/.local/lib/python3.12/site-packages/airflow/example_dags/example_nested_branch_dag.py
[2025-05-01T11:40:57.614+0000] {processor.py:830} INFO - Processing file /home/airflow/.local/lib/python3.12/site-packages/airflow/example_dags/example_nested_branch_dag.py for tasks to queue
[2025-05-01T11:40:57.620+0000] {logging_mixin.py:188} INFO - [2025-05-01T11:40:57.618+0000] {dagbag.py:545} INFO - Filling up the DagBag from /home/airflow/.local/lib/python3.12/site-packages/airflow/example_dags/example_nested_branch_dag.py
[2025-05-01T11:40:57.648+0000] {processor.py:840} INFO - DAG(s) 'example_nested_branch_dag' retrieved from /home/airflow/.local/lib/python3.12/site-packages/airflow/example_dags/example_nested_branch_dag.py
[2025-05-01T11:40:57.702+0000] {logging_mixin.py:188} INFO - [2025-05-01T11:40:57.702+0000] {dag.py:3096} INFO - Sync 1 DAGs
[2025-05-01T11:40:57.760+0000] {logging_mixin.py:188} INFO - [2025-05-01T11:40:57.759+0000] {dag.py:3954} INFO - Setting next_dagrun for example_nested_branch_dag to 2025-04-30 00:00:00+00:00, run_after=2025-05-01 00:00:00+00:00
[2025-05-01T11:40:57.874+0000] {processor.py:183} INFO - Processing /home/airflow/.local/lib/python3.12/site-packages/airflow/example_dags/example_nested_branch_dag.py took 0.277 seconds
[2025-05-01T11:41:28.693+0000] {processor.py:161} INFO - Started process (PID=1219) to work on /home/airflow/.local/lib/python3.12/site-packages/airflow/example_dags/example_nested_branch_dag.py
[2025-05-01T11:41:28.696+0000] {processor.py:830} INFO - Processing file /home/airflow/.local/lib/python3.12/site-packages/airflow/example_dags/example_nested_branch_dag.py for tasks to queue
[2025-05-01T11:41:28.703+0000] {logging_mixin.py:188} INFO - [2025-05-01T11:41:28.702+0000] {dagbag.py:545} INFO - Filling up the DagBag from /home/airflow/.local/lib/python3.12/site-packages/airflow/example_dags/example_nested_branch_dag.py
[2025-05-01T11:41:28.734+0000] {processor.py:840} INFO - DAG(s) 'example_nested_branch_dag' retrieved from /home/airflow/.local/lib/python3.12/site-packages/airflow/example_dags/example_nested_branch_dag.py
[2025-05-01T11:41:28.793+0000] {logging_mixin.py:188} INFO - [2025-05-01T11:41:28.792+0000] {dag.py:3096} INFO - Sync 1 DAGs
[2025-05-01T11:41:28.849+0000] {logging_mixin.py:188} INFO - [2025-05-01T11:41:28.849+0000] {dag.py:3954} INFO - Setting next_dagrun for example_nested_branch_dag to 2025-04-30 00:00:00+00:00, run_after=2025-05-01 00:00:00+00:00
[2025-05-01T11:41:28.896+0000] {processor.py:183} INFO - Processing /home/airflow/.local/lib/python3.12/site-packages/airflow/example_dags/example_nested_branch_dag.py took 0.228 seconds
[2025-05-01T11:41:59.533+0000] {processor.py:161} INFO - Started process (PID=1279) to work on /home/airflow/.local/lib/python3.12/site-packages/airflow/example_dags/example_nested_branch_dag.py
[2025-05-01T11:41:59.536+0000] {processor.py:830} INFO - Processing file /home/airflow/.local/lib/python3.12/site-packages/airflow/example_dags/example_nested_branch_dag.py for tasks to queue
[2025-05-01T11:41:59.543+0000] {logging_mixin.py:188} INFO - [2025-05-01T11:41:59.542+0000] {dagbag.py:545} INFO - Filling up the DagBag from /home/airflow/.local/lib/python3.12/site-packages/airflow/example_dags/example_nested_branch_dag.py
[2025-05-01T11:41:59.575+0000] {processor.py:840} INFO - DAG(s) 'example_nested_branch_dag' retrieved from /home/airflow/.local/lib/python3.12/site-packages/airflow/example_dags/example_nested_branch_dag.py
[2025-05-01T11:41:59.641+0000] {logging_mixin.py:188} INFO - [2025-05-01T11:41:59.640+0000] {dag.py:3096} INFO - Sync 1 DAGs
[2025-05-01T11:41:59.697+0000] {logging_mixin.py:188} INFO - [2025-05-01T11:41:59.696+0000] {dag.py:3954} INFO - Setting next_dagrun for example_nested_branch_dag to 2025-04-30 00:00:00+00:00, run_after=2025-05-01 00:00:00+00:00
[2025-05-01T11:41:59.744+0000] {processor.py:183} INFO - Processing /home/airflow/.local/lib/python3.12/site-packages/airflow/example_dags/example_nested_branch_dag.py took 0.240 seconds
[2025-05-01T11:42:30.567+0000] {processor.py:161} INFO - Started process (PID=1338) to work on /home/airflow/.local/lib/python3.12/site-packages/airflow/example_dags/example_nested_branch_dag.py
[2025-05-01T11:42:30.571+0000] {processor.py:830} INFO - Processing file /home/airflow/.local/lib/python3.12/site-packages/airflow/example_dags/example_nested_branch_dag.py for tasks to queue
[2025-05-01T11:42:30.576+0000] {logging_mixin.py:188} INFO - [2025-05-01T11:42:30.575+0000] {dagbag.py:545} INFO - Filling up the DagBag from /home/airflow/.local/lib/python3.12/site-packages/airflow/example_dags/example_nested_branch_dag.py
[2025-05-01T11:42:30.596+0000] {processor.py:840} INFO - DAG(s) 'example_nested_branch_dag' retrieved from /home/airflow/.local/lib/python3.12/site-packages/airflow/example_dags/example_nested_branch_dag.py
[2025-05-01T11:42:30.644+0000] {logging_mixin.py:188} INFO - [2025-05-01T11:42:30.643+0000] {dag.py:3096} INFO - Sync 1 DAGs
[2025-05-01T11:42:30.695+0000] {logging_mixin.py:188} INFO - [2025-05-01T11:42:30.695+0000] {dag.py:3954} INFO - Setting next_dagrun for example_nested_branch_dag to 2025-04-30 00:00:00+00:00, run_after=2025-05-01 00:00:00+00:00
[2025-05-01T11:42:30.741+0000] {processor.py:183} INFO - Processing /home/airflow/.local/lib/python3.12/site-packages/airflow/example_dags/example_nested_branch_dag.py took 0.196 seconds
[2025-05-01T11:43:01.644+0000] {processor.py:161} INFO - Started process (PID=1397) to work on /home/airflow/.local/lib/python3.12/site-packages/airflow/example_dags/example_nested_branch_dag.py
[2025-05-01T11:43:01.646+0000] {processor.py:830} INFO - Processing file /home/airflow/.local/lib/python3.12/site-packages/airflow/example_dags/example_nested_branch_dag.py for tasks to queue
[2025-05-01T11:43:01.650+0000] {logging_mixin.py:188} INFO - [2025-05-01T11:43:01.649+0000] {dagbag.py:545} INFO - Filling up the DagBag from /home/airflow/.local/lib/python3.12/site-packages/airflow/example_dags/example_nested_branch_dag.py
[2025-05-01T11:43:01.670+0000] {processor.py:840} INFO - DAG(s) 'example_nested_branch_dag' retrieved from /home/airflow/.local/lib/python3.12/site-packages/airflow/example_dags/example_nested_branch_dag.py
[2025-05-01T11:43:01.724+0000] {logging_mixin.py:188} INFO - [2025-05-01T11:43:01.723+0000] {dag.py:3096} INFO - Sync 1 DAGs
[2025-05-01T11:43:01.829+0000] {logging_mixin.py:188} INFO - [2025-05-01T11:43:01.828+0000] {dag.py:3954} INFO - Setting next_dagrun for example_nested_branch_dag to 2025-04-30 00:00:00+00:00, run_after=2025-05-01 00:00:00+00:00
[2025-05-01T11:43:01.935+0000] {processor.py:183} INFO - Processing /home/airflow/.local/lib/python3.12/site-packages/airflow/example_dags/example_nested_branch_dag.py took 0.302 seconds
[2025-05-01T11:43:32.705+0000] {processor.py:161} INFO - Started process (PID=1456) to work on /home/airflow/.local/lib/python3.12/site-packages/airflow/example_dags/example_nested_branch_dag.py
[2025-05-01T11:43:32.708+0000] {processor.py:830} INFO - Processing file /home/airflow/.local/lib/python3.12/site-packages/airflow/example_dags/example_nested_branch_dag.py for tasks to queue
[2025-05-01T11:43:32.712+0000] {logging_mixin.py:188} INFO - [2025-05-01T11:43:32.711+0000] {dagbag.py:545} INFO - Filling up the DagBag from /home/airflow/.local/lib/python3.12/site-packages/airflow/example_dags/example_nested_branch_dag.py
[2025-05-01T11:43:32.737+0000] {processor.py:840} INFO - DAG(s) 'example_nested_branch_dag' retrieved from /home/airflow/.local/lib/python3.12/site-packages/airflow/example_dags/example_nested_branch_dag.py
[2025-05-01T11:43:32.807+0000] {logging_mixin.py:188} INFO - [2025-05-01T11:43:32.807+0000] {dag.py:3096} INFO - Sync 1 DAGs
[2025-05-01T11:43:32.872+0000] {logging_mixin.py:188} INFO - [2025-05-01T11:43:32.871+0000] {dag.py:3954} INFO - Setting next_dagrun for example_nested_branch_dag to 2025-04-30 00:00:00+00:00, run_after=2025-05-01 00:00:00+00:00
[2025-05-01T11:43:32.930+0000] {processor.py:183} INFO - Processing /home/airflow/.local/lib/python3.12/site-packages/airflow/example_dags/example_nested_branch_dag.py took 0.241 seconds
[2025-05-01T11:44:03.277+0000] {processor.py:161} INFO - Started process (PID=1515) to work on /home/airflow/.local/lib/python3.12/site-packages/airflow/example_dags/example_nested_branch_dag.py
[2025-05-01T11:44:03.282+0000] {processor.py:830} INFO - Processing file /home/airflow/.local/lib/python3.12/site-packages/airflow/example_dags/example_nested_branch_dag.py for tasks to queue
[2025-05-01T11:44:03.289+0000] {logging_mixin.py:188} INFO - [2025-05-01T11:44:03.288+0000] {dagbag.py:545} INFO - Filling up the DagBag from /home/airflow/.local/lib/python3.12/site-packages/airflow/example_dags/example_nested_branch_dag.py
[2025-05-01T11:44:03.322+0000] {processor.py:840} INFO - DAG(s) 'example_nested_branch_dag' retrieved from /home/airflow/.local/lib/python3.12/site-packages/airflow/example_dags/example_nested_branch_dag.py
[2025-05-01T11:44:03.378+0000] {logging_mixin.py:188} INFO - [2025-05-01T11:44:03.378+0000] {dag.py:3096} INFO - Sync 1 DAGs
[2025-05-01T11:44:03.443+0000] {logging_mixin.py:188} INFO - [2025-05-01T11:44:03.442+0000] {dag.py:3954} INFO - Setting next_dagrun for example_nested_branch_dag to 2025-04-30 00:00:00+00:00, run_after=2025-05-01 00:00:00+00:00
[2025-05-01T11:44:03.493+0000] {processor.py:183} INFO - Processing /home/airflow/.local/lib/python3.12/site-packages/airflow/example_dags/example_nested_branch_dag.py took 0.229 seconds
[2025-05-01T11:44:33.739+0000] {processor.py:161} INFO - Started process (PID=1574) to work on /home/airflow/.local/lib/python3.12/site-packages/airflow/example_dags/example_nested_branch_dag.py
[2025-05-01T11:44:33.741+0000] {processor.py:830} INFO - Processing file /home/airflow/.local/lib/python3.12/site-packages/airflow/example_dags/example_nested_branch_dag.py for tasks to queue
[2025-05-01T11:44:33.746+0000] {logging_mixin.py:188} INFO - [2025-05-01T11:44:33.745+0000] {dagbag.py:545} INFO - Filling up the DagBag from /home/airflow/.local/lib/python3.12/site-packages/airflow/example_dags/example_nested_branch_dag.py
[2025-05-01T11:44:33.767+0000] {processor.py:840} INFO - DAG(s) 'example_nested_branch_dag' retrieved from /home/airflow/.local/lib/python3.12/site-packages/airflow/example_dags/example_nested_branch_dag.py
[2025-05-01T11:44:33.817+0000] {logging_mixin.py:188} INFO - [2025-05-01T11:44:33.816+0000] {dag.py:3096} INFO - Sync 1 DAGs
[2025-05-01T11:44:33.872+0000] {logging_mixin.py:188} INFO - [2025-05-01T11:44:33.871+0000] {dag.py:3954} INFO - Setting next_dagrun for example_nested_branch_dag to 2025-04-30 00:00:00+00:00, run_after=2025-05-01 00:00:00+00:00
[2025-05-01T11:44:33.920+0000] {processor.py:183} INFO - Processing /home/airflow/.local/lib/python3.12/site-packages/airflow/example_dags/example_nested_branch_dag.py took 0.193 seconds
[2025-05-01T11:45:04.189+0000] {processor.py:161} INFO - Started process (PID=1633) to work on /home/airflow/.local/lib/python3.12/site-packages/airflow/example_dags/example_nested_branch_dag.py
[2025-05-01T11:45:04.191+0000] {processor.py:830} INFO - Processing file /home/airflow/.local/lib/python3.12/site-packages/airflow/example_dags/example_nested_branch_dag.py for tasks to queue
[2025-05-01T11:45:04.196+0000] {logging_mixin.py:188} INFO - [2025-05-01T11:45:04.195+0000] {dagbag.py:545} INFO - Filling up the DagBag from /home/airflow/.local/lib/python3.12/site-packages/airflow/example_dags/example_nested_branch_dag.py
[2025-05-01T11:45:04.219+0000] {processor.py:840} INFO - DAG(s) 'example_nested_branch_dag' retrieved from /home/airflow/.local/lib/python3.12/site-packages/airflow/example_dags/example_nested_branch_dag.py
[2025-05-01T11:45:04.283+0000] {logging_mixin.py:188} INFO - [2025-05-01T11:45:04.282+0000] {dag.py:3096} INFO - Sync 1 DAGs
[2025-05-01T11:45:04.354+0000] {logging_mixin.py:188} INFO - [2025-05-01T11:45:04.353+0000] {dag.py:3954} INFO - Setting next_dagrun for example_nested_branch_dag to 2025-04-30 00:00:00+00:00, run_after=2025-05-01 00:00:00+00:00
[2025-05-01T11:45:04.476+0000] {processor.py:183} INFO - Processing /home/airflow/.local/lib/python3.12/site-packages/airflow/example_dags/example_nested_branch_dag.py took 0.299 seconds
[2025-05-01T11:45:34.939+0000] {processor.py:161} INFO - Started process (PID=1692) to work on /home/airflow/.local/lib/python3.12/site-packages/airflow/example_dags/example_nested_branch_dag.py
[2025-05-01T11:45:34.942+0000] {processor.py:830} INFO - Processing file /home/airflow/.local/lib/python3.12/site-packages/airflow/example_dags/example_nested_branch_dag.py for tasks to queue
[2025-05-01T11:45:34.946+0000] {logging_mixin.py:188} INFO - [2025-05-01T11:45:34.945+0000] {dagbag.py:545} INFO - Filling up the DagBag from /home/airflow/.local/lib/python3.12/site-packages/airflow/example_dags/example_nested_branch_dag.py
[2025-05-01T11:45:34.969+0000] {processor.py:840} INFO - DAG(s) 'example_nested_branch_dag' retrieved from /home/airflow/.local/lib/python3.12/site-packages/airflow/example_dags/example_nested_branch_dag.py
[2025-05-01T11:45:35.024+0000] {logging_mixin.py:188} INFO - [2025-05-01T11:45:35.023+0000] {dag.py:3096} INFO - Sync 1 DAGs
[2025-05-01T11:45:35.075+0000] {logging_mixin.py:188} INFO - [2025-05-01T11:45:35.074+0000] {dag.py:3954} INFO - Setting next_dagrun for example_nested_branch_dag to 2025-04-30 00:00:00+00:00, run_after=2025-05-01 00:00:00+00:00
[2025-05-01T11:45:35.147+0000] {processor.py:183} INFO - Processing /home/airflow/.local/lib/python3.12/site-packages/airflow/example_dags/example_nested_branch_dag.py took 0.219 seconds
[2025-05-01T11:46:05.575+0000] {processor.py:161} INFO - Started process (PID=1751) to work on /home/airflow/.local/lib/python3.12/site-packages/airflow/example_dags/example_nested_branch_dag.py
[2025-05-01T11:46:05.577+0000] {processor.py:830} INFO - Processing file /home/airflow/.local/lib/python3.12/site-packages/airflow/example_dags/example_nested_branch_dag.py for tasks to queue
[2025-05-01T11:46:05.583+0000] {logging_mixin.py:188} INFO - [2025-05-01T11:46:05.582+0000] {dagbag.py:545} INFO - Filling up the DagBag from /home/airflow/.local/lib/python3.12/site-packages/airflow/example_dags/example_nested_branch_dag.py
[2025-05-01T11:46:05.610+0000] {processor.py:840} INFO - DAG(s) 'example_nested_branch_dag' retrieved from /home/airflow/.local/lib/python3.12/site-packages/airflow/example_dags/example_nested_branch_dag.py
[2025-05-01T11:46:05.663+0000] {logging_mixin.py:188} INFO - [2025-05-01T11:46:05.662+0000] {dag.py:3096} INFO - Sync 1 DAGs
[2025-05-01T11:46:05.719+0000] {logging_mixin.py:188} INFO - [2025-05-01T11:46:05.719+0000] {dag.py:3954} INFO - Setting next_dagrun for example_nested_branch_dag to 2025-04-30 00:00:00+00:00, run_after=2025-05-01 00:00:00+00:00
[2025-05-01T11:46:05.769+0000] {processor.py:183} INFO - Processing /home/airflow/.local/lib/python3.12/site-packages/airflow/example_dags/example_nested_branch_dag.py took 0.207 seconds
[2025-05-01T11:46:35.985+0000] {processor.py:161} INFO - Started process (PID=1810) to work on /home/airflow/.local/lib/python3.12/site-packages/airflow/example_dags/example_nested_branch_dag.py
[2025-05-01T11:46:35.988+0000] {processor.py:830} INFO - Processing file /home/airflow/.local/lib/python3.12/site-packages/airflow/example_dags/example_nested_branch_dag.py for tasks to queue
[2025-05-01T11:46:35.993+0000] {logging_mixin.py:188} INFO - [2025-05-01T11:46:35.992+0000] {dagbag.py:545} INFO - Filling up the DagBag from /home/airflow/.local/lib/python3.12/site-packages/airflow/example_dags/example_nested_branch_dag.py
[2025-05-01T11:46:36.031+0000] {processor.py:840} INFO - DAG(s) 'example_nested_branch_dag' retrieved from /home/airflow/.local/lib/python3.12/site-packages/airflow/example_dags/example_nested_branch_dag.py
[2025-05-01T11:46:36.095+0000] {logging_mixin.py:188} INFO - [2025-05-01T11:46:36.095+0000] {dag.py:3096} INFO - Sync 1 DAGs
[2025-05-01T11:46:36.166+0000] {logging_mixin.py:188} INFO - [2025-05-01T11:46:36.166+0000] {dag.py:3954} INFO - Setting next_dagrun for example_nested_branch_dag to 2025-04-30 00:00:00+00:00, run_after=2025-05-01 00:00:00+00:00
[2025-05-01T11:46:36.227+0000] {processor.py:183} INFO - Processing /home/airflow/.local/lib/python3.12/site-packages/airflow/example_dags/example_nested_branch_dag.py took 0.256 seconds
[2025-05-01T11:47:06.345+0000] {processor.py:161} INFO - Started process (PID=1869) to work on /home/airflow/.local/lib/python3.12/site-packages/airflow/example_dags/example_nested_branch_dag.py
[2025-05-01T11:47:06.348+0000] {processor.py:830} INFO - Processing file /home/airflow/.local/lib/python3.12/site-packages/airflow/example_dags/example_nested_branch_dag.py for tasks to queue
[2025-05-01T11:47:06.353+0000] {logging_mixin.py:188} INFO - [2025-05-01T11:47:06.352+0000] {dagbag.py:545} INFO - Filling up the DagBag from /home/airflow/.local/lib/python3.12/site-packages/airflow/example_dags/example_nested_branch_dag.py
[2025-05-01T11:47:06.376+0000] {processor.py:840} INFO - DAG(s) 'example_nested_branch_dag' retrieved from /home/airflow/.local/lib/python3.12/site-packages/airflow/example_dags/example_nested_branch_dag.py
[2025-05-01T11:47:06.432+0000] {logging_mixin.py:188} INFO - [2025-05-01T11:47:06.432+0000] {dag.py:3096} INFO - Sync 1 DAGs
[2025-05-01T11:47:06.490+0000] {logging_mixin.py:188} INFO - [2025-05-01T11:47:06.489+0000] {dag.py:3954} INFO - Setting next_dagrun for example_nested_branch_dag to 2025-04-30 00:00:00+00:00, run_after=2025-05-01 00:00:00+00:00
[2025-05-01T11:47:06.552+0000] {processor.py:183} INFO - Processing /home/airflow/.local/lib/python3.12/site-packages/airflow/example_dags/example_nested_branch_dag.py took 0.221 seconds
[2025-05-01T11:47:36.805+0000] {processor.py:161} INFO - Started process (PID=1928) to work on /home/airflow/.local/lib/python3.12/site-packages/airflow/example_dags/example_nested_branch_dag.py
[2025-05-01T11:47:36.807+0000] {processor.py:830} INFO - Processing file /home/airflow/.local/lib/python3.12/site-packages/airflow/example_dags/example_nested_branch_dag.py for tasks to queue
[2025-05-01T11:47:36.811+0000] {logging_mixin.py:188} INFO - [2025-05-01T11:47:36.810+0000] {dagbag.py:545} INFO - Filling up the DagBag from /home/airflow/.local/lib/python3.12/site-packages/airflow/example_dags/example_nested_branch_dag.py
[2025-05-01T11:47:36.832+0000] {processor.py:840} INFO - DAG(s) 'example_nested_branch_dag' retrieved from /home/airflow/.local/lib/python3.12/site-packages/airflow/example_dags/example_nested_branch_dag.py
[2025-05-01T11:47:36.879+0000] {logging_mixin.py:188} INFO - [2025-05-01T11:47:36.878+0000] {dag.py:3096} INFO - Sync 1 DAGs
[2025-05-01T11:47:36.927+0000] {logging_mixin.py:188} INFO - [2025-05-01T11:47:36.926+0000] {dag.py:3954} INFO - Setting next_dagrun for example_nested_branch_dag to 2025-04-30 00:00:00+00:00, run_after=2025-05-01 00:00:00+00:00
[2025-05-01T11:47:36.971+0000] {processor.py:183} INFO - Processing /home/airflow/.local/lib/python3.12/site-packages/airflow/example_dags/example_nested_branch_dag.py took 0.179 seconds
[2025-05-01T11:48:08.224+0000] {processor.py:161} INFO - Started process (PID=1987) to work on /home/airflow/.local/lib/python3.12/site-packages/airflow/example_dags/example_nested_branch_dag.py
[2025-05-01T11:48:08.226+0000] {processor.py:830} INFO - Processing file /home/airflow/.local/lib/python3.12/site-packages/airflow/example_dags/example_nested_branch_dag.py for tasks to queue
[2025-05-01T11:48:08.231+0000] {logging_mixin.py:188} INFO - [2025-05-01T11:48:08.231+0000] {dagbag.py:545} INFO - Filling up the DagBag from /home/airflow/.local/lib/python3.12/site-packages/airflow/example_dags/example_nested_branch_dag.py
[2025-05-01T11:48:08.266+0000] {processor.py:840} INFO - DAG(s) 'example_nested_branch_dag' retrieved from /home/airflow/.local/lib/python3.12/site-packages/airflow/example_dags/example_nested_branch_dag.py
[2025-05-01T11:48:08.356+0000] {logging_mixin.py:188} INFO - [2025-05-01T11:48:08.356+0000] {dag.py:3096} INFO - Sync 1 DAGs
[2025-05-01T11:48:08.855+0000] {logging_mixin.py:188} INFO - [2025-05-01T11:48:08.855+0000] {dag.py:3954} INFO - Setting next_dagrun for example_nested_branch_dag to 2025-04-30 00:00:00+00:00, run_after=2025-05-01 00:00:00+00:00
[2025-05-01T11:48:08.918+0000] {processor.py:183} INFO - Processing /home/airflow/.local/lib/python3.12/site-packages/airflow/example_dags/example_nested_branch_dag.py took 0.707 seconds
[2025-05-01T11:48:39.542+0000] {processor.py:161} INFO - Started process (PID=2047) to work on /home/airflow/.local/lib/python3.12/site-packages/airflow/example_dags/example_nested_branch_dag.py
[2025-05-01T11:48:39.544+0000] {processor.py:830} INFO - Processing file /home/airflow/.local/lib/python3.12/site-packages/airflow/example_dags/example_nested_branch_dag.py for tasks to queue
[2025-05-01T11:48:39.549+0000] {logging_mixin.py:188} INFO - [2025-05-01T11:48:39.547+0000] {dagbag.py:545} INFO - Filling up the DagBag from /home/airflow/.local/lib/python3.12/site-packages/airflow/example_dags/example_nested_branch_dag.py
[2025-05-01T11:48:39.576+0000] {processor.py:840} INFO - DAG(s) 'example_nested_branch_dag' retrieved from /home/airflow/.local/lib/python3.12/site-packages/airflow/example_dags/example_nested_branch_dag.py
[2025-05-01T11:48:39.644+0000] {logging_mixin.py:188} INFO - [2025-05-01T11:48:39.643+0000] {dag.py:3096} INFO - Sync 1 DAGs
[2025-05-01T11:48:39.950+0000] {logging_mixin.py:188} INFO - [2025-05-01T11:48:39.949+0000] {dag.py:3954} INFO - Setting next_dagrun for example_nested_branch_dag to 2025-04-30 00:00:00+00:00, run_after=2025-05-01 00:00:00+00:00
[2025-05-01T11:48:40.000+0000] {processor.py:183} INFO - Processing /home/airflow/.local/lib/python3.12/site-packages/airflow/example_dags/example_nested_branch_dag.py took 0.471 seconds
[2025-05-01T11:49:10.792+0000] {processor.py:161} INFO - Started process (PID=2106) to work on /home/airflow/.local/lib/python3.12/site-packages/airflow/example_dags/example_nested_branch_dag.py
[2025-05-01T11:49:10.795+0000] {processor.py:830} INFO - Processing file /home/airflow/.local/lib/python3.12/site-packages/airflow/example_dags/example_nested_branch_dag.py for tasks to queue
[2025-05-01T11:49:10.801+0000] {logging_mixin.py:188} INFO - [2025-05-01T11:49:10.799+0000] {dagbag.py:545} INFO - Filling up the DagBag from /home/airflow/.local/lib/python3.12/site-packages/airflow/example_dags/example_nested_branch_dag.py
[2025-05-01T11:49:10.826+0000] {processor.py:840} INFO - DAG(s) 'example_nested_branch_dag' retrieved from /home/airflow/.local/lib/python3.12/site-packages/airflow/example_dags/example_nested_branch_dag.py
[2025-05-01T11:49:10.891+0000] {logging_mixin.py:188} INFO - [2025-05-01T11:49:10.890+0000] {dag.py:3096} INFO - Sync 1 DAGs
[2025-05-01T11:49:10.969+0000] {logging_mixin.py:188} INFO - [2025-05-01T11:49:10.968+0000] {dag.py:3954} INFO - Setting next_dagrun for example_nested_branch_dag to 2025-04-30 00:00:00+00:00, run_after=2025-05-01 00:00:00+00:00
[2025-05-01T11:49:11.031+0000] {processor.py:183} INFO - Processing /home/airflow/.local/lib/python3.12/site-packages/airflow/example_dags/example_nested_branch_dag.py took 0.262 seconds
[2025-05-01T11:49:41.177+0000] {processor.py:161} INFO - Started process (PID=2165) to work on /home/airflow/.local/lib/python3.12/site-packages/airflow/example_dags/example_nested_branch_dag.py
[2025-05-01T11:49:41.180+0000] {processor.py:830} INFO - Processing file /home/airflow/.local/lib/python3.12/site-packages/airflow/example_dags/example_nested_branch_dag.py for tasks to queue
[2025-05-01T11:49:41.186+0000] {logging_mixin.py:188} INFO - [2025-05-01T11:49:41.186+0000] {dagbag.py:545} INFO - Filling up the DagBag from /home/airflow/.local/lib/python3.12/site-packages/airflow/example_dags/example_nested_branch_dag.py
[2025-05-01T11:49:41.213+0000] {processor.py:840} INFO - DAG(s) 'example_nested_branch_dag' retrieved from /home/airflow/.local/lib/python3.12/site-packages/airflow/example_dags/example_nested_branch_dag.py
[2025-05-01T11:49:41.271+0000] {logging_mixin.py:188} INFO - [2025-05-01T11:49:41.270+0000] {dag.py:3096} INFO - Sync 1 DAGs
[2025-05-01T11:49:41.341+0000] {logging_mixin.py:188} INFO - [2025-05-01T11:49:41.340+0000] {dag.py:3954} INFO - Setting next_dagrun for example_nested_branch_dag to 2025-04-30 00:00:00+00:00, run_after=2025-05-01 00:00:00+00:00
[2025-05-01T11:49:41.436+0000] {processor.py:183} INFO - Processing /home/airflow/.local/lib/python3.12/site-packages/airflow/example_dags/example_nested_branch_dag.py took 0.275 seconds
[2025-05-01T11:50:11.760+0000] {processor.py:161} INFO - Started process (PID=2224) to work on /home/airflow/.local/lib/python3.12/site-packages/airflow/example_dags/example_nested_branch_dag.py
[2025-05-01T11:50:11.763+0000] {processor.py:830} INFO - Processing file /home/airflow/.local/lib/python3.12/site-packages/airflow/example_dags/example_nested_branch_dag.py for tasks to queue
[2025-05-01T11:50:11.767+0000] {logging_mixin.py:188} INFO - [2025-05-01T11:50:11.767+0000] {dagbag.py:545} INFO - Filling up the DagBag from /home/airflow/.local/lib/python3.12/site-packages/airflow/example_dags/example_nested_branch_dag.py
[2025-05-01T11:50:11.787+0000] {processor.py:840} INFO - DAG(s) 'example_nested_branch_dag' retrieved from /home/airflow/.local/lib/python3.12/site-packages/airflow/example_dags/example_nested_branch_dag.py
[2025-05-01T11:50:11.838+0000] {logging_mixin.py:188} INFO - [2025-05-01T11:50:11.837+0000] {dag.py:3096} INFO - Sync 1 DAGs
[2025-05-01T11:50:11.894+0000] {logging_mixin.py:188} INFO - [2025-05-01T11:50:11.894+0000] {dag.py:3954} INFO - Setting next_dagrun for example_nested_branch_dag to 2025-04-30 00:00:00+00:00, run_after=2025-05-01 00:00:00+00:00
[2025-05-01T11:50:11.979+0000] {processor.py:183} INFO - Processing /home/airflow/.local/lib/python3.12/site-packages/airflow/example_dags/example_nested_branch_dag.py took 0.229 seconds
[2025-05-01T11:50:42.975+0000] {processor.py:161} INFO - Started process (PID=2284) to work on /home/airflow/.local/lib/python3.12/site-packages/airflow/example_dags/example_nested_branch_dag.py
[2025-05-01T11:50:42.978+0000] {processor.py:830} INFO - Processing file /home/airflow/.local/lib/python3.12/site-packages/airflow/example_dags/example_nested_branch_dag.py for tasks to queue
[2025-05-01T11:50:42.983+0000] {logging_mixin.py:188} INFO - [2025-05-01T11:50:42.982+0000] {dagbag.py:545} INFO - Filling up the DagBag from /home/airflow/.local/lib/python3.12/site-packages/airflow/example_dags/example_nested_branch_dag.py
[2025-05-01T11:50:43.012+0000] {processor.py:840} INFO - DAG(s) 'example_nested_branch_dag' retrieved from /home/airflow/.local/lib/python3.12/site-packages/airflow/example_dags/example_nested_branch_dag.py
[2025-05-01T11:50:43.062+0000] {logging_mixin.py:188} INFO - [2025-05-01T11:50:43.061+0000] {dag.py:3096} INFO - Sync 1 DAGs
[2025-05-01T11:50:43.117+0000] {logging_mixin.py:188} INFO - [2025-05-01T11:50:43.117+0000] {dag.py:3954} INFO - Setting next_dagrun for example_nested_branch_dag to 2025-04-30 00:00:00+00:00, run_after=2025-05-01 00:00:00+00:00
[2025-05-01T11:50:43.167+0000] {processor.py:183} INFO - Processing /home/airflow/.local/lib/python3.12/site-packages/airflow/example_dags/example_nested_branch_dag.py took 0.203 seconds
[2025-05-01T11:51:13.464+0000] {processor.py:161} INFO - Started process (PID=2343) to work on /home/airflow/.local/lib/python3.12/site-packages/airflow/example_dags/example_nested_branch_dag.py
[2025-05-01T11:51:13.467+0000] {processor.py:830} INFO - Processing file /home/airflow/.local/lib/python3.12/site-packages/airflow/example_dags/example_nested_branch_dag.py for tasks to queue
[2025-05-01T11:51:13.471+0000] {logging_mixin.py:188} INFO - [2025-05-01T11:51:13.471+0000] {dagbag.py:545} INFO - Filling up the DagBag from /home/airflow/.local/lib/python3.12/site-packages/airflow/example_dags/example_nested_branch_dag.py
[2025-05-01T11:51:13.493+0000] {processor.py:840} INFO - DAG(s) 'example_nested_branch_dag' retrieved from /home/airflow/.local/lib/python3.12/site-packages/airflow/example_dags/example_nested_branch_dag.py
[2025-05-01T11:51:13.546+0000] {logging_mixin.py:188} INFO - [2025-05-01T11:51:13.545+0000] {dag.py:3096} INFO - Sync 1 DAGs
[2025-05-01T11:51:13.599+0000] {logging_mixin.py:188} INFO - [2025-05-01T11:51:13.598+0000] {dag.py:3954} INFO - Setting next_dagrun for example_nested_branch_dag to 2025-04-30 00:00:00+00:00, run_after=2025-05-01 00:00:00+00:00
[2025-05-01T11:51:13.685+0000] {processor.py:183} INFO - Processing /home/airflow/.local/lib/python3.12/site-packages/airflow/example_dags/example_nested_branch_dag.py took 0.232 seconds
[2025-05-01T11:51:44.345+0000] {processor.py:161} INFO - Started process (PID=2402) to work on /home/airflow/.local/lib/python3.12/site-packages/airflow/example_dags/example_nested_branch_dag.py
[2025-05-01T11:51:44.347+0000] {processor.py:830} INFO - Processing file /home/airflow/.local/lib/python3.12/site-packages/airflow/example_dags/example_nested_branch_dag.py for tasks to queue
[2025-05-01T11:51:44.352+0000] {logging_mixin.py:188} INFO - [2025-05-01T11:51:44.351+0000] {dagbag.py:545} INFO - Filling up the DagBag from /home/airflow/.local/lib/python3.12/site-packages/airflow/example_dags/example_nested_branch_dag.py
[2025-05-01T11:51:44.376+0000] {processor.py:840} INFO - DAG(s) 'example_nested_branch_dag' retrieved from /home/airflow/.local/lib/python3.12/site-packages/airflow/example_dags/example_nested_branch_dag.py
[2025-05-01T11:51:44.436+0000] {logging_mixin.py:188} INFO - [2025-05-01T11:51:44.436+0000] {dag.py:3096} INFO - Sync 1 DAGs
[2025-05-01T11:51:44.497+0000] {logging_mixin.py:188} INFO - [2025-05-01T11:51:44.496+0000] {dag.py:3954} INFO - Setting next_dagrun for example_nested_branch_dag to 2025-04-30 00:00:00+00:00, run_after=2025-05-01 00:00:00+00:00
[2025-05-01T11:51:44.595+0000] {processor.py:183} INFO - Processing /home/airflow/.local/lib/python3.12/site-packages/airflow/example_dags/example_nested_branch_dag.py took 0.264 seconds
[2025-05-01T11:52:15.508+0000] {processor.py:161} INFO - Started process (PID=2461) to work on /home/airflow/.local/lib/python3.12/site-packages/airflow/example_dags/example_nested_branch_dag.py
[2025-05-01T11:52:15.510+0000] {processor.py:830} INFO - Processing file /home/airflow/.local/lib/python3.12/site-packages/airflow/example_dags/example_nested_branch_dag.py for tasks to queue
[2025-05-01T11:52:15.514+0000] {logging_mixin.py:188} INFO - [2025-05-01T11:52:15.513+0000] {dagbag.py:545} INFO - Filling up the DagBag from /home/airflow/.local/lib/python3.12/site-packages/airflow/example_dags/example_nested_branch_dag.py
[2025-05-01T11:52:15.537+0000] {processor.py:840} INFO - DAG(s) 'example_nested_branch_dag' retrieved from /home/airflow/.local/lib/python3.12/site-packages/airflow/example_dags/example_nested_branch_dag.py
[2025-05-01T11:52:15.593+0000] {logging_mixin.py:188} INFO - [2025-05-01T11:52:15.592+0000] {dag.py:3096} INFO - Sync 1 DAGs
[2025-05-01T11:52:15.653+0000] {logging_mixin.py:188} INFO - [2025-05-01T11:52:15.652+0000] {dag.py:3954} INFO - Setting next_dagrun for example_nested_branch_dag to 2025-04-30 00:00:00+00:00, run_after=2025-05-01 00:00:00+00:00
[2025-05-01T11:52:15.738+0000] {processor.py:183} INFO - Processing /home/airflow/.local/lib/python3.12/site-packages/airflow/example_dags/example_nested_branch_dag.py took 0.242 seconds
[2025-05-01T11:52:46.420+0000] {processor.py:161} INFO - Started process (PID=2520) to work on /home/airflow/.local/lib/python3.12/site-packages/airflow/example_dags/example_nested_branch_dag.py
[2025-05-01T11:52:46.422+0000] {processor.py:830} INFO - Processing file /home/airflow/.local/lib/python3.12/site-packages/airflow/example_dags/example_nested_branch_dag.py for tasks to queue
[2025-05-01T11:52:46.427+0000] {logging_mixin.py:188} INFO - [2025-05-01T11:52:46.426+0000] {dagbag.py:545} INFO - Filling up the DagBag from /home/airflow/.local/lib/python3.12/site-packages/airflow/example_dags/example_nested_branch_dag.py
[2025-05-01T11:52:46.447+0000] {processor.py:840} INFO - DAG(s) 'example_nested_branch_dag' retrieved from /home/airflow/.local/lib/python3.12/site-packages/airflow/example_dags/example_nested_branch_dag.py
[2025-05-01T11:52:46.495+0000] {logging_mixin.py:188} INFO - [2025-05-01T11:52:46.495+0000] {dag.py:3096} INFO - Sync 1 DAGs
[2025-05-01T11:52:46.549+0000] {logging_mixin.py:188} INFO - [2025-05-01T11:52:46.548+0000] {dag.py:3954} INFO - Setting next_dagrun for example_nested_branch_dag to 2025-04-30 00:00:00+00:00, run_after=2025-05-01 00:00:00+00:00
[2025-05-01T11:52:46.632+0000] {processor.py:183} INFO - Processing /home/airflow/.local/lib/python3.12/site-packages/airflow/example_dags/example_nested_branch_dag.py took 0.223 seconds
[2025-05-01T11:53:17.515+0000] {processor.py:161} INFO - Started process (PID=2579) to work on /home/airflow/.local/lib/python3.12/site-packages/airflow/example_dags/example_nested_branch_dag.py
[2025-05-01T11:53:17.517+0000] {processor.py:830} INFO - Processing file /home/airflow/.local/lib/python3.12/site-packages/airflow/example_dags/example_nested_branch_dag.py for tasks to queue
[2025-05-01T11:53:17.522+0000] {logging_mixin.py:188} INFO - [2025-05-01T11:53:17.521+0000] {dagbag.py:545} INFO - Filling up the DagBag from /home/airflow/.local/lib/python3.12/site-packages/airflow/example_dags/example_nested_branch_dag.py
[2025-05-01T11:53:17.553+0000] {processor.py:840} INFO - DAG(s) 'example_nested_branch_dag' retrieved from /home/airflow/.local/lib/python3.12/site-packages/airflow/example_dags/example_nested_branch_dag.py
[2025-05-01T11:53:17.602+0000] {logging_mixin.py:188} INFO - [2025-05-01T11:53:17.601+0000] {dag.py:3096} INFO - Sync 1 DAGs
[2025-05-01T11:53:17.664+0000] {logging_mixin.py:188} INFO - [2025-05-01T11:53:17.664+0000] {dag.py:3954} INFO - Setting next_dagrun for example_nested_branch_dag to 2025-04-30 00:00:00+00:00, run_after=2025-05-01 00:00:00+00:00
[2025-05-01T11:53:17.756+0000] {processor.py:183} INFO - Processing /home/airflow/.local/lib/python3.12/site-packages/airflow/example_dags/example_nested_branch_dag.py took 0.253 seconds
[2025-05-01T11:53:48.150+0000] {processor.py:161} INFO - Started process (PID=2638) to work on /home/airflow/.local/lib/python3.12/site-packages/airflow/example_dags/example_nested_branch_dag.py
[2025-05-01T11:53:48.153+0000] {processor.py:830} INFO - Processing file /home/airflow/.local/lib/python3.12/site-packages/airflow/example_dags/example_nested_branch_dag.py for tasks to queue
[2025-05-01T11:53:48.158+0000] {logging_mixin.py:188} INFO - [2025-05-01T11:53:48.157+0000] {dagbag.py:545} INFO - Filling up the DagBag from /home/airflow/.local/lib/python3.12/site-packages/airflow/example_dags/example_nested_branch_dag.py
[2025-05-01T11:53:48.197+0000] {processor.py:840} INFO - DAG(s) 'example_nested_branch_dag' retrieved from /home/airflow/.local/lib/python3.12/site-packages/airflow/example_dags/example_nested_branch_dag.py
[2025-05-01T11:53:48.265+0000] {logging_mixin.py:188} INFO - [2025-05-01T11:53:48.264+0000] {dag.py:3096} INFO - Sync 1 DAGs
[2025-05-01T11:53:48.346+0000] {logging_mixin.py:188} INFO - [2025-05-01T11:53:48.346+0000] {dag.py:3954} INFO - Setting next_dagrun for example_nested_branch_dag to 2025-04-30 00:00:00+00:00, run_after=2025-05-01 00:00:00+00:00
[2025-05-01T11:53:48.455+0000] {processor.py:183} INFO - Processing /home/airflow/.local/lib/python3.12/site-packages/airflow/example_dags/example_nested_branch_dag.py took 0.322 seconds
[2025-05-01T11:54:18.855+0000] {processor.py:161} INFO - Started process (PID=2696) to work on /home/airflow/.local/lib/python3.12/site-packages/airflow/example_dags/example_nested_branch_dag.py
[2025-05-01T11:54:18.857+0000] {processor.py:830} INFO - Processing file /home/airflow/.local/lib/python3.12/site-packages/airflow/example_dags/example_nested_branch_dag.py for tasks to queue
[2025-05-01T11:54:18.862+0000] {logging_mixin.py:188} INFO - [2025-05-01T11:54:18.861+0000] {dagbag.py:545} INFO - Filling up the DagBag from /home/airflow/.local/lib/python3.12/site-packages/airflow/example_dags/example_nested_branch_dag.py
[2025-05-01T11:54:18.886+0000] {processor.py:840} INFO - DAG(s) 'example_nested_branch_dag' retrieved from /home/airflow/.local/lib/python3.12/site-packages/airflow/example_dags/example_nested_branch_dag.py
[2025-05-01T11:54:18.952+0000] {logging_mixin.py:188} INFO - [2025-05-01T11:54:18.951+0000] {dag.py:3096} INFO - Sync 1 DAGs
[2025-05-01T11:54:19.017+0000] {logging_mixin.py:188} INFO - [2025-05-01T11:54:19.016+0000] {dag.py:3954} INFO - Setting next_dagrun for example_nested_branch_dag to 2025-04-30 00:00:00+00:00, run_after=2025-05-01 00:00:00+00:00
[2025-05-01T11:54:19.085+0000] {processor.py:183} INFO - Processing /home/airflow/.local/lib/python3.12/site-packages/airflow/example_dags/example_nested_branch_dag.py took 0.246 seconds
[2025-05-01T11:54:49.329+0000] {processor.py:161} INFO - Started process (PID=2755) to work on /home/airflow/.local/lib/python3.12/site-packages/airflow/example_dags/example_nested_branch_dag.py
[2025-05-01T11:54:49.334+0000] {processor.py:830} INFO - Processing file /home/airflow/.local/lib/python3.12/site-packages/airflow/example_dags/example_nested_branch_dag.py for tasks to queue
[2025-05-01T11:54:49.340+0000] {logging_mixin.py:188} INFO - [2025-05-01T11:54:49.339+0000] {dagbag.py:545} INFO - Filling up the DagBag from /home/airflow/.local/lib/python3.12/site-packages/airflow/example_dags/example_nested_branch_dag.py
[2025-05-01T11:54:49.366+0000] {processor.py:840} INFO - DAG(s) 'example_nested_branch_dag' retrieved from /home/airflow/.local/lib/python3.12/site-packages/airflow/example_dags/example_nested_branch_dag.py
[2025-05-01T11:54:49.439+0000] {logging_mixin.py:188} INFO - [2025-05-01T11:54:49.438+0000] {dag.py:3096} INFO - Sync 1 DAGs
[2025-05-01T11:54:49.495+0000] {logging_mixin.py:188} INFO - [2025-05-01T11:54:49.494+0000] {dag.py:3954} INFO - Setting next_dagrun for example_nested_branch_dag to 2025-04-30 00:00:00+00:00, run_after=2025-05-01 00:00:00+00:00
[2025-05-01T11:54:49.549+0000] {processor.py:183} INFO - Processing /home/airflow/.local/lib/python3.12/site-packages/airflow/example_dags/example_nested_branch_dag.py took 0.256 seconds
[2025-05-01T11:55:20.273+0000] {processor.py:161} INFO - Started process (PID=2814) to work on /home/airflow/.local/lib/python3.12/site-packages/airflow/example_dags/example_nested_branch_dag.py
[2025-05-01T11:55:20.276+0000] {processor.py:830} INFO - Processing file /home/airflow/.local/lib/python3.12/site-packages/airflow/example_dags/example_nested_branch_dag.py for tasks to queue
[2025-05-01T11:55:20.280+0000] {logging_mixin.py:188} INFO - [2025-05-01T11:55:20.279+0000] {dagbag.py:545} INFO - Filling up the DagBag from /home/airflow/.local/lib/python3.12/site-packages/airflow/example_dags/example_nested_branch_dag.py
[2025-05-01T11:55:20.298+0000] {processor.py:840} INFO - DAG(s) 'example_nested_branch_dag' retrieved from /home/airflow/.local/lib/python3.12/site-packages/airflow/example_dags/example_nested_branch_dag.py
[2025-05-01T11:55:20.360+0000] {logging_mixin.py:188} INFO - [2025-05-01T11:55:20.359+0000] {dag.py:3096} INFO - Sync 1 DAGs
[2025-05-01T11:55:20.421+0000] {logging_mixin.py:188} INFO - [2025-05-01T11:55:20.420+0000] {dag.py:3954} INFO - Setting next_dagrun for example_nested_branch_dag to 2025-04-30 00:00:00+00:00, run_after=2025-05-01 00:00:00+00:00
[2025-05-01T11:55:20.465+0000] {processor.py:183} INFO - Processing /home/airflow/.local/lib/python3.12/site-packages/airflow/example_dags/example_nested_branch_dag.py took 0.202 seconds
[2025-05-01T11:55:51.009+0000] {processor.py:161} INFO - Started process (PID=2873) to work on /home/airflow/.local/lib/python3.12/site-packages/airflow/example_dags/example_nested_branch_dag.py
[2025-05-01T11:55:51.011+0000] {processor.py:830} INFO - Processing file /home/airflow/.local/lib/python3.12/site-packages/airflow/example_dags/example_nested_branch_dag.py for tasks to queue
[2025-05-01T11:55:51.017+0000] {logging_mixin.py:188} INFO - [2025-05-01T11:55:51.017+0000] {dagbag.py:545} INFO - Filling up the DagBag from /home/airflow/.local/lib/python3.12/site-packages/airflow/example_dags/example_nested_branch_dag.py
[2025-05-01T11:55:51.044+0000] {processor.py:840} INFO - DAG(s) 'example_nested_branch_dag' retrieved from /home/airflow/.local/lib/python3.12/site-packages/airflow/example_dags/example_nested_branch_dag.py
[2025-05-01T11:55:51.099+0000] {logging_mixin.py:188} INFO - [2025-05-01T11:55:51.098+0000] {dag.py:3096} INFO - Sync 1 DAGs
[2025-05-01T11:55:51.159+0000] {logging_mixin.py:188} INFO - [2025-05-01T11:55:51.159+0000] {dag.py:3954} INFO - Setting next_dagrun for example_nested_branch_dag to 2025-04-30 00:00:00+00:00, run_after=2025-05-01 00:00:00+00:00
[2025-05-01T11:55:51.214+0000] {processor.py:183} INFO - Processing /home/airflow/.local/lib/python3.12/site-packages/airflow/example_dags/example_nested_branch_dag.py took 0.220 seconds
[2025-05-01T11:56:21.732+0000] {processor.py:161} INFO - Started process (PID=2932) to work on /home/airflow/.local/lib/python3.12/site-packages/airflow/example_dags/example_nested_branch_dag.py
[2025-05-01T11:56:21.735+0000] {processor.py:830} INFO - Processing file /home/airflow/.local/lib/python3.12/site-packages/airflow/example_dags/example_nested_branch_dag.py for tasks to queue
[2025-05-01T11:56:21.741+0000] {logging_mixin.py:188} INFO - [2025-05-01T11:56:21.739+0000] {dagbag.py:545} INFO - Filling up the DagBag from /home/airflow/.local/lib/python3.12/site-packages/airflow/example_dags/example_nested_branch_dag.py
[2025-05-01T11:56:21.772+0000] {processor.py:840} INFO - DAG(s) 'example_nested_branch_dag' retrieved from /home/airflow/.local/lib/python3.12/site-packages/airflow/example_dags/example_nested_branch_dag.py
[2025-05-01T11:56:21.825+0000] {logging_mixin.py:188} INFO - [2025-05-01T11:56:21.824+0000] {dag.py:3096} INFO - Sync 1 DAGs
[2025-05-01T11:56:21.871+0000] {logging_mixin.py:188} INFO - [2025-05-01T11:56:21.871+0000] {dag.py:3954} INFO - Setting next_dagrun for example_nested_branch_dag to 2025-04-30 00:00:00+00:00, run_after=2025-05-01 00:00:00+00:00
[2025-05-01T11:56:21.926+0000] {processor.py:183} INFO - Processing /home/airflow/.local/lib/python3.12/site-packages/airflow/example_dags/example_nested_branch_dag.py took 0.213 seconds
[2025-05-01T11:56:52.571+0000] {processor.py:161} INFO - Started process (PID=2991) to work on /home/airflow/.local/lib/python3.12/site-packages/airflow/example_dags/example_nested_branch_dag.py
[2025-05-01T11:56:52.575+0000] {processor.py:830} INFO - Processing file /home/airflow/.local/lib/python3.12/site-packages/airflow/example_dags/example_nested_branch_dag.py for tasks to queue
[2025-05-01T11:56:52.580+0000] {logging_mixin.py:188} INFO - [2025-05-01T11:56:52.579+0000] {dagbag.py:545} INFO - Filling up the DagBag from /home/airflow/.local/lib/python3.12/site-packages/airflow/example_dags/example_nested_branch_dag.py
[2025-05-01T11:56:52.610+0000] {processor.py:840} INFO - DAG(s) 'example_nested_branch_dag' retrieved from /home/airflow/.local/lib/python3.12/site-packages/airflow/example_dags/example_nested_branch_dag.py
[2025-05-01T11:56:52.673+0000] {logging_mixin.py:188} INFO - [2025-05-01T11:56:52.672+0000] {dag.py:3096} INFO - Sync 1 DAGs
[2025-05-01T11:56:52.735+0000] {logging_mixin.py:188} INFO - [2025-05-01T11:56:52.735+0000] {dag.py:3954} INFO - Setting next_dagrun for example_nested_branch_dag to 2025-04-30 00:00:00+00:00, run_after=2025-05-01 00:00:00+00:00
[2025-05-01T11:56:52.792+0000] {processor.py:183} INFO - Processing /home/airflow/.local/lib/python3.12/site-packages/airflow/example_dags/example_nested_branch_dag.py took 0.238 seconds
[2025-05-01T11:57:23.419+0000] {processor.py:161} INFO - Started process (PID=3050) to work on /home/airflow/.local/lib/python3.12/site-packages/airflow/example_dags/example_nested_branch_dag.py
[2025-05-01T11:57:23.422+0000] {processor.py:830} INFO - Processing file /home/airflow/.local/lib/python3.12/site-packages/airflow/example_dags/example_nested_branch_dag.py for tasks to queue
[2025-05-01T11:57:23.426+0000] {logging_mixin.py:188} INFO - [2025-05-01T11:57:23.425+0000] {dagbag.py:545} INFO - Filling up the DagBag from /home/airflow/.local/lib/python3.12/site-packages/airflow/example_dags/example_nested_branch_dag.py
[2025-05-01T11:57:23.449+0000] {processor.py:840} INFO - DAG(s) 'example_nested_branch_dag' retrieved from /home/airflow/.local/lib/python3.12/site-packages/airflow/example_dags/example_nested_branch_dag.py
[2025-05-01T11:57:23.522+0000] {logging_mixin.py:188} INFO - [2025-05-01T11:57:23.522+0000] {dag.py:3096} INFO - Sync 1 DAGs
[2025-05-01T11:57:23.655+0000] {logging_mixin.py:188} INFO - [2025-05-01T11:57:23.655+0000] {dag.py:3954} INFO - Setting next_dagrun for example_nested_branch_dag to 2025-04-30 00:00:00+00:00, run_after=2025-05-01 00:00:00+00:00
[2025-05-01T11:57:23.736+0000] {processor.py:183} INFO - Processing /home/airflow/.local/lib/python3.12/site-packages/airflow/example_dags/example_nested_branch_dag.py took 0.329 seconds
[2025-05-01T11:57:53.894+0000] {processor.py:161} INFO - Started process (PID=3109) to work on /home/airflow/.local/lib/python3.12/site-packages/airflow/example_dags/example_nested_branch_dag.py
[2025-05-01T11:57:53.896+0000] {processor.py:830} INFO - Processing file /home/airflow/.local/lib/python3.12/site-packages/airflow/example_dags/example_nested_branch_dag.py for tasks to queue
[2025-05-01T11:57:53.902+0000] {logging_mixin.py:188} INFO - [2025-05-01T11:57:53.901+0000] {dagbag.py:545} INFO - Filling up the DagBag from /home/airflow/.local/lib/python3.12/site-packages/airflow/example_dags/example_nested_branch_dag.py
[2025-05-01T11:57:53.926+0000] {processor.py:840} INFO - DAG(s) 'example_nested_branch_dag' retrieved from /home/airflow/.local/lib/python3.12/site-packages/airflow/example_dags/example_nested_branch_dag.py
[2025-05-01T11:57:53.979+0000] {logging_mixin.py:188} INFO - [2025-05-01T11:57:53.978+0000] {dag.py:3096} INFO - Sync 1 DAGs
[2025-05-01T11:57:54.033+0000] {logging_mixin.py:188} INFO - [2025-05-01T11:57:54.032+0000] {dag.py:3954} INFO - Setting next_dagrun for example_nested_branch_dag to 2025-04-30 00:00:00+00:00, run_after=2025-05-01 00:00:00+00:00
[2025-05-01T11:57:54.151+0000] {processor.py:183} INFO - Processing /home/airflow/.local/lib/python3.12/site-packages/airflow/example_dags/example_nested_branch_dag.py took 0.274 seconds
[2025-05-01T11:58:24.491+0000] {processor.py:161} INFO - Started process (PID=3168) to work on /home/airflow/.local/lib/python3.12/site-packages/airflow/example_dags/example_nested_branch_dag.py
[2025-05-01T11:58:24.494+0000] {processor.py:830} INFO - Processing file /home/airflow/.local/lib/python3.12/site-packages/airflow/example_dags/example_nested_branch_dag.py for tasks to queue
[2025-05-01T11:58:24.500+0000] {logging_mixin.py:188} INFO - [2025-05-01T11:58:24.498+0000] {dagbag.py:545} INFO - Filling up the DagBag from /home/airflow/.local/lib/python3.12/site-packages/airflow/example_dags/example_nested_branch_dag.py
[2025-05-01T11:58:24.523+0000] {processor.py:840} INFO - DAG(s) 'example_nested_branch_dag' retrieved from /home/airflow/.local/lib/python3.12/site-packages/airflow/example_dags/example_nested_branch_dag.py
[2025-05-01T11:58:24.667+0000] {logging_mixin.py:188} INFO - [2025-05-01T11:58:24.667+0000] {dag.py:3096} INFO - Sync 1 DAGs
[2025-05-01T11:58:24.730+0000] {logging_mixin.py:188} INFO - [2025-05-01T11:58:24.730+0000] {dag.py:3954} INFO - Setting next_dagrun for example_nested_branch_dag to 2025-04-30 00:00:00+00:00, run_after=2025-05-01 00:00:00+00:00
[2025-05-01T11:58:24.836+0000] {processor.py:183} INFO - Processing /home/airflow/.local/lib/python3.12/site-packages/airflow/example_dags/example_nested_branch_dag.py took 0.358 seconds
[2025-05-01T11:58:55.089+0000] {processor.py:161} INFO - Started process (PID=3227) to work on /home/airflow/.local/lib/python3.12/site-packages/airflow/example_dags/example_nested_branch_dag.py
[2025-05-01T11:58:55.091+0000] {processor.py:830} INFO - Processing file /home/airflow/.local/lib/python3.12/site-packages/airflow/example_dags/example_nested_branch_dag.py for tasks to queue
[2025-05-01T11:58:55.098+0000] {logging_mixin.py:188} INFO - [2025-05-01T11:58:55.096+0000] {dagbag.py:545} INFO - Filling up the DagBag from /home/airflow/.local/lib/python3.12/site-packages/airflow/example_dags/example_nested_branch_dag.py
[2025-05-01T11:58:55.177+0000] {processor.py:840} INFO - DAG(s) 'example_nested_branch_dag' retrieved from /home/airflow/.local/lib/python3.12/site-packages/airflow/example_dags/example_nested_branch_dag.py
[2025-05-01T11:58:55.268+0000] {logging_mixin.py:188} INFO - [2025-05-01T11:58:55.267+0000] {dag.py:3096} INFO - Sync 1 DAGs
[2025-05-01T11:58:55.357+0000] {logging_mixin.py:188} INFO - [2025-05-01T11:58:55.357+0000] {dag.py:3954} INFO - Setting next_dagrun for example_nested_branch_dag to 2025-04-30 00:00:00+00:00, run_after=2025-05-01 00:00:00+00:00
[2025-05-01T11:58:55.406+0000] {processor.py:183} INFO - Processing /home/airflow/.local/lib/python3.12/site-packages/airflow/example_dags/example_nested_branch_dag.py took 0.330 seconds
[2025-05-01T11:59:26.187+0000] {processor.py:161} INFO - Started process (PID=3286) to work on /home/airflow/.local/lib/python3.12/site-packages/airflow/example_dags/example_nested_branch_dag.py
[2025-05-01T11:59:26.189+0000] {processor.py:830} INFO - Processing file /home/airflow/.local/lib/python3.12/site-packages/airflow/example_dags/example_nested_branch_dag.py for tasks to queue
[2025-05-01T11:59:26.194+0000] {logging_mixin.py:188} INFO - [2025-05-01T11:59:26.193+0000] {dagbag.py:545} INFO - Filling up the DagBag from /home/airflow/.local/lib/python3.12/site-packages/airflow/example_dags/example_nested_branch_dag.py
[2025-05-01T11:59:26.219+0000] {processor.py:840} INFO - DAG(s) 'example_nested_branch_dag' retrieved from /home/airflow/.local/lib/python3.12/site-packages/airflow/example_dags/example_nested_branch_dag.py
[2025-05-01T11:59:26.287+0000] {logging_mixin.py:188} INFO - [2025-05-01T11:59:26.286+0000] {dag.py:3096} INFO - Sync 1 DAGs
[2025-05-01T11:59:26.346+0000] {logging_mixin.py:188} INFO - [2025-05-01T11:59:26.346+0000] {dag.py:3954} INFO - Setting next_dagrun for example_nested_branch_dag to 2025-04-30 00:00:00+00:00, run_after=2025-05-01 00:00:00+00:00
[2025-05-01T11:59:26.403+0000] {processor.py:183} INFO - Processing /home/airflow/.local/lib/python3.12/site-packages/airflow/example_dags/example_nested_branch_dag.py took 0.229 seconds
[2025-05-01T11:59:56.606+0000] {processor.py:161} INFO - Started process (PID=3345) to work on /home/airflow/.local/lib/python3.12/site-packages/airflow/example_dags/example_nested_branch_dag.py
[2025-05-01T11:59:56.608+0000] {processor.py:830} INFO - Processing file /home/airflow/.local/lib/python3.12/site-packages/airflow/example_dags/example_nested_branch_dag.py for tasks to queue
[2025-05-01T11:59:56.612+0000] {logging_mixin.py:188} INFO - [2025-05-01T11:59:56.611+0000] {dagbag.py:545} INFO - Filling up the DagBag from /home/airflow/.local/lib/python3.12/site-packages/airflow/example_dags/example_nested_branch_dag.py
[2025-05-01T11:59:56.632+0000] {processor.py:840} INFO - DAG(s) 'example_nested_branch_dag' retrieved from /home/airflow/.local/lib/python3.12/site-packages/airflow/example_dags/example_nested_branch_dag.py
[2025-05-01T11:59:56.678+0000] {logging_mixin.py:188} INFO - [2025-05-01T11:59:56.677+0000] {dag.py:3096} INFO - Sync 1 DAGs
[2025-05-01T11:59:56.730+0000] {logging_mixin.py:188} INFO - [2025-05-01T11:59:56.730+0000] {dag.py:3954} INFO - Setting next_dagrun for example_nested_branch_dag to 2025-04-30 00:00:00+00:00, run_after=2025-05-01 00:00:00+00:00
[2025-05-01T11:59:56.817+0000] {processor.py:183} INFO - Processing /home/airflow/.local/lib/python3.12/site-packages/airflow/example_dags/example_nested_branch_dag.py took 0.222 seconds
[2025-05-01T12:00:27.281+0000] {processor.py:161} INFO - Started process (PID=3403) to work on /home/airflow/.local/lib/python3.12/site-packages/airflow/example_dags/example_nested_branch_dag.py
[2025-05-01T12:00:27.284+0000] {processor.py:830} INFO - Processing file /home/airflow/.local/lib/python3.12/site-packages/airflow/example_dags/example_nested_branch_dag.py for tasks to queue
[2025-05-01T12:00:27.288+0000] {logging_mixin.py:188} INFO - [2025-05-01T12:00:27.288+0000] {dagbag.py:545} INFO - Filling up the DagBag from /home/airflow/.local/lib/python3.12/site-packages/airflow/example_dags/example_nested_branch_dag.py
[2025-05-01T12:00:27.317+0000] {processor.py:840} INFO - DAG(s) 'example_nested_branch_dag' retrieved from /home/airflow/.local/lib/python3.12/site-packages/airflow/example_dags/example_nested_branch_dag.py
[2025-05-01T12:00:27.388+0000] {logging_mixin.py:188} INFO - [2025-05-01T12:00:27.387+0000] {dag.py:3096} INFO - Sync 1 DAGs
[2025-05-01T12:00:27.471+0000] {logging_mixin.py:188} INFO - [2025-05-01T12:00:27.470+0000] {dag.py:3954} INFO - Setting next_dagrun for example_nested_branch_dag to 2025-04-30 00:00:00+00:00, run_after=2025-05-01 00:00:00+00:00
[2025-05-01T12:00:27.534+0000] {processor.py:183} INFO - Processing /home/airflow/.local/lib/python3.12/site-packages/airflow/example_dags/example_nested_branch_dag.py took 0.269 seconds
[2025-05-01T12:00:58.696+0000] {processor.py:161} INFO - Started process (PID=3459) to work on /home/airflow/.local/lib/python3.12/site-packages/airflow/example_dags/example_nested_branch_dag.py
[2025-05-01T12:00:58.699+0000] {processor.py:830} INFO - Processing file /home/airflow/.local/lib/python3.12/site-packages/airflow/example_dags/example_nested_branch_dag.py for tasks to queue
[2025-05-01T12:00:58.704+0000] {logging_mixin.py:188} INFO - [2025-05-01T12:00:58.703+0000] {dagbag.py:545} INFO - Filling up the DagBag from /home/airflow/.local/lib/python3.12/site-packages/airflow/example_dags/example_nested_branch_dag.py
[2025-05-01T12:00:58.737+0000] {processor.py:840} INFO - DAG(s) 'example_nested_branch_dag' retrieved from /home/airflow/.local/lib/python3.12/site-packages/airflow/example_dags/example_nested_branch_dag.py
[2025-05-01T12:00:58.811+0000] {logging_mixin.py:188} INFO - [2025-05-01T12:00:58.810+0000] {dag.py:3096} INFO - Sync 1 DAGs
[2025-05-01T12:00:58.880+0000] {logging_mixin.py:188} INFO - [2025-05-01T12:00:58.879+0000] {dag.py:3954} INFO - Setting next_dagrun for example_nested_branch_dag to 2025-04-30 00:00:00+00:00, run_after=2025-05-01 00:00:00+00:00
[2025-05-01T12:00:58.935+0000] {processor.py:183} INFO - Processing /home/airflow/.local/lib/python3.12/site-packages/airflow/example_dags/example_nested_branch_dag.py took 0.250 seconds
[2025-05-01T12:01:29.091+0000] {processor.py:161} INFO - Started process (PID=3518) to work on /home/airflow/.local/lib/python3.12/site-packages/airflow/example_dags/example_nested_branch_dag.py
[2025-05-01T12:01:29.093+0000] {processor.py:830} INFO - Processing file /home/airflow/.local/lib/python3.12/site-packages/airflow/example_dags/example_nested_branch_dag.py for tasks to queue
[2025-05-01T12:01:29.097+0000] {logging_mixin.py:188} INFO - [2025-05-01T12:01:29.096+0000] {dagbag.py:545} INFO - Filling up the DagBag from /home/airflow/.local/lib/python3.12/site-packages/airflow/example_dags/example_nested_branch_dag.py
[2025-05-01T12:01:29.122+0000] {processor.py:840} INFO - DAG(s) 'example_nested_branch_dag' retrieved from /home/airflow/.local/lib/python3.12/site-packages/airflow/example_dags/example_nested_branch_dag.py
[2025-05-01T12:01:29.184+0000] {logging_mixin.py:188} INFO - [2025-05-01T12:01:29.183+0000] {dag.py:3096} INFO - Sync 1 DAGs
[2025-05-01T12:01:29.249+0000] {logging_mixin.py:188} INFO - [2025-05-01T12:01:29.248+0000] {dag.py:3954} INFO - Setting next_dagrun for example_nested_branch_dag to 2025-04-30 00:00:00+00:00, run_after=2025-05-01 00:00:00+00:00
[2025-05-01T12:01:29.312+0000] {processor.py:183} INFO - Processing /home/airflow/.local/lib/python3.12/site-packages/airflow/example_dags/example_nested_branch_dag.py took 0.233 seconds
[2025-05-01T12:01:59.434+0000] {processor.py:161} INFO - Started process (PID=3578) to work on /home/airflow/.local/lib/python3.12/site-packages/airflow/example_dags/example_nested_branch_dag.py
[2025-05-01T12:01:59.436+0000] {processor.py:830} INFO - Processing file /home/airflow/.local/lib/python3.12/site-packages/airflow/example_dags/example_nested_branch_dag.py for tasks to queue
[2025-05-01T12:01:59.440+0000] {logging_mixin.py:188} INFO - [2025-05-01T12:01:59.440+0000] {dagbag.py:545} INFO - Filling up the DagBag from /home/airflow/.local/lib/python3.12/site-packages/airflow/example_dags/example_nested_branch_dag.py
[2025-05-01T12:01:59.461+0000] {processor.py:840} INFO - DAG(s) 'example_nested_branch_dag' retrieved from /home/airflow/.local/lib/python3.12/site-packages/airflow/example_dags/example_nested_branch_dag.py
[2025-05-01T12:01:59.509+0000] {logging_mixin.py:188} INFO - [2025-05-01T12:01:59.509+0000] {dag.py:3096} INFO - Sync 1 DAGs
[2025-05-01T12:01:59.559+0000] {logging_mixin.py:188} INFO - [2025-05-01T12:01:59.558+0000] {dag.py:3954} INFO - Setting next_dagrun for example_nested_branch_dag to 2025-04-30 00:00:00+00:00, run_after=2025-05-01 00:00:00+00:00
[2025-05-01T12:01:59.631+0000] {processor.py:183} INFO - Processing /home/airflow/.local/lib/python3.12/site-packages/airflow/example_dags/example_nested_branch_dag.py took 0.210 seconds
[2025-05-01T12:02:29.981+0000] {processor.py:161} INFO - Started process (PID=3637) to work on /home/airflow/.local/lib/python3.12/site-packages/airflow/example_dags/example_nested_branch_dag.py
[2025-05-01T12:02:29.983+0000] {processor.py:830} INFO - Processing file /home/airflow/.local/lib/python3.12/site-packages/airflow/example_dags/example_nested_branch_dag.py for tasks to queue
[2025-05-01T12:02:29.987+0000] {logging_mixin.py:188} INFO - [2025-05-01T12:02:29.986+0000] {dagbag.py:545} INFO - Filling up the DagBag from /home/airflow/.local/lib/python3.12/site-packages/airflow/example_dags/example_nested_branch_dag.py
[2025-05-01T12:02:30.013+0000] {processor.py:840} INFO - DAG(s) 'example_nested_branch_dag' retrieved from /home/airflow/.local/lib/python3.12/site-packages/airflow/example_dags/example_nested_branch_dag.py
[2025-05-01T12:02:30.065+0000] {logging_mixin.py:188} INFO - [2025-05-01T12:02:30.065+0000] {dag.py:3096} INFO - Sync 1 DAGs
[2025-05-01T12:02:30.118+0000] {logging_mixin.py:188} INFO - [2025-05-01T12:02:30.118+0000] {dag.py:3954} INFO - Setting next_dagrun for example_nested_branch_dag to 2025-04-30 00:00:00+00:00, run_after=2025-05-01 00:00:00+00:00
[2025-05-01T12:02:30.161+0000] {processor.py:183} INFO - Processing /home/airflow/.local/lib/python3.12/site-packages/airflow/example_dags/example_nested_branch_dag.py took 0.194 seconds
[2025-05-01T12:03:00.608+0000] {processor.py:161} INFO - Started process (PID=3696) to work on /home/airflow/.local/lib/python3.12/site-packages/airflow/example_dags/example_nested_branch_dag.py
[2025-05-01T12:03:00.610+0000] {processor.py:830} INFO - Processing file /home/airflow/.local/lib/python3.12/site-packages/airflow/example_dags/example_nested_branch_dag.py for tasks to queue
[2025-05-01T12:03:00.615+0000] {logging_mixin.py:188} INFO - [2025-05-01T12:03:00.614+0000] {dagbag.py:545} INFO - Filling up the DagBag from /home/airflow/.local/lib/python3.12/site-packages/airflow/example_dags/example_nested_branch_dag.py
[2025-05-01T12:03:00.642+0000] {processor.py:840} INFO - DAG(s) 'example_nested_branch_dag' retrieved from /home/airflow/.local/lib/python3.12/site-packages/airflow/example_dags/example_nested_branch_dag.py
[2025-05-01T12:03:00.700+0000] {logging_mixin.py:188} INFO - [2025-05-01T12:03:00.699+0000] {dag.py:3096} INFO - Sync 1 DAGs
[2025-05-01T12:03:00.767+0000] {logging_mixin.py:188} INFO - [2025-05-01T12:03:00.766+0000] {dag.py:3954} INFO - Setting next_dagrun for example_nested_branch_dag to 2025-04-30 00:00:00+00:00, run_after=2025-05-01 00:00:00+00:00
[2025-05-01T12:03:00.827+0000] {processor.py:183} INFO - Processing /home/airflow/.local/lib/python3.12/site-packages/airflow/example_dags/example_nested_branch_dag.py took 0.232 seconds
[2025-05-01T12:03:31.529+0000] {processor.py:161} INFO - Started process (PID=3754) to work on /home/airflow/.local/lib/python3.12/site-packages/airflow/example_dags/example_nested_branch_dag.py
[2025-05-01T12:03:31.533+0000] {processor.py:830} INFO - Processing file /home/airflow/.local/lib/python3.12/site-packages/airflow/example_dags/example_nested_branch_dag.py for tasks to queue
[2025-05-01T12:03:31.545+0000] {logging_mixin.py:188} INFO - [2025-05-01T12:03:31.542+0000] {dagbag.py:545} INFO - Filling up the DagBag from /home/airflow/.local/lib/python3.12/site-packages/airflow/example_dags/example_nested_branch_dag.py
[2025-05-01T12:03:31.570+0000] {processor.py:840} INFO - DAG(s) 'example_nested_branch_dag' retrieved from /home/airflow/.local/lib/python3.12/site-packages/airflow/example_dags/example_nested_branch_dag.py
[2025-05-01T12:03:31.625+0000] {logging_mixin.py:188} INFO - [2025-05-01T12:03:31.624+0000] {dag.py:3096} INFO - Sync 1 DAGs
[2025-05-01T12:03:31.681+0000] {logging_mixin.py:188} INFO - [2025-05-01T12:03:31.680+0000] {dag.py:3954} INFO - Setting next_dagrun for example_nested_branch_dag to 2025-04-30 00:00:00+00:00, run_after=2025-05-01 00:00:00+00:00
[2025-05-01T12:03:31.726+0000] {processor.py:183} INFO - Processing /home/airflow/.local/lib/python3.12/site-packages/airflow/example_dags/example_nested_branch_dag.py took 0.215 seconds
[2025-05-01T12:04:02.141+0000] {processor.py:161} INFO - Started process (PID=3813) to work on /home/airflow/.local/lib/python3.12/site-packages/airflow/example_dags/example_nested_branch_dag.py
[2025-05-01T12:04:02.143+0000] {processor.py:830} INFO - Processing file /home/airflow/.local/lib/python3.12/site-packages/airflow/example_dags/example_nested_branch_dag.py for tasks to queue
[2025-05-01T12:04:02.148+0000] {logging_mixin.py:188} INFO - [2025-05-01T12:04:02.147+0000] {dagbag.py:545} INFO - Filling up the DagBag from /home/airflow/.local/lib/python3.12/site-packages/airflow/example_dags/example_nested_branch_dag.py
[2025-05-01T12:04:02.168+0000] {processor.py:840} INFO - DAG(s) 'example_nested_branch_dag' retrieved from /home/airflow/.local/lib/python3.12/site-packages/airflow/example_dags/example_nested_branch_dag.py
[2025-05-01T12:04:02.216+0000] {logging_mixin.py:188} INFO - [2025-05-01T12:04:02.215+0000] {dag.py:3096} INFO - Sync 1 DAGs
[2025-05-01T12:04:02.268+0000] {logging_mixin.py:188} INFO - [2025-05-01T12:04:02.268+0000] {dag.py:3954} INFO - Setting next_dagrun for example_nested_branch_dag to 2025-04-30 00:00:00+00:00, run_after=2025-05-01 00:00:00+00:00
[2025-05-01T12:04:02.323+0000] {processor.py:183} INFO - Processing /home/airflow/.local/lib/python3.12/site-packages/airflow/example_dags/example_nested_branch_dag.py took 0.193 seconds
[2025-05-01T12:04:33.147+0000] {processor.py:161} INFO - Started process (PID=3871) to work on /home/airflow/.local/lib/python3.12/site-packages/airflow/example_dags/example_nested_branch_dag.py
[2025-05-01T12:04:33.150+0000] {processor.py:830} INFO - Processing file /home/airflow/.local/lib/python3.12/site-packages/airflow/example_dags/example_nested_branch_dag.py for tasks to queue
[2025-05-01T12:04:33.155+0000] {logging_mixin.py:188} INFO - [2025-05-01T12:04:33.154+0000] {dagbag.py:545} INFO - Filling up the DagBag from /home/airflow/.local/lib/python3.12/site-packages/airflow/example_dags/example_nested_branch_dag.py
[2025-05-01T12:04:33.181+0000] {processor.py:840} INFO - DAG(s) 'example_nested_branch_dag' retrieved from /home/airflow/.local/lib/python3.12/site-packages/airflow/example_dags/example_nested_branch_dag.py
[2025-05-01T12:04:33.251+0000] {logging_mixin.py:188} INFO - [2025-05-01T12:04:33.251+0000] {dag.py:3096} INFO - Sync 1 DAGs
[2025-05-01T12:04:33.315+0000] {logging_mixin.py:188} INFO - [2025-05-01T12:04:33.314+0000] {dag.py:3954} INFO - Setting next_dagrun for example_nested_branch_dag to 2025-04-30 00:00:00+00:00, run_after=2025-05-01 00:00:00+00:00
[2025-05-01T12:04:33.366+0000] {processor.py:183} INFO - Processing /home/airflow/.local/lib/python3.12/site-packages/airflow/example_dags/example_nested_branch_dag.py took 0.234 seconds
[2025-05-01T12:05:04.080+0000] {processor.py:161} INFO - Started process (PID=3936) to work on /home/airflow/.local/lib/python3.12/site-packages/airflow/example_dags/example_nested_branch_dag.py
[2025-05-01T12:05:04.083+0000] {processor.py:830} INFO - Processing file /home/airflow/.local/lib/python3.12/site-packages/airflow/example_dags/example_nested_branch_dag.py for tasks to queue
[2025-05-01T12:05:04.087+0000] {logging_mixin.py:188} INFO - [2025-05-01T12:05:04.086+0000] {dagbag.py:545} INFO - Filling up the DagBag from /home/airflow/.local/lib/python3.12/site-packages/airflow/example_dags/example_nested_branch_dag.py
[2025-05-01T12:05:04.112+0000] {processor.py:840} INFO - DAG(s) 'example_nested_branch_dag' retrieved from /home/airflow/.local/lib/python3.12/site-packages/airflow/example_dags/example_nested_branch_dag.py
[2025-05-01T12:05:04.161+0000] {logging_mixin.py:188} INFO - [2025-05-01T12:05:04.160+0000] {dag.py:3096} INFO - Sync 1 DAGs
[2025-05-01T12:05:04.210+0000] {logging_mixin.py:188} INFO - [2025-05-01T12:05:04.210+0000] {dag.py:3954} INFO - Setting next_dagrun for example_nested_branch_dag to 2025-04-30 00:00:00+00:00, run_after=2025-05-01 00:00:00+00:00
[2025-05-01T12:05:04.255+0000] {processor.py:183} INFO - Processing /home/airflow/.local/lib/python3.12/site-packages/airflow/example_dags/example_nested_branch_dag.py took 0.189 seconds
[2025-05-01T12:05:34.475+0000] {processor.py:161} INFO - Started process (PID=3996) to work on /home/airflow/.local/lib/python3.12/site-packages/airflow/example_dags/example_nested_branch_dag.py
[2025-05-01T12:05:34.478+0000] {processor.py:830} INFO - Processing file /home/airflow/.local/lib/python3.12/site-packages/airflow/example_dags/example_nested_branch_dag.py for tasks to queue
[2025-05-01T12:05:34.482+0000] {logging_mixin.py:188} INFO - [2025-05-01T12:05:34.482+0000] {dagbag.py:545} INFO - Filling up the DagBag from /home/airflow/.local/lib/python3.12/site-packages/airflow/example_dags/example_nested_branch_dag.py
[2025-05-01T12:05:34.505+0000] {processor.py:840} INFO - DAG(s) 'example_nested_branch_dag' retrieved from /home/airflow/.local/lib/python3.12/site-packages/airflow/example_dags/example_nested_branch_dag.py
[2025-05-01T12:05:34.560+0000] {logging_mixin.py:188} INFO - [2025-05-01T12:05:34.559+0000] {dag.py:3096} INFO - Sync 1 DAGs
[2025-05-01T12:05:34.622+0000] {logging_mixin.py:188} INFO - [2025-05-01T12:05:34.622+0000] {dag.py:3954} INFO - Setting next_dagrun for example_nested_branch_dag to 2025-04-30 00:00:00+00:00, run_after=2025-05-01 00:00:00+00:00
[2025-05-01T12:05:34.672+0000] {processor.py:183} INFO - Processing /home/airflow/.local/lib/python3.12/site-packages/airflow/example_dags/example_nested_branch_dag.py took 0.208 seconds
[2025-05-01T12:06:05.674+0000] {processor.py:161} INFO - Started process (PID=4055) to work on /home/airflow/.local/lib/python3.12/site-packages/airflow/example_dags/example_nested_branch_dag.py
[2025-05-01T12:06:05.676+0000] {processor.py:830} INFO - Processing file /home/airflow/.local/lib/python3.12/site-packages/airflow/example_dags/example_nested_branch_dag.py for tasks to queue
[2025-05-01T12:06:05.680+0000] {logging_mixin.py:188} INFO - [2025-05-01T12:06:05.679+0000] {dagbag.py:545} INFO - Filling up the DagBag from /home/airflow/.local/lib/python3.12/site-packages/airflow/example_dags/example_nested_branch_dag.py
[2025-05-01T12:06:05.700+0000] {processor.py:840} INFO - DAG(s) 'example_nested_branch_dag' retrieved from /home/airflow/.local/lib/python3.12/site-packages/airflow/example_dags/example_nested_branch_dag.py
[2025-05-01T12:06:05.750+0000] {logging_mixin.py:188} INFO - [2025-05-01T12:06:05.750+0000] {dag.py:3096} INFO - Sync 1 DAGs
[2025-05-01T12:06:05.808+0000] {logging_mixin.py:188} INFO - [2025-05-01T12:06:05.808+0000] {dag.py:3954} INFO - Setting next_dagrun for example_nested_branch_dag to 2025-04-30 00:00:00+00:00, run_after=2025-05-01 00:00:00+00:00
[2025-05-01T12:06:05.863+0000] {processor.py:183} INFO - Processing /home/airflow/.local/lib/python3.12/site-packages/airflow/example_dags/example_nested_branch_dag.py took 0.201 seconds
[2025-05-01T12:06:36.924+0000] {processor.py:161} INFO - Started process (PID=4115) to work on /home/airflow/.local/lib/python3.12/site-packages/airflow/example_dags/example_nested_branch_dag.py
[2025-05-01T12:06:36.927+0000] {processor.py:830} INFO - Processing file /home/airflow/.local/lib/python3.12/site-packages/airflow/example_dags/example_nested_branch_dag.py for tasks to queue
[2025-05-01T12:06:36.931+0000] {logging_mixin.py:188} INFO - [2025-05-01T12:06:36.930+0000] {dagbag.py:545} INFO - Filling up the DagBag from /home/airflow/.local/lib/python3.12/site-packages/airflow/example_dags/example_nested_branch_dag.py
[2025-05-01T12:06:36.952+0000] {processor.py:840} INFO - DAG(s) 'example_nested_branch_dag' retrieved from /home/airflow/.local/lib/python3.12/site-packages/airflow/example_dags/example_nested_branch_dag.py
[2025-05-01T12:06:37.004+0000] {logging_mixin.py:188} INFO - [2025-05-01T12:06:37.004+0000] {dag.py:3096} INFO - Sync 1 DAGs
[2025-05-01T12:06:37.056+0000] {logging_mixin.py:188} INFO - [2025-05-01T12:06:37.055+0000] {dag.py:3954} INFO - Setting next_dagrun for example_nested_branch_dag to 2025-04-30 00:00:00+00:00, run_after=2025-05-01 00:00:00+00:00
[2025-05-01T12:06:37.131+0000] {processor.py:183} INFO - Processing /home/airflow/.local/lib/python3.12/site-packages/airflow/example_dags/example_nested_branch_dag.py took 0.219 seconds
[2025-05-01T12:07:07.841+0000] {processor.py:161} INFO - Started process (PID=4174) to work on /home/airflow/.local/lib/python3.12/site-packages/airflow/example_dags/example_nested_branch_dag.py
[2025-05-01T12:07:07.844+0000] {processor.py:830} INFO - Processing file /home/airflow/.local/lib/python3.12/site-packages/airflow/example_dags/example_nested_branch_dag.py for tasks to queue
[2025-05-01T12:07:07.848+0000] {logging_mixin.py:188} INFO - [2025-05-01T12:07:07.847+0000] {dagbag.py:545} INFO - Filling up the DagBag from /home/airflow/.local/lib/python3.12/site-packages/airflow/example_dags/example_nested_branch_dag.py
[2025-05-01T12:07:07.885+0000] {processor.py:840} INFO - DAG(s) 'example_nested_branch_dag' retrieved from /home/airflow/.local/lib/python3.12/site-packages/airflow/example_dags/example_nested_branch_dag.py
[2025-05-01T12:07:07.947+0000] {logging_mixin.py:188} INFO - [2025-05-01T12:07:07.947+0000] {dag.py:3096} INFO - Sync 1 DAGs
[2025-05-01T12:07:08.020+0000] {logging_mixin.py:188} INFO - [2025-05-01T12:07:08.019+0000] {dag.py:3954} INFO - Setting next_dagrun for example_nested_branch_dag to 2025-04-30 00:00:00+00:00, run_after=2025-05-01 00:00:00+00:00
[2025-05-01T12:07:08.080+0000] {processor.py:183} INFO - Processing /home/airflow/.local/lib/python3.12/site-packages/airflow/example_dags/example_nested_branch_dag.py took 0.256 seconds
[2025-05-01T12:07:38.285+0000] {processor.py:161} INFO - Started process (PID=4233) to work on /home/airflow/.local/lib/python3.12/site-packages/airflow/example_dags/example_nested_branch_dag.py
[2025-05-01T12:07:38.288+0000] {processor.py:830} INFO - Processing file /home/airflow/.local/lib/python3.12/site-packages/airflow/example_dags/example_nested_branch_dag.py for tasks to queue
[2025-05-01T12:07:38.292+0000] {logging_mixin.py:188} INFO - [2025-05-01T12:07:38.291+0000] {dagbag.py:545} INFO - Filling up the DagBag from /home/airflow/.local/lib/python3.12/site-packages/airflow/example_dags/example_nested_branch_dag.py
[2025-05-01T12:07:38.324+0000] {processor.py:840} INFO - DAG(s) 'example_nested_branch_dag' retrieved from /home/airflow/.local/lib/python3.12/site-packages/airflow/example_dags/example_nested_branch_dag.py
[2025-05-01T12:07:38.390+0000] {logging_mixin.py:188} INFO - [2025-05-01T12:07:38.390+0000] {dag.py:3096} INFO - Sync 1 DAGs
[2025-05-01T12:07:38.442+0000] {logging_mixin.py:188} INFO - [2025-05-01T12:07:38.442+0000] {dag.py:3954} INFO - Setting next_dagrun for example_nested_branch_dag to 2025-04-30 00:00:00+00:00, run_after=2025-05-01 00:00:00+00:00
[2025-05-01T12:07:38.510+0000] {processor.py:183} INFO - Processing /home/airflow/.local/lib/python3.12/site-packages/airflow/example_dags/example_nested_branch_dag.py took 0.236 seconds
[2025-05-01T12:08:09.320+0000] {processor.py:161} INFO - Started process (PID=4292) to work on /home/airflow/.local/lib/python3.12/site-packages/airflow/example_dags/example_nested_branch_dag.py
[2025-05-01T12:08:09.322+0000] {processor.py:830} INFO - Processing file /home/airflow/.local/lib/python3.12/site-packages/airflow/example_dags/example_nested_branch_dag.py for tasks to queue
[2025-05-01T12:08:09.327+0000] {logging_mixin.py:188} INFO - [2025-05-01T12:08:09.326+0000] {dagbag.py:545} INFO - Filling up the DagBag from /home/airflow/.local/lib/python3.12/site-packages/airflow/example_dags/example_nested_branch_dag.py
[2025-05-01T12:08:09.356+0000] {processor.py:840} INFO - DAG(s) 'example_nested_branch_dag' retrieved from /home/airflow/.local/lib/python3.12/site-packages/airflow/example_dags/example_nested_branch_dag.py
[2025-05-01T12:08:09.419+0000] {logging_mixin.py:188} INFO - [2025-05-01T12:08:09.418+0000] {dag.py:3096} INFO - Sync 1 DAGs
[2025-05-01T12:08:09.493+0000] {logging_mixin.py:188} INFO - [2025-05-01T12:08:09.492+0000] {dag.py:3954} INFO - Setting next_dagrun for example_nested_branch_dag to 2025-04-30 00:00:00+00:00, run_after=2025-05-01 00:00:00+00:00
[2025-05-01T12:08:09.591+0000] {processor.py:183} INFO - Processing /home/airflow/.local/lib/python3.12/site-packages/airflow/example_dags/example_nested_branch_dag.py took 0.286 seconds
[2025-05-01T12:08:40.372+0000] {processor.py:161} INFO - Started process (PID=4352) to work on /home/airflow/.local/lib/python3.12/site-packages/airflow/example_dags/example_nested_branch_dag.py
[2025-05-01T12:08:40.374+0000] {processor.py:830} INFO - Processing file /home/airflow/.local/lib/python3.12/site-packages/airflow/example_dags/example_nested_branch_dag.py for tasks to queue
[2025-05-01T12:08:40.378+0000] {logging_mixin.py:188} INFO - [2025-05-01T12:08:40.377+0000] {dagbag.py:545} INFO - Filling up the DagBag from /home/airflow/.local/lib/python3.12/site-packages/airflow/example_dags/example_nested_branch_dag.py
[2025-05-01T12:08:40.400+0000] {processor.py:840} INFO - DAG(s) 'example_nested_branch_dag' retrieved from /home/airflow/.local/lib/python3.12/site-packages/airflow/example_dags/example_nested_branch_dag.py
[2025-05-01T12:08:40.447+0000] {logging_mixin.py:188} INFO - [2025-05-01T12:08:40.447+0000] {dag.py:3096} INFO - Sync 1 DAGs
[2025-05-01T12:08:40.497+0000] {logging_mixin.py:188} INFO - [2025-05-01T12:08:40.497+0000] {dag.py:3954} INFO - Setting next_dagrun for example_nested_branch_dag to 2025-04-30 00:00:00+00:00, run_after=2025-05-01 00:00:00+00:00
[2025-05-01T12:08:40.584+0000] {processor.py:183} INFO - Processing /home/airflow/.local/lib/python3.12/site-packages/airflow/example_dags/example_nested_branch_dag.py took 0.225 seconds
[2025-05-01T12:09:10.899+0000] {processor.py:161} INFO - Started process (PID=4412) to work on /home/airflow/.local/lib/python3.12/site-packages/airflow/example_dags/example_nested_branch_dag.py
[2025-05-01T12:09:10.902+0000] {processor.py:830} INFO - Processing file /home/airflow/.local/lib/python3.12/site-packages/airflow/example_dags/example_nested_branch_dag.py for tasks to queue
[2025-05-01T12:09:10.911+0000] {logging_mixin.py:188} INFO - [2025-05-01T12:09:10.910+0000] {dagbag.py:545} INFO - Filling up the DagBag from /home/airflow/.local/lib/python3.12/site-packages/airflow/example_dags/example_nested_branch_dag.py
[2025-05-01T12:09:10.952+0000] {processor.py:840} INFO - DAG(s) 'example_nested_branch_dag' retrieved from /home/airflow/.local/lib/python3.12/site-packages/airflow/example_dags/example_nested_branch_dag.py
[2025-05-01T12:09:11.024+0000] {logging_mixin.py:188} INFO - [2025-05-01T12:09:11.024+0000] {dag.py:3096} INFO - Sync 1 DAGs
[2025-05-01T12:09:11.089+0000] {logging_mixin.py:188} INFO - [2025-05-01T12:09:11.089+0000] {dag.py:3954} INFO - Setting next_dagrun for example_nested_branch_dag to 2025-04-30 00:00:00+00:00, run_after=2025-05-01 00:00:00+00:00
[2025-05-01T12:09:11.138+0000] {processor.py:183} INFO - Processing /home/airflow/.local/lib/python3.12/site-packages/airflow/example_dags/example_nested_branch_dag.py took 0.260 seconds
[2025-05-01T12:09:41.403+0000] {processor.py:161} INFO - Started process (PID=4471) to work on /home/airflow/.local/lib/python3.12/site-packages/airflow/example_dags/example_nested_branch_dag.py
[2025-05-01T12:09:41.405+0000] {processor.py:830} INFO - Processing file /home/airflow/.local/lib/python3.12/site-packages/airflow/example_dags/example_nested_branch_dag.py for tasks to queue
[2025-05-01T12:09:41.409+0000] {logging_mixin.py:188} INFO - [2025-05-01T12:09:41.408+0000] {dagbag.py:545} INFO - Filling up the DagBag from /home/airflow/.local/lib/python3.12/site-packages/airflow/example_dags/example_nested_branch_dag.py
[2025-05-01T12:09:41.429+0000] {processor.py:840} INFO - DAG(s) 'example_nested_branch_dag' retrieved from /home/airflow/.local/lib/python3.12/site-packages/airflow/example_dags/example_nested_branch_dag.py
[2025-05-01T12:09:41.477+0000] {logging_mixin.py:188} INFO - [2025-05-01T12:09:41.477+0000] {dag.py:3096} INFO - Sync 1 DAGs
[2025-05-01T12:09:41.535+0000] {logging_mixin.py:188} INFO - [2025-05-01T12:09:41.535+0000] {dag.py:3954} INFO - Setting next_dagrun for example_nested_branch_dag to 2025-04-30 00:00:00+00:00, run_after=2025-05-01 00:00:00+00:00
[2025-05-01T12:09:41.589+0000] {processor.py:183} INFO - Processing /home/airflow/.local/lib/python3.12/site-packages/airflow/example_dags/example_nested_branch_dag.py took 0.198 seconds
