[2025-05-01T10:49:48.039+0000] {processor.py:161} INFO - Started process (PID=65) to work on /home/airflow/.local/lib/python3.12/site-packages/airflow/example_dags/example_subdag_operator.py
[2025-05-01T10:49:48.041+0000] {processor.py:830} INFO - Processing file /home/airflow/.local/lib/python3.12/site-packages/airflow/example_dags/example_subdag_operator.py for tasks to queue
[2025-05-01T10:49:48.046+0000] {logging_mixin.py:188} INFO - [2025-05-01T10:49:48.045+0000] {dagbag.py:545} INFO - Filling up the DagBag from /home/airflow/.local/lib/python3.12/site-packages/airflow/example_dags/example_subdag_operator.py
[2025-05-01T10:49:48.084+0000] {processor.py:840} INFO - DAG(s) 'example_subdag_operator.section-1', 'example_subdag_operator.section-2', 'example_subdag_operator' retrieved from /home/airflow/.local/lib/python3.12/site-packages/airflow/example_dags/example_subdag_operator.py
[2025-05-01T10:49:48.269+0000] {logging_mixin.py:188} INFO - [2025-05-01T10:49:48.268+0000] {dag.py:3096} INFO - Sync 3 DAGs
[2025-05-01T10:49:48.304+0000] {logging_mixin.py:188} INFO - [2025-05-01T10:49:48.304+0000] {dag.py:3954} INFO - Setting next_dagrun for example_subdag_operator to 2022-01-01 00:00:00+00:00, run_after=2022-01-01 00:00:00+00:00
[2025-05-01T10:49:48.312+0000] {logging_mixin.py:188} INFO - [2025-05-01T10:49:48.312+0000] {dag.py:3954} INFO - Setting next_dagrun for example_subdag_operator.section-1 to None, run_after=None
[2025-05-01T10:49:48.316+0000] {logging_mixin.py:188} INFO - [2025-05-01T10:49:48.315+0000] {dag.py:3954} INFO - Setting next_dagrun for example_subdag_operator.section-2 to None, run_after=None
[2025-05-01T10:49:48.332+0000] {logging_mixin.py:188} INFO - [2025-05-01T10:49:48.332+0000] {dag.py:3096} INFO - Sync 2 DAGs
[2025-05-01T10:49:48.340+0000] {logging_mixin.py:188} INFO - [2025-05-01T10:49:48.339+0000] {dag.py:3954} INFO - Setting next_dagrun for example_subdag_operator.section-1 to None, run_after=None
[2025-05-01T10:49:48.341+0000] {logging_mixin.py:188} INFO - [2025-05-01T10:49:48.341+0000] {dag.py:3954} INFO - Setting next_dagrun for example_subdag_operator.section-2 to None, run_after=None
[2025-05-01T10:49:48.362+0000] {processor.py:183} INFO - Processing /home/airflow/.local/lib/python3.12/site-packages/airflow/example_dags/example_subdag_operator.py took 0.334 seconds
[2025-05-01T10:50:19.103+0000] {processor.py:161} INFO - Started process (PID=123) to work on /home/airflow/.local/lib/python3.12/site-packages/airflow/example_dags/example_subdag_operator.py
[2025-05-01T10:50:19.105+0000] {processor.py:830} INFO - Processing file /home/airflow/.local/lib/python3.12/site-packages/airflow/example_dags/example_subdag_operator.py for tasks to queue
[2025-05-01T10:50:19.107+0000] {logging_mixin.py:188} INFO - [2025-05-01T10:50:19.107+0000] {dagbag.py:545} INFO - Filling up the DagBag from /home/airflow/.local/lib/python3.12/site-packages/airflow/example_dags/example_subdag_operator.py
[2025-05-01T10:50:19.134+0000] {processor.py:840} INFO - DAG(s) 'example_subdag_operator.section-1', 'example_subdag_operator.section-2', 'example_subdag_operator' retrieved from /home/airflow/.local/lib/python3.12/site-packages/airflow/example_dags/example_subdag_operator.py
[2025-05-01T10:50:19.151+0000] {logging_mixin.py:188} INFO - [2025-05-01T10:50:19.151+0000] {dag.py:3096} INFO - Sync 3 DAGs
[2025-05-01T10:50:19.175+0000] {logging_mixin.py:188} INFO - [2025-05-01T10:50:19.175+0000] {dag.py:3954} INFO - Setting next_dagrun for example_subdag_operator to 2022-01-01 00:00:00+00:00, run_after=2022-01-01 00:00:00+00:00
[2025-05-01T10:50:19.180+0000] {logging_mixin.py:188} INFO - [2025-05-01T10:50:19.180+0000] {dag.py:3954} INFO - Setting next_dagrun for example_subdag_operator.section-1 to None, run_after=None
[2025-05-01T10:50:19.182+0000] {logging_mixin.py:188} INFO - [2025-05-01T10:50:19.182+0000] {dag.py:3954} INFO - Setting next_dagrun for example_subdag_operator.section-2 to None, run_after=None
[2025-05-01T10:50:19.192+0000] {logging_mixin.py:188} INFO - [2025-05-01T10:50:19.191+0000] {dag.py:3096} INFO - Sync 2 DAGs
[2025-05-01T10:50:19.199+0000] {logging_mixin.py:188} INFO - [2025-05-01T10:50:19.198+0000] {dag.py:3954} INFO - Setting next_dagrun for example_subdag_operator.section-1 to None, run_after=None
[2025-05-01T10:50:19.200+0000] {logging_mixin.py:188} INFO - [2025-05-01T10:50:19.199+0000] {dag.py:3954} INFO - Setting next_dagrun for example_subdag_operator.section-2 to None, run_after=None
[2025-05-01T10:50:19.215+0000] {processor.py:183} INFO - Processing /home/airflow/.local/lib/python3.12/site-packages/airflow/example_dags/example_subdag_operator.py took 0.118 seconds
[2025-05-01T10:51:46.523+0000] {processor.py:161} INFO - Started process (PID=71) to work on /home/airflow/.local/lib/python3.12/site-packages/airflow/example_dags/example_subdag_operator.py
[2025-05-01T10:51:46.525+0000] {processor.py:830} INFO - Processing file /home/airflow/.local/lib/python3.12/site-packages/airflow/example_dags/example_subdag_operator.py for tasks to queue
[2025-05-01T10:51:46.529+0000] {logging_mixin.py:188} INFO - [2025-05-01T10:51:46.528+0000] {dagbag.py:545} INFO - Filling up the DagBag from /home/airflow/.local/lib/python3.12/site-packages/airflow/example_dags/example_subdag_operator.py
[2025-05-01T10:51:46.570+0000] {processor.py:840} INFO - DAG(s) 'example_subdag_operator.section-1', 'example_subdag_operator.section-2', 'example_subdag_operator' retrieved from /home/airflow/.local/lib/python3.12/site-packages/airflow/example_dags/example_subdag_operator.py
[2025-05-01T10:51:46.758+0000] {logging_mixin.py:188} INFO - [2025-05-01T10:51:46.758+0000] {dag.py:3096} INFO - Sync 3 DAGs
[2025-05-01T10:51:46.793+0000] {logging_mixin.py:188} INFO - [2025-05-01T10:51:46.792+0000] {dag.py:3954} INFO - Setting next_dagrun for example_subdag_operator to 2022-01-01 00:00:00+00:00, run_after=2022-01-01 00:00:00+00:00
[2025-05-01T10:51:46.799+0000] {logging_mixin.py:188} INFO - [2025-05-01T10:51:46.799+0000] {dag.py:3954} INFO - Setting next_dagrun for example_subdag_operator.section-1 to None, run_after=None
[2025-05-01T10:51:46.802+0000] {logging_mixin.py:188} INFO - [2025-05-01T10:51:46.802+0000] {dag.py:3954} INFO - Setting next_dagrun for example_subdag_operator.section-2 to None, run_after=None
[2025-05-01T10:51:46.819+0000] {logging_mixin.py:188} INFO - [2025-05-01T10:51:46.819+0000] {dag.py:3096} INFO - Sync 2 DAGs
[2025-05-01T10:51:46.831+0000] {logging_mixin.py:188} INFO - [2025-05-01T10:51:46.830+0000] {dag.py:3954} INFO - Setting next_dagrun for example_subdag_operator.section-1 to None, run_after=None
[2025-05-01T10:51:46.832+0000] {logging_mixin.py:188} INFO - [2025-05-01T10:51:46.832+0000] {dag.py:3954} INFO - Setting next_dagrun for example_subdag_operator.section-2 to None, run_after=None
[2025-05-01T10:51:46.853+0000] {processor.py:183} INFO - Processing /home/airflow/.local/lib/python3.12/site-packages/airflow/example_dags/example_subdag_operator.py took 0.338 seconds
[2025-05-01T10:52:17.718+0000] {processor.py:161} INFO - Started process (PID=129) to work on /home/airflow/.local/lib/python3.12/site-packages/airflow/example_dags/example_subdag_operator.py
[2025-05-01T10:52:17.720+0000] {processor.py:830} INFO - Processing file /home/airflow/.local/lib/python3.12/site-packages/airflow/example_dags/example_subdag_operator.py for tasks to queue
[2025-05-01T10:52:17.722+0000] {logging_mixin.py:188} INFO - [2025-05-01T10:52:17.722+0000] {dagbag.py:545} INFO - Filling up the DagBag from /home/airflow/.local/lib/python3.12/site-packages/airflow/example_dags/example_subdag_operator.py
[2025-05-01T10:52:17.751+0000] {processor.py:840} INFO - DAG(s) 'example_subdag_operator.section-1', 'example_subdag_operator.section-2', 'example_subdag_operator' retrieved from /home/airflow/.local/lib/python3.12/site-packages/airflow/example_dags/example_subdag_operator.py
[2025-05-01T10:52:17.770+0000] {logging_mixin.py:188} INFO - [2025-05-01T10:52:17.769+0000] {dag.py:3096} INFO - Sync 3 DAGs
[2025-05-01T10:52:17.797+0000] {logging_mixin.py:188} INFO - [2025-05-01T10:52:17.797+0000] {dag.py:3954} INFO - Setting next_dagrun for example_subdag_operator to 2022-01-01 00:00:00+00:00, run_after=2022-01-01 00:00:00+00:00
[2025-05-01T10:52:17.803+0000] {logging_mixin.py:188} INFO - [2025-05-01T10:52:17.803+0000] {dag.py:3954} INFO - Setting next_dagrun for example_subdag_operator.section-1 to None, run_after=None
[2025-05-01T10:52:17.806+0000] {logging_mixin.py:188} INFO - [2025-05-01T10:52:17.806+0000] {dag.py:3954} INFO - Setting next_dagrun for example_subdag_operator.section-2 to None, run_after=None
[2025-05-01T10:52:17.823+0000] {logging_mixin.py:188} INFO - [2025-05-01T10:52:17.823+0000] {dag.py:3096} INFO - Sync 2 DAGs
[2025-05-01T10:52:17.835+0000] {logging_mixin.py:188} INFO - [2025-05-01T10:52:17.835+0000] {dag.py:3954} INFO - Setting next_dagrun for example_subdag_operator.section-1 to None, run_after=None
[2025-05-01T10:52:17.837+0000] {logging_mixin.py:188} INFO - [2025-05-01T10:52:17.836+0000] {dag.py:3954} INFO - Setting next_dagrun for example_subdag_operator.section-2 to None, run_after=None
[2025-05-01T10:52:17.860+0000] {processor.py:183} INFO - Processing /home/airflow/.local/lib/python3.12/site-packages/airflow/example_dags/example_subdag_operator.py took 0.147 seconds
[2025-05-01T10:52:48.047+0000] {processor.py:161} INFO - Started process (PID=187) to work on /home/airflow/.local/lib/python3.12/site-packages/airflow/example_dags/example_subdag_operator.py
[2025-05-01T10:52:48.049+0000] {processor.py:830} INFO - Processing file /home/airflow/.local/lib/python3.12/site-packages/airflow/example_dags/example_subdag_operator.py for tasks to queue
[2025-05-01T10:52:48.052+0000] {logging_mixin.py:188} INFO - [2025-05-01T10:52:48.052+0000] {dagbag.py:545} INFO - Filling up the DagBag from /home/airflow/.local/lib/python3.12/site-packages/airflow/example_dags/example_subdag_operator.py
[2025-05-01T10:52:48.080+0000] {processor.py:840} INFO - DAG(s) 'example_subdag_operator.section-1', 'example_subdag_operator.section-2', 'example_subdag_operator' retrieved from /home/airflow/.local/lib/python3.12/site-packages/airflow/example_dags/example_subdag_operator.py
[2025-05-01T10:52:48.098+0000] {logging_mixin.py:188} INFO - [2025-05-01T10:52:48.098+0000] {dag.py:3096} INFO - Sync 3 DAGs
[2025-05-01T10:52:48.122+0000] {logging_mixin.py:188} INFO - [2025-05-01T10:52:48.122+0000] {dag.py:3954} INFO - Setting next_dagrun for example_subdag_operator to 2022-01-01 00:00:00+00:00, run_after=2022-01-01 00:00:00+00:00
[2025-05-01T10:52:48.127+0000] {logging_mixin.py:188} INFO - [2025-05-01T10:52:48.126+0000] {dag.py:3954} INFO - Setting next_dagrun for example_subdag_operator.section-1 to None, run_after=None
[2025-05-01T10:52:48.129+0000] {logging_mixin.py:188} INFO - [2025-05-01T10:52:48.129+0000] {dag.py:3954} INFO - Setting next_dagrun for example_subdag_operator.section-2 to None, run_after=None
[2025-05-01T10:52:48.138+0000] {logging_mixin.py:188} INFO - [2025-05-01T10:52:48.138+0000] {dag.py:3096} INFO - Sync 2 DAGs
[2025-05-01T10:52:48.147+0000] {logging_mixin.py:188} INFO - [2025-05-01T10:52:48.146+0000] {dag.py:3954} INFO - Setting next_dagrun for example_subdag_operator.section-1 to None, run_after=None
[2025-05-01T10:52:48.148+0000] {logging_mixin.py:188} INFO - [2025-05-01T10:52:48.147+0000] {dag.py:3954} INFO - Setting next_dagrun for example_subdag_operator.section-2 to None, run_after=None
[2025-05-01T10:52:48.163+0000] {processor.py:183} INFO - Processing /home/airflow/.local/lib/python3.12/site-packages/airflow/example_dags/example_subdag_operator.py took 0.121 seconds
[2025-05-01T10:53:18.371+0000] {processor.py:161} INFO - Started process (PID=245) to work on /home/airflow/.local/lib/python3.12/site-packages/airflow/example_dags/example_subdag_operator.py
[2025-05-01T10:53:18.373+0000] {processor.py:830} INFO - Processing file /home/airflow/.local/lib/python3.12/site-packages/airflow/example_dags/example_subdag_operator.py for tasks to queue
[2025-05-01T10:53:18.375+0000] {logging_mixin.py:188} INFO - [2025-05-01T10:53:18.375+0000] {dagbag.py:545} INFO - Filling up the DagBag from /home/airflow/.local/lib/python3.12/site-packages/airflow/example_dags/example_subdag_operator.py
[2025-05-01T10:53:18.409+0000] {processor.py:840} INFO - DAG(s) 'example_subdag_operator.section-1', 'example_subdag_operator.section-2', 'example_subdag_operator' retrieved from /home/airflow/.local/lib/python3.12/site-packages/airflow/example_dags/example_subdag_operator.py
[2025-05-01T10:53:18.436+0000] {logging_mixin.py:188} INFO - [2025-05-01T10:53:18.435+0000] {dag.py:3096} INFO - Sync 3 DAGs
[2025-05-01T10:53:18.470+0000] {logging_mixin.py:188} INFO - [2025-05-01T10:53:18.470+0000] {dag.py:3954} INFO - Setting next_dagrun for example_subdag_operator to 2022-01-01 00:00:00+00:00, run_after=2022-01-01 00:00:00+00:00
[2025-05-01T10:53:18.477+0000] {logging_mixin.py:188} INFO - [2025-05-01T10:53:18.477+0000] {dag.py:3954} INFO - Setting next_dagrun for example_subdag_operator.section-1 to None, run_after=None
[2025-05-01T10:53:18.480+0000] {logging_mixin.py:188} INFO - [2025-05-01T10:53:18.479+0000] {dag.py:3954} INFO - Setting next_dagrun for example_subdag_operator.section-2 to None, run_after=None
[2025-05-01T10:53:18.492+0000] {logging_mixin.py:188} INFO - [2025-05-01T10:53:18.492+0000] {dag.py:3096} INFO - Sync 2 DAGs
[2025-05-01T10:53:18.502+0000] {logging_mixin.py:188} INFO - [2025-05-01T10:53:18.502+0000] {dag.py:3954} INFO - Setting next_dagrun for example_subdag_operator.section-1 to None, run_after=None
[2025-05-01T10:53:18.503+0000] {logging_mixin.py:188} INFO - [2025-05-01T10:53:18.503+0000] {dag.py:3954} INFO - Setting next_dagrun for example_subdag_operator.section-2 to None, run_after=None
[2025-05-01T10:53:18.525+0000] {processor.py:183} INFO - Processing /home/airflow/.local/lib/python3.12/site-packages/airflow/example_dags/example_subdag_operator.py took 0.160 seconds
[2025-05-01T10:53:48.624+0000] {processor.py:161} INFO - Started process (PID=303) to work on /home/airflow/.local/lib/python3.12/site-packages/airflow/example_dags/example_subdag_operator.py
[2025-05-01T10:53:48.626+0000] {processor.py:830} INFO - Processing file /home/airflow/.local/lib/python3.12/site-packages/airflow/example_dags/example_subdag_operator.py for tasks to queue
[2025-05-01T10:53:48.628+0000] {logging_mixin.py:188} INFO - [2025-05-01T10:53:48.628+0000] {dagbag.py:545} INFO - Filling up the DagBag from /home/airflow/.local/lib/python3.12/site-packages/airflow/example_dags/example_subdag_operator.py
[2025-05-01T10:53:48.658+0000] {processor.py:840} INFO - DAG(s) 'example_subdag_operator.section-1', 'example_subdag_operator.section-2', 'example_subdag_operator' retrieved from /home/airflow/.local/lib/python3.12/site-packages/airflow/example_dags/example_subdag_operator.py
[2025-05-01T10:53:48.676+0000] {logging_mixin.py:188} INFO - [2025-05-01T10:53:48.675+0000] {dag.py:3096} INFO - Sync 3 DAGs
[2025-05-01T10:53:48.701+0000] {logging_mixin.py:188} INFO - [2025-05-01T10:53:48.701+0000] {dag.py:3954} INFO - Setting next_dagrun for example_subdag_operator to 2022-01-01 00:00:00+00:00, run_after=2022-01-01 00:00:00+00:00
[2025-05-01T10:53:48.706+0000] {logging_mixin.py:188} INFO - [2025-05-01T10:53:48.706+0000] {dag.py:3954} INFO - Setting next_dagrun for example_subdag_operator.section-1 to None, run_after=None
[2025-05-01T10:53:48.709+0000] {logging_mixin.py:188} INFO - [2025-05-01T10:53:48.708+0000] {dag.py:3954} INFO - Setting next_dagrun for example_subdag_operator.section-2 to None, run_after=None
[2025-05-01T10:53:48.718+0000] {logging_mixin.py:188} INFO - [2025-05-01T10:53:48.718+0000] {dag.py:3096} INFO - Sync 2 DAGs
[2025-05-01T10:53:48.725+0000] {logging_mixin.py:188} INFO - [2025-05-01T10:53:48.725+0000] {dag.py:3954} INFO - Setting next_dagrun for example_subdag_operator.section-1 to None, run_after=None
[2025-05-01T10:53:48.727+0000] {logging_mixin.py:188} INFO - [2025-05-01T10:53:48.726+0000] {dag.py:3954} INFO - Setting next_dagrun for example_subdag_operator.section-2 to None, run_after=None
[2025-05-01T10:53:48.742+0000] {processor.py:183} INFO - Processing /home/airflow/.local/lib/python3.12/site-packages/airflow/example_dags/example_subdag_operator.py took 0.123 seconds
[2025-05-01T10:54:18.998+0000] {processor.py:161} INFO - Started process (PID=361) to work on /home/airflow/.local/lib/python3.12/site-packages/airflow/example_dags/example_subdag_operator.py
[2025-05-01T10:54:19.000+0000] {processor.py:830} INFO - Processing file /home/airflow/.local/lib/python3.12/site-packages/airflow/example_dags/example_subdag_operator.py for tasks to queue
[2025-05-01T10:54:19.003+0000] {logging_mixin.py:188} INFO - [2025-05-01T10:54:19.003+0000] {dagbag.py:545} INFO - Filling up the DagBag from /home/airflow/.local/lib/python3.12/site-packages/airflow/example_dags/example_subdag_operator.py
[2025-05-01T10:54:19.030+0000] {processor.py:840} INFO - DAG(s) 'example_subdag_operator.section-1', 'example_subdag_operator.section-2', 'example_subdag_operator' retrieved from /home/airflow/.local/lib/python3.12/site-packages/airflow/example_dags/example_subdag_operator.py
[2025-05-01T10:54:19.048+0000] {logging_mixin.py:188} INFO - [2025-05-01T10:54:19.048+0000] {dag.py:3096} INFO - Sync 3 DAGs
[2025-05-01T10:54:19.075+0000] {logging_mixin.py:188} INFO - [2025-05-01T10:54:19.074+0000] {dag.py:3954} INFO - Setting next_dagrun for example_subdag_operator to 2022-01-01 00:00:00+00:00, run_after=2022-01-01 00:00:00+00:00
[2025-05-01T10:54:19.081+0000] {logging_mixin.py:188} INFO - [2025-05-01T10:54:19.080+0000] {dag.py:3954} INFO - Setting next_dagrun for example_subdag_operator.section-1 to None, run_after=None
[2025-05-01T10:54:19.083+0000] {logging_mixin.py:188} INFO - [2025-05-01T10:54:19.083+0000] {dag.py:3954} INFO - Setting next_dagrun for example_subdag_operator.section-2 to None, run_after=None
[2025-05-01T10:54:19.093+0000] {logging_mixin.py:188} INFO - [2025-05-01T10:54:19.093+0000] {dag.py:3096} INFO - Sync 2 DAGs
[2025-05-01T10:54:19.103+0000] {logging_mixin.py:188} INFO - [2025-05-01T10:54:19.103+0000] {dag.py:3954} INFO - Setting next_dagrun for example_subdag_operator.section-1 to None, run_after=None
[2025-05-01T10:54:19.104+0000] {logging_mixin.py:188} INFO - [2025-05-01T10:54:19.104+0000] {dag.py:3954} INFO - Setting next_dagrun for example_subdag_operator.section-2 to None, run_after=None
[2025-05-01T10:54:19.121+0000] {processor.py:183} INFO - Processing /home/airflow/.local/lib/python3.12/site-packages/airflow/example_dags/example_subdag_operator.py took 0.129 seconds
[2025-05-01T10:54:49.636+0000] {processor.py:161} INFO - Started process (PID=419) to work on /home/airflow/.local/lib/python3.12/site-packages/airflow/example_dags/example_subdag_operator.py
[2025-05-01T10:54:49.638+0000] {processor.py:830} INFO - Processing file /home/airflow/.local/lib/python3.12/site-packages/airflow/example_dags/example_subdag_operator.py for tasks to queue
[2025-05-01T10:54:49.640+0000] {logging_mixin.py:188} INFO - [2025-05-01T10:54:49.640+0000] {dagbag.py:545} INFO - Filling up the DagBag from /home/airflow/.local/lib/python3.12/site-packages/airflow/example_dags/example_subdag_operator.py
[2025-05-01T10:54:49.671+0000] {processor.py:840} INFO - DAG(s) 'example_subdag_operator.section-1', 'example_subdag_operator.section-2', 'example_subdag_operator' retrieved from /home/airflow/.local/lib/python3.12/site-packages/airflow/example_dags/example_subdag_operator.py
[2025-05-01T10:54:49.693+0000] {logging_mixin.py:188} INFO - [2025-05-01T10:54:49.692+0000] {dag.py:3096} INFO - Sync 3 DAGs
[2025-05-01T10:54:49.719+0000] {logging_mixin.py:188} INFO - [2025-05-01T10:54:49.719+0000] {dag.py:3954} INFO - Setting next_dagrun for example_subdag_operator to 2022-01-01 00:00:00+00:00, run_after=2022-01-01 00:00:00+00:00
[2025-05-01T10:54:49.726+0000] {logging_mixin.py:188} INFO - [2025-05-01T10:54:49.726+0000] {dag.py:3954} INFO - Setting next_dagrun for example_subdag_operator.section-1 to None, run_after=None
[2025-05-01T10:54:49.729+0000] {logging_mixin.py:188} INFO - [2025-05-01T10:54:49.729+0000] {dag.py:3954} INFO - Setting next_dagrun for example_subdag_operator.section-2 to None, run_after=None
[2025-05-01T10:54:49.742+0000] {logging_mixin.py:188} INFO - [2025-05-01T10:54:49.741+0000] {dag.py:3096} INFO - Sync 2 DAGs
[2025-05-01T10:54:49.752+0000] {logging_mixin.py:188} INFO - [2025-05-01T10:54:49.751+0000] {dag.py:3954} INFO - Setting next_dagrun for example_subdag_operator.section-1 to None, run_after=None
[2025-05-01T10:54:49.753+0000] {logging_mixin.py:188} INFO - [2025-05-01T10:54:49.752+0000] {dag.py:3954} INFO - Setting next_dagrun for example_subdag_operator.section-2 to None, run_after=None
[2025-05-01T10:54:49.772+0000] {processor.py:183} INFO - Processing /home/airflow/.local/lib/python3.12/site-packages/airflow/example_dags/example_subdag_operator.py took 0.143 seconds
[2025-05-01T10:55:19.827+0000] {processor.py:161} INFO - Started process (PID=477) to work on /home/airflow/.local/lib/python3.12/site-packages/airflow/example_dags/example_subdag_operator.py
[2025-05-01T10:55:19.829+0000] {processor.py:830} INFO - Processing file /home/airflow/.local/lib/python3.12/site-packages/airflow/example_dags/example_subdag_operator.py for tasks to queue
[2025-05-01T10:55:19.831+0000] {logging_mixin.py:188} INFO - [2025-05-01T10:55:19.831+0000] {dagbag.py:545} INFO - Filling up the DagBag from /home/airflow/.local/lib/python3.12/site-packages/airflow/example_dags/example_subdag_operator.py
[2025-05-01T10:55:19.860+0000] {processor.py:840} INFO - DAG(s) 'example_subdag_operator.section-1', 'example_subdag_operator.section-2', 'example_subdag_operator' retrieved from /home/airflow/.local/lib/python3.12/site-packages/airflow/example_dags/example_subdag_operator.py
[2025-05-01T10:55:19.879+0000] {logging_mixin.py:188} INFO - [2025-05-01T10:55:19.878+0000] {dag.py:3096} INFO - Sync 3 DAGs
[2025-05-01T10:55:19.904+0000] {logging_mixin.py:188} INFO - [2025-05-01T10:55:19.904+0000] {dag.py:3954} INFO - Setting next_dagrun for example_subdag_operator to 2022-01-01 00:00:00+00:00, run_after=2022-01-01 00:00:00+00:00
[2025-05-01T10:55:19.909+0000] {logging_mixin.py:188} INFO - [2025-05-01T10:55:19.908+0000] {dag.py:3954} INFO - Setting next_dagrun for example_subdag_operator.section-1 to None, run_after=None
[2025-05-01T10:55:19.911+0000] {logging_mixin.py:188} INFO - [2025-05-01T10:55:19.911+0000] {dag.py:3954} INFO - Setting next_dagrun for example_subdag_operator.section-2 to None, run_after=None
[2025-05-01T10:55:19.921+0000] {logging_mixin.py:188} INFO - [2025-05-01T10:55:19.921+0000] {dag.py:3096} INFO - Sync 2 DAGs
[2025-05-01T10:55:19.928+0000] {logging_mixin.py:188} INFO - [2025-05-01T10:55:19.928+0000] {dag.py:3954} INFO - Setting next_dagrun for example_subdag_operator.section-1 to None, run_after=None
[2025-05-01T10:55:19.929+0000] {logging_mixin.py:188} INFO - [2025-05-01T10:55:19.929+0000] {dag.py:3954} INFO - Setting next_dagrun for example_subdag_operator.section-2 to None, run_after=None
[2025-05-01T10:55:19.944+0000] {processor.py:183} INFO - Processing /home/airflow/.local/lib/python3.12/site-packages/airflow/example_dags/example_subdag_operator.py took 0.123 seconds
[2025-05-01T10:55:50.574+0000] {processor.py:161} INFO - Started process (PID=535) to work on /home/airflow/.local/lib/python3.12/site-packages/airflow/example_dags/example_subdag_operator.py
[2025-05-01T10:55:50.575+0000] {processor.py:830} INFO - Processing file /home/airflow/.local/lib/python3.12/site-packages/airflow/example_dags/example_subdag_operator.py for tasks to queue
[2025-05-01T10:55:50.578+0000] {logging_mixin.py:188} INFO - [2025-05-01T10:55:50.577+0000] {dagbag.py:545} INFO - Filling up the DagBag from /home/airflow/.local/lib/python3.12/site-packages/airflow/example_dags/example_subdag_operator.py
[2025-05-01T10:55:50.603+0000] {processor.py:840} INFO - DAG(s) 'example_subdag_operator.section-1', 'example_subdag_operator.section-2', 'example_subdag_operator' retrieved from /home/airflow/.local/lib/python3.12/site-packages/airflow/example_dags/example_subdag_operator.py
[2025-05-01T10:55:50.621+0000] {logging_mixin.py:188} INFO - [2025-05-01T10:55:50.621+0000] {dag.py:3096} INFO - Sync 3 DAGs
[2025-05-01T10:55:50.645+0000] {logging_mixin.py:188} INFO - [2025-05-01T10:55:50.645+0000] {dag.py:3954} INFO - Setting next_dagrun for example_subdag_operator to 2022-01-01 00:00:00+00:00, run_after=2022-01-01 00:00:00+00:00
[2025-05-01T10:55:50.650+0000] {logging_mixin.py:188} INFO - [2025-05-01T10:55:50.650+0000] {dag.py:3954} INFO - Setting next_dagrun for example_subdag_operator.section-1 to None, run_after=None
[2025-05-01T10:55:50.652+0000] {logging_mixin.py:188} INFO - [2025-05-01T10:55:50.652+0000] {dag.py:3954} INFO - Setting next_dagrun for example_subdag_operator.section-2 to None, run_after=None
[2025-05-01T10:55:50.662+0000] {logging_mixin.py:188} INFO - [2025-05-01T10:55:50.662+0000] {dag.py:3096} INFO - Sync 2 DAGs
[2025-05-01T10:55:50.670+0000] {logging_mixin.py:188} INFO - [2025-05-01T10:55:50.669+0000] {dag.py:3954} INFO - Setting next_dagrun for example_subdag_operator.section-1 to None, run_after=None
[2025-05-01T10:55:50.670+0000] {logging_mixin.py:188} INFO - [2025-05-01T10:55:50.670+0000] {dag.py:3954} INFO - Setting next_dagrun for example_subdag_operator.section-2 to None, run_after=None
[2025-05-01T10:55:50.684+0000] {processor.py:183} INFO - Processing /home/airflow/.local/lib/python3.12/site-packages/airflow/example_dags/example_subdag_operator.py took 0.116 seconds
[2025-05-01T10:56:21.078+0000] {processor.py:161} INFO - Started process (PID=599) to work on /home/airflow/.local/lib/python3.12/site-packages/airflow/example_dags/example_subdag_operator.py
[2025-05-01T10:56:21.080+0000] {processor.py:830} INFO - Processing file /home/airflow/.local/lib/python3.12/site-packages/airflow/example_dags/example_subdag_operator.py for tasks to queue
[2025-05-01T10:56:21.082+0000] {logging_mixin.py:188} INFO - [2025-05-01T10:56:21.082+0000] {dagbag.py:545} INFO - Filling up the DagBag from /home/airflow/.local/lib/python3.12/site-packages/airflow/example_dags/example_subdag_operator.py
[2025-05-01T10:56:21.110+0000] {processor.py:840} INFO - DAG(s) 'example_subdag_operator.section-1', 'example_subdag_operator.section-2', 'example_subdag_operator' retrieved from /home/airflow/.local/lib/python3.12/site-packages/airflow/example_dags/example_subdag_operator.py
[2025-05-01T10:56:21.128+0000] {logging_mixin.py:188} INFO - [2025-05-01T10:56:21.127+0000] {dag.py:3096} INFO - Sync 3 DAGs
[2025-05-01T10:56:21.154+0000] {logging_mixin.py:188} INFO - [2025-05-01T10:56:21.154+0000] {dag.py:3954} INFO - Setting next_dagrun for example_subdag_operator to 2022-01-01 00:00:00+00:00, run_after=2022-01-01 00:00:00+00:00
[2025-05-01T10:56:21.160+0000] {logging_mixin.py:188} INFO - [2025-05-01T10:56:21.159+0000] {dag.py:3954} INFO - Setting next_dagrun for example_subdag_operator.section-1 to None, run_after=None
[2025-05-01T10:56:21.162+0000] {logging_mixin.py:188} INFO - [2025-05-01T10:56:21.162+0000] {dag.py:3954} INFO - Setting next_dagrun for example_subdag_operator.section-2 to None, run_after=None
[2025-05-01T10:56:21.172+0000] {logging_mixin.py:188} INFO - [2025-05-01T10:56:21.171+0000] {dag.py:3096} INFO - Sync 2 DAGs
[2025-05-01T10:56:21.181+0000] {logging_mixin.py:188} INFO - [2025-05-01T10:56:21.180+0000] {dag.py:3954} INFO - Setting next_dagrun for example_subdag_operator.section-1 to None, run_after=None
[2025-05-01T10:56:21.182+0000] {logging_mixin.py:188} INFO - [2025-05-01T10:56:21.181+0000] {dag.py:3954} INFO - Setting next_dagrun for example_subdag_operator.section-2 to None, run_after=None
[2025-05-01T10:56:21.201+0000] {processor.py:183} INFO - Processing /home/airflow/.local/lib/python3.12/site-packages/airflow/example_dags/example_subdag_operator.py took 0.128 seconds
[2025-05-01T10:56:51.799+0000] {processor.py:161} INFO - Started process (PID=658) to work on /home/airflow/.local/lib/python3.12/site-packages/airflow/example_dags/example_subdag_operator.py
[2025-05-01T10:56:51.800+0000] {processor.py:830} INFO - Processing file /home/airflow/.local/lib/python3.12/site-packages/airflow/example_dags/example_subdag_operator.py for tasks to queue
[2025-05-01T10:56:51.802+0000] {logging_mixin.py:188} INFO - [2025-05-01T10:56:51.802+0000] {dagbag.py:545} INFO - Filling up the DagBag from /home/airflow/.local/lib/python3.12/site-packages/airflow/example_dags/example_subdag_operator.py
[2025-05-01T10:56:51.830+0000] {processor.py:840} INFO - DAG(s) 'example_subdag_operator.section-1', 'example_subdag_operator.section-2', 'example_subdag_operator' retrieved from /home/airflow/.local/lib/python3.12/site-packages/airflow/example_dags/example_subdag_operator.py
[2025-05-01T10:56:51.848+0000] {logging_mixin.py:188} INFO - [2025-05-01T10:56:51.847+0000] {dag.py:3096} INFO - Sync 3 DAGs
[2025-05-01T10:56:51.874+0000] {logging_mixin.py:188} INFO - [2025-05-01T10:56:51.874+0000] {dag.py:3954} INFO - Setting next_dagrun for example_subdag_operator to 2022-01-01 00:00:00+00:00, run_after=2022-01-01 00:00:00+00:00
[2025-05-01T10:56:51.880+0000] {logging_mixin.py:188} INFO - [2025-05-01T10:56:51.879+0000] {dag.py:3954} INFO - Setting next_dagrun for example_subdag_operator.section-1 to None, run_after=None
[2025-05-01T10:56:51.882+0000] {logging_mixin.py:188} INFO - [2025-05-01T10:56:51.882+0000] {dag.py:3954} INFO - Setting next_dagrun for example_subdag_operator.section-2 to None, run_after=None
[2025-05-01T10:56:51.893+0000] {logging_mixin.py:188} INFO - [2025-05-01T10:56:51.893+0000] {dag.py:3096} INFO - Sync 2 DAGs
[2025-05-01T10:56:51.901+0000] {logging_mixin.py:188} INFO - [2025-05-01T10:56:51.901+0000] {dag.py:3954} INFO - Setting next_dagrun for example_subdag_operator.section-1 to None, run_after=None
[2025-05-01T10:56:51.902+0000] {logging_mixin.py:188} INFO - [2025-05-01T10:56:51.902+0000] {dag.py:3954} INFO - Setting next_dagrun for example_subdag_operator.section-2 to None, run_after=None
[2025-05-01T10:56:51.919+0000] {processor.py:183} INFO - Processing /home/airflow/.local/lib/python3.12/site-packages/airflow/example_dags/example_subdag_operator.py took 0.127 seconds
[2025-05-01T10:57:22.376+0000] {processor.py:161} INFO - Started process (PID=719) to work on /home/airflow/.local/lib/python3.12/site-packages/airflow/example_dags/example_subdag_operator.py
[2025-05-01T10:57:22.378+0000] {processor.py:830} INFO - Processing file /home/airflow/.local/lib/python3.12/site-packages/airflow/example_dags/example_subdag_operator.py for tasks to queue
[2025-05-01T10:57:22.380+0000] {logging_mixin.py:188} INFO - [2025-05-01T10:57:22.380+0000] {dagbag.py:545} INFO - Filling up the DagBag from /home/airflow/.local/lib/python3.12/site-packages/airflow/example_dags/example_subdag_operator.py
[2025-05-01T10:57:22.408+0000] {processor.py:840} INFO - DAG(s) 'example_subdag_operator.section-1', 'example_subdag_operator.section-2', 'example_subdag_operator' retrieved from /home/airflow/.local/lib/python3.12/site-packages/airflow/example_dags/example_subdag_operator.py
[2025-05-01T10:57:22.425+0000] {logging_mixin.py:188} INFO - [2025-05-01T10:57:22.425+0000] {dag.py:3096} INFO - Sync 3 DAGs
[2025-05-01T10:57:22.452+0000] {logging_mixin.py:188} INFO - [2025-05-01T10:57:22.452+0000] {dag.py:3954} INFO - Setting next_dagrun for example_subdag_operator to 2022-01-01 00:00:00+00:00, run_after=2022-01-01 00:00:00+00:00
[2025-05-01T10:57:22.457+0000] {logging_mixin.py:188} INFO - [2025-05-01T10:57:22.457+0000] {dag.py:3954} INFO - Setting next_dagrun for example_subdag_operator.section-1 to None, run_after=None
[2025-05-01T10:57:22.460+0000] {logging_mixin.py:188} INFO - [2025-05-01T10:57:22.459+0000] {dag.py:3954} INFO - Setting next_dagrun for example_subdag_operator.section-2 to None, run_after=None
[2025-05-01T10:57:22.470+0000] {logging_mixin.py:188} INFO - [2025-05-01T10:57:22.470+0000] {dag.py:3096} INFO - Sync 2 DAGs
[2025-05-01T10:57:22.479+0000] {logging_mixin.py:188} INFO - [2025-05-01T10:57:22.478+0000] {dag.py:3954} INFO - Setting next_dagrun for example_subdag_operator.section-1 to None, run_after=None
[2025-05-01T10:57:22.480+0000] {logging_mixin.py:188} INFO - [2025-05-01T10:57:22.480+0000] {dag.py:3954} INFO - Setting next_dagrun for example_subdag_operator.section-2 to None, run_after=None
[2025-05-01T10:57:22.497+0000] {processor.py:183} INFO - Processing /home/airflow/.local/lib/python3.12/site-packages/airflow/example_dags/example_subdag_operator.py took 0.127 seconds
[2025-05-01T10:57:52.949+0000] {processor.py:161} INFO - Started process (PID=778) to work on /home/airflow/.local/lib/python3.12/site-packages/airflow/example_dags/example_subdag_operator.py
[2025-05-01T10:57:52.951+0000] {processor.py:830} INFO - Processing file /home/airflow/.local/lib/python3.12/site-packages/airflow/example_dags/example_subdag_operator.py for tasks to queue
[2025-05-01T10:57:52.953+0000] {logging_mixin.py:188} INFO - [2025-05-01T10:57:52.953+0000] {dagbag.py:545} INFO - Filling up the DagBag from /home/airflow/.local/lib/python3.12/site-packages/airflow/example_dags/example_subdag_operator.py
[2025-05-01T10:57:52.979+0000] {processor.py:840} INFO - DAG(s) 'example_subdag_operator.section-1', 'example_subdag_operator.section-2', 'example_subdag_operator' retrieved from /home/airflow/.local/lib/python3.12/site-packages/airflow/example_dags/example_subdag_operator.py
[2025-05-01T10:57:53.001+0000] {logging_mixin.py:188} INFO - [2025-05-01T10:57:53.001+0000] {dag.py:3096} INFO - Sync 3 DAGs
[2025-05-01T10:57:53.037+0000] {logging_mixin.py:188} INFO - [2025-05-01T10:57:53.037+0000] {dag.py:3954} INFO - Setting next_dagrun for example_subdag_operator to 2022-01-01 00:00:00+00:00, run_after=2022-01-01 00:00:00+00:00
[2025-05-01T10:57:53.043+0000] {logging_mixin.py:188} INFO - [2025-05-01T10:57:53.042+0000] {dag.py:3954} INFO - Setting next_dagrun for example_subdag_operator.section-1 to None, run_after=None
[2025-05-01T10:57:53.047+0000] {logging_mixin.py:188} INFO - [2025-05-01T10:57:53.046+0000] {dag.py:3954} INFO - Setting next_dagrun for example_subdag_operator.section-2 to None, run_after=None
[2025-05-01T10:57:53.059+0000] {logging_mixin.py:188} INFO - [2025-05-01T10:57:53.059+0000] {dag.py:3096} INFO - Sync 2 DAGs
[2025-05-01T10:57:53.067+0000] {logging_mixin.py:188} INFO - [2025-05-01T10:57:53.067+0000] {dag.py:3954} INFO - Setting next_dagrun for example_subdag_operator.section-1 to None, run_after=None
[2025-05-01T10:57:53.068+0000] {logging_mixin.py:188} INFO - [2025-05-01T10:57:53.068+0000] {dag.py:3954} INFO - Setting next_dagrun for example_subdag_operator.section-2 to None, run_after=None
[2025-05-01T10:57:53.081+0000] {processor.py:183} INFO - Processing /home/airflow/.local/lib/python3.12/site-packages/airflow/example_dags/example_subdag_operator.py took 0.138 seconds
[2025-05-01T10:58:23.455+0000] {processor.py:161} INFO - Started process (PID=837) to work on /home/airflow/.local/lib/python3.12/site-packages/airflow/example_dags/example_subdag_operator.py
[2025-05-01T10:58:23.456+0000] {processor.py:830} INFO - Processing file /home/airflow/.local/lib/python3.12/site-packages/airflow/example_dags/example_subdag_operator.py for tasks to queue
[2025-05-01T10:58:23.459+0000] {logging_mixin.py:188} INFO - [2025-05-01T10:58:23.459+0000] {dagbag.py:545} INFO - Filling up the DagBag from /home/airflow/.local/lib/python3.12/site-packages/airflow/example_dags/example_subdag_operator.py
[2025-05-01T10:58:23.487+0000] {processor.py:840} INFO - DAG(s) 'example_subdag_operator.section-1', 'example_subdag_operator.section-2', 'example_subdag_operator' retrieved from /home/airflow/.local/lib/python3.12/site-packages/airflow/example_dags/example_subdag_operator.py
[2025-05-01T10:58:23.505+0000] {logging_mixin.py:188} INFO - [2025-05-01T10:58:23.505+0000] {dag.py:3096} INFO - Sync 3 DAGs
[2025-05-01T10:58:23.536+0000] {logging_mixin.py:188} INFO - [2025-05-01T10:58:23.535+0000] {dag.py:3954} INFO - Setting next_dagrun for example_subdag_operator to 2022-01-01 00:00:00+00:00, run_after=2022-01-01 00:00:00+00:00
[2025-05-01T10:58:23.543+0000] {logging_mixin.py:188} INFO - [2025-05-01T10:58:23.543+0000] {dag.py:3954} INFO - Setting next_dagrun for example_subdag_operator.section-1 to None, run_after=None
[2025-05-01T10:58:23.547+0000] {logging_mixin.py:188} INFO - [2025-05-01T10:58:23.546+0000] {dag.py:3954} INFO - Setting next_dagrun for example_subdag_operator.section-2 to None, run_after=None
[2025-05-01T10:58:23.559+0000] {logging_mixin.py:188} INFO - [2025-05-01T10:58:23.558+0000] {dag.py:3096} INFO - Sync 2 DAGs
[2025-05-01T10:58:23.570+0000] {logging_mixin.py:188} INFO - [2025-05-01T10:58:23.569+0000] {dag.py:3954} INFO - Setting next_dagrun for example_subdag_operator.section-1 to None, run_after=None
[2025-05-01T10:58:23.571+0000] {logging_mixin.py:188} INFO - [2025-05-01T10:58:23.570+0000] {dag.py:3954} INFO - Setting next_dagrun for example_subdag_operator.section-2 to None, run_after=None
[2025-05-01T10:58:23.588+0000] {processor.py:183} INFO - Processing /home/airflow/.local/lib/python3.12/site-packages/airflow/example_dags/example_subdag_operator.py took 0.139 seconds
[2025-05-01T10:58:53.822+0000] {processor.py:161} INFO - Started process (PID=896) to work on /home/airflow/.local/lib/python3.12/site-packages/airflow/example_dags/example_subdag_operator.py
[2025-05-01T10:58:53.824+0000] {processor.py:830} INFO - Processing file /home/airflow/.local/lib/python3.12/site-packages/airflow/example_dags/example_subdag_operator.py for tasks to queue
[2025-05-01T10:58:53.826+0000] {logging_mixin.py:188} INFO - [2025-05-01T10:58:53.825+0000] {dagbag.py:545} INFO - Filling up the DagBag from /home/airflow/.local/lib/python3.12/site-packages/airflow/example_dags/example_subdag_operator.py
[2025-05-01T10:58:53.856+0000] {processor.py:840} INFO - DAG(s) 'example_subdag_operator.section-1', 'example_subdag_operator.section-2', 'example_subdag_operator' retrieved from /home/airflow/.local/lib/python3.12/site-packages/airflow/example_dags/example_subdag_operator.py
[2025-05-01T10:58:53.877+0000] {logging_mixin.py:188} INFO - [2025-05-01T10:58:53.876+0000] {dag.py:3096} INFO - Sync 3 DAGs
[2025-05-01T10:58:53.901+0000] {logging_mixin.py:188} INFO - [2025-05-01T10:58:53.900+0000] {dag.py:3954} INFO - Setting next_dagrun for example_subdag_operator to 2022-01-01 00:00:00+00:00, run_after=2022-01-01 00:00:00+00:00
[2025-05-01T10:58:53.908+0000] {logging_mixin.py:188} INFO - [2025-05-01T10:58:53.907+0000] {dag.py:3954} INFO - Setting next_dagrun for example_subdag_operator.section-1 to None, run_after=None
[2025-05-01T10:58:53.911+0000] {logging_mixin.py:188} INFO - [2025-05-01T10:58:53.910+0000] {dag.py:3954} INFO - Setting next_dagrun for example_subdag_operator.section-2 to None, run_after=None
[2025-05-01T10:58:53.922+0000] {logging_mixin.py:188} INFO - [2025-05-01T10:58:53.921+0000] {dag.py:3096} INFO - Sync 2 DAGs
[2025-05-01T10:58:53.932+0000] {logging_mixin.py:188} INFO - [2025-05-01T10:58:53.932+0000] {dag.py:3954} INFO - Setting next_dagrun for example_subdag_operator.section-1 to None, run_after=None
[2025-05-01T10:58:53.933+0000] {logging_mixin.py:188} INFO - [2025-05-01T10:58:53.933+0000] {dag.py:3954} INFO - Setting next_dagrun for example_subdag_operator.section-2 to None, run_after=None
[2025-05-01T10:58:53.950+0000] {processor.py:183} INFO - Processing /home/airflow/.local/lib/python3.12/site-packages/airflow/example_dags/example_subdag_operator.py took 0.133 seconds
[2025-05-01T10:59:24.141+0000] {processor.py:161} INFO - Started process (PID=955) to work on /home/airflow/.local/lib/python3.12/site-packages/airflow/example_dags/example_subdag_operator.py
[2025-05-01T10:59:24.143+0000] {processor.py:830} INFO - Processing file /home/airflow/.local/lib/python3.12/site-packages/airflow/example_dags/example_subdag_operator.py for tasks to queue
[2025-05-01T10:59:24.145+0000] {logging_mixin.py:188} INFO - [2025-05-01T10:59:24.145+0000] {dagbag.py:545} INFO - Filling up the DagBag from /home/airflow/.local/lib/python3.12/site-packages/airflow/example_dags/example_subdag_operator.py
[2025-05-01T10:59:24.173+0000] {processor.py:840} INFO - DAG(s) 'example_subdag_operator.section-1', 'example_subdag_operator.section-2', 'example_subdag_operator' retrieved from /home/airflow/.local/lib/python3.12/site-packages/airflow/example_dags/example_subdag_operator.py
[2025-05-01T10:59:24.190+0000] {logging_mixin.py:188} INFO - [2025-05-01T10:59:24.190+0000] {dag.py:3096} INFO - Sync 3 DAGs
[2025-05-01T10:59:24.217+0000] {logging_mixin.py:188} INFO - [2025-05-01T10:59:24.216+0000] {dag.py:3954} INFO - Setting next_dagrun for example_subdag_operator to 2022-01-01 00:00:00+00:00, run_after=2022-01-01 00:00:00+00:00
[2025-05-01T10:59:24.222+0000] {logging_mixin.py:188} INFO - [2025-05-01T10:59:24.222+0000] {dag.py:3954} INFO - Setting next_dagrun for example_subdag_operator.section-1 to None, run_after=None
[2025-05-01T10:59:24.225+0000] {logging_mixin.py:188} INFO - [2025-05-01T10:59:24.225+0000] {dag.py:3954} INFO - Setting next_dagrun for example_subdag_operator.section-2 to None, run_after=None
[2025-05-01T10:59:24.238+0000] {logging_mixin.py:188} INFO - [2025-05-01T10:59:24.237+0000] {dag.py:3096} INFO - Sync 2 DAGs
[2025-05-01T10:59:24.246+0000] {logging_mixin.py:188} INFO - [2025-05-01T10:59:24.245+0000] {dag.py:3954} INFO - Setting next_dagrun for example_subdag_operator.section-1 to None, run_after=None
[2025-05-01T10:59:24.247+0000] {logging_mixin.py:188} INFO - [2025-05-01T10:59:24.247+0000] {dag.py:3954} INFO - Setting next_dagrun for example_subdag_operator.section-2 to None, run_after=None
[2025-05-01T10:59:24.263+0000] {processor.py:183} INFO - Processing /home/airflow/.local/lib/python3.12/site-packages/airflow/example_dags/example_subdag_operator.py took 0.127 seconds
[2025-05-01T10:59:55.068+0000] {processor.py:161} INFO - Started process (PID=1014) to work on /home/airflow/.local/lib/python3.12/site-packages/airflow/example_dags/example_subdag_operator.py
[2025-05-01T10:59:55.070+0000] {processor.py:830} INFO - Processing file /home/airflow/.local/lib/python3.12/site-packages/airflow/example_dags/example_subdag_operator.py for tasks to queue
[2025-05-01T10:59:55.074+0000] {logging_mixin.py:188} INFO - [2025-05-01T10:59:55.073+0000] {dagbag.py:545} INFO - Filling up the DagBag from /home/airflow/.local/lib/python3.12/site-packages/airflow/example_dags/example_subdag_operator.py
[2025-05-01T10:59:55.122+0000] {processor.py:840} INFO - DAG(s) 'example_subdag_operator.section-1', 'example_subdag_operator.section-2', 'example_subdag_operator' retrieved from /home/airflow/.local/lib/python3.12/site-packages/airflow/example_dags/example_subdag_operator.py
[2025-05-01T10:59:55.160+0000] {logging_mixin.py:188} INFO - [2025-05-01T10:59:55.160+0000] {dag.py:3096} INFO - Sync 3 DAGs
[2025-05-01T10:59:55.207+0000] {logging_mixin.py:188} INFO - [2025-05-01T10:59:55.206+0000] {dag.py:3954} INFO - Setting next_dagrun for example_subdag_operator to 2022-01-01 00:00:00+00:00, run_after=2022-01-01 00:00:00+00:00
[2025-05-01T10:59:55.216+0000] {logging_mixin.py:188} INFO - [2025-05-01T10:59:55.215+0000] {dag.py:3954} INFO - Setting next_dagrun for example_subdag_operator.section-1 to None, run_after=None
[2025-05-01T10:59:55.221+0000] {logging_mixin.py:188} INFO - [2025-05-01T10:59:55.220+0000] {dag.py:3954} INFO - Setting next_dagrun for example_subdag_operator.section-2 to None, run_after=None
[2025-05-01T10:59:55.238+0000] {logging_mixin.py:188} INFO - [2025-05-01T10:59:55.238+0000] {dag.py:3096} INFO - Sync 2 DAGs
[2025-05-01T10:59:55.253+0000] {logging_mixin.py:188} INFO - [2025-05-01T10:59:55.253+0000] {dag.py:3954} INFO - Setting next_dagrun for example_subdag_operator.section-1 to None, run_after=None
[2025-05-01T10:59:55.255+0000] {logging_mixin.py:188} INFO - [2025-05-01T10:59:55.254+0000] {dag.py:3954} INFO - Setting next_dagrun for example_subdag_operator.section-2 to None, run_after=None
[2025-05-01T10:59:55.284+0000] {processor.py:183} INFO - Processing /home/airflow/.local/lib/python3.12/site-packages/airflow/example_dags/example_subdag_operator.py took 0.227 seconds
[2025-05-01T11:00:25.589+0000] {processor.py:161} INFO - Started process (PID=1073) to work on /home/airflow/.local/lib/python3.12/site-packages/airflow/example_dags/example_subdag_operator.py
[2025-05-01T11:00:25.592+0000] {processor.py:830} INFO - Processing file /home/airflow/.local/lib/python3.12/site-packages/airflow/example_dags/example_subdag_operator.py for tasks to queue
[2025-05-01T11:00:25.598+0000] {logging_mixin.py:188} INFO - [2025-05-01T11:00:25.597+0000] {dagbag.py:545} INFO - Filling up the DagBag from /home/airflow/.local/lib/python3.12/site-packages/airflow/example_dags/example_subdag_operator.py
[2025-05-01T11:00:25.660+0000] {processor.py:840} INFO - DAG(s) 'example_subdag_operator.section-1', 'example_subdag_operator.section-2', 'example_subdag_operator' retrieved from /home/airflow/.local/lib/python3.12/site-packages/airflow/example_dags/example_subdag_operator.py
[2025-05-01T11:00:25.704+0000] {logging_mixin.py:188} INFO - [2025-05-01T11:00:25.704+0000] {dag.py:3096} INFO - Sync 3 DAGs
[2025-05-01T11:00:25.771+0000] {logging_mixin.py:188} INFO - [2025-05-01T11:00:25.770+0000] {dag.py:3954} INFO - Setting next_dagrun for example_subdag_operator to 2022-01-01 00:00:00+00:00, run_after=2022-01-01 00:00:00+00:00
[2025-05-01T11:00:25.786+0000] {logging_mixin.py:188} INFO - [2025-05-01T11:00:25.785+0000] {dag.py:3954} INFO - Setting next_dagrun for example_subdag_operator.section-1 to None, run_after=None
[2025-05-01T11:00:25.791+0000] {logging_mixin.py:188} INFO - [2025-05-01T11:00:25.790+0000] {dag.py:3954} INFO - Setting next_dagrun for example_subdag_operator.section-2 to None, run_after=None
[2025-05-01T11:00:25.818+0000] {logging_mixin.py:188} INFO - [2025-05-01T11:00:25.817+0000] {dag.py:3096} INFO - Sync 2 DAGs
[2025-05-01T11:00:25.838+0000] {logging_mixin.py:188} INFO - [2025-05-01T11:00:25.837+0000] {dag.py:3954} INFO - Setting next_dagrun for example_subdag_operator.section-1 to None, run_after=None
[2025-05-01T11:00:25.840+0000] {logging_mixin.py:188} INFO - [2025-05-01T11:00:25.839+0000] {dag.py:3954} INFO - Setting next_dagrun for example_subdag_operator.section-2 to None, run_after=None
[2025-05-01T11:00:25.878+0000] {processor.py:183} INFO - Processing /home/airflow/.local/lib/python3.12/site-packages/airflow/example_dags/example_subdag_operator.py took 0.303 seconds
[2025-05-01T11:00:56.688+0000] {processor.py:161} INFO - Started process (PID=1133) to work on /home/airflow/.local/lib/python3.12/site-packages/airflow/example_dags/example_subdag_operator.py
[2025-05-01T11:00:56.690+0000] {processor.py:830} INFO - Processing file /home/airflow/.local/lib/python3.12/site-packages/airflow/example_dags/example_subdag_operator.py for tasks to queue
[2025-05-01T11:00:56.695+0000] {logging_mixin.py:188} INFO - [2025-05-01T11:00:56.695+0000] {dagbag.py:545} INFO - Filling up the DagBag from /home/airflow/.local/lib/python3.12/site-packages/airflow/example_dags/example_subdag_operator.py
[2025-05-01T11:00:56.761+0000] {processor.py:840} INFO - DAG(s) 'example_subdag_operator.section-1', 'example_subdag_operator.section-2', 'example_subdag_operator' retrieved from /home/airflow/.local/lib/python3.12/site-packages/airflow/example_dags/example_subdag_operator.py
[2025-05-01T11:00:56.802+0000] {logging_mixin.py:188} INFO - [2025-05-01T11:00:56.801+0000] {dag.py:3096} INFO - Sync 3 DAGs
[2025-05-01T11:00:56.857+0000] {logging_mixin.py:188} INFO - [2025-05-01T11:00:56.856+0000] {dag.py:3954} INFO - Setting next_dagrun for example_subdag_operator to 2022-01-01 00:00:00+00:00, run_after=2022-01-01 00:00:00+00:00
[2025-05-01T11:00:56.868+0000] {logging_mixin.py:188} INFO - [2025-05-01T11:00:56.868+0000] {dag.py:3954} INFO - Setting next_dagrun for example_subdag_operator.section-1 to None, run_after=None
[2025-05-01T11:00:56.873+0000] {logging_mixin.py:188} INFO - [2025-05-01T11:00:56.873+0000] {dag.py:3954} INFO - Setting next_dagrun for example_subdag_operator.section-2 to None, run_after=None
[2025-05-01T11:00:56.897+0000] {logging_mixin.py:188} INFO - [2025-05-01T11:00:56.897+0000] {dag.py:3096} INFO - Sync 2 DAGs
[2025-05-01T11:00:56.914+0000] {logging_mixin.py:188} INFO - [2025-05-01T11:00:56.914+0000] {dag.py:3954} INFO - Setting next_dagrun for example_subdag_operator.section-1 to None, run_after=None
[2025-05-01T11:00:56.916+0000] {logging_mixin.py:188} INFO - [2025-05-01T11:00:56.916+0000] {dag.py:3954} INFO - Setting next_dagrun for example_subdag_operator.section-2 to None, run_after=None
[2025-05-01T11:00:56.951+0000] {processor.py:183} INFO - Processing /home/airflow/.local/lib/python3.12/site-packages/airflow/example_dags/example_subdag_operator.py took 0.277 seconds
[2025-05-01T11:01:27.081+0000] {processor.py:161} INFO - Started process (PID=1192) to work on /home/airflow/.local/lib/python3.12/site-packages/airflow/example_dags/example_subdag_operator.py
[2025-05-01T11:01:27.083+0000] {processor.py:830} INFO - Processing file /home/airflow/.local/lib/python3.12/site-packages/airflow/example_dags/example_subdag_operator.py for tasks to queue
[2025-05-01T11:01:27.088+0000] {logging_mixin.py:188} INFO - [2025-05-01T11:01:27.087+0000] {dagbag.py:545} INFO - Filling up the DagBag from /home/airflow/.local/lib/python3.12/site-packages/airflow/example_dags/example_subdag_operator.py
[2025-05-01T11:01:27.163+0000] {processor.py:840} INFO - DAG(s) 'example_subdag_operator.section-1', 'example_subdag_operator.section-2', 'example_subdag_operator' retrieved from /home/airflow/.local/lib/python3.12/site-packages/airflow/example_dags/example_subdag_operator.py
[2025-05-01T11:01:27.214+0000] {logging_mixin.py:188} INFO - [2025-05-01T11:01:27.213+0000] {dag.py:3096} INFO - Sync 3 DAGs
[2025-05-01T11:01:27.269+0000] {logging_mixin.py:188} INFO - [2025-05-01T11:01:27.269+0000] {dag.py:3954} INFO - Setting next_dagrun for example_subdag_operator to 2022-01-01 00:00:00+00:00, run_after=2022-01-01 00:00:00+00:00
[2025-05-01T11:01:27.281+0000] {logging_mixin.py:188} INFO - [2025-05-01T11:01:27.281+0000] {dag.py:3954} INFO - Setting next_dagrun for example_subdag_operator.section-1 to None, run_after=None
[2025-05-01T11:01:27.286+0000] {logging_mixin.py:188} INFO - [2025-05-01T11:01:27.286+0000] {dag.py:3954} INFO - Setting next_dagrun for example_subdag_operator.section-2 to None, run_after=None
[2025-05-01T11:01:27.311+0000] {logging_mixin.py:188} INFO - [2025-05-01T11:01:27.310+0000] {dag.py:3096} INFO - Sync 2 DAGs
[2025-05-01T11:01:27.329+0000] {logging_mixin.py:188} INFO - [2025-05-01T11:01:27.328+0000] {dag.py:3954} INFO - Setting next_dagrun for example_subdag_operator.section-1 to None, run_after=None
[2025-05-01T11:01:27.331+0000] {logging_mixin.py:188} INFO - [2025-05-01T11:01:27.331+0000] {dag.py:3954} INFO - Setting next_dagrun for example_subdag_operator.section-2 to None, run_after=None
[2025-05-01T11:01:27.370+0000] {processor.py:183} INFO - Processing /home/airflow/.local/lib/python3.12/site-packages/airflow/example_dags/example_subdag_operator.py took 0.301 seconds
[2025-05-01T11:01:58.110+0000] {processor.py:161} INFO - Started process (PID=1251) to work on /home/airflow/.local/lib/python3.12/site-packages/airflow/example_dags/example_subdag_operator.py
[2025-05-01T11:01:58.113+0000] {processor.py:830} INFO - Processing file /home/airflow/.local/lib/python3.12/site-packages/airflow/example_dags/example_subdag_operator.py for tasks to queue
[2025-05-01T11:01:58.119+0000] {logging_mixin.py:188} INFO - [2025-05-01T11:01:58.118+0000] {dagbag.py:545} INFO - Filling up the DagBag from /home/airflow/.local/lib/python3.12/site-packages/airflow/example_dags/example_subdag_operator.py
[2025-05-01T11:01:58.176+0000] {processor.py:840} INFO - DAG(s) 'example_subdag_operator.section-1', 'example_subdag_operator.section-2', 'example_subdag_operator' retrieved from /home/airflow/.local/lib/python3.12/site-packages/airflow/example_dags/example_subdag_operator.py
[2025-05-01T11:01:58.214+0000] {logging_mixin.py:188} INFO - [2025-05-01T11:01:58.214+0000] {dag.py:3096} INFO - Sync 3 DAGs
[2025-05-01T11:01:58.275+0000] {logging_mixin.py:188} INFO - [2025-05-01T11:01:58.274+0000] {dag.py:3954} INFO - Setting next_dagrun for example_subdag_operator to 2022-01-01 00:00:00+00:00, run_after=2022-01-01 00:00:00+00:00
[2025-05-01T11:01:58.291+0000] {logging_mixin.py:188} INFO - [2025-05-01T11:01:58.290+0000] {dag.py:3954} INFO - Setting next_dagrun for example_subdag_operator.section-1 to None, run_after=None
[2025-05-01T11:01:58.296+0000] {logging_mixin.py:188} INFO - [2025-05-01T11:01:58.296+0000] {dag.py:3954} INFO - Setting next_dagrun for example_subdag_operator.section-2 to None, run_after=None
[2025-05-01T11:01:58.327+0000] {logging_mixin.py:188} INFO - [2025-05-01T11:01:58.326+0000] {dag.py:3096} INFO - Sync 2 DAGs
[2025-05-01T11:01:58.354+0000] {logging_mixin.py:188} INFO - [2025-05-01T11:01:58.353+0000] {dag.py:3954} INFO - Setting next_dagrun for example_subdag_operator.section-1 to None, run_after=None
[2025-05-01T11:01:58.357+0000] {logging_mixin.py:188} INFO - [2025-05-01T11:01:58.356+0000] {dag.py:3954} INFO - Setting next_dagrun for example_subdag_operator.section-2 to None, run_after=None
[2025-05-01T11:01:58.401+0000] {processor.py:183} INFO - Processing /home/airflow/.local/lib/python3.12/site-packages/airflow/example_dags/example_subdag_operator.py took 0.303 seconds
[2025-05-01T11:02:28.946+0000] {processor.py:161} INFO - Started process (PID=1310) to work on /home/airflow/.local/lib/python3.12/site-packages/airflow/example_dags/example_subdag_operator.py
[2025-05-01T11:02:28.948+0000] {processor.py:830} INFO - Processing file /home/airflow/.local/lib/python3.12/site-packages/airflow/example_dags/example_subdag_operator.py for tasks to queue
[2025-05-01T11:02:28.952+0000] {logging_mixin.py:188} INFO - [2025-05-01T11:02:28.952+0000] {dagbag.py:545} INFO - Filling up the DagBag from /home/airflow/.local/lib/python3.12/site-packages/airflow/example_dags/example_subdag_operator.py
[2025-05-01T11:02:29.006+0000] {processor.py:840} INFO - DAG(s) 'example_subdag_operator.section-1', 'example_subdag_operator.section-2', 'example_subdag_operator' retrieved from /home/airflow/.local/lib/python3.12/site-packages/airflow/example_dags/example_subdag_operator.py
[2025-05-01T11:02:29.049+0000] {logging_mixin.py:188} INFO - [2025-05-01T11:02:29.049+0000] {dag.py:3096} INFO - Sync 3 DAGs
[2025-05-01T11:02:29.114+0000] {logging_mixin.py:188} INFO - [2025-05-01T11:02:29.112+0000] {dag.py:3954} INFO - Setting next_dagrun for example_subdag_operator to 2022-01-01 00:00:00+00:00, run_after=2022-01-01 00:00:00+00:00
[2025-05-01T11:02:29.123+0000] {logging_mixin.py:188} INFO - [2025-05-01T11:02:29.123+0000] {dag.py:3954} INFO - Setting next_dagrun for example_subdag_operator.section-1 to None, run_after=None
[2025-05-01T11:02:29.127+0000] {logging_mixin.py:188} INFO - [2025-05-01T11:02:29.127+0000] {dag.py:3954} INFO - Setting next_dagrun for example_subdag_operator.section-2 to None, run_after=None
[2025-05-01T11:02:29.144+0000] {logging_mixin.py:188} INFO - [2025-05-01T11:02:29.144+0000] {dag.py:3096} INFO - Sync 2 DAGs
[2025-05-01T11:02:29.157+0000] {logging_mixin.py:188} INFO - [2025-05-01T11:02:29.157+0000] {dag.py:3954} INFO - Setting next_dagrun for example_subdag_operator.section-1 to None, run_after=None
[2025-05-01T11:02:29.159+0000] {logging_mixin.py:188} INFO - [2025-05-01T11:02:29.159+0000] {dag.py:3954} INFO - Setting next_dagrun for example_subdag_operator.section-2 to None, run_after=None
[2025-05-01T11:02:29.185+0000] {processor.py:183} INFO - Processing /home/airflow/.local/lib/python3.12/site-packages/airflow/example_dags/example_subdag_operator.py took 0.250 seconds
[2025-05-01T11:02:59.706+0000] {processor.py:161} INFO - Started process (PID=1369) to work on /home/airflow/.local/lib/python3.12/site-packages/airflow/example_dags/example_subdag_operator.py
[2025-05-01T11:02:59.708+0000] {processor.py:830} INFO - Processing file /home/airflow/.local/lib/python3.12/site-packages/airflow/example_dags/example_subdag_operator.py for tasks to queue
[2025-05-01T11:02:59.713+0000] {logging_mixin.py:188} INFO - [2025-05-01T11:02:59.712+0000] {dagbag.py:545} INFO - Filling up the DagBag from /home/airflow/.local/lib/python3.12/site-packages/airflow/example_dags/example_subdag_operator.py
[2025-05-01T11:02:59.784+0000] {processor.py:840} INFO - DAG(s) 'example_subdag_operator.section-1', 'example_subdag_operator.section-2', 'example_subdag_operator' retrieved from /home/airflow/.local/lib/python3.12/site-packages/airflow/example_dags/example_subdag_operator.py
[2025-05-01T11:02:59.834+0000] {logging_mixin.py:188} INFO - [2025-05-01T11:02:59.833+0000] {dag.py:3096} INFO - Sync 3 DAGs
[2025-05-01T11:02:59.894+0000] {logging_mixin.py:188} INFO - [2025-05-01T11:02:59.894+0000] {dag.py:3954} INFO - Setting next_dagrun for example_subdag_operator to 2022-01-01 00:00:00+00:00, run_after=2022-01-01 00:00:00+00:00
[2025-05-01T11:02:59.906+0000] {logging_mixin.py:188} INFO - [2025-05-01T11:02:59.905+0000] {dag.py:3954} INFO - Setting next_dagrun for example_subdag_operator.section-1 to None, run_after=None
[2025-05-01T11:02:59.910+0000] {logging_mixin.py:188} INFO - [2025-05-01T11:02:59.909+0000] {dag.py:3954} INFO - Setting next_dagrun for example_subdag_operator.section-2 to None, run_after=None
[2025-05-01T11:02:59.928+0000] {logging_mixin.py:188} INFO - [2025-05-01T11:02:59.928+0000] {dag.py:3096} INFO - Sync 2 DAGs
[2025-05-01T11:02:59.944+0000] {logging_mixin.py:188} INFO - [2025-05-01T11:02:59.944+0000] {dag.py:3954} INFO - Setting next_dagrun for example_subdag_operator.section-1 to None, run_after=None
[2025-05-01T11:02:59.946+0000] {logging_mixin.py:188} INFO - [2025-05-01T11:02:59.946+0000] {dag.py:3954} INFO - Setting next_dagrun for example_subdag_operator.section-2 to None, run_after=None
[2025-05-01T11:02:59.979+0000] {processor.py:183} INFO - Processing /home/airflow/.local/lib/python3.12/site-packages/airflow/example_dags/example_subdag_operator.py took 0.284 seconds
[2025-05-01T11:03:30.099+0000] {processor.py:161} INFO - Started process (PID=1428) to work on /home/airflow/.local/lib/python3.12/site-packages/airflow/example_dags/example_subdag_operator.py
[2025-05-01T11:03:30.102+0000] {processor.py:830} INFO - Processing file /home/airflow/.local/lib/python3.12/site-packages/airflow/example_dags/example_subdag_operator.py for tasks to queue
[2025-05-01T11:03:30.107+0000] {logging_mixin.py:188} INFO - [2025-05-01T11:03:30.106+0000] {dagbag.py:545} INFO - Filling up the DagBag from /home/airflow/.local/lib/python3.12/site-packages/airflow/example_dags/example_subdag_operator.py
[2025-05-01T11:03:30.172+0000] {processor.py:840} INFO - DAG(s) 'example_subdag_operator.section-1', 'example_subdag_operator.section-2', 'example_subdag_operator' retrieved from /home/airflow/.local/lib/python3.12/site-packages/airflow/example_dags/example_subdag_operator.py
[2025-05-01T11:03:30.219+0000] {logging_mixin.py:188} INFO - [2025-05-01T11:03:30.218+0000] {dag.py:3096} INFO - Sync 3 DAGs
[2025-05-01T11:03:30.274+0000] {logging_mixin.py:188} INFO - [2025-05-01T11:03:30.273+0000] {dag.py:3954} INFO - Setting next_dagrun for example_subdag_operator to 2022-01-01 00:00:00+00:00, run_after=2022-01-01 00:00:00+00:00
[2025-05-01T11:03:30.284+0000] {logging_mixin.py:188} INFO - [2025-05-01T11:03:30.283+0000] {dag.py:3954} INFO - Setting next_dagrun for example_subdag_operator.section-1 to None, run_after=None
[2025-05-01T11:03:30.288+0000] {logging_mixin.py:188} INFO - [2025-05-01T11:03:30.288+0000] {dag.py:3954} INFO - Setting next_dagrun for example_subdag_operator.section-2 to None, run_after=None
[2025-05-01T11:03:30.308+0000] {logging_mixin.py:188} INFO - [2025-05-01T11:03:30.308+0000] {dag.py:3096} INFO - Sync 2 DAGs
[2025-05-01T11:03:30.339+0000] {logging_mixin.py:188} INFO - [2025-05-01T11:03:30.339+0000] {dag.py:3954} INFO - Setting next_dagrun for example_subdag_operator.section-1 to None, run_after=None
[2025-05-01T11:03:30.350+0000] {logging_mixin.py:188} INFO - [2025-05-01T11:03:30.349+0000] {dag.py:3954} INFO - Setting next_dagrun for example_subdag_operator.section-2 to None, run_after=None
[2025-05-01T11:03:30.412+0000] {processor.py:183} INFO - Processing /home/airflow/.local/lib/python3.12/site-packages/airflow/example_dags/example_subdag_operator.py took 0.329 seconds
[2025-05-01T11:04:00.525+0000] {processor.py:161} INFO - Started process (PID=1487) to work on /home/airflow/.local/lib/python3.12/site-packages/airflow/example_dags/example_subdag_operator.py
[2025-05-01T11:04:00.532+0000] {processor.py:830} INFO - Processing file /home/airflow/.local/lib/python3.12/site-packages/airflow/example_dags/example_subdag_operator.py for tasks to queue
[2025-05-01T11:04:00.537+0000] {logging_mixin.py:188} INFO - [2025-05-01T11:04:00.536+0000] {dagbag.py:545} INFO - Filling up the DagBag from /home/airflow/.local/lib/python3.12/site-packages/airflow/example_dags/example_subdag_operator.py
[2025-05-01T11:04:00.603+0000] {processor.py:840} INFO - DAG(s) 'example_subdag_operator.section-1', 'example_subdag_operator.section-2', 'example_subdag_operator' retrieved from /home/airflow/.local/lib/python3.12/site-packages/airflow/example_dags/example_subdag_operator.py
[2025-05-01T11:04:00.692+0000] {logging_mixin.py:188} INFO - [2025-05-01T11:04:00.691+0000] {dag.py:3096} INFO - Sync 3 DAGs
[2025-05-01T11:04:00.766+0000] {logging_mixin.py:188} INFO - [2025-05-01T11:04:00.766+0000] {dag.py:3954} INFO - Setting next_dagrun for example_subdag_operator to 2022-01-01 00:00:00+00:00, run_after=2022-01-01 00:00:00+00:00
[2025-05-01T11:04:00.777+0000] {logging_mixin.py:188} INFO - [2025-05-01T11:04:00.776+0000] {dag.py:3954} INFO - Setting next_dagrun for example_subdag_operator.section-1 to None, run_after=None
[2025-05-01T11:04:00.781+0000] {logging_mixin.py:188} INFO - [2025-05-01T11:04:00.781+0000] {dag.py:3954} INFO - Setting next_dagrun for example_subdag_operator.section-2 to None, run_after=None
[2025-05-01T11:04:00.808+0000] {logging_mixin.py:188} INFO - [2025-05-01T11:04:00.807+0000] {dag.py:3096} INFO - Sync 2 DAGs
[2025-05-01T11:04:00.824+0000] {logging_mixin.py:188} INFO - [2025-05-01T11:04:00.823+0000] {dag.py:3954} INFO - Setting next_dagrun for example_subdag_operator.section-1 to None, run_after=None
[2025-05-01T11:04:00.826+0000] {logging_mixin.py:188} INFO - [2025-05-01T11:04:00.825+0000] {dag.py:3954} INFO - Setting next_dagrun for example_subdag_operator.section-2 to None, run_after=None
[2025-05-01T11:04:00.857+0000] {processor.py:183} INFO - Processing /home/airflow/.local/lib/python3.12/site-packages/airflow/example_dags/example_subdag_operator.py took 0.347 seconds
[2025-05-01T11:04:31.232+0000] {processor.py:161} INFO - Started process (PID=1546) to work on /home/airflow/.local/lib/python3.12/site-packages/airflow/example_dags/example_subdag_operator.py
[2025-05-01T11:04:31.236+0000] {processor.py:830} INFO - Processing file /home/airflow/.local/lib/python3.12/site-packages/airflow/example_dags/example_subdag_operator.py for tasks to queue
[2025-05-01T11:04:31.247+0000] {logging_mixin.py:188} INFO - [2025-05-01T11:04:31.241+0000] {dagbag.py:545} INFO - Filling up the DagBag from /home/airflow/.local/lib/python3.12/site-packages/airflow/example_dags/example_subdag_operator.py
[2025-05-01T11:04:31.317+0000] {processor.py:840} INFO - DAG(s) 'example_subdag_operator.section-1', 'example_subdag_operator.section-2', 'example_subdag_operator' retrieved from /home/airflow/.local/lib/python3.12/site-packages/airflow/example_dags/example_subdag_operator.py
[2025-05-01T11:04:31.358+0000] {logging_mixin.py:188} INFO - [2025-05-01T11:04:31.357+0000] {dag.py:3096} INFO - Sync 3 DAGs
[2025-05-01T11:04:31.410+0000] {logging_mixin.py:188} INFO - [2025-05-01T11:04:31.410+0000] {dag.py:3954} INFO - Setting next_dagrun for example_subdag_operator to 2022-01-01 00:00:00+00:00, run_after=2022-01-01 00:00:00+00:00
[2025-05-01T11:04:31.420+0000] {logging_mixin.py:188} INFO - [2025-05-01T11:04:31.420+0000] {dag.py:3954} INFO - Setting next_dagrun for example_subdag_operator.section-1 to None, run_after=None
[2025-05-01T11:04:31.425+0000] {logging_mixin.py:188} INFO - [2025-05-01T11:04:31.424+0000] {dag.py:3954} INFO - Setting next_dagrun for example_subdag_operator.section-2 to None, run_after=None
[2025-05-01T11:04:31.444+0000] {logging_mixin.py:188} INFO - [2025-05-01T11:04:31.444+0000] {dag.py:3096} INFO - Sync 2 DAGs
[2025-05-01T11:04:31.459+0000] {logging_mixin.py:188} INFO - [2025-05-01T11:04:31.458+0000] {dag.py:3954} INFO - Setting next_dagrun for example_subdag_operator.section-1 to None, run_after=None
[2025-05-01T11:04:31.460+0000] {logging_mixin.py:188} INFO - [2025-05-01T11:04:31.460+0000] {dag.py:3954} INFO - Setting next_dagrun for example_subdag_operator.section-2 to None, run_after=None
[2025-05-01T11:04:31.491+0000] {processor.py:183} INFO - Processing /home/airflow/.local/lib/python3.12/site-packages/airflow/example_dags/example_subdag_operator.py took 0.275 seconds
[2025-05-01T11:05:01.868+0000] {processor.py:161} INFO - Started process (PID=1605) to work on /home/airflow/.local/lib/python3.12/site-packages/airflow/example_dags/example_subdag_operator.py
[2025-05-01T11:05:01.871+0000] {processor.py:830} INFO - Processing file /home/airflow/.local/lib/python3.12/site-packages/airflow/example_dags/example_subdag_operator.py for tasks to queue
[2025-05-01T11:05:01.880+0000] {logging_mixin.py:188} INFO - [2025-05-01T11:05:01.879+0000] {dagbag.py:545} INFO - Filling up the DagBag from /home/airflow/.local/lib/python3.12/site-packages/airflow/example_dags/example_subdag_operator.py
[2025-05-01T11:05:01.968+0000] {processor.py:840} INFO - DAG(s) 'example_subdag_operator.section-1', 'example_subdag_operator.section-2', 'example_subdag_operator' retrieved from /home/airflow/.local/lib/python3.12/site-packages/airflow/example_dags/example_subdag_operator.py
[2025-05-01T11:05:02.024+0000] {logging_mixin.py:188} INFO - [2025-05-01T11:05:02.023+0000] {dag.py:3096} INFO - Sync 3 DAGs
[2025-05-01T11:05:02.091+0000] {logging_mixin.py:188} INFO - [2025-05-01T11:05:02.090+0000] {dag.py:3954} INFO - Setting next_dagrun for example_subdag_operator to 2022-01-01 00:00:00+00:00, run_after=2022-01-01 00:00:00+00:00
[2025-05-01T11:05:02.105+0000] {logging_mixin.py:188} INFO - [2025-05-01T11:05:02.104+0000] {dag.py:3954} INFO - Setting next_dagrun for example_subdag_operator.section-1 to None, run_after=None
[2025-05-01T11:05:02.111+0000] {logging_mixin.py:188} INFO - [2025-05-01T11:05:02.110+0000] {dag.py:3954} INFO - Setting next_dagrun for example_subdag_operator.section-2 to None, run_after=None
[2025-05-01T11:05:02.141+0000] {logging_mixin.py:188} INFO - [2025-05-01T11:05:02.140+0000] {dag.py:3096} INFO - Sync 2 DAGs
[2025-05-01T11:05:02.161+0000] {logging_mixin.py:188} INFO - [2025-05-01T11:05:02.161+0000] {dag.py:3954} INFO - Setting next_dagrun for example_subdag_operator.section-1 to None, run_after=None
[2025-05-01T11:05:02.164+0000] {logging_mixin.py:188} INFO - [2025-05-01T11:05:02.163+0000] {dag.py:3954} INFO - Setting next_dagrun for example_subdag_operator.section-2 to None, run_after=None
[2025-05-01T11:05:02.210+0000] {processor.py:183} INFO - Processing /home/airflow/.local/lib/python3.12/site-packages/airflow/example_dags/example_subdag_operator.py took 0.362 seconds
[2025-05-01T11:05:32.503+0000] {processor.py:161} INFO - Started process (PID=1664) to work on /home/airflow/.local/lib/python3.12/site-packages/airflow/example_dags/example_subdag_operator.py
[2025-05-01T11:05:32.507+0000] {processor.py:830} INFO - Processing file /home/airflow/.local/lib/python3.12/site-packages/airflow/example_dags/example_subdag_operator.py for tasks to queue
[2025-05-01T11:05:32.518+0000] {logging_mixin.py:188} INFO - [2025-05-01T11:05:32.517+0000] {dagbag.py:545} INFO - Filling up the DagBag from /home/airflow/.local/lib/python3.12/site-packages/airflow/example_dags/example_subdag_operator.py
[2025-05-01T11:05:32.581+0000] {processor.py:840} INFO - DAG(s) 'example_subdag_operator.section-1', 'example_subdag_operator.section-2', 'example_subdag_operator' retrieved from /home/airflow/.local/lib/python3.12/site-packages/airflow/example_dags/example_subdag_operator.py
[2025-05-01T11:05:32.620+0000] {logging_mixin.py:188} INFO - [2025-05-01T11:05:32.619+0000] {dag.py:3096} INFO - Sync 3 DAGs
[2025-05-01T11:05:32.695+0000] {logging_mixin.py:188} INFO - [2025-05-01T11:05:32.695+0000] {dag.py:3954} INFO - Setting next_dagrun for example_subdag_operator to 2022-01-01 00:00:00+00:00, run_after=2022-01-01 00:00:00+00:00
[2025-05-01T11:05:32.713+0000] {logging_mixin.py:188} INFO - [2025-05-01T11:05:32.712+0000] {dag.py:3954} INFO - Setting next_dagrun for example_subdag_operator.section-1 to None, run_after=None
[2025-05-01T11:05:32.716+0000] {logging_mixin.py:188} INFO - [2025-05-01T11:05:32.716+0000] {dag.py:3954} INFO - Setting next_dagrun for example_subdag_operator.section-2 to None, run_after=None
[2025-05-01T11:05:32.746+0000] {logging_mixin.py:188} INFO - [2025-05-01T11:05:32.745+0000] {dag.py:3096} INFO - Sync 2 DAGs
[2025-05-01T11:05:33.215+0000] {logging_mixin.py:188} INFO - [2025-05-01T11:05:33.215+0000] {dag.py:3954} INFO - Setting next_dagrun for example_subdag_operator.section-1 to None, run_after=None
[2025-05-01T11:05:33.217+0000] {logging_mixin.py:188} INFO - [2025-05-01T11:05:33.217+0000] {dag.py:3954} INFO - Setting next_dagrun for example_subdag_operator.section-2 to None, run_after=None
[2025-05-01T11:05:33.282+0000] {processor.py:183} INFO - Processing /home/airflow/.local/lib/python3.12/site-packages/airflow/example_dags/example_subdag_operator.py took 0.814 seconds
[2025-05-01T11:06:04.004+0000] {processor.py:161} INFO - Started process (PID=1723) to work on /home/airflow/.local/lib/python3.12/site-packages/airflow/example_dags/example_subdag_operator.py
[2025-05-01T11:06:04.008+0000] {processor.py:830} INFO - Processing file /home/airflow/.local/lib/python3.12/site-packages/airflow/example_dags/example_subdag_operator.py for tasks to queue
[2025-05-01T11:06:04.013+0000] {logging_mixin.py:188} INFO - [2025-05-01T11:06:04.012+0000] {dagbag.py:545} INFO - Filling up the DagBag from /home/airflow/.local/lib/python3.12/site-packages/airflow/example_dags/example_subdag_operator.py
[2025-05-01T11:06:04.083+0000] {processor.py:840} INFO - DAG(s) 'example_subdag_operator.section-1', 'example_subdag_operator.section-2', 'example_subdag_operator' retrieved from /home/airflow/.local/lib/python3.12/site-packages/airflow/example_dags/example_subdag_operator.py
[2025-05-01T11:06:04.127+0000] {logging_mixin.py:188} INFO - [2025-05-01T11:06:04.127+0000] {dag.py:3096} INFO - Sync 3 DAGs
[2025-05-01T11:06:04.194+0000] {logging_mixin.py:188} INFO - [2025-05-01T11:06:04.193+0000] {dag.py:3954} INFO - Setting next_dagrun for example_subdag_operator to 2022-01-01 00:00:00+00:00, run_after=2022-01-01 00:00:00+00:00
[2025-05-01T11:06:04.204+0000] {logging_mixin.py:188} INFO - [2025-05-01T11:06:04.203+0000] {dag.py:3954} INFO - Setting next_dagrun for example_subdag_operator.section-1 to None, run_after=None
[2025-05-01T11:06:04.208+0000] {logging_mixin.py:188} INFO - [2025-05-01T11:06:04.208+0000] {dag.py:3954} INFO - Setting next_dagrun for example_subdag_operator.section-2 to None, run_after=None
[2025-05-01T11:06:04.231+0000] {logging_mixin.py:188} INFO - [2025-05-01T11:06:04.230+0000] {dag.py:3096} INFO - Sync 2 DAGs
[2025-05-01T11:06:04.247+0000] {logging_mixin.py:188} INFO - [2025-05-01T11:06:04.247+0000] {dag.py:3954} INFO - Setting next_dagrun for example_subdag_operator.section-1 to None, run_after=None
[2025-05-01T11:06:04.249+0000] {logging_mixin.py:188} INFO - [2025-05-01T11:06:04.248+0000] {dag.py:3954} INFO - Setting next_dagrun for example_subdag_operator.section-2 to None, run_after=None
[2025-05-01T11:06:04.324+0000] {processor.py:183} INFO - Processing /home/airflow/.local/lib/python3.12/site-packages/airflow/example_dags/example_subdag_operator.py took 0.338 seconds
[2025-05-01T11:06:35.057+0000] {processor.py:161} INFO - Started process (PID=1780) to work on /home/airflow/.local/lib/python3.12/site-packages/airflow/example_dags/example_subdag_operator.py
[2025-05-01T11:06:35.059+0000] {processor.py:830} INFO - Processing file /home/airflow/.local/lib/python3.12/site-packages/airflow/example_dags/example_subdag_operator.py for tasks to queue
[2025-05-01T11:06:35.065+0000] {logging_mixin.py:188} INFO - [2025-05-01T11:06:35.064+0000] {dagbag.py:545} INFO - Filling up the DagBag from /home/airflow/.local/lib/python3.12/site-packages/airflow/example_dags/example_subdag_operator.py
[2025-05-01T11:06:35.146+0000] {processor.py:840} INFO - DAG(s) 'example_subdag_operator.section-1', 'example_subdag_operator.section-2', 'example_subdag_operator' retrieved from /home/airflow/.local/lib/python3.12/site-packages/airflow/example_dags/example_subdag_operator.py
[2025-05-01T11:06:35.200+0000] {logging_mixin.py:188} INFO - [2025-05-01T11:06:35.199+0000] {dag.py:3096} INFO - Sync 3 DAGs
[2025-05-01T11:06:35.271+0000] {logging_mixin.py:188} INFO - [2025-05-01T11:06:35.270+0000] {dag.py:3954} INFO - Setting next_dagrun for example_subdag_operator to 2022-01-01 00:00:00+00:00, run_after=2022-01-01 00:00:00+00:00
[2025-05-01T11:06:35.285+0000] {logging_mixin.py:188} INFO - [2025-05-01T11:06:35.284+0000] {dag.py:3954} INFO - Setting next_dagrun for example_subdag_operator.section-1 to None, run_after=None
[2025-05-01T11:06:35.291+0000] {logging_mixin.py:188} INFO - [2025-05-01T11:06:35.290+0000] {dag.py:3954} INFO - Setting next_dagrun for example_subdag_operator.section-2 to None, run_after=None
[2025-05-01T11:06:35.324+0000] {logging_mixin.py:188} INFO - [2025-05-01T11:06:35.323+0000] {dag.py:3096} INFO - Sync 2 DAGs
[2025-05-01T11:06:35.340+0000] {logging_mixin.py:188} INFO - [2025-05-01T11:06:35.339+0000] {dag.py:3954} INFO - Setting next_dagrun for example_subdag_operator.section-1 to None, run_after=None
[2025-05-01T11:06:35.342+0000] {logging_mixin.py:188} INFO - [2025-05-01T11:06:35.341+0000] {dag.py:3954} INFO - Setting next_dagrun for example_subdag_operator.section-2 to None, run_after=None
[2025-05-01T11:06:35.377+0000] {processor.py:183} INFO - Processing /home/airflow/.local/lib/python3.12/site-packages/airflow/example_dags/example_subdag_operator.py took 0.335 seconds
[2025-05-01T11:07:05.617+0000] {processor.py:161} INFO - Started process (PID=1839) to work on /home/airflow/.local/lib/python3.12/site-packages/airflow/example_dags/example_subdag_operator.py
[2025-05-01T11:07:05.621+0000] {processor.py:830} INFO - Processing file /home/airflow/.local/lib/python3.12/site-packages/airflow/example_dags/example_subdag_operator.py for tasks to queue
[2025-05-01T11:07:05.626+0000] {logging_mixin.py:188} INFO - [2025-05-01T11:07:05.625+0000] {dagbag.py:545} INFO - Filling up the DagBag from /home/airflow/.local/lib/python3.12/site-packages/airflow/example_dags/example_subdag_operator.py
[2025-05-01T11:07:05.689+0000] {processor.py:840} INFO - DAG(s) 'example_subdag_operator.section-1', 'example_subdag_operator.section-2', 'example_subdag_operator' retrieved from /home/airflow/.local/lib/python3.12/site-packages/airflow/example_dags/example_subdag_operator.py
[2025-05-01T11:07:05.727+0000] {logging_mixin.py:188} INFO - [2025-05-01T11:07:05.726+0000] {dag.py:3096} INFO - Sync 3 DAGs
[2025-05-01T11:07:05.789+0000] {logging_mixin.py:188} INFO - [2025-05-01T11:07:05.788+0000] {dag.py:3954} INFO - Setting next_dagrun for example_subdag_operator to 2022-01-01 00:00:00+00:00, run_after=2022-01-01 00:00:00+00:00
[2025-05-01T11:07:05.804+0000] {logging_mixin.py:188} INFO - [2025-05-01T11:07:05.803+0000] {dag.py:3954} INFO - Setting next_dagrun for example_subdag_operator.section-1 to None, run_after=None
[2025-05-01T11:07:05.809+0000] {logging_mixin.py:188} INFO - [2025-05-01T11:07:05.808+0000] {dag.py:3954} INFO - Setting next_dagrun for example_subdag_operator.section-2 to None, run_after=None
[2025-05-01T11:07:05.830+0000] {logging_mixin.py:188} INFO - [2025-05-01T11:07:05.829+0000] {dag.py:3096} INFO - Sync 2 DAGs
[2025-05-01T11:07:05.846+0000] {logging_mixin.py:188} INFO - [2025-05-01T11:07:05.845+0000] {dag.py:3954} INFO - Setting next_dagrun for example_subdag_operator.section-1 to None, run_after=None
[2025-05-01T11:07:05.848+0000] {logging_mixin.py:188} INFO - [2025-05-01T11:07:05.847+0000] {dag.py:3954} INFO - Setting next_dagrun for example_subdag_operator.section-2 to None, run_after=None
[2025-05-01T11:07:05.926+0000] {processor.py:183} INFO - Processing /home/airflow/.local/lib/python3.12/site-packages/airflow/example_dags/example_subdag_operator.py took 0.325 seconds
[2025-05-01T11:07:36.645+0000] {processor.py:161} INFO - Started process (PID=1898) to work on /home/airflow/.local/lib/python3.12/site-packages/airflow/example_dags/example_subdag_operator.py
[2025-05-01T11:07:36.647+0000] {processor.py:830} INFO - Processing file /home/airflow/.local/lib/python3.12/site-packages/airflow/example_dags/example_subdag_operator.py for tasks to queue
[2025-05-01T11:07:36.652+0000] {logging_mixin.py:188} INFO - [2025-05-01T11:07:36.651+0000] {dagbag.py:545} INFO - Filling up the DagBag from /home/airflow/.local/lib/python3.12/site-packages/airflow/example_dags/example_subdag_operator.py
[2025-05-01T11:07:36.784+0000] {processor.py:840} INFO - DAG(s) 'example_subdag_operator.section-1', 'example_subdag_operator.section-2', 'example_subdag_operator' retrieved from /home/airflow/.local/lib/python3.12/site-packages/airflow/example_dags/example_subdag_operator.py
[2025-05-01T11:07:36.860+0000] {logging_mixin.py:188} INFO - [2025-05-01T11:07:36.859+0000] {dag.py:3096} INFO - Sync 3 DAGs
[2025-05-01T11:07:36.927+0000] {logging_mixin.py:188} INFO - [2025-05-01T11:07:36.926+0000] {dag.py:3954} INFO - Setting next_dagrun for example_subdag_operator to 2022-01-01 00:00:00+00:00, run_after=2022-01-01 00:00:00+00:00
[2025-05-01T11:07:36.952+0000] {logging_mixin.py:188} INFO - [2025-05-01T11:07:36.951+0000] {dag.py:3954} INFO - Setting next_dagrun for example_subdag_operator.section-1 to None, run_after=None
[2025-05-01T11:07:36.961+0000] {logging_mixin.py:188} INFO - [2025-05-01T11:07:36.960+0000] {dag.py:3954} INFO - Setting next_dagrun for example_subdag_operator.section-2 to None, run_after=None
[2025-05-01T11:07:36.985+0000] {logging_mixin.py:188} INFO - [2025-05-01T11:07:36.984+0000] {dag.py:3096} INFO - Sync 2 DAGs
[2025-05-01T11:07:37.005+0000] {logging_mixin.py:188} INFO - [2025-05-01T11:07:37.004+0000] {dag.py:3954} INFO - Setting next_dagrun for example_subdag_operator.section-1 to None, run_after=None
[2025-05-01T11:07:37.007+0000] {logging_mixin.py:188} INFO - [2025-05-01T11:07:37.007+0000] {dag.py:3954} INFO - Setting next_dagrun for example_subdag_operator.section-2 to None, run_after=None
[2025-05-01T11:07:37.042+0000] {processor.py:183} INFO - Processing /home/airflow/.local/lib/python3.12/site-packages/airflow/example_dags/example_subdag_operator.py took 0.413 seconds
[2025-05-01T11:08:07.374+0000] {processor.py:161} INFO - Started process (PID=1958) to work on /home/airflow/.local/lib/python3.12/site-packages/airflow/example_dags/example_subdag_operator.py
[2025-05-01T11:08:07.377+0000] {processor.py:830} INFO - Processing file /home/airflow/.local/lib/python3.12/site-packages/airflow/example_dags/example_subdag_operator.py for tasks to queue
[2025-05-01T11:08:07.383+0000] {logging_mixin.py:188} INFO - [2025-05-01T11:08:07.382+0000] {dagbag.py:545} INFO - Filling up the DagBag from /home/airflow/.local/lib/python3.12/site-packages/airflow/example_dags/example_subdag_operator.py
[2025-05-01T11:08:07.461+0000] {processor.py:840} INFO - DAG(s) 'example_subdag_operator.section-1', 'example_subdag_operator.section-2', 'example_subdag_operator' retrieved from /home/airflow/.local/lib/python3.12/site-packages/airflow/example_dags/example_subdag_operator.py
[2025-05-01T11:08:07.501+0000] {logging_mixin.py:188} INFO - [2025-05-01T11:08:07.500+0000] {dag.py:3096} INFO - Sync 3 DAGs
[2025-05-01T11:08:07.552+0000] {logging_mixin.py:188} INFO - [2025-05-01T11:08:07.551+0000] {dag.py:3954} INFO - Setting next_dagrun for example_subdag_operator to 2022-01-01 00:00:00+00:00, run_after=2022-01-01 00:00:00+00:00
[2025-05-01T11:08:07.561+0000] {logging_mixin.py:188} INFO - [2025-05-01T11:08:07.561+0000] {dag.py:3954} INFO - Setting next_dagrun for example_subdag_operator.section-1 to None, run_after=None
[2025-05-01T11:08:07.566+0000] {logging_mixin.py:188} INFO - [2025-05-01T11:08:07.566+0000] {dag.py:3954} INFO - Setting next_dagrun for example_subdag_operator.section-2 to None, run_after=None
[2025-05-01T11:08:07.586+0000] {logging_mixin.py:188} INFO - [2025-05-01T11:08:07.585+0000] {dag.py:3096} INFO - Sync 2 DAGs
[2025-05-01T11:08:07.600+0000] {logging_mixin.py:188} INFO - [2025-05-01T11:08:07.600+0000] {dag.py:3954} INFO - Setting next_dagrun for example_subdag_operator.section-1 to None, run_after=None
[2025-05-01T11:08:07.602+0000] {logging_mixin.py:188} INFO - [2025-05-01T11:08:07.602+0000] {dag.py:3954} INFO - Setting next_dagrun for example_subdag_operator.section-2 to None, run_after=None
[2025-05-01T11:08:07.632+0000] {processor.py:183} INFO - Processing /home/airflow/.local/lib/python3.12/site-packages/airflow/example_dags/example_subdag_operator.py took 0.274 seconds
[2025-05-01T11:08:37.929+0000] {processor.py:161} INFO - Started process (PID=2017) to work on /home/airflow/.local/lib/python3.12/site-packages/airflow/example_dags/example_subdag_operator.py
[2025-05-01T11:08:37.931+0000] {processor.py:830} INFO - Processing file /home/airflow/.local/lib/python3.12/site-packages/airflow/example_dags/example_subdag_operator.py for tasks to queue
[2025-05-01T11:08:37.936+0000] {logging_mixin.py:188} INFO - [2025-05-01T11:08:37.935+0000] {dagbag.py:545} INFO - Filling up the DagBag from /home/airflow/.local/lib/python3.12/site-packages/airflow/example_dags/example_subdag_operator.py
[2025-05-01T11:08:37.995+0000] {processor.py:840} INFO - DAG(s) 'example_subdag_operator.section-1', 'example_subdag_operator.section-2', 'example_subdag_operator' retrieved from /home/airflow/.local/lib/python3.12/site-packages/airflow/example_dags/example_subdag_operator.py
[2025-05-01T11:08:38.039+0000] {logging_mixin.py:188} INFO - [2025-05-01T11:08:38.039+0000] {dag.py:3096} INFO - Sync 3 DAGs
[2025-05-01T11:08:38.099+0000] {logging_mixin.py:188} INFO - [2025-05-01T11:08:38.098+0000] {dag.py:3954} INFO - Setting next_dagrun for example_subdag_operator to 2022-01-01 00:00:00+00:00, run_after=2022-01-01 00:00:00+00:00
[2025-05-01T11:08:38.110+0000] {logging_mixin.py:188} INFO - [2025-05-01T11:08:38.109+0000] {dag.py:3954} INFO - Setting next_dagrun for example_subdag_operator.section-1 to None, run_after=None
[2025-05-01T11:08:38.115+0000] {logging_mixin.py:188} INFO - [2025-05-01T11:08:38.114+0000] {dag.py:3954} INFO - Setting next_dagrun for example_subdag_operator.section-2 to None, run_after=None
[2025-05-01T11:08:38.136+0000] {logging_mixin.py:188} INFO - [2025-05-01T11:08:38.135+0000] {dag.py:3096} INFO - Sync 2 DAGs
[2025-05-01T11:08:38.152+0000] {logging_mixin.py:188} INFO - [2025-05-01T11:08:38.152+0000] {dag.py:3954} INFO - Setting next_dagrun for example_subdag_operator.section-1 to None, run_after=None
[2025-05-01T11:08:38.155+0000] {logging_mixin.py:188} INFO - [2025-05-01T11:08:38.154+0000] {dag.py:3954} INFO - Setting next_dagrun for example_subdag_operator.section-2 to None, run_after=None
[2025-05-01T11:08:38.228+0000] {processor.py:183} INFO - Processing /home/airflow/.local/lib/python3.12/site-packages/airflow/example_dags/example_subdag_operator.py took 0.312 seconds
[2025-05-01T11:09:08.380+0000] {processor.py:161} INFO - Started process (PID=2075) to work on /home/airflow/.local/lib/python3.12/site-packages/airflow/example_dags/example_subdag_operator.py
[2025-05-01T11:09:08.382+0000] {processor.py:830} INFO - Processing file /home/airflow/.local/lib/python3.12/site-packages/airflow/example_dags/example_subdag_operator.py for tasks to queue
[2025-05-01T11:09:08.388+0000] {logging_mixin.py:188} INFO - [2025-05-01T11:09:08.387+0000] {dagbag.py:545} INFO - Filling up the DagBag from /home/airflow/.local/lib/python3.12/site-packages/airflow/example_dags/example_subdag_operator.py
[2025-05-01T11:09:08.464+0000] {processor.py:840} INFO - DAG(s) 'example_subdag_operator.section-1', 'example_subdag_operator.section-2', 'example_subdag_operator' retrieved from /home/airflow/.local/lib/python3.12/site-packages/airflow/example_dags/example_subdag_operator.py
[2025-05-01T11:09:08.508+0000] {logging_mixin.py:188} INFO - [2025-05-01T11:09:08.508+0000] {dag.py:3096} INFO - Sync 3 DAGs
[2025-05-01T11:09:08.558+0000] {logging_mixin.py:188} INFO - [2025-05-01T11:09:08.557+0000] {dag.py:3954} INFO - Setting next_dagrun for example_subdag_operator to 2022-01-01 00:00:00+00:00, run_after=2022-01-01 00:00:00+00:00
[2025-05-01T11:09:08.566+0000] {logging_mixin.py:188} INFO - [2025-05-01T11:09:08.566+0000] {dag.py:3954} INFO - Setting next_dagrun for example_subdag_operator.section-1 to None, run_after=None
[2025-05-01T11:09:08.570+0000] {logging_mixin.py:188} INFO - [2025-05-01T11:09:08.570+0000] {dag.py:3954} INFO - Setting next_dagrun for example_subdag_operator.section-2 to None, run_after=None
[2025-05-01T11:09:08.587+0000] {logging_mixin.py:188} INFO - [2025-05-01T11:09:08.586+0000] {dag.py:3096} INFO - Sync 2 DAGs
[2025-05-01T11:09:08.600+0000] {logging_mixin.py:188} INFO - [2025-05-01T11:09:08.600+0000] {dag.py:3954} INFO - Setting next_dagrun for example_subdag_operator.section-1 to None, run_after=None
[2025-05-01T11:09:08.602+0000] {logging_mixin.py:188} INFO - [2025-05-01T11:09:08.602+0000] {dag.py:3954} INFO - Setting next_dagrun for example_subdag_operator.section-2 to None, run_after=None
[2025-05-01T11:09:08.626+0000] {processor.py:183} INFO - Processing /home/airflow/.local/lib/python3.12/site-packages/airflow/example_dags/example_subdag_operator.py took 0.263 seconds
[2025-05-01T11:09:38.874+0000] {processor.py:161} INFO - Started process (PID=2134) to work on /home/airflow/.local/lib/python3.12/site-packages/airflow/example_dags/example_subdag_operator.py
[2025-05-01T11:09:38.877+0000] {processor.py:830} INFO - Processing file /home/airflow/.local/lib/python3.12/site-packages/airflow/example_dags/example_subdag_operator.py for tasks to queue
[2025-05-01T11:09:38.882+0000] {logging_mixin.py:188} INFO - [2025-05-01T11:09:38.881+0000] {dagbag.py:545} INFO - Filling up the DagBag from /home/airflow/.local/lib/python3.12/site-packages/airflow/example_dags/example_subdag_operator.py
[2025-05-01T11:09:38.937+0000] {processor.py:840} INFO - DAG(s) 'example_subdag_operator.section-1', 'example_subdag_operator.section-2', 'example_subdag_operator' retrieved from /home/airflow/.local/lib/python3.12/site-packages/airflow/example_dags/example_subdag_operator.py
[2025-05-01T11:09:38.978+0000] {logging_mixin.py:188} INFO - [2025-05-01T11:09:38.977+0000] {dag.py:3096} INFO - Sync 3 DAGs
[2025-05-01T11:09:39.034+0000] {logging_mixin.py:188} INFO - [2025-05-01T11:09:39.033+0000] {dag.py:3954} INFO - Setting next_dagrun for example_subdag_operator to 2022-01-01 00:00:00+00:00, run_after=2022-01-01 00:00:00+00:00
[2025-05-01T11:09:39.045+0000] {logging_mixin.py:188} INFO - [2025-05-01T11:09:39.044+0000] {dag.py:3954} INFO - Setting next_dagrun for example_subdag_operator.section-1 to None, run_after=None
[2025-05-01T11:09:39.049+0000] {logging_mixin.py:188} INFO - [2025-05-01T11:09:39.049+0000] {dag.py:3954} INFO - Setting next_dagrun for example_subdag_operator.section-2 to None, run_after=None
[2025-05-01T11:09:39.073+0000] {logging_mixin.py:188} INFO - [2025-05-01T11:09:39.072+0000] {dag.py:3096} INFO - Sync 2 DAGs
[2025-05-01T11:09:39.090+0000] {logging_mixin.py:188} INFO - [2025-05-01T11:09:39.089+0000] {dag.py:3954} INFO - Setting next_dagrun for example_subdag_operator.section-1 to None, run_after=None
[2025-05-01T11:09:39.092+0000] {logging_mixin.py:188} INFO - [2025-05-01T11:09:39.092+0000] {dag.py:3954} INFO - Setting next_dagrun for example_subdag_operator.section-2 to None, run_after=None
[2025-05-01T11:09:39.141+0000] {processor.py:183} INFO - Processing /home/airflow/.local/lib/python3.12/site-packages/airflow/example_dags/example_subdag_operator.py took 0.281 seconds
[2025-05-01T11:10:09.454+0000] {processor.py:161} INFO - Started process (PID=2194) to work on /home/airflow/.local/lib/python3.12/site-packages/airflow/example_dags/example_subdag_operator.py
[2025-05-01T11:10:09.457+0000] {processor.py:830} INFO - Processing file /home/airflow/.local/lib/python3.12/site-packages/airflow/example_dags/example_subdag_operator.py for tasks to queue
[2025-05-01T11:10:09.463+0000] {logging_mixin.py:188} INFO - [2025-05-01T11:10:09.463+0000] {dagbag.py:545} INFO - Filling up the DagBag from /home/airflow/.local/lib/python3.12/site-packages/airflow/example_dags/example_subdag_operator.py
[2025-05-01T11:10:09.520+0000] {processor.py:840} INFO - DAG(s) 'example_subdag_operator.section-1', 'example_subdag_operator.section-2', 'example_subdag_operator' retrieved from /home/airflow/.local/lib/python3.12/site-packages/airflow/example_dags/example_subdag_operator.py
[2025-05-01T11:10:09.562+0000] {logging_mixin.py:188} INFO - [2025-05-01T11:10:09.561+0000] {dag.py:3096} INFO - Sync 3 DAGs
[2025-05-01T11:10:09.613+0000] {logging_mixin.py:188} INFO - [2025-05-01T11:10:09.612+0000] {dag.py:3954} INFO - Setting next_dagrun for example_subdag_operator to 2022-01-01 00:00:00+00:00, run_after=2022-01-01 00:00:00+00:00
[2025-05-01T11:10:09.624+0000] {logging_mixin.py:188} INFO - [2025-05-01T11:10:09.623+0000] {dag.py:3954} INFO - Setting next_dagrun for example_subdag_operator.section-1 to None, run_after=None
[2025-05-01T11:10:09.629+0000] {logging_mixin.py:188} INFO - [2025-05-01T11:10:09.628+0000] {dag.py:3954} INFO - Setting next_dagrun for example_subdag_operator.section-2 to None, run_after=None
[2025-05-01T11:10:09.648+0000] {logging_mixin.py:188} INFO - [2025-05-01T11:10:09.647+0000] {dag.py:3096} INFO - Sync 2 DAGs
[2025-05-01T11:10:09.663+0000] {logging_mixin.py:188} INFO - [2025-05-01T11:10:09.662+0000] {dag.py:3954} INFO - Setting next_dagrun for example_subdag_operator.section-1 to None, run_after=None
[2025-05-01T11:10:09.665+0000] {logging_mixin.py:188} INFO - [2025-05-01T11:10:09.665+0000] {dag.py:3954} INFO - Setting next_dagrun for example_subdag_operator.section-2 to None, run_after=None
[2025-05-01T11:10:09.741+0000] {processor.py:183} INFO - Processing /home/airflow/.local/lib/python3.12/site-packages/airflow/example_dags/example_subdag_operator.py took 0.304 seconds
[2025-05-01T11:10:39.951+0000] {processor.py:161} INFO - Started process (PID=2253) to work on /home/airflow/.local/lib/python3.12/site-packages/airflow/example_dags/example_subdag_operator.py
[2025-05-01T11:10:39.953+0000] {processor.py:830} INFO - Processing file /home/airflow/.local/lib/python3.12/site-packages/airflow/example_dags/example_subdag_operator.py for tasks to queue
[2025-05-01T11:10:39.958+0000] {logging_mixin.py:188} INFO - [2025-05-01T11:10:39.957+0000] {dagbag.py:545} INFO - Filling up the DagBag from /home/airflow/.local/lib/python3.12/site-packages/airflow/example_dags/example_subdag_operator.py
[2025-05-01T11:10:40.024+0000] {processor.py:840} INFO - DAG(s) 'example_subdag_operator.section-1', 'example_subdag_operator.section-2', 'example_subdag_operator' retrieved from /home/airflow/.local/lib/python3.12/site-packages/airflow/example_dags/example_subdag_operator.py
[2025-05-01T11:10:40.072+0000] {logging_mixin.py:188} INFO - [2025-05-01T11:10:40.072+0000] {dag.py:3096} INFO - Sync 3 DAGs
[2025-05-01T11:10:40.150+0000] {logging_mixin.py:188} INFO - [2025-05-01T11:10:40.149+0000] {dag.py:3954} INFO - Setting next_dagrun for example_subdag_operator to 2022-01-01 00:00:00+00:00, run_after=2022-01-01 00:00:00+00:00
[2025-05-01T11:10:40.160+0000] {logging_mixin.py:188} INFO - [2025-05-01T11:10:40.160+0000] {dag.py:3954} INFO - Setting next_dagrun for example_subdag_operator.section-1 to None, run_after=None
[2025-05-01T11:10:40.165+0000] {logging_mixin.py:188} INFO - [2025-05-01T11:10:40.164+0000] {dag.py:3954} INFO - Setting next_dagrun for example_subdag_operator.section-2 to None, run_after=None
[2025-05-01T11:10:40.184+0000] {logging_mixin.py:188} INFO - [2025-05-01T11:10:40.183+0000] {dag.py:3096} INFO - Sync 2 DAGs
[2025-05-01T11:10:40.200+0000] {logging_mixin.py:188} INFO - [2025-05-01T11:10:40.200+0000] {dag.py:3954} INFO - Setting next_dagrun for example_subdag_operator.section-1 to None, run_after=None
[2025-05-01T11:10:40.203+0000] {logging_mixin.py:188} INFO - [2025-05-01T11:10:40.202+0000] {dag.py:3954} INFO - Setting next_dagrun for example_subdag_operator.section-2 to None, run_after=None
[2025-05-01T11:10:40.244+0000] {processor.py:183} INFO - Processing /home/airflow/.local/lib/python3.12/site-packages/airflow/example_dags/example_subdag_operator.py took 0.306 seconds
[2025-05-01T11:11:10.604+0000] {processor.py:161} INFO - Started process (PID=2311) to work on /home/airflow/.local/lib/python3.12/site-packages/airflow/example_dags/example_subdag_operator.py
[2025-05-01T11:11:10.607+0000] {processor.py:830} INFO - Processing file /home/airflow/.local/lib/python3.12/site-packages/airflow/example_dags/example_subdag_operator.py for tasks to queue
[2025-05-01T11:11:10.611+0000] {logging_mixin.py:188} INFO - [2025-05-01T11:11:10.611+0000] {dagbag.py:545} INFO - Filling up the DagBag from /home/airflow/.local/lib/python3.12/site-packages/airflow/example_dags/example_subdag_operator.py
[2025-05-01T11:11:10.672+0000] {processor.py:840} INFO - DAG(s) 'example_subdag_operator.section-1', 'example_subdag_operator.section-2', 'example_subdag_operator' retrieved from /home/airflow/.local/lib/python3.12/site-packages/airflow/example_dags/example_subdag_operator.py
[2025-05-01T11:11:10.710+0000] {logging_mixin.py:188} INFO - [2025-05-01T11:11:10.709+0000] {dag.py:3096} INFO - Sync 3 DAGs
[2025-05-01T11:11:10.761+0000] {logging_mixin.py:188} INFO - [2025-05-01T11:11:10.760+0000] {dag.py:3954} INFO - Setting next_dagrun for example_subdag_operator to 2022-01-01 00:00:00+00:00, run_after=2022-01-01 00:00:00+00:00
[2025-05-01T11:11:10.770+0000] {logging_mixin.py:188} INFO - [2025-05-01T11:11:10.770+0000] {dag.py:3954} INFO - Setting next_dagrun for example_subdag_operator.section-1 to None, run_after=None
[2025-05-01T11:11:10.774+0000] {logging_mixin.py:188} INFO - [2025-05-01T11:11:10.773+0000] {dag.py:3954} INFO - Setting next_dagrun for example_subdag_operator.section-2 to None, run_after=None
[2025-05-01T11:11:10.790+0000] {logging_mixin.py:188} INFO - [2025-05-01T11:11:10.789+0000] {dag.py:3096} INFO - Sync 2 DAGs
[2025-05-01T11:11:10.802+0000] {logging_mixin.py:188} INFO - [2025-05-01T11:11:10.802+0000] {dag.py:3954} INFO - Setting next_dagrun for example_subdag_operator.section-1 to None, run_after=None
[2025-05-01T11:11:10.804+0000] {logging_mixin.py:188} INFO - [2025-05-01T11:11:10.803+0000] {dag.py:3954} INFO - Setting next_dagrun for example_subdag_operator.section-2 to None, run_after=None
[2025-05-01T11:11:10.831+0000] {processor.py:183} INFO - Processing /home/airflow/.local/lib/python3.12/site-packages/airflow/example_dags/example_subdag_operator.py took 0.240 seconds
[2025-05-01T11:11:41.164+0000] {processor.py:161} INFO - Started process (PID=2371) to work on /home/airflow/.local/lib/python3.12/site-packages/airflow/example_dags/example_subdag_operator.py
[2025-05-01T11:11:41.167+0000] {processor.py:830} INFO - Processing file /home/airflow/.local/lib/python3.12/site-packages/airflow/example_dags/example_subdag_operator.py for tasks to queue
[2025-05-01T11:11:41.172+0000] {logging_mixin.py:188} INFO - [2025-05-01T11:11:41.171+0000] {dagbag.py:545} INFO - Filling up the DagBag from /home/airflow/.local/lib/python3.12/site-packages/airflow/example_dags/example_subdag_operator.py
[2025-05-01T11:11:41.236+0000] {processor.py:840} INFO - DAG(s) 'example_subdag_operator.section-1', 'example_subdag_operator.section-2', 'example_subdag_operator' retrieved from /home/airflow/.local/lib/python3.12/site-packages/airflow/example_dags/example_subdag_operator.py
[2025-05-01T11:11:41.278+0000] {logging_mixin.py:188} INFO - [2025-05-01T11:11:41.278+0000] {dag.py:3096} INFO - Sync 3 DAGs
[2025-05-01T11:11:41.335+0000] {logging_mixin.py:188} INFO - [2025-05-01T11:11:41.335+0000] {dag.py:3954} INFO - Setting next_dagrun for example_subdag_operator to 2022-01-01 00:00:00+00:00, run_after=2022-01-01 00:00:00+00:00
[2025-05-01T11:11:41.346+0000] {logging_mixin.py:188} INFO - [2025-05-01T11:11:41.345+0000] {dag.py:3954} INFO - Setting next_dagrun for example_subdag_operator.section-1 to None, run_after=None
[2025-05-01T11:11:41.350+0000] {logging_mixin.py:188} INFO - [2025-05-01T11:11:41.350+0000] {dag.py:3954} INFO - Setting next_dagrun for example_subdag_operator.section-2 to None, run_after=None
[2025-05-01T11:11:41.370+0000] {logging_mixin.py:188} INFO - [2025-05-01T11:11:41.369+0000] {dag.py:3096} INFO - Sync 2 DAGs
[2025-05-01T11:11:41.385+0000] {logging_mixin.py:188} INFO - [2025-05-01T11:11:41.385+0000] {dag.py:3954} INFO - Setting next_dagrun for example_subdag_operator.section-1 to None, run_after=None
[2025-05-01T11:11:41.387+0000] {logging_mixin.py:188} INFO - [2025-05-01T11:11:41.386+0000] {dag.py:3954} INFO - Setting next_dagrun for example_subdag_operator.section-2 to None, run_after=None
[2025-05-01T11:11:41.448+0000] {processor.py:183} INFO - Processing /home/airflow/.local/lib/python3.12/site-packages/airflow/example_dags/example_subdag_operator.py took 0.296 seconds
[2025-05-01T11:12:11.718+0000] {processor.py:161} INFO - Started process (PID=2430) to work on /home/airflow/.local/lib/python3.12/site-packages/airflow/example_dags/example_subdag_operator.py
[2025-05-01T11:12:11.720+0000] {processor.py:830} INFO - Processing file /home/airflow/.local/lib/python3.12/site-packages/airflow/example_dags/example_subdag_operator.py for tasks to queue
[2025-05-01T11:12:11.724+0000] {logging_mixin.py:188} INFO - [2025-05-01T11:12:11.724+0000] {dagbag.py:545} INFO - Filling up the DagBag from /home/airflow/.local/lib/python3.12/site-packages/airflow/example_dags/example_subdag_operator.py
[2025-05-01T11:12:11.775+0000] {processor.py:840} INFO - DAG(s) 'example_subdag_operator.section-1', 'example_subdag_operator.section-2', 'example_subdag_operator' retrieved from /home/airflow/.local/lib/python3.12/site-packages/airflow/example_dags/example_subdag_operator.py
[2025-05-01T11:12:11.811+0000] {logging_mixin.py:188} INFO - [2025-05-01T11:12:11.811+0000] {dag.py:3096} INFO - Sync 3 DAGs
[2025-05-01T11:12:11.863+0000] {logging_mixin.py:188} INFO - [2025-05-01T11:12:11.862+0000] {dag.py:3954} INFO - Setting next_dagrun for example_subdag_operator to 2022-01-01 00:00:00+00:00, run_after=2022-01-01 00:00:00+00:00
[2025-05-01T11:12:11.872+0000] {logging_mixin.py:188} INFO - [2025-05-01T11:12:11.872+0000] {dag.py:3954} INFO - Setting next_dagrun for example_subdag_operator.section-1 to None, run_after=None
[2025-05-01T11:12:11.876+0000] {logging_mixin.py:188} INFO - [2025-05-01T11:12:11.876+0000] {dag.py:3954} INFO - Setting next_dagrun for example_subdag_operator.section-2 to None, run_after=None
[2025-05-01T11:12:11.896+0000] {logging_mixin.py:188} INFO - [2025-05-01T11:12:11.896+0000] {dag.py:3096} INFO - Sync 2 DAGs
[2025-05-01T11:12:11.910+0000] {logging_mixin.py:188} INFO - [2025-05-01T11:12:11.910+0000] {dag.py:3954} INFO - Setting next_dagrun for example_subdag_operator.section-1 to None, run_after=None
[2025-05-01T11:12:11.912+0000] {logging_mixin.py:188} INFO - [2025-05-01T11:12:11.911+0000] {dag.py:3954} INFO - Setting next_dagrun for example_subdag_operator.section-2 to None, run_after=None
[2025-05-01T11:12:11.940+0000] {processor.py:183} INFO - Processing /home/airflow/.local/lib/python3.12/site-packages/airflow/example_dags/example_subdag_operator.py took 0.233 seconds
[2025-05-01T11:12:42.248+0000] {processor.py:161} INFO - Started process (PID=2488) to work on /home/airflow/.local/lib/python3.12/site-packages/airflow/example_dags/example_subdag_operator.py
[2025-05-01T11:12:42.250+0000] {processor.py:830} INFO - Processing file /home/airflow/.local/lib/python3.12/site-packages/airflow/example_dags/example_subdag_operator.py for tasks to queue
[2025-05-01T11:12:42.256+0000] {logging_mixin.py:188} INFO - [2025-05-01T11:12:42.255+0000] {dagbag.py:545} INFO - Filling up the DagBag from /home/airflow/.local/lib/python3.12/site-packages/airflow/example_dags/example_subdag_operator.py
[2025-05-01T11:12:42.340+0000] {processor.py:840} INFO - DAG(s) 'example_subdag_operator.section-1', 'example_subdag_operator.section-2', 'example_subdag_operator' retrieved from /home/airflow/.local/lib/python3.12/site-packages/airflow/example_dags/example_subdag_operator.py
[2025-05-01T11:12:42.388+0000] {logging_mixin.py:188} INFO - [2025-05-01T11:12:42.387+0000] {dag.py:3096} INFO - Sync 3 DAGs
[2025-05-01T11:12:42.455+0000] {logging_mixin.py:188} INFO - [2025-05-01T11:12:42.454+0000] {dag.py:3954} INFO - Setting next_dagrun for example_subdag_operator to 2022-01-01 00:00:00+00:00, run_after=2022-01-01 00:00:00+00:00
[2025-05-01T11:12:42.466+0000] {logging_mixin.py:188} INFO - [2025-05-01T11:12:42.465+0000] {dag.py:3954} INFO - Setting next_dagrun for example_subdag_operator.section-1 to None, run_after=None
[2025-05-01T11:12:42.472+0000] {logging_mixin.py:188} INFO - [2025-05-01T11:12:42.471+0000] {dag.py:3954} INFO - Setting next_dagrun for example_subdag_operator.section-2 to None, run_after=None
[2025-05-01T11:12:42.500+0000] {logging_mixin.py:188} INFO - [2025-05-01T11:12:42.499+0000] {dag.py:3096} INFO - Sync 2 DAGs
[2025-05-01T11:12:42.518+0000] {logging_mixin.py:188} INFO - [2025-05-01T11:12:42.518+0000] {dag.py:3954} INFO - Setting next_dagrun for example_subdag_operator.section-1 to None, run_after=None
[2025-05-01T11:12:42.521+0000] {logging_mixin.py:188} INFO - [2025-05-01T11:12:42.520+0000] {dag.py:3954} INFO - Setting next_dagrun for example_subdag_operator.section-2 to None, run_after=None
[2025-05-01T11:12:42.610+0000] {processor.py:183} INFO - Processing /home/airflow/.local/lib/python3.12/site-packages/airflow/example_dags/example_subdag_operator.py took 0.378 seconds
[2025-05-01T11:13:12.856+0000] {processor.py:161} INFO - Started process (PID=2548) to work on /home/airflow/.local/lib/python3.12/site-packages/airflow/example_dags/example_subdag_operator.py
[2025-05-01T11:13:12.858+0000] {processor.py:830} INFO - Processing file /home/airflow/.local/lib/python3.12/site-packages/airflow/example_dags/example_subdag_operator.py for tasks to queue
[2025-05-01T11:13:12.862+0000] {logging_mixin.py:188} INFO - [2025-05-01T11:13:12.861+0000] {dagbag.py:545} INFO - Filling up the DagBag from /home/airflow/.local/lib/python3.12/site-packages/airflow/example_dags/example_subdag_operator.py
[2025-05-01T11:13:12.909+0000] {processor.py:840} INFO - DAG(s) 'example_subdag_operator.section-1', 'example_subdag_operator.section-2', 'example_subdag_operator' retrieved from /home/airflow/.local/lib/python3.12/site-packages/airflow/example_dags/example_subdag_operator.py
[2025-05-01T11:13:12.941+0000] {logging_mixin.py:188} INFO - [2025-05-01T11:13:12.941+0000] {dag.py:3096} INFO - Sync 3 DAGs
[2025-05-01T11:13:12.986+0000] {logging_mixin.py:188} INFO - [2025-05-01T11:13:12.986+0000] {dag.py:3954} INFO - Setting next_dagrun for example_subdag_operator to 2022-01-01 00:00:00+00:00, run_after=2022-01-01 00:00:00+00:00
[2025-05-01T11:13:12.995+0000] {logging_mixin.py:188} INFO - [2025-05-01T11:13:12.994+0000] {dag.py:3954} INFO - Setting next_dagrun for example_subdag_operator.section-1 to None, run_after=None
[2025-05-01T11:13:12.998+0000] {logging_mixin.py:188} INFO - [2025-05-01T11:13:12.998+0000] {dag.py:3954} INFO - Setting next_dagrun for example_subdag_operator.section-2 to None, run_after=None
[2025-05-01T11:13:13.014+0000] {logging_mixin.py:188} INFO - [2025-05-01T11:13:13.014+0000] {dag.py:3096} INFO - Sync 2 DAGs
[2025-05-01T11:13:13.027+0000] {logging_mixin.py:188} INFO - [2025-05-01T11:13:13.027+0000] {dag.py:3954} INFO - Setting next_dagrun for example_subdag_operator.section-1 to None, run_after=None
[2025-05-01T11:13:13.029+0000] {logging_mixin.py:188} INFO - [2025-05-01T11:13:13.028+0000] {dag.py:3954} INFO - Setting next_dagrun for example_subdag_operator.section-2 to None, run_after=None
[2025-05-01T11:13:13.094+0000] {processor.py:183} INFO - Processing /home/airflow/.local/lib/python3.12/site-packages/airflow/example_dags/example_subdag_operator.py took 0.248 seconds
[2025-05-01T11:13:43.349+0000] {processor.py:161} INFO - Started process (PID=2606) to work on /home/airflow/.local/lib/python3.12/site-packages/airflow/example_dags/example_subdag_operator.py
[2025-05-01T11:13:43.353+0000] {processor.py:830} INFO - Processing file /home/airflow/.local/lib/python3.12/site-packages/airflow/example_dags/example_subdag_operator.py for tasks to queue
[2025-05-01T11:13:43.359+0000] {logging_mixin.py:188} INFO - [2025-05-01T11:13:43.358+0000] {dagbag.py:545} INFO - Filling up the DagBag from /home/airflow/.local/lib/python3.12/site-packages/airflow/example_dags/example_subdag_operator.py
[2025-05-01T11:13:43.417+0000] {processor.py:840} INFO - DAG(s) 'example_subdag_operator.section-1', 'example_subdag_operator.section-2', 'example_subdag_operator' retrieved from /home/airflow/.local/lib/python3.12/site-packages/airflow/example_dags/example_subdag_operator.py
[2025-05-01T11:13:43.457+0000] {logging_mixin.py:188} INFO - [2025-05-01T11:13:43.456+0000] {dag.py:3096} INFO - Sync 3 DAGs
[2025-05-01T11:13:43.520+0000] {logging_mixin.py:188} INFO - [2025-05-01T11:13:43.519+0000] {dag.py:3954} INFO - Setting next_dagrun for example_subdag_operator to 2022-01-01 00:00:00+00:00, run_after=2022-01-01 00:00:00+00:00
[2025-05-01T11:13:43.534+0000] {logging_mixin.py:188} INFO - [2025-05-01T11:13:43.533+0000] {dag.py:3954} INFO - Setting next_dagrun for example_subdag_operator.section-1 to None, run_after=None
[2025-05-01T11:13:43.540+0000] {logging_mixin.py:188} INFO - [2025-05-01T11:13:43.540+0000] {dag.py:3954} INFO - Setting next_dagrun for example_subdag_operator.section-2 to None, run_after=None
[2025-05-01T11:13:43.562+0000] {logging_mixin.py:188} INFO - [2025-05-01T11:13:43.561+0000] {dag.py:3096} INFO - Sync 2 DAGs
[2025-05-01T11:13:43.579+0000] {logging_mixin.py:188} INFO - [2025-05-01T11:13:43.579+0000] {dag.py:3954} INFO - Setting next_dagrun for example_subdag_operator.section-1 to None, run_after=None
[2025-05-01T11:13:43.581+0000] {logging_mixin.py:188} INFO - [2025-05-01T11:13:43.580+0000] {dag.py:3954} INFO - Setting next_dagrun for example_subdag_operator.section-2 to None, run_after=None
[2025-05-01T11:13:43.617+0000] {processor.py:183} INFO - Processing /home/airflow/.local/lib/python3.12/site-packages/airflow/example_dags/example_subdag_operator.py took 0.286 seconds
[2025-05-01T11:14:13.874+0000] {processor.py:161} INFO - Started process (PID=2665) to work on /home/airflow/.local/lib/python3.12/site-packages/airflow/example_dags/example_subdag_operator.py
[2025-05-01T11:14:13.876+0000] {processor.py:830} INFO - Processing file /home/airflow/.local/lib/python3.12/site-packages/airflow/example_dags/example_subdag_operator.py for tasks to queue
[2025-05-01T11:14:13.880+0000] {logging_mixin.py:188} INFO - [2025-05-01T11:14:13.880+0000] {dagbag.py:545} INFO - Filling up the DagBag from /home/airflow/.local/lib/python3.12/site-packages/airflow/example_dags/example_subdag_operator.py
[2025-05-01T11:14:13.934+0000] {processor.py:840} INFO - DAG(s) 'example_subdag_operator.section-1', 'example_subdag_operator.section-2', 'example_subdag_operator' retrieved from /home/airflow/.local/lib/python3.12/site-packages/airflow/example_dags/example_subdag_operator.py
[2025-05-01T11:14:13.968+0000] {logging_mixin.py:188} INFO - [2025-05-01T11:14:13.968+0000] {dag.py:3096} INFO - Sync 3 DAGs
[2025-05-01T11:14:14.020+0000] {logging_mixin.py:188} INFO - [2025-05-01T11:14:14.019+0000] {dag.py:3954} INFO - Setting next_dagrun for example_subdag_operator to 2022-01-01 00:00:00+00:00, run_after=2022-01-01 00:00:00+00:00
[2025-05-01T11:14:14.030+0000] {logging_mixin.py:188} INFO - [2025-05-01T11:14:14.030+0000] {dag.py:3954} INFO - Setting next_dagrun for example_subdag_operator.section-1 to None, run_after=None
[2025-05-01T11:14:14.034+0000] {logging_mixin.py:188} INFO - [2025-05-01T11:14:14.033+0000] {dag.py:3954} INFO - Setting next_dagrun for example_subdag_operator.section-2 to None, run_after=None
[2025-05-01T11:14:14.051+0000] {logging_mixin.py:188} INFO - [2025-05-01T11:14:14.050+0000] {dag.py:3096} INFO - Sync 2 DAGs
[2025-05-01T11:14:14.064+0000] {logging_mixin.py:188} INFO - [2025-05-01T11:14:14.063+0000] {dag.py:3954} INFO - Setting next_dagrun for example_subdag_operator.section-1 to None, run_after=None
[2025-05-01T11:14:14.065+0000] {logging_mixin.py:188} INFO - [2025-05-01T11:14:14.065+0000] {dag.py:3954} INFO - Setting next_dagrun for example_subdag_operator.section-2 to None, run_after=None
[2025-05-01T11:14:14.092+0000] {processor.py:183} INFO - Processing /home/airflow/.local/lib/python3.12/site-packages/airflow/example_dags/example_subdag_operator.py took 0.229 seconds
[2025-05-01T11:14:44.569+0000] {processor.py:161} INFO - Started process (PID=2724) to work on /home/airflow/.local/lib/python3.12/site-packages/airflow/example_dags/example_subdag_operator.py
[2025-05-01T11:14:44.572+0000] {processor.py:830} INFO - Processing file /home/airflow/.local/lib/python3.12/site-packages/airflow/example_dags/example_subdag_operator.py for tasks to queue
[2025-05-01T11:14:44.578+0000] {logging_mixin.py:188} INFO - [2025-05-01T11:14:44.577+0000] {dagbag.py:545} INFO - Filling up the DagBag from /home/airflow/.local/lib/python3.12/site-packages/airflow/example_dags/example_subdag_operator.py
[2025-05-01T11:14:44.653+0000] {processor.py:840} INFO - DAG(s) 'example_subdag_operator.section-1', 'example_subdag_operator.section-2', 'example_subdag_operator' retrieved from /home/airflow/.local/lib/python3.12/site-packages/airflow/example_dags/example_subdag_operator.py
[2025-05-01T11:14:44.701+0000] {logging_mixin.py:188} INFO - [2025-05-01T11:14:44.700+0000] {dag.py:3096} INFO - Sync 3 DAGs
[2025-05-01T11:14:44.758+0000] {logging_mixin.py:188} INFO - [2025-05-01T11:14:44.758+0000] {dag.py:3954} INFO - Setting next_dagrun for example_subdag_operator to 2022-01-01 00:00:00+00:00, run_after=2022-01-01 00:00:00+00:00
[2025-05-01T11:14:44.769+0000] {logging_mixin.py:188} INFO - [2025-05-01T11:14:44.768+0000] {dag.py:3954} INFO - Setting next_dagrun for example_subdag_operator.section-1 to None, run_after=None
[2025-05-01T11:14:44.773+0000] {logging_mixin.py:188} INFO - [2025-05-01T11:14:44.773+0000] {dag.py:3954} INFO - Setting next_dagrun for example_subdag_operator.section-2 to None, run_after=None
[2025-05-01T11:14:44.792+0000] {logging_mixin.py:188} INFO - [2025-05-01T11:14:44.791+0000] {dag.py:3096} INFO - Sync 2 DAGs
[2025-05-01T11:14:44.810+0000] {logging_mixin.py:188} INFO - [2025-05-01T11:14:44.809+0000] {dag.py:3954} INFO - Setting next_dagrun for example_subdag_operator.section-1 to None, run_after=None
[2025-05-01T11:14:44.812+0000] {logging_mixin.py:188} INFO - [2025-05-01T11:14:44.812+0000] {dag.py:3954} INFO - Setting next_dagrun for example_subdag_operator.section-2 to None, run_after=None
[2025-05-01T11:14:44.849+0000] {processor.py:183} INFO - Processing /home/airflow/.local/lib/python3.12/site-packages/airflow/example_dags/example_subdag_operator.py took 0.299 seconds
[2025-05-01T11:15:15.839+0000] {processor.py:161} INFO - Started process (PID=2783) to work on /home/airflow/.local/lib/python3.12/site-packages/airflow/example_dags/example_subdag_operator.py
[2025-05-01T11:15:15.842+0000] {processor.py:830} INFO - Processing file /home/airflow/.local/lib/python3.12/site-packages/airflow/example_dags/example_subdag_operator.py for tasks to queue
[2025-05-01T11:15:15.846+0000] {logging_mixin.py:188} INFO - [2025-05-01T11:15:15.845+0000] {dagbag.py:545} INFO - Filling up the DagBag from /home/airflow/.local/lib/python3.12/site-packages/airflow/example_dags/example_subdag_operator.py
[2025-05-01T11:15:15.909+0000] {processor.py:840} INFO - DAG(s) 'example_subdag_operator.section-1', 'example_subdag_operator.section-2', 'example_subdag_operator' retrieved from /home/airflow/.local/lib/python3.12/site-packages/airflow/example_dags/example_subdag_operator.py
[2025-05-01T11:15:15.950+0000] {logging_mixin.py:188} INFO - [2025-05-01T11:15:15.949+0000] {dag.py:3096} INFO - Sync 3 DAGs
[2025-05-01T11:15:16.012+0000] {logging_mixin.py:188} INFO - [2025-05-01T11:15:16.012+0000] {dag.py:3954} INFO - Setting next_dagrun for example_subdag_operator to 2022-01-01 00:00:00+00:00, run_after=2022-01-01 00:00:00+00:00
[2025-05-01T11:15:16.021+0000] {logging_mixin.py:188} INFO - [2025-05-01T11:15:16.021+0000] {dag.py:3954} INFO - Setting next_dagrun for example_subdag_operator.section-1 to None, run_after=None
[2025-05-01T11:15:16.026+0000] {logging_mixin.py:188} INFO - [2025-05-01T11:15:16.025+0000] {dag.py:3954} INFO - Setting next_dagrun for example_subdag_operator.section-2 to None, run_after=None
[2025-05-01T11:15:16.045+0000] {logging_mixin.py:188} INFO - [2025-05-01T11:15:16.044+0000] {dag.py:3096} INFO - Sync 2 DAGs
[2025-05-01T11:15:16.061+0000] {logging_mixin.py:188} INFO - [2025-05-01T11:15:16.060+0000] {dag.py:3954} INFO - Setting next_dagrun for example_subdag_operator.section-1 to None, run_after=None
[2025-05-01T11:15:16.063+0000] {logging_mixin.py:188} INFO - [2025-05-01T11:15:16.063+0000] {dag.py:3954} INFO - Setting next_dagrun for example_subdag_operator.section-2 to None, run_after=None
[2025-05-01T11:15:16.101+0000] {processor.py:183} INFO - Processing /home/airflow/.local/lib/python3.12/site-packages/airflow/example_dags/example_subdag_operator.py took 0.279 seconds
[2025-05-01T11:15:46.352+0000] {processor.py:161} INFO - Started process (PID=2842) to work on /home/airflow/.local/lib/python3.12/site-packages/airflow/example_dags/example_subdag_operator.py
[2025-05-01T11:15:46.354+0000] {processor.py:830} INFO - Processing file /home/airflow/.local/lib/python3.12/site-packages/airflow/example_dags/example_subdag_operator.py for tasks to queue
[2025-05-01T11:15:46.359+0000] {logging_mixin.py:188} INFO - [2025-05-01T11:15:46.358+0000] {dagbag.py:545} INFO - Filling up the DagBag from /home/airflow/.local/lib/python3.12/site-packages/airflow/example_dags/example_subdag_operator.py
[2025-05-01T11:15:46.418+0000] {processor.py:840} INFO - DAG(s) 'example_subdag_operator.section-1', 'example_subdag_operator.section-2', 'example_subdag_operator' retrieved from /home/airflow/.local/lib/python3.12/site-packages/airflow/example_dags/example_subdag_operator.py
[2025-05-01T11:15:46.458+0000] {logging_mixin.py:188} INFO - [2025-05-01T11:15:46.458+0000] {dag.py:3096} INFO - Sync 3 DAGs
[2025-05-01T11:15:46.540+0000] {logging_mixin.py:188} INFO - [2025-05-01T11:15:46.539+0000] {dag.py:3954} INFO - Setting next_dagrun for example_subdag_operator to 2022-01-01 00:00:00+00:00, run_after=2022-01-01 00:00:00+00:00
[2025-05-01T11:15:46.551+0000] {logging_mixin.py:188} INFO - [2025-05-01T11:15:46.550+0000] {dag.py:3954} INFO - Setting next_dagrun for example_subdag_operator.section-1 to None, run_after=None
[2025-05-01T11:15:46.559+0000] {logging_mixin.py:188} INFO - [2025-05-01T11:15:46.558+0000] {dag.py:3954} INFO - Setting next_dagrun for example_subdag_operator.section-2 to None, run_after=None
[2025-05-01T11:15:46.581+0000] {logging_mixin.py:188} INFO - [2025-05-01T11:15:46.581+0000] {dag.py:3096} INFO - Sync 2 DAGs
[2025-05-01T11:15:46.599+0000] {logging_mixin.py:188} INFO - [2025-05-01T11:15:46.598+0000] {dag.py:3954} INFO - Setting next_dagrun for example_subdag_operator.section-1 to None, run_after=None
[2025-05-01T11:15:46.601+0000] {logging_mixin.py:188} INFO - [2025-05-01T11:15:46.601+0000] {dag.py:3954} INFO - Setting next_dagrun for example_subdag_operator.section-2 to None, run_after=None
[2025-05-01T11:15:46.678+0000] {processor.py:183} INFO - Processing /home/airflow/.local/lib/python3.12/site-packages/airflow/example_dags/example_subdag_operator.py took 0.343 seconds
[2025-05-01T11:16:16.870+0000] {processor.py:161} INFO - Started process (PID=2901) to work on /home/airflow/.local/lib/python3.12/site-packages/airflow/example_dags/example_subdag_operator.py
[2025-05-01T11:16:16.873+0000] {processor.py:830} INFO - Processing file /home/airflow/.local/lib/python3.12/site-packages/airflow/example_dags/example_subdag_operator.py for tasks to queue
[2025-05-01T11:16:16.877+0000] {logging_mixin.py:188} INFO - [2025-05-01T11:16:16.877+0000] {dagbag.py:545} INFO - Filling up the DagBag from /home/airflow/.local/lib/python3.12/site-packages/airflow/example_dags/example_subdag_operator.py
[2025-05-01T11:16:16.940+0000] {processor.py:840} INFO - DAG(s) 'example_subdag_operator.section-1', 'example_subdag_operator.section-2', 'example_subdag_operator' retrieved from /home/airflow/.local/lib/python3.12/site-packages/airflow/example_dags/example_subdag_operator.py
[2025-05-01T11:16:16.979+0000] {logging_mixin.py:188} INFO - [2025-05-01T11:16:16.978+0000] {dag.py:3096} INFO - Sync 3 DAGs
[2025-05-01T11:16:17.033+0000] {logging_mixin.py:188} INFO - [2025-05-01T11:16:17.032+0000] {dag.py:3954} INFO - Setting next_dagrun for example_subdag_operator to 2022-01-01 00:00:00+00:00, run_after=2022-01-01 00:00:00+00:00
[2025-05-01T11:16:17.046+0000] {logging_mixin.py:188} INFO - [2025-05-01T11:16:17.046+0000] {dag.py:3954} INFO - Setting next_dagrun for example_subdag_operator.section-1 to None, run_after=None
[2025-05-01T11:16:17.051+0000] {logging_mixin.py:188} INFO - [2025-05-01T11:16:17.050+0000] {dag.py:3954} INFO - Setting next_dagrun for example_subdag_operator.section-2 to None, run_after=None
[2025-05-01T11:16:17.072+0000] {logging_mixin.py:188} INFO - [2025-05-01T11:16:17.072+0000] {dag.py:3096} INFO - Sync 2 DAGs
[2025-05-01T11:16:17.088+0000] {logging_mixin.py:188} INFO - [2025-05-01T11:16:17.088+0000] {dag.py:3954} INFO - Setting next_dagrun for example_subdag_operator.section-1 to None, run_after=None
[2025-05-01T11:16:17.091+0000] {logging_mixin.py:188} INFO - [2025-05-01T11:16:17.090+0000] {dag.py:3954} INFO - Setting next_dagrun for example_subdag_operator.section-2 to None, run_after=None
[2025-05-01T11:16:17.128+0000] {processor.py:183} INFO - Processing /home/airflow/.local/lib/python3.12/site-packages/airflow/example_dags/example_subdag_operator.py took 0.270 seconds
[2025-05-01T11:16:47.695+0000] {processor.py:161} INFO - Started process (PID=2960) to work on /home/airflow/.local/lib/python3.12/site-packages/airflow/example_dags/example_subdag_operator.py
[2025-05-01T11:16:47.698+0000] {processor.py:830} INFO - Processing file /home/airflow/.local/lib/python3.12/site-packages/airflow/example_dags/example_subdag_operator.py for tasks to queue
[2025-05-01T11:16:47.703+0000] {logging_mixin.py:188} INFO - [2025-05-01T11:16:47.702+0000] {dagbag.py:545} INFO - Filling up the DagBag from /home/airflow/.local/lib/python3.12/site-packages/airflow/example_dags/example_subdag_operator.py
[2025-05-01T11:16:47.770+0000] {processor.py:840} INFO - DAG(s) 'example_subdag_operator.section-1', 'example_subdag_operator.section-2', 'example_subdag_operator' retrieved from /home/airflow/.local/lib/python3.12/site-packages/airflow/example_dags/example_subdag_operator.py
[2025-05-01T11:16:47.812+0000] {logging_mixin.py:188} INFO - [2025-05-01T11:16:47.812+0000] {dag.py:3096} INFO - Sync 3 DAGs
[2025-05-01T11:16:47.868+0000] {logging_mixin.py:188} INFO - [2025-05-01T11:16:47.867+0000] {dag.py:3954} INFO - Setting next_dagrun for example_subdag_operator to 2022-01-01 00:00:00+00:00, run_after=2022-01-01 00:00:00+00:00
[2025-05-01T11:16:47.878+0000] {logging_mixin.py:188} INFO - [2025-05-01T11:16:47.878+0000] {dag.py:3954} INFO - Setting next_dagrun for example_subdag_operator.section-1 to None, run_after=None
[2025-05-01T11:16:47.884+0000] {logging_mixin.py:188} INFO - [2025-05-01T11:16:47.883+0000] {dag.py:3954} INFO - Setting next_dagrun for example_subdag_operator.section-2 to None, run_after=None
[2025-05-01T11:16:47.908+0000] {logging_mixin.py:188} INFO - [2025-05-01T11:16:47.907+0000] {dag.py:3096} INFO - Sync 2 DAGs
[2025-05-01T11:16:47.926+0000] {logging_mixin.py:188} INFO - [2025-05-01T11:16:47.925+0000] {dag.py:3954} INFO - Setting next_dagrun for example_subdag_operator.section-1 to None, run_after=None
[2025-05-01T11:16:47.928+0000] {logging_mixin.py:188} INFO - [2025-05-01T11:16:47.927+0000] {dag.py:3954} INFO - Setting next_dagrun for example_subdag_operator.section-2 to None, run_after=None
[2025-05-01T11:16:47.963+0000] {processor.py:183} INFO - Processing /home/airflow/.local/lib/python3.12/site-packages/airflow/example_dags/example_subdag_operator.py took 0.283 seconds
[2025-05-01T11:17:18.283+0000] {processor.py:161} INFO - Started process (PID=3020) to work on /home/airflow/.local/lib/python3.12/site-packages/airflow/example_dags/example_subdag_operator.py
[2025-05-01T11:17:18.286+0000] {processor.py:830} INFO - Processing file /home/airflow/.local/lib/python3.12/site-packages/airflow/example_dags/example_subdag_operator.py for tasks to queue
[2025-05-01T11:17:18.291+0000] {logging_mixin.py:188} INFO - [2025-05-01T11:17:18.290+0000] {dagbag.py:545} INFO - Filling up the DagBag from /home/airflow/.local/lib/python3.12/site-packages/airflow/example_dags/example_subdag_operator.py
[2025-05-01T11:17:18.361+0000] {processor.py:840} INFO - DAG(s) 'example_subdag_operator.section-1', 'example_subdag_operator.section-2', 'example_subdag_operator' retrieved from /home/airflow/.local/lib/python3.12/site-packages/airflow/example_dags/example_subdag_operator.py
[2025-05-01T11:17:18.403+0000] {logging_mixin.py:188} INFO - [2025-05-01T11:17:18.403+0000] {dag.py:3096} INFO - Sync 3 DAGs
[2025-05-01T11:17:18.462+0000] {logging_mixin.py:188} INFO - [2025-05-01T11:17:18.461+0000] {dag.py:3954} INFO - Setting next_dagrun for example_subdag_operator to 2022-01-01 00:00:00+00:00, run_after=2022-01-01 00:00:00+00:00
[2025-05-01T11:17:18.474+0000] {logging_mixin.py:188} INFO - [2025-05-01T11:17:18.473+0000] {dag.py:3954} INFO - Setting next_dagrun for example_subdag_operator.section-1 to None, run_after=None
[2025-05-01T11:17:18.478+0000] {logging_mixin.py:188} INFO - [2025-05-01T11:17:18.478+0000] {dag.py:3954} INFO - Setting next_dagrun for example_subdag_operator.section-2 to None, run_after=None
[2025-05-01T11:17:18.498+0000] {logging_mixin.py:188} INFO - [2025-05-01T11:17:18.498+0000] {dag.py:3096} INFO - Sync 2 DAGs
[2025-05-01T11:17:18.515+0000] {logging_mixin.py:188} INFO - [2025-05-01T11:17:18.514+0000] {dag.py:3954} INFO - Setting next_dagrun for example_subdag_operator.section-1 to None, run_after=None
[2025-05-01T11:17:18.517+0000] {logging_mixin.py:188} INFO - [2025-05-01T11:17:18.517+0000] {dag.py:3954} INFO - Setting next_dagrun for example_subdag_operator.section-2 to None, run_after=None
[2025-05-01T11:17:18.557+0000] {processor.py:183} INFO - Processing /home/airflow/.local/lib/python3.12/site-packages/airflow/example_dags/example_subdag_operator.py took 0.289 seconds
[2025-05-01T11:17:49.190+0000] {processor.py:161} INFO - Started process (PID=3079) to work on /home/airflow/.local/lib/python3.12/site-packages/airflow/example_dags/example_subdag_operator.py
[2025-05-01T11:17:49.193+0000] {processor.py:830} INFO - Processing file /home/airflow/.local/lib/python3.12/site-packages/airflow/example_dags/example_subdag_operator.py for tasks to queue
[2025-05-01T11:17:49.199+0000] {logging_mixin.py:188} INFO - [2025-05-01T11:17:49.198+0000] {dagbag.py:545} INFO - Filling up the DagBag from /home/airflow/.local/lib/python3.12/site-packages/airflow/example_dags/example_subdag_operator.py
[2025-05-01T11:17:49.263+0000] {processor.py:840} INFO - DAG(s) 'example_subdag_operator.section-1', 'example_subdag_operator.section-2', 'example_subdag_operator' retrieved from /home/airflow/.local/lib/python3.12/site-packages/airflow/example_dags/example_subdag_operator.py
[2025-05-01T11:17:49.310+0000] {logging_mixin.py:188} INFO - [2025-05-01T11:17:49.309+0000] {dag.py:3096} INFO - Sync 3 DAGs
[2025-05-01T11:17:49.369+0000] {logging_mixin.py:188} INFO - [2025-05-01T11:17:49.369+0000] {dag.py:3954} INFO - Setting next_dagrun for example_subdag_operator to 2022-01-01 00:00:00+00:00, run_after=2022-01-01 00:00:00+00:00
[2025-05-01T11:17:49.380+0000] {logging_mixin.py:188} INFO - [2025-05-01T11:17:49.379+0000] {dag.py:3954} INFO - Setting next_dagrun for example_subdag_operator.section-1 to None, run_after=None
[2025-05-01T11:17:49.384+0000] {logging_mixin.py:188} INFO - [2025-05-01T11:17:49.384+0000] {dag.py:3954} INFO - Setting next_dagrun for example_subdag_operator.section-2 to None, run_after=None
[2025-05-01T11:17:49.405+0000] {logging_mixin.py:188} INFO - [2025-05-01T11:17:49.404+0000] {dag.py:3096} INFO - Sync 2 DAGs
[2025-05-01T11:17:49.422+0000] {logging_mixin.py:188} INFO - [2025-05-01T11:17:49.421+0000] {dag.py:3954} INFO - Setting next_dagrun for example_subdag_operator.section-1 to None, run_after=None
[2025-05-01T11:17:49.424+0000] {logging_mixin.py:188} INFO - [2025-05-01T11:17:49.423+0000] {dag.py:3954} INFO - Setting next_dagrun for example_subdag_operator.section-2 to None, run_after=None
[2025-05-01T11:17:49.463+0000] {processor.py:183} INFO - Processing /home/airflow/.local/lib/python3.12/site-packages/airflow/example_dags/example_subdag_operator.py took 0.289 seconds
[2025-05-01T11:18:19.616+0000] {processor.py:161} INFO - Started process (PID=3138) to work on /home/airflow/.local/lib/python3.12/site-packages/airflow/example_dags/example_subdag_operator.py
[2025-05-01T11:18:19.619+0000] {processor.py:830} INFO - Processing file /home/airflow/.local/lib/python3.12/site-packages/airflow/example_dags/example_subdag_operator.py for tasks to queue
[2025-05-01T11:18:19.626+0000] {logging_mixin.py:188} INFO - [2025-05-01T11:18:19.624+0000] {dagbag.py:545} INFO - Filling up the DagBag from /home/airflow/.local/lib/python3.12/site-packages/airflow/example_dags/example_subdag_operator.py
[2025-05-01T11:18:19.693+0000] {processor.py:840} INFO - DAG(s) 'example_subdag_operator.section-1', 'example_subdag_operator.section-2', 'example_subdag_operator' retrieved from /home/airflow/.local/lib/python3.12/site-packages/airflow/example_dags/example_subdag_operator.py
[2025-05-01T11:18:19.746+0000] {logging_mixin.py:188} INFO - [2025-05-01T11:18:19.745+0000] {dag.py:3096} INFO - Sync 3 DAGs
[2025-05-01T11:18:19.810+0000] {logging_mixin.py:188} INFO - [2025-05-01T11:18:19.809+0000] {dag.py:3954} INFO - Setting next_dagrun for example_subdag_operator to 2022-01-01 00:00:00+00:00, run_after=2022-01-01 00:00:00+00:00
[2025-05-01T11:18:19.823+0000] {logging_mixin.py:188} INFO - [2025-05-01T11:18:19.822+0000] {dag.py:3954} INFO - Setting next_dagrun for example_subdag_operator.section-1 to None, run_after=None
[2025-05-01T11:18:19.827+0000] {logging_mixin.py:188} INFO - [2025-05-01T11:18:19.827+0000] {dag.py:3954} INFO - Setting next_dagrun for example_subdag_operator.section-2 to None, run_after=None
[2025-05-01T11:18:19.853+0000] {logging_mixin.py:188} INFO - [2025-05-01T11:18:19.851+0000] {dag.py:3096} INFO - Sync 2 DAGs
[2025-05-01T11:18:19.868+0000] {logging_mixin.py:188} INFO - [2025-05-01T11:18:19.868+0000] {dag.py:3954} INFO - Setting next_dagrun for example_subdag_operator.section-1 to None, run_after=None
[2025-05-01T11:18:19.870+0000] {logging_mixin.py:188} INFO - [2025-05-01T11:18:19.870+0000] {dag.py:3954} INFO - Setting next_dagrun for example_subdag_operator.section-2 to None, run_after=None
[2025-05-01T11:18:19.903+0000] {processor.py:183} INFO - Processing /home/airflow/.local/lib/python3.12/site-packages/airflow/example_dags/example_subdag_operator.py took 0.305 seconds
[2025-05-01T11:18:50.041+0000] {processor.py:161} INFO - Started process (PID=3197) to work on /home/airflow/.local/lib/python3.12/site-packages/airflow/example_dags/example_subdag_operator.py
[2025-05-01T11:18:50.044+0000] {processor.py:830} INFO - Processing file /home/airflow/.local/lib/python3.12/site-packages/airflow/example_dags/example_subdag_operator.py for tasks to queue
[2025-05-01T11:18:50.053+0000] {logging_mixin.py:188} INFO - [2025-05-01T11:18:50.051+0000] {dagbag.py:545} INFO - Filling up the DagBag from /home/airflow/.local/lib/python3.12/site-packages/airflow/example_dags/example_subdag_operator.py
[2025-05-01T11:18:50.141+0000] {processor.py:840} INFO - DAG(s) 'example_subdag_operator.section-1', 'example_subdag_operator.section-2', 'example_subdag_operator' retrieved from /home/airflow/.local/lib/python3.12/site-packages/airflow/example_dags/example_subdag_operator.py
[2025-05-01T11:18:50.212+0000] {logging_mixin.py:188} INFO - [2025-05-01T11:18:50.211+0000] {dag.py:3096} INFO - Sync 3 DAGs
[2025-05-01T11:18:50.272+0000] {logging_mixin.py:188} INFO - [2025-05-01T11:18:50.271+0000] {dag.py:3954} INFO - Setting next_dagrun for example_subdag_operator to 2022-01-01 00:00:00+00:00, run_after=2022-01-01 00:00:00+00:00
[2025-05-01T11:18:50.286+0000] {logging_mixin.py:188} INFO - [2025-05-01T11:18:50.285+0000] {dag.py:3954} INFO - Setting next_dagrun for example_subdag_operator.section-1 to None, run_after=None
[2025-05-01T11:18:50.292+0000] {logging_mixin.py:188} INFO - [2025-05-01T11:18:50.291+0000] {dag.py:3954} INFO - Setting next_dagrun for example_subdag_operator.section-2 to None, run_after=None
[2025-05-01T11:18:50.316+0000] {logging_mixin.py:188} INFO - [2025-05-01T11:18:50.315+0000] {dag.py:3096} INFO - Sync 2 DAGs
[2025-05-01T11:18:50.334+0000] {logging_mixin.py:188} INFO - [2025-05-01T11:18:50.333+0000] {dag.py:3954} INFO - Setting next_dagrun for example_subdag_operator.section-1 to None, run_after=None
[2025-05-01T11:18:50.337+0000] {logging_mixin.py:188} INFO - [2025-05-01T11:18:50.336+0000] {dag.py:3954} INFO - Setting next_dagrun for example_subdag_operator.section-2 to None, run_after=None
[2025-05-01T11:18:50.385+0000] {processor.py:183} INFO - Processing /home/airflow/.local/lib/python3.12/site-packages/airflow/example_dags/example_subdag_operator.py took 0.363 seconds
[2025-05-01T11:19:20.592+0000] {processor.py:161} INFO - Started process (PID=3257) to work on /home/airflow/.local/lib/python3.12/site-packages/airflow/example_dags/example_subdag_operator.py
[2025-05-01T11:19:20.594+0000] {processor.py:830} INFO - Processing file /home/airflow/.local/lib/python3.12/site-packages/airflow/example_dags/example_subdag_operator.py for tasks to queue
[2025-05-01T11:19:20.599+0000] {logging_mixin.py:188} INFO - [2025-05-01T11:19:20.598+0000] {dagbag.py:545} INFO - Filling up the DagBag from /home/airflow/.local/lib/python3.12/site-packages/airflow/example_dags/example_subdag_operator.py
[2025-05-01T11:19:20.673+0000] {processor.py:840} INFO - DAG(s) 'example_subdag_operator.section-1', 'example_subdag_operator.section-2', 'example_subdag_operator' retrieved from /home/airflow/.local/lib/python3.12/site-packages/airflow/example_dags/example_subdag_operator.py
[2025-05-01T11:19:20.717+0000] {logging_mixin.py:188} INFO - [2025-05-01T11:19:20.716+0000] {dag.py:3096} INFO - Sync 3 DAGs
[2025-05-01T11:19:20.769+0000] {logging_mixin.py:188} INFO - [2025-05-01T11:19:20.769+0000] {dag.py:3954} INFO - Setting next_dagrun for example_subdag_operator to 2022-01-01 00:00:00+00:00, run_after=2022-01-01 00:00:00+00:00
[2025-05-01T11:19:20.780+0000] {logging_mixin.py:188} INFO - [2025-05-01T11:19:20.780+0000] {dag.py:3954} INFO - Setting next_dagrun for example_subdag_operator.section-1 to None, run_after=None
[2025-05-01T11:19:20.785+0000] {logging_mixin.py:188} INFO - [2025-05-01T11:19:20.784+0000] {dag.py:3954} INFO - Setting next_dagrun for example_subdag_operator.section-2 to None, run_after=None
[2025-05-01T11:19:20.805+0000] {logging_mixin.py:188} INFO - [2025-05-01T11:19:20.805+0000] {dag.py:3096} INFO - Sync 2 DAGs
[2025-05-01T11:19:20.822+0000] {logging_mixin.py:188} INFO - [2025-05-01T11:19:20.821+0000] {dag.py:3954} INFO - Setting next_dagrun for example_subdag_operator.section-1 to None, run_after=None
[2025-05-01T11:19:20.824+0000] {logging_mixin.py:188} INFO - [2025-05-01T11:19:20.824+0000] {dag.py:3954} INFO - Setting next_dagrun for example_subdag_operator.section-2 to None, run_after=None
[2025-05-01T11:19:20.861+0000] {processor.py:183} INFO - Processing /home/airflow/.local/lib/python3.12/site-packages/airflow/example_dags/example_subdag_operator.py took 0.285 seconds
[2025-05-01T11:19:51.012+0000] {processor.py:161} INFO - Started process (PID=3316) to work on /home/airflow/.local/lib/python3.12/site-packages/airflow/example_dags/example_subdag_operator.py
[2025-05-01T11:19:51.015+0000] {processor.py:830} INFO - Processing file /home/airflow/.local/lib/python3.12/site-packages/airflow/example_dags/example_subdag_operator.py for tasks to queue
[2025-05-01T11:19:51.022+0000] {logging_mixin.py:188} INFO - [2025-05-01T11:19:51.021+0000] {dagbag.py:545} INFO - Filling up the DagBag from /home/airflow/.local/lib/python3.12/site-packages/airflow/example_dags/example_subdag_operator.py
[2025-05-01T11:19:51.089+0000] {processor.py:840} INFO - DAG(s) 'example_subdag_operator.section-1', 'example_subdag_operator.section-2', 'example_subdag_operator' retrieved from /home/airflow/.local/lib/python3.12/site-packages/airflow/example_dags/example_subdag_operator.py
[2025-05-01T11:19:51.139+0000] {logging_mixin.py:188} INFO - [2025-05-01T11:19:51.138+0000] {dag.py:3096} INFO - Sync 3 DAGs
[2025-05-01T11:19:51.197+0000] {logging_mixin.py:188} INFO - [2025-05-01T11:19:51.196+0000] {dag.py:3954} INFO - Setting next_dagrun for example_subdag_operator to 2022-01-01 00:00:00+00:00, run_after=2022-01-01 00:00:00+00:00
[2025-05-01T11:19:51.207+0000] {logging_mixin.py:188} INFO - [2025-05-01T11:19:51.207+0000] {dag.py:3954} INFO - Setting next_dagrun for example_subdag_operator.section-1 to None, run_after=None
[2025-05-01T11:19:51.213+0000] {logging_mixin.py:188} INFO - [2025-05-01T11:19:51.212+0000] {dag.py:3954} INFO - Setting next_dagrun for example_subdag_operator.section-2 to None, run_after=None
[2025-05-01T11:19:51.236+0000] {logging_mixin.py:188} INFO - [2025-05-01T11:19:51.235+0000] {dag.py:3096} INFO - Sync 2 DAGs
[2025-05-01T11:19:51.252+0000] {logging_mixin.py:188} INFO - [2025-05-01T11:19:51.252+0000] {dag.py:3954} INFO - Setting next_dagrun for example_subdag_operator.section-1 to None, run_after=None
[2025-05-01T11:19:51.254+0000] {logging_mixin.py:188} INFO - [2025-05-01T11:19:51.254+0000] {dag.py:3954} INFO - Setting next_dagrun for example_subdag_operator.section-2 to None, run_after=None
[2025-05-01T11:19:51.289+0000] {processor.py:183} INFO - Processing /home/airflow/.local/lib/python3.12/site-packages/airflow/example_dags/example_subdag_operator.py took 0.297 seconds
[2025-05-01T11:20:21.559+0000] {processor.py:161} INFO - Started process (PID=3374) to work on /home/airflow/.local/lib/python3.12/site-packages/airflow/example_dags/example_subdag_operator.py
[2025-05-01T11:20:21.562+0000] {processor.py:830} INFO - Processing file /home/airflow/.local/lib/python3.12/site-packages/airflow/example_dags/example_subdag_operator.py for tasks to queue
[2025-05-01T11:20:21.568+0000] {logging_mixin.py:188} INFO - [2025-05-01T11:20:21.567+0000] {dagbag.py:545} INFO - Filling up the DagBag from /home/airflow/.local/lib/python3.12/site-packages/airflow/example_dags/example_subdag_operator.py
[2025-05-01T11:20:21.642+0000] {processor.py:840} INFO - DAG(s) 'example_subdag_operator.section-1', 'example_subdag_operator.section-2', 'example_subdag_operator' retrieved from /home/airflow/.local/lib/python3.12/site-packages/airflow/example_dags/example_subdag_operator.py
[2025-05-01T11:20:21.689+0000] {logging_mixin.py:188} INFO - [2025-05-01T11:20:21.688+0000] {dag.py:3096} INFO - Sync 3 DAGs
[2025-05-01T11:20:21.745+0000] {logging_mixin.py:188} INFO - [2025-05-01T11:20:21.744+0000] {dag.py:3954} INFO - Setting next_dagrun for example_subdag_operator to 2022-01-01 00:00:00+00:00, run_after=2022-01-01 00:00:00+00:00
[2025-05-01T11:20:21.760+0000] {logging_mixin.py:188} INFO - [2025-05-01T11:20:21.759+0000] {dag.py:3954} INFO - Setting next_dagrun for example_subdag_operator.section-1 to None, run_after=None
[2025-05-01T11:20:21.766+0000] {logging_mixin.py:188} INFO - [2025-05-01T11:20:21.765+0000] {dag.py:3954} INFO - Setting next_dagrun for example_subdag_operator.section-2 to None, run_after=None
[2025-05-01T11:20:21.804+0000] {logging_mixin.py:188} INFO - [2025-05-01T11:20:21.801+0000] {dag.py:3096} INFO - Sync 2 DAGs
[2025-05-01T11:20:21.833+0000] {logging_mixin.py:188} INFO - [2025-05-01T11:20:21.832+0000] {dag.py:3954} INFO - Setting next_dagrun for example_subdag_operator.section-1 to None, run_after=None
[2025-05-01T11:20:21.835+0000] {logging_mixin.py:188} INFO - [2025-05-01T11:20:21.835+0000] {dag.py:3954} INFO - Setting next_dagrun for example_subdag_operator.section-2 to None, run_after=None
[2025-05-01T11:20:21.874+0000] {processor.py:183} INFO - Processing /home/airflow/.local/lib/python3.12/site-packages/airflow/example_dags/example_subdag_operator.py took 0.328 seconds
[2025-05-01T11:20:52.003+0000] {processor.py:161} INFO - Started process (PID=3433) to work on /home/airflow/.local/lib/python3.12/site-packages/airflow/example_dags/example_subdag_operator.py
[2025-05-01T11:20:52.006+0000] {processor.py:830} INFO - Processing file /home/airflow/.local/lib/python3.12/site-packages/airflow/example_dags/example_subdag_operator.py for tasks to queue
[2025-05-01T11:20:52.013+0000] {logging_mixin.py:188} INFO - [2025-05-01T11:20:52.011+0000] {dagbag.py:545} INFO - Filling up the DagBag from /home/airflow/.local/lib/python3.12/site-packages/airflow/example_dags/example_subdag_operator.py
[2025-05-01T11:20:52.076+0000] {processor.py:840} INFO - DAG(s) 'example_subdag_operator.section-1', 'example_subdag_operator.section-2', 'example_subdag_operator' retrieved from /home/airflow/.local/lib/python3.12/site-packages/airflow/example_dags/example_subdag_operator.py
[2025-05-01T11:20:52.115+0000] {logging_mixin.py:188} INFO - [2025-05-01T11:20:52.114+0000] {dag.py:3096} INFO - Sync 3 DAGs
[2025-05-01T11:20:52.169+0000] {logging_mixin.py:188} INFO - [2025-05-01T11:20:52.168+0000] {dag.py:3954} INFO - Setting next_dagrun for example_subdag_operator to 2022-01-01 00:00:00+00:00, run_after=2022-01-01 00:00:00+00:00
[2025-05-01T11:20:52.180+0000] {logging_mixin.py:188} INFO - [2025-05-01T11:20:52.179+0000] {dag.py:3954} INFO - Setting next_dagrun for example_subdag_operator.section-1 to None, run_after=None
[2025-05-01T11:20:52.185+0000] {logging_mixin.py:188} INFO - [2025-05-01T11:20:52.184+0000] {dag.py:3954} INFO - Setting next_dagrun for example_subdag_operator.section-2 to None, run_after=None
[2025-05-01T11:20:52.207+0000] {logging_mixin.py:188} INFO - [2025-05-01T11:20:52.206+0000] {dag.py:3096} INFO - Sync 2 DAGs
[2025-05-01T11:20:52.227+0000] {logging_mixin.py:188} INFO - [2025-05-01T11:20:52.226+0000] {dag.py:3954} INFO - Setting next_dagrun for example_subdag_operator.section-1 to None, run_after=None
[2025-05-01T11:20:52.229+0000] {logging_mixin.py:188} INFO - [2025-05-01T11:20:52.228+0000] {dag.py:3954} INFO - Setting next_dagrun for example_subdag_operator.section-2 to None, run_after=None
[2025-05-01T11:20:52.267+0000] {processor.py:183} INFO - Processing /home/airflow/.local/lib/python3.12/site-packages/airflow/example_dags/example_subdag_operator.py took 0.278 seconds
[2025-05-01T11:21:22.472+0000] {processor.py:161} INFO - Started process (PID=3492) to work on /home/airflow/.local/lib/python3.12/site-packages/airflow/example_dags/example_subdag_operator.py
[2025-05-01T11:21:22.475+0000] {processor.py:830} INFO - Processing file /home/airflow/.local/lib/python3.12/site-packages/airflow/example_dags/example_subdag_operator.py for tasks to queue
[2025-05-01T11:21:22.481+0000] {logging_mixin.py:188} INFO - [2025-05-01T11:21:22.480+0000] {dagbag.py:545} INFO - Filling up the DagBag from /home/airflow/.local/lib/python3.12/site-packages/airflow/example_dags/example_subdag_operator.py
[2025-05-01T11:21:22.558+0000] {processor.py:840} INFO - DAG(s) 'example_subdag_operator.section-1', 'example_subdag_operator.section-2', 'example_subdag_operator' retrieved from /home/airflow/.local/lib/python3.12/site-packages/airflow/example_dags/example_subdag_operator.py
[2025-05-01T11:21:22.612+0000] {logging_mixin.py:188} INFO - [2025-05-01T11:21:22.611+0000] {dag.py:3096} INFO - Sync 3 DAGs
[2025-05-01T11:21:22.675+0000] {logging_mixin.py:188} INFO - [2025-05-01T11:21:22.674+0000] {dag.py:3954} INFO - Setting next_dagrun for example_subdag_operator to 2022-01-01 00:00:00+00:00, run_after=2022-01-01 00:00:00+00:00
[2025-05-01T11:21:22.689+0000] {logging_mixin.py:188} INFO - [2025-05-01T11:21:22.689+0000] {dag.py:3954} INFO - Setting next_dagrun for example_subdag_operator.section-1 to None, run_after=None
[2025-05-01T11:21:22.695+0000] {logging_mixin.py:188} INFO - [2025-05-01T11:21:22.694+0000] {dag.py:3954} INFO - Setting next_dagrun for example_subdag_operator.section-2 to None, run_after=None
[2025-05-01T11:21:22.721+0000] {logging_mixin.py:188} INFO - [2025-05-01T11:21:22.720+0000] {dag.py:3096} INFO - Sync 2 DAGs
[2025-05-01T11:21:22.739+0000] {logging_mixin.py:188} INFO - [2025-05-01T11:21:22.738+0000] {dag.py:3954} INFO - Setting next_dagrun for example_subdag_operator.section-1 to None, run_after=None
[2025-05-01T11:21:22.745+0000] {logging_mixin.py:188} INFO - [2025-05-01T11:21:22.744+0000] {dag.py:3954} INFO - Setting next_dagrun for example_subdag_operator.section-2 to None, run_after=None
[2025-05-01T11:21:22.786+0000] {processor.py:183} INFO - Processing /home/airflow/.local/lib/python3.12/site-packages/airflow/example_dags/example_subdag_operator.py took 0.330 seconds
[2025-05-01T11:21:53.093+0000] {processor.py:161} INFO - Started process (PID=3551) to work on /home/airflow/.local/lib/python3.12/site-packages/airflow/example_dags/example_subdag_operator.py
[2025-05-01T11:21:53.096+0000] {processor.py:830} INFO - Processing file /home/airflow/.local/lib/python3.12/site-packages/airflow/example_dags/example_subdag_operator.py for tasks to queue
[2025-05-01T11:21:53.101+0000] {logging_mixin.py:188} INFO - [2025-05-01T11:21:53.100+0000] {dagbag.py:545} INFO - Filling up the DagBag from /home/airflow/.local/lib/python3.12/site-packages/airflow/example_dags/example_subdag_operator.py
[2025-05-01T11:21:53.158+0000] {processor.py:840} INFO - DAG(s) 'example_subdag_operator.section-1', 'example_subdag_operator.section-2', 'example_subdag_operator' retrieved from /home/airflow/.local/lib/python3.12/site-packages/airflow/example_dags/example_subdag_operator.py
[2025-05-01T11:21:53.197+0000] {logging_mixin.py:188} INFO - [2025-05-01T11:21:53.196+0000] {dag.py:3096} INFO - Sync 3 DAGs
[2025-05-01T11:21:53.249+0000] {logging_mixin.py:188} INFO - [2025-05-01T11:21:53.248+0000] {dag.py:3954} INFO - Setting next_dagrun for example_subdag_operator to 2022-01-01 00:00:00+00:00, run_after=2022-01-01 00:00:00+00:00
[2025-05-01T11:21:53.259+0000] {logging_mixin.py:188} INFO - [2025-05-01T11:21:53.258+0000] {dag.py:3954} INFO - Setting next_dagrun for example_subdag_operator.section-1 to None, run_after=None
[2025-05-01T11:21:53.263+0000] {logging_mixin.py:188} INFO - [2025-05-01T11:21:53.262+0000] {dag.py:3954} INFO - Setting next_dagrun for example_subdag_operator.section-2 to None, run_after=None
[2025-05-01T11:21:53.284+0000] {logging_mixin.py:188} INFO - [2025-05-01T11:21:53.284+0000] {dag.py:3096} INFO - Sync 2 DAGs
[2025-05-01T11:21:53.299+0000] {logging_mixin.py:188} INFO - [2025-05-01T11:21:53.298+0000] {dag.py:3954} INFO - Setting next_dagrun for example_subdag_operator.section-1 to None, run_after=None
[2025-05-01T11:21:53.301+0000] {logging_mixin.py:188} INFO - [2025-05-01T11:21:53.300+0000] {dag.py:3954} INFO - Setting next_dagrun for example_subdag_operator.section-2 to None, run_after=None
[2025-05-01T11:21:53.335+0000] {processor.py:183} INFO - Processing /home/airflow/.local/lib/python3.12/site-packages/airflow/example_dags/example_subdag_operator.py took 0.254 seconds
[2025-05-01T11:22:23.477+0000] {processor.py:161} INFO - Started process (PID=3610) to work on /home/airflow/.local/lib/python3.12/site-packages/airflow/example_dags/example_subdag_operator.py
[2025-05-01T11:22:23.480+0000] {processor.py:830} INFO - Processing file /home/airflow/.local/lib/python3.12/site-packages/airflow/example_dags/example_subdag_operator.py for tasks to queue
[2025-05-01T11:22:23.484+0000] {logging_mixin.py:188} INFO - [2025-05-01T11:22:23.483+0000] {dagbag.py:545} INFO - Filling up the DagBag from /home/airflow/.local/lib/python3.12/site-packages/airflow/example_dags/example_subdag_operator.py
[2025-05-01T11:22:23.535+0000] {processor.py:840} INFO - DAG(s) 'example_subdag_operator.section-1', 'example_subdag_operator.section-2', 'example_subdag_operator' retrieved from /home/airflow/.local/lib/python3.12/site-packages/airflow/example_dags/example_subdag_operator.py
[2025-05-01T11:22:23.568+0000] {logging_mixin.py:188} INFO - [2025-05-01T11:22:23.567+0000] {dag.py:3096} INFO - Sync 3 DAGs
[2025-05-01T11:22:23.614+0000] {logging_mixin.py:188} INFO - [2025-05-01T11:22:23.614+0000] {dag.py:3954} INFO - Setting next_dagrun for example_subdag_operator to 2022-01-01 00:00:00+00:00, run_after=2022-01-01 00:00:00+00:00
[2025-05-01T11:22:23.622+0000] {logging_mixin.py:188} INFO - [2025-05-01T11:22:23.622+0000] {dag.py:3954} INFO - Setting next_dagrun for example_subdag_operator.section-1 to None, run_after=None
[2025-05-01T11:22:23.626+0000] {logging_mixin.py:188} INFO - [2025-05-01T11:22:23.626+0000] {dag.py:3954} INFO - Setting next_dagrun for example_subdag_operator.section-2 to None, run_after=None
[2025-05-01T11:22:23.644+0000] {logging_mixin.py:188} INFO - [2025-05-01T11:22:23.643+0000] {dag.py:3096} INFO - Sync 2 DAGs
[2025-05-01T11:22:23.656+0000] {logging_mixin.py:188} INFO - [2025-05-01T11:22:23.656+0000] {dag.py:3954} INFO - Setting next_dagrun for example_subdag_operator.section-1 to None, run_after=None
[2025-05-01T11:22:23.658+0000] {logging_mixin.py:188} INFO - [2025-05-01T11:22:23.658+0000] {dag.py:3954} INFO - Setting next_dagrun for example_subdag_operator.section-2 to None, run_after=None
[2025-05-01T11:22:23.690+0000] {processor.py:183} INFO - Processing /home/airflow/.local/lib/python3.12/site-packages/airflow/example_dags/example_subdag_operator.py took 0.226 seconds
[2025-05-01T11:22:53.855+0000] {processor.py:161} INFO - Started process (PID=3669) to work on /home/airflow/.local/lib/python3.12/site-packages/airflow/example_dags/example_subdag_operator.py
[2025-05-01T11:22:53.857+0000] {processor.py:830} INFO - Processing file /home/airflow/.local/lib/python3.12/site-packages/airflow/example_dags/example_subdag_operator.py for tasks to queue
[2025-05-01T11:22:53.862+0000] {logging_mixin.py:188} INFO - [2025-05-01T11:22:53.861+0000] {dagbag.py:545} INFO - Filling up the DagBag from /home/airflow/.local/lib/python3.12/site-packages/airflow/example_dags/example_subdag_operator.py
[2025-05-01T11:22:53.926+0000] {processor.py:840} INFO - DAG(s) 'example_subdag_operator.section-1', 'example_subdag_operator.section-2', 'example_subdag_operator' retrieved from /home/airflow/.local/lib/python3.12/site-packages/airflow/example_dags/example_subdag_operator.py
[2025-05-01T11:22:53.962+0000] {logging_mixin.py:188} INFO - [2025-05-01T11:22:53.961+0000] {dag.py:3096} INFO - Sync 3 DAGs
[2025-05-01T11:22:54.019+0000] {logging_mixin.py:188} INFO - [2025-05-01T11:22:54.018+0000] {dag.py:3954} INFO - Setting next_dagrun for example_subdag_operator to 2022-01-01 00:00:00+00:00, run_after=2022-01-01 00:00:00+00:00
[2025-05-01T11:22:54.030+0000] {logging_mixin.py:188} INFO - [2025-05-01T11:22:54.029+0000] {dag.py:3954} INFO - Setting next_dagrun for example_subdag_operator.section-1 to None, run_after=None
[2025-05-01T11:22:54.034+0000] {logging_mixin.py:188} INFO - [2025-05-01T11:22:54.034+0000] {dag.py:3954} INFO - Setting next_dagrun for example_subdag_operator.section-2 to None, run_after=None
[2025-05-01T11:22:54.057+0000] {logging_mixin.py:188} INFO - [2025-05-01T11:22:54.056+0000] {dag.py:3096} INFO - Sync 2 DAGs
[2025-05-01T11:22:54.074+0000] {logging_mixin.py:188} INFO - [2025-05-01T11:22:54.073+0000] {dag.py:3954} INFO - Setting next_dagrun for example_subdag_operator.section-1 to None, run_after=None
[2025-05-01T11:22:54.076+0000] {logging_mixin.py:188} INFO - [2025-05-01T11:22:54.075+0000] {dag.py:3954} INFO - Setting next_dagrun for example_subdag_operator.section-2 to None, run_after=None
[2025-05-01T11:22:54.108+0000] {processor.py:183} INFO - Processing /home/airflow/.local/lib/python3.12/site-packages/airflow/example_dags/example_subdag_operator.py took 0.266 seconds
[2025-05-01T11:23:24.600+0000] {processor.py:161} INFO - Started process (PID=3728) to work on /home/airflow/.local/lib/python3.12/site-packages/airflow/example_dags/example_subdag_operator.py
[2025-05-01T11:23:24.603+0000] {processor.py:830} INFO - Processing file /home/airflow/.local/lib/python3.12/site-packages/airflow/example_dags/example_subdag_operator.py for tasks to queue
[2025-05-01T11:23:24.608+0000] {logging_mixin.py:188} INFO - [2025-05-01T11:23:24.607+0000] {dagbag.py:545} INFO - Filling up the DagBag from /home/airflow/.local/lib/python3.12/site-packages/airflow/example_dags/example_subdag_operator.py
[2025-05-01T11:23:24.683+0000] {processor.py:840} INFO - DAG(s) 'example_subdag_operator.section-1', 'example_subdag_operator.section-2', 'example_subdag_operator' retrieved from /home/airflow/.local/lib/python3.12/site-packages/airflow/example_dags/example_subdag_operator.py
[2025-05-01T11:23:24.729+0000] {logging_mixin.py:188} INFO - [2025-05-01T11:23:24.729+0000] {dag.py:3096} INFO - Sync 3 DAGs
[2025-05-01T11:23:24.784+0000] {logging_mixin.py:188} INFO - [2025-05-01T11:23:24.783+0000] {dag.py:3954} INFO - Setting next_dagrun for example_subdag_operator to 2022-01-01 00:00:00+00:00, run_after=2022-01-01 00:00:00+00:00
[2025-05-01T11:23:24.796+0000] {logging_mixin.py:188} INFO - [2025-05-01T11:23:24.796+0000] {dag.py:3954} INFO - Setting next_dagrun for example_subdag_operator.section-1 to None, run_after=None
[2025-05-01T11:23:24.800+0000] {logging_mixin.py:188} INFO - [2025-05-01T11:23:24.800+0000] {dag.py:3954} INFO - Setting next_dagrun for example_subdag_operator.section-2 to None, run_after=None
[2025-05-01T11:23:24.821+0000] {logging_mixin.py:188} INFO - [2025-05-01T11:23:24.820+0000] {dag.py:3096} INFO - Sync 2 DAGs
[2025-05-01T11:23:24.837+0000] {logging_mixin.py:188} INFO - [2025-05-01T11:23:24.836+0000] {dag.py:3954} INFO - Setting next_dagrun for example_subdag_operator.section-1 to None, run_after=None
[2025-05-01T11:23:24.839+0000] {logging_mixin.py:188} INFO - [2025-05-01T11:23:24.838+0000] {dag.py:3954} INFO - Setting next_dagrun for example_subdag_operator.section-2 to None, run_after=None
[2025-05-01T11:23:24.882+0000] {processor.py:183} INFO - Processing /home/airflow/.local/lib/python3.12/site-packages/airflow/example_dags/example_subdag_operator.py took 0.299 seconds
[2025-05-01T11:23:55.677+0000] {processor.py:161} INFO - Started process (PID=3787) to work on /home/airflow/.local/lib/python3.12/site-packages/airflow/example_dags/example_subdag_operator.py
[2025-05-01T11:23:55.681+0000] {processor.py:830} INFO - Processing file /home/airflow/.local/lib/python3.12/site-packages/airflow/example_dags/example_subdag_operator.py for tasks to queue
[2025-05-01T11:23:55.687+0000] {logging_mixin.py:188} INFO - [2025-05-01T11:23:55.686+0000] {dagbag.py:545} INFO - Filling up the DagBag from /home/airflow/.local/lib/python3.12/site-packages/airflow/example_dags/example_subdag_operator.py
[2025-05-01T11:23:55.761+0000] {processor.py:840} INFO - DAG(s) 'example_subdag_operator.section-1', 'example_subdag_operator.section-2', 'example_subdag_operator' retrieved from /home/airflow/.local/lib/python3.12/site-packages/airflow/example_dags/example_subdag_operator.py
[2025-05-01T11:23:55.802+0000] {logging_mixin.py:188} INFO - [2025-05-01T11:23:55.801+0000] {dag.py:3096} INFO - Sync 3 DAGs
[2025-05-01T11:23:55.858+0000] {logging_mixin.py:188} INFO - [2025-05-01T11:23:55.856+0000] {dag.py:3954} INFO - Setting next_dagrun for example_subdag_operator to 2022-01-01 00:00:00+00:00, run_after=2022-01-01 00:00:00+00:00
[2025-05-01T11:23:55.871+0000] {logging_mixin.py:188} INFO - [2025-05-01T11:23:55.870+0000] {dag.py:3954} INFO - Setting next_dagrun for example_subdag_operator.section-1 to None, run_after=None
[2025-05-01T11:23:55.876+0000] {logging_mixin.py:188} INFO - [2025-05-01T11:23:55.875+0000] {dag.py:3954} INFO - Setting next_dagrun for example_subdag_operator.section-2 to None, run_after=None
[2025-05-01T11:23:55.897+0000] {logging_mixin.py:188} INFO - [2025-05-01T11:23:55.896+0000] {dag.py:3096} INFO - Sync 2 DAGs
[2025-05-01T11:23:55.917+0000] {logging_mixin.py:188} INFO - [2025-05-01T11:23:55.916+0000] {dag.py:3954} INFO - Setting next_dagrun for example_subdag_operator.section-1 to None, run_after=None
[2025-05-01T11:23:55.919+0000] {logging_mixin.py:188} INFO - [2025-05-01T11:23:55.918+0000] {dag.py:3954} INFO - Setting next_dagrun for example_subdag_operator.section-2 to None, run_after=None
[2025-05-01T11:23:55.952+0000] {processor.py:183} INFO - Processing /home/airflow/.local/lib/python3.12/site-packages/airflow/example_dags/example_subdag_operator.py took 0.293 seconds
[2025-05-01T11:24:26.395+0000] {processor.py:161} INFO - Started process (PID=3849) to work on /home/airflow/.local/lib/python3.12/site-packages/airflow/example_dags/example_subdag_operator.py
[2025-05-01T11:24:26.399+0000] {processor.py:830} INFO - Processing file /home/airflow/.local/lib/python3.12/site-packages/airflow/example_dags/example_subdag_operator.py for tasks to queue
[2025-05-01T11:24:26.404+0000] {logging_mixin.py:188} INFO - [2025-05-01T11:24:26.403+0000] {dagbag.py:545} INFO - Filling up the DagBag from /home/airflow/.local/lib/python3.12/site-packages/airflow/example_dags/example_subdag_operator.py
[2025-05-01T11:24:26.471+0000] {processor.py:840} INFO - DAG(s) 'example_subdag_operator.section-1', 'example_subdag_operator.section-2', 'example_subdag_operator' retrieved from /home/airflow/.local/lib/python3.12/site-packages/airflow/example_dags/example_subdag_operator.py
[2025-05-01T11:24:26.524+0000] {logging_mixin.py:188} INFO - [2025-05-01T11:24:26.524+0000] {dag.py:3096} INFO - Sync 3 DAGs
[2025-05-01T11:24:26.593+0000] {logging_mixin.py:188} INFO - [2025-05-01T11:24:26.592+0000] {dag.py:3954} INFO - Setting next_dagrun for example_subdag_operator to 2022-01-01 00:00:00+00:00, run_after=2022-01-01 00:00:00+00:00
[2025-05-01T11:24:26.606+0000] {logging_mixin.py:188} INFO - [2025-05-01T11:24:26.606+0000] {dag.py:3954} INFO - Setting next_dagrun for example_subdag_operator.section-1 to None, run_after=None
[2025-05-01T11:24:26.611+0000] {logging_mixin.py:188} INFO - [2025-05-01T11:24:26.610+0000] {dag.py:3954} INFO - Setting next_dagrun for example_subdag_operator.section-2 to None, run_after=None
[2025-05-01T11:24:26.629+0000] {logging_mixin.py:188} INFO - [2025-05-01T11:24:26.628+0000] {dag.py:3096} INFO - Sync 2 DAGs
[2025-05-01T11:24:26.645+0000] {logging_mixin.py:188} INFO - [2025-05-01T11:24:26.644+0000] {dag.py:3954} INFO - Setting next_dagrun for example_subdag_operator.section-1 to None, run_after=None
[2025-05-01T11:24:26.647+0000] {logging_mixin.py:188} INFO - [2025-05-01T11:24:26.646+0000] {dag.py:3954} INFO - Setting next_dagrun for example_subdag_operator.section-2 to None, run_after=None
[2025-05-01T11:24:26.706+0000] {processor.py:183} INFO - Processing /home/airflow/.local/lib/python3.12/site-packages/airflow/example_dags/example_subdag_operator.py took 0.329 seconds
[2025-05-01T11:24:56.866+0000] {processor.py:161} INFO - Started process (PID=3908) to work on /home/airflow/.local/lib/python3.12/site-packages/airflow/example_dags/example_subdag_operator.py
[2025-05-01T11:24:56.868+0000] {processor.py:830} INFO - Processing file /home/airflow/.local/lib/python3.12/site-packages/airflow/example_dags/example_subdag_operator.py for tasks to queue
[2025-05-01T11:24:56.875+0000] {logging_mixin.py:188} INFO - [2025-05-01T11:24:56.873+0000] {dagbag.py:545} INFO - Filling up the DagBag from /home/airflow/.local/lib/python3.12/site-packages/airflow/example_dags/example_subdag_operator.py
[2025-05-01T11:24:56.978+0000] {processor.py:840} INFO - DAG(s) 'example_subdag_operator.section-1', 'example_subdag_operator.section-2', 'example_subdag_operator' retrieved from /home/airflow/.local/lib/python3.12/site-packages/airflow/example_dags/example_subdag_operator.py
[2025-05-01T11:24:57.025+0000] {logging_mixin.py:188} INFO - [2025-05-01T11:24:57.024+0000] {dag.py:3096} INFO - Sync 3 DAGs
[2025-05-01T11:24:57.096+0000] {logging_mixin.py:188} INFO - [2025-05-01T11:24:57.095+0000] {dag.py:3954} INFO - Setting next_dagrun for example_subdag_operator to 2022-01-01 00:00:00+00:00, run_after=2022-01-01 00:00:00+00:00
[2025-05-01T11:24:57.106+0000] {logging_mixin.py:188} INFO - [2025-05-01T11:24:57.105+0000] {dag.py:3954} INFO - Setting next_dagrun for example_subdag_operator.section-1 to None, run_after=None
[2025-05-01T11:24:57.111+0000] {logging_mixin.py:188} INFO - [2025-05-01T11:24:57.110+0000] {dag.py:3954} INFO - Setting next_dagrun for example_subdag_operator.section-2 to None, run_after=None
[2025-05-01T11:24:57.130+0000] {logging_mixin.py:188} INFO - [2025-05-01T11:24:57.129+0000] {dag.py:3096} INFO - Sync 2 DAGs
[2025-05-01T11:24:57.151+0000] {logging_mixin.py:188} INFO - [2025-05-01T11:24:57.151+0000] {dag.py:3954} INFO - Setting next_dagrun for example_subdag_operator.section-1 to None, run_after=None
[2025-05-01T11:24:57.154+0000] {logging_mixin.py:188} INFO - [2025-05-01T11:24:57.153+0000] {dag.py:3954} INFO - Setting next_dagrun for example_subdag_operator.section-2 to None, run_after=None
[2025-05-01T11:24:57.192+0000] {processor.py:183} INFO - Processing /home/airflow/.local/lib/python3.12/site-packages/airflow/example_dags/example_subdag_operator.py took 0.355 seconds
[2025-05-01T11:25:27.524+0000] {processor.py:161} INFO - Started process (PID=3973) to work on /home/airflow/.local/lib/python3.12/site-packages/airflow/example_dags/example_subdag_operator.py
[2025-05-01T11:25:27.528+0000] {processor.py:830} INFO - Processing file /home/airflow/.local/lib/python3.12/site-packages/airflow/example_dags/example_subdag_operator.py for tasks to queue
[2025-05-01T11:25:27.533+0000] {logging_mixin.py:188} INFO - [2025-05-01T11:25:27.533+0000] {dagbag.py:545} INFO - Filling up the DagBag from /home/airflow/.local/lib/python3.12/site-packages/airflow/example_dags/example_subdag_operator.py
[2025-05-01T11:25:27.592+0000] {processor.py:840} INFO - DAG(s) 'example_subdag_operator.section-1', 'example_subdag_operator.section-2', 'example_subdag_operator' retrieved from /home/airflow/.local/lib/python3.12/site-packages/airflow/example_dags/example_subdag_operator.py
[2025-05-01T11:25:27.635+0000] {logging_mixin.py:188} INFO - [2025-05-01T11:25:27.634+0000] {dag.py:3096} INFO - Sync 3 DAGs
[2025-05-01T11:25:27.689+0000] {logging_mixin.py:188} INFO - [2025-05-01T11:25:27.688+0000] {dag.py:3954} INFO - Setting next_dagrun for example_subdag_operator to 2022-01-01 00:00:00+00:00, run_after=2022-01-01 00:00:00+00:00
[2025-05-01T11:25:27.699+0000] {logging_mixin.py:188} INFO - [2025-05-01T11:25:27.699+0000] {dag.py:3954} INFO - Setting next_dagrun for example_subdag_operator.section-1 to None, run_after=None
[2025-05-01T11:25:27.705+0000] {logging_mixin.py:188} INFO - [2025-05-01T11:25:27.704+0000] {dag.py:3954} INFO - Setting next_dagrun for example_subdag_operator.section-2 to None, run_after=None
[2025-05-01T11:25:27.728+0000] {logging_mixin.py:188} INFO - [2025-05-01T11:25:27.727+0000] {dag.py:3096} INFO - Sync 2 DAGs
[2025-05-01T11:25:27.747+0000] {logging_mixin.py:188} INFO - [2025-05-01T11:25:27.746+0000] {dag.py:3954} INFO - Setting next_dagrun for example_subdag_operator.section-1 to None, run_after=None
[2025-05-01T11:25:27.749+0000] {logging_mixin.py:188} INFO - [2025-05-01T11:25:27.748+0000] {dag.py:3954} INFO - Setting next_dagrun for example_subdag_operator.section-2 to None, run_after=None
[2025-05-01T11:25:27.792+0000] {processor.py:183} INFO - Processing /home/airflow/.local/lib/python3.12/site-packages/airflow/example_dags/example_subdag_operator.py took 0.280 seconds
[2025-05-01T11:25:58.057+0000] {processor.py:161} INFO - Started process (PID=4030) to work on /home/airflow/.local/lib/python3.12/site-packages/airflow/example_dags/example_subdag_operator.py
[2025-05-01T11:25:58.059+0000] {processor.py:830} INFO - Processing file /home/airflow/.local/lib/python3.12/site-packages/airflow/example_dags/example_subdag_operator.py for tasks to queue
[2025-05-01T11:25:58.063+0000] {logging_mixin.py:188} INFO - [2025-05-01T11:25:58.062+0000] {dagbag.py:545} INFO - Filling up the DagBag from /home/airflow/.local/lib/python3.12/site-packages/airflow/example_dags/example_subdag_operator.py
[2025-05-01T11:25:58.117+0000] {processor.py:840} INFO - DAG(s) 'example_subdag_operator.section-1', 'example_subdag_operator.section-2', 'example_subdag_operator' retrieved from /home/airflow/.local/lib/python3.12/site-packages/airflow/example_dags/example_subdag_operator.py
[2025-05-01T11:25:58.161+0000] {logging_mixin.py:188} INFO - [2025-05-01T11:25:58.160+0000] {dag.py:3096} INFO - Sync 3 DAGs
[2025-05-01T11:25:58.226+0000] {logging_mixin.py:188} INFO - [2025-05-01T11:25:58.225+0000] {dag.py:3954} INFO - Setting next_dagrun for example_subdag_operator to 2022-01-01 00:00:00+00:00, run_after=2022-01-01 00:00:00+00:00
[2025-05-01T11:25:58.239+0000] {logging_mixin.py:188} INFO - [2025-05-01T11:25:58.239+0000] {dag.py:3954} INFO - Setting next_dagrun for example_subdag_operator.section-1 to None, run_after=None
[2025-05-01T11:25:58.245+0000] {logging_mixin.py:188} INFO - [2025-05-01T11:25:58.244+0000] {dag.py:3954} INFO - Setting next_dagrun for example_subdag_operator.section-2 to None, run_after=None
[2025-05-01T11:25:58.262+0000] {logging_mixin.py:188} INFO - [2025-05-01T11:25:58.262+0000] {dag.py:3096} INFO - Sync 2 DAGs
[2025-05-01T11:25:58.277+0000] {logging_mixin.py:188} INFO - [2025-05-01T11:25:58.276+0000] {dag.py:3954} INFO - Setting next_dagrun for example_subdag_operator.section-1 to None, run_after=None
[2025-05-01T11:25:58.279+0000] {logging_mixin.py:188} INFO - [2025-05-01T11:25:58.278+0000] {dag.py:3954} INFO - Setting next_dagrun for example_subdag_operator.section-2 to None, run_after=None
[2025-05-01T11:25:58.312+0000] {processor.py:183} INFO - Processing /home/airflow/.local/lib/python3.12/site-packages/airflow/example_dags/example_subdag_operator.py took 0.272 seconds
[2025-05-01T11:31:40.352+0000] {processor.py:161} INFO - Started process (PID=78) to work on /home/airflow/.local/lib/python3.12/site-packages/airflow/example_dags/example_subdag_operator.py
[2025-05-01T11:31:40.354+0000] {processor.py:830} INFO - Processing file /home/airflow/.local/lib/python3.12/site-packages/airflow/example_dags/example_subdag_operator.py for tasks to queue
[2025-05-01T11:31:40.360+0000] {logging_mixin.py:188} INFO - [2025-05-01T11:31:40.359+0000] {dagbag.py:545} INFO - Filling up the DagBag from /home/airflow/.local/lib/python3.12/site-packages/airflow/example_dags/example_subdag_operator.py
[2025-05-01T11:31:40.444+0000] {processor.py:840} INFO - DAG(s) 'example_subdag_operator.section-1', 'example_subdag_operator.section-2', 'example_subdag_operator' retrieved from /home/airflow/.local/lib/python3.12/site-packages/airflow/example_dags/example_subdag_operator.py
[2025-05-01T11:31:40.796+0000] {logging_mixin.py:188} INFO - [2025-05-01T11:31:40.796+0000] {dag.py:3096} INFO - Sync 3 DAGs
[2025-05-01T11:31:40.862+0000] {logging_mixin.py:188} INFO - [2025-05-01T11:31:40.861+0000] {dag.py:3954} INFO - Setting next_dagrun for example_subdag_operator to 2022-01-01 00:00:00+00:00, run_after=2022-01-01 00:00:00+00:00
[2025-05-01T11:31:40.874+0000] {logging_mixin.py:188} INFO - [2025-05-01T11:31:40.873+0000] {dag.py:3954} INFO - Setting next_dagrun for example_subdag_operator.section-1 to None, run_after=None
[2025-05-01T11:31:40.880+0000] {logging_mixin.py:188} INFO - [2025-05-01T11:31:40.880+0000] {dag.py:3954} INFO - Setting next_dagrun for example_subdag_operator.section-2 to None, run_after=None
[2025-05-01T11:31:40.910+0000] {logging_mixin.py:188} INFO - [2025-05-01T11:31:40.909+0000] {dag.py:3096} INFO - Sync 2 DAGs
[2025-05-01T11:31:40.924+0000] {logging_mixin.py:188} INFO - [2025-05-01T11:31:40.924+0000] {dag.py:3954} INFO - Setting next_dagrun for example_subdag_operator.section-1 to None, run_after=None
[2025-05-01T11:31:40.926+0000] {logging_mixin.py:188} INFO - [2025-05-01T11:31:40.925+0000] {dag.py:3954} INFO - Setting next_dagrun for example_subdag_operator.section-2 to None, run_after=None
[2025-05-01T11:31:40.964+0000] {processor.py:183} INFO - Processing /home/airflow/.local/lib/python3.12/site-packages/airflow/example_dags/example_subdag_operator.py took 0.629 seconds
[2025-05-01T11:32:11.156+0000] {processor.py:161} INFO - Started process (PID=137) to work on /home/airflow/.local/lib/python3.12/site-packages/airflow/example_dags/example_subdag_operator.py
[2025-05-01T11:32:11.158+0000] {processor.py:830} INFO - Processing file /home/airflow/.local/lib/python3.12/site-packages/airflow/example_dags/example_subdag_operator.py for tasks to queue
[2025-05-01T11:32:11.162+0000] {logging_mixin.py:188} INFO - [2025-05-01T11:32:11.161+0000] {dagbag.py:545} INFO - Filling up the DagBag from /home/airflow/.local/lib/python3.12/site-packages/airflow/example_dags/example_subdag_operator.py
[2025-05-01T11:32:11.215+0000] {processor.py:840} INFO - DAG(s) 'example_subdag_operator.section-1', 'example_subdag_operator.section-2', 'example_subdag_operator' retrieved from /home/airflow/.local/lib/python3.12/site-packages/airflow/example_dags/example_subdag_operator.py
[2025-05-01T11:32:11.262+0000] {logging_mixin.py:188} INFO - [2025-05-01T11:32:11.261+0000] {dag.py:3096} INFO - Sync 3 DAGs
[2025-05-01T11:32:11.311+0000] {logging_mixin.py:188} INFO - [2025-05-01T11:32:11.311+0000] {dag.py:3954} INFO - Setting next_dagrun for example_subdag_operator to 2022-01-01 00:00:00+00:00, run_after=2022-01-01 00:00:00+00:00
[2025-05-01T11:32:11.323+0000] {logging_mixin.py:188} INFO - [2025-05-01T11:32:11.322+0000] {dag.py:3954} INFO - Setting next_dagrun for example_subdag_operator.section-1 to None, run_after=None
[2025-05-01T11:32:11.326+0000] {logging_mixin.py:188} INFO - [2025-05-01T11:32:11.326+0000] {dag.py:3954} INFO - Setting next_dagrun for example_subdag_operator.section-2 to None, run_after=None
[2025-05-01T11:32:11.345+0000] {logging_mixin.py:188} INFO - [2025-05-01T11:32:11.345+0000] {dag.py:3096} INFO - Sync 2 DAGs
[2025-05-01T11:32:11.361+0000] {logging_mixin.py:188} INFO - [2025-05-01T11:32:11.360+0000] {dag.py:3954} INFO - Setting next_dagrun for example_subdag_operator.section-1 to None, run_after=None
[2025-05-01T11:32:11.362+0000] {logging_mixin.py:188} INFO - [2025-05-01T11:32:11.362+0000] {dag.py:3954} INFO - Setting next_dagrun for example_subdag_operator.section-2 to None, run_after=None
[2025-05-01T11:32:11.420+0000] {processor.py:183} INFO - Processing /home/airflow/.local/lib/python3.12/site-packages/airflow/example_dags/example_subdag_operator.py took 0.277 seconds
[2025-05-01T11:32:41.947+0000] {processor.py:161} INFO - Started process (PID=196) to work on /home/airflow/.local/lib/python3.12/site-packages/airflow/example_dags/example_subdag_operator.py
[2025-05-01T11:32:41.950+0000] {processor.py:830} INFO - Processing file /home/airflow/.local/lib/python3.12/site-packages/airflow/example_dags/example_subdag_operator.py for tasks to queue
[2025-05-01T11:32:41.955+0000] {logging_mixin.py:188} INFO - [2025-05-01T11:32:41.954+0000] {dagbag.py:545} INFO - Filling up the DagBag from /home/airflow/.local/lib/python3.12/site-packages/airflow/example_dags/example_subdag_operator.py
[2025-05-01T11:32:42.016+0000] {processor.py:840} INFO - DAG(s) 'example_subdag_operator.section-1', 'example_subdag_operator.section-2', 'example_subdag_operator' retrieved from /home/airflow/.local/lib/python3.12/site-packages/airflow/example_dags/example_subdag_operator.py
[2025-05-01T11:32:42.056+0000] {logging_mixin.py:188} INFO - [2025-05-01T11:32:42.056+0000] {dag.py:3096} INFO - Sync 3 DAGs
[2025-05-01T11:32:42.116+0000] {logging_mixin.py:188} INFO - [2025-05-01T11:32:42.115+0000] {dag.py:3954} INFO - Setting next_dagrun for example_subdag_operator to 2022-01-01 00:00:00+00:00, run_after=2022-01-01 00:00:00+00:00
[2025-05-01T11:32:42.127+0000] {logging_mixin.py:188} INFO - [2025-05-01T11:32:42.126+0000] {dag.py:3954} INFO - Setting next_dagrun for example_subdag_operator.section-1 to None, run_after=None
[2025-05-01T11:32:42.134+0000] {logging_mixin.py:188} INFO - [2025-05-01T11:32:42.133+0000] {dag.py:3954} INFO - Setting next_dagrun for example_subdag_operator.section-2 to None, run_after=None
[2025-05-01T11:32:42.156+0000] {logging_mixin.py:188} INFO - [2025-05-01T11:32:42.155+0000] {dag.py:3096} INFO - Sync 2 DAGs
[2025-05-01T11:32:42.172+0000] {logging_mixin.py:188} INFO - [2025-05-01T11:32:42.171+0000] {dag.py:3954} INFO - Setting next_dagrun for example_subdag_operator.section-1 to None, run_after=None
[2025-05-01T11:32:42.174+0000] {logging_mixin.py:188} INFO - [2025-05-01T11:32:42.173+0000] {dag.py:3954} INFO - Setting next_dagrun for example_subdag_operator.section-2 to None, run_after=None
[2025-05-01T11:32:42.252+0000] {processor.py:183} INFO - Processing /home/airflow/.local/lib/python3.12/site-packages/airflow/example_dags/example_subdag_operator.py took 0.317 seconds
[2025-05-01T11:33:12.969+0000] {processor.py:161} INFO - Started process (PID=255) to work on /home/airflow/.local/lib/python3.12/site-packages/airflow/example_dags/example_subdag_operator.py
[2025-05-01T11:33:12.971+0000] {processor.py:830} INFO - Processing file /home/airflow/.local/lib/python3.12/site-packages/airflow/example_dags/example_subdag_operator.py for tasks to queue
[2025-05-01T11:33:12.978+0000] {logging_mixin.py:188} INFO - [2025-05-01T11:33:12.977+0000] {dagbag.py:545} INFO - Filling up the DagBag from /home/airflow/.local/lib/python3.12/site-packages/airflow/example_dags/example_subdag_operator.py
[2025-05-01T11:33:13.046+0000] {processor.py:840} INFO - DAG(s) 'example_subdag_operator.section-1', 'example_subdag_operator.section-2', 'example_subdag_operator' retrieved from /home/airflow/.local/lib/python3.12/site-packages/airflow/example_dags/example_subdag_operator.py
[2025-05-01T11:33:13.088+0000] {logging_mixin.py:188} INFO - [2025-05-01T11:33:13.088+0000] {dag.py:3096} INFO - Sync 3 DAGs
[2025-05-01T11:33:13.138+0000] {logging_mixin.py:188} INFO - [2025-05-01T11:33:13.138+0000] {dag.py:3954} INFO - Setting next_dagrun for example_subdag_operator to 2022-01-01 00:00:00+00:00, run_after=2022-01-01 00:00:00+00:00
[2025-05-01T11:33:13.148+0000] {logging_mixin.py:188} INFO - [2025-05-01T11:33:13.147+0000] {dag.py:3954} INFO - Setting next_dagrun for example_subdag_operator.section-1 to None, run_after=None
[2025-05-01T11:33:13.151+0000] {logging_mixin.py:188} INFO - [2025-05-01T11:33:13.151+0000] {dag.py:3954} INFO - Setting next_dagrun for example_subdag_operator.section-2 to None, run_after=None
[2025-05-01T11:33:13.167+0000] {logging_mixin.py:188} INFO - [2025-05-01T11:33:13.167+0000] {dag.py:3096} INFO - Sync 2 DAGs
[2025-05-01T11:33:13.180+0000] {logging_mixin.py:188} INFO - [2025-05-01T11:33:13.179+0000] {dag.py:3954} INFO - Setting next_dagrun for example_subdag_operator.section-1 to None, run_after=None
[2025-05-01T11:33:13.181+0000] {logging_mixin.py:188} INFO - [2025-05-01T11:33:13.181+0000] {dag.py:3954} INFO - Setting next_dagrun for example_subdag_operator.section-2 to None, run_after=None
[2025-05-01T11:33:13.207+0000] {processor.py:183} INFO - Processing /home/airflow/.local/lib/python3.12/site-packages/airflow/example_dags/example_subdag_operator.py took 0.251 seconds
[2025-05-01T11:33:44.367+0000] {processor.py:161} INFO - Started process (PID=313) to work on /home/airflow/.local/lib/python3.12/site-packages/airflow/example_dags/example_subdag_operator.py
[2025-05-01T11:33:44.369+0000] {processor.py:830} INFO - Processing file /home/airflow/.local/lib/python3.12/site-packages/airflow/example_dags/example_subdag_operator.py for tasks to queue
[2025-05-01T11:33:44.374+0000] {logging_mixin.py:188} INFO - [2025-05-01T11:33:44.373+0000] {dagbag.py:545} INFO - Filling up the DagBag from /home/airflow/.local/lib/python3.12/site-packages/airflow/example_dags/example_subdag_operator.py
[2025-05-01T11:33:44.427+0000] {processor.py:840} INFO - DAG(s) 'example_subdag_operator.section-1', 'example_subdag_operator.section-2', 'example_subdag_operator' retrieved from /home/airflow/.local/lib/python3.12/site-packages/airflow/example_dags/example_subdag_operator.py
[2025-05-01T11:33:44.470+0000] {logging_mixin.py:188} INFO - [2025-05-01T11:33:44.469+0000] {dag.py:3096} INFO - Sync 3 DAGs
[2025-05-01T11:33:44.533+0000] {logging_mixin.py:188} INFO - [2025-05-01T11:33:44.532+0000] {dag.py:3954} INFO - Setting next_dagrun for example_subdag_operator to 2022-01-01 00:00:00+00:00, run_after=2022-01-01 00:00:00+00:00
[2025-05-01T11:33:44.543+0000] {logging_mixin.py:188} INFO - [2025-05-01T11:33:44.543+0000] {dag.py:3954} INFO - Setting next_dagrun for example_subdag_operator.section-1 to None, run_after=None
[2025-05-01T11:33:44.548+0000] {logging_mixin.py:188} INFO - [2025-05-01T11:33:44.547+0000] {dag.py:3954} INFO - Setting next_dagrun for example_subdag_operator.section-2 to None, run_after=None
[2025-05-01T11:33:44.568+0000] {logging_mixin.py:188} INFO - [2025-05-01T11:33:44.568+0000] {dag.py:3096} INFO - Sync 2 DAGs
[2025-05-01T11:33:44.585+0000] {logging_mixin.py:188} INFO - [2025-05-01T11:33:44.585+0000] {dag.py:3954} INFO - Setting next_dagrun for example_subdag_operator.section-1 to None, run_after=None
[2025-05-01T11:33:44.587+0000] {logging_mixin.py:188} INFO - [2025-05-01T11:33:44.586+0000] {dag.py:3954} INFO - Setting next_dagrun for example_subdag_operator.section-2 to None, run_after=None
[2025-05-01T11:33:44.620+0000] {processor.py:183} INFO - Processing /home/airflow/.local/lib/python3.12/site-packages/airflow/example_dags/example_subdag_operator.py took 0.269 seconds
[2025-05-01T11:34:15.338+0000] {processor.py:161} INFO - Started process (PID=373) to work on /home/airflow/.local/lib/python3.12/site-packages/airflow/example_dags/example_subdag_operator.py
[2025-05-01T11:34:15.340+0000] {processor.py:830} INFO - Processing file /home/airflow/.local/lib/python3.12/site-packages/airflow/example_dags/example_subdag_operator.py for tasks to queue
[2025-05-01T11:34:15.343+0000] {logging_mixin.py:188} INFO - [2025-05-01T11:34:15.343+0000] {dagbag.py:545} INFO - Filling up the DagBag from /home/airflow/.local/lib/python3.12/site-packages/airflow/example_dags/example_subdag_operator.py
[2025-05-01T11:34:15.395+0000] {processor.py:840} INFO - DAG(s) 'example_subdag_operator.section-1', 'example_subdag_operator.section-2', 'example_subdag_operator' retrieved from /home/airflow/.local/lib/python3.12/site-packages/airflow/example_dags/example_subdag_operator.py
[2025-05-01T11:34:15.429+0000] {logging_mixin.py:188} INFO - [2025-05-01T11:34:15.429+0000] {dag.py:3096} INFO - Sync 3 DAGs
[2025-05-01T11:34:15.475+0000] {logging_mixin.py:188} INFO - [2025-05-01T11:34:15.474+0000] {dag.py:3954} INFO - Setting next_dagrun for example_subdag_operator to 2022-01-01 00:00:00+00:00, run_after=2022-01-01 00:00:00+00:00
[2025-05-01T11:34:15.485+0000] {logging_mixin.py:188} INFO - [2025-05-01T11:34:15.484+0000] {dag.py:3954} INFO - Setting next_dagrun for example_subdag_operator.section-1 to None, run_after=None
[2025-05-01T11:34:15.489+0000] {logging_mixin.py:188} INFO - [2025-05-01T11:34:15.488+0000] {dag.py:3954} INFO - Setting next_dagrun for example_subdag_operator.section-2 to None, run_after=None
[2025-05-01T11:34:15.506+0000] {logging_mixin.py:188} INFO - [2025-05-01T11:34:15.505+0000] {dag.py:3096} INFO - Sync 2 DAGs
[2025-05-01T11:34:15.520+0000] {logging_mixin.py:188} INFO - [2025-05-01T11:34:15.520+0000] {dag.py:3954} INFO - Setting next_dagrun for example_subdag_operator.section-1 to None, run_after=None
[2025-05-01T11:34:15.522+0000] {logging_mixin.py:188} INFO - [2025-05-01T11:34:15.522+0000] {dag.py:3954} INFO - Setting next_dagrun for example_subdag_operator.section-2 to None, run_after=None
[2025-05-01T11:34:15.551+0000] {processor.py:183} INFO - Processing /home/airflow/.local/lib/python3.12/site-packages/airflow/example_dags/example_subdag_operator.py took 0.225 seconds
[2025-05-01T11:34:45.789+0000] {processor.py:161} INFO - Started process (PID=432) to work on /home/airflow/.local/lib/python3.12/site-packages/airflow/example_dags/example_subdag_operator.py
[2025-05-01T11:34:45.793+0000] {processor.py:830} INFO - Processing file /home/airflow/.local/lib/python3.12/site-packages/airflow/example_dags/example_subdag_operator.py for tasks to queue
[2025-05-01T11:34:45.800+0000] {logging_mixin.py:188} INFO - [2025-05-01T11:34:45.798+0000] {dagbag.py:545} INFO - Filling up the DagBag from /home/airflow/.local/lib/python3.12/site-packages/airflow/example_dags/example_subdag_operator.py
[2025-05-01T11:34:45.870+0000] {processor.py:840} INFO - DAG(s) 'example_subdag_operator.section-1', 'example_subdag_operator.section-2', 'example_subdag_operator' retrieved from /home/airflow/.local/lib/python3.12/site-packages/airflow/example_dags/example_subdag_operator.py
[2025-05-01T11:34:45.916+0000] {logging_mixin.py:188} INFO - [2025-05-01T11:34:45.915+0000] {dag.py:3096} INFO - Sync 3 DAGs
[2025-05-01T11:34:45.977+0000] {logging_mixin.py:188} INFO - [2025-05-01T11:34:45.976+0000] {dag.py:3954} INFO - Setting next_dagrun for example_subdag_operator to 2022-01-01 00:00:00+00:00, run_after=2022-01-01 00:00:00+00:00
[2025-05-01T11:34:45.992+0000] {logging_mixin.py:188} INFO - [2025-05-01T11:34:45.992+0000] {dag.py:3954} INFO - Setting next_dagrun for example_subdag_operator.section-1 to None, run_after=None
[2025-05-01T11:34:45.997+0000] {logging_mixin.py:188} INFO - [2025-05-01T11:34:45.997+0000] {dag.py:3954} INFO - Setting next_dagrun for example_subdag_operator.section-2 to None, run_after=None
[2025-05-01T11:34:46.029+0000] {logging_mixin.py:188} INFO - [2025-05-01T11:34:46.028+0000] {dag.py:3096} INFO - Sync 2 DAGs
[2025-05-01T11:34:46.048+0000] {logging_mixin.py:188} INFO - [2025-05-01T11:34:46.047+0000] {dag.py:3954} INFO - Setting next_dagrun for example_subdag_operator.section-1 to None, run_after=None
[2025-05-01T11:34:46.050+0000] {logging_mixin.py:188} INFO - [2025-05-01T11:34:46.049+0000] {dag.py:3954} INFO - Setting next_dagrun for example_subdag_operator.section-2 to None, run_after=None
[2025-05-01T11:34:46.089+0000] {processor.py:183} INFO - Processing /home/airflow/.local/lib/python3.12/site-packages/airflow/example_dags/example_subdag_operator.py took 0.317 seconds
[2025-05-01T11:35:16.737+0000] {processor.py:161} INFO - Started process (PID=491) to work on /home/airflow/.local/lib/python3.12/site-packages/airflow/example_dags/example_subdag_operator.py
[2025-05-01T11:35:16.740+0000] {processor.py:830} INFO - Processing file /home/airflow/.local/lib/python3.12/site-packages/airflow/example_dags/example_subdag_operator.py for tasks to queue
[2025-05-01T11:35:16.746+0000] {logging_mixin.py:188} INFO - [2025-05-01T11:35:16.745+0000] {dagbag.py:545} INFO - Filling up the DagBag from /home/airflow/.local/lib/python3.12/site-packages/airflow/example_dags/example_subdag_operator.py
[2025-05-01T11:35:16.809+0000] {processor.py:840} INFO - DAG(s) 'example_subdag_operator.section-1', 'example_subdag_operator.section-2', 'example_subdag_operator' retrieved from /home/airflow/.local/lib/python3.12/site-packages/airflow/example_dags/example_subdag_operator.py
[2025-05-01T11:35:16.846+0000] {logging_mixin.py:188} INFO - [2025-05-01T11:35:16.845+0000] {dag.py:3096} INFO - Sync 3 DAGs
[2025-05-01T11:35:16.898+0000] {logging_mixin.py:188} INFO - [2025-05-01T11:35:16.897+0000] {dag.py:3954} INFO - Setting next_dagrun for example_subdag_operator to 2022-01-01 00:00:00+00:00, run_after=2022-01-01 00:00:00+00:00
[2025-05-01T11:35:16.907+0000] {logging_mixin.py:188} INFO - [2025-05-01T11:35:16.906+0000] {dag.py:3954} INFO - Setting next_dagrun for example_subdag_operator.section-1 to None, run_after=None
[2025-05-01T11:35:16.911+0000] {logging_mixin.py:188} INFO - [2025-05-01T11:35:16.910+0000] {dag.py:3954} INFO - Setting next_dagrun for example_subdag_operator.section-2 to None, run_after=None
[2025-05-01T11:35:16.930+0000] {logging_mixin.py:188} INFO - [2025-05-01T11:35:16.929+0000] {dag.py:3096} INFO - Sync 2 DAGs
[2025-05-01T11:35:16.944+0000] {logging_mixin.py:188} INFO - [2025-05-01T11:35:16.944+0000] {dag.py:3954} INFO - Setting next_dagrun for example_subdag_operator.section-1 to None, run_after=None
[2025-05-01T11:35:16.946+0000] {logging_mixin.py:188} INFO - [2025-05-01T11:35:16.946+0000] {dag.py:3954} INFO - Setting next_dagrun for example_subdag_operator.section-2 to None, run_after=None
[2025-05-01T11:35:16.977+0000] {processor.py:183} INFO - Processing /home/airflow/.local/lib/python3.12/site-packages/airflow/example_dags/example_subdag_operator.py took 0.257 seconds
[2025-05-01T11:35:47.488+0000] {processor.py:161} INFO - Started process (PID=550) to work on /home/airflow/.local/lib/python3.12/site-packages/airflow/example_dags/example_subdag_operator.py
[2025-05-01T11:35:47.493+0000] {processor.py:830} INFO - Processing file /home/airflow/.local/lib/python3.12/site-packages/airflow/example_dags/example_subdag_operator.py for tasks to queue
[2025-05-01T11:35:47.504+0000] {logging_mixin.py:188} INFO - [2025-05-01T11:35:47.503+0000] {dagbag.py:545} INFO - Filling up the DagBag from /home/airflow/.local/lib/python3.12/site-packages/airflow/example_dags/example_subdag_operator.py
[2025-05-01T11:35:47.589+0000] {processor.py:840} INFO - DAG(s) 'example_subdag_operator.section-1', 'example_subdag_operator.section-2', 'example_subdag_operator' retrieved from /home/airflow/.local/lib/python3.12/site-packages/airflow/example_dags/example_subdag_operator.py
[2025-05-01T11:35:47.646+0000] {logging_mixin.py:188} INFO - [2025-05-01T11:35:47.645+0000] {dag.py:3096} INFO - Sync 3 DAGs
[2025-05-01T11:35:47.725+0000] {logging_mixin.py:188} INFO - [2025-05-01T11:35:47.724+0000] {dag.py:3954} INFO - Setting next_dagrun for example_subdag_operator to 2022-01-01 00:00:00+00:00, run_after=2022-01-01 00:00:00+00:00
[2025-05-01T11:35:47.737+0000] {logging_mixin.py:188} INFO - [2025-05-01T11:35:47.736+0000] {dag.py:3954} INFO - Setting next_dagrun for example_subdag_operator.section-1 to None, run_after=None
[2025-05-01T11:35:47.744+0000] {logging_mixin.py:188} INFO - [2025-05-01T11:35:47.743+0000] {dag.py:3954} INFO - Setting next_dagrun for example_subdag_operator.section-2 to None, run_after=None
[2025-05-01T11:35:47.768+0000] {logging_mixin.py:188} INFO - [2025-05-01T11:35:47.768+0000] {dag.py:3096} INFO - Sync 2 DAGs
[2025-05-01T11:35:47.788+0000] {logging_mixin.py:188} INFO - [2025-05-01T11:35:47.785+0000] {dag.py:3954} INFO - Setting next_dagrun for example_subdag_operator.section-1 to None, run_after=None
[2025-05-01T11:35:47.791+0000] {logging_mixin.py:188} INFO - [2025-05-01T11:35:47.790+0000] {dag.py:3954} INFO - Setting next_dagrun for example_subdag_operator.section-2 to None, run_after=None
[2025-05-01T11:35:47.829+0000] {processor.py:183} INFO - Processing /home/airflow/.local/lib/python3.12/site-packages/airflow/example_dags/example_subdag_operator.py took 0.368 seconds
[2025-05-01T11:36:18.018+0000] {processor.py:161} INFO - Started process (PID=609) to work on /home/airflow/.local/lib/python3.12/site-packages/airflow/example_dags/example_subdag_operator.py
[2025-05-01T11:36:18.021+0000] {processor.py:830} INFO - Processing file /home/airflow/.local/lib/python3.12/site-packages/airflow/example_dags/example_subdag_operator.py for tasks to queue
[2025-05-01T11:36:18.026+0000] {logging_mixin.py:188} INFO - [2025-05-01T11:36:18.025+0000] {dagbag.py:545} INFO - Filling up the DagBag from /home/airflow/.local/lib/python3.12/site-packages/airflow/example_dags/example_subdag_operator.py
[2025-05-01T11:36:18.099+0000] {processor.py:840} INFO - DAG(s) 'example_subdag_operator.section-1', 'example_subdag_operator.section-2', 'example_subdag_operator' retrieved from /home/airflow/.local/lib/python3.12/site-packages/airflow/example_dags/example_subdag_operator.py
[2025-05-01T11:36:18.145+0000] {logging_mixin.py:188} INFO - [2025-05-01T11:36:18.144+0000] {dag.py:3096} INFO - Sync 3 DAGs
[2025-05-01T11:36:18.212+0000] {logging_mixin.py:188} INFO - [2025-05-01T11:36:18.211+0000] {dag.py:3954} INFO - Setting next_dagrun for example_subdag_operator to 2022-01-01 00:00:00+00:00, run_after=2022-01-01 00:00:00+00:00
[2025-05-01T11:36:18.227+0000] {logging_mixin.py:188} INFO - [2025-05-01T11:36:18.226+0000] {dag.py:3954} INFO - Setting next_dagrun for example_subdag_operator.section-1 to None, run_after=None
[2025-05-01T11:36:18.237+0000] {logging_mixin.py:188} INFO - [2025-05-01T11:36:18.236+0000] {dag.py:3954} INFO - Setting next_dagrun for example_subdag_operator.section-2 to None, run_after=None
[2025-05-01T11:36:18.267+0000] {logging_mixin.py:188} INFO - [2025-05-01T11:36:18.266+0000] {dag.py:3096} INFO - Sync 2 DAGs
[2025-05-01T11:36:18.289+0000] {logging_mixin.py:188} INFO - [2025-05-01T11:36:18.288+0000] {dag.py:3954} INFO - Setting next_dagrun for example_subdag_operator.section-1 to None, run_after=None
[2025-05-01T11:36:18.291+0000] {logging_mixin.py:188} INFO - [2025-05-01T11:36:18.290+0000] {dag.py:3954} INFO - Setting next_dagrun for example_subdag_operator.section-2 to None, run_after=None
[2025-05-01T11:36:18.342+0000] {processor.py:183} INFO - Processing /home/airflow/.local/lib/python3.12/site-packages/airflow/example_dags/example_subdag_operator.py took 0.339 seconds
[2025-05-01T11:36:48.722+0000] {processor.py:161} INFO - Started process (PID=668) to work on /home/airflow/.local/lib/python3.12/site-packages/airflow/example_dags/example_subdag_operator.py
[2025-05-01T11:36:48.724+0000] {processor.py:830} INFO - Processing file /home/airflow/.local/lib/python3.12/site-packages/airflow/example_dags/example_subdag_operator.py for tasks to queue
[2025-05-01T11:36:48.727+0000] {logging_mixin.py:188} INFO - [2025-05-01T11:36:48.727+0000] {dagbag.py:545} INFO - Filling up the DagBag from /home/airflow/.local/lib/python3.12/site-packages/airflow/example_dags/example_subdag_operator.py
[2025-05-01T11:36:48.784+0000] {processor.py:840} INFO - DAG(s) 'example_subdag_operator.section-1', 'example_subdag_operator.section-2', 'example_subdag_operator' retrieved from /home/airflow/.local/lib/python3.12/site-packages/airflow/example_dags/example_subdag_operator.py
[2025-05-01T11:36:48.826+0000] {logging_mixin.py:188} INFO - [2025-05-01T11:36:48.825+0000] {dag.py:3096} INFO - Sync 3 DAGs
[2025-05-01T11:36:48.881+0000] {logging_mixin.py:188} INFO - [2025-05-01T11:36:48.881+0000] {dag.py:3954} INFO - Setting next_dagrun for example_subdag_operator to 2022-01-01 00:00:00+00:00, run_after=2022-01-01 00:00:00+00:00
[2025-05-01T11:36:48.892+0000] {logging_mixin.py:188} INFO - [2025-05-01T11:36:48.891+0000] {dag.py:3954} INFO - Setting next_dagrun for example_subdag_operator.section-1 to None, run_after=None
[2025-05-01T11:36:48.896+0000] {logging_mixin.py:188} INFO - [2025-05-01T11:36:48.896+0000] {dag.py:3954} INFO - Setting next_dagrun for example_subdag_operator.section-2 to None, run_after=None
[2025-05-01T11:36:48.916+0000] {logging_mixin.py:188} INFO - [2025-05-01T11:36:48.916+0000] {dag.py:3096} INFO - Sync 2 DAGs
[2025-05-01T11:36:48.933+0000] {logging_mixin.py:188} INFO - [2025-05-01T11:36:48.932+0000] {dag.py:3954} INFO - Setting next_dagrun for example_subdag_operator.section-1 to None, run_after=None
[2025-05-01T11:36:48.934+0000] {logging_mixin.py:188} INFO - [2025-05-01T11:36:48.934+0000] {dag.py:3954} INFO - Setting next_dagrun for example_subdag_operator.section-2 to None, run_after=None
[2025-05-01T11:36:48.979+0000] {processor.py:183} INFO - Processing /home/airflow/.local/lib/python3.12/site-packages/airflow/example_dags/example_subdag_operator.py took 0.269 seconds
[2025-05-01T11:37:19.203+0000] {processor.py:161} INFO - Started process (PID=728) to work on /home/airflow/.local/lib/python3.12/site-packages/airflow/example_dags/example_subdag_operator.py
[2025-05-01T11:37:19.206+0000] {processor.py:830} INFO - Processing file /home/airflow/.local/lib/python3.12/site-packages/airflow/example_dags/example_subdag_operator.py for tasks to queue
[2025-05-01T11:37:19.210+0000] {logging_mixin.py:188} INFO - [2025-05-01T11:37:19.209+0000] {dagbag.py:545} INFO - Filling up the DagBag from /home/airflow/.local/lib/python3.12/site-packages/airflow/example_dags/example_subdag_operator.py
[2025-05-01T11:37:19.268+0000] {processor.py:840} INFO - DAG(s) 'example_subdag_operator.section-1', 'example_subdag_operator.section-2', 'example_subdag_operator' retrieved from /home/airflow/.local/lib/python3.12/site-packages/airflow/example_dags/example_subdag_operator.py
[2025-05-01T11:37:19.305+0000] {logging_mixin.py:188} INFO - [2025-05-01T11:37:19.304+0000] {dag.py:3096} INFO - Sync 3 DAGs
[2025-05-01T11:37:19.370+0000] {logging_mixin.py:188} INFO - [2025-05-01T11:37:19.370+0000] {dag.py:3954} INFO - Setting next_dagrun for example_subdag_operator to 2022-01-01 00:00:00+00:00, run_after=2022-01-01 00:00:00+00:00
[2025-05-01T11:37:19.379+0000] {logging_mixin.py:188} INFO - [2025-05-01T11:37:19.378+0000] {dag.py:3954} INFO - Setting next_dagrun for example_subdag_operator.section-1 to None, run_after=None
[2025-05-01T11:37:19.382+0000] {logging_mixin.py:188} INFO - [2025-05-01T11:37:19.382+0000] {dag.py:3954} INFO - Setting next_dagrun for example_subdag_operator.section-2 to None, run_after=None
[2025-05-01T11:37:19.398+0000] {logging_mixin.py:188} INFO - [2025-05-01T11:37:19.397+0000] {dag.py:3096} INFO - Sync 2 DAGs
[2025-05-01T11:37:19.410+0000] {logging_mixin.py:188} INFO - [2025-05-01T11:37:19.409+0000] {dag.py:3954} INFO - Setting next_dagrun for example_subdag_operator.section-1 to None, run_after=None
[2025-05-01T11:37:19.412+0000] {logging_mixin.py:188} INFO - [2025-05-01T11:37:19.411+0000] {dag.py:3954} INFO - Setting next_dagrun for example_subdag_operator.section-2 to None, run_after=None
[2025-05-01T11:37:19.438+0000] {processor.py:183} INFO - Processing /home/airflow/.local/lib/python3.12/site-packages/airflow/example_dags/example_subdag_operator.py took 0.247 seconds
[2025-05-01T11:37:49.969+0000] {processor.py:161} INFO - Started process (PID=788) to work on /home/airflow/.local/lib/python3.12/site-packages/airflow/example_dags/example_subdag_operator.py
[2025-05-01T11:37:49.971+0000] {processor.py:830} INFO - Processing file /home/airflow/.local/lib/python3.12/site-packages/airflow/example_dags/example_subdag_operator.py for tasks to queue
[2025-05-01T11:37:49.975+0000] {logging_mixin.py:188} INFO - [2025-05-01T11:37:49.975+0000] {dagbag.py:545} INFO - Filling up the DagBag from /home/airflow/.local/lib/python3.12/site-packages/airflow/example_dags/example_subdag_operator.py
[2025-05-01T11:37:50.028+0000] {processor.py:840} INFO - DAG(s) 'example_subdag_operator.section-1', 'example_subdag_operator.section-2', 'example_subdag_operator' retrieved from /home/airflow/.local/lib/python3.12/site-packages/airflow/example_dags/example_subdag_operator.py
[2025-05-01T11:37:50.063+0000] {logging_mixin.py:188} INFO - [2025-05-01T11:37:50.062+0000] {dag.py:3096} INFO - Sync 3 DAGs
[2025-05-01T11:37:50.111+0000] {logging_mixin.py:188} INFO - [2025-05-01T11:37:50.110+0000] {dag.py:3954} INFO - Setting next_dagrun for example_subdag_operator to 2022-01-01 00:00:00+00:00, run_after=2022-01-01 00:00:00+00:00
[2025-05-01T11:37:50.119+0000] {logging_mixin.py:188} INFO - [2025-05-01T11:37:50.119+0000] {dag.py:3954} INFO - Setting next_dagrun for example_subdag_operator.section-1 to None, run_after=None
[2025-05-01T11:37:50.123+0000] {logging_mixin.py:188} INFO - [2025-05-01T11:37:50.123+0000] {dag.py:3954} INFO - Setting next_dagrun for example_subdag_operator.section-2 to None, run_after=None
[2025-05-01T11:37:50.141+0000] {logging_mixin.py:188} INFO - [2025-05-01T11:37:50.141+0000] {dag.py:3096} INFO - Sync 2 DAGs
[2025-05-01T11:37:50.154+0000] {logging_mixin.py:188} INFO - [2025-05-01T11:37:50.153+0000] {dag.py:3954} INFO - Setting next_dagrun for example_subdag_operator.section-1 to None, run_after=None
[2025-05-01T11:37:50.155+0000] {logging_mixin.py:188} INFO - [2025-05-01T11:37:50.155+0000] {dag.py:3954} INFO - Setting next_dagrun for example_subdag_operator.section-2 to None, run_after=None
[2025-05-01T11:37:50.193+0000] {processor.py:183} INFO - Processing /home/airflow/.local/lib/python3.12/site-packages/airflow/example_dags/example_subdag_operator.py took 0.236 seconds
[2025-05-01T11:38:20.802+0000] {processor.py:161} INFO - Started process (PID=847) to work on /home/airflow/.local/lib/python3.12/site-packages/airflow/example_dags/example_subdag_operator.py
[2025-05-01T11:38:20.805+0000] {processor.py:830} INFO - Processing file /home/airflow/.local/lib/python3.12/site-packages/airflow/example_dags/example_subdag_operator.py for tasks to queue
[2025-05-01T11:38:20.811+0000] {logging_mixin.py:188} INFO - [2025-05-01T11:38:20.810+0000] {dagbag.py:545} INFO - Filling up the DagBag from /home/airflow/.local/lib/python3.12/site-packages/airflow/example_dags/example_subdag_operator.py
[2025-05-01T11:38:20.878+0000] {processor.py:840} INFO - DAG(s) 'example_subdag_operator.section-1', 'example_subdag_operator.section-2', 'example_subdag_operator' retrieved from /home/airflow/.local/lib/python3.12/site-packages/airflow/example_dags/example_subdag_operator.py
[2025-05-01T11:38:20.921+0000] {logging_mixin.py:188} INFO - [2025-05-01T11:38:20.920+0000] {dag.py:3096} INFO - Sync 3 DAGs
[2025-05-01T11:38:20.975+0000] {logging_mixin.py:188} INFO - [2025-05-01T11:38:20.974+0000] {dag.py:3954} INFO - Setting next_dagrun for example_subdag_operator to 2022-01-01 00:00:00+00:00, run_after=2022-01-01 00:00:00+00:00
[2025-05-01T11:38:20.986+0000] {logging_mixin.py:188} INFO - [2025-05-01T11:38:20.986+0000] {dag.py:3954} INFO - Setting next_dagrun for example_subdag_operator.section-1 to None, run_after=None
[2025-05-01T11:38:20.990+0000] {logging_mixin.py:188} INFO - [2025-05-01T11:38:20.990+0000] {dag.py:3954} INFO - Setting next_dagrun for example_subdag_operator.section-2 to None, run_after=None
[2025-05-01T11:38:21.010+0000] {logging_mixin.py:188} INFO - [2025-05-01T11:38:21.009+0000] {dag.py:3096} INFO - Sync 2 DAGs
[2025-05-01T11:38:21.028+0000] {logging_mixin.py:188} INFO - [2025-05-01T11:38:21.027+0000] {dag.py:3954} INFO - Setting next_dagrun for example_subdag_operator.section-1 to None, run_after=None
[2025-05-01T11:38:21.030+0000] {logging_mixin.py:188} INFO - [2025-05-01T11:38:21.029+0000] {dag.py:3954} INFO - Setting next_dagrun for example_subdag_operator.section-2 to None, run_after=None
[2025-05-01T11:38:21.074+0000] {processor.py:183} INFO - Processing /home/airflow/.local/lib/python3.12/site-packages/airflow/example_dags/example_subdag_operator.py took 0.290 seconds
[2025-05-01T11:38:51.854+0000] {processor.py:161} INFO - Started process (PID=906) to work on /home/airflow/.local/lib/python3.12/site-packages/airflow/example_dags/example_subdag_operator.py
[2025-05-01T11:38:51.857+0000] {processor.py:830} INFO - Processing file /home/airflow/.local/lib/python3.12/site-packages/airflow/example_dags/example_subdag_operator.py for tasks to queue
[2025-05-01T11:38:51.862+0000] {logging_mixin.py:188} INFO - [2025-05-01T11:38:51.861+0000] {dagbag.py:545} INFO - Filling up the DagBag from /home/airflow/.local/lib/python3.12/site-packages/airflow/example_dags/example_subdag_operator.py
[2025-05-01T11:38:51.920+0000] {processor.py:840} INFO - DAG(s) 'example_subdag_operator.section-1', 'example_subdag_operator.section-2', 'example_subdag_operator' retrieved from /home/airflow/.local/lib/python3.12/site-packages/airflow/example_dags/example_subdag_operator.py
[2025-05-01T11:38:51.958+0000] {logging_mixin.py:188} INFO - [2025-05-01T11:38:51.957+0000] {dag.py:3096} INFO - Sync 3 DAGs
[2025-05-01T11:38:52.007+0000] {logging_mixin.py:188} INFO - [2025-05-01T11:38:52.006+0000] {dag.py:3954} INFO - Setting next_dagrun for example_subdag_operator to 2022-01-01 00:00:00+00:00, run_after=2022-01-01 00:00:00+00:00
[2025-05-01T11:38:52.020+0000] {logging_mixin.py:188} INFO - [2025-05-01T11:38:52.019+0000] {dag.py:3954} INFO - Setting next_dagrun for example_subdag_operator.section-1 to None, run_after=None
[2025-05-01T11:38:52.024+0000] {logging_mixin.py:188} INFO - [2025-05-01T11:38:52.024+0000] {dag.py:3954} INFO - Setting next_dagrun for example_subdag_operator.section-2 to None, run_after=None
[2025-05-01T11:38:52.044+0000] {logging_mixin.py:188} INFO - [2025-05-01T11:38:52.043+0000] {dag.py:3096} INFO - Sync 2 DAGs
[2025-05-01T11:38:52.061+0000] {logging_mixin.py:188} INFO - [2025-05-01T11:38:52.060+0000] {dag.py:3954} INFO - Setting next_dagrun for example_subdag_operator.section-1 to None, run_after=None
[2025-05-01T11:38:52.063+0000] {logging_mixin.py:188} INFO - [2025-05-01T11:38:52.063+0000] {dag.py:3954} INFO - Setting next_dagrun for example_subdag_operator.section-2 to None, run_after=None
[2025-05-01T11:38:52.099+0000] {processor.py:183} INFO - Processing /home/airflow/.local/lib/python3.12/site-packages/airflow/example_dags/example_subdag_operator.py took 0.258 seconds
[2025-05-01T11:39:22.675+0000] {processor.py:161} INFO - Started process (PID=963) to work on /home/airflow/.local/lib/python3.12/site-packages/airflow/example_dags/example_subdag_operator.py
[2025-05-01T11:39:22.678+0000] {processor.py:830} INFO - Processing file /home/airflow/.local/lib/python3.12/site-packages/airflow/example_dags/example_subdag_operator.py for tasks to queue
[2025-05-01T11:39:22.683+0000] {logging_mixin.py:188} INFO - [2025-05-01T11:39:22.682+0000] {dagbag.py:545} INFO - Filling up the DagBag from /home/airflow/.local/lib/python3.12/site-packages/airflow/example_dags/example_subdag_operator.py
[2025-05-01T11:39:22.762+0000] {processor.py:840} INFO - DAG(s) 'example_subdag_operator.section-1', 'example_subdag_operator.section-2', 'example_subdag_operator' retrieved from /home/airflow/.local/lib/python3.12/site-packages/airflow/example_dags/example_subdag_operator.py
[2025-05-01T11:39:22.824+0000] {logging_mixin.py:188} INFO - [2025-05-01T11:39:22.823+0000] {dag.py:3096} INFO - Sync 3 DAGs
[2025-05-01T11:39:22.895+0000] {logging_mixin.py:188} INFO - [2025-05-01T11:39:22.894+0000] {dag.py:3954} INFO - Setting next_dagrun for example_subdag_operator to 2022-01-01 00:00:00+00:00, run_after=2022-01-01 00:00:00+00:00
[2025-05-01T11:39:22.912+0000] {logging_mixin.py:188} INFO - [2025-05-01T11:39:22.911+0000] {dag.py:3954} INFO - Setting next_dagrun for example_subdag_operator.section-1 to None, run_after=None
[2025-05-01T11:39:22.917+0000] {logging_mixin.py:188} INFO - [2025-05-01T11:39:22.916+0000] {dag.py:3954} INFO - Setting next_dagrun for example_subdag_operator.section-2 to None, run_after=None
[2025-05-01T11:39:22.937+0000] {logging_mixin.py:188} INFO - [2025-05-01T11:39:22.937+0000] {dag.py:3096} INFO - Sync 2 DAGs
[2025-05-01T11:39:22.953+0000] {logging_mixin.py:188} INFO - [2025-05-01T11:39:22.952+0000] {dag.py:3954} INFO - Setting next_dagrun for example_subdag_operator.section-1 to None, run_after=None
[2025-05-01T11:39:22.956+0000] {logging_mixin.py:188} INFO - [2025-05-01T11:39:22.955+0000] {dag.py:3954} INFO - Setting next_dagrun for example_subdag_operator.section-2 to None, run_after=None
[2025-05-01T11:39:22.991+0000] {processor.py:183} INFO - Processing /home/airflow/.local/lib/python3.12/site-packages/airflow/example_dags/example_subdag_operator.py took 0.334 seconds
[2025-05-01T11:39:53.115+0000] {processor.py:161} INFO - Started process (PID=1023) to work on /home/airflow/.local/lib/python3.12/site-packages/airflow/example_dags/example_subdag_operator.py
[2025-05-01T11:39:53.118+0000] {processor.py:830} INFO - Processing file /home/airflow/.local/lib/python3.12/site-packages/airflow/example_dags/example_subdag_operator.py for tasks to queue
[2025-05-01T11:39:53.124+0000] {logging_mixin.py:188} INFO - [2025-05-01T11:39:53.123+0000] {dagbag.py:545} INFO - Filling up the DagBag from /home/airflow/.local/lib/python3.12/site-packages/airflow/example_dags/example_subdag_operator.py
[2025-05-01T11:39:53.189+0000] {processor.py:840} INFO - DAG(s) 'example_subdag_operator.section-1', 'example_subdag_operator.section-2', 'example_subdag_operator' retrieved from /home/airflow/.local/lib/python3.12/site-packages/airflow/example_dags/example_subdag_operator.py
[2025-05-01T11:39:53.238+0000] {logging_mixin.py:188} INFO - [2025-05-01T11:39:53.237+0000] {dag.py:3096} INFO - Sync 3 DAGs
[2025-05-01T11:39:53.298+0000] {logging_mixin.py:188} INFO - [2025-05-01T11:39:53.298+0000] {dag.py:3954} INFO - Setting next_dagrun for example_subdag_operator to 2022-01-01 00:00:00+00:00, run_after=2022-01-01 00:00:00+00:00
[2025-05-01T11:39:53.311+0000] {logging_mixin.py:188} INFO - [2025-05-01T11:39:53.311+0000] {dag.py:3954} INFO - Setting next_dagrun for example_subdag_operator.section-1 to None, run_after=None
[2025-05-01T11:39:53.316+0000] {logging_mixin.py:188} INFO - [2025-05-01T11:39:53.316+0000] {dag.py:3954} INFO - Setting next_dagrun for example_subdag_operator.section-2 to None, run_after=None
[2025-05-01T11:39:53.336+0000] {logging_mixin.py:188} INFO - [2025-05-01T11:39:53.335+0000] {dag.py:3096} INFO - Sync 2 DAGs
[2025-05-01T11:39:53.351+0000] {logging_mixin.py:188} INFO - [2025-05-01T11:39:53.350+0000] {dag.py:3954} INFO - Setting next_dagrun for example_subdag_operator.section-1 to None, run_after=None
[2025-05-01T11:39:53.353+0000] {logging_mixin.py:188} INFO - [2025-05-01T11:39:53.352+0000] {dag.py:3954} INFO - Setting next_dagrun for example_subdag_operator.section-2 to None, run_after=None
[2025-05-01T11:39:53.392+0000] {processor.py:183} INFO - Processing /home/airflow/.local/lib/python3.12/site-packages/airflow/example_dags/example_subdag_operator.py took 0.295 seconds
[2025-05-01T11:40:23.661+0000] {processor.py:161} INFO - Started process (PID=1082) to work on /home/airflow/.local/lib/python3.12/site-packages/airflow/example_dags/example_subdag_operator.py
[2025-05-01T11:40:23.663+0000] {processor.py:830} INFO - Processing file /home/airflow/.local/lib/python3.12/site-packages/airflow/example_dags/example_subdag_operator.py for tasks to queue
[2025-05-01T11:40:23.667+0000] {logging_mixin.py:188} INFO - [2025-05-01T11:40:23.666+0000] {dagbag.py:545} INFO - Filling up the DagBag from /home/airflow/.local/lib/python3.12/site-packages/airflow/example_dags/example_subdag_operator.py
[2025-05-01T11:40:23.714+0000] {processor.py:840} INFO - DAG(s) 'example_subdag_operator.section-1', 'example_subdag_operator.section-2', 'example_subdag_operator' retrieved from /home/airflow/.local/lib/python3.12/site-packages/airflow/example_dags/example_subdag_operator.py
[2025-05-01T11:40:23.755+0000] {logging_mixin.py:188} INFO - [2025-05-01T11:40:23.755+0000] {dag.py:3096} INFO - Sync 3 DAGs
[2025-05-01T11:40:23.853+0000] {logging_mixin.py:188} INFO - [2025-05-01T11:40:23.852+0000] {dag.py:3954} INFO - Setting next_dagrun for example_subdag_operator to 2022-01-01 00:00:00+00:00, run_after=2022-01-01 00:00:00+00:00
[2025-05-01T11:40:23.865+0000] {logging_mixin.py:188} INFO - [2025-05-01T11:40:23.864+0000] {dag.py:3954} INFO - Setting next_dagrun for example_subdag_operator.section-1 to None, run_after=None
[2025-05-01T11:40:23.868+0000] {logging_mixin.py:188} INFO - [2025-05-01T11:40:23.868+0000] {dag.py:3954} INFO - Setting next_dagrun for example_subdag_operator.section-2 to None, run_after=None
[2025-05-01T11:40:23.888+0000] {logging_mixin.py:188} INFO - [2025-05-01T11:40:23.887+0000] {dag.py:3096} INFO - Sync 2 DAGs
[2025-05-01T11:40:23.900+0000] {logging_mixin.py:188} INFO - [2025-05-01T11:40:23.900+0000] {dag.py:3954} INFO - Setting next_dagrun for example_subdag_operator.section-1 to None, run_after=None
[2025-05-01T11:40:23.902+0000] {logging_mixin.py:188} INFO - [2025-05-01T11:40:23.901+0000] {dag.py:3954} INFO - Setting next_dagrun for example_subdag_operator.section-2 to None, run_after=None
[2025-05-01T11:40:23.930+0000] {processor.py:183} INFO - Processing /home/airflow/.local/lib/python3.12/site-packages/airflow/example_dags/example_subdag_operator.py took 0.280 seconds
[2025-05-01T11:40:54.357+0000] {processor.py:161} INFO - Started process (PID=1141) to work on /home/airflow/.local/lib/python3.12/site-packages/airflow/example_dags/example_subdag_operator.py
[2025-05-01T11:40:54.359+0000] {processor.py:830} INFO - Processing file /home/airflow/.local/lib/python3.12/site-packages/airflow/example_dags/example_subdag_operator.py for tasks to queue
[2025-05-01T11:40:54.364+0000] {logging_mixin.py:188} INFO - [2025-05-01T11:40:54.364+0000] {dagbag.py:545} INFO - Filling up the DagBag from /home/airflow/.local/lib/python3.12/site-packages/airflow/example_dags/example_subdag_operator.py
[2025-05-01T11:40:54.424+0000] {processor.py:840} INFO - DAG(s) 'example_subdag_operator.section-1', 'example_subdag_operator.section-2', 'example_subdag_operator' retrieved from /home/airflow/.local/lib/python3.12/site-packages/airflow/example_dags/example_subdag_operator.py
[2025-05-01T11:40:54.468+0000] {logging_mixin.py:188} INFO - [2025-05-01T11:40:54.467+0000] {dag.py:3096} INFO - Sync 3 DAGs
[2025-05-01T11:40:54.534+0000] {logging_mixin.py:188} INFO - [2025-05-01T11:40:54.533+0000] {dag.py:3954} INFO - Setting next_dagrun for example_subdag_operator to 2022-01-01 00:00:00+00:00, run_after=2022-01-01 00:00:00+00:00
[2025-05-01T11:40:54.546+0000] {logging_mixin.py:188} INFO - [2025-05-01T11:40:54.545+0000] {dag.py:3954} INFO - Setting next_dagrun for example_subdag_operator.section-1 to None, run_after=None
[2025-05-01T11:40:54.551+0000] {logging_mixin.py:188} INFO - [2025-05-01T11:40:54.550+0000] {dag.py:3954} INFO - Setting next_dagrun for example_subdag_operator.section-2 to None, run_after=None
[2025-05-01T11:40:54.569+0000] {logging_mixin.py:188} INFO - [2025-05-01T11:40:54.569+0000] {dag.py:3096} INFO - Sync 2 DAGs
[2025-05-01T11:40:54.582+0000] {logging_mixin.py:188} INFO - [2025-05-01T11:40:54.581+0000] {dag.py:3954} INFO - Setting next_dagrun for example_subdag_operator.section-1 to None, run_after=None
[2025-05-01T11:40:54.583+0000] {logging_mixin.py:188} INFO - [2025-05-01T11:40:54.583+0000] {dag.py:3954} INFO - Setting next_dagrun for example_subdag_operator.section-2 to None, run_after=None
[2025-05-01T11:40:54.623+0000] {processor.py:183} INFO - Processing /home/airflow/.local/lib/python3.12/site-packages/airflow/example_dags/example_subdag_operator.py took 0.278 seconds
[2025-05-01T11:41:25.079+0000] {processor.py:161} INFO - Started process (PID=1200) to work on /home/airflow/.local/lib/python3.12/site-packages/airflow/example_dags/example_subdag_operator.py
[2025-05-01T11:41:25.081+0000] {processor.py:830} INFO - Processing file /home/airflow/.local/lib/python3.12/site-packages/airflow/example_dags/example_subdag_operator.py for tasks to queue
[2025-05-01T11:41:25.087+0000] {logging_mixin.py:188} INFO - [2025-05-01T11:41:25.086+0000] {dagbag.py:545} INFO - Filling up the DagBag from /home/airflow/.local/lib/python3.12/site-packages/airflow/example_dags/example_subdag_operator.py
[2025-05-01T11:41:25.150+0000] {processor.py:840} INFO - DAG(s) 'example_subdag_operator.section-1', 'example_subdag_operator.section-2', 'example_subdag_operator' retrieved from /home/airflow/.local/lib/python3.12/site-packages/airflow/example_dags/example_subdag_operator.py
[2025-05-01T11:41:25.191+0000] {logging_mixin.py:188} INFO - [2025-05-01T11:41:25.191+0000] {dag.py:3096} INFO - Sync 3 DAGs
[2025-05-01T11:41:25.256+0000] {logging_mixin.py:188} INFO - [2025-05-01T11:41:25.255+0000] {dag.py:3954} INFO - Setting next_dagrun for example_subdag_operator to 2022-01-01 00:00:00+00:00, run_after=2022-01-01 00:00:00+00:00
[2025-05-01T11:41:25.266+0000] {logging_mixin.py:188} INFO - [2025-05-01T11:41:25.266+0000] {dag.py:3954} INFO - Setting next_dagrun for example_subdag_operator.section-1 to None, run_after=None
[2025-05-01T11:41:25.273+0000] {logging_mixin.py:188} INFO - [2025-05-01T11:41:25.272+0000] {dag.py:3954} INFO - Setting next_dagrun for example_subdag_operator.section-2 to None, run_after=None
[2025-05-01T11:41:25.296+0000] {logging_mixin.py:188} INFO - [2025-05-01T11:41:25.295+0000] {dag.py:3096} INFO - Sync 2 DAGs
[2025-05-01T11:41:25.310+0000] {logging_mixin.py:188} INFO - [2025-05-01T11:41:25.310+0000] {dag.py:3954} INFO - Setting next_dagrun for example_subdag_operator.section-1 to None, run_after=None
[2025-05-01T11:41:25.313+0000] {logging_mixin.py:188} INFO - [2025-05-01T11:41:25.312+0000] {dag.py:3954} INFO - Setting next_dagrun for example_subdag_operator.section-2 to None, run_after=None
[2025-05-01T11:41:25.351+0000] {processor.py:183} INFO - Processing /home/airflow/.local/lib/python3.12/site-packages/airflow/example_dags/example_subdag_operator.py took 0.286 seconds
[2025-05-01T11:41:55.437+0000] {processor.py:161} INFO - Started process (PID=1260) to work on /home/airflow/.local/lib/python3.12/site-packages/airflow/example_dags/example_subdag_operator.py
[2025-05-01T11:41:55.439+0000] {processor.py:830} INFO - Processing file /home/airflow/.local/lib/python3.12/site-packages/airflow/example_dags/example_subdag_operator.py for tasks to queue
[2025-05-01T11:41:55.445+0000] {logging_mixin.py:188} INFO - [2025-05-01T11:41:55.444+0000] {dagbag.py:545} INFO - Filling up the DagBag from /home/airflow/.local/lib/python3.12/site-packages/airflow/example_dags/example_subdag_operator.py
[2025-05-01T11:41:55.516+0000] {processor.py:840} INFO - DAG(s) 'example_subdag_operator.section-1', 'example_subdag_operator.section-2', 'example_subdag_operator' retrieved from /home/airflow/.local/lib/python3.12/site-packages/airflow/example_dags/example_subdag_operator.py
[2025-05-01T11:41:55.565+0000] {logging_mixin.py:188} INFO - [2025-05-01T11:41:55.565+0000] {dag.py:3096} INFO - Sync 3 DAGs
[2025-05-01T11:41:55.657+0000] {logging_mixin.py:188} INFO - [2025-05-01T11:41:55.656+0000] {dag.py:3954} INFO - Setting next_dagrun for example_subdag_operator to 2022-01-01 00:00:00+00:00, run_after=2022-01-01 00:00:00+00:00
[2025-05-01T11:41:55.690+0000] {logging_mixin.py:188} INFO - [2025-05-01T11:41:55.688+0000] {dag.py:3954} INFO - Setting next_dagrun for example_subdag_operator.section-1 to None, run_after=None
[2025-05-01T11:41:55.700+0000] {logging_mixin.py:188} INFO - [2025-05-01T11:41:55.698+0000] {dag.py:3954} INFO - Setting next_dagrun for example_subdag_operator.section-2 to None, run_after=None
[2025-05-01T11:41:55.755+0000] {logging_mixin.py:188} INFO - [2025-05-01T11:41:55.754+0000] {dag.py:3096} INFO - Sync 2 DAGs
[2025-05-01T11:41:55.795+0000] {logging_mixin.py:188} INFO - [2025-05-01T11:41:55.793+0000] {dag.py:3954} INFO - Setting next_dagrun for example_subdag_operator.section-1 to None, run_after=None
[2025-05-01T11:41:55.798+0000] {logging_mixin.py:188} INFO - [2025-05-01T11:41:55.797+0000] {dag.py:3954} INFO - Setting next_dagrun for example_subdag_operator.section-2 to None, run_after=None
[2025-05-01T11:41:55.854+0000] {processor.py:183} INFO - Processing /home/airflow/.local/lib/python3.12/site-packages/airflow/example_dags/example_subdag_operator.py took 0.433 seconds
[2025-05-01T11:42:26.128+0000] {processor.py:161} INFO - Started process (PID=1325) to work on /home/airflow/.local/lib/python3.12/site-packages/airflow/example_dags/example_subdag_operator.py
[2025-05-01T11:42:26.131+0000] {processor.py:830} INFO - Processing file /home/airflow/.local/lib/python3.12/site-packages/airflow/example_dags/example_subdag_operator.py for tasks to queue
[2025-05-01T11:42:26.137+0000] {logging_mixin.py:188} INFO - [2025-05-01T11:42:26.136+0000] {dagbag.py:545} INFO - Filling up the DagBag from /home/airflow/.local/lib/python3.12/site-packages/airflow/example_dags/example_subdag_operator.py
[2025-05-01T11:42:26.192+0000] {processor.py:840} INFO - DAG(s) 'example_subdag_operator.section-1', 'example_subdag_operator.section-2', 'example_subdag_operator' retrieved from /home/airflow/.local/lib/python3.12/site-packages/airflow/example_dags/example_subdag_operator.py
[2025-05-01T11:42:26.231+0000] {logging_mixin.py:188} INFO - [2025-05-01T11:42:26.230+0000] {dag.py:3096} INFO - Sync 3 DAGs
[2025-05-01T11:42:26.280+0000] {logging_mixin.py:188} INFO - [2025-05-01T11:42:26.279+0000] {dag.py:3954} INFO - Setting next_dagrun for example_subdag_operator to 2022-01-01 00:00:00+00:00, run_after=2022-01-01 00:00:00+00:00
[2025-05-01T11:42:26.289+0000] {logging_mixin.py:188} INFO - [2025-05-01T11:42:26.289+0000] {dag.py:3954} INFO - Setting next_dagrun for example_subdag_operator.section-1 to None, run_after=None
[2025-05-01T11:42:26.294+0000] {logging_mixin.py:188} INFO - [2025-05-01T11:42:26.293+0000] {dag.py:3954} INFO - Setting next_dagrun for example_subdag_operator.section-2 to None, run_after=None
[2025-05-01T11:42:26.312+0000] {logging_mixin.py:188} INFO - [2025-05-01T11:42:26.312+0000] {dag.py:3096} INFO - Sync 2 DAGs
[2025-05-01T11:42:26.327+0000] {logging_mixin.py:188} INFO - [2025-05-01T11:42:26.327+0000] {dag.py:3954} INFO - Setting next_dagrun for example_subdag_operator.section-1 to None, run_after=None
[2025-05-01T11:42:26.329+0000] {logging_mixin.py:188} INFO - [2025-05-01T11:42:26.328+0000] {dag.py:3954} INFO - Setting next_dagrun for example_subdag_operator.section-2 to None, run_after=None
[2025-05-01T11:42:26.379+0000] {processor.py:183} INFO - Processing /home/airflow/.local/lib/python3.12/site-packages/airflow/example_dags/example_subdag_operator.py took 0.263 seconds
[2025-05-01T11:42:56.703+0000] {processor.py:161} INFO - Started process (PID=1384) to work on /home/airflow/.local/lib/python3.12/site-packages/airflow/example_dags/example_subdag_operator.py
[2025-05-01T11:42:56.705+0000] {processor.py:830} INFO - Processing file /home/airflow/.local/lib/python3.12/site-packages/airflow/example_dags/example_subdag_operator.py for tasks to queue
[2025-05-01T11:42:56.710+0000] {logging_mixin.py:188} INFO - [2025-05-01T11:42:56.709+0000] {dagbag.py:545} INFO - Filling up the DagBag from /home/airflow/.local/lib/python3.12/site-packages/airflow/example_dags/example_subdag_operator.py
[2025-05-01T11:42:56.765+0000] {processor.py:840} INFO - DAG(s) 'example_subdag_operator.section-1', 'example_subdag_operator.section-2', 'example_subdag_operator' retrieved from /home/airflow/.local/lib/python3.12/site-packages/airflow/example_dags/example_subdag_operator.py
[2025-05-01T11:42:56.802+0000] {logging_mixin.py:188} INFO - [2025-05-01T11:42:56.802+0000] {dag.py:3096} INFO - Sync 3 DAGs
[2025-05-01T11:42:56.851+0000] {logging_mixin.py:188} INFO - [2025-05-01T11:42:56.850+0000] {dag.py:3954} INFO - Setting next_dagrun for example_subdag_operator to 2022-01-01 00:00:00+00:00, run_after=2022-01-01 00:00:00+00:00
[2025-05-01T11:42:56.860+0000] {logging_mixin.py:188} INFO - [2025-05-01T11:42:56.860+0000] {dag.py:3954} INFO - Setting next_dagrun for example_subdag_operator.section-1 to None, run_after=None
[2025-05-01T11:42:56.864+0000] {logging_mixin.py:188} INFO - [2025-05-01T11:42:56.864+0000] {dag.py:3954} INFO - Setting next_dagrun for example_subdag_operator.section-2 to None, run_after=None
[2025-05-01T11:42:56.881+0000] {logging_mixin.py:188} INFO - [2025-05-01T11:42:56.881+0000] {dag.py:3096} INFO - Sync 2 DAGs
[2025-05-01T11:42:56.896+0000] {logging_mixin.py:188} INFO - [2025-05-01T11:42:56.896+0000] {dag.py:3954} INFO - Setting next_dagrun for example_subdag_operator.section-1 to None, run_after=None
[2025-05-01T11:42:56.898+0000] {logging_mixin.py:188} INFO - [2025-05-01T11:42:56.897+0000] {dag.py:3954} INFO - Setting next_dagrun for example_subdag_operator.section-2 to None, run_after=None
[2025-05-01T11:42:56.928+0000] {processor.py:183} INFO - Processing /home/airflow/.local/lib/python3.12/site-packages/airflow/example_dags/example_subdag_operator.py took 0.236 seconds
[2025-05-01T11:43:27.111+0000] {processor.py:161} INFO - Started process (PID=1443) to work on /home/airflow/.local/lib/python3.12/site-packages/airflow/example_dags/example_subdag_operator.py
[2025-05-01T11:43:27.113+0000] {processor.py:830} INFO - Processing file /home/airflow/.local/lib/python3.12/site-packages/airflow/example_dags/example_subdag_operator.py for tasks to queue
[2025-05-01T11:43:27.118+0000] {logging_mixin.py:188} INFO - [2025-05-01T11:43:27.117+0000] {dagbag.py:545} INFO - Filling up the DagBag from /home/airflow/.local/lib/python3.12/site-packages/airflow/example_dags/example_subdag_operator.py
[2025-05-01T11:43:27.179+0000] {processor.py:840} INFO - DAG(s) 'example_subdag_operator.section-1', 'example_subdag_operator.section-2', 'example_subdag_operator' retrieved from /home/airflow/.local/lib/python3.12/site-packages/airflow/example_dags/example_subdag_operator.py
[2025-05-01T11:43:27.216+0000] {logging_mixin.py:188} INFO - [2025-05-01T11:43:27.215+0000] {dag.py:3096} INFO - Sync 3 DAGs
[2025-05-01T11:43:27.281+0000] {logging_mixin.py:188} INFO - [2025-05-01T11:43:27.281+0000] {dag.py:3954} INFO - Setting next_dagrun for example_subdag_operator to 2022-01-01 00:00:00+00:00, run_after=2022-01-01 00:00:00+00:00
[2025-05-01T11:43:27.292+0000] {logging_mixin.py:188} INFO - [2025-05-01T11:43:27.292+0000] {dag.py:3954} INFO - Setting next_dagrun for example_subdag_operator.section-1 to None, run_after=None
[2025-05-01T11:43:27.297+0000] {logging_mixin.py:188} INFO - [2025-05-01T11:43:27.296+0000] {dag.py:3954} INFO - Setting next_dagrun for example_subdag_operator.section-2 to None, run_after=None
[2025-05-01T11:43:27.321+0000] {logging_mixin.py:188} INFO - [2025-05-01T11:43:27.321+0000] {dag.py:3096} INFO - Sync 2 DAGs
[2025-05-01T11:43:27.336+0000] {logging_mixin.py:188} INFO - [2025-05-01T11:43:27.336+0000] {dag.py:3954} INFO - Setting next_dagrun for example_subdag_operator.section-1 to None, run_after=None
[2025-05-01T11:43:27.338+0000] {logging_mixin.py:188} INFO - [2025-05-01T11:43:27.338+0000] {dag.py:3954} INFO - Setting next_dagrun for example_subdag_operator.section-2 to None, run_after=None
[2025-05-01T11:43:27.375+0000] {processor.py:183} INFO - Processing /home/airflow/.local/lib/python3.12/site-packages/airflow/example_dags/example_subdag_operator.py took 0.280 seconds
[2025-05-01T11:43:57.562+0000] {processor.py:161} INFO - Started process (PID=1502) to work on /home/airflow/.local/lib/python3.12/site-packages/airflow/example_dags/example_subdag_operator.py
[2025-05-01T11:43:57.564+0000] {processor.py:830} INFO - Processing file /home/airflow/.local/lib/python3.12/site-packages/airflow/example_dags/example_subdag_operator.py for tasks to queue
[2025-05-01T11:43:57.568+0000] {logging_mixin.py:188} INFO - [2025-05-01T11:43:57.568+0000] {dagbag.py:545} INFO - Filling up the DagBag from /home/airflow/.local/lib/python3.12/site-packages/airflow/example_dags/example_subdag_operator.py
[2025-05-01T11:43:57.621+0000] {processor.py:840} INFO - DAG(s) 'example_subdag_operator.section-1', 'example_subdag_operator.section-2', 'example_subdag_operator' retrieved from /home/airflow/.local/lib/python3.12/site-packages/airflow/example_dags/example_subdag_operator.py
[2025-05-01T11:43:57.663+0000] {logging_mixin.py:188} INFO - [2025-05-01T11:43:57.662+0000] {dag.py:3096} INFO - Sync 3 DAGs
[2025-05-01T11:43:57.711+0000] {logging_mixin.py:188} INFO - [2025-05-01T11:43:57.711+0000] {dag.py:3954} INFO - Setting next_dagrun for example_subdag_operator to 2022-01-01 00:00:00+00:00, run_after=2022-01-01 00:00:00+00:00
[2025-05-01T11:43:57.721+0000] {logging_mixin.py:188} INFO - [2025-05-01T11:43:57.720+0000] {dag.py:3954} INFO - Setting next_dagrun for example_subdag_operator.section-1 to None, run_after=None
[2025-05-01T11:43:57.725+0000] {logging_mixin.py:188} INFO - [2025-05-01T11:43:57.724+0000] {dag.py:3954} INFO - Setting next_dagrun for example_subdag_operator.section-2 to None, run_after=None
[2025-05-01T11:43:57.743+0000] {logging_mixin.py:188} INFO - [2025-05-01T11:43:57.743+0000] {dag.py:3096} INFO - Sync 2 DAGs
[2025-05-01T11:43:57.757+0000] {logging_mixin.py:188} INFO - [2025-05-01T11:43:57.756+0000] {dag.py:3954} INFO - Setting next_dagrun for example_subdag_operator.section-1 to None, run_after=None
[2025-05-01T11:43:57.759+0000] {logging_mixin.py:188} INFO - [2025-05-01T11:43:57.758+0000] {dag.py:3954} INFO - Setting next_dagrun for example_subdag_operator.section-2 to None, run_after=None
[2025-05-01T11:43:57.788+0000] {processor.py:183} INFO - Processing /home/airflow/.local/lib/python3.12/site-packages/airflow/example_dags/example_subdag_operator.py took 0.240 seconds
[2025-05-01T11:44:28.797+0000] {processor.py:161} INFO - Started process (PID=1561) to work on /home/airflow/.local/lib/python3.12/site-packages/airflow/example_dags/example_subdag_operator.py
[2025-05-01T11:44:28.799+0000] {processor.py:830} INFO - Processing file /home/airflow/.local/lib/python3.12/site-packages/airflow/example_dags/example_subdag_operator.py for tasks to queue
[2025-05-01T11:44:28.804+0000] {logging_mixin.py:188} INFO - [2025-05-01T11:44:28.803+0000] {dagbag.py:545} INFO - Filling up the DagBag from /home/airflow/.local/lib/python3.12/site-packages/airflow/example_dags/example_subdag_operator.py
[2025-05-01T11:44:28.855+0000] {processor.py:840} INFO - DAG(s) 'example_subdag_operator.section-1', 'example_subdag_operator.section-2', 'example_subdag_operator' retrieved from /home/airflow/.local/lib/python3.12/site-packages/airflow/example_dags/example_subdag_operator.py
[2025-05-01T11:44:28.892+0000] {logging_mixin.py:188} INFO - [2025-05-01T11:44:28.892+0000] {dag.py:3096} INFO - Sync 3 DAGs
[2025-05-01T11:44:28.943+0000] {logging_mixin.py:188} INFO - [2025-05-01T11:44:28.942+0000] {dag.py:3954} INFO - Setting next_dagrun for example_subdag_operator to 2022-01-01 00:00:00+00:00, run_after=2022-01-01 00:00:00+00:00
[2025-05-01T11:44:28.954+0000] {logging_mixin.py:188} INFO - [2025-05-01T11:44:28.953+0000] {dag.py:3954} INFO - Setting next_dagrun for example_subdag_operator.section-1 to None, run_after=None
[2025-05-01T11:44:28.958+0000] {logging_mixin.py:188} INFO - [2025-05-01T11:44:28.957+0000] {dag.py:3954} INFO - Setting next_dagrun for example_subdag_operator.section-2 to None, run_after=None
[2025-05-01T11:44:28.979+0000] {logging_mixin.py:188} INFO - [2025-05-01T11:44:28.978+0000] {dag.py:3096} INFO - Sync 2 DAGs
[2025-05-01T11:44:28.992+0000] {logging_mixin.py:188} INFO - [2025-05-01T11:44:28.991+0000] {dag.py:3954} INFO - Setting next_dagrun for example_subdag_operator.section-1 to None, run_after=None
[2025-05-01T11:44:28.993+0000] {logging_mixin.py:188} INFO - [2025-05-01T11:44:28.993+0000] {dag.py:3954} INFO - Setting next_dagrun for example_subdag_operator.section-2 to None, run_after=None
[2025-05-01T11:44:29.025+0000] {processor.py:183} INFO - Processing /home/airflow/.local/lib/python3.12/site-packages/airflow/example_dags/example_subdag_operator.py took 0.239 seconds
[2025-05-01T11:44:59.181+0000] {processor.py:161} INFO - Started process (PID=1620) to work on /home/airflow/.local/lib/python3.12/site-packages/airflow/example_dags/example_subdag_operator.py
[2025-05-01T11:44:59.184+0000] {processor.py:830} INFO - Processing file /home/airflow/.local/lib/python3.12/site-packages/airflow/example_dags/example_subdag_operator.py for tasks to queue
[2025-05-01T11:44:59.189+0000] {logging_mixin.py:188} INFO - [2025-05-01T11:44:59.188+0000] {dagbag.py:545} INFO - Filling up the DagBag from /home/airflow/.local/lib/python3.12/site-packages/airflow/example_dags/example_subdag_operator.py
[2025-05-01T11:44:59.246+0000] {processor.py:840} INFO - DAG(s) 'example_subdag_operator.section-1', 'example_subdag_operator.section-2', 'example_subdag_operator' retrieved from /home/airflow/.local/lib/python3.12/site-packages/airflow/example_dags/example_subdag_operator.py
[2025-05-01T11:44:59.293+0000] {logging_mixin.py:188} INFO - [2025-05-01T11:44:59.292+0000] {dag.py:3096} INFO - Sync 3 DAGs
[2025-05-01T11:44:59.361+0000] {logging_mixin.py:188} INFO - [2025-05-01T11:44:59.361+0000] {dag.py:3954} INFO - Setting next_dagrun for example_subdag_operator to 2022-01-01 00:00:00+00:00, run_after=2022-01-01 00:00:00+00:00
[2025-05-01T11:44:59.373+0000] {logging_mixin.py:188} INFO - [2025-05-01T11:44:59.372+0000] {dag.py:3954} INFO - Setting next_dagrun for example_subdag_operator.section-1 to None, run_after=None
[2025-05-01T11:44:59.376+0000] {logging_mixin.py:188} INFO - [2025-05-01T11:44:59.376+0000] {dag.py:3954} INFO - Setting next_dagrun for example_subdag_operator.section-2 to None, run_after=None
[2025-05-01T11:44:59.395+0000] {logging_mixin.py:188} INFO - [2025-05-01T11:44:59.394+0000] {dag.py:3096} INFO - Sync 2 DAGs
[2025-05-01T11:44:59.409+0000] {logging_mixin.py:188} INFO - [2025-05-01T11:44:59.408+0000] {dag.py:3954} INFO - Setting next_dagrun for example_subdag_operator.section-1 to None, run_after=None
[2025-05-01T11:44:59.411+0000] {logging_mixin.py:188} INFO - [2025-05-01T11:44:59.410+0000] {dag.py:3954} INFO - Setting next_dagrun for example_subdag_operator.section-2 to None, run_after=None
[2025-05-01T11:44:59.442+0000] {processor.py:183} INFO - Processing /home/airflow/.local/lib/python3.12/site-packages/airflow/example_dags/example_subdag_operator.py took 0.273 seconds
[2025-05-01T11:45:29.827+0000] {processor.py:161} INFO - Started process (PID=1679) to work on /home/airflow/.local/lib/python3.12/site-packages/airflow/example_dags/example_subdag_operator.py
[2025-05-01T11:45:29.829+0000] {processor.py:830} INFO - Processing file /home/airflow/.local/lib/python3.12/site-packages/airflow/example_dags/example_subdag_operator.py for tasks to queue
[2025-05-01T11:45:29.834+0000] {logging_mixin.py:188} INFO - [2025-05-01T11:45:29.833+0000] {dagbag.py:545} INFO - Filling up the DagBag from /home/airflow/.local/lib/python3.12/site-packages/airflow/example_dags/example_subdag_operator.py
[2025-05-01T11:45:29.897+0000] {processor.py:840} INFO - DAG(s) 'example_subdag_operator.section-1', 'example_subdag_operator.section-2', 'example_subdag_operator' retrieved from /home/airflow/.local/lib/python3.12/site-packages/airflow/example_dags/example_subdag_operator.py
[2025-05-01T11:45:29.932+0000] {logging_mixin.py:188} INFO - [2025-05-01T11:45:29.932+0000] {dag.py:3096} INFO - Sync 3 DAGs
[2025-05-01T11:45:29.979+0000] {logging_mixin.py:188} INFO - [2025-05-01T11:45:29.978+0000] {dag.py:3954} INFO - Setting next_dagrun for example_subdag_operator to 2022-01-01 00:00:00+00:00, run_after=2022-01-01 00:00:00+00:00
[2025-05-01T11:45:29.988+0000] {logging_mixin.py:188} INFO - [2025-05-01T11:45:29.987+0000] {dag.py:3954} INFO - Setting next_dagrun for example_subdag_operator.section-1 to None, run_after=None
[2025-05-01T11:45:29.992+0000] {logging_mixin.py:188} INFO - [2025-05-01T11:45:29.991+0000] {dag.py:3954} INFO - Setting next_dagrun for example_subdag_operator.section-2 to None, run_after=None
[2025-05-01T11:45:30.010+0000] {logging_mixin.py:188} INFO - [2025-05-01T11:45:30.010+0000] {dag.py:3096} INFO - Sync 2 DAGs
[2025-05-01T11:45:30.023+0000] {logging_mixin.py:188} INFO - [2025-05-01T11:45:30.022+0000] {dag.py:3954} INFO - Setting next_dagrun for example_subdag_operator.section-1 to None, run_after=None
[2025-05-01T11:45:30.024+0000] {logging_mixin.py:188} INFO - [2025-05-01T11:45:30.024+0000] {dag.py:3954} INFO - Setting next_dagrun for example_subdag_operator.section-2 to None, run_after=None
[2025-05-01T11:45:30.094+0000] {processor.py:183} INFO - Processing /home/airflow/.local/lib/python3.12/site-packages/airflow/example_dags/example_subdag_operator.py took 0.278 seconds
[2025-05-01T11:46:00.413+0000] {processor.py:161} INFO - Started process (PID=1738) to work on /home/airflow/.local/lib/python3.12/site-packages/airflow/example_dags/example_subdag_operator.py
[2025-05-01T11:46:00.416+0000] {processor.py:830} INFO - Processing file /home/airflow/.local/lib/python3.12/site-packages/airflow/example_dags/example_subdag_operator.py for tasks to queue
[2025-05-01T11:46:00.420+0000] {logging_mixin.py:188} INFO - [2025-05-01T11:46:00.420+0000] {dagbag.py:545} INFO - Filling up the DagBag from /home/airflow/.local/lib/python3.12/site-packages/airflow/example_dags/example_subdag_operator.py
[2025-05-01T11:46:00.482+0000] {processor.py:840} INFO - DAG(s) 'example_subdag_operator.section-1', 'example_subdag_operator.section-2', 'example_subdag_operator' retrieved from /home/airflow/.local/lib/python3.12/site-packages/airflow/example_dags/example_subdag_operator.py
[2025-05-01T11:46:00.529+0000] {logging_mixin.py:188} INFO - [2025-05-01T11:46:00.529+0000] {dag.py:3096} INFO - Sync 3 DAGs
[2025-05-01T11:46:00.595+0000] {logging_mixin.py:188} INFO - [2025-05-01T11:46:00.595+0000] {dag.py:3954} INFO - Setting next_dagrun for example_subdag_operator to 2022-01-01 00:00:00+00:00, run_after=2022-01-01 00:00:00+00:00
[2025-05-01T11:46:00.606+0000] {logging_mixin.py:188} INFO - [2025-05-01T11:46:00.605+0000] {dag.py:3954} INFO - Setting next_dagrun for example_subdag_operator.section-1 to None, run_after=None
[2025-05-01T11:46:00.610+0000] {logging_mixin.py:188} INFO - [2025-05-01T11:46:00.609+0000] {dag.py:3954} INFO - Setting next_dagrun for example_subdag_operator.section-2 to None, run_after=None
[2025-05-01T11:46:00.629+0000] {logging_mixin.py:188} INFO - [2025-05-01T11:46:00.629+0000] {dag.py:3096} INFO - Sync 2 DAGs
[2025-05-01T11:46:00.644+0000] {logging_mixin.py:188} INFO - [2025-05-01T11:46:00.644+0000] {dag.py:3954} INFO - Setting next_dagrun for example_subdag_operator.section-1 to None, run_after=None
[2025-05-01T11:46:00.646+0000] {logging_mixin.py:188} INFO - [2025-05-01T11:46:00.646+0000] {dag.py:3954} INFO - Setting next_dagrun for example_subdag_operator.section-2 to None, run_after=None
[2025-05-01T11:46:00.717+0000] {processor.py:183} INFO - Processing /home/airflow/.local/lib/python3.12/site-packages/airflow/example_dags/example_subdag_operator.py took 0.325 seconds
[2025-05-01T11:46:31.557+0000] {processor.py:161} INFO - Started process (PID=1797) to work on /home/airflow/.local/lib/python3.12/site-packages/airflow/example_dags/example_subdag_operator.py
[2025-05-01T11:46:31.560+0000] {processor.py:830} INFO - Processing file /home/airflow/.local/lib/python3.12/site-packages/airflow/example_dags/example_subdag_operator.py for tasks to queue
[2025-05-01T11:46:31.566+0000] {logging_mixin.py:188} INFO - [2025-05-01T11:46:31.565+0000] {dagbag.py:545} INFO - Filling up the DagBag from /home/airflow/.local/lib/python3.12/site-packages/airflow/example_dags/example_subdag_operator.py
[2025-05-01T11:46:31.634+0000] {processor.py:840} INFO - DAG(s) 'example_subdag_operator.section-1', 'example_subdag_operator.section-2', 'example_subdag_operator' retrieved from /home/airflow/.local/lib/python3.12/site-packages/airflow/example_dags/example_subdag_operator.py
[2025-05-01T11:46:31.688+0000] {logging_mixin.py:188} INFO - [2025-05-01T11:46:31.687+0000] {dag.py:3096} INFO - Sync 3 DAGs
[2025-05-01T11:46:31.766+0000] {logging_mixin.py:188} INFO - [2025-05-01T11:46:31.765+0000] {dag.py:3954} INFO - Setting next_dagrun for example_subdag_operator to 2022-01-01 00:00:00+00:00, run_after=2022-01-01 00:00:00+00:00
[2025-05-01T11:46:31.778+0000] {logging_mixin.py:188} INFO - [2025-05-01T11:46:31.778+0000] {dag.py:3954} INFO - Setting next_dagrun for example_subdag_operator.section-1 to None, run_after=None
[2025-05-01T11:46:31.783+0000] {logging_mixin.py:188} INFO - [2025-05-01T11:46:31.782+0000] {dag.py:3954} INFO - Setting next_dagrun for example_subdag_operator.section-2 to None, run_after=None
[2025-05-01T11:46:31.804+0000] {logging_mixin.py:188} INFO - [2025-05-01T11:46:31.804+0000] {dag.py:3096} INFO - Sync 2 DAGs
[2025-05-01T11:46:31.840+0000] {logging_mixin.py:188} INFO - [2025-05-01T11:46:31.835+0000] {dag.py:3954} INFO - Setting next_dagrun for example_subdag_operator.section-1 to None, run_after=None
[2025-05-01T11:46:31.846+0000] {logging_mixin.py:188} INFO - [2025-05-01T11:46:31.845+0000] {dag.py:3954} INFO - Setting next_dagrun for example_subdag_operator.section-2 to None, run_after=None
[2025-05-01T11:46:31.942+0000] {processor.py:183} INFO - Processing /home/airflow/.local/lib/python3.12/site-packages/airflow/example_dags/example_subdag_operator.py took 0.403 seconds
[2025-05-01T11:47:02.328+0000] {processor.py:161} INFO - Started process (PID=1855) to work on /home/airflow/.local/lib/python3.12/site-packages/airflow/example_dags/example_subdag_operator.py
[2025-05-01T11:47:02.332+0000] {processor.py:830} INFO - Processing file /home/airflow/.local/lib/python3.12/site-packages/airflow/example_dags/example_subdag_operator.py for tasks to queue
[2025-05-01T11:47:02.336+0000] {logging_mixin.py:188} INFO - [2025-05-01T11:47:02.335+0000] {dagbag.py:545} INFO - Filling up the DagBag from /home/airflow/.local/lib/python3.12/site-packages/airflow/example_dags/example_subdag_operator.py
[2025-05-01T11:47:02.396+0000] {processor.py:840} INFO - DAG(s) 'example_subdag_operator.section-1', 'example_subdag_operator.section-2', 'example_subdag_operator' retrieved from /home/airflow/.local/lib/python3.12/site-packages/airflow/example_dags/example_subdag_operator.py
[2025-05-01T11:47:02.437+0000] {logging_mixin.py:188} INFO - [2025-05-01T11:47:02.437+0000] {dag.py:3096} INFO - Sync 3 DAGs
[2025-05-01T11:47:02.495+0000] {logging_mixin.py:188} INFO - [2025-05-01T11:47:02.494+0000] {dag.py:3954} INFO - Setting next_dagrun for example_subdag_operator to 2022-01-01 00:00:00+00:00, run_after=2022-01-01 00:00:00+00:00
[2025-05-01T11:47:02.504+0000] {logging_mixin.py:188} INFO - [2025-05-01T11:47:02.504+0000] {dag.py:3954} INFO - Setting next_dagrun for example_subdag_operator.section-1 to None, run_after=None
[2025-05-01T11:47:02.509+0000] {logging_mixin.py:188} INFO - [2025-05-01T11:47:02.509+0000] {dag.py:3954} INFO - Setting next_dagrun for example_subdag_operator.section-2 to None, run_after=None
[2025-05-01T11:47:02.532+0000] {logging_mixin.py:188} INFO - [2025-05-01T11:47:02.531+0000] {dag.py:3096} INFO - Sync 2 DAGs
[2025-05-01T11:47:02.547+0000] {logging_mixin.py:188} INFO - [2025-05-01T11:47:02.546+0000] {dag.py:3954} INFO - Setting next_dagrun for example_subdag_operator.section-1 to None, run_after=None
[2025-05-01T11:47:02.550+0000] {logging_mixin.py:188} INFO - [2025-05-01T11:47:02.549+0000] {dag.py:3954} INFO - Setting next_dagrun for example_subdag_operator.section-2 to None, run_after=None
[2025-05-01T11:47:02.589+0000] {processor.py:183} INFO - Processing /home/airflow/.local/lib/python3.12/site-packages/airflow/example_dags/example_subdag_operator.py took 0.279 seconds
[2025-05-01T11:47:32.691+0000] {processor.py:161} INFO - Started process (PID=1914) to work on /home/airflow/.local/lib/python3.12/site-packages/airflow/example_dags/example_subdag_operator.py
[2025-05-01T11:47:32.694+0000] {processor.py:830} INFO - Processing file /home/airflow/.local/lib/python3.12/site-packages/airflow/example_dags/example_subdag_operator.py for tasks to queue
[2025-05-01T11:47:32.699+0000] {logging_mixin.py:188} INFO - [2025-05-01T11:47:32.698+0000] {dagbag.py:545} INFO - Filling up the DagBag from /home/airflow/.local/lib/python3.12/site-packages/airflow/example_dags/example_subdag_operator.py
[2025-05-01T11:47:32.749+0000] {processor.py:840} INFO - DAG(s) 'example_subdag_operator.section-1', 'example_subdag_operator.section-2', 'example_subdag_operator' retrieved from /home/airflow/.local/lib/python3.12/site-packages/airflow/example_dags/example_subdag_operator.py
[2025-05-01T11:47:32.784+0000] {logging_mixin.py:188} INFO - [2025-05-01T11:47:32.783+0000] {dag.py:3096} INFO - Sync 3 DAGs
[2025-05-01T11:47:32.840+0000] {logging_mixin.py:188} INFO - [2025-05-01T11:47:32.840+0000] {dag.py:3954} INFO - Setting next_dagrun for example_subdag_operator to 2022-01-01 00:00:00+00:00, run_after=2022-01-01 00:00:00+00:00
[2025-05-01T11:47:32.849+0000] {logging_mixin.py:188} INFO - [2025-05-01T11:47:32.849+0000] {dag.py:3954} INFO - Setting next_dagrun for example_subdag_operator.section-1 to None, run_after=None
[2025-05-01T11:47:32.853+0000] {logging_mixin.py:188} INFO - [2025-05-01T11:47:32.853+0000] {dag.py:3954} INFO - Setting next_dagrun for example_subdag_operator.section-2 to None, run_after=None
[2025-05-01T11:47:32.870+0000] {logging_mixin.py:188} INFO - [2025-05-01T11:47:32.870+0000] {dag.py:3096} INFO - Sync 2 DAGs
[2025-05-01T11:47:32.883+0000] {logging_mixin.py:188} INFO - [2025-05-01T11:47:32.882+0000] {dag.py:3954} INFO - Setting next_dagrun for example_subdag_operator.section-1 to None, run_after=None
[2025-05-01T11:47:32.884+0000] {logging_mixin.py:188} INFO - [2025-05-01T11:47:32.884+0000] {dag.py:3954} INFO - Setting next_dagrun for example_subdag_operator.section-2 to None, run_after=None
[2025-05-01T11:47:32.914+0000] {processor.py:183} INFO - Processing /home/airflow/.local/lib/python3.12/site-packages/airflow/example_dags/example_subdag_operator.py took 0.235 seconds
[2025-05-01T11:48:03.729+0000] {processor.py:161} INFO - Started process (PID=1973) to work on /home/airflow/.local/lib/python3.12/site-packages/airflow/example_dags/example_subdag_operator.py
[2025-05-01T11:48:03.732+0000] {processor.py:830} INFO - Processing file /home/airflow/.local/lib/python3.12/site-packages/airflow/example_dags/example_subdag_operator.py for tasks to queue
[2025-05-01T11:48:03.736+0000] {logging_mixin.py:188} INFO - [2025-05-01T11:48:03.735+0000] {dagbag.py:545} INFO - Filling up the DagBag from /home/airflow/.local/lib/python3.12/site-packages/airflow/example_dags/example_subdag_operator.py
[2025-05-01T11:48:03.804+0000] {processor.py:840} INFO - DAG(s) 'example_subdag_operator.section-1', 'example_subdag_operator.section-2', 'example_subdag_operator' retrieved from /home/airflow/.local/lib/python3.12/site-packages/airflow/example_dags/example_subdag_operator.py
[2025-05-01T11:48:03.843+0000] {logging_mixin.py:188} INFO - [2025-05-01T11:48:03.842+0000] {dag.py:3096} INFO - Sync 3 DAGs
[2025-05-01T11:48:04.193+0000] {logging_mixin.py:188} INFO - [2025-05-01T11:48:04.192+0000] {dag.py:3954} INFO - Setting next_dagrun for example_subdag_operator to 2022-01-01 00:00:00+00:00, run_after=2022-01-01 00:00:00+00:00
[2025-05-01T11:48:04.207+0000] {logging_mixin.py:188} INFO - [2025-05-01T11:48:04.206+0000] {dag.py:3954} INFO - Setting next_dagrun for example_subdag_operator.section-1 to None, run_after=None
[2025-05-01T11:48:04.212+0000] {logging_mixin.py:188} INFO - [2025-05-01T11:48:04.211+0000] {dag.py:3954} INFO - Setting next_dagrun for example_subdag_operator.section-2 to None, run_after=None
[2025-05-01T11:48:04.244+0000] {logging_mixin.py:188} INFO - [2025-05-01T11:48:04.244+0000] {dag.py:3096} INFO - Sync 2 DAGs
[2025-05-01T11:48:04.271+0000] {logging_mixin.py:188} INFO - [2025-05-01T11:48:04.270+0000] {dag.py:3954} INFO - Setting next_dagrun for example_subdag_operator.section-1 to None, run_after=None
[2025-05-01T11:48:04.273+0000] {logging_mixin.py:188} INFO - [2025-05-01T11:48:04.273+0000] {dag.py:3954} INFO - Setting next_dagrun for example_subdag_operator.section-2 to None, run_after=None
[2025-05-01T11:48:04.312+0000] {processor.py:183} INFO - Processing /home/airflow/.local/lib/python3.12/site-packages/airflow/example_dags/example_subdag_operator.py took 0.594 seconds
[2025-05-01T11:48:35.315+0000] {processor.py:161} INFO - Started process (PID=2032) to work on /home/airflow/.local/lib/python3.12/site-packages/airflow/example_dags/example_subdag_operator.py
[2025-05-01T11:48:35.318+0000] {processor.py:830} INFO - Processing file /home/airflow/.local/lib/python3.12/site-packages/airflow/example_dags/example_subdag_operator.py for tasks to queue
[2025-05-01T11:48:35.330+0000] {logging_mixin.py:188} INFO - [2025-05-01T11:48:35.328+0000] {dagbag.py:545} INFO - Filling up the DagBag from /home/airflow/.local/lib/python3.12/site-packages/airflow/example_dags/example_subdag_operator.py
[2025-05-01T11:48:35.415+0000] {processor.py:840} INFO - DAG(s) 'example_subdag_operator.section-1', 'example_subdag_operator.section-2', 'example_subdag_operator' retrieved from /home/airflow/.local/lib/python3.12/site-packages/airflow/example_dags/example_subdag_operator.py
[2025-05-01T11:48:35.463+0000] {logging_mixin.py:188} INFO - [2025-05-01T11:48:35.463+0000] {dag.py:3096} INFO - Sync 3 DAGs
[2025-05-01T11:48:35.518+0000] {logging_mixin.py:188} INFO - [2025-05-01T11:48:35.517+0000] {dag.py:3954} INFO - Setting next_dagrun for example_subdag_operator to 2022-01-01 00:00:00+00:00, run_after=2022-01-01 00:00:00+00:00
[2025-05-01T11:48:35.529+0000] {logging_mixin.py:188} INFO - [2025-05-01T11:48:35.528+0000] {dag.py:3954} INFO - Setting next_dagrun for example_subdag_operator.section-1 to None, run_after=None
[2025-05-01T11:48:35.535+0000] {logging_mixin.py:188} INFO - [2025-05-01T11:48:35.534+0000] {dag.py:3954} INFO - Setting next_dagrun for example_subdag_operator.section-2 to None, run_after=None
[2025-05-01T11:48:35.553+0000] {logging_mixin.py:188} INFO - [2025-05-01T11:48:35.552+0000] {dag.py:3096} INFO - Sync 2 DAGs
[2025-05-01T11:48:35.794+0000] {logging_mixin.py:188} INFO - [2025-05-01T11:48:35.794+0000] {dag.py:3954} INFO - Setting next_dagrun for example_subdag_operator.section-1 to None, run_after=None
[2025-05-01T11:48:35.796+0000] {logging_mixin.py:188} INFO - [2025-05-01T11:48:35.795+0000] {dag.py:3954} INFO - Setting next_dagrun for example_subdag_operator.section-2 to None, run_after=None
[2025-05-01T11:48:35.826+0000] {processor.py:183} INFO - Processing /home/airflow/.local/lib/python3.12/site-packages/airflow/example_dags/example_subdag_operator.py took 0.547 seconds
[2025-05-01T11:49:06.338+0000] {processor.py:161} INFO - Started process (PID=2092) to work on /home/airflow/.local/lib/python3.12/site-packages/airflow/example_dags/example_subdag_operator.py
[2025-05-01T11:49:06.340+0000] {processor.py:830} INFO - Processing file /home/airflow/.local/lib/python3.12/site-packages/airflow/example_dags/example_subdag_operator.py for tasks to queue
[2025-05-01T11:49:06.345+0000] {logging_mixin.py:188} INFO - [2025-05-01T11:49:06.344+0000] {dagbag.py:545} INFO - Filling up the DagBag from /home/airflow/.local/lib/python3.12/site-packages/airflow/example_dags/example_subdag_operator.py
[2025-05-01T11:49:06.395+0000] {processor.py:840} INFO - DAG(s) 'example_subdag_operator.section-1', 'example_subdag_operator.section-2', 'example_subdag_operator' retrieved from /home/airflow/.local/lib/python3.12/site-packages/airflow/example_dags/example_subdag_operator.py
[2025-05-01T11:49:06.432+0000] {logging_mixin.py:188} INFO - [2025-05-01T11:49:06.431+0000] {dag.py:3096} INFO - Sync 3 DAGs
[2025-05-01T11:49:06.490+0000] {logging_mixin.py:188} INFO - [2025-05-01T11:49:06.489+0000] {dag.py:3954} INFO - Setting next_dagrun for example_subdag_operator to 2022-01-01 00:00:00+00:00, run_after=2022-01-01 00:00:00+00:00
[2025-05-01T11:49:06.504+0000] {logging_mixin.py:188} INFO - [2025-05-01T11:49:06.503+0000] {dag.py:3954} INFO - Setting next_dagrun for example_subdag_operator.section-1 to None, run_after=None
[2025-05-01T11:49:06.509+0000] {logging_mixin.py:188} INFO - [2025-05-01T11:49:06.509+0000] {dag.py:3954} INFO - Setting next_dagrun for example_subdag_operator.section-2 to None, run_after=None
[2025-05-01T11:49:06.531+0000] {logging_mixin.py:188} INFO - [2025-05-01T11:49:06.530+0000] {dag.py:3096} INFO - Sync 2 DAGs
[2025-05-01T11:49:06.548+0000] {logging_mixin.py:188} INFO - [2025-05-01T11:49:06.547+0000] {dag.py:3954} INFO - Setting next_dagrun for example_subdag_operator.section-1 to None, run_after=None
[2025-05-01T11:49:06.550+0000] {logging_mixin.py:188} INFO - [2025-05-01T11:49:06.550+0000] {dag.py:3954} INFO - Setting next_dagrun for example_subdag_operator.section-2 to None, run_after=None
[2025-05-01T11:49:06.598+0000] {processor.py:183} INFO - Processing /home/airflow/.local/lib/python3.12/site-packages/airflow/example_dags/example_subdag_operator.py took 0.273 seconds
[2025-05-01T11:49:37.973+0000] {processor.py:161} INFO - Started process (PID=2152) to work on /home/airflow/.local/lib/python3.12/site-packages/airflow/example_dags/example_subdag_operator.py
[2025-05-01T11:49:37.975+0000] {processor.py:830} INFO - Processing file /home/airflow/.local/lib/python3.12/site-packages/airflow/example_dags/example_subdag_operator.py for tasks to queue
[2025-05-01T11:49:37.979+0000] {logging_mixin.py:188} INFO - [2025-05-01T11:49:37.979+0000] {dagbag.py:545} INFO - Filling up the DagBag from /home/airflow/.local/lib/python3.12/site-packages/airflow/example_dags/example_subdag_operator.py
[2025-05-01T11:49:38.400+0000] {processor.py:840} INFO - DAG(s) 'example_subdag_operator.section-1', 'example_subdag_operator.section-2', 'example_subdag_operator' retrieved from /home/airflow/.local/lib/python3.12/site-packages/airflow/example_dags/example_subdag_operator.py
[2025-05-01T11:49:38.451+0000] {logging_mixin.py:188} INFO - [2025-05-01T11:49:38.451+0000] {dag.py:3096} INFO - Sync 3 DAGs
[2025-05-01T11:49:38.517+0000] {logging_mixin.py:188} INFO - [2025-05-01T11:49:38.516+0000] {dag.py:3954} INFO - Setting next_dagrun for example_subdag_operator to 2022-01-01 00:00:00+00:00, run_after=2022-01-01 00:00:00+00:00
[2025-05-01T11:49:38.531+0000] {logging_mixin.py:188} INFO - [2025-05-01T11:49:38.531+0000] {dag.py:3954} INFO - Setting next_dagrun for example_subdag_operator.section-1 to None, run_after=None
[2025-05-01T11:49:38.537+0000] {logging_mixin.py:188} INFO - [2025-05-01T11:49:38.536+0000] {dag.py:3954} INFO - Setting next_dagrun for example_subdag_operator.section-2 to None, run_after=None
[2025-05-01T11:49:38.567+0000] {logging_mixin.py:188} INFO - [2025-05-01T11:49:38.567+0000] {dag.py:3096} INFO - Sync 2 DAGs
[2025-05-01T11:49:38.585+0000] {logging_mixin.py:188} INFO - [2025-05-01T11:49:38.584+0000] {dag.py:3954} INFO - Setting next_dagrun for example_subdag_operator.section-1 to None, run_after=None
[2025-05-01T11:49:38.587+0000] {logging_mixin.py:188} INFO - [2025-05-01T11:49:38.587+0000] {dag.py:3954} INFO - Setting next_dagrun for example_subdag_operator.section-2 to None, run_after=None
[2025-05-01T11:49:38.663+0000] {processor.py:183} INFO - Processing /home/airflow/.local/lib/python3.12/site-packages/airflow/example_dags/example_subdag_operator.py took 0.700 seconds
[2025-05-01T11:50:09.372+0000] {processor.py:161} INFO - Started process (PID=2211) to work on /home/airflow/.local/lib/python3.12/site-packages/airflow/example_dags/example_subdag_operator.py
[2025-05-01T11:50:09.375+0000] {processor.py:830} INFO - Processing file /home/airflow/.local/lib/python3.12/site-packages/airflow/example_dags/example_subdag_operator.py for tasks to queue
[2025-05-01T11:50:09.381+0000] {logging_mixin.py:188} INFO - [2025-05-01T11:50:09.380+0000] {dagbag.py:545} INFO - Filling up the DagBag from /home/airflow/.local/lib/python3.12/site-packages/airflow/example_dags/example_subdag_operator.py
[2025-05-01T11:50:09.444+0000] {processor.py:840} INFO - DAG(s) 'example_subdag_operator.section-1', 'example_subdag_operator.section-2', 'example_subdag_operator' retrieved from /home/airflow/.local/lib/python3.12/site-packages/airflow/example_dags/example_subdag_operator.py
[2025-05-01T11:50:09.482+0000] {logging_mixin.py:188} INFO - [2025-05-01T11:50:09.481+0000] {dag.py:3096} INFO - Sync 3 DAGs
[2025-05-01T11:50:09.539+0000] {logging_mixin.py:188} INFO - [2025-05-01T11:50:09.539+0000] {dag.py:3954} INFO - Setting next_dagrun for example_subdag_operator to 2022-01-01 00:00:00+00:00, run_after=2022-01-01 00:00:00+00:00
[2025-05-01T11:50:09.549+0000] {logging_mixin.py:188} INFO - [2025-05-01T11:50:09.549+0000] {dag.py:3954} INFO - Setting next_dagrun for example_subdag_operator.section-1 to None, run_after=None
[2025-05-01T11:50:09.554+0000] {logging_mixin.py:188} INFO - [2025-05-01T11:50:09.553+0000] {dag.py:3954} INFO - Setting next_dagrun for example_subdag_operator.section-2 to None, run_after=None
[2025-05-01T11:50:09.575+0000] {logging_mixin.py:188} INFO - [2025-05-01T11:50:09.574+0000] {dag.py:3096} INFO - Sync 2 DAGs
[2025-05-01T11:50:09.591+0000] {logging_mixin.py:188} INFO - [2025-05-01T11:50:09.590+0000] {dag.py:3954} INFO - Setting next_dagrun for example_subdag_operator.section-1 to None, run_after=None
[2025-05-01T11:50:09.593+0000] {logging_mixin.py:188} INFO - [2025-05-01T11:50:09.592+0000] {dag.py:3954} INFO - Setting next_dagrun for example_subdag_operator.section-2 to None, run_after=None
[2025-05-01T11:50:09.642+0000] {processor.py:183} INFO - Processing /home/airflow/.local/lib/python3.12/site-packages/airflow/example_dags/example_subdag_operator.py took 0.283 seconds
[2025-05-01T11:50:39.785+0000] {processor.py:161} INFO - Started process (PID=2270) to work on /home/airflow/.local/lib/python3.12/site-packages/airflow/example_dags/example_subdag_operator.py
[2025-05-01T11:50:39.787+0000] {processor.py:830} INFO - Processing file /home/airflow/.local/lib/python3.12/site-packages/airflow/example_dags/example_subdag_operator.py for tasks to queue
[2025-05-01T11:50:39.793+0000] {logging_mixin.py:188} INFO - [2025-05-01T11:50:39.792+0000] {dagbag.py:545} INFO - Filling up the DagBag from /home/airflow/.local/lib/python3.12/site-packages/airflow/example_dags/example_subdag_operator.py
[2025-05-01T11:50:39.860+0000] {processor.py:840} INFO - DAG(s) 'example_subdag_operator.section-1', 'example_subdag_operator.section-2', 'example_subdag_operator' retrieved from /home/airflow/.local/lib/python3.12/site-packages/airflow/example_dags/example_subdag_operator.py
[2025-05-01T11:50:39.919+0000] {logging_mixin.py:188} INFO - [2025-05-01T11:50:39.919+0000] {dag.py:3096} INFO - Sync 3 DAGs
[2025-05-01T11:50:39.982+0000] {logging_mixin.py:188} INFO - [2025-05-01T11:50:39.981+0000] {dag.py:3954} INFO - Setting next_dagrun for example_subdag_operator to 2022-01-01 00:00:00+00:00, run_after=2022-01-01 00:00:00+00:00
[2025-05-01T11:50:39.993+0000] {logging_mixin.py:188} INFO - [2025-05-01T11:50:39.992+0000] {dag.py:3954} INFO - Setting next_dagrun for example_subdag_operator.section-1 to None, run_after=None
[2025-05-01T11:50:39.997+0000] {logging_mixin.py:188} INFO - [2025-05-01T11:50:39.997+0000] {dag.py:3954} INFO - Setting next_dagrun for example_subdag_operator.section-2 to None, run_after=None
[2025-05-01T11:50:40.022+0000] {logging_mixin.py:188} INFO - [2025-05-01T11:50:40.021+0000] {dag.py:3096} INFO - Sync 2 DAGs
[2025-05-01T11:50:40.036+0000] {logging_mixin.py:188} INFO - [2025-05-01T11:50:40.035+0000] {dag.py:3954} INFO - Setting next_dagrun for example_subdag_operator.section-1 to None, run_after=None
[2025-05-01T11:50:40.037+0000] {logging_mixin.py:188} INFO - [2025-05-01T11:50:40.037+0000] {dag.py:3954} INFO - Setting next_dagrun for example_subdag_operator.section-2 to None, run_after=None
[2025-05-01T11:50:40.069+0000] {processor.py:183} INFO - Processing /home/airflow/.local/lib/python3.12/site-packages/airflow/example_dags/example_subdag_operator.py took 0.295 seconds
[2025-05-01T11:51:10.501+0000] {processor.py:161} INFO - Started process (PID=2329) to work on /home/airflow/.local/lib/python3.12/site-packages/airflow/example_dags/example_subdag_operator.py
[2025-05-01T11:51:10.503+0000] {processor.py:830} INFO - Processing file /home/airflow/.local/lib/python3.12/site-packages/airflow/example_dags/example_subdag_operator.py for tasks to queue
[2025-05-01T11:51:10.508+0000] {logging_mixin.py:188} INFO - [2025-05-01T11:51:10.507+0000] {dagbag.py:545} INFO - Filling up the DagBag from /home/airflow/.local/lib/python3.12/site-packages/airflow/example_dags/example_subdag_operator.py
[2025-05-01T11:51:10.606+0000] {processor.py:840} INFO - DAG(s) 'example_subdag_operator.section-1', 'example_subdag_operator.section-2', 'example_subdag_operator' retrieved from /home/airflow/.local/lib/python3.12/site-packages/airflow/example_dags/example_subdag_operator.py
[2025-05-01T11:51:10.702+0000] {logging_mixin.py:188} INFO - [2025-05-01T11:51:10.700+0000] {dag.py:3096} INFO - Sync 3 DAGs
[2025-05-01T11:51:10.815+0000] {logging_mixin.py:188} INFO - [2025-05-01T11:51:10.814+0000] {dag.py:3954} INFO - Setting next_dagrun for example_subdag_operator to 2022-01-01 00:00:00+00:00, run_after=2022-01-01 00:00:00+00:00
[2025-05-01T11:51:10.835+0000] {logging_mixin.py:188} INFO - [2025-05-01T11:51:10.834+0000] {dag.py:3954} INFO - Setting next_dagrun for example_subdag_operator.section-1 to None, run_after=None
[2025-05-01T11:51:10.841+0000] {logging_mixin.py:188} INFO - [2025-05-01T11:51:10.840+0000] {dag.py:3954} INFO - Setting next_dagrun for example_subdag_operator.section-2 to None, run_after=None
[2025-05-01T11:51:10.870+0000] {logging_mixin.py:188} INFO - [2025-05-01T11:51:10.869+0000] {dag.py:3096} INFO - Sync 2 DAGs
[2025-05-01T11:51:10.891+0000] {logging_mixin.py:188} INFO - [2025-05-01T11:51:10.890+0000] {dag.py:3954} INFO - Setting next_dagrun for example_subdag_operator.section-1 to None, run_after=None
[2025-05-01T11:51:10.893+0000] {logging_mixin.py:188} INFO - [2025-05-01T11:51:10.893+0000] {dag.py:3954} INFO - Setting next_dagrun for example_subdag_operator.section-2 to None, run_after=None
[2025-05-01T11:51:10.970+0000] {processor.py:183} INFO - Processing /home/airflow/.local/lib/python3.12/site-packages/airflow/example_dags/example_subdag_operator.py took 0.483 seconds
[2025-05-01T11:51:41.311+0000] {processor.py:161} INFO - Started process (PID=2388) to work on /home/airflow/.local/lib/python3.12/site-packages/airflow/example_dags/example_subdag_operator.py
[2025-05-01T11:51:41.313+0000] {processor.py:830} INFO - Processing file /home/airflow/.local/lib/python3.12/site-packages/airflow/example_dags/example_subdag_operator.py for tasks to queue
[2025-05-01T11:51:41.319+0000] {logging_mixin.py:188} INFO - [2025-05-01T11:51:41.318+0000] {dagbag.py:545} INFO - Filling up the DagBag from /home/airflow/.local/lib/python3.12/site-packages/airflow/example_dags/example_subdag_operator.py
[2025-05-01T11:51:41.377+0000] {processor.py:840} INFO - DAG(s) 'example_subdag_operator.section-1', 'example_subdag_operator.section-2', 'example_subdag_operator' retrieved from /home/airflow/.local/lib/python3.12/site-packages/airflow/example_dags/example_subdag_operator.py
[2025-05-01T11:51:41.418+0000] {logging_mixin.py:188} INFO - [2025-05-01T11:51:41.417+0000] {dag.py:3096} INFO - Sync 3 DAGs
[2025-05-01T11:51:41.473+0000] {logging_mixin.py:188} INFO - [2025-05-01T11:51:41.472+0000] {dag.py:3954} INFO - Setting next_dagrun for example_subdag_operator to 2022-01-01 00:00:00+00:00, run_after=2022-01-01 00:00:00+00:00
[2025-05-01T11:51:41.485+0000] {logging_mixin.py:188} INFO - [2025-05-01T11:51:41.484+0000] {dag.py:3954} INFO - Setting next_dagrun for example_subdag_operator.section-1 to None, run_after=None
[2025-05-01T11:51:41.488+0000] {logging_mixin.py:188} INFO - [2025-05-01T11:51:41.488+0000] {dag.py:3954} INFO - Setting next_dagrun for example_subdag_operator.section-2 to None, run_after=None
[2025-05-01T11:51:41.508+0000] {logging_mixin.py:188} INFO - [2025-05-01T11:51:41.507+0000] {dag.py:3096} INFO - Sync 2 DAGs
[2025-05-01T11:51:41.522+0000] {logging_mixin.py:188} INFO - [2025-05-01T11:51:41.521+0000] {dag.py:3954} INFO - Setting next_dagrun for example_subdag_operator.section-1 to None, run_after=None
[2025-05-01T11:51:41.524+0000] {logging_mixin.py:188} INFO - [2025-05-01T11:51:41.523+0000] {dag.py:3954} INFO - Setting next_dagrun for example_subdag_operator.section-2 to None, run_after=None
[2025-05-01T11:51:41.563+0000] {processor.py:183} INFO - Processing /home/airflow/.local/lib/python3.12/site-packages/airflow/example_dags/example_subdag_operator.py took 0.265 seconds
[2025-05-01T11:52:11.914+0000] {processor.py:161} INFO - Started process (PID=2447) to work on /home/airflow/.local/lib/python3.12/site-packages/airflow/example_dags/example_subdag_operator.py
[2025-05-01T11:52:11.917+0000] {processor.py:830} INFO - Processing file /home/airflow/.local/lib/python3.12/site-packages/airflow/example_dags/example_subdag_operator.py for tasks to queue
[2025-05-01T11:52:11.922+0000] {logging_mixin.py:188} INFO - [2025-05-01T11:52:11.921+0000] {dagbag.py:545} INFO - Filling up the DagBag from /home/airflow/.local/lib/python3.12/site-packages/airflow/example_dags/example_subdag_operator.py
[2025-05-01T11:52:11.988+0000] {processor.py:840} INFO - DAG(s) 'example_subdag_operator.section-1', 'example_subdag_operator.section-2', 'example_subdag_operator' retrieved from /home/airflow/.local/lib/python3.12/site-packages/airflow/example_dags/example_subdag_operator.py
[2025-05-01T11:52:12.034+0000] {logging_mixin.py:188} INFO - [2025-05-01T11:52:12.034+0000] {dag.py:3096} INFO - Sync 3 DAGs
[2025-05-01T11:52:12.097+0000] {logging_mixin.py:188} INFO - [2025-05-01T11:52:12.096+0000] {dag.py:3954} INFO - Setting next_dagrun for example_subdag_operator to 2022-01-01 00:00:00+00:00, run_after=2022-01-01 00:00:00+00:00
[2025-05-01T11:52:12.108+0000] {logging_mixin.py:188} INFO - [2025-05-01T11:52:12.107+0000] {dag.py:3954} INFO - Setting next_dagrun for example_subdag_operator.section-1 to None, run_after=None
[2025-05-01T11:52:12.112+0000] {logging_mixin.py:188} INFO - [2025-05-01T11:52:12.112+0000] {dag.py:3954} INFO - Setting next_dagrun for example_subdag_operator.section-2 to None, run_after=None
[2025-05-01T11:52:12.133+0000] {logging_mixin.py:188} INFO - [2025-05-01T11:52:12.132+0000] {dag.py:3096} INFO - Sync 2 DAGs
[2025-05-01T11:52:12.148+0000] {logging_mixin.py:188} INFO - [2025-05-01T11:52:12.147+0000] {dag.py:3954} INFO - Setting next_dagrun for example_subdag_operator.section-1 to None, run_after=None
[2025-05-01T11:52:12.150+0000] {logging_mixin.py:188} INFO - [2025-05-01T11:52:12.149+0000] {dag.py:3954} INFO - Setting next_dagrun for example_subdag_operator.section-2 to None, run_after=None
[2025-05-01T11:52:12.205+0000] {processor.py:183} INFO - Processing /home/airflow/.local/lib/python3.12/site-packages/airflow/example_dags/example_subdag_operator.py took 0.305 seconds
[2025-05-01T11:52:42.801+0000] {processor.py:161} INFO - Started process (PID=2506) to work on /home/airflow/.local/lib/python3.12/site-packages/airflow/example_dags/example_subdag_operator.py
[2025-05-01T11:52:42.803+0000] {processor.py:830} INFO - Processing file /home/airflow/.local/lib/python3.12/site-packages/airflow/example_dags/example_subdag_operator.py for tasks to queue
[2025-05-01T11:52:42.808+0000] {logging_mixin.py:188} INFO - [2025-05-01T11:52:42.807+0000] {dagbag.py:545} INFO - Filling up the DagBag from /home/airflow/.local/lib/python3.12/site-packages/airflow/example_dags/example_subdag_operator.py
[2025-05-01T11:52:42.863+0000] {processor.py:840} INFO - DAG(s) 'example_subdag_operator.section-1', 'example_subdag_operator.section-2', 'example_subdag_operator' retrieved from /home/airflow/.local/lib/python3.12/site-packages/airflow/example_dags/example_subdag_operator.py
[2025-05-01T11:52:42.899+0000] {logging_mixin.py:188} INFO - [2025-05-01T11:52:42.898+0000] {dag.py:3096} INFO - Sync 3 DAGs
[2025-05-01T11:52:42.954+0000] {logging_mixin.py:188} INFO - [2025-05-01T11:52:42.953+0000] {dag.py:3954} INFO - Setting next_dagrun for example_subdag_operator to 2022-01-01 00:00:00+00:00, run_after=2022-01-01 00:00:00+00:00
[2025-05-01T11:52:42.965+0000] {logging_mixin.py:188} INFO - [2025-05-01T11:52:42.964+0000] {dag.py:3954} INFO - Setting next_dagrun for example_subdag_operator.section-1 to None, run_after=None
[2025-05-01T11:52:42.968+0000] {logging_mixin.py:188} INFO - [2025-05-01T11:52:42.968+0000] {dag.py:3954} INFO - Setting next_dagrun for example_subdag_operator.section-2 to None, run_after=None
[2025-05-01T11:52:42.993+0000] {logging_mixin.py:188} INFO - [2025-05-01T11:52:42.992+0000] {dag.py:3096} INFO - Sync 2 DAGs
[2025-05-01T11:52:43.009+0000] {logging_mixin.py:188} INFO - [2025-05-01T11:52:43.009+0000] {dag.py:3954} INFO - Setting next_dagrun for example_subdag_operator.section-1 to None, run_after=None
[2025-05-01T11:52:43.012+0000] {logging_mixin.py:188} INFO - [2025-05-01T11:52:43.011+0000] {dag.py:3954} INFO - Setting next_dagrun for example_subdag_operator.section-2 to None, run_after=None
[2025-05-01T11:52:43.047+0000] {processor.py:183} INFO - Processing /home/airflow/.local/lib/python3.12/site-packages/airflow/example_dags/example_subdag_operator.py took 0.264 seconds
[2025-05-01T11:53:13.595+0000] {processor.py:161} INFO - Started process (PID=2565) to work on /home/airflow/.local/lib/python3.12/site-packages/airflow/example_dags/example_subdag_operator.py
[2025-05-01T11:53:13.599+0000] {processor.py:830} INFO - Processing file /home/airflow/.local/lib/python3.12/site-packages/airflow/example_dags/example_subdag_operator.py for tasks to queue
[2025-05-01T11:53:13.605+0000] {logging_mixin.py:188} INFO - [2025-05-01T11:53:13.604+0000] {dagbag.py:545} INFO - Filling up the DagBag from /home/airflow/.local/lib/python3.12/site-packages/airflow/example_dags/example_subdag_operator.py
[2025-05-01T11:53:13.685+0000] {processor.py:840} INFO - DAG(s) 'example_subdag_operator.section-1', 'example_subdag_operator.section-2', 'example_subdag_operator' retrieved from /home/airflow/.local/lib/python3.12/site-packages/airflow/example_dags/example_subdag_operator.py
[2025-05-01T11:53:13.731+0000] {logging_mixin.py:188} INFO - [2025-05-01T11:53:13.730+0000] {dag.py:3096} INFO - Sync 3 DAGs
[2025-05-01T11:53:13.799+0000] {logging_mixin.py:188} INFO - [2025-05-01T11:53:13.799+0000] {dag.py:3954} INFO - Setting next_dagrun for example_subdag_operator to 2022-01-01 00:00:00+00:00, run_after=2022-01-01 00:00:00+00:00
[2025-05-01T11:53:13.814+0000] {logging_mixin.py:188} INFO - [2025-05-01T11:53:13.813+0000] {dag.py:3954} INFO - Setting next_dagrun for example_subdag_operator.section-1 to None, run_after=None
[2025-05-01T11:53:13.821+0000] {logging_mixin.py:188} INFO - [2025-05-01T11:53:13.820+0000] {dag.py:3954} INFO - Setting next_dagrun for example_subdag_operator.section-2 to None, run_after=None
[2025-05-01T11:53:13.845+0000] {logging_mixin.py:188} INFO - [2025-05-01T11:53:13.844+0000] {dag.py:3096} INFO - Sync 2 DAGs
[2025-05-01T11:53:13.862+0000] {logging_mixin.py:188} INFO - [2025-05-01T11:53:13.861+0000] {dag.py:3954} INFO - Setting next_dagrun for example_subdag_operator.section-1 to None, run_after=None
[2025-05-01T11:53:13.864+0000] {logging_mixin.py:188} INFO - [2025-05-01T11:53:13.863+0000] {dag.py:3954} INFO - Setting next_dagrun for example_subdag_operator.section-2 to None, run_after=None
[2025-05-01T11:53:13.900+0000] {processor.py:183} INFO - Processing /home/airflow/.local/lib/python3.12/site-packages/airflow/example_dags/example_subdag_operator.py took 0.318 seconds
[2025-05-01T11:53:44.699+0000] {processor.py:161} INFO - Started process (PID=2624) to work on /home/airflow/.local/lib/python3.12/site-packages/airflow/example_dags/example_subdag_operator.py
[2025-05-01T11:53:44.701+0000] {processor.py:830} INFO - Processing file /home/airflow/.local/lib/python3.12/site-packages/airflow/example_dags/example_subdag_operator.py for tasks to queue
[2025-05-01T11:53:44.705+0000] {logging_mixin.py:188} INFO - [2025-05-01T11:53:44.704+0000] {dagbag.py:545} INFO - Filling up the DagBag from /home/airflow/.local/lib/python3.12/site-packages/airflow/example_dags/example_subdag_operator.py
[2025-05-01T11:53:44.758+0000] {processor.py:840} INFO - DAG(s) 'example_subdag_operator.section-1', 'example_subdag_operator.section-2', 'example_subdag_operator' retrieved from /home/airflow/.local/lib/python3.12/site-packages/airflow/example_dags/example_subdag_operator.py
[2025-05-01T11:53:44.792+0000] {logging_mixin.py:188} INFO - [2025-05-01T11:53:44.791+0000] {dag.py:3096} INFO - Sync 3 DAGs
[2025-05-01T11:53:44.840+0000] {logging_mixin.py:188} INFO - [2025-05-01T11:53:44.840+0000] {dag.py:3954} INFO - Setting next_dagrun for example_subdag_operator to 2022-01-01 00:00:00+00:00, run_after=2022-01-01 00:00:00+00:00
[2025-05-01T11:53:44.849+0000] {logging_mixin.py:188} INFO - [2025-05-01T11:53:44.848+0000] {dag.py:3954} INFO - Setting next_dagrun for example_subdag_operator.section-1 to None, run_after=None
[2025-05-01T11:53:44.853+0000] {logging_mixin.py:188} INFO - [2025-05-01T11:53:44.853+0000] {dag.py:3954} INFO - Setting next_dagrun for example_subdag_operator.section-2 to None, run_after=None
[2025-05-01T11:53:44.869+0000] {logging_mixin.py:188} INFO - [2025-05-01T11:53:44.869+0000] {dag.py:3096} INFO - Sync 2 DAGs
[2025-05-01T11:53:44.883+0000] {logging_mixin.py:188} INFO - [2025-05-01T11:53:44.882+0000] {dag.py:3954} INFO - Setting next_dagrun for example_subdag_operator.section-1 to None, run_after=None
[2025-05-01T11:53:44.884+0000] {logging_mixin.py:188} INFO - [2025-05-01T11:53:44.884+0000] {dag.py:3954} INFO - Setting next_dagrun for example_subdag_operator.section-2 to None, run_after=None
[2025-05-01T11:53:44.928+0000] {processor.py:183} INFO - Processing /home/airflow/.local/lib/python3.12/site-packages/airflow/example_dags/example_subdag_operator.py took 0.241 seconds
[2025-05-01T11:54:15.262+0000] {processor.py:161} INFO - Started process (PID=2683) to work on /home/airflow/.local/lib/python3.12/site-packages/airflow/example_dags/example_subdag_operator.py
[2025-05-01T11:54:15.265+0000] {processor.py:830} INFO - Processing file /home/airflow/.local/lib/python3.12/site-packages/airflow/example_dags/example_subdag_operator.py for tasks to queue
[2025-05-01T11:54:15.271+0000] {logging_mixin.py:188} INFO - [2025-05-01T11:54:15.270+0000] {dagbag.py:545} INFO - Filling up the DagBag from /home/airflow/.local/lib/python3.12/site-packages/airflow/example_dags/example_subdag_operator.py
[2025-05-01T11:54:15.346+0000] {processor.py:840} INFO - DAG(s) 'example_subdag_operator.section-1', 'example_subdag_operator.section-2', 'example_subdag_operator' retrieved from /home/airflow/.local/lib/python3.12/site-packages/airflow/example_dags/example_subdag_operator.py
[2025-05-01T11:54:15.394+0000] {logging_mixin.py:188} INFO - [2025-05-01T11:54:15.393+0000] {dag.py:3096} INFO - Sync 3 DAGs
[2025-05-01T11:54:15.460+0000] {logging_mixin.py:188} INFO - [2025-05-01T11:54:15.460+0000] {dag.py:3954} INFO - Setting next_dagrun for example_subdag_operator to 2022-01-01 00:00:00+00:00, run_after=2022-01-01 00:00:00+00:00
[2025-05-01T11:54:15.471+0000] {logging_mixin.py:188} INFO - [2025-05-01T11:54:15.470+0000] {dag.py:3954} INFO - Setting next_dagrun for example_subdag_operator.section-1 to None, run_after=None
[2025-05-01T11:54:15.475+0000] {logging_mixin.py:188} INFO - [2025-05-01T11:54:15.475+0000] {dag.py:3954} INFO - Setting next_dagrun for example_subdag_operator.section-2 to None, run_after=None
[2025-05-01T11:54:15.494+0000] {logging_mixin.py:188} INFO - [2025-05-01T11:54:15.494+0000] {dag.py:3096} INFO - Sync 2 DAGs
[2025-05-01T11:54:15.510+0000] {logging_mixin.py:188} INFO - [2025-05-01T11:54:15.509+0000] {dag.py:3954} INFO - Setting next_dagrun for example_subdag_operator.section-1 to None, run_after=None
[2025-05-01T11:54:15.511+0000] {logging_mixin.py:188} INFO - [2025-05-01T11:54:15.511+0000] {dag.py:3954} INFO - Setting next_dagrun for example_subdag_operator.section-2 to None, run_after=None
[2025-05-01T11:54:15.550+0000] {processor.py:183} INFO - Processing /home/airflow/.local/lib/python3.12/site-packages/airflow/example_dags/example_subdag_operator.py took 0.306 seconds
[2025-05-01T11:54:45.809+0000] {processor.py:161} INFO - Started process (PID=2742) to work on /home/airflow/.local/lib/python3.12/site-packages/airflow/example_dags/example_subdag_operator.py
[2025-05-01T11:54:45.812+0000] {processor.py:830} INFO - Processing file /home/airflow/.local/lib/python3.12/site-packages/airflow/example_dags/example_subdag_operator.py for tasks to queue
[2025-05-01T11:54:45.819+0000] {logging_mixin.py:188} INFO - [2025-05-01T11:54:45.817+0000] {dagbag.py:545} INFO - Filling up the DagBag from /home/airflow/.local/lib/python3.12/site-packages/airflow/example_dags/example_subdag_operator.py
[2025-05-01T11:54:45.891+0000] {processor.py:840} INFO - DAG(s) 'example_subdag_operator.section-1', 'example_subdag_operator.section-2', 'example_subdag_operator' retrieved from /home/airflow/.local/lib/python3.12/site-packages/airflow/example_dags/example_subdag_operator.py
[2025-05-01T11:54:45.942+0000] {logging_mixin.py:188} INFO - [2025-05-01T11:54:45.941+0000] {dag.py:3096} INFO - Sync 3 DAGs
[2025-05-01T11:54:46.005+0000] {logging_mixin.py:188} INFO - [2025-05-01T11:54:46.004+0000] {dag.py:3954} INFO - Setting next_dagrun for example_subdag_operator to 2022-01-01 00:00:00+00:00, run_after=2022-01-01 00:00:00+00:00
[2025-05-01T11:54:46.017+0000] {logging_mixin.py:188} INFO - [2025-05-01T11:54:46.016+0000] {dag.py:3954} INFO - Setting next_dagrun for example_subdag_operator.section-1 to None, run_after=None
[2025-05-01T11:54:46.022+0000] {logging_mixin.py:188} INFO - [2025-05-01T11:54:46.022+0000] {dag.py:3954} INFO - Setting next_dagrun for example_subdag_operator.section-2 to None, run_after=None
[2025-05-01T11:54:46.042+0000] {logging_mixin.py:188} INFO - [2025-05-01T11:54:46.041+0000] {dag.py:3096} INFO - Sync 2 DAGs
[2025-05-01T11:54:46.058+0000] {logging_mixin.py:188} INFO - [2025-05-01T11:54:46.057+0000] {dag.py:3954} INFO - Setting next_dagrun for example_subdag_operator.section-1 to None, run_after=None
[2025-05-01T11:54:46.060+0000] {logging_mixin.py:188} INFO - [2025-05-01T11:54:46.059+0000] {dag.py:3954} INFO - Setting next_dagrun for example_subdag_operator.section-2 to None, run_after=None
[2025-05-01T11:54:46.098+0000] {processor.py:183} INFO - Processing /home/airflow/.local/lib/python3.12/site-packages/airflow/example_dags/example_subdag_operator.py took 0.302 seconds
[2025-05-01T11:55:16.545+0000] {processor.py:161} INFO - Started process (PID=2802) to work on /home/airflow/.local/lib/python3.12/site-packages/airflow/example_dags/example_subdag_operator.py
[2025-05-01T11:55:16.547+0000] {processor.py:830} INFO - Processing file /home/airflow/.local/lib/python3.12/site-packages/airflow/example_dags/example_subdag_operator.py for tasks to queue
[2025-05-01T11:55:16.553+0000] {logging_mixin.py:188} INFO - [2025-05-01T11:55:16.550+0000] {dagbag.py:545} INFO - Filling up the DagBag from /home/airflow/.local/lib/python3.12/site-packages/airflow/example_dags/example_subdag_operator.py
[2025-05-01T11:55:16.616+0000] {processor.py:840} INFO - DAG(s) 'example_subdag_operator.section-1', 'example_subdag_operator.section-2', 'example_subdag_operator' retrieved from /home/airflow/.local/lib/python3.12/site-packages/airflow/example_dags/example_subdag_operator.py
[2025-05-01T11:55:16.663+0000] {logging_mixin.py:188} INFO - [2025-05-01T11:55:16.663+0000] {dag.py:3096} INFO - Sync 3 DAGs
[2025-05-01T11:55:16.715+0000] {logging_mixin.py:188} INFO - [2025-05-01T11:55:16.714+0000] {dag.py:3954} INFO - Setting next_dagrun for example_subdag_operator to 2022-01-01 00:00:00+00:00, run_after=2022-01-01 00:00:00+00:00
[2025-05-01T11:55:16.724+0000] {logging_mixin.py:188} INFO - [2025-05-01T11:55:16.724+0000] {dag.py:3954} INFO - Setting next_dagrun for example_subdag_operator.section-1 to None, run_after=None
[2025-05-01T11:55:16.728+0000] {logging_mixin.py:188} INFO - [2025-05-01T11:55:16.728+0000] {dag.py:3954} INFO - Setting next_dagrun for example_subdag_operator.section-2 to None, run_after=None
[2025-05-01T11:55:16.747+0000] {logging_mixin.py:188} INFO - [2025-05-01T11:55:16.746+0000] {dag.py:3096} INFO - Sync 2 DAGs
[2025-05-01T11:55:16.760+0000] {logging_mixin.py:188} INFO - [2025-05-01T11:55:16.760+0000] {dag.py:3954} INFO - Setting next_dagrun for example_subdag_operator.section-1 to None, run_after=None
[2025-05-01T11:55:16.762+0000] {logging_mixin.py:188} INFO - [2025-05-01T11:55:16.762+0000] {dag.py:3954} INFO - Setting next_dagrun for example_subdag_operator.section-2 to None, run_after=None
[2025-05-01T11:55:16.792+0000] {processor.py:183} INFO - Processing /home/airflow/.local/lib/python3.12/site-packages/airflow/example_dags/example_subdag_operator.py took 0.262 seconds
[2025-05-01T11:55:46.980+0000] {processor.py:161} INFO - Started process (PID=2861) to work on /home/airflow/.local/lib/python3.12/site-packages/airflow/example_dags/example_subdag_operator.py
[2025-05-01T11:55:46.983+0000] {processor.py:830} INFO - Processing file /home/airflow/.local/lib/python3.12/site-packages/airflow/example_dags/example_subdag_operator.py for tasks to queue
[2025-05-01T11:55:46.987+0000] {logging_mixin.py:188} INFO - [2025-05-01T11:55:46.986+0000] {dagbag.py:545} INFO - Filling up the DagBag from /home/airflow/.local/lib/python3.12/site-packages/airflow/example_dags/example_subdag_operator.py
[2025-05-01T11:55:47.057+0000] {processor.py:840} INFO - DAG(s) 'example_subdag_operator.section-1', 'example_subdag_operator.section-2', 'example_subdag_operator' retrieved from /home/airflow/.local/lib/python3.12/site-packages/airflow/example_dags/example_subdag_operator.py
[2025-05-01T11:55:47.102+0000] {logging_mixin.py:188} INFO - [2025-05-01T11:55:47.101+0000] {dag.py:3096} INFO - Sync 3 DAGs
[2025-05-01T11:55:47.160+0000] {logging_mixin.py:188} INFO - [2025-05-01T11:55:47.160+0000] {dag.py:3954} INFO - Setting next_dagrun for example_subdag_operator to 2022-01-01 00:00:00+00:00, run_after=2022-01-01 00:00:00+00:00
[2025-05-01T11:55:47.171+0000] {logging_mixin.py:188} INFO - [2025-05-01T11:55:47.170+0000] {dag.py:3954} INFO - Setting next_dagrun for example_subdag_operator.section-1 to None, run_after=None
[2025-05-01T11:55:47.175+0000] {logging_mixin.py:188} INFO - [2025-05-01T11:55:47.174+0000] {dag.py:3954} INFO - Setting next_dagrun for example_subdag_operator.section-2 to None, run_after=None
[2025-05-01T11:55:47.195+0000] {logging_mixin.py:188} INFO - [2025-05-01T11:55:47.194+0000] {dag.py:3096} INFO - Sync 2 DAGs
[2025-05-01T11:55:47.211+0000] {logging_mixin.py:188} INFO - [2025-05-01T11:55:47.210+0000] {dag.py:3954} INFO - Setting next_dagrun for example_subdag_operator.section-1 to None, run_after=None
[2025-05-01T11:55:47.213+0000] {logging_mixin.py:188} INFO - [2025-05-01T11:55:47.212+0000] {dag.py:3954} INFO - Setting next_dagrun for example_subdag_operator.section-2 to None, run_after=None
[2025-05-01T11:55:47.257+0000] {processor.py:183} INFO - Processing /home/airflow/.local/lib/python3.12/site-packages/airflow/example_dags/example_subdag_operator.py took 0.291 seconds
[2025-05-01T11:56:17.879+0000] {processor.py:161} INFO - Started process (PID=2919) to work on /home/airflow/.local/lib/python3.12/site-packages/airflow/example_dags/example_subdag_operator.py
[2025-05-01T11:56:17.881+0000] {processor.py:830} INFO - Processing file /home/airflow/.local/lib/python3.12/site-packages/airflow/example_dags/example_subdag_operator.py for tasks to queue
[2025-05-01T11:56:17.886+0000] {logging_mixin.py:188} INFO - [2025-05-01T11:56:17.885+0000] {dagbag.py:545} INFO - Filling up the DagBag from /home/airflow/.local/lib/python3.12/site-packages/airflow/example_dags/example_subdag_operator.py
[2025-05-01T11:56:17.944+0000] {processor.py:840} INFO - DAG(s) 'example_subdag_operator.section-1', 'example_subdag_operator.section-2', 'example_subdag_operator' retrieved from /home/airflow/.local/lib/python3.12/site-packages/airflow/example_dags/example_subdag_operator.py
[2025-05-01T11:56:17.987+0000] {logging_mixin.py:188} INFO - [2025-05-01T11:56:17.986+0000] {dag.py:3096} INFO - Sync 3 DAGs
[2025-05-01T11:56:18.041+0000] {logging_mixin.py:188} INFO - [2025-05-01T11:56:18.041+0000] {dag.py:3954} INFO - Setting next_dagrun for example_subdag_operator to 2022-01-01 00:00:00+00:00, run_after=2022-01-01 00:00:00+00:00
[2025-05-01T11:56:18.051+0000] {logging_mixin.py:188} INFO - [2025-05-01T11:56:18.050+0000] {dag.py:3954} INFO - Setting next_dagrun for example_subdag_operator.section-1 to None, run_after=None
[2025-05-01T11:56:18.056+0000] {logging_mixin.py:188} INFO - [2025-05-01T11:56:18.055+0000] {dag.py:3954} INFO - Setting next_dagrun for example_subdag_operator.section-2 to None, run_after=None
[2025-05-01T11:56:18.075+0000] {logging_mixin.py:188} INFO - [2025-05-01T11:56:18.074+0000] {dag.py:3096} INFO - Sync 2 DAGs
[2025-05-01T11:56:18.090+0000] {logging_mixin.py:188} INFO - [2025-05-01T11:56:18.089+0000] {dag.py:3954} INFO - Setting next_dagrun for example_subdag_operator.section-1 to None, run_after=None
[2025-05-01T11:56:18.092+0000] {logging_mixin.py:188} INFO - [2025-05-01T11:56:18.091+0000] {dag.py:3954} INFO - Setting next_dagrun for example_subdag_operator.section-2 to None, run_after=None
[2025-05-01T11:56:18.125+0000] {processor.py:183} INFO - Processing /home/airflow/.local/lib/python3.12/site-packages/airflow/example_dags/example_subdag_operator.py took 0.260 seconds
[2025-05-01T11:56:48.383+0000] {processor.py:161} INFO - Started process (PID=2978) to work on /home/airflow/.local/lib/python3.12/site-packages/airflow/example_dags/example_subdag_operator.py
[2025-05-01T11:56:48.385+0000] {processor.py:830} INFO - Processing file /home/airflow/.local/lib/python3.12/site-packages/airflow/example_dags/example_subdag_operator.py for tasks to queue
[2025-05-01T11:56:48.391+0000] {logging_mixin.py:188} INFO - [2025-05-01T11:56:48.390+0000] {dagbag.py:545} INFO - Filling up the DagBag from /home/airflow/.local/lib/python3.12/site-packages/airflow/example_dags/example_subdag_operator.py
[2025-05-01T11:56:48.451+0000] {processor.py:840} INFO - DAG(s) 'example_subdag_operator.section-1', 'example_subdag_operator.section-2', 'example_subdag_operator' retrieved from /home/airflow/.local/lib/python3.12/site-packages/airflow/example_dags/example_subdag_operator.py
[2025-05-01T11:56:48.488+0000] {logging_mixin.py:188} INFO - [2025-05-01T11:56:48.488+0000] {dag.py:3096} INFO - Sync 3 DAGs
[2025-05-01T11:56:48.559+0000] {logging_mixin.py:188} INFO - [2025-05-01T11:56:48.558+0000] {dag.py:3954} INFO - Setting next_dagrun for example_subdag_operator to 2022-01-01 00:00:00+00:00, run_after=2022-01-01 00:00:00+00:00
[2025-05-01T11:56:48.573+0000] {logging_mixin.py:188} INFO - [2025-05-01T11:56:48.572+0000] {dag.py:3954} INFO - Setting next_dagrun for example_subdag_operator.section-1 to None, run_after=None
[2025-05-01T11:56:48.577+0000] {logging_mixin.py:188} INFO - [2025-05-01T11:56:48.577+0000] {dag.py:3954} INFO - Setting next_dagrun for example_subdag_operator.section-2 to None, run_after=None
[2025-05-01T11:56:48.597+0000] {logging_mixin.py:188} INFO - [2025-05-01T11:56:48.597+0000] {dag.py:3096} INFO - Sync 2 DAGs
[2025-05-01T11:56:48.612+0000] {logging_mixin.py:188} INFO - [2025-05-01T11:56:48.612+0000] {dag.py:3954} INFO - Setting next_dagrun for example_subdag_operator.section-1 to None, run_after=None
[2025-05-01T11:56:48.614+0000] {logging_mixin.py:188} INFO - [2025-05-01T11:56:48.614+0000] {dag.py:3954} INFO - Setting next_dagrun for example_subdag_operator.section-2 to None, run_after=None
[2025-05-01T11:56:48.664+0000] {processor.py:183} INFO - Processing /home/airflow/.local/lib/python3.12/site-packages/airflow/example_dags/example_subdag_operator.py took 0.295 seconds
[2025-05-01T11:57:19.012+0000] {processor.py:161} INFO - Started process (PID=3037) to work on /home/airflow/.local/lib/python3.12/site-packages/airflow/example_dags/example_subdag_operator.py
[2025-05-01T11:57:19.014+0000] {processor.py:830} INFO - Processing file /home/airflow/.local/lib/python3.12/site-packages/airflow/example_dags/example_subdag_operator.py for tasks to queue
[2025-05-01T11:57:19.019+0000] {logging_mixin.py:188} INFO - [2025-05-01T11:57:19.018+0000] {dagbag.py:545} INFO - Filling up the DagBag from /home/airflow/.local/lib/python3.12/site-packages/airflow/example_dags/example_subdag_operator.py
[2025-05-01T11:57:19.084+0000] {processor.py:840} INFO - DAG(s) 'example_subdag_operator.section-1', 'example_subdag_operator.section-2', 'example_subdag_operator' retrieved from /home/airflow/.local/lib/python3.12/site-packages/airflow/example_dags/example_subdag_operator.py
[2025-05-01T11:57:19.128+0000] {logging_mixin.py:188} INFO - [2025-05-01T11:57:19.127+0000] {dag.py:3096} INFO - Sync 3 DAGs
[2025-05-01T11:57:19.203+0000] {logging_mixin.py:188} INFO - [2025-05-01T11:57:19.203+0000] {dag.py:3954} INFO - Setting next_dagrun for example_subdag_operator to 2022-01-01 00:00:00+00:00, run_after=2022-01-01 00:00:00+00:00
[2025-05-01T11:57:19.215+0000] {logging_mixin.py:188} INFO - [2025-05-01T11:57:19.215+0000] {dag.py:3954} INFO - Setting next_dagrun for example_subdag_operator.section-1 to None, run_after=None
[2025-05-01T11:57:19.220+0000] {logging_mixin.py:188} INFO - [2025-05-01T11:57:19.219+0000] {dag.py:3954} INFO - Setting next_dagrun for example_subdag_operator.section-2 to None, run_after=None
[2025-05-01T11:57:19.242+0000] {logging_mixin.py:188} INFO - [2025-05-01T11:57:19.241+0000] {dag.py:3096} INFO - Sync 2 DAGs
[2025-05-01T11:57:19.258+0000] {logging_mixin.py:188} INFO - [2025-05-01T11:57:19.257+0000] {dag.py:3954} INFO - Setting next_dagrun for example_subdag_operator.section-1 to None, run_after=None
[2025-05-01T11:57:19.261+0000] {logging_mixin.py:188} INFO - [2025-05-01T11:57:19.260+0000] {dag.py:3954} INFO - Setting next_dagrun for example_subdag_operator.section-2 to None, run_after=None
[2025-05-01T11:57:19.303+0000] {processor.py:183} INFO - Processing /home/airflow/.local/lib/python3.12/site-packages/airflow/example_dags/example_subdag_operator.py took 0.306 seconds
[2025-05-01T11:57:49.497+0000] {processor.py:161} INFO - Started process (PID=3096) to work on /home/airflow/.local/lib/python3.12/site-packages/airflow/example_dags/example_subdag_operator.py
[2025-05-01T11:57:49.499+0000] {processor.py:830} INFO - Processing file /home/airflow/.local/lib/python3.12/site-packages/airflow/example_dags/example_subdag_operator.py for tasks to queue
[2025-05-01T11:57:49.504+0000] {logging_mixin.py:188} INFO - [2025-05-01T11:57:49.502+0000] {dagbag.py:545} INFO - Filling up the DagBag from /home/airflow/.local/lib/python3.12/site-packages/airflow/example_dags/example_subdag_operator.py
[2025-05-01T11:57:49.559+0000] {processor.py:840} INFO - DAG(s) 'example_subdag_operator.section-1', 'example_subdag_operator.section-2', 'example_subdag_operator' retrieved from /home/airflow/.local/lib/python3.12/site-packages/airflow/example_dags/example_subdag_operator.py
[2025-05-01T11:57:49.598+0000] {logging_mixin.py:188} INFO - [2025-05-01T11:57:49.598+0000] {dag.py:3096} INFO - Sync 3 DAGs
[2025-05-01T11:57:49.656+0000] {logging_mixin.py:188} INFO - [2025-05-01T11:57:49.655+0000] {dag.py:3954} INFO - Setting next_dagrun for example_subdag_operator to 2022-01-01 00:00:00+00:00, run_after=2022-01-01 00:00:00+00:00
[2025-05-01T11:57:49.667+0000] {logging_mixin.py:188} INFO - [2025-05-01T11:57:49.667+0000] {dag.py:3954} INFO - Setting next_dagrun for example_subdag_operator.section-1 to None, run_after=None
[2025-05-01T11:57:49.672+0000] {logging_mixin.py:188} INFO - [2025-05-01T11:57:49.672+0000] {dag.py:3954} INFO - Setting next_dagrun for example_subdag_operator.section-2 to None, run_after=None
[2025-05-01T11:57:49.695+0000] {logging_mixin.py:188} INFO - [2025-05-01T11:57:49.694+0000] {dag.py:3096} INFO - Sync 2 DAGs
[2025-05-01T11:57:49.710+0000] {logging_mixin.py:188} INFO - [2025-05-01T11:57:49.709+0000] {dag.py:3954} INFO - Setting next_dagrun for example_subdag_operator.section-1 to None, run_after=None
[2025-05-01T11:57:49.711+0000] {logging_mixin.py:188} INFO - [2025-05-01T11:57:49.711+0000] {dag.py:3954} INFO - Setting next_dagrun for example_subdag_operator.section-2 to None, run_after=None
[2025-05-01T11:57:49.756+0000] {processor.py:183} INFO - Processing /home/airflow/.local/lib/python3.12/site-packages/airflow/example_dags/example_subdag_operator.py took 0.272 seconds
[2025-05-01T11:58:20.306+0000] {processor.py:161} INFO - Started process (PID=3153) to work on /home/airflow/.local/lib/python3.12/site-packages/airflow/example_dags/example_subdag_operator.py
[2025-05-01T11:58:20.309+0000] {processor.py:830} INFO - Processing file /home/airflow/.local/lib/python3.12/site-packages/airflow/example_dags/example_subdag_operator.py for tasks to queue
[2025-05-01T11:58:20.314+0000] {logging_mixin.py:188} INFO - [2025-05-01T11:58:20.313+0000] {dagbag.py:545} INFO - Filling up the DagBag from /home/airflow/.local/lib/python3.12/site-packages/airflow/example_dags/example_subdag_operator.py
[2025-05-01T11:58:20.387+0000] {processor.py:840} INFO - DAG(s) 'example_subdag_operator.section-1', 'example_subdag_operator.section-2', 'example_subdag_operator' retrieved from /home/airflow/.local/lib/python3.12/site-packages/airflow/example_dags/example_subdag_operator.py
[2025-05-01T11:58:20.427+0000] {logging_mixin.py:188} INFO - [2025-05-01T11:58:20.427+0000] {dag.py:3096} INFO - Sync 3 DAGs
[2025-05-01T11:58:20.481+0000] {logging_mixin.py:188} INFO - [2025-05-01T11:58:20.481+0000] {dag.py:3954} INFO - Setting next_dagrun for example_subdag_operator to 2022-01-01 00:00:00+00:00, run_after=2022-01-01 00:00:00+00:00
[2025-05-01T11:58:20.492+0000] {logging_mixin.py:188} INFO - [2025-05-01T11:58:20.492+0000] {dag.py:3954} INFO - Setting next_dagrun for example_subdag_operator.section-1 to None, run_after=None
[2025-05-01T11:58:20.497+0000] {logging_mixin.py:188} INFO - [2025-05-01T11:58:20.496+0000] {dag.py:3954} INFO - Setting next_dagrun for example_subdag_operator.section-2 to None, run_after=None
[2025-05-01T11:58:20.518+0000] {logging_mixin.py:188} INFO - [2025-05-01T11:58:20.517+0000] {dag.py:3096} INFO - Sync 2 DAGs
[2025-05-01T11:58:20.533+0000] {logging_mixin.py:188} INFO - [2025-05-01T11:58:20.533+0000] {dag.py:3954} INFO - Setting next_dagrun for example_subdag_operator.section-1 to None, run_after=None
[2025-05-01T11:58:20.535+0000] {logging_mixin.py:188} INFO - [2025-05-01T11:58:20.535+0000] {dag.py:3954} INFO - Setting next_dagrun for example_subdag_operator.section-2 to None, run_after=None
[2025-05-01T11:58:20.582+0000] {processor.py:183} INFO - Processing /home/airflow/.local/lib/python3.12/site-packages/airflow/example_dags/example_subdag_operator.py took 0.290 seconds
[2025-05-01T11:58:51.431+0000] {processor.py:161} INFO - Started process (PID=3212) to work on /home/airflow/.local/lib/python3.12/site-packages/airflow/example_dags/example_subdag_operator.py
[2025-05-01T11:58:51.434+0000] {processor.py:830} INFO - Processing file /home/airflow/.local/lib/python3.12/site-packages/airflow/example_dags/example_subdag_operator.py for tasks to queue
[2025-05-01T11:58:51.450+0000] {logging_mixin.py:188} INFO - [2025-05-01T11:58:51.448+0000] {dagbag.py:545} INFO - Filling up the DagBag from /home/airflow/.local/lib/python3.12/site-packages/airflow/example_dags/example_subdag_operator.py
[2025-05-01T11:58:51.529+0000] {processor.py:840} INFO - DAG(s) 'example_subdag_operator.section-1', 'example_subdag_operator.section-2', 'example_subdag_operator' retrieved from /home/airflow/.local/lib/python3.12/site-packages/airflow/example_dags/example_subdag_operator.py
[2025-05-01T11:58:51.578+0000] {logging_mixin.py:188} INFO - [2025-05-01T11:58:51.577+0000] {dag.py:3096} INFO - Sync 3 DAGs
[2025-05-01T11:58:51.646+0000] {logging_mixin.py:188} INFO - [2025-05-01T11:58:51.645+0000] {dag.py:3954} INFO - Setting next_dagrun for example_subdag_operator to 2022-01-01 00:00:00+00:00, run_after=2022-01-01 00:00:00+00:00
[2025-05-01T11:58:51.658+0000] {logging_mixin.py:188} INFO - [2025-05-01T11:58:51.658+0000] {dag.py:3954} INFO - Setting next_dagrun for example_subdag_operator.section-1 to None, run_after=None
[2025-05-01T11:58:51.663+0000] {logging_mixin.py:188} INFO - [2025-05-01T11:58:51.663+0000] {dag.py:3954} INFO - Setting next_dagrun for example_subdag_operator.section-2 to None, run_after=None
[2025-05-01T11:58:51.697+0000] {logging_mixin.py:188} INFO - [2025-05-01T11:58:51.697+0000] {dag.py:3096} INFO - Sync 2 DAGs
[2025-05-01T11:58:51.714+0000] {logging_mixin.py:188} INFO - [2025-05-01T11:58:51.714+0000] {dag.py:3954} INFO - Setting next_dagrun for example_subdag_operator.section-1 to None, run_after=None
[2025-05-01T11:58:51.717+0000] {logging_mixin.py:188} INFO - [2025-05-01T11:58:51.716+0000] {dag.py:3954} INFO - Setting next_dagrun for example_subdag_operator.section-2 to None, run_after=None
[2025-05-01T11:58:51.757+0000] {processor.py:183} INFO - Processing /home/airflow/.local/lib/python3.12/site-packages/airflow/example_dags/example_subdag_operator.py took 0.339 seconds
[2025-05-01T11:59:22.350+0000] {processor.py:161} INFO - Started process (PID=3271) to work on /home/airflow/.local/lib/python3.12/site-packages/airflow/example_dags/example_subdag_operator.py
[2025-05-01T11:59:22.353+0000] {processor.py:830} INFO - Processing file /home/airflow/.local/lib/python3.12/site-packages/airflow/example_dags/example_subdag_operator.py for tasks to queue
[2025-05-01T11:59:22.358+0000] {logging_mixin.py:188} INFO - [2025-05-01T11:59:22.357+0000] {dagbag.py:545} INFO - Filling up the DagBag from /home/airflow/.local/lib/python3.12/site-packages/airflow/example_dags/example_subdag_operator.py
[2025-05-01T11:59:22.444+0000] {processor.py:840} INFO - DAG(s) 'example_subdag_operator.section-1', 'example_subdag_operator.section-2', 'example_subdag_operator' retrieved from /home/airflow/.local/lib/python3.12/site-packages/airflow/example_dags/example_subdag_operator.py
[2025-05-01T11:59:22.483+0000] {logging_mixin.py:188} INFO - [2025-05-01T11:59:22.482+0000] {dag.py:3096} INFO - Sync 3 DAGs
[2025-05-01T11:59:22.545+0000] {logging_mixin.py:188} INFO - [2025-05-01T11:59:22.544+0000] {dag.py:3954} INFO - Setting next_dagrun for example_subdag_operator to 2022-01-01 00:00:00+00:00, run_after=2022-01-01 00:00:00+00:00
[2025-05-01T11:59:22.556+0000] {logging_mixin.py:188} INFO - [2025-05-01T11:59:22.555+0000] {dag.py:3954} INFO - Setting next_dagrun for example_subdag_operator.section-1 to None, run_after=None
[2025-05-01T11:59:22.560+0000] {logging_mixin.py:188} INFO - [2025-05-01T11:59:22.560+0000] {dag.py:3954} INFO - Setting next_dagrun for example_subdag_operator.section-2 to None, run_after=None
[2025-05-01T11:59:22.580+0000] {logging_mixin.py:188} INFO - [2025-05-01T11:59:22.580+0000] {dag.py:3096} INFO - Sync 2 DAGs
[2025-05-01T11:59:22.595+0000] {logging_mixin.py:188} INFO - [2025-05-01T11:59:22.594+0000] {dag.py:3954} INFO - Setting next_dagrun for example_subdag_operator.section-1 to None, run_after=None
[2025-05-01T11:59:22.597+0000] {logging_mixin.py:188} INFO - [2025-05-01T11:59:22.596+0000] {dag.py:3954} INFO - Setting next_dagrun for example_subdag_operator.section-2 to None, run_after=None
[2025-05-01T11:59:22.634+0000] {processor.py:183} INFO - Processing /home/airflow/.local/lib/python3.12/site-packages/airflow/example_dags/example_subdag_operator.py took 0.303 seconds
[2025-05-01T11:59:53.146+0000] {processor.py:161} INFO - Started process (PID=3330) to work on /home/airflow/.local/lib/python3.12/site-packages/airflow/example_dags/example_subdag_operator.py
[2025-05-01T11:59:53.148+0000] {processor.py:830} INFO - Processing file /home/airflow/.local/lib/python3.12/site-packages/airflow/example_dags/example_subdag_operator.py for tasks to queue
[2025-05-01T11:59:53.154+0000] {logging_mixin.py:188} INFO - [2025-05-01T11:59:53.153+0000] {dagbag.py:545} INFO - Filling up the DagBag from /home/airflow/.local/lib/python3.12/site-packages/airflow/example_dags/example_subdag_operator.py
[2025-05-01T11:59:53.216+0000] {processor.py:840} INFO - DAG(s) 'example_subdag_operator.section-1', 'example_subdag_operator.section-2', 'example_subdag_operator' retrieved from /home/airflow/.local/lib/python3.12/site-packages/airflow/example_dags/example_subdag_operator.py
[2025-05-01T11:59:53.258+0000] {logging_mixin.py:188} INFO - [2025-05-01T11:59:53.257+0000] {dag.py:3096} INFO - Sync 3 DAGs
[2025-05-01T11:59:53.315+0000] {logging_mixin.py:188} INFO - [2025-05-01T11:59:53.314+0000] {dag.py:3954} INFO - Setting next_dagrun for example_subdag_operator to 2022-01-01 00:00:00+00:00, run_after=2022-01-01 00:00:00+00:00
[2025-05-01T11:59:53.329+0000] {logging_mixin.py:188} INFO - [2025-05-01T11:59:53.329+0000] {dag.py:3954} INFO - Setting next_dagrun for example_subdag_operator.section-1 to None, run_after=None
[2025-05-01T11:59:53.333+0000] {logging_mixin.py:188} INFO - [2025-05-01T11:59:53.333+0000] {dag.py:3954} INFO - Setting next_dagrun for example_subdag_operator.section-2 to None, run_after=None
[2025-05-01T11:59:53.350+0000] {logging_mixin.py:188} INFO - [2025-05-01T11:59:53.350+0000] {dag.py:3096} INFO - Sync 2 DAGs
[2025-05-01T11:59:53.364+0000] {logging_mixin.py:188} INFO - [2025-05-01T11:59:53.363+0000] {dag.py:3954} INFO - Setting next_dagrun for example_subdag_operator.section-1 to None, run_after=None
[2025-05-01T11:59:53.365+0000] {logging_mixin.py:188} INFO - [2025-05-01T11:59:53.365+0000] {dag.py:3954} INFO - Setting next_dagrun for example_subdag_operator.section-2 to None, run_after=None
[2025-05-01T11:59:53.422+0000] {processor.py:183} INFO - Processing /home/airflow/.local/lib/python3.12/site-packages/airflow/example_dags/example_subdag_operator.py took 0.288 seconds
[2025-05-01T12:00:24.081+0000] {processor.py:161} INFO - Started process (PID=3388) to work on /home/airflow/.local/lib/python3.12/site-packages/airflow/example_dags/example_subdag_operator.py
[2025-05-01T12:00:24.084+0000] {processor.py:830} INFO - Processing file /home/airflow/.local/lib/python3.12/site-packages/airflow/example_dags/example_subdag_operator.py for tasks to queue
[2025-05-01T12:00:24.089+0000] {logging_mixin.py:188} INFO - [2025-05-01T12:00:24.088+0000] {dagbag.py:545} INFO - Filling up the DagBag from /home/airflow/.local/lib/python3.12/site-packages/airflow/example_dags/example_subdag_operator.py
[2025-05-01T12:00:24.141+0000] {processor.py:840} INFO - DAG(s) 'example_subdag_operator.section-1', 'example_subdag_operator.section-2', 'example_subdag_operator' retrieved from /home/airflow/.local/lib/python3.12/site-packages/airflow/example_dags/example_subdag_operator.py
[2025-05-01T12:00:24.180+0000] {logging_mixin.py:188} INFO - [2025-05-01T12:00:24.179+0000] {dag.py:3096} INFO - Sync 3 DAGs
[2025-05-01T12:00:24.252+0000] {logging_mixin.py:188} INFO - [2025-05-01T12:00:24.251+0000] {dag.py:3954} INFO - Setting next_dagrun for example_subdag_operator to 2022-01-01 00:00:00+00:00, run_after=2022-01-01 00:00:00+00:00
[2025-05-01T12:00:24.270+0000] {logging_mixin.py:188} INFO - [2025-05-01T12:00:24.269+0000] {dag.py:3954} INFO - Setting next_dagrun for example_subdag_operator.section-1 to None, run_after=None
[2025-05-01T12:00:24.275+0000] {logging_mixin.py:188} INFO - [2025-05-01T12:00:24.274+0000] {dag.py:3954} INFO - Setting next_dagrun for example_subdag_operator.section-2 to None, run_after=None
[2025-05-01T12:00:24.299+0000] {logging_mixin.py:188} INFO - [2025-05-01T12:00:24.298+0000] {dag.py:3096} INFO - Sync 2 DAGs
[2025-05-01T12:00:24.317+0000] {logging_mixin.py:188} INFO - [2025-05-01T12:00:24.316+0000] {dag.py:3954} INFO - Setting next_dagrun for example_subdag_operator.section-1 to None, run_after=None
[2025-05-01T12:00:24.319+0000] {logging_mixin.py:188} INFO - [2025-05-01T12:00:24.319+0000] {dag.py:3954} INFO - Setting next_dagrun for example_subdag_operator.section-2 to None, run_after=None
[2025-05-01T12:00:24.358+0000] {processor.py:183} INFO - Processing /home/airflow/.local/lib/python3.12/site-packages/airflow/example_dags/example_subdag_operator.py took 0.290 seconds
[2025-05-01T12:00:54.753+0000] {processor.py:161} INFO - Started process (PID=3446) to work on /home/airflow/.local/lib/python3.12/site-packages/airflow/example_dags/example_subdag_operator.py
[2025-05-01T12:00:54.756+0000] {processor.py:830} INFO - Processing file /home/airflow/.local/lib/python3.12/site-packages/airflow/example_dags/example_subdag_operator.py for tasks to queue
[2025-05-01T12:00:54.760+0000] {logging_mixin.py:188} INFO - [2025-05-01T12:00:54.759+0000] {dagbag.py:545} INFO - Filling up the DagBag from /home/airflow/.local/lib/python3.12/site-packages/airflow/example_dags/example_subdag_operator.py
[2025-05-01T12:00:54.823+0000] {processor.py:840} INFO - DAG(s) 'example_subdag_operator.section-1', 'example_subdag_operator.section-2', 'example_subdag_operator' retrieved from /home/airflow/.local/lib/python3.12/site-packages/airflow/example_dags/example_subdag_operator.py
[2025-05-01T12:00:54.864+0000] {logging_mixin.py:188} INFO - [2025-05-01T12:00:54.863+0000] {dag.py:3096} INFO - Sync 3 DAGs
[2025-05-01T12:00:54.927+0000] {logging_mixin.py:188} INFO - [2025-05-01T12:00:54.927+0000] {dag.py:3954} INFO - Setting next_dagrun for example_subdag_operator to 2022-01-01 00:00:00+00:00, run_after=2022-01-01 00:00:00+00:00
[2025-05-01T12:00:54.939+0000] {logging_mixin.py:188} INFO - [2025-05-01T12:00:54.938+0000] {dag.py:3954} INFO - Setting next_dagrun for example_subdag_operator.section-1 to None, run_after=None
[2025-05-01T12:00:54.944+0000] {logging_mixin.py:188} INFO - [2025-05-01T12:00:54.943+0000] {dag.py:3954} INFO - Setting next_dagrun for example_subdag_operator.section-2 to None, run_after=None
[2025-05-01T12:00:54.963+0000] {logging_mixin.py:188} INFO - [2025-05-01T12:00:54.963+0000] {dag.py:3096} INFO - Sync 2 DAGs
[2025-05-01T12:00:54.978+0000] {logging_mixin.py:188} INFO - [2025-05-01T12:00:54.978+0000] {dag.py:3954} INFO - Setting next_dagrun for example_subdag_operator.section-1 to None, run_after=None
[2025-05-01T12:00:54.980+0000] {logging_mixin.py:188} INFO - [2025-05-01T12:00:54.980+0000] {dag.py:3954} INFO - Setting next_dagrun for example_subdag_operator.section-2 to None, run_after=None
[2025-05-01T12:00:55.030+0000] {processor.py:183} INFO - Processing /home/airflow/.local/lib/python3.12/site-packages/airflow/example_dags/example_subdag_operator.py took 0.290 seconds
[2025-05-01T12:01:25.418+0000] {processor.py:161} INFO - Started process (PID=3505) to work on /home/airflow/.local/lib/python3.12/site-packages/airflow/example_dags/example_subdag_operator.py
[2025-05-01T12:01:25.421+0000] {processor.py:830} INFO - Processing file /home/airflow/.local/lib/python3.12/site-packages/airflow/example_dags/example_subdag_operator.py for tasks to queue
[2025-05-01T12:01:25.431+0000] {logging_mixin.py:188} INFO - [2025-05-01T12:01:25.430+0000] {dagbag.py:545} INFO - Filling up the DagBag from /home/airflow/.local/lib/python3.12/site-packages/airflow/example_dags/example_subdag_operator.py
[2025-05-01T12:01:25.504+0000] {processor.py:840} INFO - DAG(s) 'example_subdag_operator.section-1', 'example_subdag_operator.section-2', 'example_subdag_operator' retrieved from /home/airflow/.local/lib/python3.12/site-packages/airflow/example_dags/example_subdag_operator.py
[2025-05-01T12:01:25.556+0000] {logging_mixin.py:188} INFO - [2025-05-01T12:01:25.555+0000] {dag.py:3096} INFO - Sync 3 DAGs
[2025-05-01T12:01:25.626+0000] {logging_mixin.py:188} INFO - [2025-05-01T12:01:25.624+0000] {dag.py:3954} INFO - Setting next_dagrun for example_subdag_operator to 2022-01-01 00:00:00+00:00, run_after=2022-01-01 00:00:00+00:00
[2025-05-01T12:01:25.643+0000] {logging_mixin.py:188} INFO - [2025-05-01T12:01:25.642+0000] {dag.py:3954} INFO - Setting next_dagrun for example_subdag_operator.section-1 to None, run_after=None
[2025-05-01T12:01:25.649+0000] {logging_mixin.py:188} INFO - [2025-05-01T12:01:25.648+0000] {dag.py:3954} INFO - Setting next_dagrun for example_subdag_operator.section-2 to None, run_after=None
[2025-05-01T12:01:25.670+0000] {logging_mixin.py:188} INFO - [2025-05-01T12:01:25.670+0000] {dag.py:3096} INFO - Sync 2 DAGs
[2025-05-01T12:01:25.686+0000] {logging_mixin.py:188} INFO - [2025-05-01T12:01:25.686+0000] {dag.py:3954} INFO - Setting next_dagrun for example_subdag_operator.section-1 to None, run_after=None
[2025-05-01T12:01:25.689+0000] {logging_mixin.py:188} INFO - [2025-05-01T12:01:25.688+0000] {dag.py:3954} INFO - Setting next_dagrun for example_subdag_operator.section-2 to None, run_after=None
[2025-05-01T12:01:25.727+0000] {processor.py:183} INFO - Processing /home/airflow/.local/lib/python3.12/site-packages/airflow/example_dags/example_subdag_operator.py took 0.328 seconds
[2025-05-01T12:01:56.000+0000] {processor.py:161} INFO - Started process (PID=3565) to work on /home/airflow/.local/lib/python3.12/site-packages/airflow/example_dags/example_subdag_operator.py
[2025-05-01T12:01:56.003+0000] {processor.py:830} INFO - Processing file /home/airflow/.local/lib/python3.12/site-packages/airflow/example_dags/example_subdag_operator.py for tasks to queue
[2025-05-01T12:01:56.007+0000] {logging_mixin.py:188} INFO - [2025-05-01T12:01:56.007+0000] {dagbag.py:545} INFO - Filling up the DagBag from /home/airflow/.local/lib/python3.12/site-packages/airflow/example_dags/example_subdag_operator.py
[2025-05-01T12:01:56.062+0000] {processor.py:840} INFO - DAG(s) 'example_subdag_operator.section-1', 'example_subdag_operator.section-2', 'example_subdag_operator' retrieved from /home/airflow/.local/lib/python3.12/site-packages/airflow/example_dags/example_subdag_operator.py
[2025-05-01T12:01:56.098+0000] {logging_mixin.py:188} INFO - [2025-05-01T12:01:56.098+0000] {dag.py:3096} INFO - Sync 3 DAGs
[2025-05-01T12:01:56.144+0000] {logging_mixin.py:188} INFO - [2025-05-01T12:01:56.143+0000] {dag.py:3954} INFO - Setting next_dagrun for example_subdag_operator to 2022-01-01 00:00:00+00:00, run_after=2022-01-01 00:00:00+00:00
[2025-05-01T12:01:56.152+0000] {logging_mixin.py:188} INFO - [2025-05-01T12:01:56.151+0000] {dag.py:3954} INFO - Setting next_dagrun for example_subdag_operator.section-1 to None, run_after=None
[2025-05-01T12:01:56.155+0000] {logging_mixin.py:188} INFO - [2025-05-01T12:01:56.155+0000] {dag.py:3954} INFO - Setting next_dagrun for example_subdag_operator.section-2 to None, run_after=None
[2025-05-01T12:01:56.172+0000] {logging_mixin.py:188} INFO - [2025-05-01T12:01:56.172+0000] {dag.py:3096} INFO - Sync 2 DAGs
[2025-05-01T12:01:56.186+0000] {logging_mixin.py:188} INFO - [2025-05-01T12:01:56.185+0000] {dag.py:3954} INFO - Setting next_dagrun for example_subdag_operator.section-1 to None, run_after=None
[2025-05-01T12:01:56.187+0000] {logging_mixin.py:188} INFO - [2025-05-01T12:01:56.187+0000] {dag.py:3954} INFO - Setting next_dagrun for example_subdag_operator.section-2 to None, run_after=None
[2025-05-01T12:01:56.241+0000] {processor.py:183} INFO - Processing /home/airflow/.local/lib/python3.12/site-packages/airflow/example_dags/example_subdag_operator.py took 0.255 seconds
[2025-05-01T12:02:26.730+0000] {processor.py:161} INFO - Started process (PID=3623) to work on /home/airflow/.local/lib/python3.12/site-packages/airflow/example_dags/example_subdag_operator.py
[2025-05-01T12:02:26.732+0000] {processor.py:830} INFO - Processing file /home/airflow/.local/lib/python3.12/site-packages/airflow/example_dags/example_subdag_operator.py for tasks to queue
[2025-05-01T12:02:26.736+0000] {logging_mixin.py:188} INFO - [2025-05-01T12:02:26.735+0000] {dagbag.py:545} INFO - Filling up the DagBag from /home/airflow/.local/lib/python3.12/site-packages/airflow/example_dags/example_subdag_operator.py
[2025-05-01T12:02:26.794+0000] {processor.py:840} INFO - DAG(s) 'example_subdag_operator.section-1', 'example_subdag_operator.section-2', 'example_subdag_operator' retrieved from /home/airflow/.local/lib/python3.12/site-packages/airflow/example_dags/example_subdag_operator.py
[2025-05-01T12:02:26.833+0000] {logging_mixin.py:188} INFO - [2025-05-01T12:02:26.832+0000] {dag.py:3096} INFO - Sync 3 DAGs
[2025-05-01T12:02:26.891+0000] {logging_mixin.py:188} INFO - [2025-05-01T12:02:26.890+0000] {dag.py:3954} INFO - Setting next_dagrun for example_subdag_operator to 2022-01-01 00:00:00+00:00, run_after=2022-01-01 00:00:00+00:00
[2025-05-01T12:02:26.903+0000] {logging_mixin.py:188} INFO - [2025-05-01T12:02:26.902+0000] {dag.py:3954} INFO - Setting next_dagrun for example_subdag_operator.section-1 to None, run_after=None
[2025-05-01T12:02:26.907+0000] {logging_mixin.py:188} INFO - [2025-05-01T12:02:26.907+0000] {dag.py:3954} INFO - Setting next_dagrun for example_subdag_operator.section-2 to None, run_after=None
[2025-05-01T12:02:26.927+0000] {logging_mixin.py:188} INFO - [2025-05-01T12:02:26.927+0000] {dag.py:3096} INFO - Sync 2 DAGs
[2025-05-01T12:02:26.943+0000] {logging_mixin.py:188} INFO - [2025-05-01T12:02:26.942+0000] {dag.py:3954} INFO - Setting next_dagrun for example_subdag_operator.section-1 to None, run_after=None
[2025-05-01T12:02:26.945+0000] {logging_mixin.py:188} INFO - [2025-05-01T12:02:26.944+0000] {dag.py:3954} INFO - Setting next_dagrun for example_subdag_operator.section-2 to None, run_after=None
[2025-05-01T12:02:26.987+0000] {processor.py:183} INFO - Processing /home/airflow/.local/lib/python3.12/site-packages/airflow/example_dags/example_subdag_operator.py took 0.273 seconds
[2025-05-01T12:02:57.592+0000] {processor.py:161} INFO - Started process (PID=3682) to work on /home/airflow/.local/lib/python3.12/site-packages/airflow/example_dags/example_subdag_operator.py
[2025-05-01T12:02:57.594+0000] {processor.py:830} INFO - Processing file /home/airflow/.local/lib/python3.12/site-packages/airflow/example_dags/example_subdag_operator.py for tasks to queue
[2025-05-01T12:02:57.599+0000] {logging_mixin.py:188} INFO - [2025-05-01T12:02:57.598+0000] {dagbag.py:545} INFO - Filling up the DagBag from /home/airflow/.local/lib/python3.12/site-packages/airflow/example_dags/example_subdag_operator.py
[2025-05-01T12:02:57.658+0000] {processor.py:840} INFO - DAG(s) 'example_subdag_operator.section-1', 'example_subdag_operator.section-2', 'example_subdag_operator' retrieved from /home/airflow/.local/lib/python3.12/site-packages/airflow/example_dags/example_subdag_operator.py
[2025-05-01T12:02:57.701+0000] {logging_mixin.py:188} INFO - [2025-05-01T12:02:57.701+0000] {dag.py:3096} INFO - Sync 3 DAGs
[2025-05-01T12:02:57.759+0000] {logging_mixin.py:188} INFO - [2025-05-01T12:02:57.758+0000] {dag.py:3954} INFO - Setting next_dagrun for example_subdag_operator to 2022-01-01 00:00:00+00:00, run_after=2022-01-01 00:00:00+00:00
[2025-05-01T12:02:57.772+0000] {logging_mixin.py:188} INFO - [2025-05-01T12:02:57.771+0000] {dag.py:3954} INFO - Setting next_dagrun for example_subdag_operator.section-1 to None, run_after=None
[2025-05-01T12:02:57.776+0000] {logging_mixin.py:188} INFO - [2025-05-01T12:02:57.775+0000] {dag.py:3954} INFO - Setting next_dagrun for example_subdag_operator.section-2 to None, run_after=None
[2025-05-01T12:02:57.797+0000] {logging_mixin.py:188} INFO - [2025-05-01T12:02:57.796+0000] {dag.py:3096} INFO - Sync 2 DAGs
[2025-05-01T12:02:57.810+0000] {logging_mixin.py:188} INFO - [2025-05-01T12:02:57.810+0000] {dag.py:3954} INFO - Setting next_dagrun for example_subdag_operator.section-1 to None, run_after=None
[2025-05-01T12:02:57.812+0000] {logging_mixin.py:188} INFO - [2025-05-01T12:02:57.811+0000] {dag.py:3954} INFO - Setting next_dagrun for example_subdag_operator.section-2 to None, run_after=None
[2025-05-01T12:02:57.846+0000] {processor.py:183} INFO - Processing /home/airflow/.local/lib/python3.12/site-packages/airflow/example_dags/example_subdag_operator.py took 0.266 seconds
[2025-05-01T12:03:28.495+0000] {processor.py:161} INFO - Started process (PID=3740) to work on /home/airflow/.local/lib/python3.12/site-packages/airflow/example_dags/example_subdag_operator.py
[2025-05-01T12:03:28.498+0000] {processor.py:830} INFO - Processing file /home/airflow/.local/lib/python3.12/site-packages/airflow/example_dags/example_subdag_operator.py for tasks to queue
[2025-05-01T12:03:28.505+0000] {logging_mixin.py:188} INFO - [2025-05-01T12:03:28.504+0000] {dagbag.py:545} INFO - Filling up the DagBag from /home/airflow/.local/lib/python3.12/site-packages/airflow/example_dags/example_subdag_operator.py
[2025-05-01T12:03:28.574+0000] {processor.py:840} INFO - DAG(s) 'example_subdag_operator.section-1', 'example_subdag_operator.section-2', 'example_subdag_operator' retrieved from /home/airflow/.local/lib/python3.12/site-packages/airflow/example_dags/example_subdag_operator.py
[2025-05-01T12:03:28.619+0000] {logging_mixin.py:188} INFO - [2025-05-01T12:03:28.618+0000] {dag.py:3096} INFO - Sync 3 DAGs
[2025-05-01T12:03:28.679+0000] {logging_mixin.py:188} INFO - [2025-05-01T12:03:28.678+0000] {dag.py:3954} INFO - Setting next_dagrun for example_subdag_operator to 2022-01-01 00:00:00+00:00, run_after=2022-01-01 00:00:00+00:00
[2025-05-01T12:03:28.689+0000] {logging_mixin.py:188} INFO - [2025-05-01T12:03:28.689+0000] {dag.py:3954} INFO - Setting next_dagrun for example_subdag_operator.section-1 to None, run_after=None
[2025-05-01T12:03:28.694+0000] {logging_mixin.py:188} INFO - [2025-05-01T12:03:28.693+0000] {dag.py:3954} INFO - Setting next_dagrun for example_subdag_operator.section-2 to None, run_after=None
[2025-05-01T12:03:28.714+0000] {logging_mixin.py:188} INFO - [2025-05-01T12:03:28.713+0000] {dag.py:3096} INFO - Sync 2 DAGs
[2025-05-01T12:03:28.731+0000] {logging_mixin.py:188} INFO - [2025-05-01T12:03:28.730+0000] {dag.py:3954} INFO - Setting next_dagrun for example_subdag_operator.section-1 to None, run_after=None
[2025-05-01T12:03:28.733+0000] {logging_mixin.py:188} INFO - [2025-05-01T12:03:28.732+0000] {dag.py:3954} INFO - Setting next_dagrun for example_subdag_operator.section-2 to None, run_after=None
[2025-05-01T12:03:28.771+0000] {processor.py:183} INFO - Processing /home/airflow/.local/lib/python3.12/site-packages/airflow/example_dags/example_subdag_operator.py took 0.293 seconds
[2025-05-01T12:03:58.966+0000] {processor.py:161} INFO - Started process (PID=3799) to work on /home/airflow/.local/lib/python3.12/site-packages/airflow/example_dags/example_subdag_operator.py
[2025-05-01T12:03:58.969+0000] {processor.py:830} INFO - Processing file /home/airflow/.local/lib/python3.12/site-packages/airflow/example_dags/example_subdag_operator.py for tasks to queue
[2025-05-01T12:03:58.975+0000] {logging_mixin.py:188} INFO - [2025-05-01T12:03:58.974+0000] {dagbag.py:545} INFO - Filling up the DagBag from /home/airflow/.local/lib/python3.12/site-packages/airflow/example_dags/example_subdag_operator.py
[2025-05-01T12:03:59.047+0000] {processor.py:840} INFO - DAG(s) 'example_subdag_operator.section-1', 'example_subdag_operator.section-2', 'example_subdag_operator' retrieved from /home/airflow/.local/lib/python3.12/site-packages/airflow/example_dags/example_subdag_operator.py
[2025-05-01T12:03:59.106+0000] {logging_mixin.py:188} INFO - [2025-05-01T12:03:59.105+0000] {dag.py:3096} INFO - Sync 3 DAGs
[2025-05-01T12:03:59.186+0000] {logging_mixin.py:188} INFO - [2025-05-01T12:03:59.185+0000] {dag.py:3954} INFO - Setting next_dagrun for example_subdag_operator to 2022-01-01 00:00:00+00:00, run_after=2022-01-01 00:00:00+00:00
[2025-05-01T12:03:59.201+0000] {logging_mixin.py:188} INFO - [2025-05-01T12:03:59.200+0000] {dag.py:3954} INFO - Setting next_dagrun for example_subdag_operator.section-1 to None, run_after=None
[2025-05-01T12:03:59.206+0000] {logging_mixin.py:188} INFO - [2025-05-01T12:03:59.206+0000] {dag.py:3954} INFO - Setting next_dagrun for example_subdag_operator.section-2 to None, run_after=None
[2025-05-01T12:03:59.235+0000] {logging_mixin.py:188} INFO - [2025-05-01T12:03:59.234+0000] {dag.py:3096} INFO - Sync 2 DAGs
[2025-05-01T12:03:59.257+0000] {logging_mixin.py:188} INFO - [2025-05-01T12:03:59.257+0000] {dag.py:3954} INFO - Setting next_dagrun for example_subdag_operator.section-1 to None, run_after=None
[2025-05-01T12:03:59.260+0000] {logging_mixin.py:188} INFO - [2025-05-01T12:03:59.259+0000] {dag.py:3954} INFO - Setting next_dagrun for example_subdag_operator.section-2 to None, run_after=None
[2025-05-01T12:03:59.307+0000] {processor.py:183} INFO - Processing /home/airflow/.local/lib/python3.12/site-packages/airflow/example_dags/example_subdag_operator.py took 0.361 seconds
[2025-05-01T12:04:30.129+0000] {processor.py:161} INFO - Started process (PID=3858) to work on /home/airflow/.local/lib/python3.12/site-packages/airflow/example_dags/example_subdag_operator.py
[2025-05-01T12:04:30.131+0000] {processor.py:830} INFO - Processing file /home/airflow/.local/lib/python3.12/site-packages/airflow/example_dags/example_subdag_operator.py for tasks to queue
[2025-05-01T12:04:30.137+0000] {logging_mixin.py:188} INFO - [2025-05-01T12:04:30.136+0000] {dagbag.py:545} INFO - Filling up the DagBag from /home/airflow/.local/lib/python3.12/site-packages/airflow/example_dags/example_subdag_operator.py
[2025-05-01T12:04:30.197+0000] {processor.py:840} INFO - DAG(s) 'example_subdag_operator.section-1', 'example_subdag_operator.section-2', 'example_subdag_operator' retrieved from /home/airflow/.local/lib/python3.12/site-packages/airflow/example_dags/example_subdag_operator.py
[2025-05-01T12:04:30.243+0000] {logging_mixin.py:188} INFO - [2025-05-01T12:04:30.242+0000] {dag.py:3096} INFO - Sync 3 DAGs
[2025-05-01T12:04:30.311+0000] {logging_mixin.py:188} INFO - [2025-05-01T12:04:30.311+0000] {dag.py:3954} INFO - Setting next_dagrun for example_subdag_operator to 2022-01-01 00:00:00+00:00, run_after=2022-01-01 00:00:00+00:00
[2025-05-01T12:04:30.322+0000] {logging_mixin.py:188} INFO - [2025-05-01T12:04:30.321+0000] {dag.py:3954} INFO - Setting next_dagrun for example_subdag_operator.section-1 to None, run_after=None
[2025-05-01T12:04:30.327+0000] {logging_mixin.py:188} INFO - [2025-05-01T12:04:30.326+0000] {dag.py:3954} INFO - Setting next_dagrun for example_subdag_operator.section-2 to None, run_after=None
[2025-05-01T12:04:30.353+0000] {logging_mixin.py:188} INFO - [2025-05-01T12:04:30.352+0000] {dag.py:3096} INFO - Sync 2 DAGs
[2025-05-01T12:04:30.366+0000] {logging_mixin.py:188} INFO - [2025-05-01T12:04:30.366+0000] {dag.py:3954} INFO - Setting next_dagrun for example_subdag_operator.section-1 to None, run_after=None
[2025-05-01T12:04:30.369+0000] {logging_mixin.py:188} INFO - [2025-05-01T12:04:30.368+0000] {dag.py:3954} INFO - Setting next_dagrun for example_subdag_operator.section-2 to None, run_after=None
[2025-05-01T12:04:30.405+0000] {processor.py:183} INFO - Processing /home/airflow/.local/lib/python3.12/site-packages/airflow/example_dags/example_subdag_operator.py took 0.293 seconds
[2025-05-01T12:05:00.791+0000] {processor.py:161} INFO - Started process (PID=3917) to work on /home/airflow/.local/lib/python3.12/site-packages/airflow/example_dags/example_subdag_operator.py
[2025-05-01T12:05:00.796+0000] {processor.py:830} INFO - Processing file /home/airflow/.local/lib/python3.12/site-packages/airflow/example_dags/example_subdag_operator.py for tasks to queue
[2025-05-01T12:05:00.801+0000] {logging_mixin.py:188} INFO - [2025-05-01T12:05:00.800+0000] {dagbag.py:545} INFO - Filling up the DagBag from /home/airflow/.local/lib/python3.12/site-packages/airflow/example_dags/example_subdag_operator.py
[2025-05-01T12:05:00.874+0000] {processor.py:840} INFO - DAG(s) 'example_subdag_operator.section-1', 'example_subdag_operator.section-2', 'example_subdag_operator' retrieved from /home/airflow/.local/lib/python3.12/site-packages/airflow/example_dags/example_subdag_operator.py
[2025-05-01T12:05:00.924+0000] {logging_mixin.py:188} INFO - [2025-05-01T12:05:00.923+0000] {dag.py:3096} INFO - Sync 3 DAGs
[2025-05-01T12:05:00.995+0000] {logging_mixin.py:188} INFO - [2025-05-01T12:05:00.994+0000] {dag.py:3954} INFO - Setting next_dagrun for example_subdag_operator to 2022-01-01 00:00:00+00:00, run_after=2022-01-01 00:00:00+00:00
[2025-05-01T12:05:01.010+0000] {logging_mixin.py:188} INFO - [2025-05-01T12:05:01.009+0000] {dag.py:3954} INFO - Setting next_dagrun for example_subdag_operator.section-1 to None, run_after=None
[2025-05-01T12:05:01.017+0000] {logging_mixin.py:188} INFO - [2025-05-01T12:05:01.016+0000] {dag.py:3954} INFO - Setting next_dagrun for example_subdag_operator.section-2 to None, run_after=None
[2025-05-01T12:05:01.040+0000] {logging_mixin.py:188} INFO - [2025-05-01T12:05:01.039+0000] {dag.py:3096} INFO - Sync 2 DAGs
[2025-05-01T12:05:01.056+0000] {logging_mixin.py:188} INFO - [2025-05-01T12:05:01.056+0000] {dag.py:3954} INFO - Setting next_dagrun for example_subdag_operator.section-1 to None, run_after=None
[2025-05-01T12:05:01.060+0000] {logging_mixin.py:188} INFO - [2025-05-01T12:05:01.059+0000] {dag.py:3954} INFO - Setting next_dagrun for example_subdag_operator.section-2 to None, run_after=None
[2025-05-01T12:05:01.104+0000] {processor.py:183} INFO - Processing /home/airflow/.local/lib/python3.12/site-packages/airflow/example_dags/example_subdag_operator.py took 0.329 seconds
[2025-05-01T12:05:31.324+0000] {processor.py:161} INFO - Started process (PID=3976) to work on /home/airflow/.local/lib/python3.12/site-packages/airflow/example_dags/example_subdag_operator.py
[2025-05-01T12:05:31.326+0000] {processor.py:830} INFO - Processing file /home/airflow/.local/lib/python3.12/site-packages/airflow/example_dags/example_subdag_operator.py for tasks to queue
[2025-05-01T12:05:31.330+0000] {logging_mixin.py:188} INFO - [2025-05-01T12:05:31.329+0000] {dagbag.py:545} INFO - Filling up the DagBag from /home/airflow/.local/lib/python3.12/site-packages/airflow/example_dags/example_subdag_operator.py
[2025-05-01T12:05:31.402+0000] {processor.py:840} INFO - DAG(s) 'example_subdag_operator.section-1', 'example_subdag_operator.section-2', 'example_subdag_operator' retrieved from /home/airflow/.local/lib/python3.12/site-packages/airflow/example_dags/example_subdag_operator.py
[2025-05-01T12:05:31.452+0000] {logging_mixin.py:188} INFO - [2025-05-01T12:05:31.451+0000] {dag.py:3096} INFO - Sync 3 DAGs
[2025-05-01T12:05:31.521+0000] {logging_mixin.py:188} INFO - [2025-05-01T12:05:31.520+0000] {dag.py:3954} INFO - Setting next_dagrun for example_subdag_operator to 2022-01-01 00:00:00+00:00, run_after=2022-01-01 00:00:00+00:00
[2025-05-01T12:05:31.533+0000] {logging_mixin.py:188} INFO - [2025-05-01T12:05:31.532+0000] {dag.py:3954} INFO - Setting next_dagrun for example_subdag_operator.section-1 to None, run_after=None
[2025-05-01T12:05:31.537+0000] {logging_mixin.py:188} INFO - [2025-05-01T12:05:31.537+0000] {dag.py:3954} INFO - Setting next_dagrun for example_subdag_operator.section-2 to None, run_after=None
[2025-05-01T12:05:31.556+0000] {logging_mixin.py:188} INFO - [2025-05-01T12:05:31.555+0000] {dag.py:3096} INFO - Sync 2 DAGs
[2025-05-01T12:05:31.570+0000] {logging_mixin.py:188} INFO - [2025-05-01T12:05:31.570+0000] {dag.py:3954} INFO - Setting next_dagrun for example_subdag_operator.section-1 to None, run_after=None
[2025-05-01T12:05:31.572+0000] {logging_mixin.py:188} INFO - [2025-05-01T12:05:31.571+0000] {dag.py:3954} INFO - Setting next_dagrun for example_subdag_operator.section-2 to None, run_after=None
[2025-05-01T12:05:31.636+0000] {processor.py:183} INFO - Processing /home/airflow/.local/lib/python3.12/site-packages/airflow/example_dags/example_subdag_operator.py took 0.368 seconds
[2025-05-01T12:06:02.377+0000] {processor.py:161} INFO - Started process (PID=4036) to work on /home/airflow/.local/lib/python3.12/site-packages/airflow/example_dags/example_subdag_operator.py
[2025-05-01T12:06:02.381+0000] {processor.py:830} INFO - Processing file /home/airflow/.local/lib/python3.12/site-packages/airflow/example_dags/example_subdag_operator.py for tasks to queue
[2025-05-01T12:06:02.387+0000] {logging_mixin.py:188} INFO - [2025-05-01T12:06:02.386+0000] {dagbag.py:545} INFO - Filling up the DagBag from /home/airflow/.local/lib/python3.12/site-packages/airflow/example_dags/example_subdag_operator.py
[2025-05-01T12:06:02.478+0000] {processor.py:840} INFO - DAG(s) 'example_subdag_operator.section-1', 'example_subdag_operator.section-2', 'example_subdag_operator' retrieved from /home/airflow/.local/lib/python3.12/site-packages/airflow/example_dags/example_subdag_operator.py
[2025-05-01T12:06:02.526+0000] {logging_mixin.py:188} INFO - [2025-05-01T12:06:02.525+0000] {dag.py:3096} INFO - Sync 3 DAGs
[2025-05-01T12:06:02.597+0000] {logging_mixin.py:188} INFO - [2025-05-01T12:06:02.596+0000] {dag.py:3954} INFO - Setting next_dagrun for example_subdag_operator to 2022-01-01 00:00:00+00:00, run_after=2022-01-01 00:00:00+00:00
[2025-05-01T12:06:02.630+0000] {logging_mixin.py:188} INFO - [2025-05-01T12:06:02.629+0000] {dag.py:3954} INFO - Setting next_dagrun for example_subdag_operator.section-1 to None, run_after=None
[2025-05-01T12:06:02.637+0000] {logging_mixin.py:188} INFO - [2025-05-01T12:06:02.636+0000] {dag.py:3954} INFO - Setting next_dagrun for example_subdag_operator.section-2 to None, run_after=None
[2025-05-01T12:06:02.687+0000] {logging_mixin.py:188} INFO - [2025-05-01T12:06:02.685+0000] {dag.py:3096} INFO - Sync 2 DAGs
[2025-05-01T12:06:02.722+0000] {logging_mixin.py:188} INFO - [2025-05-01T12:06:02.721+0000] {dag.py:3954} INFO - Setting next_dagrun for example_subdag_operator.section-1 to None, run_after=None
[2025-05-01T12:06:02.724+0000] {logging_mixin.py:188} INFO - [2025-05-01T12:06:02.723+0000] {dag.py:3954} INFO - Setting next_dagrun for example_subdag_operator.section-2 to None, run_after=None
[2025-05-01T12:06:02.793+0000] {processor.py:183} INFO - Processing /home/airflow/.local/lib/python3.12/site-packages/airflow/example_dags/example_subdag_operator.py took 0.447 seconds
[2025-05-01T12:06:33.125+0000] {processor.py:161} INFO - Started process (PID=4095) to work on /home/airflow/.local/lib/python3.12/site-packages/airflow/example_dags/example_subdag_operator.py
[2025-05-01T12:06:33.134+0000] {processor.py:830} INFO - Processing file /home/airflow/.local/lib/python3.12/site-packages/airflow/example_dags/example_subdag_operator.py for tasks to queue
[2025-05-01T12:06:33.154+0000] {logging_mixin.py:188} INFO - [2025-05-01T12:06:33.145+0000] {dagbag.py:545} INFO - Filling up the DagBag from /home/airflow/.local/lib/python3.12/site-packages/airflow/example_dags/example_subdag_operator.py
[2025-05-01T12:06:33.274+0000] {processor.py:840} INFO - DAG(s) 'example_subdag_operator.section-1', 'example_subdag_operator.section-2', 'example_subdag_operator' retrieved from /home/airflow/.local/lib/python3.12/site-packages/airflow/example_dags/example_subdag_operator.py
[2025-05-01T12:06:33.315+0000] {logging_mixin.py:188} INFO - [2025-05-01T12:06:33.315+0000] {dag.py:3096} INFO - Sync 3 DAGs
[2025-05-01T12:06:33.384+0000] {logging_mixin.py:188} INFO - [2025-05-01T12:06:33.384+0000] {dag.py:3954} INFO - Setting next_dagrun for example_subdag_operator to 2022-01-01 00:00:00+00:00, run_after=2022-01-01 00:00:00+00:00
[2025-05-01T12:06:33.393+0000] {logging_mixin.py:188} INFO - [2025-05-01T12:06:33.393+0000] {dag.py:3954} INFO - Setting next_dagrun for example_subdag_operator.section-1 to None, run_after=None
[2025-05-01T12:06:33.397+0000] {logging_mixin.py:188} INFO - [2025-05-01T12:06:33.397+0000] {dag.py:3954} INFO - Setting next_dagrun for example_subdag_operator.section-2 to None, run_after=None
[2025-05-01T12:06:33.414+0000] {logging_mixin.py:188} INFO - [2025-05-01T12:06:33.413+0000] {dag.py:3096} INFO - Sync 2 DAGs
[2025-05-01T12:06:33.425+0000] {logging_mixin.py:188} INFO - [2025-05-01T12:06:33.425+0000] {dag.py:3954} INFO - Setting next_dagrun for example_subdag_operator.section-1 to None, run_after=None
[2025-05-01T12:06:33.427+0000] {logging_mixin.py:188} INFO - [2025-05-01T12:06:33.426+0000] {dag.py:3954} INFO - Setting next_dagrun for example_subdag_operator.section-2 to None, run_after=None
[2025-05-01T12:06:33.483+0000] {processor.py:183} INFO - Processing /home/airflow/.local/lib/python3.12/site-packages/airflow/example_dags/example_subdag_operator.py took 0.401 seconds
[2025-05-01T12:07:04.288+0000] {processor.py:161} INFO - Started process (PID=4161) to work on /home/airflow/.local/lib/python3.12/site-packages/airflow/example_dags/example_subdag_operator.py
[2025-05-01T12:07:04.291+0000] {processor.py:830} INFO - Processing file /home/airflow/.local/lib/python3.12/site-packages/airflow/example_dags/example_subdag_operator.py for tasks to queue
[2025-05-01T12:07:04.296+0000] {logging_mixin.py:188} INFO - [2025-05-01T12:07:04.295+0000] {dagbag.py:545} INFO - Filling up the DagBag from /home/airflow/.local/lib/python3.12/site-packages/airflow/example_dags/example_subdag_operator.py
[2025-05-01T12:07:04.377+0000] {processor.py:840} INFO - DAG(s) 'example_subdag_operator.section-1', 'example_subdag_operator.section-2', 'example_subdag_operator' retrieved from /home/airflow/.local/lib/python3.12/site-packages/airflow/example_dags/example_subdag_operator.py
[2025-05-01T12:07:04.415+0000] {logging_mixin.py:188} INFO - [2025-05-01T12:07:04.415+0000] {dag.py:3096} INFO - Sync 3 DAGs
[2025-05-01T12:07:04.467+0000] {logging_mixin.py:188} INFO - [2025-05-01T12:07:04.467+0000] {dag.py:3954} INFO - Setting next_dagrun for example_subdag_operator to 2022-01-01 00:00:00+00:00, run_after=2022-01-01 00:00:00+00:00
[2025-05-01T12:07:04.478+0000] {logging_mixin.py:188} INFO - [2025-05-01T12:07:04.477+0000] {dag.py:3954} INFO - Setting next_dagrun for example_subdag_operator.section-1 to None, run_after=None
[2025-05-01T12:07:04.482+0000] {logging_mixin.py:188} INFO - [2025-05-01T12:07:04.482+0000] {dag.py:3954} INFO - Setting next_dagrun for example_subdag_operator.section-2 to None, run_after=None
[2025-05-01T12:07:04.504+0000] {logging_mixin.py:188} INFO - [2025-05-01T12:07:04.503+0000] {dag.py:3096} INFO - Sync 2 DAGs
[2025-05-01T12:07:04.517+0000] {logging_mixin.py:188} INFO - [2025-05-01T12:07:04.517+0000] {dag.py:3954} INFO - Setting next_dagrun for example_subdag_operator.section-1 to None, run_after=None
[2025-05-01T12:07:04.519+0000] {logging_mixin.py:188} INFO - [2025-05-01T12:07:04.519+0000] {dag.py:3954} INFO - Setting next_dagrun for example_subdag_operator.section-2 to None, run_after=None
[2025-05-01T12:07:04.566+0000] {processor.py:183} INFO - Processing /home/airflow/.local/lib/python3.12/site-packages/airflow/example_dags/example_subdag_operator.py took 0.291 seconds
[2025-05-01T12:07:35.008+0000] {processor.py:161} INFO - Started process (PID=4220) to work on /home/airflow/.local/lib/python3.12/site-packages/airflow/example_dags/example_subdag_operator.py
[2025-05-01T12:07:35.010+0000] {processor.py:830} INFO - Processing file /home/airflow/.local/lib/python3.12/site-packages/airflow/example_dags/example_subdag_operator.py for tasks to queue
[2025-05-01T12:07:35.014+0000] {logging_mixin.py:188} INFO - [2025-05-01T12:07:35.014+0000] {dagbag.py:545} INFO - Filling up the DagBag from /home/airflow/.local/lib/python3.12/site-packages/airflow/example_dags/example_subdag_operator.py
[2025-05-01T12:07:35.071+0000] {processor.py:840} INFO - DAG(s) 'example_subdag_operator.section-1', 'example_subdag_operator.section-2', 'example_subdag_operator' retrieved from /home/airflow/.local/lib/python3.12/site-packages/airflow/example_dags/example_subdag_operator.py
[2025-05-01T12:07:35.109+0000] {logging_mixin.py:188} INFO - [2025-05-01T12:07:35.108+0000] {dag.py:3096} INFO - Sync 3 DAGs
[2025-05-01T12:07:35.176+0000] {logging_mixin.py:188} INFO - [2025-05-01T12:07:35.175+0000] {dag.py:3954} INFO - Setting next_dagrun for example_subdag_operator to 2022-01-01 00:00:00+00:00, run_after=2022-01-01 00:00:00+00:00
[2025-05-01T12:07:35.189+0000] {logging_mixin.py:188} INFO - [2025-05-01T12:07:35.189+0000] {dag.py:3954} INFO - Setting next_dagrun for example_subdag_operator.section-1 to None, run_after=None
[2025-05-01T12:07:35.195+0000] {logging_mixin.py:188} INFO - [2025-05-01T12:07:35.194+0000] {dag.py:3954} INFO - Setting next_dagrun for example_subdag_operator.section-2 to None, run_after=None
[2025-05-01T12:07:35.227+0000] {logging_mixin.py:188} INFO - [2025-05-01T12:07:35.227+0000] {dag.py:3096} INFO - Sync 2 DAGs
[2025-05-01T12:07:35.243+0000] {logging_mixin.py:188} INFO - [2025-05-01T12:07:35.242+0000] {dag.py:3954} INFO - Setting next_dagrun for example_subdag_operator.section-1 to None, run_after=None
[2025-05-01T12:07:35.245+0000] {logging_mixin.py:188} INFO - [2025-05-01T12:07:35.244+0000] {dag.py:3954} INFO - Setting next_dagrun for example_subdag_operator.section-2 to None, run_after=None
[2025-05-01T12:07:35.281+0000] {processor.py:183} INFO - Processing /home/airflow/.local/lib/python3.12/site-packages/airflow/example_dags/example_subdag_operator.py took 0.286 seconds
[2025-05-01T12:08:05.416+0000] {processor.py:161} INFO - Started process (PID=4279) to work on /home/airflow/.local/lib/python3.12/site-packages/airflow/example_dags/example_subdag_operator.py
[2025-05-01T12:08:05.419+0000] {processor.py:830} INFO - Processing file /home/airflow/.local/lib/python3.12/site-packages/airflow/example_dags/example_subdag_operator.py for tasks to queue
[2025-05-01T12:08:05.425+0000] {logging_mixin.py:188} INFO - [2025-05-01T12:08:05.424+0000] {dagbag.py:545} INFO - Filling up the DagBag from /home/airflow/.local/lib/python3.12/site-packages/airflow/example_dags/example_subdag_operator.py
[2025-05-01T12:08:05.492+0000] {processor.py:840} INFO - DAG(s) 'example_subdag_operator.section-1', 'example_subdag_operator.section-2', 'example_subdag_operator' retrieved from /home/airflow/.local/lib/python3.12/site-packages/airflow/example_dags/example_subdag_operator.py
[2025-05-01T12:08:05.540+0000] {logging_mixin.py:188} INFO - [2025-05-01T12:08:05.540+0000] {dag.py:3096} INFO - Sync 3 DAGs
[2025-05-01T12:08:05.605+0000] {logging_mixin.py:188} INFO - [2025-05-01T12:08:05.604+0000] {dag.py:3954} INFO - Setting next_dagrun for example_subdag_operator to 2022-01-01 00:00:00+00:00, run_after=2022-01-01 00:00:00+00:00
[2025-05-01T12:08:05.617+0000] {logging_mixin.py:188} INFO - [2025-05-01T12:08:05.616+0000] {dag.py:3954} INFO - Setting next_dagrun for example_subdag_operator.section-1 to None, run_after=None
[2025-05-01T12:08:05.621+0000] {logging_mixin.py:188} INFO - [2025-05-01T12:08:05.621+0000] {dag.py:3954} INFO - Setting next_dagrun for example_subdag_operator.section-2 to None, run_after=None
[2025-05-01T12:08:05.644+0000] {logging_mixin.py:188} INFO - [2025-05-01T12:08:05.644+0000] {dag.py:3096} INFO - Sync 2 DAGs
[2025-05-01T12:08:05.660+0000] {logging_mixin.py:188} INFO - [2025-05-01T12:08:05.659+0000] {dag.py:3954} INFO - Setting next_dagrun for example_subdag_operator.section-1 to None, run_after=None
[2025-05-01T12:08:05.662+0000] {logging_mixin.py:188} INFO - [2025-05-01T12:08:05.661+0000] {dag.py:3954} INFO - Setting next_dagrun for example_subdag_operator.section-2 to None, run_after=None
[2025-05-01T12:08:05.691+0000] {processor.py:183} INFO - Processing /home/airflow/.local/lib/python3.12/site-packages/airflow/example_dags/example_subdag_operator.py took 0.287 seconds
[2025-05-01T12:08:36.022+0000] {processor.py:161} INFO - Started process (PID=4338) to work on /home/airflow/.local/lib/python3.12/site-packages/airflow/example_dags/example_subdag_operator.py
[2025-05-01T12:08:36.024+0000] {processor.py:830} INFO - Processing file /home/airflow/.local/lib/python3.12/site-packages/airflow/example_dags/example_subdag_operator.py for tasks to queue
[2025-05-01T12:08:36.028+0000] {logging_mixin.py:188} INFO - [2025-05-01T12:08:36.028+0000] {dagbag.py:545} INFO - Filling up the DagBag from /home/airflow/.local/lib/python3.12/site-packages/airflow/example_dags/example_subdag_operator.py
[2025-05-01T12:08:36.078+0000] {processor.py:840} INFO - DAG(s) 'example_subdag_operator.section-1', 'example_subdag_operator.section-2', 'example_subdag_operator' retrieved from /home/airflow/.local/lib/python3.12/site-packages/airflow/example_dags/example_subdag_operator.py
[2025-05-01T12:08:36.112+0000] {logging_mixin.py:188} INFO - [2025-05-01T12:08:36.111+0000] {dag.py:3096} INFO - Sync 3 DAGs
[2025-05-01T12:08:36.171+0000] {logging_mixin.py:188} INFO - [2025-05-01T12:08:36.171+0000] {dag.py:3954} INFO - Setting next_dagrun for example_subdag_operator to 2022-01-01 00:00:00+00:00, run_after=2022-01-01 00:00:00+00:00
[2025-05-01T12:08:36.185+0000] {logging_mixin.py:188} INFO - [2025-05-01T12:08:36.184+0000] {dag.py:3954} INFO - Setting next_dagrun for example_subdag_operator.section-1 to None, run_after=None
[2025-05-01T12:08:36.190+0000] {logging_mixin.py:188} INFO - [2025-05-01T12:08:36.189+0000] {dag.py:3954} INFO - Setting next_dagrun for example_subdag_operator.section-2 to None, run_after=None
[2025-05-01T12:08:36.212+0000] {logging_mixin.py:188} INFO - [2025-05-01T12:08:36.211+0000] {dag.py:3096} INFO - Sync 2 DAGs
[2025-05-01T12:08:36.224+0000] {logging_mixin.py:188} INFO - [2025-05-01T12:08:36.224+0000] {dag.py:3954} INFO - Setting next_dagrun for example_subdag_operator.section-1 to None, run_after=None
[2025-05-01T12:08:36.226+0000] {logging_mixin.py:188} INFO - [2025-05-01T12:08:36.225+0000] {dag.py:3954} INFO - Setting next_dagrun for example_subdag_operator.section-2 to None, run_after=None
[2025-05-01T12:08:36.279+0000] {processor.py:183} INFO - Processing /home/airflow/.local/lib/python3.12/site-packages/airflow/example_dags/example_subdag_operator.py took 0.272 seconds
[2025-05-01T12:09:06.384+0000] {processor.py:161} INFO - Started process (PID=4398) to work on /home/airflow/.local/lib/python3.12/site-packages/airflow/example_dags/example_subdag_operator.py
[2025-05-01T12:09:06.387+0000] {processor.py:830} INFO - Processing file /home/airflow/.local/lib/python3.12/site-packages/airflow/example_dags/example_subdag_operator.py for tasks to queue
[2025-05-01T12:09:06.393+0000] {logging_mixin.py:188} INFO - [2025-05-01T12:09:06.392+0000] {dagbag.py:545} INFO - Filling up the DagBag from /home/airflow/.local/lib/python3.12/site-packages/airflow/example_dags/example_subdag_operator.py
[2025-05-01T12:09:06.461+0000] {processor.py:840} INFO - DAG(s) 'example_subdag_operator.section-1', 'example_subdag_operator.section-2', 'example_subdag_operator' retrieved from /home/airflow/.local/lib/python3.12/site-packages/airflow/example_dags/example_subdag_operator.py
[2025-05-01T12:09:06.505+0000] {logging_mixin.py:188} INFO - [2025-05-01T12:09:06.504+0000] {dag.py:3096} INFO - Sync 3 DAGs
[2025-05-01T12:09:06.567+0000] {logging_mixin.py:188} INFO - [2025-05-01T12:09:06.567+0000] {dag.py:3954} INFO - Setting next_dagrun for example_subdag_operator to 2022-01-01 00:00:00+00:00, run_after=2022-01-01 00:00:00+00:00
[2025-05-01T12:09:06.576+0000] {logging_mixin.py:188} INFO - [2025-05-01T12:09:06.576+0000] {dag.py:3954} INFO - Setting next_dagrun for example_subdag_operator.section-1 to None, run_after=None
[2025-05-01T12:09:06.581+0000] {logging_mixin.py:188} INFO - [2025-05-01T12:09:06.581+0000] {dag.py:3954} INFO - Setting next_dagrun for example_subdag_operator.section-2 to None, run_after=None
[2025-05-01T12:09:06.612+0000] {logging_mixin.py:188} INFO - [2025-05-01T12:09:06.611+0000] {dag.py:3096} INFO - Sync 2 DAGs
[2025-05-01T12:09:06.628+0000] {logging_mixin.py:188} INFO - [2025-05-01T12:09:06.628+0000] {dag.py:3954} INFO - Setting next_dagrun for example_subdag_operator.section-1 to None, run_after=None
[2025-05-01T12:09:06.630+0000] {logging_mixin.py:188} INFO - [2025-05-01T12:09:06.630+0000] {dag.py:3954} INFO - Setting next_dagrun for example_subdag_operator.section-2 to None, run_after=None
[2025-05-01T12:09:06.699+0000] {processor.py:183} INFO - Processing /home/airflow/.local/lib/python3.12/site-packages/airflow/example_dags/example_subdag_operator.py took 0.327 seconds
[2025-05-01T12:09:36.839+0000] {processor.py:161} INFO - Started process (PID=4457) to work on /home/airflow/.local/lib/python3.12/site-packages/airflow/example_dags/example_subdag_operator.py
[2025-05-01T12:09:36.841+0000] {processor.py:830} INFO - Processing file /home/airflow/.local/lib/python3.12/site-packages/airflow/example_dags/example_subdag_operator.py for tasks to queue
[2025-05-01T12:09:36.847+0000] {logging_mixin.py:188} INFO - [2025-05-01T12:09:36.846+0000] {dagbag.py:545} INFO - Filling up the DagBag from /home/airflow/.local/lib/python3.12/site-packages/airflow/example_dags/example_subdag_operator.py
[2025-05-01T12:09:36.903+0000] {processor.py:840} INFO - DAG(s) 'example_subdag_operator.section-1', 'example_subdag_operator.section-2', 'example_subdag_operator' retrieved from /home/airflow/.local/lib/python3.12/site-packages/airflow/example_dags/example_subdag_operator.py
[2025-05-01T12:09:36.952+0000] {logging_mixin.py:188} INFO - [2025-05-01T12:09:36.951+0000] {dag.py:3096} INFO - Sync 3 DAGs
[2025-05-01T12:09:37.000+0000] {logging_mixin.py:188} INFO - [2025-05-01T12:09:36.999+0000] {dag.py:3954} INFO - Setting next_dagrun for example_subdag_operator to 2022-01-01 00:00:00+00:00, run_after=2022-01-01 00:00:00+00:00
[2025-05-01T12:09:37.009+0000] {logging_mixin.py:188} INFO - [2025-05-01T12:09:37.009+0000] {dag.py:3954} INFO - Setting next_dagrun for example_subdag_operator.section-1 to None, run_after=None
[2025-05-01T12:09:37.013+0000] {logging_mixin.py:188} INFO - [2025-05-01T12:09:37.013+0000] {dag.py:3954} INFO - Setting next_dagrun for example_subdag_operator.section-2 to None, run_after=None
[2025-05-01T12:09:37.030+0000] {logging_mixin.py:188} INFO - [2025-05-01T12:09:37.029+0000] {dag.py:3096} INFO - Sync 2 DAGs
[2025-05-01T12:09:37.046+0000] {logging_mixin.py:188} INFO - [2025-05-01T12:09:37.045+0000] {dag.py:3954} INFO - Setting next_dagrun for example_subdag_operator.section-1 to None, run_after=None
[2025-05-01T12:09:37.048+0000] {logging_mixin.py:188} INFO - [2025-05-01T12:09:37.047+0000] {dag.py:3954} INFO - Setting next_dagrun for example_subdag_operator.section-2 to None, run_after=None
[2025-05-01T12:09:37.079+0000] {processor.py:183} INFO - Processing /home/airflow/.local/lib/python3.12/site-packages/airflow/example_dags/example_subdag_operator.py took 0.252 seconds
[2025-05-01T12:10:07.260+0000] {processor.py:161} INFO - Started process (PID=4516) to work on /home/airflow/.local/lib/python3.12/site-packages/airflow/example_dags/example_subdag_operator.py
[2025-05-01T12:10:07.262+0000] {processor.py:830} INFO - Processing file /home/airflow/.local/lib/python3.12/site-packages/airflow/example_dags/example_subdag_operator.py for tasks to queue
[2025-05-01T12:10:07.267+0000] {logging_mixin.py:188} INFO - [2025-05-01T12:10:07.266+0000] {dagbag.py:545} INFO - Filling up the DagBag from /home/airflow/.local/lib/python3.12/site-packages/airflow/example_dags/example_subdag_operator.py
[2025-05-01T12:10:07.343+0000] {processor.py:840} INFO - DAG(s) 'example_subdag_operator.section-1', 'example_subdag_operator.section-2', 'example_subdag_operator' retrieved from /home/airflow/.local/lib/python3.12/site-packages/airflow/example_dags/example_subdag_operator.py
[2025-05-01T12:10:07.378+0000] {logging_mixin.py:188} INFO - [2025-05-01T12:10:07.377+0000] {dag.py:3096} INFO - Sync 3 DAGs
[2025-05-01T12:10:07.431+0000] {logging_mixin.py:188} INFO - [2025-05-01T12:10:07.431+0000] {dag.py:3954} INFO - Setting next_dagrun for example_subdag_operator to 2022-01-01 00:00:00+00:00, run_after=2022-01-01 00:00:00+00:00
[2025-05-01T12:10:07.442+0000] {logging_mixin.py:188} INFO - [2025-05-01T12:10:07.441+0000] {dag.py:3954} INFO - Setting next_dagrun for example_subdag_operator.section-1 to None, run_after=None
[2025-05-01T12:10:07.445+0000] {logging_mixin.py:188} INFO - [2025-05-01T12:10:07.445+0000] {dag.py:3954} INFO - Setting next_dagrun for example_subdag_operator.section-2 to None, run_after=None
[2025-05-01T12:10:07.463+0000] {logging_mixin.py:188} INFO - [2025-05-01T12:10:07.463+0000] {dag.py:3096} INFO - Sync 2 DAGs
[2025-05-01T12:10:07.476+0000] {logging_mixin.py:188} INFO - [2025-05-01T12:10:07.476+0000] {dag.py:3954} INFO - Setting next_dagrun for example_subdag_operator.section-1 to None, run_after=None
[2025-05-01T12:10:07.478+0000] {logging_mixin.py:188} INFO - [2025-05-01T12:10:07.477+0000] {dag.py:3954} INFO - Setting next_dagrun for example_subdag_operator.section-2 to None, run_after=None
[2025-05-01T12:10:07.525+0000] {processor.py:183} INFO - Processing /home/airflow/.local/lib/python3.12/site-packages/airflow/example_dags/example_subdag_operator.py took 0.277 seconds
[2025-05-01T12:10:37.886+0000] {processor.py:161} INFO - Started process (PID=4575) to work on /home/airflow/.local/lib/python3.12/site-packages/airflow/example_dags/example_subdag_operator.py
[2025-05-01T12:10:37.889+0000] {processor.py:830} INFO - Processing file /home/airflow/.local/lib/python3.12/site-packages/airflow/example_dags/example_subdag_operator.py for tasks to queue
[2025-05-01T12:10:37.893+0000] {logging_mixin.py:188} INFO - [2025-05-01T12:10:37.892+0000] {dagbag.py:545} INFO - Filling up the DagBag from /home/airflow/.local/lib/python3.12/site-packages/airflow/example_dags/example_subdag_operator.py
[2025-05-01T12:10:37.944+0000] {processor.py:840} INFO - DAG(s) 'example_subdag_operator.section-1', 'example_subdag_operator.section-2', 'example_subdag_operator' retrieved from /home/airflow/.local/lib/python3.12/site-packages/airflow/example_dags/example_subdag_operator.py
[2025-05-01T12:10:37.983+0000] {logging_mixin.py:188} INFO - [2025-05-01T12:10:37.982+0000] {dag.py:3096} INFO - Sync 3 DAGs
[2025-05-01T12:10:38.034+0000] {logging_mixin.py:188} INFO - [2025-05-01T12:10:38.034+0000] {dag.py:3954} INFO - Setting next_dagrun for example_subdag_operator to 2022-01-01 00:00:00+00:00, run_after=2022-01-01 00:00:00+00:00
[2025-05-01T12:10:38.045+0000] {logging_mixin.py:188} INFO - [2025-05-01T12:10:38.044+0000] {dag.py:3954} INFO - Setting next_dagrun for example_subdag_operator.section-1 to None, run_after=None
[2025-05-01T12:10:38.049+0000] {logging_mixin.py:188} INFO - [2025-05-01T12:10:38.049+0000] {dag.py:3954} INFO - Setting next_dagrun for example_subdag_operator.section-2 to None, run_after=None
[2025-05-01T12:10:38.067+0000] {logging_mixin.py:188} INFO - [2025-05-01T12:10:38.066+0000] {dag.py:3096} INFO - Sync 2 DAGs
[2025-05-01T12:10:38.080+0000] {logging_mixin.py:188} INFO - [2025-05-01T12:10:38.080+0000] {dag.py:3954} INFO - Setting next_dagrun for example_subdag_operator.section-1 to None, run_after=None
[2025-05-01T12:10:38.082+0000] {logging_mixin.py:188} INFO - [2025-05-01T12:10:38.082+0000] {dag.py:3954} INFO - Setting next_dagrun for example_subdag_operator.section-2 to None, run_after=None
[2025-05-01T12:10:38.114+0000] {processor.py:183} INFO - Processing /home/airflow/.local/lib/python3.12/site-packages/airflow/example_dags/example_subdag_operator.py took 0.240 seconds
[2025-05-01T12:11:08.848+0000] {processor.py:161} INFO - Started process (PID=4634) to work on /home/airflow/.local/lib/python3.12/site-packages/airflow/example_dags/example_subdag_operator.py
[2025-05-01T12:11:08.850+0000] {processor.py:830} INFO - Processing file /home/airflow/.local/lib/python3.12/site-packages/airflow/example_dags/example_subdag_operator.py for tasks to queue
[2025-05-01T12:11:08.853+0000] {logging_mixin.py:188} INFO - [2025-05-01T12:11:08.853+0000] {dagbag.py:545} INFO - Filling up the DagBag from /home/airflow/.local/lib/python3.12/site-packages/airflow/example_dags/example_subdag_operator.py
[2025-05-01T12:11:08.904+0000] {processor.py:840} INFO - DAG(s) 'example_subdag_operator.section-1', 'example_subdag_operator.section-2', 'example_subdag_operator' retrieved from /home/airflow/.local/lib/python3.12/site-packages/airflow/example_dags/example_subdag_operator.py
[2025-05-01T12:11:08.941+0000] {logging_mixin.py:188} INFO - [2025-05-01T12:11:08.941+0000] {dag.py:3096} INFO - Sync 3 DAGs
[2025-05-01T12:11:08.990+0000] {logging_mixin.py:188} INFO - [2025-05-01T12:11:08.989+0000] {dag.py:3954} INFO - Setting next_dagrun for example_subdag_operator to 2022-01-01 00:00:00+00:00, run_after=2022-01-01 00:00:00+00:00
[2025-05-01T12:11:09.001+0000] {logging_mixin.py:188} INFO - [2025-05-01T12:11:09.000+0000] {dag.py:3954} INFO - Setting next_dagrun for example_subdag_operator.section-1 to None, run_after=None
[2025-05-01T12:11:09.006+0000] {logging_mixin.py:188} INFO - [2025-05-01T12:11:09.005+0000] {dag.py:3954} INFO - Setting next_dagrun for example_subdag_operator.section-2 to None, run_after=None
[2025-05-01T12:11:09.027+0000] {logging_mixin.py:188} INFO - [2025-05-01T12:11:09.027+0000] {dag.py:3096} INFO - Sync 2 DAGs
[2025-05-01T12:11:09.052+0000] {logging_mixin.py:188} INFO - [2025-05-01T12:11:09.051+0000] {dag.py:3954} INFO - Setting next_dagrun for example_subdag_operator.section-1 to None, run_after=None
[2025-05-01T12:11:09.054+0000] {logging_mixin.py:188} INFO - [2025-05-01T12:11:09.054+0000] {dag.py:3954} INFO - Setting next_dagrun for example_subdag_operator.section-2 to None, run_after=None
[2025-05-01T12:11:09.094+0000] {processor.py:183} INFO - Processing /home/airflow/.local/lib/python3.12/site-packages/airflow/example_dags/example_subdag_operator.py took 0.258 seconds
[2025-05-01T12:11:39.414+0000] {processor.py:161} INFO - Started process (PID=4693) to work on /home/airflow/.local/lib/python3.12/site-packages/airflow/example_dags/example_subdag_operator.py
[2025-05-01T12:11:39.418+0000] {processor.py:830} INFO - Processing file /home/airflow/.local/lib/python3.12/site-packages/airflow/example_dags/example_subdag_operator.py for tasks to queue
[2025-05-01T12:11:39.427+0000] {logging_mixin.py:188} INFO - [2025-05-01T12:11:39.426+0000] {dagbag.py:545} INFO - Filling up the DagBag from /home/airflow/.local/lib/python3.12/site-packages/airflow/example_dags/example_subdag_operator.py
[2025-05-01T12:11:39.514+0000] {processor.py:840} INFO - DAG(s) 'example_subdag_operator.section-1', 'example_subdag_operator.section-2', 'example_subdag_operator' retrieved from /home/airflow/.local/lib/python3.12/site-packages/airflow/example_dags/example_subdag_operator.py
[2025-05-01T12:11:39.583+0000] {logging_mixin.py:188} INFO - [2025-05-01T12:11:39.582+0000] {dag.py:3096} INFO - Sync 3 DAGs
[2025-05-01T12:11:39.658+0000] {logging_mixin.py:188} INFO - [2025-05-01T12:11:39.657+0000] {dag.py:3954} INFO - Setting next_dagrun for example_subdag_operator to 2022-01-01 00:00:00+00:00, run_after=2022-01-01 00:00:00+00:00
[2025-05-01T12:11:39.669+0000] {logging_mixin.py:188} INFO - [2025-05-01T12:11:39.669+0000] {dag.py:3954} INFO - Setting next_dagrun for example_subdag_operator.section-1 to None, run_after=None
[2025-05-01T12:11:39.675+0000] {logging_mixin.py:188} INFO - [2025-05-01T12:11:39.674+0000] {dag.py:3954} INFO - Setting next_dagrun for example_subdag_operator.section-2 to None, run_after=None
[2025-05-01T12:11:39.698+0000] {logging_mixin.py:188} INFO - [2025-05-01T12:11:39.697+0000] {dag.py:3096} INFO - Sync 2 DAGs
[2025-05-01T12:11:39.717+0000] {logging_mixin.py:188} INFO - [2025-05-01T12:11:39.716+0000] {dag.py:3954} INFO - Setting next_dagrun for example_subdag_operator.section-1 to None, run_after=None
[2025-05-01T12:11:39.719+0000] {logging_mixin.py:188} INFO - [2025-05-01T12:11:39.718+0000] {dag.py:3954} INFO - Setting next_dagrun for example_subdag_operator.section-2 to None, run_after=None
[2025-05-01T12:11:39.765+0000] {processor.py:183} INFO - Processing /home/airflow/.local/lib/python3.12/site-packages/airflow/example_dags/example_subdag_operator.py took 0.371 seconds
[2025-05-01T12:12:10.432+0000] {processor.py:161} INFO - Started process (PID=4752) to work on /home/airflow/.local/lib/python3.12/site-packages/airflow/example_dags/example_subdag_operator.py
[2025-05-01T12:12:10.434+0000] {processor.py:830} INFO - Processing file /home/airflow/.local/lib/python3.12/site-packages/airflow/example_dags/example_subdag_operator.py for tasks to queue
[2025-05-01T12:12:10.438+0000] {logging_mixin.py:188} INFO - [2025-05-01T12:12:10.437+0000] {dagbag.py:545} INFO - Filling up the DagBag from /home/airflow/.local/lib/python3.12/site-packages/airflow/example_dags/example_subdag_operator.py
[2025-05-01T12:12:10.493+0000] {processor.py:840} INFO - DAG(s) 'example_subdag_operator.section-1', 'example_subdag_operator.section-2', 'example_subdag_operator' retrieved from /home/airflow/.local/lib/python3.12/site-packages/airflow/example_dags/example_subdag_operator.py
[2025-05-01T12:12:10.533+0000] {logging_mixin.py:188} INFO - [2025-05-01T12:12:10.532+0000] {dag.py:3096} INFO - Sync 3 DAGs
[2025-05-01T12:12:10.584+0000] {logging_mixin.py:188} INFO - [2025-05-01T12:12:10.583+0000] {dag.py:3954} INFO - Setting next_dagrun for example_subdag_operator to 2022-01-01 00:00:00+00:00, run_after=2022-01-01 00:00:00+00:00
[2025-05-01T12:12:10.594+0000] {logging_mixin.py:188} INFO - [2025-05-01T12:12:10.594+0000] {dag.py:3954} INFO - Setting next_dagrun for example_subdag_operator.section-1 to None, run_after=None
[2025-05-01T12:12:10.598+0000] {logging_mixin.py:188} INFO - [2025-05-01T12:12:10.598+0000] {dag.py:3954} INFO - Setting next_dagrun for example_subdag_operator.section-2 to None, run_after=None
[2025-05-01T12:12:10.617+0000] {logging_mixin.py:188} INFO - [2025-05-01T12:12:10.617+0000] {dag.py:3096} INFO - Sync 2 DAGs
[2025-05-01T12:12:10.630+0000] {logging_mixin.py:188} INFO - [2025-05-01T12:12:10.630+0000] {dag.py:3954} INFO - Setting next_dagrun for example_subdag_operator.section-1 to None, run_after=None
[2025-05-01T12:12:10.632+0000] {logging_mixin.py:188} INFO - [2025-05-01T12:12:10.631+0000] {dag.py:3954} INFO - Setting next_dagrun for example_subdag_operator.section-2 to None, run_after=None
[2025-05-01T12:12:10.704+0000] {processor.py:183} INFO - Processing /home/airflow/.local/lib/python3.12/site-packages/airflow/example_dags/example_subdag_operator.py took 0.283 seconds
[2025-05-01T12:12:41.043+0000] {processor.py:161} INFO - Started process (PID=4812) to work on /home/airflow/.local/lib/python3.12/site-packages/airflow/example_dags/example_subdag_operator.py
[2025-05-01T12:12:41.047+0000] {processor.py:830} INFO - Processing file /home/airflow/.local/lib/python3.12/site-packages/airflow/example_dags/example_subdag_operator.py for tasks to queue
[2025-05-01T12:12:41.054+0000] {logging_mixin.py:188} INFO - [2025-05-01T12:12:41.052+0000] {dagbag.py:545} INFO - Filling up the DagBag from /home/airflow/.local/lib/python3.12/site-packages/airflow/example_dags/example_subdag_operator.py
[2025-05-01T12:12:41.132+0000] {processor.py:840} INFO - DAG(s) 'example_subdag_operator.section-1', 'example_subdag_operator.section-2', 'example_subdag_operator' retrieved from /home/airflow/.local/lib/python3.12/site-packages/airflow/example_dags/example_subdag_operator.py
[2025-05-01T12:12:41.188+0000] {logging_mixin.py:188} INFO - [2025-05-01T12:12:41.188+0000] {dag.py:3096} INFO - Sync 3 DAGs
[2025-05-01T12:12:41.258+0000] {logging_mixin.py:188} INFO - [2025-05-01T12:12:41.257+0000] {dag.py:3954} INFO - Setting next_dagrun for example_subdag_operator to 2022-01-01 00:00:00+00:00, run_after=2022-01-01 00:00:00+00:00
[2025-05-01T12:12:41.268+0000] {logging_mixin.py:188} INFO - [2025-05-01T12:12:41.268+0000] {dag.py:3954} INFO - Setting next_dagrun for example_subdag_operator.section-1 to None, run_after=None
[2025-05-01T12:12:41.272+0000] {logging_mixin.py:188} INFO - [2025-05-01T12:12:41.271+0000] {dag.py:3954} INFO - Setting next_dagrun for example_subdag_operator.section-2 to None, run_after=None
[2025-05-01T12:12:41.294+0000] {logging_mixin.py:188} INFO - [2025-05-01T12:12:41.293+0000] {dag.py:3096} INFO - Sync 2 DAGs
[2025-05-01T12:12:41.308+0000] {logging_mixin.py:188} INFO - [2025-05-01T12:12:41.307+0000] {dag.py:3954} INFO - Setting next_dagrun for example_subdag_operator.section-1 to None, run_after=None
[2025-05-01T12:12:41.310+0000] {logging_mixin.py:188} INFO - [2025-05-01T12:12:41.309+0000] {dag.py:3954} INFO - Setting next_dagrun for example_subdag_operator.section-2 to None, run_after=None
[2025-05-01T12:12:41.340+0000] {processor.py:183} INFO - Processing /home/airflow/.local/lib/python3.12/site-packages/airflow/example_dags/example_subdag_operator.py took 0.316 seconds
[2025-05-01T12:13:11.490+0000] {processor.py:161} INFO - Started process (PID=4871) to work on /home/airflow/.local/lib/python3.12/site-packages/airflow/example_dags/example_subdag_operator.py
[2025-05-01T12:13:11.492+0000] {processor.py:830} INFO - Processing file /home/airflow/.local/lib/python3.12/site-packages/airflow/example_dags/example_subdag_operator.py for tasks to queue
[2025-05-01T12:13:11.497+0000] {logging_mixin.py:188} INFO - [2025-05-01T12:13:11.496+0000] {dagbag.py:545} INFO - Filling up the DagBag from /home/airflow/.local/lib/python3.12/site-packages/airflow/example_dags/example_subdag_operator.py
[2025-05-01T12:13:11.555+0000] {processor.py:840} INFO - DAG(s) 'example_subdag_operator.section-1', 'example_subdag_operator.section-2', 'example_subdag_operator' retrieved from /home/airflow/.local/lib/python3.12/site-packages/airflow/example_dags/example_subdag_operator.py
[2025-05-01T12:13:11.596+0000] {logging_mixin.py:188} INFO - [2025-05-01T12:13:11.596+0000] {dag.py:3096} INFO - Sync 3 DAGs
[2025-05-01T12:13:11.661+0000] {logging_mixin.py:188} INFO - [2025-05-01T12:13:11.660+0000] {dag.py:3954} INFO - Setting next_dagrun for example_subdag_operator to 2022-01-01 00:00:00+00:00, run_after=2022-01-01 00:00:00+00:00
[2025-05-01T12:13:11.672+0000] {logging_mixin.py:188} INFO - [2025-05-01T12:13:11.672+0000] {dag.py:3954} INFO - Setting next_dagrun for example_subdag_operator.section-1 to None, run_after=None
[2025-05-01T12:13:11.676+0000] {logging_mixin.py:188} INFO - [2025-05-01T12:13:11.676+0000] {dag.py:3954} INFO - Setting next_dagrun for example_subdag_operator.section-2 to None, run_after=None
[2025-05-01T12:13:11.697+0000] {logging_mixin.py:188} INFO - [2025-05-01T12:13:11.696+0000] {dag.py:3096} INFO - Sync 2 DAGs
[2025-05-01T12:13:11.709+0000] {logging_mixin.py:188} INFO - [2025-05-01T12:13:11.709+0000] {dag.py:3954} INFO - Setting next_dagrun for example_subdag_operator.section-1 to None, run_after=None
[2025-05-01T12:13:11.711+0000] {logging_mixin.py:188} INFO - [2025-05-01T12:13:11.710+0000] {dag.py:3954} INFO - Setting next_dagrun for example_subdag_operator.section-2 to None, run_after=None
[2025-05-01T12:13:11.758+0000] {processor.py:183} INFO - Processing /home/airflow/.local/lib/python3.12/site-packages/airflow/example_dags/example_subdag_operator.py took 0.282 seconds
[2025-05-01T12:13:42.543+0000] {processor.py:161} INFO - Started process (PID=4930) to work on /home/airflow/.local/lib/python3.12/site-packages/airflow/example_dags/example_subdag_operator.py
[2025-05-01T12:13:42.546+0000] {processor.py:830} INFO - Processing file /home/airflow/.local/lib/python3.12/site-packages/airflow/example_dags/example_subdag_operator.py for tasks to queue
[2025-05-01T12:13:42.554+0000] {logging_mixin.py:188} INFO - [2025-05-01T12:13:42.553+0000] {dagbag.py:545} INFO - Filling up the DagBag from /home/airflow/.local/lib/python3.12/site-packages/airflow/example_dags/example_subdag_operator.py
[2025-05-01T12:13:42.659+0000] {processor.py:840} INFO - DAG(s) 'example_subdag_operator.section-1', 'example_subdag_operator.section-2', 'example_subdag_operator' retrieved from /home/airflow/.local/lib/python3.12/site-packages/airflow/example_dags/example_subdag_operator.py
[2025-05-01T12:13:42.703+0000] {logging_mixin.py:188} INFO - [2025-05-01T12:13:42.703+0000] {dag.py:3096} INFO - Sync 3 DAGs
[2025-05-01T12:13:42.772+0000] {logging_mixin.py:188} INFO - [2025-05-01T12:13:42.771+0000] {dag.py:3954} INFO - Setting next_dagrun for example_subdag_operator to 2022-01-01 00:00:00+00:00, run_after=2022-01-01 00:00:00+00:00
[2025-05-01T12:13:42.784+0000] {logging_mixin.py:188} INFO - [2025-05-01T12:13:42.783+0000] {dag.py:3954} INFO - Setting next_dagrun for example_subdag_operator.section-1 to None, run_after=None
[2025-05-01T12:13:42.788+0000] {logging_mixin.py:188} INFO - [2025-05-01T12:13:42.788+0000] {dag.py:3954} INFO - Setting next_dagrun for example_subdag_operator.section-2 to None, run_after=None
[2025-05-01T12:13:42.813+0000] {logging_mixin.py:188} INFO - [2025-05-01T12:13:42.812+0000] {dag.py:3096} INFO - Sync 2 DAGs
[2025-05-01T12:13:42.828+0000] {logging_mixin.py:188} INFO - [2025-05-01T12:13:42.827+0000] {dag.py:3954} INFO - Setting next_dagrun for example_subdag_operator.section-1 to None, run_after=None
[2025-05-01T12:13:42.830+0000] {logging_mixin.py:188} INFO - [2025-05-01T12:13:42.829+0000] {dag.py:3954} INFO - Setting next_dagrun for example_subdag_operator.section-2 to None, run_after=None
[2025-05-01T12:13:42.864+0000] {processor.py:183} INFO - Processing /home/airflow/.local/lib/python3.12/site-packages/airflow/example_dags/example_subdag_operator.py took 0.337 seconds
[2025-05-01T12:14:13.334+0000] {processor.py:161} INFO - Started process (PID=4990) to work on /home/airflow/.local/lib/python3.12/site-packages/airflow/example_dags/example_subdag_operator.py
[2025-05-01T12:14:13.337+0000] {processor.py:830} INFO - Processing file /home/airflow/.local/lib/python3.12/site-packages/airflow/example_dags/example_subdag_operator.py for tasks to queue
[2025-05-01T12:14:13.341+0000] {logging_mixin.py:188} INFO - [2025-05-01T12:14:13.340+0000] {dagbag.py:545} INFO - Filling up the DagBag from /home/airflow/.local/lib/python3.12/site-packages/airflow/example_dags/example_subdag_operator.py
[2025-05-01T12:14:13.394+0000] {processor.py:840} INFO - DAG(s) 'example_subdag_operator.section-1', 'example_subdag_operator.section-2', 'example_subdag_operator' retrieved from /home/airflow/.local/lib/python3.12/site-packages/airflow/example_dags/example_subdag_operator.py
[2025-05-01T12:14:13.432+0000] {logging_mixin.py:188} INFO - [2025-05-01T12:14:13.431+0000] {dag.py:3096} INFO - Sync 3 DAGs
[2025-05-01T12:14:13.482+0000] {logging_mixin.py:188} INFO - [2025-05-01T12:14:13.482+0000] {dag.py:3954} INFO - Setting next_dagrun for example_subdag_operator to 2022-01-01 00:00:00+00:00, run_after=2022-01-01 00:00:00+00:00
[2025-05-01T12:14:13.492+0000] {logging_mixin.py:188} INFO - [2025-05-01T12:14:13.491+0000] {dag.py:3954} INFO - Setting next_dagrun for example_subdag_operator.section-1 to None, run_after=None
[2025-05-01T12:14:13.496+0000] {logging_mixin.py:188} INFO - [2025-05-01T12:14:13.496+0000] {dag.py:3954} INFO - Setting next_dagrun for example_subdag_operator.section-2 to None, run_after=None
[2025-05-01T12:14:13.512+0000] {logging_mixin.py:188} INFO - [2025-05-01T12:14:13.512+0000] {dag.py:3096} INFO - Sync 2 DAGs
[2025-05-01T12:14:13.526+0000] {logging_mixin.py:188} INFO - [2025-05-01T12:14:13.526+0000] {dag.py:3954} INFO - Setting next_dagrun for example_subdag_operator.section-1 to None, run_after=None
[2025-05-01T12:14:13.528+0000] {logging_mixin.py:188} INFO - [2025-05-01T12:14:13.527+0000] {dag.py:3954} INFO - Setting next_dagrun for example_subdag_operator.section-2 to None, run_after=None
[2025-05-01T12:14:13.582+0000] {processor.py:183} INFO - Processing /home/airflow/.local/lib/python3.12/site-packages/airflow/example_dags/example_subdag_operator.py took 0.264 seconds
[2025-05-01T12:14:43.928+0000] {processor.py:161} INFO - Started process (PID=5049) to work on /home/airflow/.local/lib/python3.12/site-packages/airflow/example_dags/example_subdag_operator.py
[2025-05-01T12:14:43.931+0000] {processor.py:830} INFO - Processing file /home/airflow/.local/lib/python3.12/site-packages/airflow/example_dags/example_subdag_operator.py for tasks to queue
[2025-05-01T12:14:43.937+0000] {logging_mixin.py:188} INFO - [2025-05-01T12:14:43.937+0000] {dagbag.py:545} INFO - Filling up the DagBag from /home/airflow/.local/lib/python3.12/site-packages/airflow/example_dags/example_subdag_operator.py
[2025-05-01T12:14:44.007+0000] {processor.py:840} INFO - DAG(s) 'example_subdag_operator.section-1', 'example_subdag_operator.section-2', 'example_subdag_operator' retrieved from /home/airflow/.local/lib/python3.12/site-packages/airflow/example_dags/example_subdag_operator.py
[2025-05-01T12:14:44.056+0000] {logging_mixin.py:188} INFO - [2025-05-01T12:14:44.055+0000] {dag.py:3096} INFO - Sync 3 DAGs
[2025-05-01T12:14:44.119+0000] {logging_mixin.py:188} INFO - [2025-05-01T12:14:44.118+0000] {dag.py:3954} INFO - Setting next_dagrun for example_subdag_operator to 2022-01-01 00:00:00+00:00, run_after=2022-01-01 00:00:00+00:00
[2025-05-01T12:14:44.130+0000] {logging_mixin.py:188} INFO - [2025-05-01T12:14:44.129+0000] {dag.py:3954} INFO - Setting next_dagrun for example_subdag_operator.section-1 to None, run_after=None
[2025-05-01T12:14:44.135+0000] {logging_mixin.py:188} INFO - [2025-05-01T12:14:44.134+0000] {dag.py:3954} INFO - Setting next_dagrun for example_subdag_operator.section-2 to None, run_after=None
[2025-05-01T12:14:44.156+0000] {logging_mixin.py:188} INFO - [2025-05-01T12:14:44.155+0000] {dag.py:3096} INFO - Sync 2 DAGs
[2025-05-01T12:14:44.170+0000] {logging_mixin.py:188} INFO - [2025-05-01T12:14:44.170+0000] {dag.py:3954} INFO - Setting next_dagrun for example_subdag_operator.section-1 to None, run_after=None
[2025-05-01T12:14:44.172+0000] {logging_mixin.py:188} INFO - [2025-05-01T12:14:44.172+0000] {dag.py:3954} INFO - Setting next_dagrun for example_subdag_operator.section-2 to None, run_after=None
[2025-05-01T12:14:44.210+0000] {processor.py:183} INFO - Processing /home/airflow/.local/lib/python3.12/site-packages/airflow/example_dags/example_subdag_operator.py took 0.297 seconds
[2025-05-01T12:15:14.384+0000] {processor.py:161} INFO - Started process (PID=5109) to work on /home/airflow/.local/lib/python3.12/site-packages/airflow/example_dags/example_subdag_operator.py
[2025-05-01T12:15:14.387+0000] {processor.py:830} INFO - Processing file /home/airflow/.local/lib/python3.12/site-packages/airflow/example_dags/example_subdag_operator.py for tasks to queue
[2025-05-01T12:15:14.393+0000] {logging_mixin.py:188} INFO - [2025-05-01T12:15:14.392+0000] {dagbag.py:545} INFO - Filling up the DagBag from /home/airflow/.local/lib/python3.12/site-packages/airflow/example_dags/example_subdag_operator.py
[2025-05-01T12:15:14.457+0000] {processor.py:840} INFO - DAG(s) 'example_subdag_operator.section-1', 'example_subdag_operator.section-2', 'example_subdag_operator' retrieved from /home/airflow/.local/lib/python3.12/site-packages/airflow/example_dags/example_subdag_operator.py
[2025-05-01T12:15:14.497+0000] {logging_mixin.py:188} INFO - [2025-05-01T12:15:14.496+0000] {dag.py:3096} INFO - Sync 3 DAGs
[2025-05-01T12:15:14.546+0000] {logging_mixin.py:188} INFO - [2025-05-01T12:15:14.545+0000] {dag.py:3954} INFO - Setting next_dagrun for example_subdag_operator to 2022-01-01 00:00:00+00:00, run_after=2022-01-01 00:00:00+00:00
[2025-05-01T12:15:14.556+0000] {logging_mixin.py:188} INFO - [2025-05-01T12:15:14.555+0000] {dag.py:3954} INFO - Setting next_dagrun for example_subdag_operator.section-1 to None, run_after=None
[2025-05-01T12:15:14.560+0000] {logging_mixin.py:188} INFO - [2025-05-01T12:15:14.560+0000] {dag.py:3954} INFO - Setting next_dagrun for example_subdag_operator.section-2 to None, run_after=None
[2025-05-01T12:15:14.579+0000] {logging_mixin.py:188} INFO - [2025-05-01T12:15:14.579+0000] {dag.py:3096} INFO - Sync 2 DAGs
[2025-05-01T12:15:14.594+0000] {logging_mixin.py:188} INFO - [2025-05-01T12:15:14.593+0000] {dag.py:3954} INFO - Setting next_dagrun for example_subdag_operator.section-1 to None, run_after=None
[2025-05-01T12:15:14.595+0000] {logging_mixin.py:188} INFO - [2025-05-01T12:15:14.595+0000] {dag.py:3954} INFO - Setting next_dagrun for example_subdag_operator.section-2 to None, run_after=None
[2025-05-01T12:15:14.636+0000] {processor.py:183} INFO - Processing /home/airflow/.local/lib/python3.12/site-packages/airflow/example_dags/example_subdag_operator.py took 0.266 seconds
[2025-05-01T12:15:44.815+0000] {processor.py:161} INFO - Started process (PID=5168) to work on /home/airflow/.local/lib/python3.12/site-packages/airflow/example_dags/example_subdag_operator.py
[2025-05-01T12:15:44.817+0000] {processor.py:830} INFO - Processing file /home/airflow/.local/lib/python3.12/site-packages/airflow/example_dags/example_subdag_operator.py for tasks to queue
[2025-05-01T12:15:44.821+0000] {logging_mixin.py:188} INFO - [2025-05-01T12:15:44.821+0000] {dagbag.py:545} INFO - Filling up the DagBag from /home/airflow/.local/lib/python3.12/site-packages/airflow/example_dags/example_subdag_operator.py
[2025-05-01T12:15:44.872+0000] {processor.py:840} INFO - DAG(s) 'example_subdag_operator.section-1', 'example_subdag_operator.section-2', 'example_subdag_operator' retrieved from /home/airflow/.local/lib/python3.12/site-packages/airflow/example_dags/example_subdag_operator.py
[2025-05-01T12:15:44.908+0000] {logging_mixin.py:188} INFO - [2025-05-01T12:15:44.907+0000] {dag.py:3096} INFO - Sync 3 DAGs
[2025-05-01T12:15:44.954+0000] {logging_mixin.py:188} INFO - [2025-05-01T12:15:44.954+0000] {dag.py:3954} INFO - Setting next_dagrun for example_subdag_operator to 2022-01-01 00:00:00+00:00, run_after=2022-01-01 00:00:00+00:00
[2025-05-01T12:15:44.963+0000] {logging_mixin.py:188} INFO - [2025-05-01T12:15:44.962+0000] {dag.py:3954} INFO - Setting next_dagrun for example_subdag_operator.section-1 to None, run_after=None
[2025-05-01T12:15:44.966+0000] {logging_mixin.py:188} INFO - [2025-05-01T12:15:44.965+0000] {dag.py:3954} INFO - Setting next_dagrun for example_subdag_operator.section-2 to None, run_after=None
[2025-05-01T12:15:44.982+0000] {logging_mixin.py:188} INFO - [2025-05-01T12:15:44.981+0000] {dag.py:3096} INFO - Sync 2 DAGs
[2025-05-01T12:15:44.994+0000] {logging_mixin.py:188} INFO - [2025-05-01T12:15:44.994+0000] {dag.py:3954} INFO - Setting next_dagrun for example_subdag_operator.section-1 to None, run_after=None
[2025-05-01T12:15:44.996+0000] {logging_mixin.py:188} INFO - [2025-05-01T12:15:44.995+0000] {dag.py:3954} INFO - Setting next_dagrun for example_subdag_operator.section-2 to None, run_after=None
[2025-05-01T12:15:45.027+0000] {processor.py:183} INFO - Processing /home/airflow/.local/lib/python3.12/site-packages/airflow/example_dags/example_subdag_operator.py took 0.227 seconds
[2025-05-01T12:16:15.242+0000] {processor.py:161} INFO - Started process (PID=5227) to work on /home/airflow/.local/lib/python3.12/site-packages/airflow/example_dags/example_subdag_operator.py
[2025-05-01T12:16:15.245+0000] {processor.py:830} INFO - Processing file /home/airflow/.local/lib/python3.12/site-packages/airflow/example_dags/example_subdag_operator.py for tasks to queue
[2025-05-01T12:16:15.249+0000] {logging_mixin.py:188} INFO - [2025-05-01T12:16:15.248+0000] {dagbag.py:545} INFO - Filling up the DagBag from /home/airflow/.local/lib/python3.12/site-packages/airflow/example_dags/example_subdag_operator.py
[2025-05-01T12:16:15.317+0000] {processor.py:840} INFO - DAG(s) 'example_subdag_operator.section-1', 'example_subdag_operator.section-2', 'example_subdag_operator' retrieved from /home/airflow/.local/lib/python3.12/site-packages/airflow/example_dags/example_subdag_operator.py
[2025-05-01T12:16:15.365+0000] {logging_mixin.py:188} INFO - [2025-05-01T12:16:15.364+0000] {dag.py:3096} INFO - Sync 3 DAGs
[2025-05-01T12:16:15.427+0000] {logging_mixin.py:188} INFO - [2025-05-01T12:16:15.426+0000] {dag.py:3954} INFO - Setting next_dagrun for example_subdag_operator to 2022-01-01 00:00:00+00:00, run_after=2022-01-01 00:00:00+00:00
[2025-05-01T12:16:15.439+0000] {logging_mixin.py:188} INFO - [2025-05-01T12:16:15.438+0000] {dag.py:3954} INFO - Setting next_dagrun for example_subdag_operator.section-1 to None, run_after=None
[2025-05-01T12:16:15.443+0000] {logging_mixin.py:188} INFO - [2025-05-01T12:16:15.443+0000] {dag.py:3954} INFO - Setting next_dagrun for example_subdag_operator.section-2 to None, run_after=None
[2025-05-01T12:16:15.463+0000] {logging_mixin.py:188} INFO - [2025-05-01T12:16:15.463+0000] {dag.py:3096} INFO - Sync 2 DAGs
[2025-05-01T12:16:15.478+0000] {logging_mixin.py:188} INFO - [2025-05-01T12:16:15.478+0000] {dag.py:3954} INFO - Setting next_dagrun for example_subdag_operator.section-1 to None, run_after=None
[2025-05-01T12:16:15.480+0000] {logging_mixin.py:188} INFO - [2025-05-01T12:16:15.479+0000] {dag.py:3954} INFO - Setting next_dagrun for example_subdag_operator.section-2 to None, run_after=None
[2025-05-01T12:16:15.529+0000] {processor.py:183} INFO - Processing /home/airflow/.local/lib/python3.12/site-packages/airflow/example_dags/example_subdag_operator.py took 0.306 seconds
[2025-05-01T12:16:46.324+0000] {processor.py:161} INFO - Started process (PID=5287) to work on /home/airflow/.local/lib/python3.12/site-packages/airflow/example_dags/example_subdag_operator.py
[2025-05-01T12:16:46.327+0000] {processor.py:830} INFO - Processing file /home/airflow/.local/lib/python3.12/site-packages/airflow/example_dags/example_subdag_operator.py for tasks to queue
[2025-05-01T12:16:46.332+0000] {logging_mixin.py:188} INFO - [2025-05-01T12:16:46.332+0000] {dagbag.py:545} INFO - Filling up the DagBag from /home/airflow/.local/lib/python3.12/site-packages/airflow/example_dags/example_subdag_operator.py
[2025-05-01T12:16:46.395+0000] {processor.py:840} INFO - DAG(s) 'example_subdag_operator.section-1', 'example_subdag_operator.section-2', 'example_subdag_operator' retrieved from /home/airflow/.local/lib/python3.12/site-packages/airflow/example_dags/example_subdag_operator.py
[2025-05-01T12:16:46.441+0000] {logging_mixin.py:188} INFO - [2025-05-01T12:16:46.441+0000] {dag.py:3096} INFO - Sync 3 DAGs
[2025-05-01T12:16:46.508+0000] {logging_mixin.py:188} INFO - [2025-05-01T12:16:46.507+0000] {dag.py:3954} INFO - Setting next_dagrun for example_subdag_operator to 2022-01-01 00:00:00+00:00, run_after=2022-01-01 00:00:00+00:00
[2025-05-01T12:16:46.530+0000] {logging_mixin.py:188} INFO - [2025-05-01T12:16:46.529+0000] {dag.py:3954} INFO - Setting next_dagrun for example_subdag_operator.section-1 to None, run_after=None
[2025-05-01T12:16:46.536+0000] {logging_mixin.py:188} INFO - [2025-05-01T12:16:46.535+0000] {dag.py:3954} INFO - Setting next_dagrun for example_subdag_operator.section-2 to None, run_after=None
[2025-05-01T12:16:46.557+0000] {logging_mixin.py:188} INFO - [2025-05-01T12:16:46.557+0000] {dag.py:3096} INFO - Sync 2 DAGs
[2025-05-01T12:16:46.573+0000] {logging_mixin.py:188} INFO - [2025-05-01T12:16:46.572+0000] {dag.py:3954} INFO - Setting next_dagrun for example_subdag_operator.section-1 to None, run_after=None
[2025-05-01T12:16:46.575+0000] {logging_mixin.py:188} INFO - [2025-05-01T12:16:46.574+0000] {dag.py:3954} INFO - Setting next_dagrun for example_subdag_operator.section-2 to None, run_after=None
[2025-05-01T12:16:46.616+0000] {processor.py:183} INFO - Processing /home/airflow/.local/lib/python3.12/site-packages/airflow/example_dags/example_subdag_operator.py took 0.310 seconds
[2025-05-01T12:17:16.766+0000] {processor.py:161} INFO - Started process (PID=5346) to work on /home/airflow/.local/lib/python3.12/site-packages/airflow/example_dags/example_subdag_operator.py
[2025-05-01T12:17:16.768+0000] {processor.py:830} INFO - Processing file /home/airflow/.local/lib/python3.12/site-packages/airflow/example_dags/example_subdag_operator.py for tasks to queue
[2025-05-01T12:17:16.774+0000] {logging_mixin.py:188} INFO - [2025-05-01T12:17:16.773+0000] {dagbag.py:545} INFO - Filling up the DagBag from /home/airflow/.local/lib/python3.12/site-packages/airflow/example_dags/example_subdag_operator.py
[2025-05-01T12:17:16.847+0000] {processor.py:840} INFO - DAG(s) 'example_subdag_operator.section-1', 'example_subdag_operator.section-2', 'example_subdag_operator' retrieved from /home/airflow/.local/lib/python3.12/site-packages/airflow/example_dags/example_subdag_operator.py
[2025-05-01T12:17:16.893+0000] {logging_mixin.py:188} INFO - [2025-05-01T12:17:16.892+0000] {dag.py:3096} INFO - Sync 3 DAGs
[2025-05-01T12:17:16.959+0000] {logging_mixin.py:188} INFO - [2025-05-01T12:17:16.958+0000] {dag.py:3954} INFO - Setting next_dagrun for example_subdag_operator to 2022-01-01 00:00:00+00:00, run_after=2022-01-01 00:00:00+00:00
[2025-05-01T12:17:16.972+0000] {logging_mixin.py:188} INFO - [2025-05-01T12:17:16.971+0000] {dag.py:3954} INFO - Setting next_dagrun for example_subdag_operator.section-1 to None, run_after=None
[2025-05-01T12:17:16.976+0000] {logging_mixin.py:188} INFO - [2025-05-01T12:17:16.976+0000] {dag.py:3954} INFO - Setting next_dagrun for example_subdag_operator.section-2 to None, run_after=None
[2025-05-01T12:17:16.996+0000] {logging_mixin.py:188} INFO - [2025-05-01T12:17:16.995+0000] {dag.py:3096} INFO - Sync 2 DAGs
[2025-05-01T12:17:17.017+0000] {logging_mixin.py:188} INFO - [2025-05-01T12:17:17.016+0000] {dag.py:3954} INFO - Setting next_dagrun for example_subdag_operator.section-1 to None, run_after=None
[2025-05-01T12:17:17.019+0000] {logging_mixin.py:188} INFO - [2025-05-01T12:17:17.019+0000] {dag.py:3954} INFO - Setting next_dagrun for example_subdag_operator.section-2 to None, run_after=None
[2025-05-01T12:17:17.053+0000] {processor.py:183} INFO - Processing /home/airflow/.local/lib/python3.12/site-packages/airflow/example_dags/example_subdag_operator.py took 0.302 seconds
[2025-05-01T12:17:47.548+0000] {processor.py:161} INFO - Started process (PID=5405) to work on /home/airflow/.local/lib/python3.12/site-packages/airflow/example_dags/example_subdag_operator.py
[2025-05-01T12:17:47.551+0000] {processor.py:830} INFO - Processing file /home/airflow/.local/lib/python3.12/site-packages/airflow/example_dags/example_subdag_operator.py for tasks to queue
[2025-05-01T12:17:47.558+0000] {logging_mixin.py:188} INFO - [2025-05-01T12:17:47.557+0000] {dagbag.py:545} INFO - Filling up the DagBag from /home/airflow/.local/lib/python3.12/site-packages/airflow/example_dags/example_subdag_operator.py
[2025-05-01T12:17:47.622+0000] {processor.py:840} INFO - DAG(s) 'example_subdag_operator.section-1', 'example_subdag_operator.section-2', 'example_subdag_operator' retrieved from /home/airflow/.local/lib/python3.12/site-packages/airflow/example_dags/example_subdag_operator.py
[2025-05-01T12:17:47.673+0000] {logging_mixin.py:188} INFO - [2025-05-01T12:17:47.673+0000] {dag.py:3096} INFO - Sync 3 DAGs
[2025-05-01T12:17:47.731+0000] {logging_mixin.py:188} INFO - [2025-05-01T12:17:47.730+0000] {dag.py:3954} INFO - Setting next_dagrun for example_subdag_operator to 2022-01-01 00:00:00+00:00, run_after=2022-01-01 00:00:00+00:00
[2025-05-01T12:17:47.741+0000] {logging_mixin.py:188} INFO - [2025-05-01T12:17:47.741+0000] {dag.py:3954} INFO - Setting next_dagrun for example_subdag_operator.section-1 to None, run_after=None
[2025-05-01T12:17:47.745+0000] {logging_mixin.py:188} INFO - [2025-05-01T12:17:47.745+0000] {dag.py:3954} INFO - Setting next_dagrun for example_subdag_operator.section-2 to None, run_after=None
[2025-05-01T12:17:47.767+0000] {logging_mixin.py:188} INFO - [2025-05-01T12:17:47.766+0000] {dag.py:3096} INFO - Sync 2 DAGs
[2025-05-01T12:17:47.780+0000] {logging_mixin.py:188} INFO - [2025-05-01T12:17:47.780+0000] {dag.py:3954} INFO - Setting next_dagrun for example_subdag_operator.section-1 to None, run_after=None
[2025-05-01T12:17:47.782+0000] {logging_mixin.py:188} INFO - [2025-05-01T12:17:47.782+0000] {dag.py:3954} INFO - Setting next_dagrun for example_subdag_operator.section-2 to None, run_after=None
[2025-05-01T12:17:47.816+0000] {processor.py:183} INFO - Processing /home/airflow/.local/lib/python3.12/site-packages/airflow/example_dags/example_subdag_operator.py took 0.290 seconds
[2025-05-01T12:18:17.938+0000] {processor.py:161} INFO - Started process (PID=5462) to work on /home/airflow/.local/lib/python3.12/site-packages/airflow/example_dags/example_subdag_operator.py
[2025-05-01T12:18:17.941+0000] {processor.py:830} INFO - Processing file /home/airflow/.local/lib/python3.12/site-packages/airflow/example_dags/example_subdag_operator.py for tasks to queue
[2025-05-01T12:18:17.946+0000] {logging_mixin.py:188} INFO - [2025-05-01T12:18:17.945+0000] {dagbag.py:545} INFO - Filling up the DagBag from /home/airflow/.local/lib/python3.12/site-packages/airflow/example_dags/example_subdag_operator.py
[2025-05-01T12:18:18.005+0000] {processor.py:840} INFO - DAG(s) 'example_subdag_operator.section-1', 'example_subdag_operator.section-2', 'example_subdag_operator' retrieved from /home/airflow/.local/lib/python3.12/site-packages/airflow/example_dags/example_subdag_operator.py
[2025-05-01T12:18:18.054+0000] {logging_mixin.py:188} INFO - [2025-05-01T12:18:18.053+0000] {dag.py:3096} INFO - Sync 3 DAGs
[2025-05-01T12:18:18.106+0000] {logging_mixin.py:188} INFO - [2025-05-01T12:18:18.105+0000] {dag.py:3954} INFO - Setting next_dagrun for example_subdag_operator to 2022-01-01 00:00:00+00:00, run_after=2022-01-01 00:00:00+00:00
[2025-05-01T12:18:18.118+0000] {logging_mixin.py:188} INFO - [2025-05-01T12:18:18.117+0000] {dag.py:3954} INFO - Setting next_dagrun for example_subdag_operator.section-1 to None, run_after=None
[2025-05-01T12:18:18.122+0000] {logging_mixin.py:188} INFO - [2025-05-01T12:18:18.122+0000] {dag.py:3954} INFO - Setting next_dagrun for example_subdag_operator.section-2 to None, run_after=None
[2025-05-01T12:18:18.139+0000] {logging_mixin.py:188} INFO - [2025-05-01T12:18:18.138+0000] {dag.py:3096} INFO - Sync 2 DAGs
[2025-05-01T12:18:18.154+0000] {logging_mixin.py:188} INFO - [2025-05-01T12:18:18.154+0000] {dag.py:3954} INFO - Setting next_dagrun for example_subdag_operator.section-1 to None, run_after=None
[2025-05-01T12:18:18.156+0000] {logging_mixin.py:188} INFO - [2025-05-01T12:18:18.155+0000] {dag.py:3954} INFO - Setting next_dagrun for example_subdag_operator.section-2 to None, run_after=None
[2025-05-01T12:18:18.231+0000] {processor.py:183} INFO - Processing /home/airflow/.local/lib/python3.12/site-packages/airflow/example_dags/example_subdag_operator.py took 0.309 seconds
[2025-05-01T12:18:48.765+0000] {processor.py:161} INFO - Started process (PID=5521) to work on /home/airflow/.local/lib/python3.12/site-packages/airflow/example_dags/example_subdag_operator.py
[2025-05-01T12:18:48.767+0000] {processor.py:830} INFO - Processing file /home/airflow/.local/lib/python3.12/site-packages/airflow/example_dags/example_subdag_operator.py for tasks to queue
[2025-05-01T12:18:48.772+0000] {logging_mixin.py:188} INFO - [2025-05-01T12:18:48.771+0000] {dagbag.py:545} INFO - Filling up the DagBag from /home/airflow/.local/lib/python3.12/site-packages/airflow/example_dags/example_subdag_operator.py
[2025-05-01T12:18:48.834+0000] {processor.py:840} INFO - DAG(s) 'example_subdag_operator.section-1', 'example_subdag_operator.section-2', 'example_subdag_operator' retrieved from /home/airflow/.local/lib/python3.12/site-packages/airflow/example_dags/example_subdag_operator.py
[2025-05-01T12:18:48.875+0000] {logging_mixin.py:188} INFO - [2025-05-01T12:18:48.874+0000] {dag.py:3096} INFO - Sync 3 DAGs
[2025-05-01T12:18:48.933+0000] {logging_mixin.py:188} INFO - [2025-05-01T12:18:48.932+0000] {dag.py:3954} INFO - Setting next_dagrun for example_subdag_operator to 2022-01-01 00:00:00+00:00, run_after=2022-01-01 00:00:00+00:00
[2025-05-01T12:18:48.942+0000] {logging_mixin.py:188} INFO - [2025-05-01T12:18:48.942+0000] {dag.py:3954} INFO - Setting next_dagrun for example_subdag_operator.section-1 to None, run_after=None
[2025-05-01T12:18:48.948+0000] {logging_mixin.py:188} INFO - [2025-05-01T12:18:48.947+0000] {dag.py:3954} INFO - Setting next_dagrun for example_subdag_operator.section-2 to None, run_after=None
[2025-05-01T12:18:48.968+0000] {logging_mixin.py:188} INFO - [2025-05-01T12:18:48.968+0000] {dag.py:3096} INFO - Sync 2 DAGs
[2025-05-01T12:18:48.982+0000] {logging_mixin.py:188} INFO - [2025-05-01T12:18:48.981+0000] {dag.py:3954} INFO - Setting next_dagrun for example_subdag_operator.section-1 to None, run_after=None
[2025-05-01T12:18:48.983+0000] {logging_mixin.py:188} INFO - [2025-05-01T12:18:48.983+0000] {dag.py:3954} INFO - Setting next_dagrun for example_subdag_operator.section-2 to None, run_after=None
[2025-05-01T12:18:49.049+0000] {processor.py:183} INFO - Processing /home/airflow/.local/lib/python3.12/site-packages/airflow/example_dags/example_subdag_operator.py took 0.298 seconds
[2025-05-01T12:19:19.365+0000] {processor.py:161} INFO - Started process (PID=5579) to work on /home/airflow/.local/lib/python3.12/site-packages/airflow/example_dags/example_subdag_operator.py
[2025-05-01T12:19:19.368+0000] {processor.py:830} INFO - Processing file /home/airflow/.local/lib/python3.12/site-packages/airflow/example_dags/example_subdag_operator.py for tasks to queue
[2025-05-01T12:19:19.372+0000] {logging_mixin.py:188} INFO - [2025-05-01T12:19:19.372+0000] {dagbag.py:545} INFO - Filling up the DagBag from /home/airflow/.local/lib/python3.12/site-packages/airflow/example_dags/example_subdag_operator.py
[2025-05-01T12:19:19.440+0000] {processor.py:840} INFO - DAG(s) 'example_subdag_operator.section-1', 'example_subdag_operator.section-2', 'example_subdag_operator' retrieved from /home/airflow/.local/lib/python3.12/site-packages/airflow/example_dags/example_subdag_operator.py
[2025-05-01T12:19:19.489+0000] {logging_mixin.py:188} INFO - [2025-05-01T12:19:19.488+0000] {dag.py:3096} INFO - Sync 3 DAGs
[2025-05-01T12:19:19.583+0000] {logging_mixin.py:188} INFO - [2025-05-01T12:19:19.582+0000] {dag.py:3954} INFO - Setting next_dagrun for example_subdag_operator to 2022-01-01 00:00:00+00:00, run_after=2022-01-01 00:00:00+00:00
[2025-05-01T12:19:19.598+0000] {logging_mixin.py:188} INFO - [2025-05-01T12:19:19.597+0000] {dag.py:3954} INFO - Setting next_dagrun for example_subdag_operator.section-1 to None, run_after=None
[2025-05-01T12:19:19.603+0000] {logging_mixin.py:188} INFO - [2025-05-01T12:19:19.603+0000] {dag.py:3954} INFO - Setting next_dagrun for example_subdag_operator.section-2 to None, run_after=None
[2025-05-01T12:19:19.627+0000] {logging_mixin.py:188} INFO - [2025-05-01T12:19:19.627+0000] {dag.py:3096} INFO - Sync 2 DAGs
[2025-05-01T12:19:19.651+0000] {logging_mixin.py:188} INFO - [2025-05-01T12:19:19.650+0000] {dag.py:3954} INFO - Setting next_dagrun for example_subdag_operator.section-1 to None, run_after=None
[2025-05-01T12:19:19.653+0000] {logging_mixin.py:188} INFO - [2025-05-01T12:19:19.653+0000] {dag.py:3954} INFO - Setting next_dagrun for example_subdag_operator.section-2 to None, run_after=None
[2025-05-01T12:19:19.703+0000] {processor.py:183} INFO - Processing /home/airflow/.local/lib/python3.12/site-packages/airflow/example_dags/example_subdag_operator.py took 0.352 seconds
[2025-05-01T12:19:49.997+0000] {processor.py:161} INFO - Started process (PID=5638) to work on /home/airflow/.local/lib/python3.12/site-packages/airflow/example_dags/example_subdag_operator.py
[2025-05-01T12:19:50.000+0000] {processor.py:830} INFO - Processing file /home/airflow/.local/lib/python3.12/site-packages/airflow/example_dags/example_subdag_operator.py for tasks to queue
[2025-05-01T12:19:50.008+0000] {logging_mixin.py:188} INFO - [2025-05-01T12:19:50.007+0000] {dagbag.py:545} INFO - Filling up the DagBag from /home/airflow/.local/lib/python3.12/site-packages/airflow/example_dags/example_subdag_operator.py
[2025-05-01T12:19:50.094+0000] {processor.py:840} INFO - DAG(s) 'example_subdag_operator.section-1', 'example_subdag_operator.section-2', 'example_subdag_operator' retrieved from /home/airflow/.local/lib/python3.12/site-packages/airflow/example_dags/example_subdag_operator.py
[2025-05-01T12:19:50.143+0000] {logging_mixin.py:188} INFO - [2025-05-01T12:19:50.142+0000] {dag.py:3096} INFO - Sync 3 DAGs
[2025-05-01T12:19:50.216+0000] {logging_mixin.py:188} INFO - [2025-05-01T12:19:50.216+0000] {dag.py:3954} INFO - Setting next_dagrun for example_subdag_operator to 2022-01-01 00:00:00+00:00, run_after=2022-01-01 00:00:00+00:00
[2025-05-01T12:19:50.228+0000] {logging_mixin.py:188} INFO - [2025-05-01T12:19:50.227+0000] {dag.py:3954} INFO - Setting next_dagrun for example_subdag_operator.section-1 to None, run_after=None
[2025-05-01T12:19:50.233+0000] {logging_mixin.py:188} INFO - [2025-05-01T12:19:50.232+0000] {dag.py:3954} INFO - Setting next_dagrun for example_subdag_operator.section-2 to None, run_after=None
[2025-05-01T12:19:50.258+0000] {logging_mixin.py:188} INFO - [2025-05-01T12:19:50.257+0000] {dag.py:3096} INFO - Sync 2 DAGs
[2025-05-01T12:19:50.277+0000] {logging_mixin.py:188} INFO - [2025-05-01T12:19:50.277+0000] {dag.py:3954} INFO - Setting next_dagrun for example_subdag_operator.section-1 to None, run_after=None
[2025-05-01T12:19:50.280+0000] {logging_mixin.py:188} INFO - [2025-05-01T12:19:50.279+0000] {dag.py:3954} INFO - Setting next_dagrun for example_subdag_operator.section-2 to None, run_after=None
[2025-05-01T12:19:50.329+0000] {processor.py:183} INFO - Processing /home/airflow/.local/lib/python3.12/site-packages/airflow/example_dags/example_subdag_operator.py took 0.352 seconds
[2025-05-01T12:20:20.542+0000] {processor.py:161} INFO - Started process (PID=5697) to work on /home/airflow/.local/lib/python3.12/site-packages/airflow/example_dags/example_subdag_operator.py
[2025-05-01T12:20:20.545+0000] {processor.py:830} INFO - Processing file /home/airflow/.local/lib/python3.12/site-packages/airflow/example_dags/example_subdag_operator.py for tasks to queue
[2025-05-01T12:20:20.550+0000] {logging_mixin.py:188} INFO - [2025-05-01T12:20:20.549+0000] {dagbag.py:545} INFO - Filling up the DagBag from /home/airflow/.local/lib/python3.12/site-packages/airflow/example_dags/example_subdag_operator.py
[2025-05-01T12:20:20.607+0000] {processor.py:840} INFO - DAG(s) 'example_subdag_operator.section-1', 'example_subdag_operator.section-2', 'example_subdag_operator' retrieved from /home/airflow/.local/lib/python3.12/site-packages/airflow/example_dags/example_subdag_operator.py
[2025-05-01T12:20:20.645+0000] {logging_mixin.py:188} INFO - [2025-05-01T12:20:20.645+0000] {dag.py:3096} INFO - Sync 3 DAGs
[2025-05-01T12:20:20.695+0000] {logging_mixin.py:188} INFO - [2025-05-01T12:20:20.695+0000] {dag.py:3954} INFO - Setting next_dagrun for example_subdag_operator to 2022-01-01 00:00:00+00:00, run_after=2022-01-01 00:00:00+00:00
[2025-05-01T12:20:20.704+0000] {logging_mixin.py:188} INFO - [2025-05-01T12:20:20.704+0000] {dag.py:3954} INFO - Setting next_dagrun for example_subdag_operator.section-1 to None, run_after=None
[2025-05-01T12:20:20.708+0000] {logging_mixin.py:188} INFO - [2025-05-01T12:20:20.707+0000] {dag.py:3954} INFO - Setting next_dagrun for example_subdag_operator.section-2 to None, run_after=None
[2025-05-01T12:20:20.725+0000] {logging_mixin.py:188} INFO - [2025-05-01T12:20:20.724+0000] {dag.py:3096} INFO - Sync 2 DAGs
[2025-05-01T12:20:20.738+0000] {logging_mixin.py:188} INFO - [2025-05-01T12:20:20.737+0000] {dag.py:3954} INFO - Setting next_dagrun for example_subdag_operator.section-1 to None, run_after=None
[2025-05-01T12:20:20.739+0000] {logging_mixin.py:188} INFO - [2025-05-01T12:20:20.738+0000] {dag.py:3954} INFO - Setting next_dagrun for example_subdag_operator.section-2 to None, run_after=None
[2025-05-01T12:20:20.769+0000] {processor.py:183} INFO - Processing /home/airflow/.local/lib/python3.12/site-packages/airflow/example_dags/example_subdag_operator.py took 0.242 seconds
[2025-05-01T12:20:51.557+0000] {processor.py:161} INFO - Started process (PID=5756) to work on /home/airflow/.local/lib/python3.12/site-packages/airflow/example_dags/example_subdag_operator.py
[2025-05-01T12:20:51.560+0000] {processor.py:830} INFO - Processing file /home/airflow/.local/lib/python3.12/site-packages/airflow/example_dags/example_subdag_operator.py for tasks to queue
[2025-05-01T12:20:51.565+0000] {logging_mixin.py:188} INFO - [2025-05-01T12:20:51.564+0000] {dagbag.py:545} INFO - Filling up the DagBag from /home/airflow/.local/lib/python3.12/site-packages/airflow/example_dags/example_subdag_operator.py
[2025-05-01T12:20:51.635+0000] {processor.py:840} INFO - DAG(s) 'example_subdag_operator.section-1', 'example_subdag_operator.section-2', 'example_subdag_operator' retrieved from /home/airflow/.local/lib/python3.12/site-packages/airflow/example_dags/example_subdag_operator.py
[2025-05-01T12:20:51.680+0000] {logging_mixin.py:188} INFO - [2025-05-01T12:20:51.679+0000] {dag.py:3096} INFO - Sync 3 DAGs
[2025-05-01T12:20:51.736+0000] {logging_mixin.py:188} INFO - [2025-05-01T12:20:51.735+0000] {dag.py:3954} INFO - Setting next_dagrun for example_subdag_operator to 2022-01-01 00:00:00+00:00, run_after=2022-01-01 00:00:00+00:00
[2025-05-01T12:20:51.747+0000] {logging_mixin.py:188} INFO - [2025-05-01T12:20:51.747+0000] {dag.py:3954} INFO - Setting next_dagrun for example_subdag_operator.section-1 to None, run_after=None
[2025-05-01T12:20:51.752+0000] {logging_mixin.py:188} INFO - [2025-05-01T12:20:51.751+0000] {dag.py:3954} INFO - Setting next_dagrun for example_subdag_operator.section-2 to None, run_after=None
[2025-05-01T12:20:51.773+0000] {logging_mixin.py:188} INFO - [2025-05-01T12:20:51.773+0000] {dag.py:3096} INFO - Sync 2 DAGs
[2025-05-01T12:20:51.788+0000] {logging_mixin.py:188} INFO - [2025-05-01T12:20:51.788+0000] {dag.py:3954} INFO - Setting next_dagrun for example_subdag_operator.section-1 to None, run_after=None
[2025-05-01T12:20:51.791+0000] {logging_mixin.py:188} INFO - [2025-05-01T12:20:51.790+0000] {dag.py:3954} INFO - Setting next_dagrun for example_subdag_operator.section-2 to None, run_after=None
[2025-05-01T12:20:51.831+0000] {processor.py:183} INFO - Processing /home/airflow/.local/lib/python3.12/site-packages/airflow/example_dags/example_subdag_operator.py took 0.288 seconds
[2025-05-01T12:21:22.464+0000] {processor.py:161} INFO - Started process (PID=5815) to work on /home/airflow/.local/lib/python3.12/site-packages/airflow/example_dags/example_subdag_operator.py
[2025-05-01T12:21:22.467+0000] {processor.py:830} INFO - Processing file /home/airflow/.local/lib/python3.12/site-packages/airflow/example_dags/example_subdag_operator.py for tasks to queue
[2025-05-01T12:21:22.472+0000] {logging_mixin.py:188} INFO - [2025-05-01T12:21:22.471+0000] {dagbag.py:545} INFO - Filling up the DagBag from /home/airflow/.local/lib/python3.12/site-packages/airflow/example_dags/example_subdag_operator.py
[2025-05-01T12:21:22.536+0000] {processor.py:840} INFO - DAG(s) 'example_subdag_operator.section-1', 'example_subdag_operator.section-2', 'example_subdag_operator' retrieved from /home/airflow/.local/lib/python3.12/site-packages/airflow/example_dags/example_subdag_operator.py
[2025-05-01T12:21:22.587+0000] {logging_mixin.py:188} INFO - [2025-05-01T12:21:22.587+0000] {dag.py:3096} INFO - Sync 3 DAGs
[2025-05-01T12:21:22.649+0000] {logging_mixin.py:188} INFO - [2025-05-01T12:21:22.649+0000] {dag.py:3954} INFO - Setting next_dagrun for example_subdag_operator to 2022-01-01 00:00:00+00:00, run_after=2022-01-01 00:00:00+00:00
[2025-05-01T12:21:22.664+0000] {logging_mixin.py:188} INFO - [2025-05-01T12:21:22.663+0000] {dag.py:3954} INFO - Setting next_dagrun for example_subdag_operator.section-1 to None, run_after=None
[2025-05-01T12:21:22.670+0000] {logging_mixin.py:188} INFO - [2025-05-01T12:21:22.670+0000] {dag.py:3954} INFO - Setting next_dagrun for example_subdag_operator.section-2 to None, run_after=None
[2025-05-01T12:21:22.694+0000] {logging_mixin.py:188} INFO - [2025-05-01T12:21:22.693+0000] {dag.py:3096} INFO - Sync 2 DAGs
[2025-05-01T12:21:22.712+0000] {logging_mixin.py:188} INFO - [2025-05-01T12:21:22.711+0000] {dag.py:3954} INFO - Setting next_dagrun for example_subdag_operator.section-1 to None, run_after=None
[2025-05-01T12:21:22.714+0000] {logging_mixin.py:188} INFO - [2025-05-01T12:21:22.713+0000] {dag.py:3954} INFO - Setting next_dagrun for example_subdag_operator.section-2 to None, run_after=None
[2025-05-01T12:21:22.764+0000] {processor.py:183} INFO - Processing /home/airflow/.local/lib/python3.12/site-packages/airflow/example_dags/example_subdag_operator.py took 0.316 seconds
[2025-05-01T12:21:52.870+0000] {processor.py:161} INFO - Started process (PID=5874) to work on /home/airflow/.local/lib/python3.12/site-packages/airflow/example_dags/example_subdag_operator.py
[2025-05-01T12:21:52.873+0000] {processor.py:830} INFO - Processing file /home/airflow/.local/lib/python3.12/site-packages/airflow/example_dags/example_subdag_operator.py for tasks to queue
[2025-05-01T12:21:52.878+0000] {logging_mixin.py:188} INFO - [2025-05-01T12:21:52.877+0000] {dagbag.py:545} INFO - Filling up the DagBag from /home/airflow/.local/lib/python3.12/site-packages/airflow/example_dags/example_subdag_operator.py
[2025-05-01T12:21:52.938+0000] {processor.py:840} INFO - DAG(s) 'example_subdag_operator.section-1', 'example_subdag_operator.section-2', 'example_subdag_operator' retrieved from /home/airflow/.local/lib/python3.12/site-packages/airflow/example_dags/example_subdag_operator.py
[2025-05-01T12:21:52.984+0000] {logging_mixin.py:188} INFO - [2025-05-01T12:21:52.983+0000] {dag.py:3096} INFO - Sync 3 DAGs
[2025-05-01T12:21:53.046+0000] {logging_mixin.py:188} INFO - [2025-05-01T12:21:53.045+0000] {dag.py:3954} INFO - Setting next_dagrun for example_subdag_operator to 2022-01-01 00:00:00+00:00, run_after=2022-01-01 00:00:00+00:00
[2025-05-01T12:21:53.056+0000] {logging_mixin.py:188} INFO - [2025-05-01T12:21:53.055+0000] {dag.py:3954} INFO - Setting next_dagrun for example_subdag_operator.section-1 to None, run_after=None
[2025-05-01T12:21:53.061+0000] {logging_mixin.py:188} INFO - [2025-05-01T12:21:53.060+0000] {dag.py:3954} INFO - Setting next_dagrun for example_subdag_operator.section-2 to None, run_after=None
[2025-05-01T12:21:53.081+0000] {logging_mixin.py:188} INFO - [2025-05-01T12:21:53.081+0000] {dag.py:3096} INFO - Sync 2 DAGs
[2025-05-01T12:21:53.098+0000] {logging_mixin.py:188} INFO - [2025-05-01T12:21:53.097+0000] {dag.py:3954} INFO - Setting next_dagrun for example_subdag_operator.section-1 to None, run_after=None
[2025-05-01T12:21:53.100+0000] {logging_mixin.py:188} INFO - [2025-05-01T12:21:53.099+0000] {dag.py:3954} INFO - Setting next_dagrun for example_subdag_operator.section-2 to None, run_after=None
[2025-05-01T12:21:53.145+0000] {processor.py:183} INFO - Processing /home/airflow/.local/lib/python3.12/site-packages/airflow/example_dags/example_subdag_operator.py took 0.289 seconds
[2025-05-01T12:22:23.567+0000] {processor.py:161} INFO - Started process (PID=5933) to work on /home/airflow/.local/lib/python3.12/site-packages/airflow/example_dags/example_subdag_operator.py
[2025-05-01T12:22:23.570+0000] {processor.py:830} INFO - Processing file /home/airflow/.local/lib/python3.12/site-packages/airflow/example_dags/example_subdag_operator.py for tasks to queue
[2025-05-01T12:22:23.575+0000] {logging_mixin.py:188} INFO - [2025-05-01T12:22:23.574+0000] {dagbag.py:545} INFO - Filling up the DagBag from /home/airflow/.local/lib/python3.12/site-packages/airflow/example_dags/example_subdag_operator.py
[2025-05-01T12:22:23.635+0000] {processor.py:840} INFO - DAG(s) 'example_subdag_operator.section-1', 'example_subdag_operator.section-2', 'example_subdag_operator' retrieved from /home/airflow/.local/lib/python3.12/site-packages/airflow/example_dags/example_subdag_operator.py
[2025-05-01T12:22:23.676+0000] {logging_mixin.py:188} INFO - [2025-05-01T12:22:23.675+0000] {dag.py:3096} INFO - Sync 3 DAGs
[2025-05-01T12:22:23.727+0000] {logging_mixin.py:188} INFO - [2025-05-01T12:22:23.727+0000] {dag.py:3954} INFO - Setting next_dagrun for example_subdag_operator to 2022-01-01 00:00:00+00:00, run_after=2022-01-01 00:00:00+00:00
[2025-05-01T12:22:23.737+0000] {logging_mixin.py:188} INFO - [2025-05-01T12:22:23.737+0000] {dag.py:3954} INFO - Setting next_dagrun for example_subdag_operator.section-1 to None, run_after=None
[2025-05-01T12:22:23.743+0000] {logging_mixin.py:188} INFO - [2025-05-01T12:22:23.743+0000] {dag.py:3954} INFO - Setting next_dagrun for example_subdag_operator.section-2 to None, run_after=None
[2025-05-01T12:22:23.766+0000] {logging_mixin.py:188} INFO - [2025-05-01T12:22:23.766+0000] {dag.py:3096} INFO - Sync 2 DAGs
[2025-05-01T12:22:23.782+0000] {logging_mixin.py:188} INFO - [2025-05-01T12:22:23.782+0000] {dag.py:3954} INFO - Setting next_dagrun for example_subdag_operator.section-1 to None, run_after=None
[2025-05-01T12:22:23.785+0000] {logging_mixin.py:188} INFO - [2025-05-01T12:22:23.784+0000] {dag.py:3954} INFO - Setting next_dagrun for example_subdag_operator.section-2 to None, run_after=None
[2025-05-01T12:22:23.857+0000] {processor.py:183} INFO - Processing /home/airflow/.local/lib/python3.12/site-packages/airflow/example_dags/example_subdag_operator.py took 0.303 seconds
[2025-05-01T12:22:54.119+0000] {processor.py:161} INFO - Started process (PID=5991) to work on /home/airflow/.local/lib/python3.12/site-packages/airflow/example_dags/example_subdag_operator.py
[2025-05-01T12:22:54.122+0000] {processor.py:830} INFO - Processing file /home/airflow/.local/lib/python3.12/site-packages/airflow/example_dags/example_subdag_operator.py for tasks to queue
[2025-05-01T12:22:54.128+0000] {logging_mixin.py:188} INFO - [2025-05-01T12:22:54.127+0000] {dagbag.py:545} INFO - Filling up the DagBag from /home/airflow/.local/lib/python3.12/site-packages/airflow/example_dags/example_subdag_operator.py
[2025-05-01T12:22:54.186+0000] {processor.py:840} INFO - DAG(s) 'example_subdag_operator.section-1', 'example_subdag_operator.section-2', 'example_subdag_operator' retrieved from /home/airflow/.local/lib/python3.12/site-packages/airflow/example_dags/example_subdag_operator.py
[2025-05-01T12:22:54.230+0000] {logging_mixin.py:188} INFO - [2025-05-01T12:22:54.229+0000] {dag.py:3096} INFO - Sync 3 DAGs
[2025-05-01T12:22:54.281+0000] {logging_mixin.py:188} INFO - [2025-05-01T12:22:54.280+0000] {dag.py:3954} INFO - Setting next_dagrun for example_subdag_operator to 2022-01-01 00:00:00+00:00, run_after=2022-01-01 00:00:00+00:00
[2025-05-01T12:22:54.291+0000] {logging_mixin.py:188} INFO - [2025-05-01T12:22:54.290+0000] {dag.py:3954} INFO - Setting next_dagrun for example_subdag_operator.section-1 to None, run_after=None
[2025-05-01T12:22:54.296+0000] {logging_mixin.py:188} INFO - [2025-05-01T12:22:54.296+0000] {dag.py:3954} INFO - Setting next_dagrun for example_subdag_operator.section-2 to None, run_after=None
[2025-05-01T12:22:54.316+0000] {logging_mixin.py:188} INFO - [2025-05-01T12:22:54.315+0000] {dag.py:3096} INFO - Sync 2 DAGs
[2025-05-01T12:22:54.333+0000] {logging_mixin.py:188} INFO - [2025-05-01T12:22:54.332+0000] {dag.py:3954} INFO - Setting next_dagrun for example_subdag_operator.section-1 to None, run_after=None
[2025-05-01T12:22:54.335+0000] {logging_mixin.py:188} INFO - [2025-05-01T12:22:54.334+0000] {dag.py:3954} INFO - Setting next_dagrun for example_subdag_operator.section-2 to None, run_after=None
[2025-05-01T12:22:54.374+0000] {processor.py:183} INFO - Processing /home/airflow/.local/lib/python3.12/site-packages/airflow/example_dags/example_subdag_operator.py took 0.268 seconds
[2025-05-01T12:23:25.136+0000] {processor.py:161} INFO - Started process (PID=6050) to work on /home/airflow/.local/lib/python3.12/site-packages/airflow/example_dags/example_subdag_operator.py
[2025-05-01T12:23:25.139+0000] {processor.py:830} INFO - Processing file /home/airflow/.local/lib/python3.12/site-packages/airflow/example_dags/example_subdag_operator.py for tasks to queue
[2025-05-01T12:23:25.144+0000] {logging_mixin.py:188} INFO - [2025-05-01T12:23:25.143+0000] {dagbag.py:545} INFO - Filling up the DagBag from /home/airflow/.local/lib/python3.12/site-packages/airflow/example_dags/example_subdag_operator.py
[2025-05-01T12:23:25.203+0000] {processor.py:840} INFO - DAG(s) 'example_subdag_operator.section-1', 'example_subdag_operator.section-2', 'example_subdag_operator' retrieved from /home/airflow/.local/lib/python3.12/site-packages/airflow/example_dags/example_subdag_operator.py
[2025-05-01T12:23:25.243+0000] {logging_mixin.py:188} INFO - [2025-05-01T12:23:25.242+0000] {dag.py:3096} INFO - Sync 3 DAGs
[2025-05-01T12:23:25.299+0000] {logging_mixin.py:188} INFO - [2025-05-01T12:23:25.299+0000] {dag.py:3954} INFO - Setting next_dagrun for example_subdag_operator to 2022-01-01 00:00:00+00:00, run_after=2022-01-01 00:00:00+00:00
[2025-05-01T12:23:25.311+0000] {logging_mixin.py:188} INFO - [2025-05-01T12:23:25.310+0000] {dag.py:3954} INFO - Setting next_dagrun for example_subdag_operator.section-1 to None, run_after=None
[2025-05-01T12:23:25.316+0000] {logging_mixin.py:188} INFO - [2025-05-01T12:23:25.316+0000] {dag.py:3954} INFO - Setting next_dagrun for example_subdag_operator.section-2 to None, run_after=None
[2025-05-01T12:23:25.339+0000] {logging_mixin.py:188} INFO - [2025-05-01T12:23:25.338+0000] {dag.py:3096} INFO - Sync 2 DAGs
[2025-05-01T12:23:25.356+0000] {logging_mixin.py:188} INFO - [2025-05-01T12:23:25.355+0000] {dag.py:3954} INFO - Setting next_dagrun for example_subdag_operator.section-1 to None, run_after=None
[2025-05-01T12:23:25.358+0000] {logging_mixin.py:188} INFO - [2025-05-01T12:23:25.357+0000] {dag.py:3954} INFO - Setting next_dagrun for example_subdag_operator.section-2 to None, run_after=None
[2025-05-01T12:23:25.397+0000] {processor.py:183} INFO - Processing /home/airflow/.local/lib/python3.12/site-packages/airflow/example_dags/example_subdag_operator.py took 0.274 seconds
[2025-05-01T12:23:55.928+0000] {processor.py:161} INFO - Started process (PID=6109) to work on /home/airflow/.local/lib/python3.12/site-packages/airflow/example_dags/example_subdag_operator.py
[2025-05-01T12:23:55.931+0000] {processor.py:830} INFO - Processing file /home/airflow/.local/lib/python3.12/site-packages/airflow/example_dags/example_subdag_operator.py for tasks to queue
[2025-05-01T12:23:55.938+0000] {logging_mixin.py:188} INFO - [2025-05-01T12:23:55.937+0000] {dagbag.py:545} INFO - Filling up the DagBag from /home/airflow/.local/lib/python3.12/site-packages/airflow/example_dags/example_subdag_operator.py
[2025-05-01T12:23:56.011+0000] {processor.py:840} INFO - DAG(s) 'example_subdag_operator.section-1', 'example_subdag_operator.section-2', 'example_subdag_operator' retrieved from /home/airflow/.local/lib/python3.12/site-packages/airflow/example_dags/example_subdag_operator.py
[2025-05-01T12:23:56.055+0000] {logging_mixin.py:188} INFO - [2025-05-01T12:23:56.055+0000] {dag.py:3096} INFO - Sync 3 DAGs
[2025-05-01T12:23:56.113+0000] {logging_mixin.py:188} INFO - [2025-05-01T12:23:56.112+0000] {dag.py:3954} INFO - Setting next_dagrun for example_subdag_operator to 2022-01-01 00:00:00+00:00, run_after=2022-01-01 00:00:00+00:00
[2025-05-01T12:23:56.124+0000] {logging_mixin.py:188} INFO - [2025-05-01T12:23:56.124+0000] {dag.py:3954} INFO - Setting next_dagrun for example_subdag_operator.section-1 to None, run_after=None
[2025-05-01T12:23:56.131+0000] {logging_mixin.py:188} INFO - [2025-05-01T12:23:56.130+0000] {dag.py:3954} INFO - Setting next_dagrun for example_subdag_operator.section-2 to None, run_after=None
[2025-05-01T12:23:56.152+0000] {logging_mixin.py:188} INFO - [2025-05-01T12:23:56.151+0000] {dag.py:3096} INFO - Sync 2 DAGs
[2025-05-01T12:23:56.169+0000] {logging_mixin.py:188} INFO - [2025-05-01T12:23:56.168+0000] {dag.py:3954} INFO - Setting next_dagrun for example_subdag_operator.section-1 to None, run_after=None
[2025-05-01T12:23:56.171+0000] {logging_mixin.py:188} INFO - [2025-05-01T12:23:56.171+0000] {dag.py:3954} INFO - Setting next_dagrun for example_subdag_operator.section-2 to None, run_after=None
[2025-05-01T12:23:56.209+0000] {processor.py:183} INFO - Processing /home/airflow/.local/lib/python3.12/site-packages/airflow/example_dags/example_subdag_operator.py took 0.302 seconds
[2025-05-01T12:24:26.334+0000] {processor.py:161} INFO - Started process (PID=6168) to work on /home/airflow/.local/lib/python3.12/site-packages/airflow/example_dags/example_subdag_operator.py
[2025-05-01T12:24:26.336+0000] {processor.py:830} INFO - Processing file /home/airflow/.local/lib/python3.12/site-packages/airflow/example_dags/example_subdag_operator.py for tasks to queue
[2025-05-01T12:24:26.341+0000] {logging_mixin.py:188} INFO - [2025-05-01T12:24:26.340+0000] {dagbag.py:545} INFO - Filling up the DagBag from /home/airflow/.local/lib/python3.12/site-packages/airflow/example_dags/example_subdag_operator.py
[2025-05-01T12:24:26.395+0000] {processor.py:840} INFO - DAG(s) 'example_subdag_operator.section-1', 'example_subdag_operator.section-2', 'example_subdag_operator' retrieved from /home/airflow/.local/lib/python3.12/site-packages/airflow/example_dags/example_subdag_operator.py
[2025-05-01T12:24:26.432+0000] {logging_mixin.py:188} INFO - [2025-05-01T12:24:26.431+0000] {dag.py:3096} INFO - Sync 3 DAGs
[2025-05-01T12:24:26.482+0000] {logging_mixin.py:188} INFO - [2025-05-01T12:24:26.482+0000] {dag.py:3954} INFO - Setting next_dagrun for example_subdag_operator to 2022-01-01 00:00:00+00:00, run_after=2022-01-01 00:00:00+00:00
[2025-05-01T12:24:26.491+0000] {logging_mixin.py:188} INFO - [2025-05-01T12:24:26.491+0000] {dag.py:3954} INFO - Setting next_dagrun for example_subdag_operator.section-1 to None, run_after=None
[2025-05-01T12:24:26.495+0000] {logging_mixin.py:188} INFO - [2025-05-01T12:24:26.495+0000] {dag.py:3954} INFO - Setting next_dagrun for example_subdag_operator.section-2 to None, run_after=None
[2025-05-01T12:24:26.513+0000] {logging_mixin.py:188} INFO - [2025-05-01T12:24:26.512+0000] {dag.py:3096} INFO - Sync 2 DAGs
[2025-05-01T12:24:26.524+0000] {logging_mixin.py:188} INFO - [2025-05-01T12:24:26.523+0000] {dag.py:3954} INFO - Setting next_dagrun for example_subdag_operator.section-1 to None, run_after=None
[2025-05-01T12:24:26.526+0000] {logging_mixin.py:188} INFO - [2025-05-01T12:24:26.525+0000] {dag.py:3954} INFO - Setting next_dagrun for example_subdag_operator.section-2 to None, run_after=None
[2025-05-01T12:24:26.594+0000] {processor.py:183} INFO - Processing /home/airflow/.local/lib/python3.12/site-packages/airflow/example_dags/example_subdag_operator.py took 0.272 seconds
[2025-05-01T12:24:57.210+0000] {processor.py:161} INFO - Started process (PID=6227) to work on /home/airflow/.local/lib/python3.12/site-packages/airflow/example_dags/example_subdag_operator.py
[2025-05-01T12:24:57.213+0000] {processor.py:830} INFO - Processing file /home/airflow/.local/lib/python3.12/site-packages/airflow/example_dags/example_subdag_operator.py for tasks to queue
[2025-05-01T12:24:57.217+0000] {logging_mixin.py:188} INFO - [2025-05-01T12:24:57.216+0000] {dagbag.py:545} INFO - Filling up the DagBag from /home/airflow/.local/lib/python3.12/site-packages/airflow/example_dags/example_subdag_operator.py
[2025-05-01T12:24:57.279+0000] {processor.py:840} INFO - DAG(s) 'example_subdag_operator.section-1', 'example_subdag_operator.section-2', 'example_subdag_operator' retrieved from /home/airflow/.local/lib/python3.12/site-packages/airflow/example_dags/example_subdag_operator.py
[2025-05-01T12:24:57.332+0000] {logging_mixin.py:188} INFO - [2025-05-01T12:24:57.331+0000] {dag.py:3096} INFO - Sync 3 DAGs
[2025-05-01T12:24:57.389+0000] {logging_mixin.py:188} INFO - [2025-05-01T12:24:57.388+0000] {dag.py:3954} INFO - Setting next_dagrun for example_subdag_operator to 2022-01-01 00:00:00+00:00, run_after=2022-01-01 00:00:00+00:00
[2025-05-01T12:24:57.403+0000] {logging_mixin.py:188} INFO - [2025-05-01T12:24:57.402+0000] {dag.py:3954} INFO - Setting next_dagrun for example_subdag_operator.section-1 to None, run_after=None
[2025-05-01T12:24:57.409+0000] {logging_mixin.py:188} INFO - [2025-05-01T12:24:57.408+0000] {dag.py:3954} INFO - Setting next_dagrun for example_subdag_operator.section-2 to None, run_after=None
[2025-05-01T12:24:57.431+0000] {logging_mixin.py:188} INFO - [2025-05-01T12:24:57.430+0000] {dag.py:3096} INFO - Sync 2 DAGs
[2025-05-01T12:24:57.451+0000] {logging_mixin.py:188} INFO - [2025-05-01T12:24:57.450+0000] {dag.py:3954} INFO - Setting next_dagrun for example_subdag_operator.section-1 to None, run_after=None
[2025-05-01T12:24:57.453+0000] {logging_mixin.py:188} INFO - [2025-05-01T12:24:57.453+0000] {dag.py:3954} INFO - Setting next_dagrun for example_subdag_operator.section-2 to None, run_after=None
[2025-05-01T12:24:57.496+0000] {processor.py:183} INFO - Processing /home/airflow/.local/lib/python3.12/site-packages/airflow/example_dags/example_subdag_operator.py took 0.300 seconds
