[2025-05-01T10:49:55.472+0000] {processor.py:161} INFO - Started process (PID=107) to work on /home/airflow/.local/lib/python3.12/site-packages/airflow/example_dags/example_short_circuit_decorator.py
[2025-05-01T10:49:55.473+0000] {processor.py:830} INFO - Processing file /home/airflow/.local/lib/python3.12/site-packages/airflow/example_dags/example_short_circuit_decorator.py for tasks to queue
[2025-05-01T10:49:55.476+0000] {logging_mixin.py:188} INFO - [2025-05-01T10:49:55.475+0000] {dagbag.py:545} INFO - Filling up the DagBag from /home/airflow/.local/lib/python3.12/site-packages/airflow/example_dags/example_short_circuit_decorator.py
[2025-05-01T10:49:55.487+0000] {processor.py:840} INFO - DAG(s) 'example_short_circuit_decorator' retrieved from /home/airflow/.local/lib/python3.12/site-packages/airflow/example_dags/example_short_circuit_decorator.py
[2025-05-01T10:49:55.612+0000] {logging_mixin.py:188} INFO - [2025-05-01T10:49:55.612+0000] {dag.py:3096} INFO - Sync 1 DAGs
[2025-05-01T10:49:55.634+0000] {logging_mixin.py:188} INFO - [2025-05-01T10:49:55.634+0000] {dag.py:3954} INFO - Setting next_dagrun for example_short_circuit_decorator to 2025-04-30 00:00:00+00:00, run_after=2025-05-01 00:00:00+00:00
[2025-05-01T10:49:55.661+0000] {processor.py:183} INFO - Processing /home/airflow/.local/lib/python3.12/site-packages/airflow/example_dags/example_short_circuit_decorator.py took 0.196 seconds
[2025-05-01T10:50:25.912+0000] {processor.py:161} INFO - Started process (PID=165) to work on /home/airflow/.local/lib/python3.12/site-packages/airflow/example_dags/example_short_circuit_decorator.py
[2025-05-01T10:50:25.913+0000] {processor.py:830} INFO - Processing file /home/airflow/.local/lib/python3.12/site-packages/airflow/example_dags/example_short_circuit_decorator.py for tasks to queue
[2025-05-01T10:50:25.916+0000] {logging_mixin.py:188} INFO - [2025-05-01T10:50:25.916+0000] {dagbag.py:545} INFO - Filling up the DagBag from /home/airflow/.local/lib/python3.12/site-packages/airflow/example_dags/example_short_circuit_decorator.py
[2025-05-01T10:50:25.926+0000] {processor.py:840} INFO - DAG(s) 'example_short_circuit_decorator' retrieved from /home/airflow/.local/lib/python3.12/site-packages/airflow/example_dags/example_short_circuit_decorator.py
[2025-05-01T10:50:25.955+0000] {logging_mixin.py:188} INFO - [2025-05-01T10:50:25.954+0000] {dag.py:3096} INFO - Sync 1 DAGs
[2025-05-01T10:50:25.984+0000] {logging_mixin.py:188} INFO - [2025-05-01T10:50:25.983+0000] {dag.py:3954} INFO - Setting next_dagrun for example_short_circuit_decorator to 2025-04-30 00:00:00+00:00, run_after=2025-05-01 00:00:00+00:00
[2025-05-01T10:50:26.009+0000] {processor.py:183} INFO - Processing /home/airflow/.local/lib/python3.12/site-packages/airflow/example_dags/example_short_circuit_decorator.py took 0.103 seconds
[2025-05-01T10:51:54.785+0000] {processor.py:161} INFO - Started process (PID=113) to work on /home/airflow/.local/lib/python3.12/site-packages/airflow/example_dags/example_short_circuit_decorator.py
[2025-05-01T10:51:54.787+0000] {processor.py:830} INFO - Processing file /home/airflow/.local/lib/python3.12/site-packages/airflow/example_dags/example_short_circuit_decorator.py for tasks to queue
[2025-05-01T10:51:54.789+0000] {logging_mixin.py:188} INFO - [2025-05-01T10:51:54.788+0000] {dagbag.py:545} INFO - Filling up the DagBag from /home/airflow/.local/lib/python3.12/site-packages/airflow/example_dags/example_short_circuit_decorator.py
[2025-05-01T10:51:54.799+0000] {processor.py:840} INFO - DAG(s) 'example_short_circuit_decorator' retrieved from /home/airflow/.local/lib/python3.12/site-packages/airflow/example_dags/example_short_circuit_decorator.py
[2025-05-01T10:51:54.960+0000] {logging_mixin.py:188} INFO - [2025-05-01T10:51:54.960+0000] {dag.py:3096} INFO - Sync 1 DAGs
[2025-05-01T10:51:55.013+0000] {logging_mixin.py:188} INFO - [2025-05-01T10:51:55.012+0000] {dag.py:3954} INFO - Setting next_dagrun for example_short_circuit_decorator to 2025-04-30 00:00:00+00:00, run_after=2025-05-01 00:00:00+00:00
[2025-05-01T10:51:55.069+0000] {processor.py:183} INFO - Processing /home/airflow/.local/lib/python3.12/site-packages/airflow/example_dags/example_short_circuit_decorator.py took 0.289 seconds
[2025-05-01T10:52:25.956+0000] {processor.py:161} INFO - Started process (PID=171) to work on /home/airflow/.local/lib/python3.12/site-packages/airflow/example_dags/example_short_circuit_decorator.py
[2025-05-01T10:52:25.958+0000] {processor.py:830} INFO - Processing file /home/airflow/.local/lib/python3.12/site-packages/airflow/example_dags/example_short_circuit_decorator.py for tasks to queue
[2025-05-01T10:52:25.960+0000] {logging_mixin.py:188} INFO - [2025-05-01T10:52:25.960+0000] {dagbag.py:545} INFO - Filling up the DagBag from /home/airflow/.local/lib/python3.12/site-packages/airflow/example_dags/example_short_circuit_decorator.py
[2025-05-01T10:52:25.970+0000] {processor.py:840} INFO - DAG(s) 'example_short_circuit_decorator' retrieved from /home/airflow/.local/lib/python3.12/site-packages/airflow/example_dags/example_short_circuit_decorator.py
[2025-05-01T10:52:25.996+0000] {logging_mixin.py:188} INFO - [2025-05-01T10:52:25.996+0000] {dag.py:3096} INFO - Sync 1 DAGs
[2025-05-01T10:52:26.024+0000] {logging_mixin.py:188} INFO - [2025-05-01T10:52:26.024+0000] {dag.py:3954} INFO - Setting next_dagrun for example_short_circuit_decorator to 2025-04-30 00:00:00+00:00, run_after=2025-05-01 00:00:00+00:00
[2025-05-01T10:52:26.051+0000] {processor.py:183} INFO - Processing /home/airflow/.local/lib/python3.12/site-packages/airflow/example_dags/example_short_circuit_decorator.py took 0.101 seconds
[2025-05-01T10:52:56.164+0000] {processor.py:161} INFO - Started process (PID=229) to work on /home/airflow/.local/lib/python3.12/site-packages/airflow/example_dags/example_short_circuit_decorator.py
[2025-05-01T10:52:56.165+0000] {processor.py:830} INFO - Processing file /home/airflow/.local/lib/python3.12/site-packages/airflow/example_dags/example_short_circuit_decorator.py for tasks to queue
[2025-05-01T10:52:56.168+0000] {logging_mixin.py:188} INFO - [2025-05-01T10:52:56.167+0000] {dagbag.py:545} INFO - Filling up the DagBag from /home/airflow/.local/lib/python3.12/site-packages/airflow/example_dags/example_short_circuit_decorator.py
[2025-05-01T10:52:56.177+0000] {processor.py:840} INFO - DAG(s) 'example_short_circuit_decorator' retrieved from /home/airflow/.local/lib/python3.12/site-packages/airflow/example_dags/example_short_circuit_decorator.py
[2025-05-01T10:52:56.203+0000] {logging_mixin.py:188} INFO - [2025-05-01T10:52:56.203+0000] {dag.py:3096} INFO - Sync 1 DAGs
[2025-05-01T10:52:56.226+0000] {logging_mixin.py:188} INFO - [2025-05-01T10:52:56.226+0000] {dag.py:3954} INFO - Setting next_dagrun for example_short_circuit_decorator to 2025-04-30 00:00:00+00:00, run_after=2025-05-01 00:00:00+00:00
[2025-05-01T10:52:56.251+0000] {processor.py:183} INFO - Processing /home/airflow/.local/lib/python3.12/site-packages/airflow/example_dags/example_short_circuit_decorator.py took 0.097 seconds
[2025-05-01T10:53:27.348+0000] {processor.py:161} INFO - Started process (PID=287) to work on /home/airflow/.local/lib/python3.12/site-packages/airflow/example_dags/example_short_circuit_decorator.py
[2025-05-01T10:53:27.349+0000] {processor.py:830} INFO - Processing file /home/airflow/.local/lib/python3.12/site-packages/airflow/example_dags/example_short_circuit_decorator.py for tasks to queue
[2025-05-01T10:53:27.352+0000] {logging_mixin.py:188} INFO - [2025-05-01T10:53:27.352+0000] {dagbag.py:545} INFO - Filling up the DagBag from /home/airflow/.local/lib/python3.12/site-packages/airflow/example_dags/example_short_circuit_decorator.py
[2025-05-01T10:53:27.362+0000] {processor.py:840} INFO - DAG(s) 'example_short_circuit_decorator' retrieved from /home/airflow/.local/lib/python3.12/site-packages/airflow/example_dags/example_short_circuit_decorator.py
[2025-05-01T10:53:27.390+0000] {logging_mixin.py:188} INFO - [2025-05-01T10:53:27.390+0000] {dag.py:3096} INFO - Sync 1 DAGs
[2025-05-01T10:53:27.416+0000] {logging_mixin.py:188} INFO - [2025-05-01T10:53:27.416+0000] {dag.py:3954} INFO - Setting next_dagrun for example_short_circuit_decorator to 2025-04-30 00:00:00+00:00, run_after=2025-05-01 00:00:00+00:00
[2025-05-01T10:53:27.440+0000] {processor.py:183} INFO - Processing /home/airflow/.local/lib/python3.12/site-packages/airflow/example_dags/example_short_circuit_decorator.py took 0.099 seconds
[2025-05-01T10:53:57.485+0000] {processor.py:161} INFO - Started process (PID=345) to work on /home/airflow/.local/lib/python3.12/site-packages/airflow/example_dags/example_short_circuit_decorator.py
[2025-05-01T10:53:57.486+0000] {processor.py:830} INFO - Processing file /home/airflow/.local/lib/python3.12/site-packages/airflow/example_dags/example_short_circuit_decorator.py for tasks to queue
[2025-05-01T10:53:57.489+0000] {logging_mixin.py:188} INFO - [2025-05-01T10:53:57.489+0000] {dagbag.py:545} INFO - Filling up the DagBag from /home/airflow/.local/lib/python3.12/site-packages/airflow/example_dags/example_short_circuit_decorator.py
[2025-05-01T10:53:57.498+0000] {processor.py:840} INFO - DAG(s) 'example_short_circuit_decorator' retrieved from /home/airflow/.local/lib/python3.12/site-packages/airflow/example_dags/example_short_circuit_decorator.py
[2025-05-01T10:53:57.525+0000] {logging_mixin.py:188} INFO - [2025-05-01T10:53:57.524+0000] {dag.py:3096} INFO - Sync 1 DAGs
[2025-05-01T10:53:57.551+0000] {logging_mixin.py:188} INFO - [2025-05-01T10:53:57.551+0000] {dag.py:3954} INFO - Setting next_dagrun for example_short_circuit_decorator to 2025-04-30 00:00:00+00:00, run_after=2025-05-01 00:00:00+00:00
[2025-05-01T10:53:57.574+0000] {processor.py:183} INFO - Processing /home/airflow/.local/lib/python3.12/site-packages/airflow/example_dags/example_short_circuit_decorator.py took 0.095 seconds
[2025-05-01T10:54:27.897+0000] {processor.py:161} INFO - Started process (PID=403) to work on /home/airflow/.local/lib/python3.12/site-packages/airflow/example_dags/example_short_circuit_decorator.py
[2025-05-01T10:54:27.898+0000] {processor.py:830} INFO - Processing file /home/airflow/.local/lib/python3.12/site-packages/airflow/example_dags/example_short_circuit_decorator.py for tasks to queue
[2025-05-01T10:54:27.901+0000] {logging_mixin.py:188} INFO - [2025-05-01T10:54:27.900+0000] {dagbag.py:545} INFO - Filling up the DagBag from /home/airflow/.local/lib/python3.12/site-packages/airflow/example_dags/example_short_circuit_decorator.py
[2025-05-01T10:54:27.910+0000] {processor.py:840} INFO - DAG(s) 'example_short_circuit_decorator' retrieved from /home/airflow/.local/lib/python3.12/site-packages/airflow/example_dags/example_short_circuit_decorator.py
[2025-05-01T10:54:27.938+0000] {logging_mixin.py:188} INFO - [2025-05-01T10:54:27.938+0000] {dag.py:3096} INFO - Sync 1 DAGs
[2025-05-01T10:54:27.965+0000] {logging_mixin.py:188} INFO - [2025-05-01T10:54:27.964+0000] {dag.py:3954} INFO - Setting next_dagrun for example_short_circuit_decorator to 2025-04-30 00:00:00+00:00, run_after=2025-05-01 00:00:00+00:00
[2025-05-01T10:54:27.988+0000] {processor.py:183} INFO - Processing /home/airflow/.local/lib/python3.12/site-packages/airflow/example_dags/example_short_circuit_decorator.py took 0.099 seconds
[2025-05-01T10:54:58.380+0000] {processor.py:161} INFO - Started process (PID=461) to work on /home/airflow/.local/lib/python3.12/site-packages/airflow/example_dags/example_short_circuit_decorator.py
[2025-05-01T10:54:58.381+0000] {processor.py:830} INFO - Processing file /home/airflow/.local/lib/python3.12/site-packages/airflow/example_dags/example_short_circuit_decorator.py for tasks to queue
[2025-05-01T10:54:58.384+0000] {logging_mixin.py:188} INFO - [2025-05-01T10:54:58.384+0000] {dagbag.py:545} INFO - Filling up the DagBag from /home/airflow/.local/lib/python3.12/site-packages/airflow/example_dags/example_short_circuit_decorator.py
[2025-05-01T10:54:58.395+0000] {processor.py:840} INFO - DAG(s) 'example_short_circuit_decorator' retrieved from /home/airflow/.local/lib/python3.12/site-packages/airflow/example_dags/example_short_circuit_decorator.py
[2025-05-01T10:54:58.425+0000] {logging_mixin.py:188} INFO - [2025-05-01T10:54:58.425+0000] {dag.py:3096} INFO - Sync 1 DAGs
[2025-05-01T10:54:58.454+0000] {logging_mixin.py:188} INFO - [2025-05-01T10:54:58.453+0000] {dag.py:3954} INFO - Setting next_dagrun for example_short_circuit_decorator to 2025-04-30 00:00:00+00:00, run_after=2025-05-01 00:00:00+00:00
[2025-05-01T10:54:58.481+0000] {processor.py:183} INFO - Processing /home/airflow/.local/lib/python3.12/site-packages/airflow/example_dags/example_short_circuit_decorator.py took 0.108 seconds
[2025-05-01T10:55:28.808+0000] {processor.py:161} INFO - Started process (PID=519) to work on /home/airflow/.local/lib/python3.12/site-packages/airflow/example_dags/example_short_circuit_decorator.py
[2025-05-01T10:55:28.810+0000] {processor.py:830} INFO - Processing file /home/airflow/.local/lib/python3.12/site-packages/airflow/example_dags/example_short_circuit_decorator.py for tasks to queue
[2025-05-01T10:55:28.812+0000] {logging_mixin.py:188} INFO - [2025-05-01T10:55:28.812+0000] {dagbag.py:545} INFO - Filling up the DagBag from /home/airflow/.local/lib/python3.12/site-packages/airflow/example_dags/example_short_circuit_decorator.py
[2025-05-01T10:55:28.821+0000] {processor.py:840} INFO - DAG(s) 'example_short_circuit_decorator' retrieved from /home/airflow/.local/lib/python3.12/site-packages/airflow/example_dags/example_short_circuit_decorator.py
[2025-05-01T10:55:28.850+0000] {logging_mixin.py:188} INFO - [2025-05-01T10:55:28.849+0000] {dag.py:3096} INFO - Sync 1 DAGs
[2025-05-01T10:55:28.875+0000] {logging_mixin.py:188} INFO - [2025-05-01T10:55:28.874+0000] {dag.py:3954} INFO - Setting next_dagrun for example_short_circuit_decorator to 2025-04-30 00:00:00+00:00, run_after=2025-05-01 00:00:00+00:00
[2025-05-01T10:55:28.901+0000] {processor.py:183} INFO - Processing /home/airflow/.local/lib/python3.12/site-packages/airflow/example_dags/example_short_circuit_decorator.py took 0.099 seconds
[2025-05-01T10:55:59.109+0000] {processor.py:161} INFO - Started process (PID=577) to work on /home/airflow/.local/lib/python3.12/site-packages/airflow/example_dags/example_short_circuit_decorator.py
[2025-05-01T10:55:59.110+0000] {processor.py:830} INFO - Processing file /home/airflow/.local/lib/python3.12/site-packages/airflow/example_dags/example_short_circuit_decorator.py for tasks to queue
[2025-05-01T10:55:59.112+0000] {logging_mixin.py:188} INFO - [2025-05-01T10:55:59.112+0000] {dagbag.py:545} INFO - Filling up the DagBag from /home/airflow/.local/lib/python3.12/site-packages/airflow/example_dags/example_short_circuit_decorator.py
[2025-05-01T10:55:59.121+0000] {processor.py:840} INFO - DAG(s) 'example_short_circuit_decorator' retrieved from /home/airflow/.local/lib/python3.12/site-packages/airflow/example_dags/example_short_circuit_decorator.py
[2025-05-01T10:55:59.149+0000] {logging_mixin.py:188} INFO - [2025-05-01T10:55:59.149+0000] {dag.py:3096} INFO - Sync 1 DAGs
[2025-05-01T10:55:59.174+0000] {logging_mixin.py:188} INFO - [2025-05-01T10:55:59.174+0000] {dag.py:3954} INFO - Setting next_dagrun for example_short_circuit_decorator to 2025-04-30 00:00:00+00:00, run_after=2025-05-01 00:00:00+00:00
[2025-05-01T10:55:59.199+0000] {processor.py:183} INFO - Processing /home/airflow/.local/lib/python3.12/site-packages/airflow/example_dags/example_short_circuit_decorator.py took 0.095 seconds
[2025-05-01T10:56:29.685+0000] {processor.py:161} INFO - Started process (PID=635) to work on /home/airflow/.local/lib/python3.12/site-packages/airflow/example_dags/example_short_circuit_decorator.py
[2025-05-01T10:56:29.687+0000] {processor.py:830} INFO - Processing file /home/airflow/.local/lib/python3.12/site-packages/airflow/example_dags/example_short_circuit_decorator.py for tasks to queue
[2025-05-01T10:56:29.690+0000] {logging_mixin.py:188} INFO - [2025-05-01T10:56:29.689+0000] {dagbag.py:545} INFO - Filling up the DagBag from /home/airflow/.local/lib/python3.12/site-packages/airflow/example_dags/example_short_circuit_decorator.py
[2025-05-01T10:56:29.698+0000] {processor.py:840} INFO - DAG(s) 'example_short_circuit_decorator' retrieved from /home/airflow/.local/lib/python3.12/site-packages/airflow/example_dags/example_short_circuit_decorator.py
[2025-05-01T10:56:29.726+0000] {logging_mixin.py:188} INFO - [2025-05-01T10:56:29.726+0000] {dag.py:3096} INFO - Sync 1 DAGs
[2025-05-01T10:56:29.749+0000] {logging_mixin.py:188} INFO - [2025-05-01T10:56:29.749+0000] {dag.py:3954} INFO - Setting next_dagrun for example_short_circuit_decorator to 2025-04-30 00:00:00+00:00, run_after=2025-05-01 00:00:00+00:00
[2025-05-01T10:56:29.772+0000] {processor.py:183} INFO - Processing /home/airflow/.local/lib/python3.12/site-packages/airflow/example_dags/example_short_circuit_decorator.py took 0.092 seconds
[2025-05-01T10:57:00.413+0000] {processor.py:161} INFO - Started process (PID=694) to work on /home/airflow/.local/lib/python3.12/site-packages/airflow/example_dags/example_short_circuit_decorator.py
[2025-05-01T10:57:00.414+0000] {processor.py:830} INFO - Processing file /home/airflow/.local/lib/python3.12/site-packages/airflow/example_dags/example_short_circuit_decorator.py for tasks to queue
[2025-05-01T10:57:00.416+0000] {logging_mixin.py:188} INFO - [2025-05-01T10:57:00.416+0000] {dagbag.py:545} INFO - Filling up the DagBag from /home/airflow/.local/lib/python3.12/site-packages/airflow/example_dags/example_short_circuit_decorator.py
[2025-05-01T10:57:00.425+0000] {processor.py:840} INFO - DAG(s) 'example_short_circuit_decorator' retrieved from /home/airflow/.local/lib/python3.12/site-packages/airflow/example_dags/example_short_circuit_decorator.py
[2025-05-01T10:57:00.452+0000] {logging_mixin.py:188} INFO - [2025-05-01T10:57:00.451+0000] {dag.py:3096} INFO - Sync 1 DAGs
[2025-05-01T10:57:00.478+0000] {logging_mixin.py:188} INFO - [2025-05-01T10:57:00.478+0000] {dag.py:3954} INFO - Setting next_dagrun for example_short_circuit_decorator to 2025-04-30 00:00:00+00:00, run_after=2025-05-01 00:00:00+00:00
[2025-05-01T10:57:00.505+0000] {processor.py:183} INFO - Processing /home/airflow/.local/lib/python3.12/site-packages/airflow/example_dags/example_short_circuit_decorator.py took 0.097 seconds
[2025-05-01T10:57:30.967+0000] {processor.py:161} INFO - Started process (PID=755) to work on /home/airflow/.local/lib/python3.12/site-packages/airflow/example_dags/example_short_circuit_decorator.py
[2025-05-01T10:57:30.968+0000] {processor.py:830} INFO - Processing file /home/airflow/.local/lib/python3.12/site-packages/airflow/example_dags/example_short_circuit_decorator.py for tasks to queue
[2025-05-01T10:57:30.971+0000] {logging_mixin.py:188} INFO - [2025-05-01T10:57:30.971+0000] {dagbag.py:545} INFO - Filling up the DagBag from /home/airflow/.local/lib/python3.12/site-packages/airflow/example_dags/example_short_circuit_decorator.py
[2025-05-01T10:57:30.980+0000] {processor.py:840} INFO - DAG(s) 'example_short_circuit_decorator' retrieved from /home/airflow/.local/lib/python3.12/site-packages/airflow/example_dags/example_short_circuit_decorator.py
[2025-05-01T10:57:31.009+0000] {logging_mixin.py:188} INFO - [2025-05-01T10:57:31.009+0000] {dag.py:3096} INFO - Sync 1 DAGs
[2025-05-01T10:57:31.035+0000] {logging_mixin.py:188} INFO - [2025-05-01T10:57:31.035+0000] {dag.py:3954} INFO - Setting next_dagrun for example_short_circuit_decorator to 2025-04-30 00:00:00+00:00, run_after=2025-05-01 00:00:00+00:00
[2025-05-01T10:57:31.058+0000] {processor.py:183} INFO - Processing /home/airflow/.local/lib/python3.12/site-packages/airflow/example_dags/example_short_circuit_decorator.py took 0.096 seconds
[2025-05-01T10:58:01.340+0000] {processor.py:161} INFO - Started process (PID=814) to work on /home/airflow/.local/lib/python3.12/site-packages/airflow/example_dags/example_short_circuit_decorator.py
[2025-05-01T10:58:01.342+0000] {processor.py:830} INFO - Processing file /home/airflow/.local/lib/python3.12/site-packages/airflow/example_dags/example_short_circuit_decorator.py for tasks to queue
[2025-05-01T10:58:01.345+0000] {logging_mixin.py:188} INFO - [2025-05-01T10:58:01.344+0000] {dagbag.py:545} INFO - Filling up the DagBag from /home/airflow/.local/lib/python3.12/site-packages/airflow/example_dags/example_short_circuit_decorator.py
[2025-05-01T10:58:01.354+0000] {processor.py:840} INFO - DAG(s) 'example_short_circuit_decorator' retrieved from /home/airflow/.local/lib/python3.12/site-packages/airflow/example_dags/example_short_circuit_decorator.py
[2025-05-01T10:58:01.382+0000] {logging_mixin.py:188} INFO - [2025-05-01T10:58:01.382+0000] {dag.py:3096} INFO - Sync 1 DAGs
[2025-05-01T10:58:01.408+0000] {logging_mixin.py:188} INFO - [2025-05-01T10:58:01.408+0000] {dag.py:3954} INFO - Setting next_dagrun for example_short_circuit_decorator to 2025-04-30 00:00:00+00:00, run_after=2025-05-01 00:00:00+00:00
[2025-05-01T10:58:01.434+0000] {processor.py:183} INFO - Processing /home/airflow/.local/lib/python3.12/site-packages/airflow/example_dags/example_short_circuit_decorator.py took 0.100 seconds
[2025-05-01T10:58:32.233+0000] {processor.py:161} INFO - Started process (PID=873) to work on /home/airflow/.local/lib/python3.12/site-packages/airflow/example_dags/example_short_circuit_decorator.py
[2025-05-01T10:58:32.236+0000] {processor.py:830} INFO - Processing file /home/airflow/.local/lib/python3.12/site-packages/airflow/example_dags/example_short_circuit_decorator.py for tasks to queue
[2025-05-01T10:58:32.239+0000] {logging_mixin.py:188} INFO - [2025-05-01T10:58:32.239+0000] {dagbag.py:545} INFO - Filling up the DagBag from /home/airflow/.local/lib/python3.12/site-packages/airflow/example_dags/example_short_circuit_decorator.py
[2025-05-01T10:58:32.254+0000] {processor.py:840} INFO - DAG(s) 'example_short_circuit_decorator' retrieved from /home/airflow/.local/lib/python3.12/site-packages/airflow/example_dags/example_short_circuit_decorator.py
[2025-05-01T10:58:32.294+0000] {logging_mixin.py:188} INFO - [2025-05-01T10:58:32.294+0000] {dag.py:3096} INFO - Sync 1 DAGs
[2025-05-01T10:58:32.330+0000] {logging_mixin.py:188} INFO - [2025-05-01T10:58:32.330+0000] {dag.py:3954} INFO - Setting next_dagrun for example_short_circuit_decorator to 2025-04-30 00:00:00+00:00, run_after=2025-05-01 00:00:00+00:00
[2025-05-01T10:58:32.361+0000] {processor.py:183} INFO - Processing /home/airflow/.local/lib/python3.12/site-packages/airflow/example_dags/example_short_circuit_decorator.py took 0.135 seconds
[2025-05-01T10:59:03.358+0000] {processor.py:161} INFO - Started process (PID=932) to work on /home/airflow/.local/lib/python3.12/site-packages/airflow/example_dags/example_short_circuit_decorator.py
[2025-05-01T10:59:03.359+0000] {processor.py:830} INFO - Processing file /home/airflow/.local/lib/python3.12/site-packages/airflow/example_dags/example_short_circuit_decorator.py for tasks to queue
[2025-05-01T10:59:03.362+0000] {logging_mixin.py:188} INFO - [2025-05-01T10:59:03.361+0000] {dagbag.py:545} INFO - Filling up the DagBag from /home/airflow/.local/lib/python3.12/site-packages/airflow/example_dags/example_short_circuit_decorator.py
[2025-05-01T10:59:03.371+0000] {processor.py:840} INFO - DAG(s) 'example_short_circuit_decorator' retrieved from /home/airflow/.local/lib/python3.12/site-packages/airflow/example_dags/example_short_circuit_decorator.py
[2025-05-01T10:59:03.397+0000] {logging_mixin.py:188} INFO - [2025-05-01T10:59:03.397+0000] {dag.py:3096} INFO - Sync 1 DAGs
[2025-05-01T10:59:03.422+0000] {logging_mixin.py:188} INFO - [2025-05-01T10:59:03.421+0000] {dag.py:3954} INFO - Setting next_dagrun for example_short_circuit_decorator to 2025-04-30 00:00:00+00:00, run_after=2025-05-01 00:00:00+00:00
[2025-05-01T10:59:03.447+0000] {processor.py:183} INFO - Processing /home/airflow/.local/lib/python3.12/site-packages/airflow/example_dags/example_short_circuit_decorator.py took 0.095 seconds
[2025-05-01T10:59:33.634+0000] {processor.py:161} INFO - Started process (PID=991) to work on /home/airflow/.local/lib/python3.12/site-packages/airflow/example_dags/example_short_circuit_decorator.py
[2025-05-01T10:59:33.636+0000] {processor.py:830} INFO - Processing file /home/airflow/.local/lib/python3.12/site-packages/airflow/example_dags/example_short_circuit_decorator.py for tasks to queue
[2025-05-01T10:59:33.638+0000] {logging_mixin.py:188} INFO - [2025-05-01T10:59:33.638+0000] {dagbag.py:545} INFO - Filling up the DagBag from /home/airflow/.local/lib/python3.12/site-packages/airflow/example_dags/example_short_circuit_decorator.py
[2025-05-01T10:59:33.647+0000] {processor.py:840} INFO - DAG(s) 'example_short_circuit_decorator' retrieved from /home/airflow/.local/lib/python3.12/site-packages/airflow/example_dags/example_short_circuit_decorator.py
[2025-05-01T10:59:33.674+0000] {logging_mixin.py:188} INFO - [2025-05-01T10:59:33.673+0000] {dag.py:3096} INFO - Sync 1 DAGs
[2025-05-01T10:59:33.700+0000] {logging_mixin.py:188} INFO - [2025-05-01T10:59:33.699+0000] {dag.py:3954} INFO - Setting next_dagrun for example_short_circuit_decorator to 2025-04-30 00:00:00+00:00, run_after=2025-05-01 00:00:00+00:00
[2025-05-01T10:59:33.725+0000] {processor.py:183} INFO - Processing /home/airflow/.local/lib/python3.12/site-packages/airflow/example_dags/example_short_circuit_decorator.py took 0.096 seconds
[2025-05-01T11:00:05.130+0000] {processor.py:161} INFO - Started process (PID=1050) to work on /home/airflow/.local/lib/python3.12/site-packages/airflow/example_dags/example_short_circuit_decorator.py
[2025-05-01T11:00:05.133+0000] {processor.py:830} INFO - Processing file /home/airflow/.local/lib/python3.12/site-packages/airflow/example_dags/example_short_circuit_decorator.py for tasks to queue
[2025-05-01T11:00:05.137+0000] {logging_mixin.py:188} INFO - [2025-05-01T11:00:05.136+0000] {dagbag.py:545} INFO - Filling up the DagBag from /home/airflow/.local/lib/python3.12/site-packages/airflow/example_dags/example_short_circuit_decorator.py
[2025-05-01T11:00:05.158+0000] {processor.py:840} INFO - DAG(s) 'example_short_circuit_decorator' retrieved from /home/airflow/.local/lib/python3.12/site-packages/airflow/example_dags/example_short_circuit_decorator.py
[2025-05-01T11:00:05.214+0000] {logging_mixin.py:188} INFO - [2025-05-01T11:00:05.214+0000] {dag.py:3096} INFO - Sync 1 DAGs
[2025-05-01T11:00:05.287+0000] {logging_mixin.py:188} INFO - [2025-05-01T11:00:05.285+0000] {dag.py:3954} INFO - Setting next_dagrun for example_short_circuit_decorator to 2025-04-30 00:00:00+00:00, run_after=2025-05-01 00:00:00+00:00
[2025-05-01T11:00:05.343+0000] {processor.py:183} INFO - Processing /home/airflow/.local/lib/python3.12/site-packages/airflow/example_dags/example_short_circuit_decorator.py took 0.223 seconds
[2025-05-01T11:00:35.888+0000] {processor.py:161} INFO - Started process (PID=1109) to work on /home/airflow/.local/lib/python3.12/site-packages/airflow/example_dags/example_short_circuit_decorator.py
[2025-05-01T11:00:35.890+0000] {processor.py:830} INFO - Processing file /home/airflow/.local/lib/python3.12/site-packages/airflow/example_dags/example_short_circuit_decorator.py for tasks to queue
[2025-05-01T11:00:35.894+0000] {logging_mixin.py:188} INFO - [2025-05-01T11:00:35.894+0000] {dagbag.py:545} INFO - Filling up the DagBag from /home/airflow/.local/lib/python3.12/site-packages/airflow/example_dags/example_short_circuit_decorator.py
[2025-05-01T11:00:35.912+0000] {processor.py:840} INFO - DAG(s) 'example_short_circuit_decorator' retrieved from /home/airflow/.local/lib/python3.12/site-packages/airflow/example_dags/example_short_circuit_decorator.py
[2025-05-01T11:00:36.009+0000] {logging_mixin.py:188} INFO - [2025-05-01T11:00:36.008+0000] {dag.py:3096} INFO - Sync 1 DAGs
[2025-05-01T11:00:36.062+0000] {logging_mixin.py:188} INFO - [2025-05-01T11:00:36.062+0000] {dag.py:3954} INFO - Setting next_dagrun for example_short_circuit_decorator to 2025-04-30 00:00:00+00:00, run_after=2025-05-01 00:00:00+00:00
[2025-05-01T11:00:36.148+0000] {processor.py:183} INFO - Processing /home/airflow/.local/lib/python3.12/site-packages/airflow/example_dags/example_short_circuit_decorator.py took 0.271 seconds
[2025-05-01T11:01:06.355+0000] {processor.py:161} INFO - Started process (PID=1169) to work on /home/airflow/.local/lib/python3.12/site-packages/airflow/example_dags/example_short_circuit_decorator.py
[2025-05-01T11:01:06.357+0000] {processor.py:830} INFO - Processing file /home/airflow/.local/lib/python3.12/site-packages/airflow/example_dags/example_short_circuit_decorator.py for tasks to queue
[2025-05-01T11:01:06.362+0000] {logging_mixin.py:188} INFO - [2025-05-01T11:01:06.362+0000] {dagbag.py:545} INFO - Filling up the DagBag from /home/airflow/.local/lib/python3.12/site-packages/airflow/example_dags/example_short_circuit_decorator.py
[2025-05-01T11:01:06.387+0000] {processor.py:840} INFO - DAG(s) 'example_short_circuit_decorator' retrieved from /home/airflow/.local/lib/python3.12/site-packages/airflow/example_dags/example_short_circuit_decorator.py
[2025-05-01T11:01:06.447+0000] {logging_mixin.py:188} INFO - [2025-05-01T11:01:06.446+0000] {dag.py:3096} INFO - Sync 1 DAGs
[2025-05-01T11:01:06.510+0000] {logging_mixin.py:188} INFO - [2025-05-01T11:01:06.509+0000] {dag.py:3954} INFO - Setting next_dagrun for example_short_circuit_decorator to 2025-04-30 00:00:00+00:00, run_after=2025-05-01 00:00:00+00:00
[2025-05-01T11:01:06.594+0000] {processor.py:183} INFO - Processing /home/airflow/.local/lib/python3.12/site-packages/airflow/example_dags/example_short_circuit_decorator.py took 0.252 seconds
[2025-05-01T11:01:36.882+0000] {processor.py:161} INFO - Started process (PID=1227) to work on /home/airflow/.local/lib/python3.12/site-packages/airflow/example_dags/example_short_circuit_decorator.py
[2025-05-01T11:01:36.885+0000] {processor.py:830} INFO - Processing file /home/airflow/.local/lib/python3.12/site-packages/airflow/example_dags/example_short_circuit_decorator.py for tasks to queue
[2025-05-01T11:01:36.890+0000] {logging_mixin.py:188} INFO - [2025-05-01T11:01:36.889+0000] {dagbag.py:545} INFO - Filling up the DagBag from /home/airflow/.local/lib/python3.12/site-packages/airflow/example_dags/example_short_circuit_decorator.py
[2025-05-01T11:01:36.910+0000] {processor.py:840} INFO - DAG(s) 'example_short_circuit_decorator' retrieved from /home/airflow/.local/lib/python3.12/site-packages/airflow/example_dags/example_short_circuit_decorator.py
[2025-05-01T11:01:36.966+0000] {logging_mixin.py:188} INFO - [2025-05-01T11:01:36.966+0000] {dag.py:3096} INFO - Sync 1 DAGs
[2025-05-01T11:01:37.019+0000] {logging_mixin.py:188} INFO - [2025-05-01T11:01:37.019+0000] {dag.py:3954} INFO - Setting next_dagrun for example_short_circuit_decorator to 2025-04-30 00:00:00+00:00, run_after=2025-05-01 00:00:00+00:00
[2025-05-01T11:01:37.074+0000] {processor.py:183} INFO - Processing /home/airflow/.local/lib/python3.12/site-packages/airflow/example_dags/example_short_circuit_decorator.py took 0.204 seconds
[2025-05-01T11:02:07.378+0000] {processor.py:161} INFO - Started process (PID=1286) to work on /home/airflow/.local/lib/python3.12/site-packages/airflow/example_dags/example_short_circuit_decorator.py
[2025-05-01T11:02:07.380+0000] {processor.py:830} INFO - Processing file /home/airflow/.local/lib/python3.12/site-packages/airflow/example_dags/example_short_circuit_decorator.py for tasks to queue
[2025-05-01T11:02:07.386+0000] {logging_mixin.py:188} INFO - [2025-05-01T11:02:07.385+0000] {dagbag.py:545} INFO - Filling up the DagBag from /home/airflow/.local/lib/python3.12/site-packages/airflow/example_dags/example_short_circuit_decorator.py
[2025-05-01T11:02:07.407+0000] {processor.py:840} INFO - DAG(s) 'example_short_circuit_decorator' retrieved from /home/airflow/.local/lib/python3.12/site-packages/airflow/example_dags/example_short_circuit_decorator.py
[2025-05-01T11:02:07.469+0000] {logging_mixin.py:188} INFO - [2025-05-01T11:02:07.469+0000] {dag.py:3096} INFO - Sync 1 DAGs
[2025-05-01T11:02:07.521+0000] {logging_mixin.py:188} INFO - [2025-05-01T11:02:07.520+0000] {dag.py:3954} INFO - Setting next_dagrun for example_short_circuit_decorator to 2025-04-30 00:00:00+00:00, run_after=2025-05-01 00:00:00+00:00
[2025-05-01T11:02:07.565+0000] {processor.py:183} INFO - Processing /home/airflow/.local/lib/python3.12/site-packages/airflow/example_dags/example_short_circuit_decorator.py took 0.201 seconds
[2025-05-01T11:02:37.804+0000] {processor.py:161} INFO - Started process (PID=1345) to work on /home/airflow/.local/lib/python3.12/site-packages/airflow/example_dags/example_short_circuit_decorator.py
[2025-05-01T11:02:37.807+0000] {processor.py:830} INFO - Processing file /home/airflow/.local/lib/python3.12/site-packages/airflow/example_dags/example_short_circuit_decorator.py for tasks to queue
[2025-05-01T11:02:37.811+0000] {logging_mixin.py:188} INFO - [2025-05-01T11:02:37.810+0000] {dagbag.py:545} INFO - Filling up the DagBag from /home/airflow/.local/lib/python3.12/site-packages/airflow/example_dags/example_short_circuit_decorator.py
[2025-05-01T11:02:37.833+0000] {processor.py:840} INFO - DAG(s) 'example_short_circuit_decorator' retrieved from /home/airflow/.local/lib/python3.12/site-packages/airflow/example_dags/example_short_circuit_decorator.py
[2025-05-01T11:02:37.894+0000] {logging_mixin.py:188} INFO - [2025-05-01T11:02:37.893+0000] {dag.py:3096} INFO - Sync 1 DAGs
[2025-05-01T11:02:37.948+0000] {logging_mixin.py:188} INFO - [2025-05-01T11:02:37.947+0000] {dag.py:3954} INFO - Setting next_dagrun for example_short_circuit_decorator to 2025-04-30 00:00:00+00:00, run_after=2025-05-01 00:00:00+00:00
[2025-05-01T11:02:38.017+0000] {processor.py:183} INFO - Processing /home/airflow/.local/lib/python3.12/site-packages/airflow/example_dags/example_short_circuit_decorator.py took 0.231 seconds
[2025-05-01T11:03:08.943+0000] {processor.py:161} INFO - Started process (PID=1404) to work on /home/airflow/.local/lib/python3.12/site-packages/airflow/example_dags/example_short_circuit_decorator.py
[2025-05-01T11:03:08.945+0000] {processor.py:830} INFO - Processing file /home/airflow/.local/lib/python3.12/site-packages/airflow/example_dags/example_short_circuit_decorator.py for tasks to queue
[2025-05-01T11:03:08.951+0000] {logging_mixin.py:188} INFO - [2025-05-01T11:03:08.950+0000] {dagbag.py:545} INFO - Filling up the DagBag from /home/airflow/.local/lib/python3.12/site-packages/airflow/example_dags/example_short_circuit_decorator.py
[2025-05-01T11:03:08.985+0000] {processor.py:840} INFO - DAG(s) 'example_short_circuit_decorator' retrieved from /home/airflow/.local/lib/python3.12/site-packages/airflow/example_dags/example_short_circuit_decorator.py
[2025-05-01T11:03:09.037+0000] {logging_mixin.py:188} INFO - [2025-05-01T11:03:09.037+0000] {dag.py:3096} INFO - Sync 1 DAGs
[2025-05-01T11:03:09.093+0000] {logging_mixin.py:188} INFO - [2025-05-01T11:03:09.093+0000] {dag.py:3954} INFO - Setting next_dagrun for example_short_circuit_decorator to 2025-04-30 00:00:00+00:00, run_after=2025-05-01 00:00:00+00:00
[2025-05-01T11:03:09.143+0000] {processor.py:183} INFO - Processing /home/airflow/.local/lib/python3.12/site-packages/airflow/example_dags/example_short_circuit_decorator.py took 0.212 seconds
[2025-05-01T11:03:39.487+0000] {processor.py:161} INFO - Started process (PID=1463) to work on /home/airflow/.local/lib/python3.12/site-packages/airflow/example_dags/example_short_circuit_decorator.py
[2025-05-01T11:03:39.489+0000] {processor.py:830} INFO - Processing file /home/airflow/.local/lib/python3.12/site-packages/airflow/example_dags/example_short_circuit_decorator.py for tasks to queue
[2025-05-01T11:03:39.494+0000] {logging_mixin.py:188} INFO - [2025-05-01T11:03:39.493+0000] {dagbag.py:545} INFO - Filling up the DagBag from /home/airflow/.local/lib/python3.12/site-packages/airflow/example_dags/example_short_circuit_decorator.py
[2025-05-01T11:03:39.513+0000] {processor.py:840} INFO - DAG(s) 'example_short_circuit_decorator' retrieved from /home/airflow/.local/lib/python3.12/site-packages/airflow/example_dags/example_short_circuit_decorator.py
[2025-05-01T11:03:39.576+0000] {logging_mixin.py:188} INFO - [2025-05-01T11:03:39.575+0000] {dag.py:3096} INFO - Sync 1 DAGs
[2025-05-01T11:03:39.628+0000] {logging_mixin.py:188} INFO - [2025-05-01T11:03:39.628+0000] {dag.py:3954} INFO - Setting next_dagrun for example_short_circuit_decorator to 2025-04-30 00:00:00+00:00, run_after=2025-05-01 00:00:00+00:00
[2025-05-01T11:03:39.675+0000] {processor.py:183} INFO - Processing /home/airflow/.local/lib/python3.12/site-packages/airflow/example_dags/example_short_circuit_decorator.py took 0.202 seconds
[2025-05-01T11:04:10.292+0000] {processor.py:161} INFO - Started process (PID=1522) to work on /home/airflow/.local/lib/python3.12/site-packages/airflow/example_dags/example_short_circuit_decorator.py
[2025-05-01T11:04:10.296+0000] {processor.py:830} INFO - Processing file /home/airflow/.local/lib/python3.12/site-packages/airflow/example_dags/example_short_circuit_decorator.py for tasks to queue
[2025-05-01T11:04:10.306+0000] {logging_mixin.py:188} INFO - [2025-05-01T11:04:10.305+0000] {dagbag.py:545} INFO - Filling up the DagBag from /home/airflow/.local/lib/python3.12/site-packages/airflow/example_dags/example_short_circuit_decorator.py
[2025-05-01T11:04:10.340+0000] {processor.py:840} INFO - DAG(s) 'example_short_circuit_decorator' retrieved from /home/airflow/.local/lib/python3.12/site-packages/airflow/example_dags/example_short_circuit_decorator.py
[2025-05-01T11:04:10.430+0000] {logging_mixin.py:188} INFO - [2025-05-01T11:04:10.429+0000] {dag.py:3096} INFO - Sync 1 DAGs
[2025-05-01T11:04:10.483+0000] {logging_mixin.py:188} INFO - [2025-05-01T11:04:10.483+0000] {dag.py:3954} INFO - Setting next_dagrun for example_short_circuit_decorator to 2025-04-30 00:00:00+00:00, run_after=2025-05-01 00:00:00+00:00
[2025-05-01T11:04:10.526+0000] {processor.py:183} INFO - Processing /home/airflow/.local/lib/python3.12/site-packages/airflow/example_dags/example_short_circuit_decorator.py took 0.260 seconds
[2025-05-01T11:04:41.286+0000] {processor.py:161} INFO - Started process (PID=1581) to work on /home/airflow/.local/lib/python3.12/site-packages/airflow/example_dags/example_short_circuit_decorator.py
[2025-05-01T11:04:41.289+0000] {processor.py:830} INFO - Processing file /home/airflow/.local/lib/python3.12/site-packages/airflow/example_dags/example_short_circuit_decorator.py for tasks to queue
[2025-05-01T11:04:41.293+0000] {logging_mixin.py:188} INFO - [2025-05-01T11:04:41.292+0000] {dagbag.py:545} INFO - Filling up the DagBag from /home/airflow/.local/lib/python3.12/site-packages/airflow/example_dags/example_short_circuit_decorator.py
[2025-05-01T11:04:41.311+0000] {processor.py:840} INFO - DAG(s) 'example_short_circuit_decorator' retrieved from /home/airflow/.local/lib/python3.12/site-packages/airflow/example_dags/example_short_circuit_decorator.py
[2025-05-01T11:04:41.366+0000] {logging_mixin.py:188} INFO - [2025-05-01T11:04:41.366+0000] {dag.py:3096} INFO - Sync 1 DAGs
[2025-05-01T11:04:41.420+0000] {logging_mixin.py:188} INFO - [2025-05-01T11:04:41.420+0000] {dag.py:3954} INFO - Setting next_dagrun for example_short_circuit_decorator to 2025-04-30 00:00:00+00:00, run_after=2025-05-01 00:00:00+00:00
[2025-05-01T11:04:41.518+0000] {processor.py:183} INFO - Processing /home/airflow/.local/lib/python3.12/site-packages/airflow/example_dags/example_short_circuit_decorator.py took 0.243 seconds
[2025-05-01T11:05:12.195+0000] {processor.py:161} INFO - Started process (PID=1640) to work on /home/airflow/.local/lib/python3.12/site-packages/airflow/example_dags/example_short_circuit_decorator.py
[2025-05-01T11:05:12.198+0000] {processor.py:830} INFO - Processing file /home/airflow/.local/lib/python3.12/site-packages/airflow/example_dags/example_short_circuit_decorator.py for tasks to queue
[2025-05-01T11:05:12.203+0000] {logging_mixin.py:188} INFO - [2025-05-01T11:05:12.202+0000] {dagbag.py:545} INFO - Filling up the DagBag from /home/airflow/.local/lib/python3.12/site-packages/airflow/example_dags/example_short_circuit_decorator.py
[2025-05-01T11:05:12.224+0000] {processor.py:840} INFO - DAG(s) 'example_short_circuit_decorator' retrieved from /home/airflow/.local/lib/python3.12/site-packages/airflow/example_dags/example_short_circuit_decorator.py
[2025-05-01T11:05:12.293+0000] {logging_mixin.py:188} INFO - [2025-05-01T11:05:12.292+0000] {dag.py:3096} INFO - Sync 1 DAGs
[2025-05-01T11:05:12.353+0000] {logging_mixin.py:188} INFO - [2025-05-01T11:05:12.353+0000] {dag.py:3954} INFO - Setting next_dagrun for example_short_circuit_decorator to 2025-04-30 00:00:00+00:00, run_after=2025-05-01 00:00:00+00:00
[2025-05-01T11:05:12.414+0000] {processor.py:183} INFO - Processing /home/airflow/.local/lib/python3.12/site-packages/airflow/example_dags/example_short_circuit_decorator.py took 0.230 seconds
[2025-05-01T11:05:43.065+0000] {processor.py:161} INFO - Started process (PID=1699) to work on /home/airflow/.local/lib/python3.12/site-packages/airflow/example_dags/example_short_circuit_decorator.py
[2025-05-01T11:05:43.067+0000] {processor.py:830} INFO - Processing file /home/airflow/.local/lib/python3.12/site-packages/airflow/example_dags/example_short_circuit_decorator.py for tasks to queue
[2025-05-01T11:05:43.071+0000] {logging_mixin.py:188} INFO - [2025-05-01T11:05:43.070+0000] {dagbag.py:545} INFO - Filling up the DagBag from /home/airflow/.local/lib/python3.12/site-packages/airflow/example_dags/example_short_circuit_decorator.py
[2025-05-01T11:05:43.088+0000] {processor.py:840} INFO - DAG(s) 'example_short_circuit_decorator' retrieved from /home/airflow/.local/lib/python3.12/site-packages/airflow/example_dags/example_short_circuit_decorator.py
[2025-05-01T11:05:43.147+0000] {logging_mixin.py:188} INFO - [2025-05-01T11:05:43.147+0000] {dag.py:3096} INFO - Sync 1 DAGs
[2025-05-01T11:05:43.195+0000] {logging_mixin.py:188} INFO - [2025-05-01T11:05:43.194+0000] {dag.py:3954} INFO - Setting next_dagrun for example_short_circuit_decorator to 2025-04-30 00:00:00+00:00, run_after=2025-05-01 00:00:00+00:00
[2025-05-01T11:05:43.282+0000] {processor.py:183} INFO - Processing /home/airflow/.local/lib/python3.12/site-packages/airflow/example_dags/example_short_circuit_decorator.py took 0.228 seconds
[2025-05-01T11:06:13.752+0000] {processor.py:161} INFO - Started process (PID=1758) to work on /home/airflow/.local/lib/python3.12/site-packages/airflow/example_dags/example_short_circuit_decorator.py
[2025-05-01T11:06:13.754+0000] {processor.py:830} INFO - Processing file /home/airflow/.local/lib/python3.12/site-packages/airflow/example_dags/example_short_circuit_decorator.py for tasks to queue
[2025-05-01T11:06:13.759+0000] {logging_mixin.py:188} INFO - [2025-05-01T11:06:13.758+0000] {dagbag.py:545} INFO - Filling up the DagBag from /home/airflow/.local/lib/python3.12/site-packages/airflow/example_dags/example_short_circuit_decorator.py
[2025-05-01T11:06:13.786+0000] {processor.py:840} INFO - DAG(s) 'example_short_circuit_decorator' retrieved from /home/airflow/.local/lib/python3.12/site-packages/airflow/example_dags/example_short_circuit_decorator.py
[2025-05-01T11:06:13.849+0000] {logging_mixin.py:188} INFO - [2025-05-01T11:06:13.848+0000] {dag.py:3096} INFO - Sync 1 DAGs
[2025-05-01T11:06:13.911+0000] {logging_mixin.py:188} INFO - [2025-05-01T11:06:13.911+0000] {dag.py:3954} INFO - Setting next_dagrun for example_short_circuit_decorator to 2025-04-30 00:00:00+00:00, run_after=2025-05-01 00:00:00+00:00
[2025-05-01T11:06:13.959+0000] {processor.py:183} INFO - Processing /home/airflow/.local/lib/python3.12/site-packages/airflow/example_dags/example_short_circuit_decorator.py took 0.220 seconds
[2025-05-01T11:06:44.750+0000] {processor.py:161} INFO - Started process (PID=1817) to work on /home/airflow/.local/lib/python3.12/site-packages/airflow/example_dags/example_short_circuit_decorator.py
[2025-05-01T11:06:44.753+0000] {processor.py:830} INFO - Processing file /home/airflow/.local/lib/python3.12/site-packages/airflow/example_dags/example_short_circuit_decorator.py for tasks to queue
[2025-05-01T11:06:44.757+0000] {logging_mixin.py:188} INFO - [2025-05-01T11:06:44.756+0000] {dagbag.py:545} INFO - Filling up the DagBag from /home/airflow/.local/lib/python3.12/site-packages/airflow/example_dags/example_short_circuit_decorator.py
[2025-05-01T11:06:44.783+0000] {processor.py:840} INFO - DAG(s) 'example_short_circuit_decorator' retrieved from /home/airflow/.local/lib/python3.12/site-packages/airflow/example_dags/example_short_circuit_decorator.py
[2025-05-01T11:06:44.840+0000] {logging_mixin.py:188} INFO - [2025-05-01T11:06:44.839+0000] {dag.py:3096} INFO - Sync 1 DAGs
[2025-05-01T11:06:44.892+0000] {logging_mixin.py:188} INFO - [2025-05-01T11:06:44.891+0000] {dag.py:3954} INFO - Setting next_dagrun for example_short_circuit_decorator to 2025-04-30 00:00:00+00:00, run_after=2025-05-01 00:00:00+00:00
[2025-05-01T11:06:44.947+0000] {processor.py:183} INFO - Processing /home/airflow/.local/lib/python3.12/site-packages/airflow/example_dags/example_short_circuit_decorator.py took 0.207 seconds
[2025-05-01T11:07:15.063+0000] {processor.py:161} INFO - Started process (PID=1876) to work on /home/airflow/.local/lib/python3.12/site-packages/airflow/example_dags/example_short_circuit_decorator.py
[2025-05-01T11:07:15.065+0000] {processor.py:830} INFO - Processing file /home/airflow/.local/lib/python3.12/site-packages/airflow/example_dags/example_short_circuit_decorator.py for tasks to queue
[2025-05-01T11:07:15.069+0000] {logging_mixin.py:188} INFO - [2025-05-01T11:07:15.069+0000] {dagbag.py:545} INFO - Filling up the DagBag from /home/airflow/.local/lib/python3.12/site-packages/airflow/example_dags/example_short_circuit_decorator.py
[2025-05-01T11:07:15.088+0000] {processor.py:840} INFO - DAG(s) 'example_short_circuit_decorator' retrieved from /home/airflow/.local/lib/python3.12/site-packages/airflow/example_dags/example_short_circuit_decorator.py
[2025-05-01T11:07:15.140+0000] {logging_mixin.py:188} INFO - [2025-05-01T11:07:15.140+0000] {dag.py:3096} INFO - Sync 1 DAGs
[2025-05-01T11:07:15.202+0000] {logging_mixin.py:188} INFO - [2025-05-01T11:07:15.202+0000] {dag.py:3954} INFO - Setting next_dagrun for example_short_circuit_decorator to 2025-04-30 00:00:00+00:00, run_after=2025-05-01 00:00:00+00:00
[2025-05-01T11:07:15.262+0000] {processor.py:183} INFO - Processing /home/airflow/.local/lib/python3.12/site-packages/airflow/example_dags/example_short_circuit_decorator.py took 0.210 seconds
[2025-05-01T11:07:46.616+0000] {processor.py:161} INFO - Started process (PID=1935) to work on /home/airflow/.local/lib/python3.12/site-packages/airflow/example_dags/example_short_circuit_decorator.py
[2025-05-01T11:07:46.618+0000] {processor.py:830} INFO - Processing file /home/airflow/.local/lib/python3.12/site-packages/airflow/example_dags/example_short_circuit_decorator.py for tasks to queue
[2025-05-01T11:07:46.623+0000] {logging_mixin.py:188} INFO - [2025-05-01T11:07:46.622+0000] {dagbag.py:545} INFO - Filling up the DagBag from /home/airflow/.local/lib/python3.12/site-packages/airflow/example_dags/example_short_circuit_decorator.py
[2025-05-01T11:07:46.641+0000] {processor.py:840} INFO - DAG(s) 'example_short_circuit_decorator' retrieved from /home/airflow/.local/lib/python3.12/site-packages/airflow/example_dags/example_short_circuit_decorator.py
[2025-05-01T11:07:46.699+0000] {logging_mixin.py:188} INFO - [2025-05-01T11:07:46.698+0000] {dag.py:3096} INFO - Sync 1 DAGs
[2025-05-01T11:07:46.752+0000] {logging_mixin.py:188} INFO - [2025-05-01T11:07:46.752+0000] {dag.py:3954} INFO - Setting next_dagrun for example_short_circuit_decorator to 2025-04-30 00:00:00+00:00, run_after=2025-05-01 00:00:00+00:00
[2025-05-01T11:07:46.800+0000] {processor.py:183} INFO - Processing /home/airflow/.local/lib/python3.12/site-packages/airflow/example_dags/example_short_circuit_decorator.py took 0.196 seconds
[2025-05-01T11:08:19.227+0000] {processor.py:161} INFO - Started process (PID=1994) to work on /home/airflow/.local/lib/python3.12/site-packages/airflow/example_dags/example_short_circuit_decorator.py
[2025-05-01T11:08:19.229+0000] {processor.py:830} INFO - Processing file /home/airflow/.local/lib/python3.12/site-packages/airflow/example_dags/example_short_circuit_decorator.py for tasks to queue
[2025-05-01T11:08:19.233+0000] {logging_mixin.py:188} INFO - [2025-05-01T11:08:19.232+0000] {dagbag.py:545} INFO - Filling up the DagBag from /home/airflow/.local/lib/python3.12/site-packages/airflow/example_dags/example_short_circuit_decorator.py
[2025-05-01T11:08:19.251+0000] {processor.py:840} INFO - DAG(s) 'example_short_circuit_decorator' retrieved from /home/airflow/.local/lib/python3.12/site-packages/airflow/example_dags/example_short_circuit_decorator.py
[2025-05-01T11:08:19.300+0000] {logging_mixin.py:188} INFO - [2025-05-01T11:08:19.300+0000] {dag.py:3096} INFO - Sync 1 DAGs
[2025-05-01T11:08:19.565+0000] {logging_mixin.py:188} INFO - [2025-05-01T11:08:19.565+0000] {dag.py:3954} INFO - Setting next_dagrun for example_short_circuit_decorator to 2025-04-30 00:00:00+00:00, run_after=2025-05-01 00:00:00+00:00
[2025-05-01T11:08:19.613+0000] {processor.py:183} INFO - Processing /home/airflow/.local/lib/python3.12/site-packages/airflow/example_dags/example_short_circuit_decorator.py took 0.397 seconds
[2025-05-01T11:08:49.736+0000] {processor.py:161} INFO - Started process (PID=2053) to work on /home/airflow/.local/lib/python3.12/site-packages/airflow/example_dags/example_short_circuit_decorator.py
[2025-05-01T11:08:49.739+0000] {processor.py:830} INFO - Processing file /home/airflow/.local/lib/python3.12/site-packages/airflow/example_dags/example_short_circuit_decorator.py for tasks to queue
[2025-05-01T11:08:49.744+0000] {logging_mixin.py:188} INFO - [2025-05-01T11:08:49.743+0000] {dagbag.py:545} INFO - Filling up the DagBag from /home/airflow/.local/lib/python3.12/site-packages/airflow/example_dags/example_short_circuit_decorator.py
[2025-05-01T11:08:49.765+0000] {processor.py:840} INFO - DAG(s) 'example_short_circuit_decorator' retrieved from /home/airflow/.local/lib/python3.12/site-packages/airflow/example_dags/example_short_circuit_decorator.py
[2025-05-01T11:08:49.849+0000] {logging_mixin.py:188} INFO - [2025-05-01T11:08:49.848+0000] {dag.py:3096} INFO - Sync 1 DAGs
[2025-05-01T11:08:49.910+0000] {logging_mixin.py:188} INFO - [2025-05-01T11:08:49.909+0000] {dag.py:3954} INFO - Setting next_dagrun for example_short_circuit_decorator to 2025-04-30 00:00:00+00:00, run_after=2025-05-01 00:00:00+00:00
[2025-05-01T11:08:49.967+0000] {processor.py:183} INFO - Processing /home/airflow/.local/lib/python3.12/site-packages/airflow/example_dags/example_short_circuit_decorator.py took 0.243 seconds
[2025-05-01T11:09:21.213+0000] {processor.py:161} INFO - Started process (PID=2112) to work on /home/airflow/.local/lib/python3.12/site-packages/airflow/example_dags/example_short_circuit_decorator.py
[2025-05-01T11:09:21.215+0000] {processor.py:830} INFO - Processing file /home/airflow/.local/lib/python3.12/site-packages/airflow/example_dags/example_short_circuit_decorator.py for tasks to queue
[2025-05-01T11:09:21.219+0000] {logging_mixin.py:188} INFO - [2025-05-01T11:09:21.218+0000] {dagbag.py:545} INFO - Filling up the DagBag from /home/airflow/.local/lib/python3.12/site-packages/airflow/example_dags/example_short_circuit_decorator.py
[2025-05-01T11:09:21.237+0000] {processor.py:840} INFO - DAG(s) 'example_short_circuit_decorator' retrieved from /home/airflow/.local/lib/python3.12/site-packages/airflow/example_dags/example_short_circuit_decorator.py
[2025-05-01T11:09:21.295+0000] {logging_mixin.py:188} INFO - [2025-05-01T11:09:21.294+0000] {dag.py:3096} INFO - Sync 1 DAGs
[2025-05-01T11:09:21.346+0000] {logging_mixin.py:188} INFO - [2025-05-01T11:09:21.346+0000] {dag.py:3954} INFO - Setting next_dagrun for example_short_circuit_decorator to 2025-04-30 00:00:00+00:00, run_after=2025-05-01 00:00:00+00:00
[2025-05-01T11:09:21.391+0000] {processor.py:183} INFO - Processing /home/airflow/.local/lib/python3.12/site-packages/airflow/example_dags/example_short_circuit_decorator.py took 0.189 seconds
[2025-05-01T11:09:51.967+0000] {processor.py:161} INFO - Started process (PID=2171) to work on /home/airflow/.local/lib/python3.12/site-packages/airflow/example_dags/example_short_circuit_decorator.py
[2025-05-01T11:09:51.970+0000] {processor.py:830} INFO - Processing file /home/airflow/.local/lib/python3.12/site-packages/airflow/example_dags/example_short_circuit_decorator.py for tasks to queue
[2025-05-01T11:09:51.974+0000] {logging_mixin.py:188} INFO - [2025-05-01T11:09:51.974+0000] {dagbag.py:545} INFO - Filling up the DagBag from /home/airflow/.local/lib/python3.12/site-packages/airflow/example_dags/example_short_circuit_decorator.py
[2025-05-01T11:09:52.006+0000] {processor.py:840} INFO - DAG(s) 'example_short_circuit_decorator' retrieved from /home/airflow/.local/lib/python3.12/site-packages/airflow/example_dags/example_short_circuit_decorator.py
[2025-05-01T11:09:52.083+0000] {logging_mixin.py:188} INFO - [2025-05-01T11:09:52.082+0000] {dag.py:3096} INFO - Sync 1 DAGs
[2025-05-01T11:09:52.169+0000] {logging_mixin.py:188} INFO - [2025-05-01T11:09:52.168+0000] {dag.py:3954} INFO - Setting next_dagrun for example_short_circuit_decorator to 2025-04-30 00:00:00+00:00, run_after=2025-05-01 00:00:00+00:00
[2025-05-01T11:09:52.274+0000] {processor.py:183} INFO - Processing /home/airflow/.local/lib/python3.12/site-packages/airflow/example_dags/example_short_circuit_decorator.py took 0.322 seconds
[2025-05-01T11:10:23.168+0000] {processor.py:161} INFO - Started process (PID=2230) to work on /home/airflow/.local/lib/python3.12/site-packages/airflow/example_dags/example_short_circuit_decorator.py
[2025-05-01T11:10:23.171+0000] {processor.py:830} INFO - Processing file /home/airflow/.local/lib/python3.12/site-packages/airflow/example_dags/example_short_circuit_decorator.py for tasks to queue
[2025-05-01T11:10:23.178+0000] {logging_mixin.py:188} INFO - [2025-05-01T11:10:23.176+0000] {dagbag.py:545} INFO - Filling up the DagBag from /home/airflow/.local/lib/python3.12/site-packages/airflow/example_dags/example_short_circuit_decorator.py
[2025-05-01T11:10:23.217+0000] {processor.py:840} INFO - DAG(s) 'example_short_circuit_decorator' retrieved from /home/airflow/.local/lib/python3.12/site-packages/airflow/example_dags/example_short_circuit_decorator.py
[2025-05-01T11:10:23.273+0000] {logging_mixin.py:188} INFO - [2025-05-01T11:10:23.273+0000] {dag.py:3096} INFO - Sync 1 DAGs
[2025-05-01T11:10:23.345+0000] {logging_mixin.py:188} INFO - [2025-05-01T11:10:23.344+0000] {dag.py:3954} INFO - Setting next_dagrun for example_short_circuit_decorator to 2025-04-30 00:00:00+00:00, run_after=2025-05-01 00:00:00+00:00
[2025-05-01T11:10:23.388+0000] {processor.py:183} INFO - Processing /home/airflow/.local/lib/python3.12/site-packages/airflow/example_dags/example_short_circuit_decorator.py took 0.232 seconds
[2025-05-01T11:10:53.935+0000] {processor.py:161} INFO - Started process (PID=2295) to work on /home/airflow/.local/lib/python3.12/site-packages/airflow/example_dags/example_short_circuit_decorator.py
[2025-05-01T11:10:53.937+0000] {processor.py:830} INFO - Processing file /home/airflow/.local/lib/python3.12/site-packages/airflow/example_dags/example_short_circuit_decorator.py for tasks to queue
[2025-05-01T11:10:53.941+0000] {logging_mixin.py:188} INFO - [2025-05-01T11:10:53.941+0000] {dagbag.py:545} INFO - Filling up the DagBag from /home/airflow/.local/lib/python3.12/site-packages/airflow/example_dags/example_short_circuit_decorator.py
[2025-05-01T11:10:53.961+0000] {processor.py:840} INFO - DAG(s) 'example_short_circuit_decorator' retrieved from /home/airflow/.local/lib/python3.12/site-packages/airflow/example_dags/example_short_circuit_decorator.py
[2025-05-01T11:10:54.029+0000] {logging_mixin.py:188} INFO - [2025-05-01T11:10:54.028+0000] {dag.py:3096} INFO - Sync 1 DAGs
[2025-05-01T11:10:54.090+0000] {logging_mixin.py:188} INFO - [2025-05-01T11:10:54.089+0000] {dag.py:3954} INFO - Setting next_dagrun for example_short_circuit_decorator to 2025-04-30 00:00:00+00:00, run_after=2025-05-01 00:00:00+00:00
[2025-05-01T11:10:54.186+0000] {processor.py:183} INFO - Processing /home/airflow/.local/lib/python3.12/site-packages/airflow/example_dags/example_short_circuit_decorator.py took 0.262 seconds
[2025-05-01T11:11:24.891+0000] {processor.py:161} INFO - Started process (PID=2354) to work on /home/airflow/.local/lib/python3.12/site-packages/airflow/example_dags/example_short_circuit_decorator.py
[2025-05-01T11:11:24.894+0000] {processor.py:830} INFO - Processing file /home/airflow/.local/lib/python3.12/site-packages/airflow/example_dags/example_short_circuit_decorator.py for tasks to queue
[2025-05-01T11:11:24.898+0000] {logging_mixin.py:188} INFO - [2025-05-01T11:11:24.898+0000] {dagbag.py:545} INFO - Filling up the DagBag from /home/airflow/.local/lib/python3.12/site-packages/airflow/example_dags/example_short_circuit_decorator.py
[2025-05-01T11:11:24.928+0000] {processor.py:840} INFO - DAG(s) 'example_short_circuit_decorator' retrieved from /home/airflow/.local/lib/python3.12/site-packages/airflow/example_dags/example_short_circuit_decorator.py
[2025-05-01T11:11:24.980+0000] {logging_mixin.py:188} INFO - [2025-05-01T11:11:24.980+0000] {dag.py:3096} INFO - Sync 1 DAGs
[2025-05-01T11:11:25.026+0000] {logging_mixin.py:188} INFO - [2025-05-01T11:11:25.026+0000] {dag.py:3954} INFO - Setting next_dagrun for example_short_circuit_decorator to 2025-04-30 00:00:00+00:00, run_after=2025-05-01 00:00:00+00:00
[2025-05-01T11:11:25.070+0000] {processor.py:183} INFO - Processing /home/airflow/.local/lib/python3.12/site-packages/airflow/example_dags/example_short_circuit_decorator.py took 0.190 seconds
[2025-05-01T11:11:55.586+0000] {processor.py:161} INFO - Started process (PID=2413) to work on /home/airflow/.local/lib/python3.12/site-packages/airflow/example_dags/example_short_circuit_decorator.py
[2025-05-01T11:11:55.588+0000] {processor.py:830} INFO - Processing file /home/airflow/.local/lib/python3.12/site-packages/airflow/example_dags/example_short_circuit_decorator.py for tasks to queue
[2025-05-01T11:11:55.592+0000] {logging_mixin.py:188} INFO - [2025-05-01T11:11:55.592+0000] {dagbag.py:545} INFO - Filling up the DagBag from /home/airflow/.local/lib/python3.12/site-packages/airflow/example_dags/example_short_circuit_decorator.py
[2025-05-01T11:11:55.612+0000] {processor.py:840} INFO - DAG(s) 'example_short_circuit_decorator' retrieved from /home/airflow/.local/lib/python3.12/site-packages/airflow/example_dags/example_short_circuit_decorator.py
[2025-05-01T11:11:55.667+0000] {logging_mixin.py:188} INFO - [2025-05-01T11:11:55.666+0000] {dag.py:3096} INFO - Sync 1 DAGs
[2025-05-01T11:11:55.718+0000] {logging_mixin.py:188} INFO - [2025-05-01T11:11:55.717+0000] {dag.py:3954} INFO - Setting next_dagrun for example_short_circuit_decorator to 2025-04-30 00:00:00+00:00, run_after=2025-05-01 00:00:00+00:00
[2025-05-01T11:11:55.766+0000] {processor.py:183} INFO - Processing /home/airflow/.local/lib/python3.12/site-packages/airflow/example_dags/example_short_circuit_decorator.py took 0.192 seconds
[2025-05-01T11:12:26.080+0000] {processor.py:161} INFO - Started process (PID=2472) to work on /home/airflow/.local/lib/python3.12/site-packages/airflow/example_dags/example_short_circuit_decorator.py
[2025-05-01T11:12:26.083+0000] {processor.py:830} INFO - Processing file /home/airflow/.local/lib/python3.12/site-packages/airflow/example_dags/example_short_circuit_decorator.py for tasks to queue
[2025-05-01T11:12:26.088+0000] {logging_mixin.py:188} INFO - [2025-05-01T11:12:26.087+0000] {dagbag.py:545} INFO - Filling up the DagBag from /home/airflow/.local/lib/python3.12/site-packages/airflow/example_dags/example_short_circuit_decorator.py
[2025-05-01T11:12:26.107+0000] {processor.py:840} INFO - DAG(s) 'example_short_circuit_decorator' retrieved from /home/airflow/.local/lib/python3.12/site-packages/airflow/example_dags/example_short_circuit_decorator.py
[2025-05-01T11:12:26.163+0000] {logging_mixin.py:188} INFO - [2025-05-01T11:12:26.162+0000] {dag.py:3096} INFO - Sync 1 DAGs
[2025-05-01T11:12:26.213+0000] {logging_mixin.py:188} INFO - [2025-05-01T11:12:26.212+0000] {dag.py:3954} INFO - Setting next_dagrun for example_short_circuit_decorator to 2025-04-30 00:00:00+00:00, run_after=2025-05-01 00:00:00+00:00
[2025-05-01T11:12:26.257+0000] {processor.py:183} INFO - Processing /home/airflow/.local/lib/python3.12/site-packages/airflow/example_dags/example_short_circuit_decorator.py took 0.192 seconds
[2025-05-01T11:12:56.478+0000] {processor.py:161} INFO - Started process (PID=2531) to work on /home/airflow/.local/lib/python3.12/site-packages/airflow/example_dags/example_short_circuit_decorator.py
[2025-05-01T11:12:56.480+0000] {processor.py:830} INFO - Processing file /home/airflow/.local/lib/python3.12/site-packages/airflow/example_dags/example_short_circuit_decorator.py for tasks to queue
[2025-05-01T11:12:56.485+0000] {logging_mixin.py:188} INFO - [2025-05-01T11:12:56.484+0000] {dagbag.py:545} INFO - Filling up the DagBag from /home/airflow/.local/lib/python3.12/site-packages/airflow/example_dags/example_short_circuit_decorator.py
[2025-05-01T11:12:56.504+0000] {processor.py:840} INFO - DAG(s) 'example_short_circuit_decorator' retrieved from /home/airflow/.local/lib/python3.12/site-packages/airflow/example_dags/example_short_circuit_decorator.py
[2025-05-01T11:12:56.558+0000] {logging_mixin.py:188} INFO - [2025-05-01T11:12:56.557+0000] {dag.py:3096} INFO - Sync 1 DAGs
[2025-05-01T11:12:56.605+0000] {logging_mixin.py:188} INFO - [2025-05-01T11:12:56.605+0000] {dag.py:3954} INFO - Setting next_dagrun for example_short_circuit_decorator to 2025-04-30 00:00:00+00:00, run_after=2025-05-01 00:00:00+00:00
[2025-05-01T11:12:56.690+0000] {processor.py:183} INFO - Processing /home/airflow/.local/lib/python3.12/site-packages/airflow/example_dags/example_short_circuit_decorator.py took 0.224 seconds
[2025-05-01T11:13:27.182+0000] {processor.py:161} INFO - Started process (PID=2588) to work on /home/airflow/.local/lib/python3.12/site-packages/airflow/example_dags/example_short_circuit_decorator.py
[2025-05-01T11:13:27.184+0000] {processor.py:830} INFO - Processing file /home/airflow/.local/lib/python3.12/site-packages/airflow/example_dags/example_short_circuit_decorator.py for tasks to queue
[2025-05-01T11:13:27.189+0000] {logging_mixin.py:188} INFO - [2025-05-01T11:13:27.188+0000] {dagbag.py:545} INFO - Filling up the DagBag from /home/airflow/.local/lib/python3.12/site-packages/airflow/example_dags/example_short_circuit_decorator.py
[2025-05-01T11:13:27.213+0000] {processor.py:840} INFO - DAG(s) 'example_short_circuit_decorator' retrieved from /home/airflow/.local/lib/python3.12/site-packages/airflow/example_dags/example_short_circuit_decorator.py
[2025-05-01T11:13:27.283+0000] {logging_mixin.py:188} INFO - [2025-05-01T11:13:27.282+0000] {dag.py:3096} INFO - Sync 1 DAGs
[2025-05-01T11:13:27.346+0000] {logging_mixin.py:188} INFO - [2025-05-01T11:13:27.346+0000] {dag.py:3954} INFO - Setting next_dagrun for example_short_circuit_decorator to 2025-04-30 00:00:00+00:00, run_after=2025-05-01 00:00:00+00:00
[2025-05-01T11:13:27.433+0000] {processor.py:183} INFO - Processing /home/airflow/.local/lib/python3.12/site-packages/airflow/example_dags/example_short_circuit_decorator.py took 0.263 seconds
[2025-05-01T11:13:57.905+0000] {processor.py:161} INFO - Started process (PID=2647) to work on /home/airflow/.local/lib/python3.12/site-packages/airflow/example_dags/example_short_circuit_decorator.py
[2025-05-01T11:13:57.907+0000] {processor.py:830} INFO - Processing file /home/airflow/.local/lib/python3.12/site-packages/airflow/example_dags/example_short_circuit_decorator.py for tasks to queue
[2025-05-01T11:13:57.911+0000] {logging_mixin.py:188} INFO - [2025-05-01T11:13:57.911+0000] {dagbag.py:545} INFO - Filling up the DagBag from /home/airflow/.local/lib/python3.12/site-packages/airflow/example_dags/example_short_circuit_decorator.py
[2025-05-01T11:13:57.929+0000] {processor.py:840} INFO - DAG(s) 'example_short_circuit_decorator' retrieved from /home/airflow/.local/lib/python3.12/site-packages/airflow/example_dags/example_short_circuit_decorator.py
[2025-05-01T11:13:57.977+0000] {logging_mixin.py:188} INFO - [2025-05-01T11:13:57.976+0000] {dag.py:3096} INFO - Sync 1 DAGs
[2025-05-01T11:13:58.024+0000] {logging_mixin.py:188} INFO - [2025-05-01T11:13:58.023+0000] {dag.py:3954} INFO - Setting next_dagrun for example_short_circuit_decorator to 2025-04-30 00:00:00+00:00, run_after=2025-05-01 00:00:00+00:00
[2025-05-01T11:13:58.066+0000] {processor.py:183} INFO - Processing /home/airflow/.local/lib/python3.12/site-packages/airflow/example_dags/example_short_circuit_decorator.py took 0.178 seconds
[2025-05-01T11:14:28.312+0000] {processor.py:161} INFO - Started process (PID=2706) to work on /home/airflow/.local/lib/python3.12/site-packages/airflow/example_dags/example_short_circuit_decorator.py
[2025-05-01T11:14:28.315+0000] {processor.py:830} INFO - Processing file /home/airflow/.local/lib/python3.12/site-packages/airflow/example_dags/example_short_circuit_decorator.py for tasks to queue
[2025-05-01T11:14:28.321+0000] {logging_mixin.py:188} INFO - [2025-05-01T11:14:28.320+0000] {dagbag.py:545} INFO - Filling up the DagBag from /home/airflow/.local/lib/python3.12/site-packages/airflow/example_dags/example_short_circuit_decorator.py
[2025-05-01T11:14:28.345+0000] {processor.py:840} INFO - DAG(s) 'example_short_circuit_decorator' retrieved from /home/airflow/.local/lib/python3.12/site-packages/airflow/example_dags/example_short_circuit_decorator.py
[2025-05-01T11:14:28.398+0000] {logging_mixin.py:188} INFO - [2025-05-01T11:14:28.398+0000] {dag.py:3096} INFO - Sync 1 DAGs
[2025-05-01T11:14:28.446+0000] {logging_mixin.py:188} INFO - [2025-05-01T11:14:28.445+0000] {dag.py:3954} INFO - Setting next_dagrun for example_short_circuit_decorator to 2025-04-30 00:00:00+00:00, run_after=2025-05-01 00:00:00+00:00
[2025-05-01T11:14:28.491+0000] {processor.py:183} INFO - Processing /home/airflow/.local/lib/python3.12/site-packages/airflow/example_dags/example_short_circuit_decorator.py took 0.196 seconds
[2025-05-01T11:14:59.459+0000] {processor.py:161} INFO - Started process (PID=2765) to work on /home/airflow/.local/lib/python3.12/site-packages/airflow/example_dags/example_short_circuit_decorator.py
[2025-05-01T11:14:59.462+0000] {processor.py:830} INFO - Processing file /home/airflow/.local/lib/python3.12/site-packages/airflow/example_dags/example_short_circuit_decorator.py for tasks to queue
[2025-05-01T11:14:59.465+0000] {logging_mixin.py:188} INFO - [2025-05-01T11:14:59.465+0000] {dagbag.py:545} INFO - Filling up the DagBag from /home/airflow/.local/lib/python3.12/site-packages/airflow/example_dags/example_short_circuit_decorator.py
[2025-05-01T11:14:59.482+0000] {processor.py:840} INFO - DAG(s) 'example_short_circuit_decorator' retrieved from /home/airflow/.local/lib/python3.12/site-packages/airflow/example_dags/example_short_circuit_decorator.py
[2025-05-01T11:14:59.533+0000] {logging_mixin.py:188} INFO - [2025-05-01T11:14:59.532+0000] {dag.py:3096} INFO - Sync 1 DAGs
[2025-05-01T11:14:59.581+0000] {logging_mixin.py:188} INFO - [2025-05-01T11:14:59.580+0000] {dag.py:3954} INFO - Setting next_dagrun for example_short_circuit_decorator to 2025-04-30 00:00:00+00:00, run_after=2025-05-01 00:00:00+00:00
[2025-05-01T11:14:59.621+0000] {processor.py:183} INFO - Processing /home/airflow/.local/lib/python3.12/site-packages/airflow/example_dags/example_short_circuit_decorator.py took 0.173 seconds
[2025-05-01T11:15:30.496+0000] {processor.py:161} INFO - Started process (PID=2825) to work on /home/airflow/.local/lib/python3.12/site-packages/airflow/example_dags/example_short_circuit_decorator.py
[2025-05-01T11:15:30.498+0000] {processor.py:830} INFO - Processing file /home/airflow/.local/lib/python3.12/site-packages/airflow/example_dags/example_short_circuit_decorator.py for tasks to queue
[2025-05-01T11:15:30.502+0000] {logging_mixin.py:188} INFO - [2025-05-01T11:15:30.502+0000] {dagbag.py:545} INFO - Filling up the DagBag from /home/airflow/.local/lib/python3.12/site-packages/airflow/example_dags/example_short_circuit_decorator.py
[2025-05-01T11:15:30.524+0000] {processor.py:840} INFO - DAG(s) 'example_short_circuit_decorator' retrieved from /home/airflow/.local/lib/python3.12/site-packages/airflow/example_dags/example_short_circuit_decorator.py
[2025-05-01T11:15:30.578+0000] {logging_mixin.py:188} INFO - [2025-05-01T11:15:30.578+0000] {dag.py:3096} INFO - Sync 1 DAGs
[2025-05-01T11:15:30.627+0000] {logging_mixin.py:188} INFO - [2025-05-01T11:15:30.626+0000] {dag.py:3954} INFO - Setting next_dagrun for example_short_circuit_decorator to 2025-04-30 00:00:00+00:00, run_after=2025-05-01 00:00:00+00:00
[2025-05-01T11:15:30.670+0000] {processor.py:183} INFO - Processing /home/airflow/.local/lib/python3.12/site-packages/airflow/example_dags/example_short_circuit_decorator.py took 0.187 seconds
[2025-05-01T11:16:01.169+0000] {processor.py:161} INFO - Started process (PID=2884) to work on /home/airflow/.local/lib/python3.12/site-packages/airflow/example_dags/example_short_circuit_decorator.py
[2025-05-01T11:16:01.172+0000] {processor.py:830} INFO - Processing file /home/airflow/.local/lib/python3.12/site-packages/airflow/example_dags/example_short_circuit_decorator.py for tasks to queue
[2025-05-01T11:16:01.178+0000] {logging_mixin.py:188} INFO - [2025-05-01T11:16:01.177+0000] {dagbag.py:545} INFO - Filling up the DagBag from /home/airflow/.local/lib/python3.12/site-packages/airflow/example_dags/example_short_circuit_decorator.py
[2025-05-01T11:16:01.198+0000] {processor.py:840} INFO - DAG(s) 'example_short_circuit_decorator' retrieved from /home/airflow/.local/lib/python3.12/site-packages/airflow/example_dags/example_short_circuit_decorator.py
[2025-05-01T11:16:01.250+0000] {logging_mixin.py:188} INFO - [2025-05-01T11:16:01.249+0000] {dag.py:3096} INFO - Sync 1 DAGs
[2025-05-01T11:16:01.297+0000] {logging_mixin.py:188} INFO - [2025-05-01T11:16:01.297+0000] {dag.py:3954} INFO - Setting next_dagrun for example_short_circuit_decorator to 2025-04-30 00:00:00+00:00, run_after=2025-05-01 00:00:00+00:00
[2025-05-01T11:16:01.340+0000] {processor.py:183} INFO - Processing /home/airflow/.local/lib/python3.12/site-packages/airflow/example_dags/example_short_circuit_decorator.py took 0.183 seconds
[2025-05-01T11:16:32.111+0000] {processor.py:161} INFO - Started process (PID=2943) to work on /home/airflow/.local/lib/python3.12/site-packages/airflow/example_dags/example_short_circuit_decorator.py
[2025-05-01T11:16:32.114+0000] {processor.py:830} INFO - Processing file /home/airflow/.local/lib/python3.12/site-packages/airflow/example_dags/example_short_circuit_decorator.py for tasks to queue
[2025-05-01T11:16:32.119+0000] {logging_mixin.py:188} INFO - [2025-05-01T11:16:32.118+0000] {dagbag.py:545} INFO - Filling up the DagBag from /home/airflow/.local/lib/python3.12/site-packages/airflow/example_dags/example_short_circuit_decorator.py
[2025-05-01T11:16:32.137+0000] {processor.py:840} INFO - DAG(s) 'example_short_circuit_decorator' retrieved from /home/airflow/.local/lib/python3.12/site-packages/airflow/example_dags/example_short_circuit_decorator.py
[2025-05-01T11:16:32.196+0000] {logging_mixin.py:188} INFO - [2025-05-01T11:16:32.196+0000] {dag.py:3096} INFO - Sync 1 DAGs
[2025-05-01T11:16:32.256+0000] {logging_mixin.py:188} INFO - [2025-05-01T11:16:32.256+0000] {dag.py:3954} INFO - Setting next_dagrun for example_short_circuit_decorator to 2025-04-30 00:00:00+00:00, run_after=2025-05-01 00:00:00+00:00
[2025-05-01T11:16:32.297+0000] {processor.py:183} INFO - Processing /home/airflow/.local/lib/python3.12/site-packages/airflow/example_dags/example_short_circuit_decorator.py took 0.203 seconds
[2025-05-01T11:17:02.629+0000] {processor.py:161} INFO - Started process (PID=3003) to work on /home/airflow/.local/lib/python3.12/site-packages/airflow/example_dags/example_short_circuit_decorator.py
[2025-05-01T11:17:02.632+0000] {processor.py:830} INFO - Processing file /home/airflow/.local/lib/python3.12/site-packages/airflow/example_dags/example_short_circuit_decorator.py for tasks to queue
[2025-05-01T11:17:02.638+0000] {logging_mixin.py:188} INFO - [2025-05-01T11:17:02.638+0000] {dagbag.py:545} INFO - Filling up the DagBag from /home/airflow/.local/lib/python3.12/site-packages/airflow/example_dags/example_short_circuit_decorator.py
[2025-05-01T11:17:02.661+0000] {processor.py:840} INFO - DAG(s) 'example_short_circuit_decorator' retrieved from /home/airflow/.local/lib/python3.12/site-packages/airflow/example_dags/example_short_circuit_decorator.py
[2025-05-01T11:17:02.731+0000] {logging_mixin.py:188} INFO - [2025-05-01T11:17:02.730+0000] {dag.py:3096} INFO - Sync 1 DAGs
[2025-05-01T11:17:02.797+0000] {logging_mixin.py:188} INFO - [2025-05-01T11:17:02.796+0000] {dag.py:3954} INFO - Setting next_dagrun for example_short_circuit_decorator to 2025-04-30 00:00:00+00:00, run_after=2025-05-01 00:00:00+00:00
[2025-05-01T11:17:02.852+0000] {processor.py:183} INFO - Processing /home/airflow/.local/lib/python3.12/site-packages/airflow/example_dags/example_short_circuit_decorator.py took 0.241 seconds
[2025-05-01T11:17:33.576+0000] {processor.py:161} INFO - Started process (PID=3062) to work on /home/airflow/.local/lib/python3.12/site-packages/airflow/example_dags/example_short_circuit_decorator.py
[2025-05-01T11:17:33.578+0000] {processor.py:830} INFO - Processing file /home/airflow/.local/lib/python3.12/site-packages/airflow/example_dags/example_short_circuit_decorator.py for tasks to queue
[2025-05-01T11:17:33.584+0000] {logging_mixin.py:188} INFO - [2025-05-01T11:17:33.583+0000] {dagbag.py:545} INFO - Filling up the DagBag from /home/airflow/.local/lib/python3.12/site-packages/airflow/example_dags/example_short_circuit_decorator.py
[2025-05-01T11:17:33.604+0000] {processor.py:840} INFO - DAG(s) 'example_short_circuit_decorator' retrieved from /home/airflow/.local/lib/python3.12/site-packages/airflow/example_dags/example_short_circuit_decorator.py
[2025-05-01T11:17:33.663+0000] {logging_mixin.py:188} INFO - [2025-05-01T11:17:33.662+0000] {dag.py:3096} INFO - Sync 1 DAGs
[2025-05-01T11:17:33.721+0000] {logging_mixin.py:188} INFO - [2025-05-01T11:17:33.721+0000] {dag.py:3954} INFO - Setting next_dagrun for example_short_circuit_decorator to 2025-04-30 00:00:00+00:00, run_after=2025-05-01 00:00:00+00:00
[2025-05-01T11:17:33.767+0000] {processor.py:183} INFO - Processing /home/airflow/.local/lib/python3.12/site-packages/airflow/example_dags/example_short_circuit_decorator.py took 0.205 seconds
[2025-05-01T11:18:04.052+0000] {processor.py:161} INFO - Started process (PID=3121) to work on /home/airflow/.local/lib/python3.12/site-packages/airflow/example_dags/example_short_circuit_decorator.py
[2025-05-01T11:18:04.054+0000] {processor.py:830} INFO - Processing file /home/airflow/.local/lib/python3.12/site-packages/airflow/example_dags/example_short_circuit_decorator.py for tasks to queue
[2025-05-01T11:18:04.058+0000] {logging_mixin.py:188} INFO - [2025-05-01T11:18:04.058+0000] {dagbag.py:545} INFO - Filling up the DagBag from /home/airflow/.local/lib/python3.12/site-packages/airflow/example_dags/example_short_circuit_decorator.py
[2025-05-01T11:18:04.076+0000] {processor.py:840} INFO - DAG(s) 'example_short_circuit_decorator' retrieved from /home/airflow/.local/lib/python3.12/site-packages/airflow/example_dags/example_short_circuit_decorator.py
[2025-05-01T11:18:04.128+0000] {logging_mixin.py:188} INFO - [2025-05-01T11:18:04.127+0000] {dag.py:3096} INFO - Sync 1 DAGs
[2025-05-01T11:18:04.176+0000] {logging_mixin.py:188} INFO - [2025-05-01T11:18:04.175+0000] {dag.py:3954} INFO - Setting next_dagrun for example_short_circuit_decorator to 2025-04-30 00:00:00+00:00, run_after=2025-05-01 00:00:00+00:00
[2025-05-01T11:18:04.219+0000] {processor.py:183} INFO - Processing /home/airflow/.local/lib/python3.12/site-packages/airflow/example_dags/example_short_circuit_decorator.py took 0.178 seconds
[2025-05-01T11:18:34.346+0000] {processor.py:161} INFO - Started process (PID=3180) to work on /home/airflow/.local/lib/python3.12/site-packages/airflow/example_dags/example_short_circuit_decorator.py
[2025-05-01T11:18:34.348+0000] {processor.py:830} INFO - Processing file /home/airflow/.local/lib/python3.12/site-packages/airflow/example_dags/example_short_circuit_decorator.py for tasks to queue
[2025-05-01T11:18:34.353+0000] {logging_mixin.py:188} INFO - [2025-05-01T11:18:34.352+0000] {dagbag.py:545} INFO - Filling up the DagBag from /home/airflow/.local/lib/python3.12/site-packages/airflow/example_dags/example_short_circuit_decorator.py
[2025-05-01T11:18:34.373+0000] {processor.py:840} INFO - DAG(s) 'example_short_circuit_decorator' retrieved from /home/airflow/.local/lib/python3.12/site-packages/airflow/example_dags/example_short_circuit_decorator.py
[2025-05-01T11:18:34.424+0000] {logging_mixin.py:188} INFO - [2025-05-01T11:18:34.424+0000] {dag.py:3096} INFO - Sync 1 DAGs
[2025-05-01T11:18:34.471+0000] {logging_mixin.py:188} INFO - [2025-05-01T11:18:34.470+0000] {dag.py:3954} INFO - Setting next_dagrun for example_short_circuit_decorator to 2025-04-30 00:00:00+00:00, run_after=2025-05-01 00:00:00+00:00
[2025-05-01T11:18:34.515+0000] {processor.py:183} INFO - Processing /home/airflow/.local/lib/python3.12/site-packages/airflow/example_dags/example_short_circuit_decorator.py took 0.180 seconds
[2025-05-01T11:19:05.448+0000] {processor.py:161} INFO - Started process (PID=3240) to work on /home/airflow/.local/lib/python3.12/site-packages/airflow/example_dags/example_short_circuit_decorator.py
[2025-05-01T11:19:05.451+0000] {processor.py:830} INFO - Processing file /home/airflow/.local/lib/python3.12/site-packages/airflow/example_dags/example_short_circuit_decorator.py for tasks to queue
[2025-05-01T11:19:05.455+0000] {logging_mixin.py:188} INFO - [2025-05-01T11:19:05.454+0000] {dagbag.py:545} INFO - Filling up the DagBag from /home/airflow/.local/lib/python3.12/site-packages/airflow/example_dags/example_short_circuit_decorator.py
[2025-05-01T11:19:05.472+0000] {processor.py:840} INFO - DAG(s) 'example_short_circuit_decorator' retrieved from /home/airflow/.local/lib/python3.12/site-packages/airflow/example_dags/example_short_circuit_decorator.py
[2025-05-01T11:19:05.523+0000] {logging_mixin.py:188} INFO - [2025-05-01T11:19:05.522+0000] {dag.py:3096} INFO - Sync 1 DAGs
[2025-05-01T11:19:05.570+0000] {logging_mixin.py:188} INFO - [2025-05-01T11:19:05.570+0000] {dag.py:3954} INFO - Setting next_dagrun for example_short_circuit_decorator to 2025-04-30 00:00:00+00:00, run_after=2025-05-01 00:00:00+00:00
[2025-05-01T11:19:05.612+0000] {processor.py:183} INFO - Processing /home/airflow/.local/lib/python3.12/site-packages/airflow/example_dags/example_short_circuit_decorator.py took 0.176 seconds
[2025-05-01T11:19:35.807+0000] {processor.py:161} INFO - Started process (PID=3299) to work on /home/airflow/.local/lib/python3.12/site-packages/airflow/example_dags/example_short_circuit_decorator.py
[2025-05-01T11:19:35.809+0000] {processor.py:830} INFO - Processing file /home/airflow/.local/lib/python3.12/site-packages/airflow/example_dags/example_short_circuit_decorator.py for tasks to queue
[2025-05-01T11:19:35.813+0000] {logging_mixin.py:188} INFO - [2025-05-01T11:19:35.812+0000] {dagbag.py:545} INFO - Filling up the DagBag from /home/airflow/.local/lib/python3.12/site-packages/airflow/example_dags/example_short_circuit_decorator.py
[2025-05-01T11:19:35.833+0000] {processor.py:840} INFO - DAG(s) 'example_short_circuit_decorator' retrieved from /home/airflow/.local/lib/python3.12/site-packages/airflow/example_dags/example_short_circuit_decorator.py
[2025-05-01T11:19:35.909+0000] {logging_mixin.py:188} INFO - [2025-05-01T11:19:35.909+0000] {dag.py:3096} INFO - Sync 1 DAGs
[2025-05-01T11:19:35.952+0000] {logging_mixin.py:188} INFO - [2025-05-01T11:19:35.952+0000] {dag.py:3954} INFO - Setting next_dagrun for example_short_circuit_decorator to 2025-04-30 00:00:00+00:00, run_after=2025-05-01 00:00:00+00:00
[2025-05-01T11:19:35.993+0000] {processor.py:183} INFO - Processing /home/airflow/.local/lib/python3.12/site-packages/airflow/example_dags/example_short_circuit_decorator.py took 0.200 seconds
[2025-05-01T11:20:06.809+0000] {processor.py:161} INFO - Started process (PID=3358) to work on /home/airflow/.local/lib/python3.12/site-packages/airflow/example_dags/example_short_circuit_decorator.py
[2025-05-01T11:20:06.812+0000] {processor.py:830} INFO - Processing file /home/airflow/.local/lib/python3.12/site-packages/airflow/example_dags/example_short_circuit_decorator.py for tasks to queue
[2025-05-01T11:20:06.816+0000] {logging_mixin.py:188} INFO - [2025-05-01T11:20:06.815+0000] {dagbag.py:545} INFO - Filling up the DagBag from /home/airflow/.local/lib/python3.12/site-packages/airflow/example_dags/example_short_circuit_decorator.py
[2025-05-01T11:20:06.837+0000] {processor.py:840} INFO - DAG(s) 'example_short_circuit_decorator' retrieved from /home/airflow/.local/lib/python3.12/site-packages/airflow/example_dags/example_short_circuit_decorator.py
[2025-05-01T11:20:06.891+0000] {logging_mixin.py:188} INFO - [2025-05-01T11:20:06.890+0000] {dag.py:3096} INFO - Sync 1 DAGs
[2025-05-01T11:20:06.938+0000] {logging_mixin.py:188} INFO - [2025-05-01T11:20:06.937+0000] {dag.py:3954} INFO - Setting next_dagrun for example_short_circuit_decorator to 2025-04-30 00:00:00+00:00, run_after=2025-05-01 00:00:00+00:00
[2025-05-01T11:20:06.984+0000] {processor.py:183} INFO - Processing /home/airflow/.local/lib/python3.12/site-packages/airflow/example_dags/example_short_circuit_decorator.py took 0.186 seconds
[2025-05-01T11:20:37.498+0000] {processor.py:161} INFO - Started process (PID=3417) to work on /home/airflow/.local/lib/python3.12/site-packages/airflow/example_dags/example_short_circuit_decorator.py
[2025-05-01T11:20:37.501+0000] {processor.py:830} INFO - Processing file /home/airflow/.local/lib/python3.12/site-packages/airflow/example_dags/example_short_circuit_decorator.py for tasks to queue
[2025-05-01T11:20:37.506+0000] {logging_mixin.py:188} INFO - [2025-05-01T11:20:37.505+0000] {dagbag.py:545} INFO - Filling up the DagBag from /home/airflow/.local/lib/python3.12/site-packages/airflow/example_dags/example_short_circuit_decorator.py
[2025-05-01T11:20:37.527+0000] {processor.py:840} INFO - DAG(s) 'example_short_circuit_decorator' retrieved from /home/airflow/.local/lib/python3.12/site-packages/airflow/example_dags/example_short_circuit_decorator.py
[2025-05-01T11:20:37.590+0000] {logging_mixin.py:188} INFO - [2025-05-01T11:20:37.589+0000] {dag.py:3096} INFO - Sync 1 DAGs
[2025-05-01T11:20:37.645+0000] {logging_mixin.py:188} INFO - [2025-05-01T11:20:37.645+0000] {dag.py:3954} INFO - Setting next_dagrun for example_short_circuit_decorator to 2025-04-30 00:00:00+00:00, run_after=2025-05-01 00:00:00+00:00
[2025-05-01T11:20:37.702+0000] {processor.py:183} INFO - Processing /home/airflow/.local/lib/python3.12/site-packages/airflow/example_dags/example_short_circuit_decorator.py took 0.218 seconds
[2025-05-01T11:21:08.339+0000] {processor.py:161} INFO - Started process (PID=3476) to work on /home/airflow/.local/lib/python3.12/site-packages/airflow/example_dags/example_short_circuit_decorator.py
[2025-05-01T11:21:08.342+0000] {processor.py:830} INFO - Processing file /home/airflow/.local/lib/python3.12/site-packages/airflow/example_dags/example_short_circuit_decorator.py for tasks to queue
[2025-05-01T11:21:08.347+0000] {logging_mixin.py:188} INFO - [2025-05-01T11:21:08.347+0000] {dagbag.py:545} INFO - Filling up the DagBag from /home/airflow/.local/lib/python3.12/site-packages/airflow/example_dags/example_short_circuit_decorator.py
[2025-05-01T11:21:08.369+0000] {processor.py:840} INFO - DAG(s) 'example_short_circuit_decorator' retrieved from /home/airflow/.local/lib/python3.12/site-packages/airflow/example_dags/example_short_circuit_decorator.py
[2025-05-01T11:21:08.425+0000] {logging_mixin.py:188} INFO - [2025-05-01T11:21:08.425+0000] {dag.py:3096} INFO - Sync 1 DAGs
[2025-05-01T11:21:08.482+0000] {logging_mixin.py:188} INFO - [2025-05-01T11:21:08.481+0000] {dag.py:3954} INFO - Setting next_dagrun for example_short_circuit_decorator to 2025-04-30 00:00:00+00:00, run_after=2025-05-01 00:00:00+00:00
[2025-05-01T11:21:08.572+0000] {processor.py:183} INFO - Processing /home/airflow/.local/lib/python3.12/site-packages/airflow/example_dags/example_short_circuit_decorator.py took 0.250 seconds
[2025-05-01T11:21:38.903+0000] {processor.py:161} INFO - Started process (PID=3535) to work on /home/airflow/.local/lib/python3.12/site-packages/airflow/example_dags/example_short_circuit_decorator.py
[2025-05-01T11:21:38.907+0000] {processor.py:830} INFO - Processing file /home/airflow/.local/lib/python3.12/site-packages/airflow/example_dags/example_short_circuit_decorator.py for tasks to queue
[2025-05-01T11:21:38.912+0000] {logging_mixin.py:188} INFO - [2025-05-01T11:21:38.911+0000] {dagbag.py:545} INFO - Filling up the DagBag from /home/airflow/.local/lib/python3.12/site-packages/airflow/example_dags/example_short_circuit_decorator.py
[2025-05-01T11:21:38.940+0000] {processor.py:840} INFO - DAG(s) 'example_short_circuit_decorator' retrieved from /home/airflow/.local/lib/python3.12/site-packages/airflow/example_dags/example_short_circuit_decorator.py
[2025-05-01T11:21:39.009+0000] {logging_mixin.py:188} INFO - [2025-05-01T11:21:39.008+0000] {dag.py:3096} INFO - Sync 1 DAGs
[2025-05-01T11:21:39.079+0000] {logging_mixin.py:188} INFO - [2025-05-01T11:21:39.078+0000] {dag.py:3954} INFO - Setting next_dagrun for example_short_circuit_decorator to 2025-04-30 00:00:00+00:00, run_after=2025-05-01 00:00:00+00:00
[2025-05-01T11:21:39.136+0000] {processor.py:183} INFO - Processing /home/airflow/.local/lib/python3.12/site-packages/airflow/example_dags/example_short_circuit_decorator.py took 0.253 seconds
[2025-05-01T11:22:09.636+0000] {processor.py:161} INFO - Started process (PID=3594) to work on /home/airflow/.local/lib/python3.12/site-packages/airflow/example_dags/example_short_circuit_decorator.py
[2025-05-01T11:22:09.639+0000] {processor.py:830} INFO - Processing file /home/airflow/.local/lib/python3.12/site-packages/airflow/example_dags/example_short_circuit_decorator.py for tasks to queue
[2025-05-01T11:22:09.643+0000] {logging_mixin.py:188} INFO - [2025-05-01T11:22:09.642+0000] {dagbag.py:545} INFO - Filling up the DagBag from /home/airflow/.local/lib/python3.12/site-packages/airflow/example_dags/example_short_circuit_decorator.py
[2025-05-01T11:22:09.661+0000] {processor.py:840} INFO - DAG(s) 'example_short_circuit_decorator' retrieved from /home/airflow/.local/lib/python3.12/site-packages/airflow/example_dags/example_short_circuit_decorator.py
[2025-05-01T11:22:09.713+0000] {logging_mixin.py:188} INFO - [2025-05-01T11:22:09.712+0000] {dag.py:3096} INFO - Sync 1 DAGs
[2025-05-01T11:22:09.758+0000] {logging_mixin.py:188} INFO - [2025-05-01T11:22:09.758+0000] {dag.py:3954} INFO - Setting next_dagrun for example_short_circuit_decorator to 2025-04-30 00:00:00+00:00, run_after=2025-05-01 00:00:00+00:00
[2025-05-01T11:22:09.840+0000] {processor.py:183} INFO - Processing /home/airflow/.local/lib/python3.12/site-packages/airflow/example_dags/example_short_circuit_decorator.py took 0.222 seconds
[2025-05-01T11:22:39.984+0000] {processor.py:161} INFO - Started process (PID=3653) to work on /home/airflow/.local/lib/python3.12/site-packages/airflow/example_dags/example_short_circuit_decorator.py
[2025-05-01T11:22:39.986+0000] {processor.py:830} INFO - Processing file /home/airflow/.local/lib/python3.12/site-packages/airflow/example_dags/example_short_circuit_decorator.py for tasks to queue
[2025-05-01T11:22:39.990+0000] {logging_mixin.py:188} INFO - [2025-05-01T11:22:39.989+0000] {dagbag.py:545} INFO - Filling up the DagBag from /home/airflow/.local/lib/python3.12/site-packages/airflow/example_dags/example_short_circuit_decorator.py
[2025-05-01T11:22:40.008+0000] {processor.py:840} INFO - DAG(s) 'example_short_circuit_decorator' retrieved from /home/airflow/.local/lib/python3.12/site-packages/airflow/example_dags/example_short_circuit_decorator.py
[2025-05-01T11:22:40.069+0000] {logging_mixin.py:188} INFO - [2025-05-01T11:22:40.068+0000] {dag.py:3096} INFO - Sync 1 DAGs
[2025-05-01T11:22:40.114+0000] {logging_mixin.py:188} INFO - [2025-05-01T11:22:40.114+0000] {dag.py:3954} INFO - Setting next_dagrun for example_short_circuit_decorator to 2025-04-30 00:00:00+00:00, run_after=2025-05-01 00:00:00+00:00
[2025-05-01T11:22:40.155+0000] {processor.py:183} INFO - Processing /home/airflow/.local/lib/python3.12/site-packages/airflow/example_dags/example_short_circuit_decorator.py took 0.185 seconds
[2025-05-01T11:23:10.404+0000] {processor.py:161} INFO - Started process (PID=3712) to work on /home/airflow/.local/lib/python3.12/site-packages/airflow/example_dags/example_short_circuit_decorator.py
[2025-05-01T11:23:10.407+0000] {processor.py:830} INFO - Processing file /home/airflow/.local/lib/python3.12/site-packages/airflow/example_dags/example_short_circuit_decorator.py for tasks to queue
[2025-05-01T11:23:10.413+0000] {logging_mixin.py:188} INFO - [2025-05-01T11:23:10.412+0000] {dagbag.py:545} INFO - Filling up the DagBag from /home/airflow/.local/lib/python3.12/site-packages/airflow/example_dags/example_short_circuit_decorator.py
[2025-05-01T11:23:10.453+0000] {processor.py:840} INFO - DAG(s) 'example_short_circuit_decorator' retrieved from /home/airflow/.local/lib/python3.12/site-packages/airflow/example_dags/example_short_circuit_decorator.py
[2025-05-01T11:23:10.535+0000] {logging_mixin.py:188} INFO - [2025-05-01T11:23:10.534+0000] {dag.py:3096} INFO - Sync 1 DAGs
[2025-05-01T11:23:10.607+0000] {logging_mixin.py:188} INFO - [2025-05-01T11:23:10.606+0000] {dag.py:3954} INFO - Setting next_dagrun for example_short_circuit_decorator to 2025-04-30 00:00:00+00:00, run_after=2025-05-01 00:00:00+00:00
[2025-05-01T11:23:10.654+0000] {processor.py:183} INFO - Processing /home/airflow/.local/lib/python3.12/site-packages/airflow/example_dags/example_short_circuit_decorator.py took 0.272 seconds
[2025-05-01T11:23:41.234+0000] {processor.py:161} INFO - Started process (PID=3771) to work on /home/airflow/.local/lib/python3.12/site-packages/airflow/example_dags/example_short_circuit_decorator.py
[2025-05-01T11:23:41.237+0000] {processor.py:830} INFO - Processing file /home/airflow/.local/lib/python3.12/site-packages/airflow/example_dags/example_short_circuit_decorator.py for tasks to queue
[2025-05-01T11:23:41.242+0000] {logging_mixin.py:188} INFO - [2025-05-01T11:23:41.241+0000] {dagbag.py:545} INFO - Filling up the DagBag from /home/airflow/.local/lib/python3.12/site-packages/airflow/example_dags/example_short_circuit_decorator.py
[2025-05-01T11:23:41.262+0000] {processor.py:840} INFO - DAG(s) 'example_short_circuit_decorator' retrieved from /home/airflow/.local/lib/python3.12/site-packages/airflow/example_dags/example_short_circuit_decorator.py
[2025-05-01T11:23:41.367+0000] {logging_mixin.py:188} INFO - [2025-05-01T11:23:41.366+0000] {dag.py:3096} INFO - Sync 1 DAGs
[2025-05-01T11:23:41.440+0000] {logging_mixin.py:188} INFO - [2025-05-01T11:23:41.439+0000] {dag.py:3954} INFO - Setting next_dagrun for example_short_circuit_decorator to 2025-04-30 00:00:00+00:00, run_after=2025-05-01 00:00:00+00:00
[2025-05-01T11:23:41.492+0000] {processor.py:183} INFO - Processing /home/airflow/.local/lib/python3.12/site-packages/airflow/example_dags/example_short_circuit_decorator.py took 0.272 seconds
[2025-05-01T11:24:11.642+0000] {processor.py:161} INFO - Started process (PID=3830) to work on /home/airflow/.local/lib/python3.12/site-packages/airflow/example_dags/example_short_circuit_decorator.py
[2025-05-01T11:24:11.650+0000] {processor.py:830} INFO - Processing file /home/airflow/.local/lib/python3.12/site-packages/airflow/example_dags/example_short_circuit_decorator.py for tasks to queue
[2025-05-01T11:24:11.657+0000] {logging_mixin.py:188} INFO - [2025-05-01T11:24:11.656+0000] {dagbag.py:545} INFO - Filling up the DagBag from /home/airflow/.local/lib/python3.12/site-packages/airflow/example_dags/example_short_circuit_decorator.py
[2025-05-01T11:24:11.681+0000] {processor.py:840} INFO - DAG(s) 'example_short_circuit_decorator' retrieved from /home/airflow/.local/lib/python3.12/site-packages/airflow/example_dags/example_short_circuit_decorator.py
[2025-05-01T11:24:11.756+0000] {logging_mixin.py:188} INFO - [2025-05-01T11:24:11.754+0000] {dag.py:3096} INFO - Sync 1 DAGs
[2025-05-01T11:24:11.811+0000] {logging_mixin.py:188} INFO - [2025-05-01T11:24:11.811+0000] {dag.py:3954} INFO - Setting next_dagrun for example_short_circuit_decorator to 2025-04-30 00:00:00+00:00, run_after=2025-05-01 00:00:00+00:00
[2025-05-01T11:24:11.895+0000] {processor.py:183} INFO - Processing /home/airflow/.local/lib/python3.12/site-packages/airflow/example_dags/example_short_circuit_decorator.py took 0.275 seconds
[2025-05-01T11:24:42.222+0000] {processor.py:161} INFO - Started process (PID=3891) to work on /home/airflow/.local/lib/python3.12/site-packages/airflow/example_dags/example_short_circuit_decorator.py
[2025-05-01T11:24:42.225+0000] {processor.py:830} INFO - Processing file /home/airflow/.local/lib/python3.12/site-packages/airflow/example_dags/example_short_circuit_decorator.py for tasks to queue
[2025-05-01T11:24:42.229+0000] {logging_mixin.py:188} INFO - [2025-05-01T11:24:42.228+0000] {dagbag.py:545} INFO - Filling up the DagBag from /home/airflow/.local/lib/python3.12/site-packages/airflow/example_dags/example_short_circuit_decorator.py
[2025-05-01T11:24:42.252+0000] {processor.py:840} INFO - DAG(s) 'example_short_circuit_decorator' retrieved from /home/airflow/.local/lib/python3.12/site-packages/airflow/example_dags/example_short_circuit_decorator.py
[2025-05-01T11:24:42.319+0000] {logging_mixin.py:188} INFO - [2025-05-01T11:24:42.318+0000] {dag.py:3096} INFO - Sync 1 DAGs
[2025-05-01T11:24:42.367+0000] {logging_mixin.py:188} INFO - [2025-05-01T11:24:42.366+0000] {dag.py:3954} INFO - Setting next_dagrun for example_short_circuit_decorator to 2025-04-30 00:00:00+00:00, run_after=2025-05-01 00:00:00+00:00
[2025-05-01T11:24:42.408+0000] {processor.py:183} INFO - Processing /home/airflow/.local/lib/python3.12/site-packages/airflow/example_dags/example_short_circuit_decorator.py took 0.200 seconds
[2025-05-01T11:25:12.592+0000] {processor.py:161} INFO - Started process (PID=3950) to work on /home/airflow/.local/lib/python3.12/site-packages/airflow/example_dags/example_short_circuit_decorator.py
[2025-05-01T11:25:12.594+0000] {processor.py:830} INFO - Processing file /home/airflow/.local/lib/python3.12/site-packages/airflow/example_dags/example_short_circuit_decorator.py for tasks to queue
[2025-05-01T11:25:12.598+0000] {logging_mixin.py:188} INFO - [2025-05-01T11:25:12.597+0000] {dagbag.py:545} INFO - Filling up the DagBag from /home/airflow/.local/lib/python3.12/site-packages/airflow/example_dags/example_short_circuit_decorator.py
[2025-05-01T11:25:12.618+0000] {processor.py:840} INFO - DAG(s) 'example_short_circuit_decorator' retrieved from /home/airflow/.local/lib/python3.12/site-packages/airflow/example_dags/example_short_circuit_decorator.py
[2025-05-01T11:25:12.672+0000] {logging_mixin.py:188} INFO - [2025-05-01T11:25:12.671+0000] {dag.py:3096} INFO - Sync 1 DAGs
[2025-05-01T11:25:12.719+0000] {logging_mixin.py:188} INFO - [2025-05-01T11:25:12.719+0000] {dag.py:3954} INFO - Setting next_dagrun for example_short_circuit_decorator to 2025-04-30 00:00:00+00:00, run_after=2025-05-01 00:00:00+00:00
[2025-05-01T11:25:12.769+0000] {processor.py:183} INFO - Processing /home/airflow/.local/lib/python3.12/site-packages/airflow/example_dags/example_short_circuit_decorator.py took 0.189 seconds
[2025-05-01T11:25:43.796+0000] {processor.py:161} INFO - Started process (PID=4009) to work on /home/airflow/.local/lib/python3.12/site-packages/airflow/example_dags/example_short_circuit_decorator.py
[2025-05-01T11:25:43.799+0000] {processor.py:830} INFO - Processing file /home/airflow/.local/lib/python3.12/site-packages/airflow/example_dags/example_short_circuit_decorator.py for tasks to queue
[2025-05-01T11:25:43.803+0000] {logging_mixin.py:188} INFO - [2025-05-01T11:25:43.802+0000] {dagbag.py:545} INFO - Filling up the DagBag from /home/airflow/.local/lib/python3.12/site-packages/airflow/example_dags/example_short_circuit_decorator.py
[2025-05-01T11:25:43.826+0000] {processor.py:840} INFO - DAG(s) 'example_short_circuit_decorator' retrieved from /home/airflow/.local/lib/python3.12/site-packages/airflow/example_dags/example_short_circuit_decorator.py
[2025-05-01T11:25:43.888+0000] {logging_mixin.py:188} INFO - [2025-05-01T11:25:43.887+0000] {dag.py:3096} INFO - Sync 1 DAGs
[2025-05-01T11:25:43.960+0000] {logging_mixin.py:188} INFO - [2025-05-01T11:25:43.959+0000] {dag.py:3954} INFO - Setting next_dagrun for example_short_circuit_decorator to 2025-04-30 00:00:00+00:00, run_after=2025-05-01 00:00:00+00:00
[2025-05-01T11:25:44.039+0000] {processor.py:183} INFO - Processing /home/airflow/.local/lib/python3.12/site-packages/airflow/example_dags/example_short_circuit_decorator.py took 0.255 seconds
[2025-05-01T11:31:52.064+0000] {processor.py:161} INFO - Started process (PID=114) to work on /home/airflow/.local/lib/python3.12/site-packages/airflow/example_dags/example_short_circuit_decorator.py
[2025-05-01T11:31:52.068+0000] {processor.py:830} INFO - Processing file /home/airflow/.local/lib/python3.12/site-packages/airflow/example_dags/example_short_circuit_decorator.py for tasks to queue
[2025-05-01T11:31:52.073+0000] {logging_mixin.py:188} INFO - [2025-05-01T11:31:52.072+0000] {dagbag.py:545} INFO - Filling up the DagBag from /home/airflow/.local/lib/python3.12/site-packages/airflow/example_dags/example_short_circuit_decorator.py
[2025-05-01T11:31:52.100+0000] {processor.py:840} INFO - DAG(s) 'example_short_circuit_decorator' retrieved from /home/airflow/.local/lib/python3.12/site-packages/airflow/example_dags/example_short_circuit_decorator.py
[2025-05-01T11:31:52.407+0000] {logging_mixin.py:188} INFO - [2025-05-01T11:31:52.407+0000] {dag.py:3096} INFO - Sync 1 DAGs
[2025-05-01T11:31:52.463+0000] {logging_mixin.py:188} INFO - [2025-05-01T11:31:52.463+0000] {dag.py:3954} INFO - Setting next_dagrun for example_short_circuit_decorator to 2025-04-30 00:00:00+00:00, run_after=2025-05-01 00:00:00+00:00
[2025-05-01T11:31:52.514+0000] {processor.py:183} INFO - Processing /home/airflow/.local/lib/python3.12/site-packages/airflow/example_dags/example_short_circuit_decorator.py took 0.464 seconds
[2025-05-01T11:32:22.934+0000] {processor.py:161} INFO - Started process (PID=173) to work on /home/airflow/.local/lib/python3.12/site-packages/airflow/example_dags/example_short_circuit_decorator.py
[2025-05-01T11:32:22.937+0000] {processor.py:830} INFO - Processing file /home/airflow/.local/lib/python3.12/site-packages/airflow/example_dags/example_short_circuit_decorator.py for tasks to queue
[2025-05-01T11:32:22.941+0000] {logging_mixin.py:188} INFO - [2025-05-01T11:32:22.940+0000] {dagbag.py:545} INFO - Filling up the DagBag from /home/airflow/.local/lib/python3.12/site-packages/airflow/example_dags/example_short_circuit_decorator.py
[2025-05-01T11:32:22.964+0000] {processor.py:840} INFO - DAG(s) 'example_short_circuit_decorator' retrieved from /home/airflow/.local/lib/python3.12/site-packages/airflow/example_dags/example_short_circuit_decorator.py
[2025-05-01T11:32:23.025+0000] {logging_mixin.py:188} INFO - [2025-05-01T11:32:23.025+0000] {dag.py:3096} INFO - Sync 1 DAGs
[2025-05-01T11:32:23.075+0000] {logging_mixin.py:188} INFO - [2025-05-01T11:32:23.074+0000] {dag.py:3954} INFO - Setting next_dagrun for example_short_circuit_decorator to 2025-04-30 00:00:00+00:00, run_after=2025-05-01 00:00:00+00:00
[2025-05-01T11:32:23.136+0000] {processor.py:183} INFO - Processing /home/airflow/.local/lib/python3.12/site-packages/airflow/example_dags/example_short_circuit_decorator.py took 0.214 seconds
[2025-05-01T11:32:53.375+0000] {processor.py:161} INFO - Started process (PID=238) to work on /home/airflow/.local/lib/python3.12/site-packages/airflow/example_dags/example_short_circuit_decorator.py
[2025-05-01T11:32:53.377+0000] {processor.py:830} INFO - Processing file /home/airflow/.local/lib/python3.12/site-packages/airflow/example_dags/example_short_circuit_decorator.py for tasks to queue
[2025-05-01T11:32:53.381+0000] {logging_mixin.py:188} INFO - [2025-05-01T11:32:53.381+0000] {dagbag.py:545} INFO - Filling up the DagBag from /home/airflow/.local/lib/python3.12/site-packages/airflow/example_dags/example_short_circuit_decorator.py
[2025-05-01T11:32:53.399+0000] {processor.py:840} INFO - DAG(s) 'example_short_circuit_decorator' retrieved from /home/airflow/.local/lib/python3.12/site-packages/airflow/example_dags/example_short_circuit_decorator.py
[2025-05-01T11:32:53.478+0000] {logging_mixin.py:188} INFO - [2025-05-01T11:32:53.477+0000] {dag.py:3096} INFO - Sync 1 DAGs
[2025-05-01T11:32:53.524+0000] {logging_mixin.py:188} INFO - [2025-05-01T11:32:53.523+0000] {dag.py:3954} INFO - Setting next_dagrun for example_short_circuit_decorator to 2025-04-30 00:00:00+00:00, run_after=2025-05-01 00:00:00+00:00
[2025-05-01T11:32:53.579+0000] {processor.py:183} INFO - Processing /home/airflow/.local/lib/python3.12/site-packages/airflow/example_dags/example_short_circuit_decorator.py took 0.214 seconds
[2025-05-01T11:33:23.997+0000] {processor.py:161} INFO - Started process (PID=296) to work on /home/airflow/.local/lib/python3.12/site-packages/airflow/example_dags/example_short_circuit_decorator.py
[2025-05-01T11:33:23.999+0000] {processor.py:830} INFO - Processing file /home/airflow/.local/lib/python3.12/site-packages/airflow/example_dags/example_short_circuit_decorator.py for tasks to queue
[2025-05-01T11:33:24.003+0000] {logging_mixin.py:188} INFO - [2025-05-01T11:33:24.003+0000] {dagbag.py:545} INFO - Filling up the DagBag from /home/airflow/.local/lib/python3.12/site-packages/airflow/example_dags/example_short_circuit_decorator.py
[2025-05-01T11:33:24.021+0000] {processor.py:840} INFO - DAG(s) 'example_short_circuit_decorator' retrieved from /home/airflow/.local/lib/python3.12/site-packages/airflow/example_dags/example_short_circuit_decorator.py
[2025-05-01T11:33:24.068+0000] {logging_mixin.py:188} INFO - [2025-05-01T11:33:24.067+0000] {dag.py:3096} INFO - Sync 1 DAGs
[2025-05-01T11:33:24.111+0000] {logging_mixin.py:188} INFO - [2025-05-01T11:33:24.111+0000] {dag.py:3954} INFO - Setting next_dagrun for example_short_circuit_decorator to 2025-04-30 00:00:00+00:00, run_after=2025-05-01 00:00:00+00:00
[2025-05-01T11:33:24.152+0000] {processor.py:183} INFO - Processing /home/airflow/.local/lib/python3.12/site-packages/airflow/example_dags/example_short_circuit_decorator.py took 0.166 seconds
[2025-05-01T11:33:55.214+0000] {processor.py:161} INFO - Started process (PID=356) to work on /home/airflow/.local/lib/python3.12/site-packages/airflow/example_dags/example_short_circuit_decorator.py
[2025-05-01T11:33:55.218+0000] {processor.py:830} INFO - Processing file /home/airflow/.local/lib/python3.12/site-packages/airflow/example_dags/example_short_circuit_decorator.py for tasks to queue
[2025-05-01T11:33:55.224+0000] {logging_mixin.py:188} INFO - [2025-05-01T11:33:55.223+0000] {dagbag.py:545} INFO - Filling up the DagBag from /home/airflow/.local/lib/python3.12/site-packages/airflow/example_dags/example_short_circuit_decorator.py
[2025-05-01T11:33:55.248+0000] {processor.py:840} INFO - DAG(s) 'example_short_circuit_decorator' retrieved from /home/airflow/.local/lib/python3.12/site-packages/airflow/example_dags/example_short_circuit_decorator.py
[2025-05-01T11:33:55.344+0000] {logging_mixin.py:188} INFO - [2025-05-01T11:33:55.343+0000] {dag.py:3096} INFO - Sync 1 DAGs
[2025-05-01T11:33:55.420+0000] {logging_mixin.py:188} INFO - [2025-05-01T11:33:55.419+0000] {dag.py:3954} INFO - Setting next_dagrun for example_short_circuit_decorator to 2025-04-30 00:00:00+00:00, run_after=2025-05-01 00:00:00+00:00
[2025-05-01T11:33:55.511+0000] {processor.py:183} INFO - Processing /home/airflow/.local/lib/python3.12/site-packages/airflow/example_dags/example_short_circuit_decorator.py took 0.308 seconds
[2025-05-01T11:34:25.891+0000] {processor.py:161} INFO - Started process (PID=415) to work on /home/airflow/.local/lib/python3.12/site-packages/airflow/example_dags/example_short_circuit_decorator.py
[2025-05-01T11:34:25.893+0000] {processor.py:830} INFO - Processing file /home/airflow/.local/lib/python3.12/site-packages/airflow/example_dags/example_short_circuit_decorator.py for tasks to queue
[2025-05-01T11:34:25.898+0000] {logging_mixin.py:188} INFO - [2025-05-01T11:34:25.897+0000] {dagbag.py:545} INFO - Filling up the DagBag from /home/airflow/.local/lib/python3.12/site-packages/airflow/example_dags/example_short_circuit_decorator.py
[2025-05-01T11:34:25.923+0000] {processor.py:840} INFO - DAG(s) 'example_short_circuit_decorator' retrieved from /home/airflow/.local/lib/python3.12/site-packages/airflow/example_dags/example_short_circuit_decorator.py
[2025-05-01T11:34:25.977+0000] {logging_mixin.py:188} INFO - [2025-05-01T11:34:25.976+0000] {dag.py:3096} INFO - Sync 1 DAGs
[2025-05-01T11:34:26.030+0000] {logging_mixin.py:188} INFO - [2025-05-01T11:34:26.030+0000] {dag.py:3954} INFO - Setting next_dagrun for example_short_circuit_decorator to 2025-04-30 00:00:00+00:00, run_after=2025-05-01 00:00:00+00:00
[2025-05-01T11:34:26.123+0000] {processor.py:183} INFO - Processing /home/airflow/.local/lib/python3.12/site-packages/airflow/example_dags/example_short_circuit_decorator.py took 0.244 seconds
[2025-05-01T11:34:56.478+0000] {processor.py:161} INFO - Started process (PID=474) to work on /home/airflow/.local/lib/python3.12/site-packages/airflow/example_dags/example_short_circuit_decorator.py
[2025-05-01T11:34:56.480+0000] {processor.py:830} INFO - Processing file /home/airflow/.local/lib/python3.12/site-packages/airflow/example_dags/example_short_circuit_decorator.py for tasks to queue
[2025-05-01T11:34:56.484+0000] {logging_mixin.py:188} INFO - [2025-05-01T11:34:56.484+0000] {dagbag.py:545} INFO - Filling up the DagBag from /home/airflow/.local/lib/python3.12/site-packages/airflow/example_dags/example_short_circuit_decorator.py
[2025-05-01T11:34:56.501+0000] {processor.py:840} INFO - DAG(s) 'example_short_circuit_decorator' retrieved from /home/airflow/.local/lib/python3.12/site-packages/airflow/example_dags/example_short_circuit_decorator.py
[2025-05-01T11:34:56.552+0000] {logging_mixin.py:188} INFO - [2025-05-01T11:34:56.552+0000] {dag.py:3096} INFO - Sync 1 DAGs
[2025-05-01T11:34:56.604+0000] {logging_mixin.py:188} INFO - [2025-05-01T11:34:56.603+0000] {dag.py:3954} INFO - Setting next_dagrun for example_short_circuit_decorator to 2025-04-30 00:00:00+00:00, run_after=2025-05-01 00:00:00+00:00
[2025-05-01T11:34:56.652+0000] {processor.py:183} INFO - Processing /home/airflow/.local/lib/python3.12/site-packages/airflow/example_dags/example_short_circuit_decorator.py took 0.185 seconds
[2025-05-01T11:35:27.625+0000] {processor.py:161} INFO - Started process (PID=533) to work on /home/airflow/.local/lib/python3.12/site-packages/airflow/example_dags/example_short_circuit_decorator.py
[2025-05-01T11:35:27.628+0000] {processor.py:830} INFO - Processing file /home/airflow/.local/lib/python3.12/site-packages/airflow/example_dags/example_short_circuit_decorator.py for tasks to queue
[2025-05-01T11:35:27.636+0000] {logging_mixin.py:188} INFO - [2025-05-01T11:35:27.634+0000] {dagbag.py:545} INFO - Filling up the DagBag from /home/airflow/.local/lib/python3.12/site-packages/airflow/example_dags/example_short_circuit_decorator.py
[2025-05-01T11:35:27.662+0000] {processor.py:840} INFO - DAG(s) 'example_short_circuit_decorator' retrieved from /home/airflow/.local/lib/python3.12/site-packages/airflow/example_dags/example_short_circuit_decorator.py
[2025-05-01T11:35:27.726+0000] {logging_mixin.py:188} INFO - [2025-05-01T11:35:27.725+0000] {dag.py:3096} INFO - Sync 1 DAGs
[2025-05-01T11:35:27.778+0000] {logging_mixin.py:188} INFO - [2025-05-01T11:35:27.777+0000] {dag.py:3954} INFO - Setting next_dagrun for example_short_circuit_decorator to 2025-04-30 00:00:00+00:00, run_after=2025-05-01 00:00:00+00:00
[2025-05-01T11:35:27.827+0000] {processor.py:183} INFO - Processing /home/airflow/.local/lib/python3.12/site-packages/airflow/example_dags/example_short_circuit_decorator.py took 0.219 seconds
[2025-05-01T11:35:58.026+0000] {processor.py:161} INFO - Started process (PID=591) to work on /home/airflow/.local/lib/python3.12/site-packages/airflow/example_dags/example_short_circuit_decorator.py
[2025-05-01T11:35:58.030+0000] {processor.py:830} INFO - Processing file /home/airflow/.local/lib/python3.12/site-packages/airflow/example_dags/example_short_circuit_decorator.py for tasks to queue
[2025-05-01T11:35:58.035+0000] {logging_mixin.py:188} INFO - [2025-05-01T11:35:58.034+0000] {dagbag.py:545} INFO - Filling up the DagBag from /home/airflow/.local/lib/python3.12/site-packages/airflow/example_dags/example_short_circuit_decorator.py
[2025-05-01T11:35:58.068+0000] {processor.py:840} INFO - DAG(s) 'example_short_circuit_decorator' retrieved from /home/airflow/.local/lib/python3.12/site-packages/airflow/example_dags/example_short_circuit_decorator.py
[2025-05-01T11:35:58.143+0000] {logging_mixin.py:188} INFO - [2025-05-01T11:35:58.142+0000] {dag.py:3096} INFO - Sync 1 DAGs
[2025-05-01T11:35:58.212+0000] {logging_mixin.py:188} INFO - [2025-05-01T11:35:58.211+0000] {dag.py:3954} INFO - Setting next_dagrun for example_short_circuit_decorator to 2025-04-30 00:00:00+00:00, run_after=2025-05-01 00:00:00+00:00
[2025-05-01T11:35:58.316+0000] {processor.py:183} INFO - Processing /home/airflow/.local/lib/python3.12/site-packages/airflow/example_dags/example_short_circuit_decorator.py took 0.320 seconds
[2025-05-01T11:36:28.484+0000] {processor.py:161} INFO - Started process (PID=650) to work on /home/airflow/.local/lib/python3.12/site-packages/airflow/example_dags/example_short_circuit_decorator.py
[2025-05-01T11:36:28.486+0000] {processor.py:830} INFO - Processing file /home/airflow/.local/lib/python3.12/site-packages/airflow/example_dags/example_short_circuit_decorator.py for tasks to queue
[2025-05-01T11:36:28.491+0000] {logging_mixin.py:188} INFO - [2025-05-01T11:36:28.490+0000] {dagbag.py:545} INFO - Filling up the DagBag from /home/airflow/.local/lib/python3.12/site-packages/airflow/example_dags/example_short_circuit_decorator.py
[2025-05-01T11:36:28.512+0000] {processor.py:840} INFO - DAG(s) 'example_short_circuit_decorator' retrieved from /home/airflow/.local/lib/python3.12/site-packages/airflow/example_dags/example_short_circuit_decorator.py
[2025-05-01T11:36:28.562+0000] {logging_mixin.py:188} INFO - [2025-05-01T11:36:28.562+0000] {dag.py:3096} INFO - Sync 1 DAGs
[2025-05-01T11:36:28.621+0000] {logging_mixin.py:188} INFO - [2025-05-01T11:36:28.620+0000] {dag.py:3954} INFO - Setting next_dagrun for example_short_circuit_decorator to 2025-04-30 00:00:00+00:00, run_after=2025-05-01 00:00:00+00:00
[2025-05-01T11:36:28.679+0000] {processor.py:183} INFO - Processing /home/airflow/.local/lib/python3.12/site-packages/airflow/example_dags/example_short_circuit_decorator.py took 0.206 seconds
[2025-05-01T11:36:59.225+0000] {processor.py:161} INFO - Started process (PID=709) to work on /home/airflow/.local/lib/python3.12/site-packages/airflow/example_dags/example_short_circuit_decorator.py
[2025-05-01T11:36:59.228+0000] {processor.py:830} INFO - Processing file /home/airflow/.local/lib/python3.12/site-packages/airflow/example_dags/example_short_circuit_decorator.py for tasks to queue
[2025-05-01T11:36:59.235+0000] {logging_mixin.py:188} INFO - [2025-05-01T11:36:59.234+0000] {dagbag.py:545} INFO - Filling up the DagBag from /home/airflow/.local/lib/python3.12/site-packages/airflow/example_dags/example_short_circuit_decorator.py
[2025-05-01T11:36:59.262+0000] {processor.py:840} INFO - DAG(s) 'example_short_circuit_decorator' retrieved from /home/airflow/.local/lib/python3.12/site-packages/airflow/example_dags/example_short_circuit_decorator.py
[2025-05-01T11:36:59.317+0000] {logging_mixin.py:188} INFO - [2025-05-01T11:36:59.316+0000] {dag.py:3096} INFO - Sync 1 DAGs
[2025-05-01T11:36:59.377+0000] {logging_mixin.py:188} INFO - [2025-05-01T11:36:59.377+0000] {dag.py:3954} INFO - Setting next_dagrun for example_short_circuit_decorator to 2025-04-30 00:00:00+00:00, run_after=2025-05-01 00:00:00+00:00
[2025-05-01T11:36:59.421+0000] {processor.py:183} INFO - Processing /home/airflow/.local/lib/python3.12/site-packages/airflow/example_dags/example_short_circuit_decorator.py took 0.213 seconds
[2025-05-01T11:37:29.884+0000] {processor.py:161} INFO - Started process (PID=769) to work on /home/airflow/.local/lib/python3.12/site-packages/airflow/example_dags/example_short_circuit_decorator.py
[2025-05-01T11:37:29.887+0000] {processor.py:830} INFO - Processing file /home/airflow/.local/lib/python3.12/site-packages/airflow/example_dags/example_short_circuit_decorator.py for tasks to queue
[2025-05-01T11:37:29.891+0000] {logging_mixin.py:188} INFO - [2025-05-01T11:37:29.890+0000] {dagbag.py:545} INFO - Filling up the DagBag from /home/airflow/.local/lib/python3.12/site-packages/airflow/example_dags/example_short_circuit_decorator.py
[2025-05-01T11:37:29.915+0000] {processor.py:840} INFO - DAG(s) 'example_short_circuit_decorator' retrieved from /home/airflow/.local/lib/python3.12/site-packages/airflow/example_dags/example_short_circuit_decorator.py
[2025-05-01T11:37:29.974+0000] {logging_mixin.py:188} INFO - [2025-05-01T11:37:29.973+0000] {dag.py:3096} INFO - Sync 1 DAGs
[2025-05-01T11:37:30.030+0000] {logging_mixin.py:188} INFO - [2025-05-01T11:37:30.029+0000] {dag.py:3954} INFO - Setting next_dagrun for example_short_circuit_decorator to 2025-04-30 00:00:00+00:00, run_after=2025-05-01 00:00:00+00:00
[2025-05-01T11:37:30.095+0000] {processor.py:183} INFO - Processing /home/airflow/.local/lib/python3.12/site-packages/airflow/example_dags/example_short_circuit_decorator.py took 0.223 seconds
[2025-05-01T11:38:00.386+0000] {processor.py:161} INFO - Started process (PID=828) to work on /home/airflow/.local/lib/python3.12/site-packages/airflow/example_dags/example_short_circuit_decorator.py
[2025-05-01T11:38:00.391+0000] {processor.py:830} INFO - Processing file /home/airflow/.local/lib/python3.12/site-packages/airflow/example_dags/example_short_circuit_decorator.py for tasks to queue
[2025-05-01T11:38:00.397+0000] {logging_mixin.py:188} INFO - [2025-05-01T11:38:00.397+0000] {dagbag.py:545} INFO - Filling up the DagBag from /home/airflow/.local/lib/python3.12/site-packages/airflow/example_dags/example_short_circuit_decorator.py
[2025-05-01T11:38:00.419+0000] {processor.py:840} INFO - DAG(s) 'example_short_circuit_decorator' retrieved from /home/airflow/.local/lib/python3.12/site-packages/airflow/example_dags/example_short_circuit_decorator.py
[2025-05-01T11:38:00.468+0000] {logging_mixin.py:188} INFO - [2025-05-01T11:38:00.468+0000] {dag.py:3096} INFO - Sync 1 DAGs
[2025-05-01T11:38:00.511+0000] {logging_mixin.py:188} INFO - [2025-05-01T11:38:00.511+0000] {dag.py:3954} INFO - Setting next_dagrun for example_short_circuit_decorator to 2025-04-30 00:00:00+00:00, run_after=2025-05-01 00:00:00+00:00
[2025-05-01T11:38:00.555+0000] {processor.py:183} INFO - Processing /home/airflow/.local/lib/python3.12/site-packages/airflow/example_dags/example_short_circuit_decorator.py took 0.192 seconds
[2025-05-01T11:38:31.022+0000] {processor.py:161} INFO - Started process (PID=887) to work on /home/airflow/.local/lib/python3.12/site-packages/airflow/example_dags/example_short_circuit_decorator.py
[2025-05-01T11:38:31.026+0000] {processor.py:830} INFO - Processing file /home/airflow/.local/lib/python3.12/site-packages/airflow/example_dags/example_short_circuit_decorator.py for tasks to queue
[2025-05-01T11:38:31.032+0000] {logging_mixin.py:188} INFO - [2025-05-01T11:38:31.030+0000] {dagbag.py:545} INFO - Filling up the DagBag from /home/airflow/.local/lib/python3.12/site-packages/airflow/example_dags/example_short_circuit_decorator.py
[2025-05-01T11:38:31.070+0000] {processor.py:840} INFO - DAG(s) 'example_short_circuit_decorator' retrieved from /home/airflow/.local/lib/python3.12/site-packages/airflow/example_dags/example_short_circuit_decorator.py
[2025-05-01T11:38:31.127+0000] {logging_mixin.py:188} INFO - [2025-05-01T11:38:31.126+0000] {dag.py:3096} INFO - Sync 1 DAGs
[2025-05-01T11:38:31.183+0000] {logging_mixin.py:188} INFO - [2025-05-01T11:38:31.182+0000] {dag.py:3954} INFO - Setting next_dagrun for example_short_circuit_decorator to 2025-04-30 00:00:00+00:00, run_after=2025-05-01 00:00:00+00:00
[2025-05-01T11:38:31.236+0000] {processor.py:183} INFO - Processing /home/airflow/.local/lib/python3.12/site-packages/airflow/example_dags/example_short_circuit_decorator.py took 0.237 seconds
[2025-05-01T11:39:01.478+0000] {processor.py:161} INFO - Started process (PID=946) to work on /home/airflow/.local/lib/python3.12/site-packages/airflow/example_dags/example_short_circuit_decorator.py
[2025-05-01T11:39:01.482+0000] {processor.py:830} INFO - Processing file /home/airflow/.local/lib/python3.12/site-packages/airflow/example_dags/example_short_circuit_decorator.py for tasks to queue
[2025-05-01T11:39:01.487+0000] {logging_mixin.py:188} INFO - [2025-05-01T11:39:01.486+0000] {dagbag.py:545} INFO - Filling up the DagBag from /home/airflow/.local/lib/python3.12/site-packages/airflow/example_dags/example_short_circuit_decorator.py
[2025-05-01T11:39:01.516+0000] {processor.py:840} INFO - DAG(s) 'example_short_circuit_decorator' retrieved from /home/airflow/.local/lib/python3.12/site-packages/airflow/example_dags/example_short_circuit_decorator.py
[2025-05-01T11:39:01.587+0000] {logging_mixin.py:188} INFO - [2025-05-01T11:39:01.586+0000] {dag.py:3096} INFO - Sync 1 DAGs
[2025-05-01T11:39:01.652+0000] {logging_mixin.py:188} INFO - [2025-05-01T11:39:01.652+0000] {dag.py:3954} INFO - Setting next_dagrun for example_short_circuit_decorator to 2025-04-30 00:00:00+00:00, run_after=2025-05-01 00:00:00+00:00
[2025-05-01T11:39:01.720+0000] {processor.py:183} INFO - Processing /home/airflow/.local/lib/python3.12/site-packages/airflow/example_dags/example_short_circuit_decorator.py took 0.259 seconds
[2025-05-01T11:39:32.335+0000] {processor.py:161} INFO - Started process (PID=1006) to work on /home/airflow/.local/lib/python3.12/site-packages/airflow/example_dags/example_short_circuit_decorator.py
[2025-05-01T11:39:32.338+0000] {processor.py:830} INFO - Processing file /home/airflow/.local/lib/python3.12/site-packages/airflow/example_dags/example_short_circuit_decorator.py for tasks to queue
[2025-05-01T11:39:32.343+0000] {logging_mixin.py:188} INFO - [2025-05-01T11:39:32.342+0000] {dagbag.py:545} INFO - Filling up the DagBag from /home/airflow/.local/lib/python3.12/site-packages/airflow/example_dags/example_short_circuit_decorator.py
[2025-05-01T11:39:32.367+0000] {processor.py:840} INFO - DAG(s) 'example_short_circuit_decorator' retrieved from /home/airflow/.local/lib/python3.12/site-packages/airflow/example_dags/example_short_circuit_decorator.py
[2025-05-01T11:39:32.428+0000] {logging_mixin.py:188} INFO - [2025-05-01T11:39:32.427+0000] {dag.py:3096} INFO - Sync 1 DAGs
[2025-05-01T11:39:32.489+0000] {logging_mixin.py:188} INFO - [2025-05-01T11:39:32.488+0000] {dag.py:3954} INFO - Setting next_dagrun for example_short_circuit_decorator to 2025-04-30 00:00:00+00:00, run_after=2025-05-01 00:00:00+00:00
[2025-05-01T11:39:32.551+0000] {processor.py:183} INFO - Processing /home/airflow/.local/lib/python3.12/site-packages/airflow/example_dags/example_short_circuit_decorator.py took 0.229 seconds
[2025-05-01T11:40:02.899+0000] {processor.py:161} INFO - Started process (PID=1065) to work on /home/airflow/.local/lib/python3.12/site-packages/airflow/example_dags/example_short_circuit_decorator.py
[2025-05-01T11:40:02.901+0000] {processor.py:830} INFO - Processing file /home/airflow/.local/lib/python3.12/site-packages/airflow/example_dags/example_short_circuit_decorator.py for tasks to queue
[2025-05-01T11:40:02.906+0000] {logging_mixin.py:188} INFO - [2025-05-01T11:40:02.905+0000] {dagbag.py:545} INFO - Filling up the DagBag from /home/airflow/.local/lib/python3.12/site-packages/airflow/example_dags/example_short_circuit_decorator.py
[2025-05-01T11:40:02.926+0000] {processor.py:840} INFO - DAG(s) 'example_short_circuit_decorator' retrieved from /home/airflow/.local/lib/python3.12/site-packages/airflow/example_dags/example_short_circuit_decorator.py
[2025-05-01T11:40:02.983+0000] {logging_mixin.py:188} INFO - [2025-05-01T11:40:02.982+0000] {dag.py:3096} INFO - Sync 1 DAGs
[2025-05-01T11:40:03.040+0000] {logging_mixin.py:188} INFO - [2025-05-01T11:40:03.040+0000] {dag.py:3954} INFO - Setting next_dagrun for example_short_circuit_decorator to 2025-04-30 00:00:00+00:00, run_after=2025-05-01 00:00:00+00:00
[2025-05-01T11:40:03.098+0000] {processor.py:183} INFO - Processing /home/airflow/.local/lib/python3.12/site-packages/airflow/example_dags/example_short_circuit_decorator.py took 0.212 seconds
[2025-05-01T11:40:33.729+0000] {processor.py:161} INFO - Started process (PID=1124) to work on /home/airflow/.local/lib/python3.12/site-packages/airflow/example_dags/example_short_circuit_decorator.py
[2025-05-01T11:40:33.732+0000] {processor.py:830} INFO - Processing file /home/airflow/.local/lib/python3.12/site-packages/airflow/example_dags/example_short_circuit_decorator.py for tasks to queue
[2025-05-01T11:40:33.737+0000] {logging_mixin.py:188} INFO - [2025-05-01T11:40:33.736+0000] {dagbag.py:545} INFO - Filling up the DagBag from /home/airflow/.local/lib/python3.12/site-packages/airflow/example_dags/example_short_circuit_decorator.py
[2025-05-01T11:40:33.765+0000] {processor.py:840} INFO - DAG(s) 'example_short_circuit_decorator' retrieved from /home/airflow/.local/lib/python3.12/site-packages/airflow/example_dags/example_short_circuit_decorator.py
[2025-05-01T11:40:33.882+0000] {logging_mixin.py:188} INFO - [2025-05-01T11:40:33.882+0000] {dag.py:3096} INFO - Sync 1 DAGs
[2025-05-01T11:40:33.934+0000] {logging_mixin.py:188} INFO - [2025-05-01T11:40:33.933+0000] {dag.py:3954} INFO - Setting next_dagrun for example_short_circuit_decorator to 2025-04-30 00:00:00+00:00, run_after=2025-05-01 00:00:00+00:00
[2025-05-01T11:40:33.998+0000] {processor.py:183} INFO - Processing /home/airflow/.local/lib/python3.12/site-packages/airflow/example_dags/example_short_circuit_decorator.py took 0.282 seconds
[2025-05-01T11:41:04.566+0000] {processor.py:161} INFO - Started process (PID=1183) to work on /home/airflow/.local/lib/python3.12/site-packages/airflow/example_dags/example_short_circuit_decorator.py
[2025-05-01T11:41:04.570+0000] {processor.py:830} INFO - Processing file /home/airflow/.local/lib/python3.12/site-packages/airflow/example_dags/example_short_circuit_decorator.py for tasks to queue
[2025-05-01T11:41:04.575+0000] {logging_mixin.py:188} INFO - [2025-05-01T11:41:04.574+0000] {dagbag.py:545} INFO - Filling up the DagBag from /home/airflow/.local/lib/python3.12/site-packages/airflow/example_dags/example_short_circuit_decorator.py
[2025-05-01T11:41:04.597+0000] {processor.py:840} INFO - DAG(s) 'example_short_circuit_decorator' retrieved from /home/airflow/.local/lib/python3.12/site-packages/airflow/example_dags/example_short_circuit_decorator.py
[2025-05-01T11:41:04.667+0000] {logging_mixin.py:188} INFO - [2025-05-01T11:41:04.666+0000] {dag.py:3096} INFO - Sync 1 DAGs
[2025-05-01T11:41:04.723+0000] {logging_mixin.py:188} INFO - [2025-05-01T11:41:04.723+0000] {dag.py:3954} INFO - Setting next_dagrun for example_short_circuit_decorator to 2025-04-30 00:00:00+00:00, run_after=2025-05-01 00:00:00+00:00
[2025-05-01T11:41:04.779+0000] {processor.py:183} INFO - Processing /home/airflow/.local/lib/python3.12/site-packages/airflow/example_dags/example_short_circuit_decorator.py took 0.228 seconds
[2025-05-01T11:41:35.555+0000] {processor.py:161} INFO - Started process (PID=1242) to work on /home/airflow/.local/lib/python3.12/site-packages/airflow/example_dags/example_short_circuit_decorator.py
[2025-05-01T11:41:35.557+0000] {processor.py:830} INFO - Processing file /home/airflow/.local/lib/python3.12/site-packages/airflow/example_dags/example_short_circuit_decorator.py for tasks to queue
[2025-05-01T11:41:35.562+0000] {logging_mixin.py:188} INFO - [2025-05-01T11:41:35.561+0000] {dagbag.py:545} INFO - Filling up the DagBag from /home/airflow/.local/lib/python3.12/site-packages/airflow/example_dags/example_short_circuit_decorator.py
[2025-05-01T11:41:35.582+0000] {processor.py:840} INFO - DAG(s) 'example_short_circuit_decorator' retrieved from /home/airflow/.local/lib/python3.12/site-packages/airflow/example_dags/example_short_circuit_decorator.py
[2025-05-01T11:41:35.647+0000] {logging_mixin.py:188} INFO - [2025-05-01T11:41:35.646+0000] {dag.py:3096} INFO - Sync 1 DAGs
[2025-05-01T11:41:35.699+0000] {logging_mixin.py:188} INFO - [2025-05-01T11:41:35.698+0000] {dag.py:3954} INFO - Setting next_dagrun for example_short_circuit_decorator to 2025-04-30 00:00:00+00:00, run_after=2025-05-01 00:00:00+00:00
[2025-05-01T11:41:35.758+0000] {processor.py:183} INFO - Processing /home/airflow/.local/lib/python3.12/site-packages/airflow/example_dags/example_short_circuit_decorator.py took 0.214 seconds
[2025-05-01T11:42:06.138+0000] {processor.py:161} INFO - Started process (PID=1302) to work on /home/airflow/.local/lib/python3.12/site-packages/airflow/example_dags/example_short_circuit_decorator.py
[2025-05-01T11:42:06.140+0000] {processor.py:830} INFO - Processing file /home/airflow/.local/lib/python3.12/site-packages/airflow/example_dags/example_short_circuit_decorator.py for tasks to queue
[2025-05-01T11:42:06.145+0000] {logging_mixin.py:188} INFO - [2025-05-01T11:42:06.144+0000] {dagbag.py:545} INFO - Filling up the DagBag from /home/airflow/.local/lib/python3.12/site-packages/airflow/example_dags/example_short_circuit_decorator.py
[2025-05-01T11:42:06.172+0000] {processor.py:840} INFO - DAG(s) 'example_short_circuit_decorator' retrieved from /home/airflow/.local/lib/python3.12/site-packages/airflow/example_dags/example_short_circuit_decorator.py
[2025-05-01T11:42:06.232+0000] {logging_mixin.py:188} INFO - [2025-05-01T11:42:06.231+0000] {dag.py:3096} INFO - Sync 1 DAGs
[2025-05-01T11:42:06.287+0000] {logging_mixin.py:188} INFO - [2025-05-01T11:42:06.287+0000] {dag.py:3954} INFO - Setting next_dagrun for example_short_circuit_decorator to 2025-04-30 00:00:00+00:00, run_after=2025-05-01 00:00:00+00:00
[2025-05-01T11:42:06.349+0000] {processor.py:183} INFO - Processing /home/airflow/.local/lib/python3.12/site-packages/airflow/example_dags/example_short_circuit_decorator.py took 0.229 seconds
[2025-05-01T11:42:36.927+0000] {processor.py:161} INFO - Started process (PID=1361) to work on /home/airflow/.local/lib/python3.12/site-packages/airflow/example_dags/example_short_circuit_decorator.py
[2025-05-01T11:42:36.929+0000] {processor.py:830} INFO - Processing file /home/airflow/.local/lib/python3.12/site-packages/airflow/example_dags/example_short_circuit_decorator.py for tasks to queue
[2025-05-01T11:42:36.933+0000] {logging_mixin.py:188} INFO - [2025-05-01T11:42:36.932+0000] {dagbag.py:545} INFO - Filling up the DagBag from /home/airflow/.local/lib/python3.12/site-packages/airflow/example_dags/example_short_circuit_decorator.py
[2025-05-01T11:42:36.952+0000] {processor.py:840} INFO - DAG(s) 'example_short_circuit_decorator' retrieved from /home/airflow/.local/lib/python3.12/site-packages/airflow/example_dags/example_short_circuit_decorator.py
[2025-05-01T11:42:37.007+0000] {logging_mixin.py:188} INFO - [2025-05-01T11:42:37.007+0000] {dag.py:3096} INFO - Sync 1 DAGs
[2025-05-01T11:42:37.063+0000] {logging_mixin.py:188} INFO - [2025-05-01T11:42:37.062+0000] {dag.py:3954} INFO - Setting next_dagrun for example_short_circuit_decorator to 2025-04-30 00:00:00+00:00, run_after=2025-05-01 00:00:00+00:00
[2025-05-01T11:42:37.132+0000] {processor.py:183} INFO - Processing /home/airflow/.local/lib/python3.12/site-packages/airflow/example_dags/example_short_circuit_decorator.py took 0.217 seconds
[2025-05-01T11:43:07.941+0000] {processor.py:161} INFO - Started process (PID=1420) to work on /home/airflow/.local/lib/python3.12/site-packages/airflow/example_dags/example_short_circuit_decorator.py
[2025-05-01T11:43:07.945+0000] {processor.py:830} INFO - Processing file /home/airflow/.local/lib/python3.12/site-packages/airflow/example_dags/example_short_circuit_decorator.py for tasks to queue
[2025-05-01T11:43:07.953+0000] {logging_mixin.py:188} INFO - [2025-05-01T11:43:07.951+0000] {dagbag.py:545} INFO - Filling up the DagBag from /home/airflow/.local/lib/python3.12/site-packages/airflow/example_dags/example_short_circuit_decorator.py
[2025-05-01T11:43:07.992+0000] {processor.py:840} INFO - DAG(s) 'example_short_circuit_decorator' retrieved from /home/airflow/.local/lib/python3.12/site-packages/airflow/example_dags/example_short_circuit_decorator.py
[2025-05-01T11:43:08.083+0000] {logging_mixin.py:188} INFO - [2025-05-01T11:43:08.082+0000] {dag.py:3096} INFO - Sync 1 DAGs
[2025-05-01T11:43:08.169+0000] {logging_mixin.py:188} INFO - [2025-05-01T11:43:08.168+0000] {dag.py:3954} INFO - Setting next_dagrun for example_short_circuit_decorator to 2025-04-30 00:00:00+00:00, run_after=2025-05-01 00:00:00+00:00
[2025-05-01T11:43:08.246+0000] {processor.py:183} INFO - Processing /home/airflow/.local/lib/python3.12/site-packages/airflow/example_dags/example_short_circuit_decorator.py took 0.324 seconds
[2025-05-01T11:43:38.940+0000] {processor.py:161} INFO - Started process (PID=1479) to work on /home/airflow/.local/lib/python3.12/site-packages/airflow/example_dags/example_short_circuit_decorator.py
[2025-05-01T11:43:38.943+0000] {processor.py:830} INFO - Processing file /home/airflow/.local/lib/python3.12/site-packages/airflow/example_dags/example_short_circuit_decorator.py for tasks to queue
[2025-05-01T11:43:38.950+0000] {logging_mixin.py:188} INFO - [2025-05-01T11:43:38.949+0000] {dagbag.py:545} INFO - Filling up the DagBag from /home/airflow/.local/lib/python3.12/site-packages/airflow/example_dags/example_short_circuit_decorator.py
[2025-05-01T11:43:38.980+0000] {processor.py:840} INFO - DAG(s) 'example_short_circuit_decorator' retrieved from /home/airflow/.local/lib/python3.12/site-packages/airflow/example_dags/example_short_circuit_decorator.py
[2025-05-01T11:43:39.058+0000] {logging_mixin.py:188} INFO - [2025-05-01T11:43:39.058+0000] {dag.py:3096} INFO - Sync 1 DAGs
[2025-05-01T11:43:39.127+0000] {logging_mixin.py:188} INFO - [2025-05-01T11:43:39.126+0000] {dag.py:3954} INFO - Setting next_dagrun for example_short_circuit_decorator to 2025-04-30 00:00:00+00:00, run_after=2025-05-01 00:00:00+00:00
[2025-05-01T11:43:39.183+0000] {processor.py:183} INFO - Processing /home/airflow/.local/lib/python3.12/site-packages/airflow/example_dags/example_short_circuit_decorator.py took 0.264 seconds
[2025-05-01T11:44:09.958+0000] {processor.py:161} INFO - Started process (PID=1538) to work on /home/airflow/.local/lib/python3.12/site-packages/airflow/example_dags/example_short_circuit_decorator.py
[2025-05-01T11:44:09.960+0000] {processor.py:830} INFO - Processing file /home/airflow/.local/lib/python3.12/site-packages/airflow/example_dags/example_short_circuit_decorator.py for tasks to queue
[2025-05-01T11:44:09.965+0000] {logging_mixin.py:188} INFO - [2025-05-01T11:44:09.965+0000] {dagbag.py:545} INFO - Filling up the DagBag from /home/airflow/.local/lib/python3.12/site-packages/airflow/example_dags/example_short_circuit_decorator.py
[2025-05-01T11:44:09.984+0000] {processor.py:840} INFO - DAG(s) 'example_short_circuit_decorator' retrieved from /home/airflow/.local/lib/python3.12/site-packages/airflow/example_dags/example_short_circuit_decorator.py
[2025-05-01T11:44:10.048+0000] {logging_mixin.py:188} INFO - [2025-05-01T11:44:10.047+0000] {dag.py:3096} INFO - Sync 1 DAGs
[2025-05-01T11:44:10.102+0000] {logging_mixin.py:188} INFO - [2025-05-01T11:44:10.101+0000] {dag.py:3954} INFO - Setting next_dagrun for example_short_circuit_decorator to 2025-04-30 00:00:00+00:00, run_after=2025-05-01 00:00:00+00:00
[2025-05-01T11:44:10.157+0000] {processor.py:183} INFO - Processing /home/airflow/.local/lib/python3.12/site-packages/airflow/example_dags/example_short_circuit_decorator.py took 0.210 seconds
[2025-05-01T11:44:40.468+0000] {processor.py:161} INFO - Started process (PID=1597) to work on /home/airflow/.local/lib/python3.12/site-packages/airflow/example_dags/example_short_circuit_decorator.py
[2025-05-01T11:44:40.471+0000] {processor.py:830} INFO - Processing file /home/airflow/.local/lib/python3.12/site-packages/airflow/example_dags/example_short_circuit_decorator.py for tasks to queue
[2025-05-01T11:44:40.475+0000] {logging_mixin.py:188} INFO - [2025-05-01T11:44:40.474+0000] {dagbag.py:545} INFO - Filling up the DagBag from /home/airflow/.local/lib/python3.12/site-packages/airflow/example_dags/example_short_circuit_decorator.py
[2025-05-01T11:44:40.498+0000] {processor.py:840} INFO - DAG(s) 'example_short_circuit_decorator' retrieved from /home/airflow/.local/lib/python3.12/site-packages/airflow/example_dags/example_short_circuit_decorator.py
[2025-05-01T11:44:40.559+0000] {logging_mixin.py:188} INFO - [2025-05-01T11:44:40.558+0000] {dag.py:3096} INFO - Sync 1 DAGs
[2025-05-01T11:44:40.623+0000] {logging_mixin.py:188} INFO - [2025-05-01T11:44:40.618+0000] {dag.py:3954} INFO - Setting next_dagrun for example_short_circuit_decorator to 2025-04-30 00:00:00+00:00, run_after=2025-05-01 00:00:00+00:00
[2025-05-01T11:44:40.687+0000] {processor.py:183} INFO - Processing /home/airflow/.local/lib/python3.12/site-packages/airflow/example_dags/example_short_circuit_decorator.py took 0.232 seconds
[2025-05-01T11:45:11.027+0000] {processor.py:161} INFO - Started process (PID=1656) to work on /home/airflow/.local/lib/python3.12/site-packages/airflow/example_dags/example_short_circuit_decorator.py
[2025-05-01T11:45:11.029+0000] {processor.py:830} INFO - Processing file /home/airflow/.local/lib/python3.12/site-packages/airflow/example_dags/example_short_circuit_decorator.py for tasks to queue
[2025-05-01T11:45:11.033+0000] {logging_mixin.py:188} INFO - [2025-05-01T11:45:11.032+0000] {dagbag.py:545} INFO - Filling up the DagBag from /home/airflow/.local/lib/python3.12/site-packages/airflow/example_dags/example_short_circuit_decorator.py
[2025-05-01T11:45:11.051+0000] {processor.py:840} INFO - DAG(s) 'example_short_circuit_decorator' retrieved from /home/airflow/.local/lib/python3.12/site-packages/airflow/example_dags/example_short_circuit_decorator.py
[2025-05-01T11:45:11.114+0000] {logging_mixin.py:188} INFO - [2025-05-01T11:45:11.113+0000] {dag.py:3096} INFO - Sync 1 DAGs
[2025-05-01T11:45:11.171+0000] {logging_mixin.py:188} INFO - [2025-05-01T11:45:11.170+0000] {dag.py:3954} INFO - Setting next_dagrun for example_short_circuit_decorator to 2025-04-30 00:00:00+00:00, run_after=2025-05-01 00:00:00+00:00
[2025-05-01T11:45:11.282+0000] {processor.py:183} INFO - Processing /home/airflow/.local/lib/python3.12/site-packages/airflow/example_dags/example_short_circuit_decorator.py took 0.266 seconds
[2025-05-01T11:45:41.424+0000] {processor.py:161} INFO - Started process (PID=1713) to work on /home/airflow/.local/lib/python3.12/site-packages/airflow/example_dags/example_short_circuit_decorator.py
[2025-05-01T11:45:41.426+0000] {processor.py:830} INFO - Processing file /home/airflow/.local/lib/python3.12/site-packages/airflow/example_dags/example_short_circuit_decorator.py for tasks to queue
[2025-05-01T11:45:41.430+0000] {logging_mixin.py:188} INFO - [2025-05-01T11:45:41.429+0000] {dagbag.py:545} INFO - Filling up the DagBag from /home/airflow/.local/lib/python3.12/site-packages/airflow/example_dags/example_short_circuit_decorator.py
[2025-05-01T11:45:41.448+0000] {processor.py:840} INFO - DAG(s) 'example_short_circuit_decorator' retrieved from /home/airflow/.local/lib/python3.12/site-packages/airflow/example_dags/example_short_circuit_decorator.py
[2025-05-01T11:45:41.507+0000] {logging_mixin.py:188} INFO - [2025-05-01T11:45:41.506+0000] {dag.py:3096} INFO - Sync 1 DAGs
[2025-05-01T11:45:41.557+0000] {logging_mixin.py:188} INFO - [2025-05-01T11:45:41.556+0000] {dag.py:3954} INFO - Setting next_dagrun for example_short_circuit_decorator to 2025-04-30 00:00:00+00:00, run_after=2025-05-01 00:00:00+00:00
[2025-05-01T11:45:41.606+0000] {processor.py:183} INFO - Processing /home/airflow/.local/lib/python3.12/site-packages/airflow/example_dags/example_short_circuit_decorator.py took 0.194 seconds
[2025-05-01T11:46:11.800+0000] {processor.py:161} INFO - Started process (PID=1772) to work on /home/airflow/.local/lib/python3.12/site-packages/airflow/example_dags/example_short_circuit_decorator.py
[2025-05-01T11:46:11.803+0000] {processor.py:830} INFO - Processing file /home/airflow/.local/lib/python3.12/site-packages/airflow/example_dags/example_short_circuit_decorator.py for tasks to queue
[2025-05-01T11:46:11.808+0000] {logging_mixin.py:188} INFO - [2025-05-01T11:46:11.808+0000] {dagbag.py:545} INFO - Filling up the DagBag from /home/airflow/.local/lib/python3.12/site-packages/airflow/example_dags/example_short_circuit_decorator.py
[2025-05-01T11:46:11.836+0000] {processor.py:840} INFO - DAG(s) 'example_short_circuit_decorator' retrieved from /home/airflow/.local/lib/python3.12/site-packages/airflow/example_dags/example_short_circuit_decorator.py
[2025-05-01T11:46:11.895+0000] {logging_mixin.py:188} INFO - [2025-05-01T11:46:11.894+0000] {dag.py:3096} INFO - Sync 1 DAGs
[2025-05-01T11:46:11.971+0000] {logging_mixin.py:188} INFO - [2025-05-01T11:46:11.970+0000] {dag.py:3954} INFO - Setting next_dagrun for example_short_circuit_decorator to 2025-04-30 00:00:00+00:00, run_after=2025-05-01 00:00:00+00:00
[2025-05-01T11:46:12.052+0000] {processor.py:183} INFO - Processing /home/airflow/.local/lib/python3.12/site-packages/airflow/example_dags/example_short_circuit_decorator.py took 0.277 seconds
[2025-05-01T11:46:42.224+0000] {processor.py:161} INFO - Started process (PID=1831) to work on /home/airflow/.local/lib/python3.12/site-packages/airflow/example_dags/example_short_circuit_decorator.py
[2025-05-01T11:46:42.227+0000] {processor.py:830} INFO - Processing file /home/airflow/.local/lib/python3.12/site-packages/airflow/example_dags/example_short_circuit_decorator.py for tasks to queue
[2025-05-01T11:46:42.231+0000] {logging_mixin.py:188} INFO - [2025-05-01T11:46:42.230+0000] {dagbag.py:545} INFO - Filling up the DagBag from /home/airflow/.local/lib/python3.12/site-packages/airflow/example_dags/example_short_circuit_decorator.py
[2025-05-01T11:46:42.254+0000] {processor.py:840} INFO - DAG(s) 'example_short_circuit_decorator' retrieved from /home/airflow/.local/lib/python3.12/site-packages/airflow/example_dags/example_short_circuit_decorator.py
[2025-05-01T11:46:42.307+0000] {logging_mixin.py:188} INFO - [2025-05-01T11:46:42.306+0000] {dag.py:3096} INFO - Sync 1 DAGs
[2025-05-01T11:46:42.370+0000] {logging_mixin.py:188} INFO - [2025-05-01T11:46:42.369+0000] {dag.py:3954} INFO - Setting next_dagrun for example_short_circuit_decorator to 2025-04-30 00:00:00+00:00, run_after=2025-05-01 00:00:00+00:00
[2025-05-01T11:46:42.428+0000] {processor.py:183} INFO - Processing /home/airflow/.local/lib/python3.12/site-packages/airflow/example_dags/example_short_circuit_decorator.py took 0.220 seconds
[2025-05-01T11:47:13.015+0000] {processor.py:161} INFO - Started process (PID=1890) to work on /home/airflow/.local/lib/python3.12/site-packages/airflow/example_dags/example_short_circuit_decorator.py
[2025-05-01T11:47:13.018+0000] {processor.py:830} INFO - Processing file /home/airflow/.local/lib/python3.12/site-packages/airflow/example_dags/example_short_circuit_decorator.py for tasks to queue
[2025-05-01T11:47:13.026+0000] {logging_mixin.py:188} INFO - [2025-05-01T11:47:13.025+0000] {dagbag.py:545} INFO - Filling up the DagBag from /home/airflow/.local/lib/python3.12/site-packages/airflow/example_dags/example_short_circuit_decorator.py
[2025-05-01T11:47:13.060+0000] {processor.py:840} INFO - DAG(s) 'example_short_circuit_decorator' retrieved from /home/airflow/.local/lib/python3.12/site-packages/airflow/example_dags/example_short_circuit_decorator.py
[2025-05-01T11:47:13.132+0000] {logging_mixin.py:188} INFO - [2025-05-01T11:47:13.131+0000] {dag.py:3096} INFO - Sync 1 DAGs
[2025-05-01T11:47:13.198+0000] {logging_mixin.py:188} INFO - [2025-05-01T11:47:13.197+0000] {dag.py:3954} INFO - Setting next_dagrun for example_short_circuit_decorator to 2025-04-30 00:00:00+00:00, run_after=2025-05-01 00:00:00+00:00
[2025-05-01T11:47:13.652+0000] {processor.py:183} INFO - Processing /home/airflow/.local/lib/python3.12/site-packages/airflow/example_dags/example_short_circuit_decorator.py took 0.655 seconds
[2025-05-01T11:47:44.476+0000] {processor.py:161} INFO - Started process (PID=1949) to work on /home/airflow/.local/lib/python3.12/site-packages/airflow/example_dags/example_short_circuit_decorator.py
[2025-05-01T11:47:44.479+0000] {processor.py:830} INFO - Processing file /home/airflow/.local/lib/python3.12/site-packages/airflow/example_dags/example_short_circuit_decorator.py for tasks to queue
[2025-05-01T11:47:44.484+0000] {logging_mixin.py:188} INFO - [2025-05-01T11:47:44.483+0000] {dagbag.py:545} INFO - Filling up the DagBag from /home/airflow/.local/lib/python3.12/site-packages/airflow/example_dags/example_short_circuit_decorator.py
[2025-05-01T11:47:44.512+0000] {processor.py:840} INFO - DAG(s) 'example_short_circuit_decorator' retrieved from /home/airflow/.local/lib/python3.12/site-packages/airflow/example_dags/example_short_circuit_decorator.py
[2025-05-01T11:47:44.582+0000] {logging_mixin.py:188} INFO - [2025-05-01T11:47:44.580+0000] {dag.py:3096} INFO - Sync 1 DAGs
[2025-05-01T11:47:44.652+0000] {logging_mixin.py:188} INFO - [2025-05-01T11:47:44.651+0000] {dag.py:3954} INFO - Setting next_dagrun for example_short_circuit_decorator to 2025-04-30 00:00:00+00:00, run_after=2025-05-01 00:00:00+00:00
[2025-05-01T11:47:44.709+0000] {processor.py:183} INFO - Processing /home/airflow/.local/lib/python3.12/site-packages/airflow/example_dags/example_short_circuit_decorator.py took 0.247 seconds
[2025-05-01T11:48:15.169+0000] {processor.py:161} INFO - Started process (PID=2008) to work on /home/airflow/.local/lib/python3.12/site-packages/airflow/example_dags/example_short_circuit_decorator.py
[2025-05-01T11:48:15.173+0000] {processor.py:830} INFO - Processing file /home/airflow/.local/lib/python3.12/site-packages/airflow/example_dags/example_short_circuit_decorator.py for tasks to queue
[2025-05-01T11:48:15.186+0000] {logging_mixin.py:188} INFO - [2025-05-01T11:48:15.185+0000] {dagbag.py:545} INFO - Filling up the DagBag from /home/airflow/.local/lib/python3.12/site-packages/airflow/example_dags/example_short_circuit_decorator.py
[2025-05-01T11:48:15.220+0000] {processor.py:840} INFO - DAG(s) 'example_short_circuit_decorator' retrieved from /home/airflow/.local/lib/python3.12/site-packages/airflow/example_dags/example_short_circuit_decorator.py
[2025-05-01T11:48:15.275+0000] {logging_mixin.py:188} INFO - [2025-05-01T11:48:15.275+0000] {dag.py:3096} INFO - Sync 1 DAGs
[2025-05-01T11:48:15.328+0000] {logging_mixin.py:188} INFO - [2025-05-01T11:48:15.327+0000] {dag.py:3954} INFO - Setting next_dagrun for example_short_circuit_decorator to 2025-04-30 00:00:00+00:00, run_after=2025-05-01 00:00:00+00:00
[2025-05-01T11:48:15.389+0000] {processor.py:183} INFO - Processing /home/airflow/.local/lib/python3.12/site-packages/airflow/example_dags/example_short_circuit_decorator.py took 0.239 seconds
[2025-05-01T11:48:45.671+0000] {processor.py:161} INFO - Started process (PID=2067) to work on /home/airflow/.local/lib/python3.12/site-packages/airflow/example_dags/example_short_circuit_decorator.py
[2025-05-01T11:48:45.673+0000] {processor.py:830} INFO - Processing file /home/airflow/.local/lib/python3.12/site-packages/airflow/example_dags/example_short_circuit_decorator.py for tasks to queue
[2025-05-01T11:48:45.677+0000] {logging_mixin.py:188} INFO - [2025-05-01T11:48:45.677+0000] {dagbag.py:545} INFO - Filling up the DagBag from /home/airflow/.local/lib/python3.12/site-packages/airflow/example_dags/example_short_circuit_decorator.py
[2025-05-01T11:48:45.695+0000] {processor.py:840} INFO - DAG(s) 'example_short_circuit_decorator' retrieved from /home/airflow/.local/lib/python3.12/site-packages/airflow/example_dags/example_short_circuit_decorator.py
[2025-05-01T11:48:45.753+0000] {logging_mixin.py:188} INFO - [2025-05-01T11:48:45.752+0000] {dag.py:3096} INFO - Sync 1 DAGs
[2025-05-01T11:48:45.803+0000] {logging_mixin.py:188} INFO - [2025-05-01T11:48:45.803+0000] {dag.py:3954} INFO - Setting next_dagrun for example_short_circuit_decorator to 2025-04-30 00:00:00+00:00, run_after=2025-05-01 00:00:00+00:00
[2025-05-01T11:48:45.851+0000] {processor.py:183} INFO - Processing /home/airflow/.local/lib/python3.12/site-packages/airflow/example_dags/example_short_circuit_decorator.py took 0.191 seconds
[2025-05-01T11:49:16.999+0000] {processor.py:161} INFO - Started process (PID=2127) to work on /home/airflow/.local/lib/python3.12/site-packages/airflow/example_dags/example_short_circuit_decorator.py
[2025-05-01T11:49:17.002+0000] {processor.py:830} INFO - Processing file /home/airflow/.local/lib/python3.12/site-packages/airflow/example_dags/example_short_circuit_decorator.py for tasks to queue
[2025-05-01T11:49:17.006+0000] {logging_mixin.py:188} INFO - [2025-05-01T11:49:17.006+0000] {dagbag.py:545} INFO - Filling up the DagBag from /home/airflow/.local/lib/python3.12/site-packages/airflow/example_dags/example_short_circuit_decorator.py
[2025-05-01T11:49:17.028+0000] {processor.py:840} INFO - DAG(s) 'example_short_circuit_decorator' retrieved from /home/airflow/.local/lib/python3.12/site-packages/airflow/example_dags/example_short_circuit_decorator.py
[2025-05-01T11:49:17.081+0000] {logging_mixin.py:188} INFO - [2025-05-01T11:49:17.081+0000] {dag.py:3096} INFO - Sync 1 DAGs
[2025-05-01T11:49:17.345+0000] {logging_mixin.py:188} INFO - [2025-05-01T11:49:17.345+0000] {dag.py:3954} INFO - Setting next_dagrun for example_short_circuit_decorator to 2025-04-30 00:00:00+00:00, run_after=2025-05-01 00:00:00+00:00
[2025-05-01T11:49:17.428+0000] {processor.py:183} INFO - Processing /home/airflow/.local/lib/python3.12/site-packages/airflow/example_dags/example_short_circuit_decorator.py took 0.441 seconds
[2025-05-01T11:49:47.576+0000] {processor.py:161} INFO - Started process (PID=2186) to work on /home/airflow/.local/lib/python3.12/site-packages/airflow/example_dags/example_short_circuit_decorator.py
[2025-05-01T11:49:47.578+0000] {processor.py:830} INFO - Processing file /home/airflow/.local/lib/python3.12/site-packages/airflow/example_dags/example_short_circuit_decorator.py for tasks to queue
[2025-05-01T11:49:47.583+0000] {logging_mixin.py:188} INFO - [2025-05-01T11:49:47.583+0000] {dagbag.py:545} INFO - Filling up the DagBag from /home/airflow/.local/lib/python3.12/site-packages/airflow/example_dags/example_short_circuit_decorator.py
[2025-05-01T11:49:47.605+0000] {processor.py:840} INFO - DAG(s) 'example_short_circuit_decorator' retrieved from /home/airflow/.local/lib/python3.12/site-packages/airflow/example_dags/example_short_circuit_decorator.py
[2025-05-01T11:49:47.670+0000] {logging_mixin.py:188} INFO - [2025-05-01T11:49:47.669+0000] {dag.py:3096} INFO - Sync 1 DAGs
[2025-05-01T11:49:47.735+0000] {logging_mixin.py:188} INFO - [2025-05-01T11:49:47.734+0000] {dag.py:3954} INFO - Setting next_dagrun for example_short_circuit_decorator to 2025-04-30 00:00:00+00:00, run_after=2025-05-01 00:00:00+00:00
[2025-05-01T11:49:47.786+0000] {processor.py:183} INFO - Processing /home/airflow/.local/lib/python3.12/site-packages/airflow/example_dags/example_short_circuit_decorator.py took 0.222 seconds
[2025-05-01T11:50:18.048+0000] {processor.py:161} INFO - Started process (PID=2245) to work on /home/airflow/.local/lib/python3.12/site-packages/airflow/example_dags/example_short_circuit_decorator.py
[2025-05-01T11:50:18.051+0000] {processor.py:830} INFO - Processing file /home/airflow/.local/lib/python3.12/site-packages/airflow/example_dags/example_short_circuit_decorator.py for tasks to queue
[2025-05-01T11:50:18.056+0000] {logging_mixin.py:188} INFO - [2025-05-01T11:50:18.055+0000] {dagbag.py:545} INFO - Filling up the DagBag from /home/airflow/.local/lib/python3.12/site-packages/airflow/example_dags/example_short_circuit_decorator.py
[2025-05-01T11:50:18.074+0000] {processor.py:840} INFO - DAG(s) 'example_short_circuit_decorator' retrieved from /home/airflow/.local/lib/python3.12/site-packages/airflow/example_dags/example_short_circuit_decorator.py
[2025-05-01T11:50:18.137+0000] {logging_mixin.py:188} INFO - [2025-05-01T11:50:18.136+0000] {dag.py:3096} INFO - Sync 1 DAGs
[2025-05-01T11:50:18.209+0000] {logging_mixin.py:188} INFO - [2025-05-01T11:50:18.208+0000] {dag.py:3954} INFO - Setting next_dagrun for example_short_circuit_decorator to 2025-04-30 00:00:00+00:00, run_after=2025-05-01 00:00:00+00:00
[2025-05-01T11:50:18.262+0000] {processor.py:183} INFO - Processing /home/airflow/.local/lib/python3.12/site-packages/airflow/example_dags/example_short_circuit_decorator.py took 0.229 seconds
[2025-05-01T11:50:48.552+0000] {processor.py:161} INFO - Started process (PID=2304) to work on /home/airflow/.local/lib/python3.12/site-packages/airflow/example_dags/example_short_circuit_decorator.py
[2025-05-01T11:50:48.555+0000] {processor.py:830} INFO - Processing file /home/airflow/.local/lib/python3.12/site-packages/airflow/example_dags/example_short_circuit_decorator.py for tasks to queue
[2025-05-01T11:50:48.560+0000] {logging_mixin.py:188} INFO - [2025-05-01T11:50:48.559+0000] {dagbag.py:545} INFO - Filling up the DagBag from /home/airflow/.local/lib/python3.12/site-packages/airflow/example_dags/example_short_circuit_decorator.py
[2025-05-01T11:50:48.588+0000] {processor.py:840} INFO - DAG(s) 'example_short_circuit_decorator' retrieved from /home/airflow/.local/lib/python3.12/site-packages/airflow/example_dags/example_short_circuit_decorator.py
[2025-05-01T11:50:48.691+0000] {logging_mixin.py:188} INFO - [2025-05-01T11:50:48.690+0000] {dag.py:3096} INFO - Sync 1 DAGs
[2025-05-01T11:50:48.762+0000] {logging_mixin.py:188} INFO - [2025-05-01T11:50:48.761+0000] {dag.py:3954} INFO - Setting next_dagrun for example_short_circuit_decorator to 2025-04-30 00:00:00+00:00, run_after=2025-05-01 00:00:00+00:00
[2025-05-01T11:50:48.825+0000] {processor.py:183} INFO - Processing /home/airflow/.local/lib/python3.12/site-packages/airflow/example_dags/example_short_circuit_decorator.py took 0.286 seconds
[2025-05-01T11:51:19.174+0000] {processor.py:161} INFO - Started process (PID=2363) to work on /home/airflow/.local/lib/python3.12/site-packages/airflow/example_dags/example_short_circuit_decorator.py
[2025-05-01T11:51:19.176+0000] {processor.py:830} INFO - Processing file /home/airflow/.local/lib/python3.12/site-packages/airflow/example_dags/example_short_circuit_decorator.py for tasks to queue
[2025-05-01T11:51:19.181+0000] {logging_mixin.py:188} INFO - [2025-05-01T11:51:19.180+0000] {dagbag.py:545} INFO - Filling up the DagBag from /home/airflow/.local/lib/python3.12/site-packages/airflow/example_dags/example_short_circuit_decorator.py
[2025-05-01T11:51:19.199+0000] {processor.py:840} INFO - DAG(s) 'example_short_circuit_decorator' retrieved from /home/airflow/.local/lib/python3.12/site-packages/airflow/example_dags/example_short_circuit_decorator.py
[2025-05-01T11:51:19.254+0000] {logging_mixin.py:188} INFO - [2025-05-01T11:51:19.253+0000] {dag.py:3096} INFO - Sync 1 DAGs
[2025-05-01T11:51:19.303+0000] {logging_mixin.py:188} INFO - [2025-05-01T11:51:19.302+0000] {dag.py:3954} INFO - Setting next_dagrun for example_short_circuit_decorator to 2025-04-30 00:00:00+00:00, run_after=2025-05-01 00:00:00+00:00
[2025-05-01T11:51:19.387+0000] {processor.py:183} INFO - Processing /home/airflow/.local/lib/python3.12/site-packages/airflow/example_dags/example_short_circuit_decorator.py took 0.225 seconds
[2025-05-01T11:51:49.837+0000] {processor.py:161} INFO - Started process (PID=2422) to work on /home/airflow/.local/lib/python3.12/site-packages/airflow/example_dags/example_short_circuit_decorator.py
[2025-05-01T11:51:49.840+0000] {processor.py:830} INFO - Processing file /home/airflow/.local/lib/python3.12/site-packages/airflow/example_dags/example_short_circuit_decorator.py for tasks to queue
[2025-05-01T11:51:49.845+0000] {logging_mixin.py:188} INFO - [2025-05-01T11:51:49.844+0000] {dagbag.py:545} INFO - Filling up the DagBag from /home/airflow/.local/lib/python3.12/site-packages/airflow/example_dags/example_short_circuit_decorator.py
[2025-05-01T11:51:49.866+0000] {processor.py:840} INFO - DAG(s) 'example_short_circuit_decorator' retrieved from /home/airflow/.local/lib/python3.12/site-packages/airflow/example_dags/example_short_circuit_decorator.py
[2025-05-01T11:51:49.918+0000] {logging_mixin.py:188} INFO - [2025-05-01T11:51:49.917+0000] {dag.py:3096} INFO - Sync 1 DAGs
[2025-05-01T11:51:49.982+0000] {logging_mixin.py:188} INFO - [2025-05-01T11:51:49.981+0000] {dag.py:3954} INFO - Setting next_dagrun for example_short_circuit_decorator to 2025-04-30 00:00:00+00:00, run_after=2025-05-01 00:00:00+00:00
[2025-05-01T11:51:50.046+0000] {processor.py:183} INFO - Processing /home/airflow/.local/lib/python3.12/site-packages/airflow/example_dags/example_short_circuit_decorator.py took 0.220 seconds
[2025-05-01T11:52:21.055+0000] {processor.py:161} INFO - Started process (PID=2481) to work on /home/airflow/.local/lib/python3.12/site-packages/airflow/example_dags/example_short_circuit_decorator.py
[2025-05-01T11:52:21.057+0000] {processor.py:830} INFO - Processing file /home/airflow/.local/lib/python3.12/site-packages/airflow/example_dags/example_short_circuit_decorator.py for tasks to queue
[2025-05-01T11:52:21.063+0000] {logging_mixin.py:188} INFO - [2025-05-01T11:52:21.061+0000] {dagbag.py:545} INFO - Filling up the DagBag from /home/airflow/.local/lib/python3.12/site-packages/airflow/example_dags/example_short_circuit_decorator.py
[2025-05-01T11:52:21.082+0000] {processor.py:840} INFO - DAG(s) 'example_short_circuit_decorator' retrieved from /home/airflow/.local/lib/python3.12/site-packages/airflow/example_dags/example_short_circuit_decorator.py
[2025-05-01T11:52:21.135+0000] {logging_mixin.py:188} INFO - [2025-05-01T11:52:21.135+0000] {dag.py:3096} INFO - Sync 1 DAGs
[2025-05-01T11:52:21.196+0000] {logging_mixin.py:188} INFO - [2025-05-01T11:52:21.196+0000] {dag.py:3954} INFO - Setting next_dagrun for example_short_circuit_decorator to 2025-04-30 00:00:00+00:00, run_after=2025-05-01 00:00:00+00:00
[2025-05-01T11:52:21.257+0000] {processor.py:183} INFO - Processing /home/airflow/.local/lib/python3.12/site-packages/airflow/example_dags/example_short_circuit_decorator.py took 0.216 seconds
[2025-05-01T11:52:52.167+0000] {processor.py:161} INFO - Started process (PID=2540) to work on /home/airflow/.local/lib/python3.12/site-packages/airflow/example_dags/example_short_circuit_decorator.py
[2025-05-01T11:52:52.170+0000] {processor.py:830} INFO - Processing file /home/airflow/.local/lib/python3.12/site-packages/airflow/example_dags/example_short_circuit_decorator.py for tasks to queue
[2025-05-01T11:52:52.174+0000] {logging_mixin.py:188} INFO - [2025-05-01T11:52:52.173+0000] {dagbag.py:545} INFO - Filling up the DagBag from /home/airflow/.local/lib/python3.12/site-packages/airflow/example_dags/example_short_circuit_decorator.py
[2025-05-01T11:52:52.195+0000] {processor.py:840} INFO - DAG(s) 'example_short_circuit_decorator' retrieved from /home/airflow/.local/lib/python3.12/site-packages/airflow/example_dags/example_short_circuit_decorator.py
[2025-05-01T11:52:52.250+0000] {logging_mixin.py:188} INFO - [2025-05-01T11:52:52.249+0000] {dag.py:3096} INFO - Sync 1 DAGs
[2025-05-01T11:52:52.310+0000] {logging_mixin.py:188} INFO - [2025-05-01T11:52:52.309+0000] {dag.py:3954} INFO - Setting next_dagrun for example_short_circuit_decorator to 2025-04-30 00:00:00+00:00, run_after=2025-05-01 00:00:00+00:00
[2025-05-01T11:52:52.412+0000] {processor.py:183} INFO - Processing /home/airflow/.local/lib/python3.12/site-packages/airflow/example_dags/example_short_circuit_decorator.py took 0.262 seconds
[2025-05-01T11:53:23.112+0000] {processor.py:161} INFO - Started process (PID=2599) to work on /home/airflow/.local/lib/python3.12/site-packages/airflow/example_dags/example_short_circuit_decorator.py
[2025-05-01T11:53:23.115+0000] {processor.py:830} INFO - Processing file /home/airflow/.local/lib/python3.12/site-packages/airflow/example_dags/example_short_circuit_decorator.py for tasks to queue
[2025-05-01T11:53:23.121+0000] {logging_mixin.py:188} INFO - [2025-05-01T11:53:23.120+0000] {dagbag.py:545} INFO - Filling up the DagBag from /home/airflow/.local/lib/python3.12/site-packages/airflow/example_dags/example_short_circuit_decorator.py
[2025-05-01T11:53:23.143+0000] {processor.py:840} INFO - DAG(s) 'example_short_circuit_decorator' retrieved from /home/airflow/.local/lib/python3.12/site-packages/airflow/example_dags/example_short_circuit_decorator.py
[2025-05-01T11:53:23.206+0000] {logging_mixin.py:188} INFO - [2025-05-01T11:53:23.205+0000] {dag.py:3096} INFO - Sync 1 DAGs
[2025-05-01T11:53:23.262+0000] {logging_mixin.py:188} INFO - [2025-05-01T11:53:23.262+0000] {dag.py:3954} INFO - Setting next_dagrun for example_short_circuit_decorator to 2025-04-30 00:00:00+00:00, run_after=2025-05-01 00:00:00+00:00
[2025-05-01T11:53:23.312+0000] {processor.py:183} INFO - Processing /home/airflow/.local/lib/python3.12/site-packages/airflow/example_dags/example_short_circuit_decorator.py took 0.214 seconds
[2025-05-01T11:53:53.635+0000] {processor.py:161} INFO - Started process (PID=2658) to work on /home/airflow/.local/lib/python3.12/site-packages/airflow/example_dags/example_short_circuit_decorator.py
[2025-05-01T11:53:53.639+0000] {processor.py:830} INFO - Processing file /home/airflow/.local/lib/python3.12/site-packages/airflow/example_dags/example_short_circuit_decorator.py for tasks to queue
[2025-05-01T11:53:53.646+0000] {logging_mixin.py:188} INFO - [2025-05-01T11:53:53.645+0000] {dagbag.py:545} INFO - Filling up the DagBag from /home/airflow/.local/lib/python3.12/site-packages/airflow/example_dags/example_short_circuit_decorator.py
[2025-05-01T11:53:53.673+0000] {processor.py:840} INFO - DAG(s) 'example_short_circuit_decorator' retrieved from /home/airflow/.local/lib/python3.12/site-packages/airflow/example_dags/example_short_circuit_decorator.py
[2025-05-01T11:53:53.747+0000] {logging_mixin.py:188} INFO - [2025-05-01T11:53:53.746+0000] {dag.py:3096} INFO - Sync 1 DAGs
[2025-05-01T11:53:53.807+0000] {logging_mixin.py:188} INFO - [2025-05-01T11:53:53.806+0000] {dag.py:3954} INFO - Setting next_dagrun for example_short_circuit_decorator to 2025-04-30 00:00:00+00:00, run_after=2025-05-01 00:00:00+00:00
[2025-05-01T11:53:53.897+0000] {processor.py:183} INFO - Processing /home/airflow/.local/lib/python3.12/site-packages/airflow/example_dags/example_short_circuit_decorator.py took 0.281 seconds
[2025-05-01T11:54:24.273+0000] {processor.py:161} INFO - Started process (PID=2717) to work on /home/airflow/.local/lib/python3.12/site-packages/airflow/example_dags/example_short_circuit_decorator.py
[2025-05-01T11:54:24.275+0000] {processor.py:830} INFO - Processing file /home/airflow/.local/lib/python3.12/site-packages/airflow/example_dags/example_short_circuit_decorator.py for tasks to queue
[2025-05-01T11:54:24.280+0000] {logging_mixin.py:188} INFO - [2025-05-01T11:54:24.279+0000] {dagbag.py:545} INFO - Filling up the DagBag from /home/airflow/.local/lib/python3.12/site-packages/airflow/example_dags/example_short_circuit_decorator.py
[2025-05-01T11:54:24.303+0000] {processor.py:840} INFO - DAG(s) 'example_short_circuit_decorator' retrieved from /home/airflow/.local/lib/python3.12/site-packages/airflow/example_dags/example_short_circuit_decorator.py
[2025-05-01T11:54:24.360+0000] {logging_mixin.py:188} INFO - [2025-05-01T11:54:24.360+0000] {dag.py:3096} INFO - Sync 1 DAGs
[2025-05-01T11:54:24.410+0000] {logging_mixin.py:188} INFO - [2025-05-01T11:54:24.410+0000] {dag.py:3954} INFO - Setting next_dagrun for example_short_circuit_decorator to 2025-04-30 00:00:00+00:00, run_after=2025-05-01 00:00:00+00:00
[2025-05-01T11:54:24.458+0000] {processor.py:183} INFO - Processing /home/airflow/.local/lib/python3.12/site-packages/airflow/example_dags/example_short_circuit_decorator.py took 0.198 seconds
[2025-05-01T11:54:54.794+0000] {processor.py:161} INFO - Started process (PID=2776) to work on /home/airflow/.local/lib/python3.12/site-packages/airflow/example_dags/example_short_circuit_decorator.py
[2025-05-01T11:54:54.796+0000] {processor.py:830} INFO - Processing file /home/airflow/.local/lib/python3.12/site-packages/airflow/example_dags/example_short_circuit_decorator.py for tasks to queue
[2025-05-01T11:54:54.800+0000] {logging_mixin.py:188} INFO - [2025-05-01T11:54:54.799+0000] {dagbag.py:545} INFO - Filling up the DagBag from /home/airflow/.local/lib/python3.12/site-packages/airflow/example_dags/example_short_circuit_decorator.py
[2025-05-01T11:54:54.818+0000] {processor.py:840} INFO - DAG(s) 'example_short_circuit_decorator' retrieved from /home/airflow/.local/lib/python3.12/site-packages/airflow/example_dags/example_short_circuit_decorator.py
[2025-05-01T11:54:54.875+0000] {logging_mixin.py:188} INFO - [2025-05-01T11:54:54.874+0000] {dag.py:3096} INFO - Sync 1 DAGs
[2025-05-01T11:54:54.935+0000] {logging_mixin.py:188} INFO - [2025-05-01T11:54:54.935+0000] {dag.py:3954} INFO - Setting next_dagrun for example_short_circuit_decorator to 2025-04-30 00:00:00+00:00, run_after=2025-05-01 00:00:00+00:00
[2025-05-01T11:54:54.984+0000] {processor.py:183} INFO - Processing /home/airflow/.local/lib/python3.12/site-packages/airflow/example_dags/example_short_circuit_decorator.py took 0.205 seconds
[2025-05-01T11:55:25.525+0000] {processor.py:161} INFO - Started process (PID=2835) to work on /home/airflow/.local/lib/python3.12/site-packages/airflow/example_dags/example_short_circuit_decorator.py
[2025-05-01T11:55:25.530+0000] {processor.py:830} INFO - Processing file /home/airflow/.local/lib/python3.12/site-packages/airflow/example_dags/example_short_circuit_decorator.py for tasks to queue
[2025-05-01T11:55:25.537+0000] {logging_mixin.py:188} INFO - [2025-05-01T11:55:25.535+0000] {dagbag.py:545} INFO - Filling up the DagBag from /home/airflow/.local/lib/python3.12/site-packages/airflow/example_dags/example_short_circuit_decorator.py
[2025-05-01T11:55:25.565+0000] {processor.py:840} INFO - DAG(s) 'example_short_circuit_decorator' retrieved from /home/airflow/.local/lib/python3.12/site-packages/airflow/example_dags/example_short_circuit_decorator.py
[2025-05-01T11:55:25.632+0000] {logging_mixin.py:188} INFO - [2025-05-01T11:55:25.632+0000] {dag.py:3096} INFO - Sync 1 DAGs
[2025-05-01T11:55:25.691+0000] {logging_mixin.py:188} INFO - [2025-05-01T11:55:25.690+0000] {dag.py:3954} INFO - Setting next_dagrun for example_short_circuit_decorator to 2025-04-30 00:00:00+00:00, run_after=2025-05-01 00:00:00+00:00
[2025-05-01T11:55:25.748+0000] {processor.py:183} INFO - Processing /home/airflow/.local/lib/python3.12/site-packages/airflow/example_dags/example_short_circuit_decorator.py took 0.243 seconds
[2025-05-01T11:55:56.682+0000] {processor.py:161} INFO - Started process (PID=2895) to work on /home/airflow/.local/lib/python3.12/site-packages/airflow/example_dags/example_short_circuit_decorator.py
[2025-05-01T11:55:56.684+0000] {processor.py:830} INFO - Processing file /home/airflow/.local/lib/python3.12/site-packages/airflow/example_dags/example_short_circuit_decorator.py for tasks to queue
[2025-05-01T11:55:56.688+0000] {logging_mixin.py:188} INFO - [2025-05-01T11:55:56.688+0000] {dagbag.py:545} INFO - Filling up the DagBag from /home/airflow/.local/lib/python3.12/site-packages/airflow/example_dags/example_short_circuit_decorator.py
[2025-05-01T11:55:56.708+0000] {processor.py:840} INFO - DAG(s) 'example_short_circuit_decorator' retrieved from /home/airflow/.local/lib/python3.12/site-packages/airflow/example_dags/example_short_circuit_decorator.py
[2025-05-01T11:55:56.767+0000] {logging_mixin.py:188} INFO - [2025-05-01T11:55:56.766+0000] {dag.py:3096} INFO - Sync 1 DAGs
[2025-05-01T11:55:56.825+0000] {logging_mixin.py:188} INFO - [2025-05-01T11:55:56.825+0000] {dag.py:3954} INFO - Setting next_dagrun for example_short_circuit_decorator to 2025-04-30 00:00:00+00:00, run_after=2025-05-01 00:00:00+00:00
[2025-05-01T11:55:56.870+0000] {processor.py:183} INFO - Processing /home/airflow/.local/lib/python3.12/site-packages/airflow/example_dags/example_short_circuit_decorator.py took 0.199 seconds
[2025-05-01T11:56:27.600+0000] {processor.py:161} INFO - Started process (PID=2954) to work on /home/airflow/.local/lib/python3.12/site-packages/airflow/example_dags/example_short_circuit_decorator.py
[2025-05-01T11:56:27.602+0000] {processor.py:830} INFO - Processing file /home/airflow/.local/lib/python3.12/site-packages/airflow/example_dags/example_short_circuit_decorator.py for tasks to queue
[2025-05-01T11:56:27.607+0000] {logging_mixin.py:188} INFO - [2025-05-01T11:56:27.606+0000] {dagbag.py:545} INFO - Filling up the DagBag from /home/airflow/.local/lib/python3.12/site-packages/airflow/example_dags/example_short_circuit_decorator.py
[2025-05-01T11:56:27.627+0000] {processor.py:840} INFO - DAG(s) 'example_short_circuit_decorator' retrieved from /home/airflow/.local/lib/python3.12/site-packages/airflow/example_dags/example_short_circuit_decorator.py
[2025-05-01T11:56:27.682+0000] {logging_mixin.py:188} INFO - [2025-05-01T11:56:27.681+0000] {dag.py:3096} INFO - Sync 1 DAGs
[2025-05-01T11:56:27.729+0000] {logging_mixin.py:188} INFO - [2025-05-01T11:56:27.729+0000] {dag.py:3954} INFO - Setting next_dagrun for example_short_circuit_decorator to 2025-04-30 00:00:00+00:00, run_after=2025-05-01 00:00:00+00:00
[2025-05-01T11:56:27.777+0000] {processor.py:183} INFO - Processing /home/airflow/.local/lib/python3.12/site-packages/airflow/example_dags/example_short_circuit_decorator.py took 0.191 seconds
[2025-05-01T11:56:58.188+0000] {processor.py:161} INFO - Started process (PID=3013) to work on /home/airflow/.local/lib/python3.12/site-packages/airflow/example_dags/example_short_circuit_decorator.py
[2025-05-01T11:56:58.191+0000] {processor.py:830} INFO - Processing file /home/airflow/.local/lib/python3.12/site-packages/airflow/example_dags/example_short_circuit_decorator.py for tasks to queue
[2025-05-01T11:56:58.196+0000] {logging_mixin.py:188} INFO - [2025-05-01T11:56:58.195+0000] {dagbag.py:545} INFO - Filling up the DagBag from /home/airflow/.local/lib/python3.12/site-packages/airflow/example_dags/example_short_circuit_decorator.py
[2025-05-01T11:56:58.222+0000] {processor.py:840} INFO - DAG(s) 'example_short_circuit_decorator' retrieved from /home/airflow/.local/lib/python3.12/site-packages/airflow/example_dags/example_short_circuit_decorator.py
[2025-05-01T11:56:58.280+0000] {logging_mixin.py:188} INFO - [2025-05-01T11:56:58.279+0000] {dag.py:3096} INFO - Sync 1 DAGs
[2025-05-01T11:56:58.344+0000] {logging_mixin.py:188} INFO - [2025-05-01T11:56:58.344+0000] {dag.py:3954} INFO - Setting next_dagrun for example_short_circuit_decorator to 2025-04-30 00:00:00+00:00, run_after=2025-05-01 00:00:00+00:00
[2025-05-01T11:56:58.438+0000] {processor.py:183} INFO - Processing /home/airflow/.local/lib/python3.12/site-packages/airflow/example_dags/example_short_circuit_decorator.py took 0.264 seconds
[2025-05-01T11:57:28.868+0000] {processor.py:161} INFO - Started process (PID=3072) to work on /home/airflow/.local/lib/python3.12/site-packages/airflow/example_dags/example_short_circuit_decorator.py
[2025-05-01T11:57:28.871+0000] {processor.py:830} INFO - Processing file /home/airflow/.local/lib/python3.12/site-packages/airflow/example_dags/example_short_circuit_decorator.py for tasks to queue
[2025-05-01T11:57:28.876+0000] {logging_mixin.py:188} INFO - [2025-05-01T11:57:28.875+0000] {dagbag.py:545} INFO - Filling up the DagBag from /home/airflow/.local/lib/python3.12/site-packages/airflow/example_dags/example_short_circuit_decorator.py
[2025-05-01T11:57:28.900+0000] {processor.py:840} INFO - DAG(s) 'example_short_circuit_decorator' retrieved from /home/airflow/.local/lib/python3.12/site-packages/airflow/example_dags/example_short_circuit_decorator.py
[2025-05-01T11:57:28.971+0000] {logging_mixin.py:188} INFO - [2025-05-01T11:57:28.970+0000] {dag.py:3096} INFO - Sync 1 DAGs
[2025-05-01T11:57:29.038+0000] {logging_mixin.py:188} INFO - [2025-05-01T11:57:29.037+0000] {dag.py:3954} INFO - Setting next_dagrun for example_short_circuit_decorator to 2025-04-30 00:00:00+00:00, run_after=2025-05-01 00:00:00+00:00
[2025-05-01T11:57:29.154+0000] {processor.py:183} INFO - Processing /home/airflow/.local/lib/python3.12/site-packages/airflow/example_dags/example_short_circuit_decorator.py took 0.301 seconds
[2025-05-01T11:57:59.386+0000] {processor.py:161} INFO - Started process (PID=3131) to work on /home/airflow/.local/lib/python3.12/site-packages/airflow/example_dags/example_short_circuit_decorator.py
[2025-05-01T11:57:59.388+0000] {processor.py:830} INFO - Processing file /home/airflow/.local/lib/python3.12/site-packages/airflow/example_dags/example_short_circuit_decorator.py for tasks to queue
[2025-05-01T11:57:59.392+0000] {logging_mixin.py:188} INFO - [2025-05-01T11:57:59.391+0000] {dagbag.py:545} INFO - Filling up the DagBag from /home/airflow/.local/lib/python3.12/site-packages/airflow/example_dags/example_short_circuit_decorator.py
[2025-05-01T11:57:59.409+0000] {processor.py:840} INFO - DAG(s) 'example_short_circuit_decorator' retrieved from /home/airflow/.local/lib/python3.12/site-packages/airflow/example_dags/example_short_circuit_decorator.py
[2025-05-01T11:57:59.465+0000] {logging_mixin.py:188} INFO - [2025-05-01T11:57:59.464+0000] {dag.py:3096} INFO - Sync 1 DAGs
[2025-05-01T11:57:59.515+0000] {logging_mixin.py:188} INFO - [2025-05-01T11:57:59.515+0000] {dag.py:3954} INFO - Setting next_dagrun for example_short_circuit_decorator to 2025-04-30 00:00:00+00:00, run_after=2025-05-01 00:00:00+00:00
[2025-05-01T11:57:59.563+0000] {processor.py:183} INFO - Processing /home/airflow/.local/lib/python3.12/site-packages/airflow/example_dags/example_short_circuit_decorator.py took 0.188 seconds
[2025-05-01T11:58:29.972+0000] {processor.py:161} INFO - Started process (PID=3190) to work on /home/airflow/.local/lib/python3.12/site-packages/airflow/example_dags/example_short_circuit_decorator.py
[2025-05-01T11:58:29.974+0000] {processor.py:830} INFO - Processing file /home/airflow/.local/lib/python3.12/site-packages/airflow/example_dags/example_short_circuit_decorator.py for tasks to queue
[2025-05-01T11:58:29.979+0000] {logging_mixin.py:188} INFO - [2025-05-01T11:58:29.978+0000] {dagbag.py:545} INFO - Filling up the DagBag from /home/airflow/.local/lib/python3.12/site-packages/airflow/example_dags/example_short_circuit_decorator.py
[2025-05-01T11:58:30.000+0000] {processor.py:840} INFO - DAG(s) 'example_short_circuit_decorator' retrieved from /home/airflow/.local/lib/python3.12/site-packages/airflow/example_dags/example_short_circuit_decorator.py
[2025-05-01T11:58:30.061+0000] {logging_mixin.py:188} INFO - [2025-05-01T11:58:30.061+0000] {dag.py:3096} INFO - Sync 1 DAGs
[2025-05-01T11:58:30.113+0000] {logging_mixin.py:188} INFO - [2025-05-01T11:58:30.112+0000] {dag.py:3954} INFO - Setting next_dagrun for example_short_circuit_decorator to 2025-04-30 00:00:00+00:00, run_after=2025-05-01 00:00:00+00:00
[2025-05-01T11:58:30.191+0000] {processor.py:183} INFO - Processing /home/airflow/.local/lib/python3.12/site-packages/airflow/example_dags/example_short_circuit_decorator.py took 0.233 seconds
[2025-05-01T11:59:01.013+0000] {processor.py:161} INFO - Started process (PID=3249) to work on /home/airflow/.local/lib/python3.12/site-packages/airflow/example_dags/example_short_circuit_decorator.py
[2025-05-01T11:59:01.016+0000] {processor.py:830} INFO - Processing file /home/airflow/.local/lib/python3.12/site-packages/airflow/example_dags/example_short_circuit_decorator.py for tasks to queue
[2025-05-01T11:59:01.020+0000] {logging_mixin.py:188} INFO - [2025-05-01T11:59:01.020+0000] {dagbag.py:545} INFO - Filling up the DagBag from /home/airflow/.local/lib/python3.12/site-packages/airflow/example_dags/example_short_circuit_decorator.py
[2025-05-01T11:59:01.043+0000] {processor.py:840} INFO - DAG(s) 'example_short_circuit_decorator' retrieved from /home/airflow/.local/lib/python3.12/site-packages/airflow/example_dags/example_short_circuit_decorator.py
[2025-05-01T11:59:01.104+0000] {logging_mixin.py:188} INFO - [2025-05-01T11:59:01.103+0000] {dag.py:3096} INFO - Sync 1 DAGs
[2025-05-01T11:59:01.160+0000] {logging_mixin.py:188} INFO - [2025-05-01T11:59:01.159+0000] {dag.py:3954} INFO - Setting next_dagrun for example_short_circuit_decorator to 2025-04-30 00:00:00+00:00, run_after=2025-05-01 00:00:00+00:00
[2025-05-01T11:59:01.246+0000] {processor.py:183} INFO - Processing /home/airflow/.local/lib/python3.12/site-packages/airflow/example_dags/example_short_circuit_decorator.py took 0.246 seconds
[2025-05-01T11:59:31.346+0000] {processor.py:161} INFO - Started process (PID=3308) to work on /home/airflow/.local/lib/python3.12/site-packages/airflow/example_dags/example_short_circuit_decorator.py
[2025-05-01T11:59:31.349+0000] {processor.py:830} INFO - Processing file /home/airflow/.local/lib/python3.12/site-packages/airflow/example_dags/example_short_circuit_decorator.py for tasks to queue
[2025-05-01T11:59:31.353+0000] {logging_mixin.py:188} INFO - [2025-05-01T11:59:31.352+0000] {dagbag.py:545} INFO - Filling up the DagBag from /home/airflow/.local/lib/python3.12/site-packages/airflow/example_dags/example_short_circuit_decorator.py
[2025-05-01T11:59:31.375+0000] {processor.py:840} INFO - DAG(s) 'example_short_circuit_decorator' retrieved from /home/airflow/.local/lib/python3.12/site-packages/airflow/example_dags/example_short_circuit_decorator.py
[2025-05-01T11:59:31.481+0000] {logging_mixin.py:188} INFO - [2025-05-01T11:59:31.480+0000] {dag.py:3096} INFO - Sync 1 DAGs
[2025-05-01T11:59:31.566+0000] {logging_mixin.py:188} INFO - [2025-05-01T11:59:31.565+0000] {dag.py:3954} INFO - Setting next_dagrun for example_short_circuit_decorator to 2025-04-30 00:00:00+00:00, run_after=2025-05-01 00:00:00+00:00
[2025-05-01T11:59:31.609+0000] {processor.py:183} INFO - Processing /home/airflow/.local/lib/python3.12/site-packages/airflow/example_dags/example_short_circuit_decorator.py took 0.274 seconds
[2025-05-01T12:00:02.399+0000] {processor.py:161} INFO - Started process (PID=3372) to work on /home/airflow/.local/lib/python3.12/site-packages/airflow/example_dags/example_short_circuit_decorator.py
[2025-05-01T12:00:02.401+0000] {processor.py:830} INFO - Processing file /home/airflow/.local/lib/python3.12/site-packages/airflow/example_dags/example_short_circuit_decorator.py for tasks to queue
[2025-05-01T12:00:02.406+0000] {logging_mixin.py:188} INFO - [2025-05-01T12:00:02.405+0000] {dagbag.py:545} INFO - Filling up the DagBag from /home/airflow/.local/lib/python3.12/site-packages/airflow/example_dags/example_short_circuit_decorator.py
[2025-05-01T12:00:02.424+0000] {processor.py:840} INFO - DAG(s) 'example_short_circuit_decorator' retrieved from /home/airflow/.local/lib/python3.12/site-packages/airflow/example_dags/example_short_circuit_decorator.py
[2025-05-01T12:00:02.483+0000] {logging_mixin.py:188} INFO - [2025-05-01T12:00:02.482+0000] {dag.py:3096} INFO - Sync 1 DAGs
[2025-05-01T12:00:02.533+0000] {logging_mixin.py:188} INFO - [2025-05-01T12:00:02.532+0000] {dag.py:3954} INFO - Setting next_dagrun for example_short_circuit_decorator to 2025-04-30 00:00:00+00:00, run_after=2025-05-01 00:00:00+00:00
[2025-05-01T12:00:02.618+0000] {processor.py:183} INFO - Processing /home/airflow/.local/lib/python3.12/site-packages/airflow/example_dags/example_short_circuit_decorator.py took 0.231 seconds
[2025-05-01T12:00:32.744+0000] {processor.py:161} INFO - Started process (PID=3430) to work on /home/airflow/.local/lib/python3.12/site-packages/airflow/example_dags/example_short_circuit_decorator.py
[2025-05-01T12:00:32.746+0000] {processor.py:830} INFO - Processing file /home/airflow/.local/lib/python3.12/site-packages/airflow/example_dags/example_short_circuit_decorator.py for tasks to queue
[2025-05-01T12:00:32.750+0000] {logging_mixin.py:188} INFO - [2025-05-01T12:00:32.749+0000] {dagbag.py:545} INFO - Filling up the DagBag from /home/airflow/.local/lib/python3.12/site-packages/airflow/example_dags/example_short_circuit_decorator.py
[2025-05-01T12:00:32.768+0000] {processor.py:840} INFO - DAG(s) 'example_short_circuit_decorator' retrieved from /home/airflow/.local/lib/python3.12/site-packages/airflow/example_dags/example_short_circuit_decorator.py
[2025-05-01T12:00:32.818+0000] {logging_mixin.py:188} INFO - [2025-05-01T12:00:32.818+0000] {dag.py:3096} INFO - Sync 1 DAGs
[2025-05-01T12:00:32.864+0000] {logging_mixin.py:188} INFO - [2025-05-01T12:00:32.863+0000] {dag.py:3954} INFO - Setting next_dagrun for example_short_circuit_decorator to 2025-04-30 00:00:00+00:00, run_after=2025-05-01 00:00:00+00:00
[2025-05-01T12:00:32.947+0000] {processor.py:183} INFO - Processing /home/airflow/.local/lib/python3.12/site-packages/airflow/example_dags/example_short_circuit_decorator.py took 0.214 seconds
[2025-05-01T12:01:03.081+0000] {processor.py:161} INFO - Started process (PID=3489) to work on /home/airflow/.local/lib/python3.12/site-packages/airflow/example_dags/example_short_circuit_decorator.py
[2025-05-01T12:01:03.083+0000] {processor.py:830} INFO - Processing file /home/airflow/.local/lib/python3.12/site-packages/airflow/example_dags/example_short_circuit_decorator.py for tasks to queue
[2025-05-01T12:01:03.088+0000] {logging_mixin.py:188} INFO - [2025-05-01T12:01:03.087+0000] {dagbag.py:545} INFO - Filling up the DagBag from /home/airflow/.local/lib/python3.12/site-packages/airflow/example_dags/example_short_circuit_decorator.py
[2025-05-01T12:01:03.111+0000] {processor.py:840} INFO - DAG(s) 'example_short_circuit_decorator' retrieved from /home/airflow/.local/lib/python3.12/site-packages/airflow/example_dags/example_short_circuit_decorator.py
[2025-05-01T12:01:03.166+0000] {logging_mixin.py:188} INFO - [2025-05-01T12:01:03.165+0000] {dag.py:3096} INFO - Sync 1 DAGs
[2025-05-01T12:01:03.218+0000] {logging_mixin.py:188} INFO - [2025-05-01T12:01:03.218+0000] {dag.py:3954} INFO - Setting next_dagrun for example_short_circuit_decorator to 2025-04-30 00:00:00+00:00, run_after=2025-05-01 00:00:00+00:00
[2025-05-01T12:01:03.271+0000] {processor.py:183} INFO - Processing /home/airflow/.local/lib/python3.12/site-packages/airflow/example_dags/example_short_circuit_decorator.py took 0.203 seconds
[2025-05-01T12:01:34.076+0000] {processor.py:161} INFO - Started process (PID=3549) to work on /home/airflow/.local/lib/python3.12/site-packages/airflow/example_dags/example_short_circuit_decorator.py
[2025-05-01T12:01:34.078+0000] {processor.py:830} INFO - Processing file /home/airflow/.local/lib/python3.12/site-packages/airflow/example_dags/example_short_circuit_decorator.py for tasks to queue
[2025-05-01T12:01:34.082+0000] {logging_mixin.py:188} INFO - [2025-05-01T12:01:34.081+0000] {dagbag.py:545} INFO - Filling up the DagBag from /home/airflow/.local/lib/python3.12/site-packages/airflow/example_dags/example_short_circuit_decorator.py
[2025-05-01T12:01:34.102+0000] {processor.py:840} INFO - DAG(s) 'example_short_circuit_decorator' retrieved from /home/airflow/.local/lib/python3.12/site-packages/airflow/example_dags/example_short_circuit_decorator.py
[2025-05-01T12:01:34.154+0000] {logging_mixin.py:188} INFO - [2025-05-01T12:01:34.153+0000] {dag.py:3096} INFO - Sync 1 DAGs
[2025-05-01T12:01:34.228+0000] {logging_mixin.py:188} INFO - [2025-05-01T12:01:34.227+0000] {dag.py:3954} INFO - Setting next_dagrun for example_short_circuit_decorator to 2025-04-30 00:00:00+00:00, run_after=2025-05-01 00:00:00+00:00
[2025-05-01T12:01:34.286+0000] {processor.py:183} INFO - Processing /home/airflow/.local/lib/python3.12/site-packages/airflow/example_dags/example_short_circuit_decorator.py took 0.222 seconds
[2025-05-01T12:02:04.693+0000] {processor.py:161} INFO - Started process (PID=3608) to work on /home/airflow/.local/lib/python3.12/site-packages/airflow/example_dags/example_short_circuit_decorator.py
[2025-05-01T12:02:04.696+0000] {processor.py:830} INFO - Processing file /home/airflow/.local/lib/python3.12/site-packages/airflow/example_dags/example_short_circuit_decorator.py for tasks to queue
[2025-05-01T12:02:04.700+0000] {logging_mixin.py:188} INFO - [2025-05-01T12:02:04.699+0000] {dagbag.py:545} INFO - Filling up the DagBag from /home/airflow/.local/lib/python3.12/site-packages/airflow/example_dags/example_short_circuit_decorator.py
[2025-05-01T12:02:04.722+0000] {processor.py:840} INFO - DAG(s) 'example_short_circuit_decorator' retrieved from /home/airflow/.local/lib/python3.12/site-packages/airflow/example_dags/example_short_circuit_decorator.py
[2025-05-01T12:02:04.778+0000] {logging_mixin.py:188} INFO - [2025-05-01T12:02:04.777+0000] {dag.py:3096} INFO - Sync 1 DAGs
[2025-05-01T12:02:04.829+0000] {logging_mixin.py:188} INFO - [2025-05-01T12:02:04.828+0000] {dag.py:3954} INFO - Setting next_dagrun for example_short_circuit_decorator to 2025-04-30 00:00:00+00:00, run_after=2025-05-01 00:00:00+00:00
[2025-05-01T12:02:04.876+0000] {processor.py:183} INFO - Processing /home/airflow/.local/lib/python3.12/site-packages/airflow/example_dags/example_short_circuit_decorator.py took 0.195 seconds
[2025-05-01T12:02:35.427+0000] {processor.py:161} INFO - Started process (PID=3667) to work on /home/airflow/.local/lib/python3.12/site-packages/airflow/example_dags/example_short_circuit_decorator.py
[2025-05-01T12:02:35.429+0000] {processor.py:830} INFO - Processing file /home/airflow/.local/lib/python3.12/site-packages/airflow/example_dags/example_short_circuit_decorator.py for tasks to queue
[2025-05-01T12:02:35.435+0000] {logging_mixin.py:188} INFO - [2025-05-01T12:02:35.434+0000] {dagbag.py:545} INFO - Filling up the DagBag from /home/airflow/.local/lib/python3.12/site-packages/airflow/example_dags/example_short_circuit_decorator.py
[2025-05-01T12:02:35.465+0000] {processor.py:840} INFO - DAG(s) 'example_short_circuit_decorator' retrieved from /home/airflow/.local/lib/python3.12/site-packages/airflow/example_dags/example_short_circuit_decorator.py
[2025-05-01T12:02:35.536+0000] {logging_mixin.py:188} INFO - [2025-05-01T12:02:35.535+0000] {dag.py:3096} INFO - Sync 1 DAGs
[2025-05-01T12:02:35.600+0000] {logging_mixin.py:188} INFO - [2025-05-01T12:02:35.599+0000] {dag.py:3954} INFO - Setting next_dagrun for example_short_circuit_decorator to 2025-04-30 00:00:00+00:00, run_after=2025-05-01 00:00:00+00:00
[2025-05-01T12:02:35.657+0000] {processor.py:183} INFO - Processing /home/airflow/.local/lib/python3.12/site-packages/airflow/example_dags/example_short_circuit_decorator.py took 0.246 seconds
[2025-05-01T12:03:06.512+0000] {processor.py:161} INFO - Started process (PID=3725) to work on /home/airflow/.local/lib/python3.12/site-packages/airflow/example_dags/example_short_circuit_decorator.py
[2025-05-01T12:03:06.514+0000] {processor.py:830} INFO - Processing file /home/airflow/.local/lib/python3.12/site-packages/airflow/example_dags/example_short_circuit_decorator.py for tasks to queue
[2025-05-01T12:03:06.520+0000] {logging_mixin.py:188} INFO - [2025-05-01T12:03:06.519+0000] {dagbag.py:545} INFO - Filling up the DagBag from /home/airflow/.local/lib/python3.12/site-packages/airflow/example_dags/example_short_circuit_decorator.py
[2025-05-01T12:03:06.538+0000] {processor.py:840} INFO - DAG(s) 'example_short_circuit_decorator' retrieved from /home/airflow/.local/lib/python3.12/site-packages/airflow/example_dags/example_short_circuit_decorator.py
[2025-05-01T12:03:06.591+0000] {logging_mixin.py:188} INFO - [2025-05-01T12:03:06.591+0000] {dag.py:3096} INFO - Sync 1 DAGs
[2025-05-01T12:03:06.644+0000] {logging_mixin.py:188} INFO - [2025-05-01T12:03:06.644+0000] {dag.py:3954} INFO - Setting next_dagrun for example_short_circuit_decorator to 2025-04-30 00:00:00+00:00, run_after=2025-05-01 00:00:00+00:00
[2025-05-01T12:03:06.692+0000] {processor.py:183} INFO - Processing /home/airflow/.local/lib/python3.12/site-packages/airflow/example_dags/example_short_circuit_decorator.py took 0.192 seconds
[2025-05-01T12:03:37.434+0000] {processor.py:161} INFO - Started process (PID=3784) to work on /home/airflow/.local/lib/python3.12/site-packages/airflow/example_dags/example_short_circuit_decorator.py
[2025-05-01T12:03:37.436+0000] {processor.py:830} INFO - Processing file /home/airflow/.local/lib/python3.12/site-packages/airflow/example_dags/example_short_circuit_decorator.py for tasks to queue
[2025-05-01T12:03:37.440+0000] {logging_mixin.py:188} INFO - [2025-05-01T12:03:37.440+0000] {dagbag.py:545} INFO - Filling up the DagBag from /home/airflow/.local/lib/python3.12/site-packages/airflow/example_dags/example_short_circuit_decorator.py
[2025-05-01T12:03:37.460+0000] {processor.py:840} INFO - DAG(s) 'example_short_circuit_decorator' retrieved from /home/airflow/.local/lib/python3.12/site-packages/airflow/example_dags/example_short_circuit_decorator.py
[2025-05-01T12:03:37.512+0000] {logging_mixin.py:188} INFO - [2025-05-01T12:03:37.511+0000] {dag.py:3096} INFO - Sync 1 DAGs
[2025-05-01T12:03:37.565+0000] {logging_mixin.py:188} INFO - [2025-05-01T12:03:37.564+0000] {dag.py:3954} INFO - Setting next_dagrun for example_short_circuit_decorator to 2025-04-30 00:00:00+00:00, run_after=2025-05-01 00:00:00+00:00
[2025-05-01T12:03:37.607+0000] {processor.py:183} INFO - Processing /home/airflow/.local/lib/python3.12/site-packages/airflow/example_dags/example_short_circuit_decorator.py took 0.186 seconds
[2025-05-01T12:04:08.509+0000] {processor.py:161} INFO - Started process (PID=3843) to work on /home/airflow/.local/lib/python3.12/site-packages/airflow/example_dags/example_short_circuit_decorator.py
[2025-05-01T12:04:08.511+0000] {processor.py:830} INFO - Processing file /home/airflow/.local/lib/python3.12/site-packages/airflow/example_dags/example_short_circuit_decorator.py for tasks to queue
[2025-05-01T12:04:08.516+0000] {logging_mixin.py:188} INFO - [2025-05-01T12:04:08.515+0000] {dagbag.py:545} INFO - Filling up the DagBag from /home/airflow/.local/lib/python3.12/site-packages/airflow/example_dags/example_short_circuit_decorator.py
[2025-05-01T12:04:08.533+0000] {processor.py:840} INFO - DAG(s) 'example_short_circuit_decorator' retrieved from /home/airflow/.local/lib/python3.12/site-packages/airflow/example_dags/example_short_circuit_decorator.py
[2025-05-01T12:04:08.590+0000] {logging_mixin.py:188} INFO - [2025-05-01T12:04:08.589+0000] {dag.py:3096} INFO - Sync 1 DAGs
[2025-05-01T12:04:08.684+0000] {logging_mixin.py:188} INFO - [2025-05-01T12:04:08.683+0000] {dag.py:3954} INFO - Setting next_dagrun for example_short_circuit_decorator to 2025-04-30 00:00:00+00:00, run_after=2025-05-01 00:00:00+00:00
[2025-05-01T12:04:08.801+0000] {processor.py:183} INFO - Processing /home/airflow/.local/lib/python3.12/site-packages/airflow/example_dags/example_short_circuit_decorator.py took 0.304 seconds
[2025-05-01T12:04:39.845+0000] {processor.py:161} INFO - Started process (PID=3902) to work on /home/airflow/.local/lib/python3.12/site-packages/airflow/example_dags/example_short_circuit_decorator.py
[2025-05-01T12:04:39.847+0000] {processor.py:830} INFO - Processing file /home/airflow/.local/lib/python3.12/site-packages/airflow/example_dags/example_short_circuit_decorator.py for tasks to queue
[2025-05-01T12:04:39.851+0000] {logging_mixin.py:188} INFO - [2025-05-01T12:04:39.850+0000] {dagbag.py:545} INFO - Filling up the DagBag from /home/airflow/.local/lib/python3.12/site-packages/airflow/example_dags/example_short_circuit_decorator.py
[2025-05-01T12:04:39.872+0000] {processor.py:840} INFO - DAG(s) 'example_short_circuit_decorator' retrieved from /home/airflow/.local/lib/python3.12/site-packages/airflow/example_dags/example_short_circuit_decorator.py
[2025-05-01T12:04:39.928+0000] {logging_mixin.py:188} INFO - [2025-05-01T12:04:39.928+0000] {dag.py:3096} INFO - Sync 1 DAGs
[2025-05-01T12:04:39.983+0000] {logging_mixin.py:188} INFO - [2025-05-01T12:04:39.983+0000] {dag.py:3954} INFO - Setting next_dagrun for example_short_circuit_decorator to 2025-04-30 00:00:00+00:00, run_after=2025-05-01 00:00:00+00:00
[2025-05-01T12:04:40.069+0000] {processor.py:183} INFO - Processing /home/airflow/.local/lib/python3.12/site-packages/airflow/example_dags/example_short_circuit_decorator.py took 0.236 seconds
[2025-05-01T12:05:10.321+0000] {processor.py:161} INFO - Started process (PID=3959) to work on /home/airflow/.local/lib/python3.12/site-packages/airflow/example_dags/example_short_circuit_decorator.py
[2025-05-01T12:05:10.323+0000] {processor.py:830} INFO - Processing file /home/airflow/.local/lib/python3.12/site-packages/airflow/example_dags/example_short_circuit_decorator.py for tasks to queue
[2025-05-01T12:05:10.328+0000] {logging_mixin.py:188} INFO - [2025-05-01T12:05:10.327+0000] {dagbag.py:545} INFO - Filling up the DagBag from /home/airflow/.local/lib/python3.12/site-packages/airflow/example_dags/example_short_circuit_decorator.py
[2025-05-01T12:05:10.348+0000] {processor.py:840} INFO - DAG(s) 'example_short_circuit_decorator' retrieved from /home/airflow/.local/lib/python3.12/site-packages/airflow/example_dags/example_short_circuit_decorator.py
[2025-05-01T12:05:10.418+0000] {logging_mixin.py:188} INFO - [2025-05-01T12:05:10.417+0000] {dag.py:3096} INFO - Sync 1 DAGs
[2025-05-01T12:05:10.481+0000] {logging_mixin.py:188} INFO - [2025-05-01T12:05:10.481+0000] {dag.py:3954} INFO - Setting next_dagrun for example_short_circuit_decorator to 2025-04-30 00:00:00+00:00, run_after=2025-05-01 00:00:00+00:00
[2025-05-01T12:05:10.529+0000] {processor.py:183} INFO - Processing /home/airflow/.local/lib/python3.12/site-packages/airflow/example_dags/example_short_circuit_decorator.py took 0.220 seconds
[2025-05-01T12:05:40.699+0000] {processor.py:161} INFO - Started process (PID=4019) to work on /home/airflow/.local/lib/python3.12/site-packages/airflow/example_dags/example_short_circuit_decorator.py
[2025-05-01T12:05:40.701+0000] {processor.py:830} INFO - Processing file /home/airflow/.local/lib/python3.12/site-packages/airflow/example_dags/example_short_circuit_decorator.py for tasks to queue
[2025-05-01T12:05:40.706+0000] {logging_mixin.py:188} INFO - [2025-05-01T12:05:40.705+0000] {dagbag.py:545} INFO - Filling up the DagBag from /home/airflow/.local/lib/python3.12/site-packages/airflow/example_dags/example_short_circuit_decorator.py
[2025-05-01T12:05:40.729+0000] {processor.py:840} INFO - DAG(s) 'example_short_circuit_decorator' retrieved from /home/airflow/.local/lib/python3.12/site-packages/airflow/example_dags/example_short_circuit_decorator.py
[2025-05-01T12:05:40.793+0000] {logging_mixin.py:188} INFO - [2025-05-01T12:05:40.792+0000] {dag.py:3096} INFO - Sync 1 DAGs
[2025-05-01T12:05:40.909+0000] {logging_mixin.py:188} INFO - [2025-05-01T12:05:40.908+0000] {dag.py:3954} INFO - Setting next_dagrun for example_short_circuit_decorator to 2025-04-30 00:00:00+00:00, run_after=2025-05-01 00:00:00+00:00
[2025-05-01T12:05:40.964+0000] {processor.py:183} INFO - Processing /home/airflow/.local/lib/python3.12/site-packages/airflow/example_dags/example_short_circuit_decorator.py took 0.295 seconds
[2025-05-01T12:06:11.752+0000] {processor.py:161} INFO - Started process (PID=4078) to work on /home/airflow/.local/lib/python3.12/site-packages/airflow/example_dags/example_short_circuit_decorator.py
[2025-05-01T12:06:11.755+0000] {processor.py:830} INFO - Processing file /home/airflow/.local/lib/python3.12/site-packages/airflow/example_dags/example_short_circuit_decorator.py for tasks to queue
[2025-05-01T12:06:11.759+0000] {logging_mixin.py:188} INFO - [2025-05-01T12:06:11.758+0000] {dagbag.py:545} INFO - Filling up the DagBag from /home/airflow/.local/lib/python3.12/site-packages/airflow/example_dags/example_short_circuit_decorator.py
[2025-05-01T12:06:11.779+0000] {processor.py:840} INFO - DAG(s) 'example_short_circuit_decorator' retrieved from /home/airflow/.local/lib/python3.12/site-packages/airflow/example_dags/example_short_circuit_decorator.py
[2025-05-01T12:06:11.841+0000] {logging_mixin.py:188} INFO - [2025-05-01T12:06:11.841+0000] {dag.py:3096} INFO - Sync 1 DAGs
[2025-05-01T12:06:11.892+0000] {logging_mixin.py:188} INFO - [2025-05-01T12:06:11.891+0000] {dag.py:3954} INFO - Setting next_dagrun for example_short_circuit_decorator to 2025-04-30 00:00:00+00:00, run_after=2025-05-01 00:00:00+00:00
[2025-05-01T12:06:11.951+0000] {processor.py:183} INFO - Processing /home/airflow/.local/lib/python3.12/site-packages/airflow/example_dags/example_short_circuit_decorator.py took 0.212 seconds
[2025-05-01T12:06:42.319+0000] {processor.py:161} INFO - Started process (PID=4138) to work on /home/airflow/.local/lib/python3.12/site-packages/airflow/example_dags/example_short_circuit_decorator.py
[2025-05-01T12:06:42.322+0000] {processor.py:830} INFO - Processing file /home/airflow/.local/lib/python3.12/site-packages/airflow/example_dags/example_short_circuit_decorator.py for tasks to queue
[2025-05-01T12:06:42.326+0000] {logging_mixin.py:188} INFO - [2025-05-01T12:06:42.325+0000] {dagbag.py:545} INFO - Filling up the DagBag from /home/airflow/.local/lib/python3.12/site-packages/airflow/example_dags/example_short_circuit_decorator.py
[2025-05-01T12:06:42.345+0000] {processor.py:840} INFO - DAG(s) 'example_short_circuit_decorator' retrieved from /home/airflow/.local/lib/python3.12/site-packages/airflow/example_dags/example_short_circuit_decorator.py
[2025-05-01T12:06:42.409+0000] {logging_mixin.py:188} INFO - [2025-05-01T12:06:42.409+0000] {dag.py:3096} INFO - Sync 1 DAGs
[2025-05-01T12:06:42.465+0000] {logging_mixin.py:188} INFO - [2025-05-01T12:06:42.465+0000] {dag.py:3954} INFO - Setting next_dagrun for example_short_circuit_decorator to 2025-04-30 00:00:00+00:00, run_after=2025-05-01 00:00:00+00:00
[2025-05-01T12:06:42.521+0000] {processor.py:183} INFO - Processing /home/airflow/.local/lib/python3.12/site-packages/airflow/example_dags/example_short_circuit_decorator.py took 0.214 seconds
[2025-05-01T12:07:12.927+0000] {processor.py:161} INFO - Started process (PID=4197) to work on /home/airflow/.local/lib/python3.12/site-packages/airflow/example_dags/example_short_circuit_decorator.py
[2025-05-01T12:07:12.929+0000] {processor.py:830} INFO - Processing file /home/airflow/.local/lib/python3.12/site-packages/airflow/example_dags/example_short_circuit_decorator.py for tasks to queue
[2025-05-01T12:07:12.933+0000] {logging_mixin.py:188} INFO - [2025-05-01T12:07:12.932+0000] {dagbag.py:545} INFO - Filling up the DagBag from /home/airflow/.local/lib/python3.12/site-packages/airflow/example_dags/example_short_circuit_decorator.py
[2025-05-01T12:07:12.951+0000] {processor.py:840} INFO - DAG(s) 'example_short_circuit_decorator' retrieved from /home/airflow/.local/lib/python3.12/site-packages/airflow/example_dags/example_short_circuit_decorator.py
[2025-05-01T12:07:13.005+0000] {logging_mixin.py:188} INFO - [2025-05-01T12:07:13.005+0000] {dag.py:3096} INFO - Sync 1 DAGs
[2025-05-01T12:07:13.057+0000] {logging_mixin.py:188} INFO - [2025-05-01T12:07:13.056+0000] {dag.py:3954} INFO - Setting next_dagrun for example_short_circuit_decorator to 2025-04-30 00:00:00+00:00, run_after=2025-05-01 00:00:00+00:00
[2025-05-01T12:07:13.106+0000] {processor.py:183} INFO - Processing /home/airflow/.local/lib/python3.12/site-packages/airflow/example_dags/example_short_circuit_decorator.py took 0.191 seconds
[2025-05-01T12:07:43.358+0000] {processor.py:161} INFO - Started process (PID=4256) to work on /home/airflow/.local/lib/python3.12/site-packages/airflow/example_dags/example_short_circuit_decorator.py
[2025-05-01T12:07:43.360+0000] {processor.py:830} INFO - Processing file /home/airflow/.local/lib/python3.12/site-packages/airflow/example_dags/example_short_circuit_decorator.py for tasks to queue
[2025-05-01T12:07:43.364+0000] {logging_mixin.py:188} INFO - [2025-05-01T12:07:43.363+0000] {dagbag.py:545} INFO - Filling up the DagBag from /home/airflow/.local/lib/python3.12/site-packages/airflow/example_dags/example_short_circuit_decorator.py
[2025-05-01T12:07:43.381+0000] {processor.py:840} INFO - DAG(s) 'example_short_circuit_decorator' retrieved from /home/airflow/.local/lib/python3.12/site-packages/airflow/example_dags/example_short_circuit_decorator.py
[2025-05-01T12:07:43.429+0000] {logging_mixin.py:188} INFO - [2025-05-01T12:07:43.429+0000] {dag.py:3096} INFO - Sync 1 DAGs
[2025-05-01T12:07:43.475+0000] {logging_mixin.py:188} INFO - [2025-05-01T12:07:43.474+0000] {dag.py:3954} INFO - Setting next_dagrun for example_short_circuit_decorator to 2025-04-30 00:00:00+00:00, run_after=2025-05-01 00:00:00+00:00
[2025-05-01T12:07:43.542+0000] {processor.py:183} INFO - Processing /home/airflow/.local/lib/python3.12/site-packages/airflow/example_dags/example_short_circuit_decorator.py took 0.196 seconds
[2025-05-01T12:08:14.348+0000] {processor.py:161} INFO - Started process (PID=4315) to work on /home/airflow/.local/lib/python3.12/site-packages/airflow/example_dags/example_short_circuit_decorator.py
[2025-05-01T12:08:14.350+0000] {processor.py:830} INFO - Processing file /home/airflow/.local/lib/python3.12/site-packages/airflow/example_dags/example_short_circuit_decorator.py for tasks to queue
[2025-05-01T12:08:14.354+0000] {logging_mixin.py:188} INFO - [2025-05-01T12:08:14.353+0000] {dagbag.py:545} INFO - Filling up the DagBag from /home/airflow/.local/lib/python3.12/site-packages/airflow/example_dags/example_short_circuit_decorator.py
[2025-05-01T12:08:14.371+0000] {processor.py:840} INFO - DAG(s) 'example_short_circuit_decorator' retrieved from /home/airflow/.local/lib/python3.12/site-packages/airflow/example_dags/example_short_circuit_decorator.py
[2025-05-01T12:08:14.428+0000] {logging_mixin.py:188} INFO - [2025-05-01T12:08:14.427+0000] {dag.py:3096} INFO - Sync 1 DAGs
[2025-05-01T12:08:14.480+0000] {logging_mixin.py:188} INFO - [2025-05-01T12:08:14.479+0000] {dag.py:3954} INFO - Setting next_dagrun for example_short_circuit_decorator to 2025-04-30 00:00:00+00:00, run_after=2025-05-01 00:00:00+00:00
[2025-05-01T12:08:14.567+0000] {processor.py:183} INFO - Processing /home/airflow/.local/lib/python3.12/site-packages/airflow/example_dags/example_short_circuit_decorator.py took 0.232 seconds
[2025-05-01T12:08:45.390+0000] {processor.py:161} INFO - Started process (PID=4374) to work on /home/airflow/.local/lib/python3.12/site-packages/airflow/example_dags/example_short_circuit_decorator.py
[2025-05-01T12:08:45.392+0000] {processor.py:830} INFO - Processing file /home/airflow/.local/lib/python3.12/site-packages/airflow/example_dags/example_short_circuit_decorator.py for tasks to queue
[2025-05-01T12:08:45.396+0000] {logging_mixin.py:188} INFO - [2025-05-01T12:08:45.396+0000] {dagbag.py:545} INFO - Filling up the DagBag from /home/airflow/.local/lib/python3.12/site-packages/airflow/example_dags/example_short_circuit_decorator.py
[2025-05-01T12:08:45.415+0000] {processor.py:840} INFO - DAG(s) 'example_short_circuit_decorator' retrieved from /home/airflow/.local/lib/python3.12/site-packages/airflow/example_dags/example_short_circuit_decorator.py
[2025-05-01T12:08:45.475+0000] {logging_mixin.py:188} INFO - [2025-05-01T12:08:45.474+0000] {dag.py:3096} INFO - Sync 1 DAGs
[2025-05-01T12:08:45.583+0000] {logging_mixin.py:188} INFO - [2025-05-01T12:08:45.582+0000] {dag.py:3954} INFO - Setting next_dagrun for example_short_circuit_decorator to 2025-04-30 00:00:00+00:00, run_after=2025-05-01 00:00:00+00:00
[2025-05-01T12:08:45.748+0000] {processor.py:183} INFO - Processing /home/airflow/.local/lib/python3.12/site-packages/airflow/example_dags/example_short_circuit_decorator.py took 0.371 seconds
[2025-05-01T12:09:16.101+0000] {processor.py:161} INFO - Started process (PID=4434) to work on /home/airflow/.local/lib/python3.12/site-packages/airflow/example_dags/example_short_circuit_decorator.py
[2025-05-01T12:09:16.104+0000] {processor.py:830} INFO - Processing file /home/airflow/.local/lib/python3.12/site-packages/airflow/example_dags/example_short_circuit_decorator.py for tasks to queue
[2025-05-01T12:09:16.108+0000] {logging_mixin.py:188} INFO - [2025-05-01T12:09:16.107+0000] {dagbag.py:545} INFO - Filling up the DagBag from /home/airflow/.local/lib/python3.12/site-packages/airflow/example_dags/example_short_circuit_decorator.py
[2025-05-01T12:09:16.126+0000] {processor.py:840} INFO - DAG(s) 'example_short_circuit_decorator' retrieved from /home/airflow/.local/lib/python3.12/site-packages/airflow/example_dags/example_short_circuit_decorator.py
[2025-05-01T12:09:16.178+0000] {logging_mixin.py:188} INFO - [2025-05-01T12:09:16.178+0000] {dag.py:3096} INFO - Sync 1 DAGs
[2025-05-01T12:09:16.273+0000] {logging_mixin.py:188} INFO - [2025-05-01T12:09:16.273+0000] {dag.py:3954} INFO - Setting next_dagrun for example_short_circuit_decorator to 2025-04-30 00:00:00+00:00, run_after=2025-05-01 00:00:00+00:00
[2025-05-01T12:09:16.339+0000] {processor.py:183} INFO - Processing /home/airflow/.local/lib/python3.12/site-packages/airflow/example_dags/example_short_circuit_decorator.py took 0.250 seconds
[2025-05-01T12:09:47.097+0000] {processor.py:161} INFO - Started process (PID=4493) to work on /home/airflow/.local/lib/python3.12/site-packages/airflow/example_dags/example_short_circuit_decorator.py
[2025-05-01T12:09:47.099+0000] {processor.py:830} INFO - Processing file /home/airflow/.local/lib/python3.12/site-packages/airflow/example_dags/example_short_circuit_decorator.py for tasks to queue
[2025-05-01T12:09:47.103+0000] {logging_mixin.py:188} INFO - [2025-05-01T12:09:47.102+0000] {dagbag.py:545} INFO - Filling up the DagBag from /home/airflow/.local/lib/python3.12/site-packages/airflow/example_dags/example_short_circuit_decorator.py
[2025-05-01T12:09:47.121+0000] {processor.py:840} INFO - DAG(s) 'example_short_circuit_decorator' retrieved from /home/airflow/.local/lib/python3.12/site-packages/airflow/example_dags/example_short_circuit_decorator.py
[2025-05-01T12:09:47.174+0000] {logging_mixin.py:188} INFO - [2025-05-01T12:09:47.174+0000] {dag.py:3096} INFO - Sync 1 DAGs
[2025-05-01T12:09:47.227+0000] {logging_mixin.py:188} INFO - [2025-05-01T12:09:47.227+0000] {dag.py:3954} INFO - Setting next_dagrun for example_short_circuit_decorator to 2025-04-30 00:00:00+00:00, run_after=2025-05-01 00:00:00+00:00
[2025-05-01T12:09:47.294+0000] {processor.py:183} INFO - Processing /home/airflow/.local/lib/python3.12/site-packages/airflow/example_dags/example_short_circuit_decorator.py took 0.208 seconds
