[2025-05-01T10:49:53.526+0000] {processor.py:161} INFO - Started process (PID=94) to work on /home/airflow/.local/lib/python3.12/site-packages/airflow/example_dags/example_branch_day_of_week_operator.py
[2025-05-01T10:49:53.527+0000] {processor.py:830} INFO - Processing file /home/airflow/.local/lib/python3.12/site-packages/airflow/example_dags/example_branch_day_of_week_operator.py for tasks to queue
[2025-05-01T10:49:53.530+0000] {logging_mixin.py:188} INFO - [2025-05-01T10:49:53.529+0000] {dagbag.py:545} INFO - Filling up the DagBag from /home/airflow/.local/lib/python3.12/site-packages/airflow/example_dags/example_branch_day_of_week_operator.py
[2025-05-01T10:49:53.540+0000] {processor.py:840} INFO - DAG(s) 'example_weekday_branch_operator' retrieved from /home/airflow/.local/lib/python3.12/site-packages/airflow/example_dags/example_branch_day_of_week_operator.py
[2025-05-01T10:49:53.698+0000] {logging_mixin.py:188} INFO - [2025-05-01T10:49:53.698+0000] {dag.py:3096} INFO - Sync 1 DAGs
[2025-05-01T10:49:53.730+0000] {logging_mixin.py:188} INFO - [2025-05-01T10:49:53.730+0000] {dag.py:3954} INFO - Setting next_dagrun for example_weekday_branch_operator to 2025-04-30 00:00:00+00:00, run_after=2025-05-01 00:00:00+00:00
[2025-05-01T10:49:53.760+0000] {processor.py:183} INFO - Processing /home/airflow/.local/lib/python3.12/site-packages/airflow/example_dags/example_branch_day_of_week_operator.py took 0.241 seconds
[2025-05-01T10:50:23.903+0000] {processor.py:161} INFO - Started process (PID=152) to work on /home/airflow/.local/lib/python3.12/site-packages/airflow/example_dags/example_branch_day_of_week_operator.py
[2025-05-01T10:50:23.905+0000] {processor.py:830} INFO - Processing file /home/airflow/.local/lib/python3.12/site-packages/airflow/example_dags/example_branch_day_of_week_operator.py for tasks to queue
[2025-05-01T10:50:23.907+0000] {logging_mixin.py:188} INFO - [2025-05-01T10:50:23.907+0000] {dagbag.py:545} INFO - Filling up the DagBag from /home/airflow/.local/lib/python3.12/site-packages/airflow/example_dags/example_branch_day_of_week_operator.py
[2025-05-01T10:50:23.915+0000] {processor.py:840} INFO - DAG(s) 'example_weekday_branch_operator' retrieved from /home/airflow/.local/lib/python3.12/site-packages/airflow/example_dags/example_branch_day_of_week_operator.py
[2025-05-01T10:50:23.938+0000] {logging_mixin.py:188} INFO - [2025-05-01T10:50:23.938+0000] {dag.py:3096} INFO - Sync 1 DAGs
[2025-05-01T10:50:23.965+0000] {logging_mixin.py:188} INFO - [2025-05-01T10:50:23.965+0000] {dag.py:3954} INFO - Setting next_dagrun for example_weekday_branch_operator to 2025-04-30 00:00:00+00:00, run_after=2025-05-01 00:00:00+00:00
[2025-05-01T10:50:23.997+0000] {processor.py:183} INFO - Processing /home/airflow/.local/lib/python3.12/site-packages/airflow/example_dags/example_branch_day_of_week_operator.py took 0.100 seconds
[2025-05-01T10:51:52.448+0000] {processor.py:161} INFO - Started process (PID=100) to work on /home/airflow/.local/lib/python3.12/site-packages/airflow/example_dags/example_branch_day_of_week_operator.py
[2025-05-01T10:51:52.449+0000] {processor.py:830} INFO - Processing file /home/airflow/.local/lib/python3.12/site-packages/airflow/example_dags/example_branch_day_of_week_operator.py for tasks to queue
[2025-05-01T10:51:52.452+0000] {logging_mixin.py:188} INFO - [2025-05-01T10:51:52.452+0000] {dagbag.py:545} INFO - Filling up the DagBag from /home/airflow/.local/lib/python3.12/site-packages/airflow/example_dags/example_branch_day_of_week_operator.py
[2025-05-01T10:51:52.462+0000] {processor.py:840} INFO - DAG(s) 'example_weekday_branch_operator' retrieved from /home/airflow/.local/lib/python3.12/site-packages/airflow/example_dags/example_branch_day_of_week_operator.py
[2025-05-01T10:51:52.609+0000] {logging_mixin.py:188} INFO - [2025-05-01T10:51:52.608+0000] {dag.py:3096} INFO - Sync 1 DAGs
[2025-05-01T10:51:52.645+0000] {logging_mixin.py:188} INFO - [2025-05-01T10:51:52.645+0000] {dag.py:3954} INFO - Setting next_dagrun for example_weekday_branch_operator to 2025-04-30 00:00:00+00:00, run_after=2025-05-01 00:00:00+00:00
[2025-05-01T10:51:52.680+0000] {processor.py:183} INFO - Processing /home/airflow/.local/lib/python3.12/site-packages/airflow/example_dags/example_branch_day_of_week_operator.py took 0.240 seconds
[2025-05-01T10:52:23.703+0000] {processor.py:161} INFO - Started process (PID=158) to work on /home/airflow/.local/lib/python3.12/site-packages/airflow/example_dags/example_branch_day_of_week_operator.py
[2025-05-01T10:52:23.705+0000] {processor.py:830} INFO - Processing file /home/airflow/.local/lib/python3.12/site-packages/airflow/example_dags/example_branch_day_of_week_operator.py for tasks to queue
[2025-05-01T10:52:23.708+0000] {logging_mixin.py:188} INFO - [2025-05-01T10:52:23.708+0000] {dagbag.py:545} INFO - Filling up the DagBag from /home/airflow/.local/lib/python3.12/site-packages/airflow/example_dags/example_branch_day_of_week_operator.py
[2025-05-01T10:52:23.718+0000] {processor.py:840} INFO - DAG(s) 'example_weekday_branch_operator' retrieved from /home/airflow/.local/lib/python3.12/site-packages/airflow/example_dags/example_branch_day_of_week_operator.py
[2025-05-01T10:52:23.742+0000] {logging_mixin.py:188} INFO - [2025-05-01T10:52:23.742+0000] {dag.py:3096} INFO - Sync 1 DAGs
[2025-05-01T10:52:23.772+0000] {logging_mixin.py:188} INFO - [2025-05-01T10:52:23.772+0000] {dag.py:3954} INFO - Setting next_dagrun for example_weekday_branch_operator to 2025-04-30 00:00:00+00:00, run_after=2025-05-01 00:00:00+00:00
[2025-05-01T10:52:23.798+0000] {processor.py:183} INFO - Processing /home/airflow/.local/lib/python3.12/site-packages/airflow/example_dags/example_branch_day_of_week_operator.py took 0.103 seconds
[2025-05-01T10:52:53.848+0000] {processor.py:161} INFO - Started process (PID=216) to work on /home/airflow/.local/lib/python3.12/site-packages/airflow/example_dags/example_branch_day_of_week_operator.py
[2025-05-01T10:52:53.850+0000] {processor.py:830} INFO - Processing file /home/airflow/.local/lib/python3.12/site-packages/airflow/example_dags/example_branch_day_of_week_operator.py for tasks to queue
[2025-05-01T10:52:53.852+0000] {logging_mixin.py:188} INFO - [2025-05-01T10:52:53.852+0000] {dagbag.py:545} INFO - Filling up the DagBag from /home/airflow/.local/lib/python3.12/site-packages/airflow/example_dags/example_branch_day_of_week_operator.py
[2025-05-01T10:52:53.859+0000] {processor.py:840} INFO - DAG(s) 'example_weekday_branch_operator' retrieved from /home/airflow/.local/lib/python3.12/site-packages/airflow/example_dags/example_branch_day_of_week_operator.py
[2025-05-01T10:52:53.883+0000] {logging_mixin.py:188} INFO - [2025-05-01T10:52:53.883+0000] {dag.py:3096} INFO - Sync 1 DAGs
[2025-05-01T10:52:53.910+0000] {logging_mixin.py:188} INFO - [2025-05-01T10:52:53.910+0000] {dag.py:3954} INFO - Setting next_dagrun for example_weekday_branch_operator to 2025-04-30 00:00:00+00:00, run_after=2025-05-01 00:00:00+00:00
[2025-05-01T10:52:53.939+0000] {processor.py:183} INFO - Processing /home/airflow/.local/lib/python3.12/site-packages/airflow/example_dags/example_branch_day_of_week_operator.py took 0.096 seconds
[2025-05-01T10:53:24.077+0000] {processor.py:161} INFO - Started process (PID=274) to work on /home/airflow/.local/lib/python3.12/site-packages/airflow/example_dags/example_branch_day_of_week_operator.py
[2025-05-01T10:53:24.078+0000] {processor.py:830} INFO - Processing file /home/airflow/.local/lib/python3.12/site-packages/airflow/example_dags/example_branch_day_of_week_operator.py for tasks to queue
[2025-05-01T10:53:24.080+0000] {logging_mixin.py:188} INFO - [2025-05-01T10:53:24.080+0000] {dagbag.py:545} INFO - Filling up the DagBag from /home/airflow/.local/lib/python3.12/site-packages/airflow/example_dags/example_branch_day_of_week_operator.py
[2025-05-01T10:53:24.088+0000] {processor.py:840} INFO - DAG(s) 'example_weekday_branch_operator' retrieved from /home/airflow/.local/lib/python3.12/site-packages/airflow/example_dags/example_branch_day_of_week_operator.py
[2025-05-01T10:53:24.117+0000] {logging_mixin.py:188} INFO - [2025-05-01T10:53:24.116+0000] {dag.py:3096} INFO - Sync 1 DAGs
[2025-05-01T10:53:24.146+0000] {logging_mixin.py:188} INFO - [2025-05-01T10:53:24.146+0000] {dag.py:3954} INFO - Setting next_dagrun for example_weekday_branch_operator to 2025-04-30 00:00:00+00:00, run_after=2025-05-01 00:00:00+00:00
[2025-05-01T10:53:24.176+0000] {processor.py:183} INFO - Processing /home/airflow/.local/lib/python3.12/site-packages/airflow/example_dags/example_branch_day_of_week_operator.py took 0.105 seconds
[2025-05-01T10:53:54.389+0000] {processor.py:161} INFO - Started process (PID=332) to work on /home/airflow/.local/lib/python3.12/site-packages/airflow/example_dags/example_branch_day_of_week_operator.py
[2025-05-01T10:53:54.391+0000] {processor.py:830} INFO - Processing file /home/airflow/.local/lib/python3.12/site-packages/airflow/example_dags/example_branch_day_of_week_operator.py for tasks to queue
[2025-05-01T10:53:54.393+0000] {logging_mixin.py:188} INFO - [2025-05-01T10:53:54.392+0000] {dagbag.py:545} INFO - Filling up the DagBag from /home/airflow/.local/lib/python3.12/site-packages/airflow/example_dags/example_branch_day_of_week_operator.py
[2025-05-01T10:53:54.400+0000] {processor.py:840} INFO - DAG(s) 'example_weekday_branch_operator' retrieved from /home/airflow/.local/lib/python3.12/site-packages/airflow/example_dags/example_branch_day_of_week_operator.py
[2025-05-01T10:53:54.425+0000] {logging_mixin.py:188} INFO - [2025-05-01T10:53:54.424+0000] {dag.py:3096} INFO - Sync 1 DAGs
[2025-05-01T10:53:54.457+0000] {logging_mixin.py:188} INFO - [2025-05-01T10:53:54.456+0000] {dag.py:3954} INFO - Setting next_dagrun for example_weekday_branch_operator to 2025-04-30 00:00:00+00:00, run_after=2025-05-01 00:00:00+00:00
[2025-05-01T10:53:54.501+0000] {processor.py:183} INFO - Processing /home/airflow/.local/lib/python3.12/site-packages/airflow/example_dags/example_branch_day_of_week_operator.py took 0.117 seconds
[2025-05-01T10:54:24.975+0000] {processor.py:161} INFO - Started process (PID=390) to work on /home/airflow/.local/lib/python3.12/site-packages/airflow/example_dags/example_branch_day_of_week_operator.py
[2025-05-01T10:54:24.977+0000] {processor.py:830} INFO - Processing file /home/airflow/.local/lib/python3.12/site-packages/airflow/example_dags/example_branch_day_of_week_operator.py for tasks to queue
[2025-05-01T10:54:24.979+0000] {logging_mixin.py:188} INFO - [2025-05-01T10:54:24.978+0000] {dagbag.py:545} INFO - Filling up the DagBag from /home/airflow/.local/lib/python3.12/site-packages/airflow/example_dags/example_branch_day_of_week_operator.py
[2025-05-01T10:54:24.986+0000] {processor.py:840} INFO - DAG(s) 'example_weekday_branch_operator' retrieved from /home/airflow/.local/lib/python3.12/site-packages/airflow/example_dags/example_branch_day_of_week_operator.py
[2025-05-01T10:54:25.011+0000] {logging_mixin.py:188} INFO - [2025-05-01T10:54:25.011+0000] {dag.py:3096} INFO - Sync 1 DAGs
[2025-05-01T10:54:25.037+0000] {logging_mixin.py:188} INFO - [2025-05-01T10:54:25.037+0000] {dag.py:3954} INFO - Setting next_dagrun for example_weekday_branch_operator to 2025-04-30 00:00:00+00:00, run_after=2025-05-01 00:00:00+00:00
[2025-05-01T10:54:25.061+0000] {processor.py:183} INFO - Processing /home/airflow/.local/lib/python3.12/site-packages/airflow/example_dags/example_branch_day_of_week_operator.py took 0.091 seconds
[2025-05-01T10:54:55.327+0000] {processor.py:161} INFO - Started process (PID=448) to work on /home/airflow/.local/lib/python3.12/site-packages/airflow/example_dags/example_branch_day_of_week_operator.py
[2025-05-01T10:54:55.328+0000] {processor.py:830} INFO - Processing file /home/airflow/.local/lib/python3.12/site-packages/airflow/example_dags/example_branch_day_of_week_operator.py for tasks to queue
[2025-05-01T10:54:55.330+0000] {logging_mixin.py:188} INFO - [2025-05-01T10:54:55.330+0000] {dagbag.py:545} INFO - Filling up the DagBag from /home/airflow/.local/lib/python3.12/site-packages/airflow/example_dags/example_branch_day_of_week_operator.py
[2025-05-01T10:54:55.338+0000] {processor.py:840} INFO - DAG(s) 'example_weekday_branch_operator' retrieved from /home/airflow/.local/lib/python3.12/site-packages/airflow/example_dags/example_branch_day_of_week_operator.py
[2025-05-01T10:54:55.360+0000] {logging_mixin.py:188} INFO - [2025-05-01T10:54:55.360+0000] {dag.py:3096} INFO - Sync 1 DAGs
[2025-05-01T10:54:55.385+0000] {logging_mixin.py:188} INFO - [2025-05-01T10:54:55.384+0000] {dag.py:3954} INFO - Setting next_dagrun for example_weekday_branch_operator to 2025-04-30 00:00:00+00:00, run_after=2025-05-01 00:00:00+00:00
[2025-05-01T10:54:55.408+0000] {processor.py:183} INFO - Processing /home/airflow/.local/lib/python3.12/site-packages/airflow/example_dags/example_branch_day_of_week_operator.py took 0.087 seconds
[2025-05-01T10:55:25.737+0000] {processor.py:161} INFO - Started process (PID=506) to work on /home/airflow/.local/lib/python3.12/site-packages/airflow/example_dags/example_branch_day_of_week_operator.py
[2025-05-01T10:55:25.739+0000] {processor.py:830} INFO - Processing file /home/airflow/.local/lib/python3.12/site-packages/airflow/example_dags/example_branch_day_of_week_operator.py for tasks to queue
[2025-05-01T10:55:25.741+0000] {logging_mixin.py:188} INFO - [2025-05-01T10:55:25.741+0000] {dagbag.py:545} INFO - Filling up the DagBag from /home/airflow/.local/lib/python3.12/site-packages/airflow/example_dags/example_branch_day_of_week_operator.py
[2025-05-01T10:55:25.749+0000] {processor.py:840} INFO - DAG(s) 'example_weekday_branch_operator' retrieved from /home/airflow/.local/lib/python3.12/site-packages/airflow/example_dags/example_branch_day_of_week_operator.py
[2025-05-01T10:55:25.774+0000] {logging_mixin.py:188} INFO - [2025-05-01T10:55:25.773+0000] {dag.py:3096} INFO - Sync 1 DAGs
[2025-05-01T10:55:25.798+0000] {logging_mixin.py:188} INFO - [2025-05-01T10:55:25.797+0000] {dag.py:3954} INFO - Setting next_dagrun for example_weekday_branch_operator to 2025-04-30 00:00:00+00:00, run_after=2025-05-01 00:00:00+00:00
[2025-05-01T10:55:25.820+0000] {processor.py:183} INFO - Processing /home/airflow/.local/lib/python3.12/site-packages/airflow/example_dags/example_branch_day_of_week_operator.py took 0.088 seconds
[2025-05-01T10:55:56.118+0000] {processor.py:161} INFO - Started process (PID=564) to work on /home/airflow/.local/lib/python3.12/site-packages/airflow/example_dags/example_branch_day_of_week_operator.py
[2025-05-01T10:55:56.119+0000] {processor.py:830} INFO - Processing file /home/airflow/.local/lib/python3.12/site-packages/airflow/example_dags/example_branch_day_of_week_operator.py for tasks to queue
[2025-05-01T10:55:56.122+0000] {logging_mixin.py:188} INFO - [2025-05-01T10:55:56.122+0000] {dagbag.py:545} INFO - Filling up the DagBag from /home/airflow/.local/lib/python3.12/site-packages/airflow/example_dags/example_branch_day_of_week_operator.py
[2025-05-01T10:55:56.132+0000] {processor.py:840} INFO - DAG(s) 'example_weekday_branch_operator' retrieved from /home/airflow/.local/lib/python3.12/site-packages/airflow/example_dags/example_branch_day_of_week_operator.py
[2025-05-01T10:55:56.161+0000] {logging_mixin.py:188} INFO - [2025-05-01T10:55:56.161+0000] {dag.py:3096} INFO - Sync 1 DAGs
[2025-05-01T10:55:56.192+0000] {logging_mixin.py:188} INFO - [2025-05-01T10:55:56.192+0000] {dag.py:3954} INFO - Setting next_dagrun for example_weekday_branch_operator to 2025-04-30 00:00:00+00:00, run_after=2025-05-01 00:00:00+00:00
[2025-05-01T10:55:56.217+0000] {processor.py:183} INFO - Processing /home/airflow/.local/lib/python3.12/site-packages/airflow/example_dags/example_branch_day_of_week_operator.py took 0.105 seconds
[2025-05-01T10:56:26.628+0000] {processor.py:161} INFO - Started process (PID=622) to work on /home/airflow/.local/lib/python3.12/site-packages/airflow/example_dags/example_branch_day_of_week_operator.py
[2025-05-01T10:56:26.629+0000] {processor.py:830} INFO - Processing file /home/airflow/.local/lib/python3.12/site-packages/airflow/example_dags/example_branch_day_of_week_operator.py for tasks to queue
[2025-05-01T10:56:26.631+0000] {logging_mixin.py:188} INFO - [2025-05-01T10:56:26.631+0000] {dagbag.py:545} INFO - Filling up the DagBag from /home/airflow/.local/lib/python3.12/site-packages/airflow/example_dags/example_branch_day_of_week_operator.py
[2025-05-01T10:56:26.639+0000] {processor.py:840} INFO - DAG(s) 'example_weekday_branch_operator' retrieved from /home/airflow/.local/lib/python3.12/site-packages/airflow/example_dags/example_branch_day_of_week_operator.py
[2025-05-01T10:56:26.663+0000] {logging_mixin.py:188} INFO - [2025-05-01T10:56:26.663+0000] {dag.py:3096} INFO - Sync 1 DAGs
[2025-05-01T10:56:26.688+0000] {logging_mixin.py:188} INFO - [2025-05-01T10:56:26.687+0000] {dag.py:3954} INFO - Setting next_dagrun for example_weekday_branch_operator to 2025-04-30 00:00:00+00:00, run_after=2025-05-01 00:00:00+00:00
[2025-05-01T10:56:26.712+0000] {processor.py:183} INFO - Processing /home/airflow/.local/lib/python3.12/site-packages/airflow/example_dags/example_branch_day_of_week_operator.py took 0.090 seconds
[2025-05-01T10:56:57.453+0000] {processor.py:161} INFO - Started process (PID=681) to work on /home/airflow/.local/lib/python3.12/site-packages/airflow/example_dags/example_branch_day_of_week_operator.py
[2025-05-01T10:56:57.455+0000] {processor.py:830} INFO - Processing file /home/airflow/.local/lib/python3.12/site-packages/airflow/example_dags/example_branch_day_of_week_operator.py for tasks to queue
[2025-05-01T10:56:57.457+0000] {logging_mixin.py:188} INFO - [2025-05-01T10:56:57.457+0000] {dagbag.py:545} INFO - Filling up the DagBag from /home/airflow/.local/lib/python3.12/site-packages/airflow/example_dags/example_branch_day_of_week_operator.py
[2025-05-01T10:56:57.466+0000] {processor.py:840} INFO - DAG(s) 'example_weekday_branch_operator' retrieved from /home/airflow/.local/lib/python3.12/site-packages/airflow/example_dags/example_branch_day_of_week_operator.py
[2025-05-01T10:56:57.511+0000] {logging_mixin.py:188} INFO - [2025-05-01T10:56:57.510+0000] {dag.py:3096} INFO - Sync 1 DAGs
[2025-05-01T10:56:57.547+0000] {logging_mixin.py:188} INFO - [2025-05-01T10:56:57.547+0000] {dag.py:3954} INFO - Setting next_dagrun for example_weekday_branch_operator to 2025-04-30 00:00:00+00:00, run_after=2025-05-01 00:00:00+00:00
[2025-05-01T10:56:57.579+0000] {processor.py:183} INFO - Processing /home/airflow/.local/lib/python3.12/site-packages/airflow/example_dags/example_branch_day_of_week_operator.py took 0.131 seconds
[2025-05-01T10:57:27.904+0000] {processor.py:161} INFO - Started process (PID=742) to work on /home/airflow/.local/lib/python3.12/site-packages/airflow/example_dags/example_branch_day_of_week_operator.py
[2025-05-01T10:57:27.906+0000] {processor.py:830} INFO - Processing file /home/airflow/.local/lib/python3.12/site-packages/airflow/example_dags/example_branch_day_of_week_operator.py for tasks to queue
[2025-05-01T10:57:27.908+0000] {logging_mixin.py:188} INFO - [2025-05-01T10:57:27.907+0000] {dagbag.py:545} INFO - Filling up the DagBag from /home/airflow/.local/lib/python3.12/site-packages/airflow/example_dags/example_branch_day_of_week_operator.py
[2025-05-01T10:57:27.915+0000] {processor.py:840} INFO - DAG(s) 'example_weekday_branch_operator' retrieved from /home/airflow/.local/lib/python3.12/site-packages/airflow/example_dags/example_branch_day_of_week_operator.py
[2025-05-01T10:57:27.939+0000] {logging_mixin.py:188} INFO - [2025-05-01T10:57:27.939+0000] {dag.py:3096} INFO - Sync 1 DAGs
[2025-05-01T10:57:27.965+0000] {logging_mixin.py:188} INFO - [2025-05-01T10:57:27.965+0000] {dag.py:3954} INFO - Setting next_dagrun for example_weekday_branch_operator to 2025-04-30 00:00:00+00:00, run_after=2025-05-01 00:00:00+00:00
[2025-05-01T10:57:27.990+0000] {processor.py:183} INFO - Processing /home/airflow/.local/lib/python3.12/site-packages/airflow/example_dags/example_branch_day_of_week_operator.py took 0.092 seconds
[2025-05-01T10:57:58.295+0000] {processor.py:161} INFO - Started process (PID=801) to work on /home/airflow/.local/lib/python3.12/site-packages/airflow/example_dags/example_branch_day_of_week_operator.py
[2025-05-01T10:57:58.297+0000] {processor.py:830} INFO - Processing file /home/airflow/.local/lib/python3.12/site-packages/airflow/example_dags/example_branch_day_of_week_operator.py for tasks to queue
[2025-05-01T10:57:58.301+0000] {logging_mixin.py:188} INFO - [2025-05-01T10:57:58.300+0000] {dagbag.py:545} INFO - Filling up the DagBag from /home/airflow/.local/lib/python3.12/site-packages/airflow/example_dags/example_branch_day_of_week_operator.py
[2025-05-01T10:57:58.309+0000] {processor.py:840} INFO - DAG(s) 'example_weekday_branch_operator' retrieved from /home/airflow/.local/lib/python3.12/site-packages/airflow/example_dags/example_branch_day_of_week_operator.py
[2025-05-01T10:57:58.334+0000] {logging_mixin.py:188} INFO - [2025-05-01T10:57:58.333+0000] {dag.py:3096} INFO - Sync 1 DAGs
[2025-05-01T10:57:58.360+0000] {logging_mixin.py:188} INFO - [2025-05-01T10:57:58.359+0000] {dag.py:3954} INFO - Setting next_dagrun for example_weekday_branch_operator to 2025-04-30 00:00:00+00:00, run_after=2025-05-01 00:00:00+00:00
[2025-05-01T10:57:58.384+0000] {processor.py:183} INFO - Processing /home/airflow/.local/lib/python3.12/site-packages/airflow/example_dags/example_branch_day_of_week_operator.py took 0.094 seconds
[2025-05-01T10:58:29.077+0000] {processor.py:161} INFO - Started process (PID=860) to work on /home/airflow/.local/lib/python3.12/site-packages/airflow/example_dags/example_branch_day_of_week_operator.py
[2025-05-01T10:58:29.079+0000] {processor.py:830} INFO - Processing file /home/airflow/.local/lib/python3.12/site-packages/airflow/example_dags/example_branch_day_of_week_operator.py for tasks to queue
[2025-05-01T10:58:29.081+0000] {logging_mixin.py:188} INFO - [2025-05-01T10:58:29.081+0000] {dagbag.py:545} INFO - Filling up the DagBag from /home/airflow/.local/lib/python3.12/site-packages/airflow/example_dags/example_branch_day_of_week_operator.py
[2025-05-01T10:58:29.089+0000] {processor.py:840} INFO - DAG(s) 'example_weekday_branch_operator' retrieved from /home/airflow/.local/lib/python3.12/site-packages/airflow/example_dags/example_branch_day_of_week_operator.py
[2025-05-01T10:58:29.114+0000] {logging_mixin.py:188} INFO - [2025-05-01T10:58:29.114+0000] {dag.py:3096} INFO - Sync 1 DAGs
[2025-05-01T10:58:29.139+0000] {logging_mixin.py:188} INFO - [2025-05-01T10:58:29.139+0000] {dag.py:3954} INFO - Setting next_dagrun for example_weekday_branch_operator to 2025-04-30 00:00:00+00:00, run_after=2025-05-01 00:00:00+00:00
[2025-05-01T10:58:29.163+0000] {processor.py:183} INFO - Processing /home/airflow/.local/lib/python3.12/site-packages/airflow/example_dags/example_branch_day_of_week_operator.py took 0.092 seconds
[2025-05-01T10:58:59.508+0000] {processor.py:161} INFO - Started process (PID=919) to work on /home/airflow/.local/lib/python3.12/site-packages/airflow/example_dags/example_branch_day_of_week_operator.py
[2025-05-01T10:58:59.510+0000] {processor.py:830} INFO - Processing file /home/airflow/.local/lib/python3.12/site-packages/airflow/example_dags/example_branch_day_of_week_operator.py for tasks to queue
[2025-05-01T10:58:59.512+0000] {logging_mixin.py:188} INFO - [2025-05-01T10:58:59.511+0000] {dagbag.py:545} INFO - Filling up the DagBag from /home/airflow/.local/lib/python3.12/site-packages/airflow/example_dags/example_branch_day_of_week_operator.py
[2025-05-01T10:58:59.519+0000] {processor.py:840} INFO - DAG(s) 'example_weekday_branch_operator' retrieved from /home/airflow/.local/lib/python3.12/site-packages/airflow/example_dags/example_branch_day_of_week_operator.py
[2025-05-01T10:58:59.543+0000] {logging_mixin.py:188} INFO - [2025-05-01T10:58:59.542+0000] {dag.py:3096} INFO - Sync 1 DAGs
[2025-05-01T10:58:59.569+0000] {logging_mixin.py:188} INFO - [2025-05-01T10:58:59.569+0000] {dag.py:3954} INFO - Setting next_dagrun for example_weekday_branch_operator to 2025-04-30 00:00:00+00:00, run_after=2025-05-01 00:00:00+00:00
[2025-05-01T10:58:59.592+0000] {processor.py:183} INFO - Processing /home/airflow/.local/lib/python3.12/site-packages/airflow/example_dags/example_branch_day_of_week_operator.py took 0.089 seconds
[2025-05-01T10:59:29.736+0000] {processor.py:161} INFO - Started process (PID=978) to work on /home/airflow/.local/lib/python3.12/site-packages/airflow/example_dags/example_branch_day_of_week_operator.py
[2025-05-01T10:59:29.737+0000] {processor.py:830} INFO - Processing file /home/airflow/.local/lib/python3.12/site-packages/airflow/example_dags/example_branch_day_of_week_operator.py for tasks to queue
[2025-05-01T10:59:29.740+0000] {logging_mixin.py:188} INFO - [2025-05-01T10:59:29.740+0000] {dagbag.py:545} INFO - Filling up the DagBag from /home/airflow/.local/lib/python3.12/site-packages/airflow/example_dags/example_branch_day_of_week_operator.py
[2025-05-01T10:59:29.749+0000] {processor.py:840} INFO - DAG(s) 'example_weekday_branch_operator' retrieved from /home/airflow/.local/lib/python3.12/site-packages/airflow/example_dags/example_branch_day_of_week_operator.py
[2025-05-01T10:59:29.778+0000] {logging_mixin.py:188} INFO - [2025-05-01T10:59:29.777+0000] {dag.py:3096} INFO - Sync 1 DAGs
[2025-05-01T10:59:29.809+0000] {logging_mixin.py:188} INFO - [2025-05-01T10:59:29.809+0000] {dag.py:3954} INFO - Setting next_dagrun for example_weekday_branch_operator to 2025-04-30 00:00:00+00:00, run_after=2025-05-01 00:00:00+00:00
[2025-05-01T10:59:29.840+0000] {processor.py:183} INFO - Processing /home/airflow/.local/lib/python3.12/site-packages/airflow/example_dags/example_branch_day_of_week_operator.py took 0.110 seconds
[2025-05-01T11:00:00.631+0000] {processor.py:161} INFO - Started process (PID=1037) to work on /home/airflow/.local/lib/python3.12/site-packages/airflow/example_dags/example_branch_day_of_week_operator.py
[2025-05-01T11:00:00.635+0000] {processor.py:830} INFO - Processing file /home/airflow/.local/lib/python3.12/site-packages/airflow/example_dags/example_branch_day_of_week_operator.py for tasks to queue
[2025-05-01T11:00:00.640+0000] {logging_mixin.py:188} INFO - [2025-05-01T11:00:00.639+0000] {dagbag.py:545} INFO - Filling up the DagBag from /home/airflow/.local/lib/python3.12/site-packages/airflow/example_dags/example_branch_day_of_week_operator.py
[2025-05-01T11:00:00.659+0000] {processor.py:840} INFO - DAG(s) 'example_weekday_branch_operator' retrieved from /home/airflow/.local/lib/python3.12/site-packages/airflow/example_dags/example_branch_day_of_week_operator.py
[2025-05-01T11:00:00.716+0000] {logging_mixin.py:188} INFO - [2025-05-01T11:00:00.715+0000] {dag.py:3096} INFO - Sync 1 DAGs
[2025-05-01T11:00:00.783+0000] {logging_mixin.py:188} INFO - [2025-05-01T11:00:00.782+0000] {dag.py:3954} INFO - Setting next_dagrun for example_weekday_branch_operator to 2025-04-30 00:00:00+00:00, run_after=2025-05-01 00:00:00+00:00
[2025-05-01T11:00:00.841+0000] {processor.py:183} INFO - Processing /home/airflow/.local/lib/python3.12/site-packages/airflow/example_dags/example_branch_day_of_week_operator.py took 0.224 seconds
[2025-05-01T11:00:31.761+0000] {processor.py:161} INFO - Started process (PID=1096) to work on /home/airflow/.local/lib/python3.12/site-packages/airflow/example_dags/example_branch_day_of_week_operator.py
[2025-05-01T11:00:31.764+0000] {processor.py:830} INFO - Processing file /home/airflow/.local/lib/python3.12/site-packages/airflow/example_dags/example_branch_day_of_week_operator.py for tasks to queue
[2025-05-01T11:00:31.769+0000] {logging_mixin.py:188} INFO - [2025-05-01T11:00:31.768+0000] {dagbag.py:545} INFO - Filling up the DagBag from /home/airflow/.local/lib/python3.12/site-packages/airflow/example_dags/example_branch_day_of_week_operator.py
[2025-05-01T11:00:31.787+0000] {processor.py:840} INFO - DAG(s) 'example_weekday_branch_operator' retrieved from /home/airflow/.local/lib/python3.12/site-packages/airflow/example_dags/example_branch_day_of_week_operator.py
[2025-05-01T11:00:31.838+0000] {logging_mixin.py:188} INFO - [2025-05-01T11:00:31.837+0000] {dag.py:3096} INFO - Sync 1 DAGs
[2025-05-01T11:00:31.897+0000] {logging_mixin.py:188} INFO - [2025-05-01T11:00:31.897+0000] {dag.py:3954} INFO - Setting next_dagrun for example_weekday_branch_operator to 2025-04-30 00:00:00+00:00, run_after=2025-05-01 00:00:00+00:00
[2025-05-01T11:00:31.951+0000] {processor.py:183} INFO - Processing /home/airflow/.local/lib/python3.12/site-packages/airflow/example_dags/example_branch_day_of_week_operator.py took 0.204 seconds
[2025-05-01T11:01:02.365+0000] {processor.py:161} INFO - Started process (PID=1156) to work on /home/airflow/.local/lib/python3.12/site-packages/airflow/example_dags/example_branch_day_of_week_operator.py
[2025-05-01T11:01:02.368+0000] {processor.py:830} INFO - Processing file /home/airflow/.local/lib/python3.12/site-packages/airflow/example_dags/example_branch_day_of_week_operator.py for tasks to queue
[2025-05-01T11:01:02.372+0000] {logging_mixin.py:188} INFO - [2025-05-01T11:01:02.371+0000] {dagbag.py:545} INFO - Filling up the DagBag from /home/airflow/.local/lib/python3.12/site-packages/airflow/example_dags/example_branch_day_of_week_operator.py
[2025-05-01T11:01:02.388+0000] {processor.py:840} INFO - DAG(s) 'example_weekday_branch_operator' retrieved from /home/airflow/.local/lib/python3.12/site-packages/airflow/example_dags/example_branch_day_of_week_operator.py
[2025-05-01T11:01:02.439+0000] {logging_mixin.py:188} INFO - [2025-05-01T11:01:02.438+0000] {dag.py:3096} INFO - Sync 1 DAGs
[2025-05-01T11:01:02.487+0000] {logging_mixin.py:188} INFO - [2025-05-01T11:01:02.486+0000] {dag.py:3954} INFO - Setting next_dagrun for example_weekday_branch_operator to 2025-04-30 00:00:00+00:00, run_after=2025-05-01 00:00:00+00:00
[2025-05-01T11:01:02.527+0000] {processor.py:183} INFO - Processing /home/airflow/.local/lib/python3.12/site-packages/airflow/example_dags/example_branch_day_of_week_operator.py took 0.175 seconds
[2025-05-01T11:01:32.836+0000] {processor.py:161} INFO - Started process (PID=1215) to work on /home/airflow/.local/lib/python3.12/site-packages/airflow/example_dags/example_branch_day_of_week_operator.py
[2025-05-01T11:01:32.841+0000] {processor.py:830} INFO - Processing file /home/airflow/.local/lib/python3.12/site-packages/airflow/example_dags/example_branch_day_of_week_operator.py for tasks to queue
[2025-05-01T11:01:32.847+0000] {logging_mixin.py:188} INFO - [2025-05-01T11:01:32.846+0000] {dagbag.py:545} INFO - Filling up the DagBag from /home/airflow/.local/lib/python3.12/site-packages/airflow/example_dags/example_branch_day_of_week_operator.py
[2025-05-01T11:01:32.872+0000] {processor.py:840} INFO - DAG(s) 'example_weekday_branch_operator' retrieved from /home/airflow/.local/lib/python3.12/site-packages/airflow/example_dags/example_branch_day_of_week_operator.py
[2025-05-01T11:01:32.927+0000] {logging_mixin.py:188} INFO - [2025-05-01T11:01:32.926+0000] {dag.py:3096} INFO - Sync 1 DAGs
[2025-05-01T11:01:32.975+0000] {logging_mixin.py:188} INFO - [2025-05-01T11:01:32.975+0000] {dag.py:3954} INFO - Setting next_dagrun for example_weekday_branch_operator to 2025-04-30 00:00:00+00:00, run_after=2025-05-01 00:00:00+00:00
[2025-05-01T11:01:33.062+0000] {processor.py:183} INFO - Processing /home/airflow/.local/lib/python3.12/site-packages/airflow/example_dags/example_branch_day_of_week_operator.py took 0.242 seconds
[2025-05-01T11:02:03.319+0000] {processor.py:161} INFO - Started process (PID=1274) to work on /home/airflow/.local/lib/python3.12/site-packages/airflow/example_dags/example_branch_day_of_week_operator.py
[2025-05-01T11:02:03.321+0000] {processor.py:830} INFO - Processing file /home/airflow/.local/lib/python3.12/site-packages/airflow/example_dags/example_branch_day_of_week_operator.py for tasks to queue
[2025-05-01T11:02:03.326+0000] {logging_mixin.py:188} INFO - [2025-05-01T11:02:03.326+0000] {dagbag.py:545} INFO - Filling up the DagBag from /home/airflow/.local/lib/python3.12/site-packages/airflow/example_dags/example_branch_day_of_week_operator.py
[2025-05-01T11:02:03.346+0000] {processor.py:840} INFO - DAG(s) 'example_weekday_branch_operator' retrieved from /home/airflow/.local/lib/python3.12/site-packages/airflow/example_dags/example_branch_day_of_week_operator.py
[2025-05-01T11:02:03.391+0000] {logging_mixin.py:188} INFO - [2025-05-01T11:02:03.391+0000] {dag.py:3096} INFO - Sync 1 DAGs
[2025-05-01T11:02:03.439+0000] {logging_mixin.py:188} INFO - [2025-05-01T11:02:03.439+0000] {dag.py:3954} INFO - Setting next_dagrun for example_weekday_branch_operator to 2025-04-30 00:00:00+00:00, run_after=2025-05-01 00:00:00+00:00
[2025-05-01T11:02:03.513+0000] {processor.py:183} INFO - Processing /home/airflow/.local/lib/python3.12/site-packages/airflow/example_dags/example_branch_day_of_week_operator.py took 0.207 seconds
[2025-05-01T11:02:34.234+0000] {processor.py:161} INFO - Started process (PID=1333) to work on /home/airflow/.local/lib/python3.12/site-packages/airflow/example_dags/example_branch_day_of_week_operator.py
[2025-05-01T11:02:34.237+0000] {processor.py:830} INFO - Processing file /home/airflow/.local/lib/python3.12/site-packages/airflow/example_dags/example_branch_day_of_week_operator.py for tasks to queue
[2025-05-01T11:02:34.242+0000] {logging_mixin.py:188} INFO - [2025-05-01T11:02:34.241+0000] {dagbag.py:545} INFO - Filling up the DagBag from /home/airflow/.local/lib/python3.12/site-packages/airflow/example_dags/example_branch_day_of_week_operator.py
[2025-05-01T11:02:34.262+0000] {processor.py:840} INFO - DAG(s) 'example_weekday_branch_operator' retrieved from /home/airflow/.local/lib/python3.12/site-packages/airflow/example_dags/example_branch_day_of_week_operator.py
[2025-05-01T11:02:34.316+0000] {logging_mixin.py:188} INFO - [2025-05-01T11:02:34.315+0000] {dag.py:3096} INFO - Sync 1 DAGs
[2025-05-01T11:02:34.370+0000] {logging_mixin.py:188} INFO - [2025-05-01T11:02:34.370+0000] {dag.py:3954} INFO - Setting next_dagrun for example_weekday_branch_operator to 2025-04-30 00:00:00+00:00, run_after=2025-05-01 00:00:00+00:00
[2025-05-01T11:02:34.458+0000] {processor.py:183} INFO - Processing /home/airflow/.local/lib/python3.12/site-packages/airflow/example_dags/example_branch_day_of_week_operator.py took 0.237 seconds
[2025-05-01T11:03:05.218+0000] {processor.py:161} INFO - Started process (PID=1392) to work on /home/airflow/.local/lib/python3.12/site-packages/airflow/example_dags/example_branch_day_of_week_operator.py
[2025-05-01T11:03:05.221+0000] {processor.py:830} INFO - Processing file /home/airflow/.local/lib/python3.12/site-packages/airflow/example_dags/example_branch_day_of_week_operator.py for tasks to queue
[2025-05-01T11:03:05.225+0000] {logging_mixin.py:188} INFO - [2025-05-01T11:03:05.224+0000] {dagbag.py:545} INFO - Filling up the DagBag from /home/airflow/.local/lib/python3.12/site-packages/airflow/example_dags/example_branch_day_of_week_operator.py
[2025-05-01T11:03:05.243+0000] {processor.py:840} INFO - DAG(s) 'example_weekday_branch_operator' retrieved from /home/airflow/.local/lib/python3.12/site-packages/airflow/example_dags/example_branch_day_of_week_operator.py
[2025-05-01T11:03:05.297+0000] {logging_mixin.py:188} INFO - [2025-05-01T11:03:05.297+0000] {dag.py:3096} INFO - Sync 1 DAGs
[2025-05-01T11:03:05.349+0000] {logging_mixin.py:188} INFO - [2025-05-01T11:03:05.348+0000] {dag.py:3954} INFO - Setting next_dagrun for example_weekday_branch_operator to 2025-04-30 00:00:00+00:00, run_after=2025-05-01 00:00:00+00:00
[2025-05-01T11:03:05.422+0000] {processor.py:183} INFO - Processing /home/airflow/.local/lib/python3.12/site-packages/airflow/example_dags/example_branch_day_of_week_operator.py took 0.217 seconds
[2025-05-01T11:03:36.022+0000] {processor.py:161} INFO - Started process (PID=1451) to work on /home/airflow/.local/lib/python3.12/site-packages/airflow/example_dags/example_branch_day_of_week_operator.py
[2025-05-01T11:03:36.024+0000] {processor.py:830} INFO - Processing file /home/airflow/.local/lib/python3.12/site-packages/airflow/example_dags/example_branch_day_of_week_operator.py for tasks to queue
[2025-05-01T11:03:36.028+0000] {logging_mixin.py:188} INFO - [2025-05-01T11:03:36.028+0000] {dagbag.py:545} INFO - Filling up the DagBag from /home/airflow/.local/lib/python3.12/site-packages/airflow/example_dags/example_branch_day_of_week_operator.py
[2025-05-01T11:03:36.048+0000] {processor.py:840} INFO - DAG(s) 'example_weekday_branch_operator' retrieved from /home/airflow/.local/lib/python3.12/site-packages/airflow/example_dags/example_branch_day_of_week_operator.py
[2025-05-01T11:03:36.102+0000] {logging_mixin.py:188} INFO - [2025-05-01T11:03:36.101+0000] {dag.py:3096} INFO - Sync 1 DAGs
[2025-05-01T11:03:36.156+0000] {logging_mixin.py:188} INFO - [2025-05-01T11:03:36.155+0000] {dag.py:3954} INFO - Setting next_dagrun for example_weekday_branch_operator to 2025-04-30 00:00:00+00:00, run_after=2025-05-01 00:00:00+00:00
[2025-05-01T11:03:36.242+0000] {processor.py:183} INFO - Processing /home/airflow/.local/lib/python3.12/site-packages/airflow/example_dags/example_branch_day_of_week_operator.py took 0.233 seconds
[2025-05-01T11:04:06.569+0000] {processor.py:161} INFO - Started process (PID=1510) to work on /home/airflow/.local/lib/python3.12/site-packages/airflow/example_dags/example_branch_day_of_week_operator.py
[2025-05-01T11:04:06.572+0000] {processor.py:830} INFO - Processing file /home/airflow/.local/lib/python3.12/site-packages/airflow/example_dags/example_branch_day_of_week_operator.py for tasks to queue
[2025-05-01T11:04:06.577+0000] {logging_mixin.py:188} INFO - [2025-05-01T11:04:06.576+0000] {dagbag.py:545} INFO - Filling up the DagBag from /home/airflow/.local/lib/python3.12/site-packages/airflow/example_dags/example_branch_day_of_week_operator.py
[2025-05-01T11:04:06.597+0000] {processor.py:840} INFO - DAG(s) 'example_weekday_branch_operator' retrieved from /home/airflow/.local/lib/python3.12/site-packages/airflow/example_dags/example_branch_day_of_week_operator.py
[2025-05-01T11:04:06.653+0000] {logging_mixin.py:188} INFO - [2025-05-01T11:04:06.652+0000] {dag.py:3096} INFO - Sync 1 DAGs
[2025-05-01T11:04:06.719+0000] {logging_mixin.py:188} INFO - [2025-05-01T11:04:06.717+0000] {dag.py:3954} INFO - Setting next_dagrun for example_weekday_branch_operator to 2025-04-30 00:00:00+00:00, run_after=2025-05-01 00:00:00+00:00
[2025-05-01T11:04:06.782+0000] {processor.py:183} INFO - Processing /home/airflow/.local/lib/python3.12/site-packages/airflow/example_dags/example_branch_day_of_week_operator.py took 0.226 seconds
[2025-05-01T11:04:37.482+0000] {processor.py:161} INFO - Started process (PID=1569) to work on /home/airflow/.local/lib/python3.12/site-packages/airflow/example_dags/example_branch_day_of_week_operator.py
[2025-05-01T11:04:37.486+0000] {processor.py:830} INFO - Processing file /home/airflow/.local/lib/python3.12/site-packages/airflow/example_dags/example_branch_day_of_week_operator.py for tasks to queue
[2025-05-01T11:04:37.492+0000] {logging_mixin.py:188} INFO - [2025-05-01T11:04:37.491+0000] {dagbag.py:545} INFO - Filling up the DagBag from /home/airflow/.local/lib/python3.12/site-packages/airflow/example_dags/example_branch_day_of_week_operator.py
[2025-05-01T11:04:37.512+0000] {processor.py:840} INFO - DAG(s) 'example_weekday_branch_operator' retrieved from /home/airflow/.local/lib/python3.12/site-packages/airflow/example_dags/example_branch_day_of_week_operator.py
[2025-05-01T11:04:37.573+0000] {logging_mixin.py:188} INFO - [2025-05-01T11:04:37.572+0000] {dag.py:3096} INFO - Sync 1 DAGs
[2025-05-01T11:04:37.642+0000] {logging_mixin.py:188} INFO - [2025-05-01T11:04:37.640+0000] {dag.py:3954} INFO - Setting next_dagrun for example_weekday_branch_operator to 2025-04-30 00:00:00+00:00, run_after=2025-05-01 00:00:00+00:00
[2025-05-01T11:04:37.710+0000] {processor.py:183} INFO - Processing /home/airflow/.local/lib/python3.12/site-packages/airflow/example_dags/example_branch_day_of_week_operator.py took 0.245 seconds
[2025-05-01T11:05:08.269+0000] {processor.py:161} INFO - Started process (PID=1628) to work on /home/airflow/.local/lib/python3.12/site-packages/airflow/example_dags/example_branch_day_of_week_operator.py
[2025-05-01T11:05:08.272+0000] {processor.py:830} INFO - Processing file /home/airflow/.local/lib/python3.12/site-packages/airflow/example_dags/example_branch_day_of_week_operator.py for tasks to queue
[2025-05-01T11:05:08.277+0000] {logging_mixin.py:188} INFO - [2025-05-01T11:05:08.276+0000] {dagbag.py:545} INFO - Filling up the DagBag from /home/airflow/.local/lib/python3.12/site-packages/airflow/example_dags/example_branch_day_of_week_operator.py
[2025-05-01T11:05:08.297+0000] {processor.py:840} INFO - DAG(s) 'example_weekday_branch_operator' retrieved from /home/airflow/.local/lib/python3.12/site-packages/airflow/example_dags/example_branch_day_of_week_operator.py
[2025-05-01T11:05:08.370+0000] {logging_mixin.py:188} INFO - [2025-05-01T11:05:08.369+0000] {dag.py:3096} INFO - Sync 1 DAGs
[2025-05-01T11:05:08.430+0000] {logging_mixin.py:188} INFO - [2025-05-01T11:05:08.429+0000] {dag.py:3954} INFO - Setting next_dagrun for example_weekday_branch_operator to 2025-04-30 00:00:00+00:00, run_after=2025-05-01 00:00:00+00:00
[2025-05-01T11:05:08.495+0000] {processor.py:183} INFO - Processing /home/airflow/.local/lib/python3.12/site-packages/airflow/example_dags/example_branch_day_of_week_operator.py took 0.237 seconds
[2025-05-01T11:05:38.683+0000] {processor.py:161} INFO - Started process (PID=1687) to work on /home/airflow/.local/lib/python3.12/site-packages/airflow/example_dags/example_branch_day_of_week_operator.py
[2025-05-01T11:05:38.685+0000] {processor.py:830} INFO - Processing file /home/airflow/.local/lib/python3.12/site-packages/airflow/example_dags/example_branch_day_of_week_operator.py for tasks to queue
[2025-05-01T11:05:38.690+0000] {logging_mixin.py:188} INFO - [2025-05-01T11:05:38.689+0000] {dagbag.py:545} INFO - Filling up the DagBag from /home/airflow/.local/lib/python3.12/site-packages/airflow/example_dags/example_branch_day_of_week_operator.py
[2025-05-01T11:05:38.707+0000] {processor.py:840} INFO - DAG(s) 'example_weekday_branch_operator' retrieved from /home/airflow/.local/lib/python3.12/site-packages/airflow/example_dags/example_branch_day_of_week_operator.py
[2025-05-01T11:05:38.766+0000] {logging_mixin.py:188} INFO - [2025-05-01T11:05:38.765+0000] {dag.py:3096} INFO - Sync 1 DAGs
[2025-05-01T11:05:38.826+0000] {logging_mixin.py:188} INFO - [2025-05-01T11:05:38.825+0000] {dag.py:3954} INFO - Setting next_dagrun for example_weekday_branch_operator to 2025-04-30 00:00:00+00:00, run_after=2025-05-01 00:00:00+00:00
[2025-05-01T11:05:38.874+0000] {processor.py:183} INFO - Processing /home/airflow/.local/lib/python3.12/site-packages/airflow/example_dags/example_branch_day_of_week_operator.py took 0.204 seconds
[2025-05-01T11:06:09.556+0000] {processor.py:161} INFO - Started process (PID=1747) to work on /home/airflow/.local/lib/python3.12/site-packages/airflow/example_dags/example_branch_day_of_week_operator.py
[2025-05-01T11:06:09.559+0000] {processor.py:830} INFO - Processing file /home/airflow/.local/lib/python3.12/site-packages/airflow/example_dags/example_branch_day_of_week_operator.py for tasks to queue
[2025-05-01T11:06:09.564+0000] {logging_mixin.py:188} INFO - [2025-05-01T11:06:09.563+0000] {dagbag.py:545} INFO - Filling up the DagBag from /home/airflow/.local/lib/python3.12/site-packages/airflow/example_dags/example_branch_day_of_week_operator.py
[2025-05-01T11:06:09.580+0000] {processor.py:840} INFO - DAG(s) 'example_weekday_branch_operator' retrieved from /home/airflow/.local/lib/python3.12/site-packages/airflow/example_dags/example_branch_day_of_week_operator.py
[2025-05-01T11:06:09.632+0000] {logging_mixin.py:188} INFO - [2025-05-01T11:06:09.632+0000] {dag.py:3096} INFO - Sync 1 DAGs
[2025-05-01T11:06:09.683+0000] {logging_mixin.py:188} INFO - [2025-05-01T11:06:09.683+0000] {dag.py:3954} INFO - Setting next_dagrun for example_weekday_branch_operator to 2025-04-30 00:00:00+00:00, run_after=2025-05-01 00:00:00+00:00
[2025-05-01T11:06:09.730+0000] {processor.py:183} INFO - Processing /home/airflow/.local/lib/python3.12/site-packages/airflow/example_dags/example_branch_day_of_week_operator.py took 0.189 seconds
[2025-05-01T11:06:39.954+0000] {processor.py:161} INFO - Started process (PID=1805) to work on /home/airflow/.local/lib/python3.12/site-packages/airflow/example_dags/example_branch_day_of_week_operator.py
[2025-05-01T11:06:39.956+0000] {processor.py:830} INFO - Processing file /home/airflow/.local/lib/python3.12/site-packages/airflow/example_dags/example_branch_day_of_week_operator.py for tasks to queue
[2025-05-01T11:06:39.960+0000] {logging_mixin.py:188} INFO - [2025-05-01T11:06:39.959+0000] {dagbag.py:545} INFO - Filling up the DagBag from /home/airflow/.local/lib/python3.12/site-packages/airflow/example_dags/example_branch_day_of_week_operator.py
[2025-05-01T11:06:39.981+0000] {processor.py:840} INFO - DAG(s) 'example_weekday_branch_operator' retrieved from /home/airflow/.local/lib/python3.12/site-packages/airflow/example_dags/example_branch_day_of_week_operator.py
[2025-05-01T11:06:40.030+0000] {logging_mixin.py:188} INFO - [2025-05-01T11:06:40.030+0000] {dag.py:3096} INFO - Sync 1 DAGs
[2025-05-01T11:06:40.090+0000] {logging_mixin.py:188} INFO - [2025-05-01T11:06:40.089+0000] {dag.py:3954} INFO - Setting next_dagrun for example_weekday_branch_operator to 2025-04-30 00:00:00+00:00, run_after=2025-05-01 00:00:00+00:00
[2025-05-01T11:06:40.137+0000] {processor.py:183} INFO - Processing /home/airflow/.local/lib/python3.12/site-packages/airflow/example_dags/example_branch_day_of_week_operator.py took 0.195 seconds
[2025-05-01T11:07:11.909+0000] {processor.py:161} INFO - Started process (PID=1864) to work on /home/airflow/.local/lib/python3.12/site-packages/airflow/example_dags/example_branch_day_of_week_operator.py
[2025-05-01T11:07:11.912+0000] {processor.py:830} INFO - Processing file /home/airflow/.local/lib/python3.12/site-packages/airflow/example_dags/example_branch_day_of_week_operator.py for tasks to queue
[2025-05-01T11:07:11.916+0000] {logging_mixin.py:188} INFO - [2025-05-01T11:07:11.915+0000] {dagbag.py:545} INFO - Filling up the DagBag from /home/airflow/.local/lib/python3.12/site-packages/airflow/example_dags/example_branch_day_of_week_operator.py
[2025-05-01T11:07:11.932+0000] {processor.py:840} INFO - DAG(s) 'example_weekday_branch_operator' retrieved from /home/airflow/.local/lib/python3.12/site-packages/airflow/example_dags/example_branch_day_of_week_operator.py
[2025-05-01T11:07:11.994+0000] {logging_mixin.py:188} INFO - [2025-05-01T11:07:11.993+0000] {dag.py:3096} INFO - Sync 1 DAGs
[2025-05-01T11:07:12.072+0000] {logging_mixin.py:188} INFO - [2025-05-01T11:07:12.071+0000] {dag.py:3954} INFO - Setting next_dagrun for example_weekday_branch_operator to 2025-04-30 00:00:00+00:00, run_after=2025-05-01 00:00:00+00:00
[2025-05-01T11:07:12.168+0000] {processor.py:183} INFO - Processing /home/airflow/.local/lib/python3.12/site-packages/airflow/example_dags/example_branch_day_of_week_operator.py took 0.274 seconds
[2025-05-01T11:07:44.819+0000] {processor.py:161} INFO - Started process (PID=1923) to work on /home/airflow/.local/lib/python3.12/site-packages/airflow/example_dags/example_branch_day_of_week_operator.py
[2025-05-01T11:07:44.821+0000] {processor.py:830} INFO - Processing file /home/airflow/.local/lib/python3.12/site-packages/airflow/example_dags/example_branch_day_of_week_operator.py for tasks to queue
[2025-05-01T11:07:44.825+0000] {logging_mixin.py:188} INFO - [2025-05-01T11:07:44.824+0000] {dagbag.py:545} INFO - Filling up the DagBag from /home/airflow/.local/lib/python3.12/site-packages/airflow/example_dags/example_branch_day_of_week_operator.py
[2025-05-01T11:07:44.844+0000] {processor.py:840} INFO - DAG(s) 'example_weekday_branch_operator' retrieved from /home/airflow/.local/lib/python3.12/site-packages/airflow/example_dags/example_branch_day_of_week_operator.py
[2025-05-01T11:07:44.892+0000] {logging_mixin.py:188} INFO - [2025-05-01T11:07:44.891+0000] {dag.py:3096} INFO - Sync 1 DAGs
[2025-05-01T11:07:44.959+0000] {logging_mixin.py:188} INFO - [2025-05-01T11:07:44.958+0000] {dag.py:3954} INFO - Setting next_dagrun for example_weekday_branch_operator to 2025-04-30 00:00:00+00:00, run_after=2025-05-01 00:00:00+00:00
[2025-05-01T11:07:45.009+0000] {processor.py:183} INFO - Processing /home/airflow/.local/lib/python3.12/site-packages/airflow/example_dags/example_branch_day_of_week_operator.py took 0.202 seconds
[2025-05-01T11:08:16.079+0000] {processor.py:161} INFO - Started process (PID=1982) to work on /home/airflow/.local/lib/python3.12/site-packages/airflow/example_dags/example_branch_day_of_week_operator.py
[2025-05-01T11:08:16.081+0000] {processor.py:830} INFO - Processing file /home/airflow/.local/lib/python3.12/site-packages/airflow/example_dags/example_branch_day_of_week_operator.py for tasks to queue
[2025-05-01T11:08:16.086+0000] {logging_mixin.py:188} INFO - [2025-05-01T11:08:16.085+0000] {dagbag.py:545} INFO - Filling up the DagBag from /home/airflow/.local/lib/python3.12/site-packages/airflow/example_dags/example_branch_day_of_week_operator.py
[2025-05-01T11:08:16.104+0000] {processor.py:840} INFO - DAG(s) 'example_weekday_branch_operator' retrieved from /home/airflow/.local/lib/python3.12/site-packages/airflow/example_dags/example_branch_day_of_week_operator.py
[2025-05-01T11:08:16.153+0000] {logging_mixin.py:188} INFO - [2025-05-01T11:08:16.153+0000] {dag.py:3096} INFO - Sync 1 DAGs
[2025-05-01T11:08:16.207+0000] {logging_mixin.py:188} INFO - [2025-05-01T11:08:16.206+0000] {dag.py:3954} INFO - Setting next_dagrun for example_weekday_branch_operator to 2025-04-30 00:00:00+00:00, run_after=2025-05-01 00:00:00+00:00
[2025-05-01T11:08:16.480+0000] {processor.py:183} INFO - Processing /home/airflow/.local/lib/python3.12/site-packages/airflow/example_dags/example_branch_day_of_week_operator.py took 0.412 seconds
[2025-05-01T11:08:46.801+0000] {processor.py:161} INFO - Started process (PID=2041) to work on /home/airflow/.local/lib/python3.12/site-packages/airflow/example_dags/example_branch_day_of_week_operator.py
[2025-05-01T11:08:46.804+0000] {processor.py:830} INFO - Processing file /home/airflow/.local/lib/python3.12/site-packages/airflow/example_dags/example_branch_day_of_week_operator.py for tasks to queue
[2025-05-01T11:08:46.810+0000] {logging_mixin.py:188} INFO - [2025-05-01T11:08:46.809+0000] {dagbag.py:545} INFO - Filling up the DagBag from /home/airflow/.local/lib/python3.12/site-packages/airflow/example_dags/example_branch_day_of_week_operator.py
[2025-05-01T11:08:46.827+0000] {processor.py:840} INFO - DAG(s) 'example_weekday_branch_operator' retrieved from /home/airflow/.local/lib/python3.12/site-packages/airflow/example_dags/example_branch_day_of_week_operator.py
[2025-05-01T11:08:46.873+0000] {logging_mixin.py:188} INFO - [2025-05-01T11:08:46.873+0000] {dag.py:3096} INFO - Sync 1 DAGs
[2025-05-01T11:08:46.921+0000] {logging_mixin.py:188} INFO - [2025-05-01T11:08:46.920+0000] {dag.py:3954} INFO - Setting next_dagrun for example_weekday_branch_operator to 2025-04-30 00:00:00+00:00, run_after=2025-05-01 00:00:00+00:00
[2025-05-01T11:08:46.962+0000] {processor.py:183} INFO - Processing /home/airflow/.local/lib/python3.12/site-packages/airflow/example_dags/example_branch_day_of_week_operator.py took 0.178 seconds
[2025-05-01T11:09:18.124+0000] {processor.py:161} INFO - Started process (PID=2100) to work on /home/airflow/.local/lib/python3.12/site-packages/airflow/example_dags/example_branch_day_of_week_operator.py
[2025-05-01T11:09:18.127+0000] {processor.py:830} INFO - Processing file /home/airflow/.local/lib/python3.12/site-packages/airflow/example_dags/example_branch_day_of_week_operator.py for tasks to queue
[2025-05-01T11:09:18.131+0000] {logging_mixin.py:188} INFO - [2025-05-01T11:09:18.130+0000] {dagbag.py:545} INFO - Filling up the DagBag from /home/airflow/.local/lib/python3.12/site-packages/airflow/example_dags/example_branch_day_of_week_operator.py
[2025-05-01T11:09:18.146+0000] {processor.py:840} INFO - DAG(s) 'example_weekday_branch_operator' retrieved from /home/airflow/.local/lib/python3.12/site-packages/airflow/example_dags/example_branch_day_of_week_operator.py
[2025-05-01T11:09:18.199+0000] {logging_mixin.py:188} INFO - [2025-05-01T11:09:18.198+0000] {dag.py:3096} INFO - Sync 1 DAGs
[2025-05-01T11:09:18.255+0000] {logging_mixin.py:188} INFO - [2025-05-01T11:09:18.254+0000] {dag.py:3954} INFO - Setting next_dagrun for example_weekday_branch_operator to 2025-04-30 00:00:00+00:00, run_after=2025-05-01 00:00:00+00:00
[2025-05-01T11:09:18.334+0000] {processor.py:183} INFO - Processing /home/airflow/.local/lib/python3.12/site-packages/airflow/example_dags/example_branch_day_of_week_operator.py took 0.227 seconds
[2025-05-01T11:09:49.201+0000] {processor.py:161} INFO - Started process (PID=2159) to work on /home/airflow/.local/lib/python3.12/site-packages/airflow/example_dags/example_branch_day_of_week_operator.py
[2025-05-01T11:09:49.205+0000] {processor.py:830} INFO - Processing file /home/airflow/.local/lib/python3.12/site-packages/airflow/example_dags/example_branch_day_of_week_operator.py for tasks to queue
[2025-05-01T11:09:49.209+0000] {logging_mixin.py:188} INFO - [2025-05-01T11:09:49.208+0000] {dagbag.py:545} INFO - Filling up the DagBag from /home/airflow/.local/lib/python3.12/site-packages/airflow/example_dags/example_branch_day_of_week_operator.py
[2025-05-01T11:09:49.224+0000] {processor.py:840} INFO - DAG(s) 'example_weekday_branch_operator' retrieved from /home/airflow/.local/lib/python3.12/site-packages/airflow/example_dags/example_branch_day_of_week_operator.py
[2025-05-01T11:09:49.270+0000] {logging_mixin.py:188} INFO - [2025-05-01T11:09:49.269+0000] {dag.py:3096} INFO - Sync 1 DAGs
[2025-05-01T11:09:49.320+0000] {logging_mixin.py:188} INFO - [2025-05-01T11:09:49.319+0000] {dag.py:3954} INFO - Setting next_dagrun for example_weekday_branch_operator to 2025-04-30 00:00:00+00:00, run_after=2025-05-01 00:00:00+00:00
[2025-05-01T11:09:49.364+0000] {processor.py:183} INFO - Processing /home/airflow/.local/lib/python3.12/site-packages/airflow/example_dags/example_branch_day_of_week_operator.py took 0.177 seconds
[2025-05-01T11:10:19.656+0000] {processor.py:161} INFO - Started process (PID=2216) to work on /home/airflow/.local/lib/python3.12/site-packages/airflow/example_dags/example_branch_day_of_week_operator.py
[2025-05-01T11:10:19.658+0000] {processor.py:830} INFO - Processing file /home/airflow/.local/lib/python3.12/site-packages/airflow/example_dags/example_branch_day_of_week_operator.py for tasks to queue
[2025-05-01T11:10:19.663+0000] {logging_mixin.py:188} INFO - [2025-05-01T11:10:19.663+0000] {dagbag.py:545} INFO - Filling up the DagBag from /home/airflow/.local/lib/python3.12/site-packages/airflow/example_dags/example_branch_day_of_week_operator.py
[2025-05-01T11:10:19.681+0000] {processor.py:840} INFO - DAG(s) 'example_weekday_branch_operator' retrieved from /home/airflow/.local/lib/python3.12/site-packages/airflow/example_dags/example_branch_day_of_week_operator.py
[2025-05-01T11:10:19.734+0000] {logging_mixin.py:188} INFO - [2025-05-01T11:10:19.734+0000] {dag.py:3096} INFO - Sync 1 DAGs
[2025-05-01T11:10:19.798+0000] {logging_mixin.py:188} INFO - [2025-05-01T11:10:19.798+0000] {dag.py:3954} INFO - Setting next_dagrun for example_weekday_branch_operator to 2025-04-30 00:00:00+00:00, run_after=2025-05-01 00:00:00+00:00
[2025-05-01T11:10:19.890+0000] {processor.py:183} INFO - Processing /home/airflow/.local/lib/python3.12/site-packages/airflow/example_dags/example_branch_day_of_week_operator.py took 0.246 seconds
[2025-05-01T11:10:50.402+0000] {processor.py:161} INFO - Started process (PID=2275) to work on /home/airflow/.local/lib/python3.12/site-packages/airflow/example_dags/example_branch_day_of_week_operator.py
[2025-05-01T11:10:50.406+0000] {processor.py:830} INFO - Processing file /home/airflow/.local/lib/python3.12/site-packages/airflow/example_dags/example_branch_day_of_week_operator.py for tasks to queue
[2025-05-01T11:10:50.411+0000] {logging_mixin.py:188} INFO - [2025-05-01T11:10:50.411+0000] {dagbag.py:545} INFO - Filling up the DagBag from /home/airflow/.local/lib/python3.12/site-packages/airflow/example_dags/example_branch_day_of_week_operator.py
[2025-05-01T11:10:50.428+0000] {processor.py:840} INFO - DAG(s) 'example_weekday_branch_operator' retrieved from /home/airflow/.local/lib/python3.12/site-packages/airflow/example_dags/example_branch_day_of_week_operator.py
[2025-05-01T11:10:50.476+0000] {logging_mixin.py:188} INFO - [2025-05-01T11:10:50.475+0000] {dag.py:3096} INFO - Sync 1 DAGs
[2025-05-01T11:10:50.532+0000] {logging_mixin.py:188} INFO - [2025-05-01T11:10:50.531+0000] {dag.py:3954} INFO - Setting next_dagrun for example_weekday_branch_operator to 2025-04-30 00:00:00+00:00, run_after=2025-05-01 00:00:00+00:00
[2025-05-01T11:10:50.616+0000] {processor.py:183} INFO - Processing /home/airflow/.local/lib/python3.12/site-packages/airflow/example_dags/example_branch_day_of_week_operator.py took 0.232 seconds
[2025-05-01T11:11:21.109+0000] {processor.py:161} INFO - Started process (PID=2334) to work on /home/airflow/.local/lib/python3.12/site-packages/airflow/example_dags/example_branch_day_of_week_operator.py
[2025-05-01T11:11:21.111+0000] {processor.py:830} INFO - Processing file /home/airflow/.local/lib/python3.12/site-packages/airflow/example_dags/example_branch_day_of_week_operator.py for tasks to queue
[2025-05-01T11:11:21.117+0000] {logging_mixin.py:188} INFO - [2025-05-01T11:11:21.116+0000] {dagbag.py:545} INFO - Filling up the DagBag from /home/airflow/.local/lib/python3.12/site-packages/airflow/example_dags/example_branch_day_of_week_operator.py
[2025-05-01T11:11:21.135+0000] {processor.py:840} INFO - DAG(s) 'example_weekday_branch_operator' retrieved from /home/airflow/.local/lib/python3.12/site-packages/airflow/example_dags/example_branch_day_of_week_operator.py
[2025-05-01T11:11:21.196+0000] {logging_mixin.py:188} INFO - [2025-05-01T11:11:21.195+0000] {dag.py:3096} INFO - Sync 1 DAGs
[2025-05-01T11:11:21.273+0000] {logging_mixin.py:188} INFO - [2025-05-01T11:11:21.273+0000] {dag.py:3954} INFO - Setting next_dagrun for example_weekday_branch_operator to 2025-04-30 00:00:00+00:00, run_after=2025-05-01 00:00:00+00:00
[2025-05-01T11:11:21.337+0000] {processor.py:183} INFO - Processing /home/airflow/.local/lib/python3.12/site-packages/airflow/example_dags/example_branch_day_of_week_operator.py took 0.242 seconds
[2025-05-01T11:11:51.752+0000] {processor.py:161} INFO - Started process (PID=2393) to work on /home/airflow/.local/lib/python3.12/site-packages/airflow/example_dags/example_branch_day_of_week_operator.py
[2025-05-01T11:11:51.756+0000] {processor.py:830} INFO - Processing file /home/airflow/.local/lib/python3.12/site-packages/airflow/example_dags/example_branch_day_of_week_operator.py for tasks to queue
[2025-05-01T11:11:51.761+0000] {logging_mixin.py:188} INFO - [2025-05-01T11:11:51.760+0000] {dagbag.py:545} INFO - Filling up the DagBag from /home/airflow/.local/lib/python3.12/site-packages/airflow/example_dags/example_branch_day_of_week_operator.py
[2025-05-01T11:11:51.783+0000] {processor.py:840} INFO - DAG(s) 'example_weekday_branch_operator' retrieved from /home/airflow/.local/lib/python3.12/site-packages/airflow/example_dags/example_branch_day_of_week_operator.py
[2025-05-01T11:11:51.844+0000] {logging_mixin.py:188} INFO - [2025-05-01T11:11:51.844+0000] {dag.py:3096} INFO - Sync 1 DAGs
[2025-05-01T11:11:51.907+0000] {logging_mixin.py:188} INFO - [2025-05-01T11:11:51.907+0000] {dag.py:3954} INFO - Setting next_dagrun for example_weekday_branch_operator to 2025-04-30 00:00:00+00:00, run_after=2025-05-01 00:00:00+00:00
[2025-05-01T11:11:51.981+0000] {processor.py:183} INFO - Processing /home/airflow/.local/lib/python3.12/site-packages/airflow/example_dags/example_branch_day_of_week_operator.py took 0.241 seconds
[2025-05-01T11:12:22.348+0000] {processor.py:161} INFO - Started process (PID=2452) to work on /home/airflow/.local/lib/python3.12/site-packages/airflow/example_dags/example_branch_day_of_week_operator.py
[2025-05-01T11:12:22.353+0000] {processor.py:830} INFO - Processing file /home/airflow/.local/lib/python3.12/site-packages/airflow/example_dags/example_branch_day_of_week_operator.py for tasks to queue
[2025-05-01T11:12:22.366+0000] {logging_mixin.py:188} INFO - [2025-05-01T11:12:22.364+0000] {dagbag.py:545} INFO - Filling up the DagBag from /home/airflow/.local/lib/python3.12/site-packages/airflow/example_dags/example_branch_day_of_week_operator.py
[2025-05-01T11:12:22.390+0000] {processor.py:840} INFO - DAG(s) 'example_weekday_branch_operator' retrieved from /home/airflow/.local/lib/python3.12/site-packages/airflow/example_dags/example_branch_day_of_week_operator.py
[2025-05-01T11:12:22.456+0000] {logging_mixin.py:188} INFO - [2025-05-01T11:12:22.456+0000] {dag.py:3096} INFO - Sync 1 DAGs
[2025-05-01T11:12:22.528+0000] {logging_mixin.py:188} INFO - [2025-05-01T11:12:22.527+0000] {dag.py:3954} INFO - Setting next_dagrun for example_weekday_branch_operator to 2025-04-30 00:00:00+00:00, run_after=2025-05-01 00:00:00+00:00
[2025-05-01T11:12:22.592+0000] {processor.py:183} INFO - Processing /home/airflow/.local/lib/python3.12/site-packages/airflow/example_dags/example_branch_day_of_week_operator.py took 0.276 seconds
[2025-05-01T11:12:53.186+0000] {processor.py:161} INFO - Started process (PID=2511) to work on /home/airflow/.local/lib/python3.12/site-packages/airflow/example_dags/example_branch_day_of_week_operator.py
[2025-05-01T11:12:53.188+0000] {processor.py:830} INFO - Processing file /home/airflow/.local/lib/python3.12/site-packages/airflow/example_dags/example_branch_day_of_week_operator.py for tasks to queue
[2025-05-01T11:12:53.192+0000] {logging_mixin.py:188} INFO - [2025-05-01T11:12:53.192+0000] {dagbag.py:545} INFO - Filling up the DagBag from /home/airflow/.local/lib/python3.12/site-packages/airflow/example_dags/example_branch_day_of_week_operator.py
[2025-05-01T11:12:53.214+0000] {processor.py:840} INFO - DAG(s) 'example_weekday_branch_operator' retrieved from /home/airflow/.local/lib/python3.12/site-packages/airflow/example_dags/example_branch_day_of_week_operator.py
[2025-05-01T11:12:53.258+0000] {logging_mixin.py:188} INFO - [2025-05-01T11:12:53.258+0000] {dag.py:3096} INFO - Sync 1 DAGs
[2025-05-01T11:12:53.319+0000] {logging_mixin.py:188} INFO - [2025-05-01T11:12:53.318+0000] {dag.py:3954} INFO - Setting next_dagrun for example_weekday_branch_operator to 2025-04-30 00:00:00+00:00, run_after=2025-05-01 00:00:00+00:00
[2025-05-01T11:12:53.370+0000] {processor.py:183} INFO - Processing /home/airflow/.local/lib/python3.12/site-packages/airflow/example_dags/example_branch_day_of_week_operator.py took 0.202 seconds
[2025-05-01T11:13:24.081+0000] {processor.py:161} INFO - Started process (PID=2570) to work on /home/airflow/.local/lib/python3.12/site-packages/airflow/example_dags/example_branch_day_of_week_operator.py
[2025-05-01T11:13:24.084+0000] {processor.py:830} INFO - Processing file /home/airflow/.local/lib/python3.12/site-packages/airflow/example_dags/example_branch_day_of_week_operator.py for tasks to queue
[2025-05-01T11:13:24.091+0000] {logging_mixin.py:188} INFO - [2025-05-01T11:13:24.090+0000] {dagbag.py:545} INFO - Filling up the DagBag from /home/airflow/.local/lib/python3.12/site-packages/airflow/example_dags/example_branch_day_of_week_operator.py
[2025-05-01T11:13:24.114+0000] {processor.py:840} INFO - DAG(s) 'example_weekday_branch_operator' retrieved from /home/airflow/.local/lib/python3.12/site-packages/airflow/example_dags/example_branch_day_of_week_operator.py
[2025-05-01T11:13:24.181+0000] {logging_mixin.py:188} INFO - [2025-05-01T11:13:24.180+0000] {dag.py:3096} INFO - Sync 1 DAGs
[2025-05-01T11:13:24.281+0000] {logging_mixin.py:188} INFO - [2025-05-01T11:13:24.280+0000] {dag.py:3954} INFO - Setting next_dagrun for example_weekday_branch_operator to 2025-04-30 00:00:00+00:00, run_after=2025-05-01 00:00:00+00:00
[2025-05-01T11:13:24.367+0000] {processor.py:183} INFO - Processing /home/airflow/.local/lib/python3.12/site-packages/airflow/example_dags/example_branch_day_of_week_operator.py took 0.298 seconds
[2025-05-01T11:13:54.794+0000] {processor.py:161} INFO - Started process (PID=2635) to work on /home/airflow/.local/lib/python3.12/site-packages/airflow/example_dags/example_branch_day_of_week_operator.py
[2025-05-01T11:13:54.797+0000] {processor.py:830} INFO - Processing file /home/airflow/.local/lib/python3.12/site-packages/airflow/example_dags/example_branch_day_of_week_operator.py for tasks to queue
[2025-05-01T11:13:54.801+0000] {logging_mixin.py:188} INFO - [2025-05-01T11:13:54.801+0000] {dagbag.py:545} INFO - Filling up the DagBag from /home/airflow/.local/lib/python3.12/site-packages/airflow/example_dags/example_branch_day_of_week_operator.py
[2025-05-01T11:13:54.817+0000] {processor.py:840} INFO - DAG(s) 'example_weekday_branch_operator' retrieved from /home/airflow/.local/lib/python3.12/site-packages/airflow/example_dags/example_branch_day_of_week_operator.py
[2025-05-01T11:13:54.872+0000] {logging_mixin.py:188} INFO - [2025-05-01T11:13:54.871+0000] {dag.py:3096} INFO - Sync 1 DAGs
[2025-05-01T11:13:54.939+0000] {logging_mixin.py:188} INFO - [2025-05-01T11:13:54.939+0000] {dag.py:3954} INFO - Setting next_dagrun for example_weekday_branch_operator to 2025-04-30 00:00:00+00:00, run_after=2025-05-01 00:00:00+00:00
[2025-05-01T11:13:55.003+0000] {processor.py:183} INFO - Processing /home/airflow/.local/lib/python3.12/site-packages/airflow/example_dags/example_branch_day_of_week_operator.py took 0.220 seconds
[2025-05-01T11:14:25.328+0000] {processor.py:161} INFO - Started process (PID=2694) to work on /home/airflow/.local/lib/python3.12/site-packages/airflow/example_dags/example_branch_day_of_week_operator.py
[2025-05-01T11:14:25.331+0000] {processor.py:830} INFO - Processing file /home/airflow/.local/lib/python3.12/site-packages/airflow/example_dags/example_branch_day_of_week_operator.py for tasks to queue
[2025-05-01T11:14:25.337+0000] {logging_mixin.py:188} INFO - [2025-05-01T11:14:25.336+0000] {dagbag.py:545} INFO - Filling up the DagBag from /home/airflow/.local/lib/python3.12/site-packages/airflow/example_dags/example_branch_day_of_week_operator.py
[2025-05-01T11:14:25.354+0000] {processor.py:840} INFO - DAG(s) 'example_weekday_branch_operator' retrieved from /home/airflow/.local/lib/python3.12/site-packages/airflow/example_dags/example_branch_day_of_week_operator.py
[2025-05-01T11:14:25.407+0000] {logging_mixin.py:188} INFO - [2025-05-01T11:14:25.406+0000] {dag.py:3096} INFO - Sync 1 DAGs
[2025-05-01T11:14:25.464+0000] {logging_mixin.py:188} INFO - [2025-05-01T11:14:25.463+0000] {dag.py:3954} INFO - Setting next_dagrun for example_weekday_branch_operator to 2025-04-30 00:00:00+00:00, run_after=2025-05-01 00:00:00+00:00
[2025-05-01T11:14:25.566+0000] {processor.py:183} INFO - Processing /home/airflow/.local/lib/python3.12/site-packages/airflow/example_dags/example_branch_day_of_week_operator.py took 0.255 seconds
[2025-05-01T11:14:56.189+0000] {processor.py:161} INFO - Started process (PID=2753) to work on /home/airflow/.local/lib/python3.12/site-packages/airflow/example_dags/example_branch_day_of_week_operator.py
[2025-05-01T11:14:56.193+0000] {processor.py:830} INFO - Processing file /home/airflow/.local/lib/python3.12/site-packages/airflow/example_dags/example_branch_day_of_week_operator.py for tasks to queue
[2025-05-01T11:14:56.201+0000] {logging_mixin.py:188} INFO - [2025-05-01T11:14:56.199+0000] {dagbag.py:545} INFO - Filling up the DagBag from /home/airflow/.local/lib/python3.12/site-packages/airflow/example_dags/example_branch_day_of_week_operator.py
[2025-05-01T11:14:56.247+0000] {processor.py:840} INFO - DAG(s) 'example_weekday_branch_operator' retrieved from /home/airflow/.local/lib/python3.12/site-packages/airflow/example_dags/example_branch_day_of_week_operator.py
[2025-05-01T11:14:56.308+0000] {logging_mixin.py:188} INFO - [2025-05-01T11:14:56.307+0000] {dag.py:3096} INFO - Sync 1 DAGs
[2025-05-01T11:14:56.366+0000] {logging_mixin.py:188} INFO - [2025-05-01T11:14:56.366+0000] {dag.py:3954} INFO - Setting next_dagrun for example_weekday_branch_operator to 2025-04-30 00:00:00+00:00, run_after=2025-05-01 00:00:00+00:00
[2025-05-01T11:14:56.437+0000] {processor.py:183} INFO - Processing /home/airflow/.local/lib/python3.12/site-packages/airflow/example_dags/example_branch_day_of_week_operator.py took 0.270 seconds
[2025-05-01T11:15:26.812+0000] {processor.py:161} INFO - Started process (PID=2812) to work on /home/airflow/.local/lib/python3.12/site-packages/airflow/example_dags/example_branch_day_of_week_operator.py
[2025-05-01T11:15:26.815+0000] {processor.py:830} INFO - Processing file /home/airflow/.local/lib/python3.12/site-packages/airflow/example_dags/example_branch_day_of_week_operator.py for tasks to queue
[2025-05-01T11:15:26.820+0000] {logging_mixin.py:188} INFO - [2025-05-01T11:15:26.819+0000] {dagbag.py:545} INFO - Filling up the DagBag from /home/airflow/.local/lib/python3.12/site-packages/airflow/example_dags/example_branch_day_of_week_operator.py
[2025-05-01T11:15:26.836+0000] {processor.py:840} INFO - DAG(s) 'example_weekday_branch_operator' retrieved from /home/airflow/.local/lib/python3.12/site-packages/airflow/example_dags/example_branch_day_of_week_operator.py
[2025-05-01T11:15:26.898+0000] {logging_mixin.py:188} INFO - [2025-05-01T11:15:26.897+0000] {dag.py:3096} INFO - Sync 1 DAGs
[2025-05-01T11:15:26.960+0000] {logging_mixin.py:188} INFO - [2025-05-01T11:15:26.959+0000] {dag.py:3954} INFO - Setting next_dagrun for example_weekday_branch_operator to 2025-04-30 00:00:00+00:00, run_after=2025-05-01 00:00:00+00:00
[2025-05-01T11:15:27.017+0000] {processor.py:183} INFO - Processing /home/airflow/.local/lib/python3.12/site-packages/airflow/example_dags/example_branch_day_of_week_operator.py took 0.235 seconds
[2025-05-01T11:15:57.193+0000] {processor.py:161} INFO - Started process (PID=2871) to work on /home/airflow/.local/lib/python3.12/site-packages/airflow/example_dags/example_branch_day_of_week_operator.py
[2025-05-01T11:15:57.196+0000] {processor.py:830} INFO - Processing file /home/airflow/.local/lib/python3.12/site-packages/airflow/example_dags/example_branch_day_of_week_operator.py for tasks to queue
[2025-05-01T11:15:57.200+0000] {logging_mixin.py:188} INFO - [2025-05-01T11:15:57.199+0000] {dagbag.py:545} INFO - Filling up the DagBag from /home/airflow/.local/lib/python3.12/site-packages/airflow/example_dags/example_branch_day_of_week_operator.py
[2025-05-01T11:15:57.217+0000] {processor.py:840} INFO - DAG(s) 'example_weekday_branch_operator' retrieved from /home/airflow/.local/lib/python3.12/site-packages/airflow/example_dags/example_branch_day_of_week_operator.py
[2025-05-01T11:15:57.269+0000] {logging_mixin.py:188} INFO - [2025-05-01T11:15:57.268+0000] {dag.py:3096} INFO - Sync 1 DAGs
[2025-05-01T11:15:57.325+0000] {logging_mixin.py:188} INFO - [2025-05-01T11:15:57.325+0000] {dag.py:3954} INFO - Setting next_dagrun for example_weekday_branch_operator to 2025-04-30 00:00:00+00:00, run_after=2025-05-01 00:00:00+00:00
[2025-05-01T11:15:57.378+0000] {processor.py:183} INFO - Processing /home/airflow/.local/lib/python3.12/site-packages/airflow/example_dags/example_branch_day_of_week_operator.py took 0.197 seconds
[2025-05-01T11:16:27.845+0000] {processor.py:161} INFO - Started process (PID=2930) to work on /home/airflow/.local/lib/python3.12/site-packages/airflow/example_dags/example_branch_day_of_week_operator.py
[2025-05-01T11:16:27.848+0000] {processor.py:830} INFO - Processing file /home/airflow/.local/lib/python3.12/site-packages/airflow/example_dags/example_branch_day_of_week_operator.py for tasks to queue
[2025-05-01T11:16:27.853+0000] {logging_mixin.py:188} INFO - [2025-05-01T11:16:27.852+0000] {dagbag.py:545} INFO - Filling up the DagBag from /home/airflow/.local/lib/python3.12/site-packages/airflow/example_dags/example_branch_day_of_week_operator.py
[2025-05-01T11:16:27.872+0000] {processor.py:840} INFO - DAG(s) 'example_weekday_branch_operator' retrieved from /home/airflow/.local/lib/python3.12/site-packages/airflow/example_dags/example_branch_day_of_week_operator.py
[2025-05-01T11:16:27.928+0000] {logging_mixin.py:188} INFO - [2025-05-01T11:16:27.928+0000] {dag.py:3096} INFO - Sync 1 DAGs
[2025-05-01T11:16:27.987+0000] {logging_mixin.py:188} INFO - [2025-05-01T11:16:27.987+0000] {dag.py:3954} INFO - Setting next_dagrun for example_weekday_branch_operator to 2025-04-30 00:00:00+00:00, run_after=2025-05-01 00:00:00+00:00
[2025-05-01T11:16:28.074+0000] {processor.py:183} INFO - Processing /home/airflow/.local/lib/python3.12/site-packages/airflow/example_dags/example_branch_day_of_week_operator.py took 0.245 seconds
[2025-05-01T11:16:58.317+0000] {processor.py:161} INFO - Started process (PID=2990) to work on /home/airflow/.local/lib/python3.12/site-packages/airflow/example_dags/example_branch_day_of_week_operator.py
[2025-05-01T11:16:58.324+0000] {processor.py:830} INFO - Processing file /home/airflow/.local/lib/python3.12/site-packages/airflow/example_dags/example_branch_day_of_week_operator.py for tasks to queue
[2025-05-01T11:16:58.332+0000] {logging_mixin.py:188} INFO - [2025-05-01T11:16:58.330+0000] {dagbag.py:545} INFO - Filling up the DagBag from /home/airflow/.local/lib/python3.12/site-packages/airflow/example_dags/example_branch_day_of_week_operator.py
[2025-05-01T11:16:58.351+0000] {processor.py:840} INFO - DAG(s) 'example_weekday_branch_operator' retrieved from /home/airflow/.local/lib/python3.12/site-packages/airflow/example_dags/example_branch_day_of_week_operator.py
[2025-05-01T11:16:58.414+0000] {logging_mixin.py:188} INFO - [2025-05-01T11:16:58.413+0000] {dag.py:3096} INFO - Sync 1 DAGs
[2025-05-01T11:16:58.493+0000] {logging_mixin.py:188} INFO - [2025-05-01T11:16:58.493+0000] {dag.py:3954} INFO - Setting next_dagrun for example_weekday_branch_operator to 2025-04-30 00:00:00+00:00, run_after=2025-05-01 00:00:00+00:00
[2025-05-01T11:16:58.548+0000] {processor.py:183} INFO - Processing /home/airflow/.local/lib/python3.12/site-packages/airflow/example_dags/example_branch_day_of_week_operator.py took 0.258 seconds
[2025-05-01T11:17:29.193+0000] {processor.py:161} INFO - Started process (PID=3049) to work on /home/airflow/.local/lib/python3.12/site-packages/airflow/example_dags/example_branch_day_of_week_operator.py
[2025-05-01T11:17:29.196+0000] {processor.py:830} INFO - Processing file /home/airflow/.local/lib/python3.12/site-packages/airflow/example_dags/example_branch_day_of_week_operator.py for tasks to queue
[2025-05-01T11:17:29.201+0000] {logging_mixin.py:188} INFO - [2025-05-01T11:17:29.200+0000] {dagbag.py:545} INFO - Filling up the DagBag from /home/airflow/.local/lib/python3.12/site-packages/airflow/example_dags/example_branch_day_of_week_operator.py
[2025-05-01T11:17:29.218+0000] {processor.py:840} INFO - DAG(s) 'example_weekday_branch_operator' retrieved from /home/airflow/.local/lib/python3.12/site-packages/airflow/example_dags/example_branch_day_of_week_operator.py
[2025-05-01T11:17:29.272+0000] {logging_mixin.py:188} INFO - [2025-05-01T11:17:29.271+0000] {dag.py:3096} INFO - Sync 1 DAGs
[2025-05-01T11:17:29.327+0000] {logging_mixin.py:188} INFO - [2025-05-01T11:17:29.327+0000] {dag.py:3954} INFO - Setting next_dagrun for example_weekday_branch_operator to 2025-04-30 00:00:00+00:00, run_after=2025-05-01 00:00:00+00:00
[2025-05-01T11:17:29.419+0000] {processor.py:183} INFO - Processing /home/airflow/.local/lib/python3.12/site-packages/airflow/example_dags/example_branch_day_of_week_operator.py took 0.237 seconds
[2025-05-01T11:17:59.615+0000] {processor.py:161} INFO - Started process (PID=3108) to work on /home/airflow/.local/lib/python3.12/site-packages/airflow/example_dags/example_branch_day_of_week_operator.py
[2025-05-01T11:17:59.618+0000] {processor.py:830} INFO - Processing file /home/airflow/.local/lib/python3.12/site-packages/airflow/example_dags/example_branch_day_of_week_operator.py for tasks to queue
[2025-05-01T11:17:59.623+0000] {logging_mixin.py:188} INFO - [2025-05-01T11:17:59.622+0000] {dagbag.py:545} INFO - Filling up the DagBag from /home/airflow/.local/lib/python3.12/site-packages/airflow/example_dags/example_branch_day_of_week_operator.py
[2025-05-01T11:17:59.646+0000] {processor.py:840} INFO - DAG(s) 'example_weekday_branch_operator' retrieved from /home/airflow/.local/lib/python3.12/site-packages/airflow/example_dags/example_branch_day_of_week_operator.py
[2025-05-01T11:17:59.712+0000] {logging_mixin.py:188} INFO - [2025-05-01T11:17:59.710+0000] {dag.py:3096} INFO - Sync 1 DAGs
[2025-05-01T11:17:59.790+0000] {logging_mixin.py:188} INFO - [2025-05-01T11:17:59.789+0000] {dag.py:3954} INFO - Setting next_dagrun for example_weekday_branch_operator to 2025-04-30 00:00:00+00:00, run_after=2025-05-01 00:00:00+00:00
[2025-05-01T11:17:59.888+0000] {processor.py:183} INFO - Processing /home/airflow/.local/lib/python3.12/site-packages/airflow/example_dags/example_branch_day_of_week_operator.py took 0.289 seconds
[2025-05-01T11:18:30.071+0000] {processor.py:161} INFO - Started process (PID=3167) to work on /home/airflow/.local/lib/python3.12/site-packages/airflow/example_dags/example_branch_day_of_week_operator.py
[2025-05-01T11:18:30.073+0000] {processor.py:830} INFO - Processing file /home/airflow/.local/lib/python3.12/site-packages/airflow/example_dags/example_branch_day_of_week_operator.py for tasks to queue
[2025-05-01T11:18:30.078+0000] {logging_mixin.py:188} INFO - [2025-05-01T11:18:30.077+0000] {dagbag.py:545} INFO - Filling up the DagBag from /home/airflow/.local/lib/python3.12/site-packages/airflow/example_dags/example_branch_day_of_week_operator.py
[2025-05-01T11:18:30.095+0000] {processor.py:840} INFO - DAG(s) 'example_weekday_branch_operator' retrieved from /home/airflow/.local/lib/python3.12/site-packages/airflow/example_dags/example_branch_day_of_week_operator.py
[2025-05-01T11:18:30.148+0000] {logging_mixin.py:188} INFO - [2025-05-01T11:18:30.147+0000] {dag.py:3096} INFO - Sync 1 DAGs
[2025-05-01T11:18:30.212+0000] {logging_mixin.py:188} INFO - [2025-05-01T11:18:30.212+0000] {dag.py:3954} INFO - Setting next_dagrun for example_weekday_branch_operator to 2025-04-30 00:00:00+00:00, run_after=2025-05-01 00:00:00+00:00
[2025-05-01T11:18:30.312+0000] {processor.py:183} INFO - Processing /home/airflow/.local/lib/python3.12/site-packages/airflow/example_dags/example_branch_day_of_week_operator.py took 0.253 seconds
[2025-05-01T11:19:01.045+0000] {processor.py:161} INFO - Started process (PID=3227) to work on /home/airflow/.local/lib/python3.12/site-packages/airflow/example_dags/example_branch_day_of_week_operator.py
[2025-05-01T11:19:01.047+0000] {processor.py:830} INFO - Processing file /home/airflow/.local/lib/python3.12/site-packages/airflow/example_dags/example_branch_day_of_week_operator.py for tasks to queue
[2025-05-01T11:19:01.052+0000] {logging_mixin.py:188} INFO - [2025-05-01T11:19:01.051+0000] {dagbag.py:545} INFO - Filling up the DagBag from /home/airflow/.local/lib/python3.12/site-packages/airflow/example_dags/example_branch_day_of_week_operator.py
[2025-05-01T11:19:01.069+0000] {processor.py:840} INFO - DAG(s) 'example_weekday_branch_operator' retrieved from /home/airflow/.local/lib/python3.12/site-packages/airflow/example_dags/example_branch_day_of_week_operator.py
[2025-05-01T11:19:01.138+0000] {logging_mixin.py:188} INFO - [2025-05-01T11:19:01.136+0000] {dag.py:3096} INFO - Sync 1 DAGs
[2025-05-01T11:19:01.217+0000] {logging_mixin.py:188} INFO - [2025-05-01T11:19:01.216+0000] {dag.py:3954} INFO - Setting next_dagrun for example_weekday_branch_operator to 2025-04-30 00:00:00+00:00, run_after=2025-05-01 00:00:00+00:00
[2025-05-01T11:19:01.324+0000] {processor.py:183} INFO - Processing /home/airflow/.local/lib/python3.12/site-packages/airflow/example_dags/example_branch_day_of_week_operator.py took 0.292 seconds
[2025-05-01T11:19:31.866+0000] {processor.py:161} INFO - Started process (PID=3286) to work on /home/airflow/.local/lib/python3.12/site-packages/airflow/example_dags/example_branch_day_of_week_operator.py
[2025-05-01T11:19:31.870+0000] {processor.py:830} INFO - Processing file /home/airflow/.local/lib/python3.12/site-packages/airflow/example_dags/example_branch_day_of_week_operator.py for tasks to queue
[2025-05-01T11:19:31.877+0000] {logging_mixin.py:188} INFO - [2025-05-01T11:19:31.876+0000] {dagbag.py:545} INFO - Filling up the DagBag from /home/airflow/.local/lib/python3.12/site-packages/airflow/example_dags/example_branch_day_of_week_operator.py
[2025-05-01T11:19:31.904+0000] {processor.py:840} INFO - DAG(s) 'example_weekday_branch_operator' retrieved from /home/airflow/.local/lib/python3.12/site-packages/airflow/example_dags/example_branch_day_of_week_operator.py
[2025-05-01T11:19:31.980+0000] {logging_mixin.py:188} INFO - [2025-05-01T11:19:31.979+0000] {dag.py:3096} INFO - Sync 1 DAGs
[2025-05-01T11:19:32.057+0000] {logging_mixin.py:188} INFO - [2025-05-01T11:19:32.056+0000] {dag.py:3954} INFO - Setting next_dagrun for example_weekday_branch_operator to 2025-04-30 00:00:00+00:00, run_after=2025-05-01 00:00:00+00:00
[2025-05-01T11:19:32.113+0000] {processor.py:183} INFO - Processing /home/airflow/.local/lib/python3.12/site-packages/airflow/example_dags/example_branch_day_of_week_operator.py took 0.269 seconds
[2025-05-01T11:20:02.826+0000] {processor.py:161} INFO - Started process (PID=3345) to work on /home/airflow/.local/lib/python3.12/site-packages/airflow/example_dags/example_branch_day_of_week_operator.py
[2025-05-01T11:20:02.829+0000] {processor.py:830} INFO - Processing file /home/airflow/.local/lib/python3.12/site-packages/airflow/example_dags/example_branch_day_of_week_operator.py for tasks to queue
[2025-05-01T11:20:02.837+0000] {logging_mixin.py:188} INFO - [2025-05-01T11:20:02.836+0000] {dagbag.py:545} INFO - Filling up the DagBag from /home/airflow/.local/lib/python3.12/site-packages/airflow/example_dags/example_branch_day_of_week_operator.py
[2025-05-01T11:20:02.864+0000] {processor.py:840} INFO - DAG(s) 'example_weekday_branch_operator' retrieved from /home/airflow/.local/lib/python3.12/site-packages/airflow/example_dags/example_branch_day_of_week_operator.py
[2025-05-01T11:20:02.936+0000] {logging_mixin.py:188} INFO - [2025-05-01T11:20:02.935+0000] {dag.py:3096} INFO - Sync 1 DAGs
[2025-05-01T11:20:03.020+0000] {logging_mixin.py:188} INFO - [2025-05-01T11:20:03.019+0000] {dag.py:3954} INFO - Setting next_dagrun for example_weekday_branch_operator to 2025-04-30 00:00:00+00:00, run_after=2025-05-01 00:00:00+00:00
[2025-05-01T11:20:03.087+0000] {processor.py:183} INFO - Processing /home/airflow/.local/lib/python3.12/site-packages/airflow/example_dags/example_branch_day_of_week_operator.py took 0.281 seconds
[2025-05-01T11:20:33.509+0000] {processor.py:161} INFO - Started process (PID=3404) to work on /home/airflow/.local/lib/python3.12/site-packages/airflow/example_dags/example_branch_day_of_week_operator.py
[2025-05-01T11:20:33.512+0000] {processor.py:830} INFO - Processing file /home/airflow/.local/lib/python3.12/site-packages/airflow/example_dags/example_branch_day_of_week_operator.py for tasks to queue
[2025-05-01T11:20:33.516+0000] {logging_mixin.py:188} INFO - [2025-05-01T11:20:33.515+0000] {dagbag.py:545} INFO - Filling up the DagBag from /home/airflow/.local/lib/python3.12/site-packages/airflow/example_dags/example_branch_day_of_week_operator.py
[2025-05-01T11:20:33.535+0000] {processor.py:840} INFO - DAG(s) 'example_weekday_branch_operator' retrieved from /home/airflow/.local/lib/python3.12/site-packages/airflow/example_dags/example_branch_day_of_week_operator.py
[2025-05-01T11:20:33.598+0000] {logging_mixin.py:188} INFO - [2025-05-01T11:20:33.597+0000] {dag.py:3096} INFO - Sync 1 DAGs
[2025-05-01T11:20:33.671+0000] {logging_mixin.py:188} INFO - [2025-05-01T11:20:33.670+0000] {dag.py:3954} INFO - Setting next_dagrun for example_weekday_branch_operator to 2025-04-30 00:00:00+00:00, run_after=2025-05-01 00:00:00+00:00
[2025-05-01T11:20:33.775+0000] {processor.py:183} INFO - Processing /home/airflow/.local/lib/python3.12/site-packages/airflow/example_dags/example_branch_day_of_week_operator.py took 0.280 seconds
[2025-05-01T11:21:03.997+0000] {processor.py:161} INFO - Started process (PID=3463) to work on /home/airflow/.local/lib/python3.12/site-packages/airflow/example_dags/example_branch_day_of_week_operator.py
[2025-05-01T11:21:03.999+0000] {processor.py:830} INFO - Processing file /home/airflow/.local/lib/python3.12/site-packages/airflow/example_dags/example_branch_day_of_week_operator.py for tasks to queue
[2025-05-01T11:21:04.004+0000] {logging_mixin.py:188} INFO - [2025-05-01T11:21:04.004+0000] {dagbag.py:545} INFO - Filling up the DagBag from /home/airflow/.local/lib/python3.12/site-packages/airflow/example_dags/example_branch_day_of_week_operator.py
[2025-05-01T11:21:04.023+0000] {processor.py:840} INFO - DAG(s) 'example_weekday_branch_operator' retrieved from /home/airflow/.local/lib/python3.12/site-packages/airflow/example_dags/example_branch_day_of_week_operator.py
[2025-05-01T11:21:04.077+0000] {logging_mixin.py:188} INFO - [2025-05-01T11:21:04.077+0000] {dag.py:3096} INFO - Sync 1 DAGs
[2025-05-01T11:21:04.142+0000] {logging_mixin.py:188} INFO - [2025-05-01T11:21:04.141+0000] {dag.py:3954} INFO - Setting next_dagrun for example_weekday_branch_operator to 2025-04-30 00:00:00+00:00, run_after=2025-05-01 00:00:00+00:00
[2025-05-01T11:21:04.207+0000] {processor.py:183} INFO - Processing /home/airflow/.local/lib/python3.12/site-packages/airflow/example_dags/example_branch_day_of_week_operator.py took 0.223 seconds
[2025-05-01T11:21:34.860+0000] {processor.py:161} INFO - Started process (PID=3522) to work on /home/airflow/.local/lib/python3.12/site-packages/airflow/example_dags/example_branch_day_of_week_operator.py
[2025-05-01T11:21:34.862+0000] {processor.py:830} INFO - Processing file /home/airflow/.local/lib/python3.12/site-packages/airflow/example_dags/example_branch_day_of_week_operator.py for tasks to queue
[2025-05-01T11:21:34.866+0000] {logging_mixin.py:188} INFO - [2025-05-01T11:21:34.865+0000] {dagbag.py:545} INFO - Filling up the DagBag from /home/airflow/.local/lib/python3.12/site-packages/airflow/example_dags/example_branch_day_of_week_operator.py
[2025-05-01T11:21:34.880+0000] {processor.py:840} INFO - DAG(s) 'example_weekday_branch_operator' retrieved from /home/airflow/.local/lib/python3.12/site-packages/airflow/example_dags/example_branch_day_of_week_operator.py
[2025-05-01T11:21:34.925+0000] {logging_mixin.py:188} INFO - [2025-05-01T11:21:34.924+0000] {dag.py:3096} INFO - Sync 1 DAGs
[2025-05-01T11:21:34.973+0000] {logging_mixin.py:188} INFO - [2025-05-01T11:21:34.973+0000] {dag.py:3954} INFO - Setting next_dagrun for example_weekday_branch_operator to 2025-04-30 00:00:00+00:00, run_after=2025-05-01 00:00:00+00:00
[2025-05-01T11:21:35.057+0000] {processor.py:183} INFO - Processing /home/airflow/.local/lib/python3.12/site-packages/airflow/example_dags/example_branch_day_of_week_operator.py took 0.209 seconds
[2025-05-01T11:22:06.167+0000] {processor.py:161} INFO - Started process (PID=3581) to work on /home/airflow/.local/lib/python3.12/site-packages/airflow/example_dags/example_branch_day_of_week_operator.py
[2025-05-01T11:22:06.169+0000] {processor.py:830} INFO - Processing file /home/airflow/.local/lib/python3.12/site-packages/airflow/example_dags/example_branch_day_of_week_operator.py for tasks to queue
[2025-05-01T11:22:06.174+0000] {logging_mixin.py:188} INFO - [2025-05-01T11:22:06.173+0000] {dagbag.py:545} INFO - Filling up the DagBag from /home/airflow/.local/lib/python3.12/site-packages/airflow/example_dags/example_branch_day_of_week_operator.py
[2025-05-01T11:22:06.192+0000] {processor.py:840} INFO - DAG(s) 'example_weekday_branch_operator' retrieved from /home/airflow/.local/lib/python3.12/site-packages/airflow/example_dags/example_branch_day_of_week_operator.py
[2025-05-01T11:22:06.240+0000] {logging_mixin.py:188} INFO - [2025-05-01T11:22:06.240+0000] {dag.py:3096} INFO - Sync 1 DAGs
[2025-05-01T11:22:06.300+0000] {logging_mixin.py:188} INFO - [2025-05-01T11:22:06.299+0000] {dag.py:3954} INFO - Setting next_dagrun for example_weekday_branch_operator to 2025-04-30 00:00:00+00:00, run_after=2025-05-01 00:00:00+00:00
[2025-05-01T11:22:06.348+0000] {processor.py:183} INFO - Processing /home/airflow/.local/lib/python3.12/site-packages/airflow/example_dags/example_branch_day_of_week_operator.py took 0.194 seconds
[2025-05-01T11:22:36.851+0000] {processor.py:161} INFO - Started process (PID=3640) to work on /home/airflow/.local/lib/python3.12/site-packages/airflow/example_dags/example_branch_day_of_week_operator.py
[2025-05-01T11:22:36.854+0000] {processor.py:830} INFO - Processing file /home/airflow/.local/lib/python3.12/site-packages/airflow/example_dags/example_branch_day_of_week_operator.py for tasks to queue
[2025-05-01T11:22:36.858+0000] {logging_mixin.py:188} INFO - [2025-05-01T11:22:36.857+0000] {dagbag.py:545} INFO - Filling up the DagBag from /home/airflow/.local/lib/python3.12/site-packages/airflow/example_dags/example_branch_day_of_week_operator.py
[2025-05-01T11:22:36.876+0000] {processor.py:840} INFO - DAG(s) 'example_weekday_branch_operator' retrieved from /home/airflow/.local/lib/python3.12/site-packages/airflow/example_dags/example_branch_day_of_week_operator.py
[2025-05-01T11:22:36.928+0000] {logging_mixin.py:188} INFO - [2025-05-01T11:22:36.928+0000] {dag.py:3096} INFO - Sync 1 DAGs
[2025-05-01T11:22:36.994+0000] {logging_mixin.py:188} INFO - [2025-05-01T11:22:36.993+0000] {dag.py:3954} INFO - Setting next_dagrun for example_weekday_branch_operator to 2025-04-30 00:00:00+00:00, run_after=2025-05-01 00:00:00+00:00
[2025-05-01T11:22:37.083+0000] {processor.py:183} INFO - Processing /home/airflow/.local/lib/python3.12/site-packages/airflow/example_dags/example_branch_day_of_week_operator.py took 0.247 seconds
[2025-05-01T11:23:07.438+0000] {processor.py:161} INFO - Started process (PID=3699) to work on /home/airflow/.local/lib/python3.12/site-packages/airflow/example_dags/example_branch_day_of_week_operator.py
[2025-05-01T11:23:07.442+0000] {processor.py:830} INFO - Processing file /home/airflow/.local/lib/python3.12/site-packages/airflow/example_dags/example_branch_day_of_week_operator.py for tasks to queue
[2025-05-01T11:23:07.449+0000] {logging_mixin.py:188} INFO - [2025-05-01T11:23:07.447+0000] {dagbag.py:545} INFO - Filling up the DagBag from /home/airflow/.local/lib/python3.12/site-packages/airflow/example_dags/example_branch_day_of_week_operator.py
[2025-05-01T11:23:07.469+0000] {processor.py:840} INFO - DAG(s) 'example_weekday_branch_operator' retrieved from /home/airflow/.local/lib/python3.12/site-packages/airflow/example_dags/example_branch_day_of_week_operator.py
[2025-05-01T11:23:07.524+0000] {logging_mixin.py:188} INFO - [2025-05-01T11:23:07.524+0000] {dag.py:3096} INFO - Sync 1 DAGs
[2025-05-01T11:23:07.587+0000] {logging_mixin.py:188} INFO - [2025-05-01T11:23:07.586+0000] {dag.py:3954} INFO - Setting next_dagrun for example_weekday_branch_operator to 2025-04-30 00:00:00+00:00, run_after=2025-05-01 00:00:00+00:00
[2025-05-01T11:23:07.679+0000] {processor.py:183} INFO - Processing /home/airflow/.local/lib/python3.12/site-packages/airflow/example_dags/example_branch_day_of_week_operator.py took 0.258 seconds
[2025-05-01T11:23:37.915+0000] {processor.py:161} INFO - Started process (PID=3758) to work on /home/airflow/.local/lib/python3.12/site-packages/airflow/example_dags/example_branch_day_of_week_operator.py
[2025-05-01T11:23:37.918+0000] {processor.py:830} INFO - Processing file /home/airflow/.local/lib/python3.12/site-packages/airflow/example_dags/example_branch_day_of_week_operator.py for tasks to queue
[2025-05-01T11:23:37.925+0000] {logging_mixin.py:188} INFO - [2025-05-01T11:23:37.924+0000] {dagbag.py:545} INFO - Filling up the DagBag from /home/airflow/.local/lib/python3.12/site-packages/airflow/example_dags/example_branch_day_of_week_operator.py
[2025-05-01T11:23:37.943+0000] {processor.py:840} INFO - DAG(s) 'example_weekday_branch_operator' retrieved from /home/airflow/.local/lib/python3.12/site-packages/airflow/example_dags/example_branch_day_of_week_operator.py
[2025-05-01T11:23:38.002+0000] {logging_mixin.py:188} INFO - [2025-05-01T11:23:38.000+0000] {dag.py:3096} INFO - Sync 1 DAGs
[2025-05-01T11:23:38.080+0000] {logging_mixin.py:188} INFO - [2025-05-01T11:23:38.079+0000] {dag.py:3954} INFO - Setting next_dagrun for example_weekday_branch_operator to 2025-04-30 00:00:00+00:00, run_after=2025-05-01 00:00:00+00:00
[2025-05-01T11:23:38.170+0000] {processor.py:183} INFO - Processing /home/airflow/.local/lib/python3.12/site-packages/airflow/example_dags/example_branch_day_of_week_operator.py took 0.270 seconds
[2025-05-01T11:24:08.858+0000] {processor.py:161} INFO - Started process (PID=3818) to work on /home/airflow/.local/lib/python3.12/site-packages/airflow/example_dags/example_branch_day_of_week_operator.py
[2025-05-01T11:24:08.860+0000] {processor.py:830} INFO - Processing file /home/airflow/.local/lib/python3.12/site-packages/airflow/example_dags/example_branch_day_of_week_operator.py for tasks to queue
[2025-05-01T11:24:08.864+0000] {logging_mixin.py:188} INFO - [2025-05-01T11:24:08.864+0000] {dagbag.py:545} INFO - Filling up the DagBag from /home/airflow/.local/lib/python3.12/site-packages/airflow/example_dags/example_branch_day_of_week_operator.py
[2025-05-01T11:24:08.879+0000] {processor.py:840} INFO - DAG(s) 'example_weekday_branch_operator' retrieved from /home/airflow/.local/lib/python3.12/site-packages/airflow/example_dags/example_branch_day_of_week_operator.py
[2025-05-01T11:24:08.930+0000] {logging_mixin.py:188} INFO - [2025-05-01T11:24:08.929+0000] {dag.py:3096} INFO - Sync 1 DAGs
[2025-05-01T11:24:09.020+0000] {logging_mixin.py:188} INFO - [2025-05-01T11:24:09.019+0000] {dag.py:3954} INFO - Setting next_dagrun for example_weekday_branch_operator to 2025-04-30 00:00:00+00:00, run_after=2025-05-01 00:00:00+00:00
[2025-05-01T11:24:09.136+0000] {processor.py:183} INFO - Processing /home/airflow/.local/lib/python3.12/site-packages/airflow/example_dags/example_branch_day_of_week_operator.py took 0.290 seconds
[2025-05-01T11:24:39.981+0000] {processor.py:161} INFO - Started process (PID=3879) to work on /home/airflow/.local/lib/python3.12/site-packages/airflow/example_dags/example_branch_day_of_week_operator.py
[2025-05-01T11:24:39.983+0000] {processor.py:830} INFO - Processing file /home/airflow/.local/lib/python3.12/site-packages/airflow/example_dags/example_branch_day_of_week_operator.py for tasks to queue
[2025-05-01T11:24:39.987+0000] {logging_mixin.py:188} INFO - [2025-05-01T11:24:39.987+0000] {dagbag.py:545} INFO - Filling up the DagBag from /home/airflow/.local/lib/python3.12/site-packages/airflow/example_dags/example_branch_day_of_week_operator.py
[2025-05-01T11:24:40.004+0000] {processor.py:840} INFO - DAG(s) 'example_weekday_branch_operator' retrieved from /home/airflow/.local/lib/python3.12/site-packages/airflow/example_dags/example_branch_day_of_week_operator.py
[2025-05-01T11:24:40.053+0000] {logging_mixin.py:188} INFO - [2025-05-01T11:24:40.052+0000] {dag.py:3096} INFO - Sync 1 DAGs
[2025-05-01T11:24:40.122+0000] {logging_mixin.py:188} INFO - [2025-05-01T11:24:40.121+0000] {dag.py:3954} INFO - Setting next_dagrun for example_weekday_branch_operator to 2025-04-30 00:00:00+00:00, run_after=2025-05-01 00:00:00+00:00
[2025-05-01T11:24:40.167+0000] {processor.py:183} INFO - Processing /home/airflow/.local/lib/python3.12/site-packages/airflow/example_dags/example_branch_day_of_week_operator.py took 0.198 seconds
[2025-05-01T11:25:10.816+0000] {processor.py:161} INFO - Started process (PID=3938) to work on /home/airflow/.local/lib/python3.12/site-packages/airflow/example_dags/example_branch_day_of_week_operator.py
[2025-05-01T11:25:10.819+0000] {processor.py:830} INFO - Processing file /home/airflow/.local/lib/python3.12/site-packages/airflow/example_dags/example_branch_day_of_week_operator.py for tasks to queue
[2025-05-01T11:25:10.823+0000] {logging_mixin.py:188} INFO - [2025-05-01T11:25:10.822+0000] {dagbag.py:545} INFO - Filling up the DagBag from /home/airflow/.local/lib/python3.12/site-packages/airflow/example_dags/example_branch_day_of_week_operator.py
[2025-05-01T11:25:10.837+0000] {processor.py:840} INFO - DAG(s) 'example_weekday_branch_operator' retrieved from /home/airflow/.local/lib/python3.12/site-packages/airflow/example_dags/example_branch_day_of_week_operator.py
[2025-05-01T11:25:10.889+0000] {logging_mixin.py:188} INFO - [2025-05-01T11:25:10.889+0000] {dag.py:3096} INFO - Sync 1 DAGs
[2025-05-01T11:25:10.957+0000] {logging_mixin.py:188} INFO - [2025-05-01T11:25:10.957+0000] {dag.py:3954} INFO - Setting next_dagrun for example_weekday_branch_operator to 2025-04-30 00:00:00+00:00, run_after=2025-05-01 00:00:00+00:00
[2025-05-01T11:25:11.040+0000] {processor.py:183} INFO - Processing /home/airflow/.local/lib/python3.12/site-packages/airflow/example_dags/example_branch_day_of_week_operator.py took 0.235 seconds
[2025-05-01T11:25:41.184+0000] {processor.py:161} INFO - Started process (PID=3996) to work on /home/airflow/.local/lib/python3.12/site-packages/airflow/example_dags/example_branch_day_of_week_operator.py
[2025-05-01T11:25:41.187+0000] {processor.py:830} INFO - Processing file /home/airflow/.local/lib/python3.12/site-packages/airflow/example_dags/example_branch_day_of_week_operator.py for tasks to queue
[2025-05-01T11:25:41.195+0000] {logging_mixin.py:188} INFO - [2025-05-01T11:25:41.194+0000] {dagbag.py:545} INFO - Filling up the DagBag from /home/airflow/.local/lib/python3.12/site-packages/airflow/example_dags/example_branch_day_of_week_operator.py
[2025-05-01T11:25:41.220+0000] {processor.py:840} INFO - DAG(s) 'example_weekday_branch_operator' retrieved from /home/airflow/.local/lib/python3.12/site-packages/airflow/example_dags/example_branch_day_of_week_operator.py
[2025-05-01T11:25:41.284+0000] {logging_mixin.py:188} INFO - [2025-05-01T11:25:41.284+0000] {dag.py:3096} INFO - Sync 1 DAGs
[2025-05-01T11:25:41.386+0000] {logging_mixin.py:188} INFO - [2025-05-01T11:25:41.386+0000] {dag.py:3954} INFO - Setting next_dagrun for example_weekday_branch_operator to 2025-04-30 00:00:00+00:00, run_after=2025-05-01 00:00:00+00:00
[2025-05-01T11:25:41.464+0000] {processor.py:183} INFO - Processing /home/airflow/.local/lib/python3.12/site-packages/airflow/example_dags/example_branch_day_of_week_operator.py took 0.300 seconds
[2025-05-01T11:31:48.020+0000] {processor.py:161} INFO - Started process (PID=101) to work on /home/airflow/.local/lib/python3.12/site-packages/airflow/example_dags/example_branch_day_of_week_operator.py
[2025-05-01T11:31:48.023+0000] {processor.py:830} INFO - Processing file /home/airflow/.local/lib/python3.12/site-packages/airflow/example_dags/example_branch_day_of_week_operator.py for tasks to queue
[2025-05-01T11:31:48.027+0000] {logging_mixin.py:188} INFO - [2025-05-01T11:31:48.026+0000] {dagbag.py:545} INFO - Filling up the DagBag from /home/airflow/.local/lib/python3.12/site-packages/airflow/example_dags/example_branch_day_of_week_operator.py
[2025-05-01T11:31:48.044+0000] {processor.py:840} INFO - DAG(s) 'example_weekday_branch_operator' retrieved from /home/airflow/.local/lib/python3.12/site-packages/airflow/example_dags/example_branch_day_of_week_operator.py
[2025-05-01T11:31:48.279+0000] {logging_mixin.py:188} INFO - [2025-05-01T11:31:48.278+0000] {dag.py:3096} INFO - Sync 1 DAGs
[2025-05-01T11:31:48.336+0000] {logging_mixin.py:188} INFO - [2025-05-01T11:31:48.335+0000] {dag.py:3954} INFO - Setting next_dagrun for example_weekday_branch_operator to 2025-04-30 00:00:00+00:00, run_after=2025-05-01 00:00:00+00:00
[2025-05-01T11:31:48.404+0000] {processor.py:183} INFO - Processing /home/airflow/.local/lib/python3.12/site-packages/airflow/example_dags/example_branch_day_of_week_operator.py took 0.407 seconds
[2025-05-01T11:32:18.557+0000] {processor.py:161} INFO - Started process (PID=160) to work on /home/airflow/.local/lib/python3.12/site-packages/airflow/example_dags/example_branch_day_of_week_operator.py
[2025-05-01T11:32:18.560+0000] {processor.py:830} INFO - Processing file /home/airflow/.local/lib/python3.12/site-packages/airflow/example_dags/example_branch_day_of_week_operator.py for tasks to queue
[2025-05-01T11:32:18.564+0000] {logging_mixin.py:188} INFO - [2025-05-01T11:32:18.563+0000] {dagbag.py:545} INFO - Filling up the DagBag from /home/airflow/.local/lib/python3.12/site-packages/airflow/example_dags/example_branch_day_of_week_operator.py
[2025-05-01T11:32:18.599+0000] {processor.py:840} INFO - DAG(s) 'example_weekday_branch_operator' retrieved from /home/airflow/.local/lib/python3.12/site-packages/airflow/example_dags/example_branch_day_of_week_operator.py
[2025-05-01T11:32:18.678+0000] {logging_mixin.py:188} INFO - [2025-05-01T11:32:18.676+0000] {dag.py:3096} INFO - Sync 1 DAGs
[2025-05-01T11:32:18.764+0000] {logging_mixin.py:188} INFO - [2025-05-01T11:32:18.764+0000] {dag.py:3954} INFO - Setting next_dagrun for example_weekday_branch_operator to 2025-04-30 00:00:00+00:00, run_after=2025-05-01 00:00:00+00:00
[2025-05-01T11:32:18.830+0000] {processor.py:183} INFO - Processing /home/airflow/.local/lib/python3.12/site-packages/airflow/example_dags/example_branch_day_of_week_operator.py took 0.288 seconds
[2025-05-01T11:32:49.117+0000] {processor.py:161} INFO - Started process (PID=219) to work on /home/airflow/.local/lib/python3.12/site-packages/airflow/example_dags/example_branch_day_of_week_operator.py
[2025-05-01T11:32:49.119+0000] {processor.py:830} INFO - Processing file /home/airflow/.local/lib/python3.12/site-packages/airflow/example_dags/example_branch_day_of_week_operator.py for tasks to queue
[2025-05-01T11:32:49.123+0000] {logging_mixin.py:188} INFO - [2025-05-01T11:32:49.122+0000] {dagbag.py:545} INFO - Filling up the DagBag from /home/airflow/.local/lib/python3.12/site-packages/airflow/example_dags/example_branch_day_of_week_operator.py
[2025-05-01T11:32:49.138+0000] {processor.py:840} INFO - DAG(s) 'example_weekday_branch_operator' retrieved from /home/airflow/.local/lib/python3.12/site-packages/airflow/example_dags/example_branch_day_of_week_operator.py
[2025-05-01T11:32:49.185+0000] {logging_mixin.py:188} INFO - [2025-05-01T11:32:49.184+0000] {dag.py:3096} INFO - Sync 1 DAGs
[2025-05-01T11:32:49.233+0000] {logging_mixin.py:188} INFO - [2025-05-01T11:32:49.233+0000] {dag.py:3954} INFO - Setting next_dagrun for example_weekday_branch_operator to 2025-04-30 00:00:00+00:00, run_after=2025-05-01 00:00:00+00:00
[2025-05-01T11:32:49.306+0000] {processor.py:183} INFO - Processing /home/airflow/.local/lib/python3.12/site-packages/airflow/example_dags/example_branch_day_of_week_operator.py took 0.200 seconds
[2025-05-01T11:33:19.809+0000] {processor.py:161} INFO - Started process (PID=278) to work on /home/airflow/.local/lib/python3.12/site-packages/airflow/example_dags/example_branch_day_of_week_operator.py
[2025-05-01T11:33:19.812+0000] {processor.py:830} INFO - Processing file /home/airflow/.local/lib/python3.12/site-packages/airflow/example_dags/example_branch_day_of_week_operator.py for tasks to queue
[2025-05-01T11:33:19.816+0000] {logging_mixin.py:188} INFO - [2025-05-01T11:33:19.815+0000] {dagbag.py:545} INFO - Filling up the DagBag from /home/airflow/.local/lib/python3.12/site-packages/airflow/example_dags/example_branch_day_of_week_operator.py
[2025-05-01T11:33:19.836+0000] {processor.py:840} INFO - DAG(s) 'example_weekday_branch_operator' retrieved from /home/airflow/.local/lib/python3.12/site-packages/airflow/example_dags/example_branch_day_of_week_operator.py
[2025-05-01T11:33:19.893+0000] {logging_mixin.py:188} INFO - [2025-05-01T11:33:19.893+0000] {dag.py:3096} INFO - Sync 1 DAGs
[2025-05-01T11:33:19.951+0000] {logging_mixin.py:188} INFO - [2025-05-01T11:33:19.951+0000] {dag.py:3954} INFO - Setting next_dagrun for example_weekday_branch_operator to 2025-04-30 00:00:00+00:00, run_after=2025-05-01 00:00:00+00:00
[2025-05-01T11:33:20.010+0000] {processor.py:183} INFO - Processing /home/airflow/.local/lib/python3.12/site-packages/airflow/example_dags/example_branch_day_of_week_operator.py took 0.211 seconds
[2025-05-01T11:33:50.465+0000] {processor.py:161} INFO - Started process (PID=336) to work on /home/airflow/.local/lib/python3.12/site-packages/airflow/example_dags/example_branch_day_of_week_operator.py
[2025-05-01T11:33:50.467+0000] {processor.py:830} INFO - Processing file /home/airflow/.local/lib/python3.12/site-packages/airflow/example_dags/example_branch_day_of_week_operator.py for tasks to queue
[2025-05-01T11:33:50.472+0000] {logging_mixin.py:188} INFO - [2025-05-01T11:33:50.471+0000] {dagbag.py:545} INFO - Filling up the DagBag from /home/airflow/.local/lib/python3.12/site-packages/airflow/example_dags/example_branch_day_of_week_operator.py
[2025-05-01T11:33:50.490+0000] {processor.py:840} INFO - DAG(s) 'example_weekday_branch_operator' retrieved from /home/airflow/.local/lib/python3.12/site-packages/airflow/example_dags/example_branch_day_of_week_operator.py
[2025-05-01T11:33:50.549+0000] {logging_mixin.py:188} INFO - [2025-05-01T11:33:50.548+0000] {dag.py:3096} INFO - Sync 1 DAGs
[2025-05-01T11:33:50.600+0000] {logging_mixin.py:188} INFO - [2025-05-01T11:33:50.599+0000] {dag.py:3954} INFO - Setting next_dagrun for example_weekday_branch_operator to 2025-04-30 00:00:00+00:00, run_after=2025-05-01 00:00:00+00:00
[2025-05-01T11:33:50.649+0000] {processor.py:183} INFO - Processing /home/airflow/.local/lib/python3.12/site-packages/airflow/example_dags/example_branch_day_of_week_operator.py took 0.198 seconds
[2025-05-01T11:34:21.445+0000] {processor.py:161} INFO - Started process (PID=396) to work on /home/airflow/.local/lib/python3.12/site-packages/airflow/example_dags/example_branch_day_of_week_operator.py
[2025-05-01T11:34:21.448+0000] {processor.py:830} INFO - Processing file /home/airflow/.local/lib/python3.12/site-packages/airflow/example_dags/example_branch_day_of_week_operator.py for tasks to queue
[2025-05-01T11:34:21.453+0000] {logging_mixin.py:188} INFO - [2025-05-01T11:34:21.452+0000] {dagbag.py:545} INFO - Filling up the DagBag from /home/airflow/.local/lib/python3.12/site-packages/airflow/example_dags/example_branch_day_of_week_operator.py
[2025-05-01T11:34:21.471+0000] {processor.py:840} INFO - DAG(s) 'example_weekday_branch_operator' retrieved from /home/airflow/.local/lib/python3.12/site-packages/airflow/example_dags/example_branch_day_of_week_operator.py
[2025-05-01T11:34:21.527+0000] {logging_mixin.py:188} INFO - [2025-05-01T11:34:21.527+0000] {dag.py:3096} INFO - Sync 1 DAGs
[2025-05-01T11:34:21.597+0000] {logging_mixin.py:188} INFO - [2025-05-01T11:34:21.596+0000] {dag.py:3954} INFO - Setting next_dagrun for example_weekday_branch_operator to 2025-04-30 00:00:00+00:00, run_after=2025-05-01 00:00:00+00:00
[2025-05-01T11:34:21.661+0000] {processor.py:183} INFO - Processing /home/airflow/.local/lib/python3.12/site-packages/airflow/example_dags/example_branch_day_of_week_operator.py took 0.230 seconds
[2025-05-01T11:34:52.463+0000] {processor.py:161} INFO - Started process (PID=455) to work on /home/airflow/.local/lib/python3.12/site-packages/airflow/example_dags/example_branch_day_of_week_operator.py
[2025-05-01T11:34:52.466+0000] {processor.py:830} INFO - Processing file /home/airflow/.local/lib/python3.12/site-packages/airflow/example_dags/example_branch_day_of_week_operator.py for tasks to queue
[2025-05-01T11:34:52.472+0000] {logging_mixin.py:188} INFO - [2025-05-01T11:34:52.470+0000] {dagbag.py:545} INFO - Filling up the DagBag from /home/airflow/.local/lib/python3.12/site-packages/airflow/example_dags/example_branch_day_of_week_operator.py
[2025-05-01T11:34:52.488+0000] {processor.py:840} INFO - DAG(s) 'example_weekday_branch_operator' retrieved from /home/airflow/.local/lib/python3.12/site-packages/airflow/example_dags/example_branch_day_of_week_operator.py
[2025-05-01T11:34:52.539+0000] {logging_mixin.py:188} INFO - [2025-05-01T11:34:52.538+0000] {dag.py:3096} INFO - Sync 1 DAGs
[2025-05-01T11:34:52.594+0000] {logging_mixin.py:188} INFO - [2025-05-01T11:34:52.593+0000] {dag.py:3954} INFO - Setting next_dagrun for example_weekday_branch_operator to 2025-04-30 00:00:00+00:00, run_after=2025-05-01 00:00:00+00:00
[2025-05-01T11:34:52.692+0000] {processor.py:183} INFO - Processing /home/airflow/.local/lib/python3.12/site-packages/airflow/example_dags/example_branch_day_of_week_operator.py took 0.242 seconds
[2025-05-01T11:35:23.020+0000] {processor.py:161} INFO - Started process (PID=514) to work on /home/airflow/.local/lib/python3.12/site-packages/airflow/example_dags/example_branch_day_of_week_operator.py
[2025-05-01T11:35:23.022+0000] {processor.py:830} INFO - Processing file /home/airflow/.local/lib/python3.12/site-packages/airflow/example_dags/example_branch_day_of_week_operator.py for tasks to queue
[2025-05-01T11:35:23.026+0000] {logging_mixin.py:188} INFO - [2025-05-01T11:35:23.025+0000] {dagbag.py:545} INFO - Filling up the DagBag from /home/airflow/.local/lib/python3.12/site-packages/airflow/example_dags/example_branch_day_of_week_operator.py
[2025-05-01T11:35:23.042+0000] {processor.py:840} INFO - DAG(s) 'example_weekday_branch_operator' retrieved from /home/airflow/.local/lib/python3.12/site-packages/airflow/example_dags/example_branch_day_of_week_operator.py
[2025-05-01T11:35:23.087+0000] {logging_mixin.py:188} INFO - [2025-05-01T11:35:23.086+0000] {dag.py:3096} INFO - Sync 1 DAGs
[2025-05-01T11:35:23.140+0000] {logging_mixin.py:188} INFO - [2025-05-01T11:35:23.139+0000] {dag.py:3954} INFO - Setting next_dagrun for example_weekday_branch_operator to 2025-04-30 00:00:00+00:00, run_after=2025-05-01 00:00:00+00:00
[2025-05-01T11:35:23.191+0000] {processor.py:183} INFO - Processing /home/airflow/.local/lib/python3.12/site-packages/airflow/example_dags/example_branch_day_of_week_operator.py took 0.183 seconds
[2025-05-01T11:35:53.707+0000] {processor.py:161} INFO - Started process (PID=573) to work on /home/airflow/.local/lib/python3.12/site-packages/airflow/example_dags/example_branch_day_of_week_operator.py
[2025-05-01T11:35:53.710+0000] {processor.py:830} INFO - Processing file /home/airflow/.local/lib/python3.12/site-packages/airflow/example_dags/example_branch_day_of_week_operator.py for tasks to queue
[2025-05-01T11:35:53.715+0000] {logging_mixin.py:188} INFO - [2025-05-01T11:35:53.714+0000] {dagbag.py:545} INFO - Filling up the DagBag from /home/airflow/.local/lib/python3.12/site-packages/airflow/example_dags/example_branch_day_of_week_operator.py
[2025-05-01T11:35:53.737+0000] {processor.py:840} INFO - DAG(s) 'example_weekday_branch_operator' retrieved from /home/airflow/.local/lib/python3.12/site-packages/airflow/example_dags/example_branch_day_of_week_operator.py
[2025-05-01T11:35:53.801+0000] {logging_mixin.py:188} INFO - [2025-05-01T11:35:53.801+0000] {dag.py:3096} INFO - Sync 1 DAGs
[2025-05-01T11:35:53.960+0000] {logging_mixin.py:188} INFO - [2025-05-01T11:35:53.959+0000] {dag.py:3954} INFO - Setting next_dagrun for example_weekday_branch_operator to 2025-04-30 00:00:00+00:00, run_after=2025-05-01 00:00:00+00:00
[2025-05-01T11:35:54.019+0000] {processor.py:183} INFO - Processing /home/airflow/.local/lib/python3.12/site-packages/airflow/example_dags/example_branch_day_of_week_operator.py took 0.324 seconds
[2025-05-01T11:36:24.831+0000] {processor.py:161} INFO - Started process (PID=638) to work on /home/airflow/.local/lib/python3.12/site-packages/airflow/example_dags/example_branch_day_of_week_operator.py
[2025-05-01T11:36:24.834+0000] {processor.py:830} INFO - Processing file /home/airflow/.local/lib/python3.12/site-packages/airflow/example_dags/example_branch_day_of_week_operator.py for tasks to queue
[2025-05-01T11:36:24.838+0000] {logging_mixin.py:188} INFO - [2025-05-01T11:36:24.838+0000] {dagbag.py:545} INFO - Filling up the DagBag from /home/airflow/.local/lib/python3.12/site-packages/airflow/example_dags/example_branch_day_of_week_operator.py
[2025-05-01T11:36:24.856+0000] {processor.py:840} INFO - DAG(s) 'example_weekday_branch_operator' retrieved from /home/airflow/.local/lib/python3.12/site-packages/airflow/example_dags/example_branch_day_of_week_operator.py
[2025-05-01T11:36:24.911+0000] {logging_mixin.py:188} INFO - [2025-05-01T11:36:24.910+0000] {dag.py:3096} INFO - Sync 1 DAGs
[2025-05-01T11:36:24.962+0000] {logging_mixin.py:188} INFO - [2025-05-01T11:36:24.962+0000] {dag.py:3954} INFO - Setting next_dagrun for example_weekday_branch_operator to 2025-04-30 00:00:00+00:00, run_after=2025-05-01 00:00:00+00:00
[2025-05-01T11:36:25.008+0000] {processor.py:183} INFO - Processing /home/airflow/.local/lib/python3.12/site-packages/airflow/example_dags/example_branch_day_of_week_operator.py took 0.188 seconds
[2025-05-01T11:36:55.271+0000] {processor.py:161} INFO - Started process (PID=697) to work on /home/airflow/.local/lib/python3.12/site-packages/airflow/example_dags/example_branch_day_of_week_operator.py
[2025-05-01T11:36:55.273+0000] {processor.py:830} INFO - Processing file /home/airflow/.local/lib/python3.12/site-packages/airflow/example_dags/example_branch_day_of_week_operator.py for tasks to queue
[2025-05-01T11:36:55.279+0000] {logging_mixin.py:188} INFO - [2025-05-01T11:36:55.278+0000] {dagbag.py:545} INFO - Filling up the DagBag from /home/airflow/.local/lib/python3.12/site-packages/airflow/example_dags/example_branch_day_of_week_operator.py
[2025-05-01T11:36:55.299+0000] {processor.py:840} INFO - DAG(s) 'example_weekday_branch_operator' retrieved from /home/airflow/.local/lib/python3.12/site-packages/airflow/example_dags/example_branch_day_of_week_operator.py
[2025-05-01T11:36:55.344+0000] {logging_mixin.py:188} INFO - [2025-05-01T11:36:55.343+0000] {dag.py:3096} INFO - Sync 1 DAGs
[2025-05-01T11:36:55.394+0000] {logging_mixin.py:188} INFO - [2025-05-01T11:36:55.393+0000] {dag.py:3954} INFO - Setting next_dagrun for example_weekday_branch_operator to 2025-04-30 00:00:00+00:00, run_after=2025-05-01 00:00:00+00:00
[2025-05-01T11:36:55.437+0000] {processor.py:183} INFO - Processing /home/airflow/.local/lib/python3.12/site-packages/airflow/example_dags/example_branch_day_of_week_operator.py took 0.177 seconds
[2025-05-01T11:37:26.208+0000] {processor.py:161} INFO - Started process (PID=757) to work on /home/airflow/.local/lib/python3.12/site-packages/airflow/example_dags/example_branch_day_of_week_operator.py
[2025-05-01T11:37:26.211+0000] {processor.py:830} INFO - Processing file /home/airflow/.local/lib/python3.12/site-packages/airflow/example_dags/example_branch_day_of_week_operator.py for tasks to queue
[2025-05-01T11:37:26.217+0000] {logging_mixin.py:188} INFO - [2025-05-01T11:37:26.215+0000] {dagbag.py:545} INFO - Filling up the DagBag from /home/airflow/.local/lib/python3.12/site-packages/airflow/example_dags/example_branch_day_of_week_operator.py
[2025-05-01T11:37:26.237+0000] {processor.py:840} INFO - DAG(s) 'example_weekday_branch_operator' retrieved from /home/airflow/.local/lib/python3.12/site-packages/airflow/example_dags/example_branch_day_of_week_operator.py
[2025-05-01T11:37:26.311+0000] {logging_mixin.py:188} INFO - [2025-05-01T11:37:26.311+0000] {dag.py:3096} INFO - Sync 1 DAGs
[2025-05-01T11:37:26.396+0000] {logging_mixin.py:188} INFO - [2025-05-01T11:37:26.396+0000] {dag.py:3954} INFO - Setting next_dagrun for example_weekday_branch_operator to 2025-04-30 00:00:00+00:00, run_after=2025-05-01 00:00:00+00:00
[2025-05-01T11:37:26.449+0000] {processor.py:183} INFO - Processing /home/airflow/.local/lib/python3.12/site-packages/airflow/example_dags/example_branch_day_of_week_operator.py took 0.253 seconds
[2025-05-01T11:37:56.858+0000] {processor.py:161} INFO - Started process (PID=816) to work on /home/airflow/.local/lib/python3.12/site-packages/airflow/example_dags/example_branch_day_of_week_operator.py
[2025-05-01T11:37:56.861+0000] {processor.py:830} INFO - Processing file /home/airflow/.local/lib/python3.12/site-packages/airflow/example_dags/example_branch_day_of_week_operator.py for tasks to queue
[2025-05-01T11:37:56.865+0000] {logging_mixin.py:188} INFO - [2025-05-01T11:37:56.865+0000] {dagbag.py:545} INFO - Filling up the DagBag from /home/airflow/.local/lib/python3.12/site-packages/airflow/example_dags/example_branch_day_of_week_operator.py
[2025-05-01T11:37:56.884+0000] {processor.py:840} INFO - DAG(s) 'example_weekday_branch_operator' retrieved from /home/airflow/.local/lib/python3.12/site-packages/airflow/example_dags/example_branch_day_of_week_operator.py
[2025-05-01T11:37:56.938+0000] {logging_mixin.py:188} INFO - [2025-05-01T11:37:56.937+0000] {dag.py:3096} INFO - Sync 1 DAGs
[2025-05-01T11:37:56.998+0000] {logging_mixin.py:188} INFO - [2025-05-01T11:37:56.998+0000] {dag.py:3954} INFO - Setting next_dagrun for example_weekday_branch_operator to 2025-04-30 00:00:00+00:00, run_after=2025-05-01 00:00:00+00:00
[2025-05-01T11:37:57.092+0000] {processor.py:183} INFO - Processing /home/airflow/.local/lib/python3.12/site-packages/airflow/example_dags/example_branch_day_of_week_operator.py took 0.246 seconds
[2025-05-01T11:38:27.445+0000] {processor.py:161} INFO - Started process (PID=875) to work on /home/airflow/.local/lib/python3.12/site-packages/airflow/example_dags/example_branch_day_of_week_operator.py
[2025-05-01T11:38:27.447+0000] {processor.py:830} INFO - Processing file /home/airflow/.local/lib/python3.12/site-packages/airflow/example_dags/example_branch_day_of_week_operator.py for tasks to queue
[2025-05-01T11:38:27.452+0000] {logging_mixin.py:188} INFO - [2025-05-01T11:38:27.451+0000] {dagbag.py:545} INFO - Filling up the DagBag from /home/airflow/.local/lib/python3.12/site-packages/airflow/example_dags/example_branch_day_of_week_operator.py
[2025-05-01T11:38:27.469+0000] {processor.py:840} INFO - DAG(s) 'example_weekday_branch_operator' retrieved from /home/airflow/.local/lib/python3.12/site-packages/airflow/example_dags/example_branch_day_of_week_operator.py
[2025-05-01T11:38:27.529+0000] {logging_mixin.py:188} INFO - [2025-05-01T11:38:27.528+0000] {dag.py:3096} INFO - Sync 1 DAGs
[2025-05-01T11:38:27.604+0000] {logging_mixin.py:188} INFO - [2025-05-01T11:38:27.603+0000] {dag.py:3954} INFO - Setting next_dagrun for example_weekday_branch_operator to 2025-04-30 00:00:00+00:00, run_after=2025-05-01 00:00:00+00:00
[2025-05-01T11:38:27.702+0000] {processor.py:183} INFO - Processing /home/airflow/.local/lib/python3.12/site-packages/airflow/example_dags/example_branch_day_of_week_operator.py took 0.271 seconds
[2025-05-01T11:38:57.853+0000] {processor.py:161} INFO - Started process (PID=934) to work on /home/airflow/.local/lib/python3.12/site-packages/airflow/example_dags/example_branch_day_of_week_operator.py
[2025-05-01T11:38:57.856+0000] {processor.py:830} INFO - Processing file /home/airflow/.local/lib/python3.12/site-packages/airflow/example_dags/example_branch_day_of_week_operator.py for tasks to queue
[2025-05-01T11:38:57.862+0000] {logging_mixin.py:188} INFO - [2025-05-01T11:38:57.860+0000] {dagbag.py:545} INFO - Filling up the DagBag from /home/airflow/.local/lib/python3.12/site-packages/airflow/example_dags/example_branch_day_of_week_operator.py
[2025-05-01T11:38:57.882+0000] {processor.py:840} INFO - DAG(s) 'example_weekday_branch_operator' retrieved from /home/airflow/.local/lib/python3.12/site-packages/airflow/example_dags/example_branch_day_of_week_operator.py
[2025-05-01T11:38:57.948+0000] {logging_mixin.py:188} INFO - [2025-05-01T11:38:57.948+0000] {dag.py:3096} INFO - Sync 1 DAGs
[2025-05-01T11:38:58.020+0000] {logging_mixin.py:188} INFO - [2025-05-01T11:38:58.019+0000] {dag.py:3954} INFO - Setting next_dagrun for example_weekday_branch_operator to 2025-04-30 00:00:00+00:00, run_after=2025-05-01 00:00:00+00:00
[2025-05-01T11:38:58.116+0000] {processor.py:183} INFO - Processing /home/airflow/.local/lib/python3.12/site-packages/airflow/example_dags/example_branch_day_of_week_operator.py took 0.280 seconds
[2025-05-01T11:39:28.481+0000] {processor.py:161} INFO - Started process (PID=994) to work on /home/airflow/.local/lib/python3.12/site-packages/airflow/example_dags/example_branch_day_of_week_operator.py
[2025-05-01T11:39:28.483+0000] {processor.py:830} INFO - Processing file /home/airflow/.local/lib/python3.12/site-packages/airflow/example_dags/example_branch_day_of_week_operator.py for tasks to queue
[2025-05-01T11:39:28.488+0000] {logging_mixin.py:188} INFO - [2025-05-01T11:39:28.487+0000] {dagbag.py:545} INFO - Filling up the DagBag from /home/airflow/.local/lib/python3.12/site-packages/airflow/example_dags/example_branch_day_of_week_operator.py
[2025-05-01T11:39:28.503+0000] {processor.py:840} INFO - DAG(s) 'example_weekday_branch_operator' retrieved from /home/airflow/.local/lib/python3.12/site-packages/airflow/example_dags/example_branch_day_of_week_operator.py
[2025-05-01T11:39:28.547+0000] {logging_mixin.py:188} INFO - [2025-05-01T11:39:28.547+0000] {dag.py:3096} INFO - Sync 1 DAGs
[2025-05-01T11:39:28.597+0000] {logging_mixin.py:188} INFO - [2025-05-01T11:39:28.597+0000] {dag.py:3954} INFO - Setting next_dagrun for example_weekday_branch_operator to 2025-04-30 00:00:00+00:00, run_after=2025-05-01 00:00:00+00:00
[2025-05-01T11:39:28.670+0000] {processor.py:183} INFO - Processing /home/airflow/.local/lib/python3.12/site-packages/airflow/example_dags/example_branch_day_of_week_operator.py took 0.199 seconds
[2025-05-01T11:39:58.851+0000] {processor.py:161} INFO - Started process (PID=1053) to work on /home/airflow/.local/lib/python3.12/site-packages/airflow/example_dags/example_branch_day_of_week_operator.py
[2025-05-01T11:39:58.854+0000] {processor.py:830} INFO - Processing file /home/airflow/.local/lib/python3.12/site-packages/airflow/example_dags/example_branch_day_of_week_operator.py for tasks to queue
[2025-05-01T11:39:58.859+0000] {logging_mixin.py:188} INFO - [2025-05-01T11:39:58.858+0000] {dagbag.py:545} INFO - Filling up the DagBag from /home/airflow/.local/lib/python3.12/site-packages/airflow/example_dags/example_branch_day_of_week_operator.py
[2025-05-01T11:39:58.874+0000] {processor.py:840} INFO - DAG(s) 'example_weekday_branch_operator' retrieved from /home/airflow/.local/lib/python3.12/site-packages/airflow/example_dags/example_branch_day_of_week_operator.py
[2025-05-01T11:39:58.922+0000] {logging_mixin.py:188} INFO - [2025-05-01T11:39:58.921+0000] {dag.py:3096} INFO - Sync 1 DAGs
[2025-05-01T11:39:58.978+0000] {logging_mixin.py:188} INFO - [2025-05-01T11:39:58.978+0000] {dag.py:3954} INFO - Setting next_dagrun for example_weekday_branch_operator to 2025-04-30 00:00:00+00:00, run_after=2025-05-01 00:00:00+00:00
[2025-05-01T11:39:59.060+0000] {processor.py:183} INFO - Processing /home/airflow/.local/lib/python3.12/site-packages/airflow/example_dags/example_branch_day_of_week_operator.py took 0.220 seconds
[2025-05-01T11:40:29.160+0000] {processor.py:161} INFO - Started process (PID=1112) to work on /home/airflow/.local/lib/python3.12/site-packages/airflow/example_dags/example_branch_day_of_week_operator.py
[2025-05-01T11:40:29.162+0000] {processor.py:830} INFO - Processing file /home/airflow/.local/lib/python3.12/site-packages/airflow/example_dags/example_branch_day_of_week_operator.py for tasks to queue
[2025-05-01T11:40:29.167+0000] {logging_mixin.py:188} INFO - [2025-05-01T11:40:29.166+0000] {dagbag.py:545} INFO - Filling up the DagBag from /home/airflow/.local/lib/python3.12/site-packages/airflow/example_dags/example_branch_day_of_week_operator.py
[2025-05-01T11:40:29.184+0000] {processor.py:840} INFO - DAG(s) 'example_weekday_branch_operator' retrieved from /home/airflow/.local/lib/python3.12/site-packages/airflow/example_dags/example_branch_day_of_week_operator.py
[2025-05-01T11:40:29.238+0000] {logging_mixin.py:188} INFO - [2025-05-01T11:40:29.238+0000] {dag.py:3096} INFO - Sync 1 DAGs
[2025-05-01T11:40:29.304+0000] {logging_mixin.py:188} INFO - [2025-05-01T11:40:29.304+0000] {dag.py:3954} INFO - Setting next_dagrun for example_weekday_branch_operator to 2025-04-30 00:00:00+00:00, run_after=2025-05-01 00:00:00+00:00
[2025-05-01T11:40:29.367+0000] {processor.py:183} INFO - Processing /home/airflow/.local/lib/python3.12/site-packages/airflow/example_dags/example_branch_day_of_week_operator.py took 0.217 seconds
[2025-05-01T11:40:59.914+0000] {processor.py:161} INFO - Started process (PID=1171) to work on /home/airflow/.local/lib/python3.12/site-packages/airflow/example_dags/example_branch_day_of_week_operator.py
[2025-05-01T11:40:59.916+0000] {processor.py:830} INFO - Processing file /home/airflow/.local/lib/python3.12/site-packages/airflow/example_dags/example_branch_day_of_week_operator.py for tasks to queue
[2025-05-01T11:40:59.920+0000] {logging_mixin.py:188} INFO - [2025-05-01T11:40:59.920+0000] {dagbag.py:545} INFO - Filling up the DagBag from /home/airflow/.local/lib/python3.12/site-packages/airflow/example_dags/example_branch_day_of_week_operator.py
[2025-05-01T11:40:59.936+0000] {processor.py:840} INFO - DAG(s) 'example_weekday_branch_operator' retrieved from /home/airflow/.local/lib/python3.12/site-packages/airflow/example_dags/example_branch_day_of_week_operator.py
[2025-05-01T11:40:59.992+0000] {logging_mixin.py:188} INFO - [2025-05-01T11:40:59.992+0000] {dag.py:3096} INFO - Sync 1 DAGs
[2025-05-01T11:41:00.054+0000] {logging_mixin.py:188} INFO - [2025-05-01T11:41:00.054+0000] {dag.py:3954} INFO - Setting next_dagrun for example_weekday_branch_operator to 2025-04-30 00:00:00+00:00, run_after=2025-05-01 00:00:00+00:00
[2025-05-01T11:41:00.104+0000] {processor.py:183} INFO - Processing /home/airflow/.local/lib/python3.12/site-packages/airflow/example_dags/example_branch_day_of_week_operator.py took 0.202 seconds
[2025-05-01T11:41:31.782+0000] {processor.py:161} INFO - Started process (PID=1230) to work on /home/airflow/.local/lib/python3.12/site-packages/airflow/example_dags/example_branch_day_of_week_operator.py
[2025-05-01T11:41:31.785+0000] {processor.py:830} INFO - Processing file /home/airflow/.local/lib/python3.12/site-packages/airflow/example_dags/example_branch_day_of_week_operator.py for tasks to queue
[2025-05-01T11:41:31.797+0000] {logging_mixin.py:188} INFO - [2025-05-01T11:41:31.796+0000] {dagbag.py:545} INFO - Filling up the DagBag from /home/airflow/.local/lib/python3.12/site-packages/airflow/example_dags/example_branch_day_of_week_operator.py
[2025-05-01T11:41:31.817+0000] {processor.py:840} INFO - DAG(s) 'example_weekday_branch_operator' retrieved from /home/airflow/.local/lib/python3.12/site-packages/airflow/example_dags/example_branch_day_of_week_operator.py
[2025-05-01T11:41:31.876+0000] {logging_mixin.py:188} INFO - [2025-05-01T11:41:31.875+0000] {dag.py:3096} INFO - Sync 1 DAGs
[2025-05-01T11:41:31.938+0000] {logging_mixin.py:188} INFO - [2025-05-01T11:41:31.938+0000] {dag.py:3954} INFO - Setting next_dagrun for example_weekday_branch_operator to 2025-04-30 00:00:00+00:00, run_after=2025-05-01 00:00:00+00:00
[2025-05-01T11:41:31.995+0000] {processor.py:183} INFO - Processing /home/airflow/.local/lib/python3.12/site-packages/airflow/example_dags/example_branch_day_of_week_operator.py took 0.228 seconds
[2025-05-01T11:42:02.571+0000] {processor.py:161} INFO - Started process (PID=1290) to work on /home/airflow/.local/lib/python3.12/site-packages/airflow/example_dags/example_branch_day_of_week_operator.py
[2025-05-01T11:42:02.574+0000] {processor.py:830} INFO - Processing file /home/airflow/.local/lib/python3.12/site-packages/airflow/example_dags/example_branch_day_of_week_operator.py for tasks to queue
[2025-05-01T11:42:02.578+0000] {logging_mixin.py:188} INFO - [2025-05-01T11:42:02.577+0000] {dagbag.py:545} INFO - Filling up the DagBag from /home/airflow/.local/lib/python3.12/site-packages/airflow/example_dags/example_branch_day_of_week_operator.py
[2025-05-01T11:42:02.592+0000] {processor.py:840} INFO - DAG(s) 'example_weekday_branch_operator' retrieved from /home/airflow/.local/lib/python3.12/site-packages/airflow/example_dags/example_branch_day_of_week_operator.py
[2025-05-01T11:42:02.638+0000] {logging_mixin.py:188} INFO - [2025-05-01T11:42:02.638+0000] {dag.py:3096} INFO - Sync 1 DAGs
[2025-05-01T11:42:02.702+0000] {logging_mixin.py:188} INFO - [2025-05-01T11:42:02.701+0000] {dag.py:3954} INFO - Setting next_dagrun for example_weekday_branch_operator to 2025-04-30 00:00:00+00:00, run_after=2025-05-01 00:00:00+00:00
[2025-05-01T11:42:02.756+0000] {processor.py:183} INFO - Processing /home/airflow/.local/lib/python3.12/site-packages/airflow/example_dags/example_branch_day_of_week_operator.py took 0.196 seconds
[2025-05-01T11:42:33.258+0000] {processor.py:161} INFO - Started process (PID=1349) to work on /home/airflow/.local/lib/python3.12/site-packages/airflow/example_dags/example_branch_day_of_week_operator.py
[2025-05-01T11:42:33.261+0000] {processor.py:830} INFO - Processing file /home/airflow/.local/lib/python3.12/site-packages/airflow/example_dags/example_branch_day_of_week_operator.py for tasks to queue
[2025-05-01T11:42:33.265+0000] {logging_mixin.py:188} INFO - [2025-05-01T11:42:33.264+0000] {dagbag.py:545} INFO - Filling up the DagBag from /home/airflow/.local/lib/python3.12/site-packages/airflow/example_dags/example_branch_day_of_week_operator.py
[2025-05-01T11:42:33.286+0000] {processor.py:840} INFO - DAG(s) 'example_weekday_branch_operator' retrieved from /home/airflow/.local/lib/python3.12/site-packages/airflow/example_dags/example_branch_day_of_week_operator.py
[2025-05-01T11:42:33.340+0000] {logging_mixin.py:188} INFO - [2025-05-01T11:42:33.340+0000] {dag.py:3096} INFO - Sync 1 DAGs
[2025-05-01T11:42:33.391+0000] {logging_mixin.py:188} INFO - [2025-05-01T11:42:33.390+0000] {dag.py:3954} INFO - Setting next_dagrun for example_weekday_branch_operator to 2025-04-30 00:00:00+00:00, run_after=2025-05-01 00:00:00+00:00
[2025-05-01T11:42:33.436+0000] {processor.py:183} INFO - Processing /home/airflow/.local/lib/python3.12/site-packages/airflow/example_dags/example_branch_day_of_week_operator.py took 0.190 seconds
[2025-05-01T11:43:03.876+0000] {processor.py:161} INFO - Started process (PID=1406) to work on /home/airflow/.local/lib/python3.12/site-packages/airflow/example_dags/example_branch_day_of_week_operator.py
[2025-05-01T11:43:03.880+0000] {processor.py:830} INFO - Processing file /home/airflow/.local/lib/python3.12/site-packages/airflow/example_dags/example_branch_day_of_week_operator.py for tasks to queue
[2025-05-01T11:43:03.886+0000] {logging_mixin.py:188} INFO - [2025-05-01T11:43:03.885+0000] {dagbag.py:545} INFO - Filling up the DagBag from /home/airflow/.local/lib/python3.12/site-packages/airflow/example_dags/example_branch_day_of_week_operator.py
[2025-05-01T11:43:03.908+0000] {processor.py:840} INFO - DAG(s) 'example_weekday_branch_operator' retrieved from /home/airflow/.local/lib/python3.12/site-packages/airflow/example_dags/example_branch_day_of_week_operator.py
[2025-05-01T11:43:03.972+0000] {logging_mixin.py:188} INFO - [2025-05-01T11:43:03.971+0000] {dag.py:3096} INFO - Sync 1 DAGs
[2025-05-01T11:43:04.023+0000] {logging_mixin.py:188} INFO - [2025-05-01T11:43:04.022+0000] {dag.py:3954} INFO - Setting next_dagrun for example_weekday_branch_operator to 2025-04-30 00:00:00+00:00, run_after=2025-05-01 00:00:00+00:00
[2025-05-01T11:43:04.070+0000] {processor.py:183} INFO - Processing /home/airflow/.local/lib/python3.12/site-packages/airflow/example_dags/example_branch_day_of_week_operator.py took 0.210 seconds
[2025-05-01T11:43:34.449+0000] {processor.py:161} INFO - Started process (PID=1465) to work on /home/airflow/.local/lib/python3.12/site-packages/airflow/example_dags/example_branch_day_of_week_operator.py
[2025-05-01T11:43:34.451+0000] {processor.py:830} INFO - Processing file /home/airflow/.local/lib/python3.12/site-packages/airflow/example_dags/example_branch_day_of_week_operator.py for tasks to queue
[2025-05-01T11:43:34.455+0000] {logging_mixin.py:188} INFO - [2025-05-01T11:43:34.455+0000] {dagbag.py:545} INFO - Filling up the DagBag from /home/airflow/.local/lib/python3.12/site-packages/airflow/example_dags/example_branch_day_of_week_operator.py
[2025-05-01T11:43:34.472+0000] {processor.py:840} INFO - DAG(s) 'example_weekday_branch_operator' retrieved from /home/airflow/.local/lib/python3.12/site-packages/airflow/example_dags/example_branch_day_of_week_operator.py
[2025-05-01T11:43:34.524+0000] {logging_mixin.py:188} INFO - [2025-05-01T11:43:34.523+0000] {dag.py:3096} INFO - Sync 1 DAGs
[2025-05-01T11:43:34.581+0000] {logging_mixin.py:188} INFO - [2025-05-01T11:43:34.581+0000] {dag.py:3954} INFO - Setting next_dagrun for example_weekday_branch_operator to 2025-04-30 00:00:00+00:00, run_after=2025-05-01 00:00:00+00:00
[2025-05-01T11:43:34.633+0000] {processor.py:183} INFO - Processing /home/airflow/.local/lib/python3.12/site-packages/airflow/example_dags/example_branch_day_of_week_operator.py took 0.196 seconds
[2025-05-01T11:44:05.080+0000] {processor.py:161} INFO - Started process (PID=1524) to work on /home/airflow/.local/lib/python3.12/site-packages/airflow/example_dags/example_branch_day_of_week_operator.py
[2025-05-01T11:44:05.083+0000] {processor.py:830} INFO - Processing file /home/airflow/.local/lib/python3.12/site-packages/airflow/example_dags/example_branch_day_of_week_operator.py for tasks to queue
[2025-05-01T11:44:05.088+0000] {logging_mixin.py:188} INFO - [2025-05-01T11:44:05.087+0000] {dagbag.py:545} INFO - Filling up the DagBag from /home/airflow/.local/lib/python3.12/site-packages/airflow/example_dags/example_branch_day_of_week_operator.py
[2025-05-01T11:44:05.109+0000] {processor.py:840} INFO - DAG(s) 'example_weekday_branch_operator' retrieved from /home/airflow/.local/lib/python3.12/site-packages/airflow/example_dags/example_branch_day_of_week_operator.py
[2025-05-01T11:44:05.169+0000] {logging_mixin.py:188} INFO - [2025-05-01T11:44:05.168+0000] {dag.py:3096} INFO - Sync 1 DAGs
[2025-05-01T11:44:05.235+0000] {logging_mixin.py:188} INFO - [2025-05-01T11:44:05.235+0000] {dag.py:3954} INFO - Setting next_dagrun for example_weekday_branch_operator to 2025-04-30 00:00:00+00:00, run_after=2025-05-01 00:00:00+00:00
[2025-05-01T11:44:05.285+0000] {processor.py:183} INFO - Processing /home/airflow/.local/lib/python3.12/site-packages/airflow/example_dags/example_branch_day_of_week_operator.py took 0.222 seconds
[2025-05-01T11:44:35.681+0000] {processor.py:161} INFO - Started process (PID=1583) to work on /home/airflow/.local/lib/python3.12/site-packages/airflow/example_dags/example_branch_day_of_week_operator.py
[2025-05-01T11:44:35.683+0000] {processor.py:830} INFO - Processing file /home/airflow/.local/lib/python3.12/site-packages/airflow/example_dags/example_branch_day_of_week_operator.py for tasks to queue
[2025-05-01T11:44:35.687+0000] {logging_mixin.py:188} INFO - [2025-05-01T11:44:35.687+0000] {dagbag.py:545} INFO - Filling up the DagBag from /home/airflow/.local/lib/python3.12/site-packages/airflow/example_dags/example_branch_day_of_week_operator.py
[2025-05-01T11:44:35.708+0000] {processor.py:840} INFO - DAG(s) 'example_weekday_branch_operator' retrieved from /home/airflow/.local/lib/python3.12/site-packages/airflow/example_dags/example_branch_day_of_week_operator.py
[2025-05-01T11:44:35.755+0000] {logging_mixin.py:188} INFO - [2025-05-01T11:44:35.754+0000] {dag.py:3096} INFO - Sync 1 DAGs
[2025-05-01T11:44:35.804+0000] {logging_mixin.py:188} INFO - [2025-05-01T11:44:35.803+0000] {dag.py:3954} INFO - Setting next_dagrun for example_weekday_branch_operator to 2025-04-30 00:00:00+00:00, run_after=2025-05-01 00:00:00+00:00
[2025-05-01T11:44:35.848+0000] {processor.py:183} INFO - Processing /home/airflow/.local/lib/python3.12/site-packages/airflow/example_dags/example_branch_day_of_week_operator.py took 0.180 seconds
[2025-05-01T11:45:06.370+0000] {processor.py:161} INFO - Started process (PID=1642) to work on /home/airflow/.local/lib/python3.12/site-packages/airflow/example_dags/example_branch_day_of_week_operator.py
[2025-05-01T11:45:06.373+0000] {processor.py:830} INFO - Processing file /home/airflow/.local/lib/python3.12/site-packages/airflow/example_dags/example_branch_day_of_week_operator.py for tasks to queue
[2025-05-01T11:45:06.378+0000] {logging_mixin.py:188} INFO - [2025-05-01T11:45:06.377+0000] {dagbag.py:545} INFO - Filling up the DagBag from /home/airflow/.local/lib/python3.12/site-packages/airflow/example_dags/example_branch_day_of_week_operator.py
[2025-05-01T11:45:06.403+0000] {processor.py:840} INFO - DAG(s) 'example_weekday_branch_operator' retrieved from /home/airflow/.local/lib/python3.12/site-packages/airflow/example_dags/example_branch_day_of_week_operator.py
[2025-05-01T11:45:06.473+0000] {logging_mixin.py:188} INFO - [2025-05-01T11:45:06.472+0000] {dag.py:3096} INFO - Sync 1 DAGs
[2025-05-01T11:45:06.544+0000] {logging_mixin.py:188} INFO - [2025-05-01T11:45:06.543+0000] {dag.py:3954} INFO - Setting next_dagrun for example_weekday_branch_operator to 2025-04-30 00:00:00+00:00, run_after=2025-05-01 00:00:00+00:00
[2025-05-01T11:45:06.601+0000] {processor.py:183} INFO - Processing /home/airflow/.local/lib/python3.12/site-packages/airflow/example_dags/example_branch_day_of_week_operator.py took 0.246 seconds
[2025-05-01T11:45:37.209+0000] {processor.py:161} INFO - Started process (PID=1701) to work on /home/airflow/.local/lib/python3.12/site-packages/airflow/example_dags/example_branch_day_of_week_operator.py
[2025-05-01T11:45:37.211+0000] {processor.py:830} INFO - Processing file /home/airflow/.local/lib/python3.12/site-packages/airflow/example_dags/example_branch_day_of_week_operator.py for tasks to queue
[2025-05-01T11:45:37.215+0000] {logging_mixin.py:188} INFO - [2025-05-01T11:45:37.214+0000] {dagbag.py:545} INFO - Filling up the DagBag from /home/airflow/.local/lib/python3.12/site-packages/airflow/example_dags/example_branch_day_of_week_operator.py
[2025-05-01T11:45:37.231+0000] {processor.py:840} INFO - DAG(s) 'example_weekday_branch_operator' retrieved from /home/airflow/.local/lib/python3.12/site-packages/airflow/example_dags/example_branch_day_of_week_operator.py
[2025-05-01T11:45:37.277+0000] {logging_mixin.py:188} INFO - [2025-05-01T11:45:37.276+0000] {dag.py:3096} INFO - Sync 1 DAGs
[2025-05-01T11:45:37.330+0000] {logging_mixin.py:188} INFO - [2025-05-01T11:45:37.330+0000] {dag.py:3954} INFO - Setting next_dagrun for example_weekday_branch_operator to 2025-04-30 00:00:00+00:00, run_after=2025-05-01 00:00:00+00:00
[2025-05-01T11:45:37.413+0000] {processor.py:183} INFO - Processing /home/airflow/.local/lib/python3.12/site-packages/airflow/example_dags/example_branch_day_of_week_operator.py took 0.216 seconds
[2025-05-01T11:46:07.720+0000] {processor.py:161} INFO - Started process (PID=1760) to work on /home/airflow/.local/lib/python3.12/site-packages/airflow/example_dags/example_branch_day_of_week_operator.py
[2025-05-01T11:46:07.723+0000] {processor.py:830} INFO - Processing file /home/airflow/.local/lib/python3.12/site-packages/airflow/example_dags/example_branch_day_of_week_operator.py for tasks to queue
[2025-05-01T11:46:07.727+0000] {logging_mixin.py:188} INFO - [2025-05-01T11:46:07.727+0000] {dagbag.py:545} INFO - Filling up the DagBag from /home/airflow/.local/lib/python3.12/site-packages/airflow/example_dags/example_branch_day_of_week_operator.py
[2025-05-01T11:46:07.744+0000] {processor.py:840} INFO - DAG(s) 'example_weekday_branch_operator' retrieved from /home/airflow/.local/lib/python3.12/site-packages/airflow/example_dags/example_branch_day_of_week_operator.py
[2025-05-01T11:46:07.794+0000] {logging_mixin.py:188} INFO - [2025-05-01T11:46:07.793+0000] {dag.py:3096} INFO - Sync 1 DAGs
[2025-05-01T11:46:07.844+0000] {logging_mixin.py:188} INFO - [2025-05-01T11:46:07.844+0000] {dag.py:3954} INFO - Setting next_dagrun for example_weekday_branch_operator to 2025-04-30 00:00:00+00:00, run_after=2025-05-01 00:00:00+00:00
[2025-05-01T11:46:07.888+0000] {processor.py:183} INFO - Processing /home/airflow/.local/lib/python3.12/site-packages/airflow/example_dags/example_branch_day_of_week_operator.py took 0.179 seconds
[2025-05-01T11:46:39.117+0000] {processor.py:161} INFO - Started process (PID=1819) to work on /home/airflow/.local/lib/python3.12/site-packages/airflow/example_dags/example_branch_day_of_week_operator.py
[2025-05-01T11:46:39.119+0000] {processor.py:830} INFO - Processing file /home/airflow/.local/lib/python3.12/site-packages/airflow/example_dags/example_branch_day_of_week_operator.py for tasks to queue
[2025-05-01T11:46:39.124+0000] {logging_mixin.py:188} INFO - [2025-05-01T11:46:39.123+0000] {dagbag.py:545} INFO - Filling up the DagBag from /home/airflow/.local/lib/python3.12/site-packages/airflow/example_dags/example_branch_day_of_week_operator.py
[2025-05-01T11:46:39.147+0000] {processor.py:840} INFO - DAG(s) 'example_weekday_branch_operator' retrieved from /home/airflow/.local/lib/python3.12/site-packages/airflow/example_dags/example_branch_day_of_week_operator.py
[2025-05-01T11:46:39.200+0000] {logging_mixin.py:188} INFO - [2025-05-01T11:46:39.200+0000] {dag.py:3096} INFO - Sync 1 DAGs
[2025-05-01T11:46:39.264+0000] {logging_mixin.py:188} INFO - [2025-05-01T11:46:39.263+0000] {dag.py:3954} INFO - Setting next_dagrun for example_weekday_branch_operator to 2025-04-30 00:00:00+00:00, run_after=2025-05-01 00:00:00+00:00
[2025-05-01T11:46:39.346+0000] {processor.py:183} INFO - Processing /home/airflow/.local/lib/python3.12/site-packages/airflow/example_dags/example_branch_day_of_week_operator.py took 0.240 seconds
[2025-05-01T11:47:09.619+0000] {processor.py:161} INFO - Started process (PID=1878) to work on /home/airflow/.local/lib/python3.12/site-packages/airflow/example_dags/example_branch_day_of_week_operator.py
[2025-05-01T11:47:09.623+0000] {processor.py:830} INFO - Processing file /home/airflow/.local/lib/python3.12/site-packages/airflow/example_dags/example_branch_day_of_week_operator.py for tasks to queue
[2025-05-01T11:47:09.629+0000] {logging_mixin.py:188} INFO - [2025-05-01T11:47:09.628+0000] {dagbag.py:545} INFO - Filling up the DagBag from /home/airflow/.local/lib/python3.12/site-packages/airflow/example_dags/example_branch_day_of_week_operator.py
[2025-05-01T11:47:09.652+0000] {processor.py:840} INFO - DAG(s) 'example_weekday_branch_operator' retrieved from /home/airflow/.local/lib/python3.12/site-packages/airflow/example_dags/example_branch_day_of_week_operator.py
[2025-05-01T11:47:09.719+0000] {logging_mixin.py:188} INFO - [2025-05-01T11:47:09.718+0000] {dag.py:3096} INFO - Sync 1 DAGs
[2025-05-01T11:47:09.781+0000] {logging_mixin.py:188} INFO - [2025-05-01T11:47:09.780+0000] {dag.py:3954} INFO - Setting next_dagrun for example_weekday_branch_operator to 2025-04-30 00:00:00+00:00, run_after=2025-05-01 00:00:00+00:00
[2025-05-01T11:47:09.877+0000] {processor.py:183} INFO - Processing /home/airflow/.local/lib/python3.12/site-packages/airflow/example_dags/example_branch_day_of_week_operator.py took 0.274 seconds
[2025-05-01T11:47:40.583+0000] {processor.py:161} INFO - Started process (PID=1937) to work on /home/airflow/.local/lib/python3.12/site-packages/airflow/example_dags/example_branch_day_of_week_operator.py
[2025-05-01T11:47:40.585+0000] {processor.py:830} INFO - Processing file /home/airflow/.local/lib/python3.12/site-packages/airflow/example_dags/example_branch_day_of_week_operator.py for tasks to queue
[2025-05-01T11:47:40.590+0000] {logging_mixin.py:188} INFO - [2025-05-01T11:47:40.589+0000] {dagbag.py:545} INFO - Filling up the DagBag from /home/airflow/.local/lib/python3.12/site-packages/airflow/example_dags/example_branch_day_of_week_operator.py
[2025-05-01T11:47:40.604+0000] {processor.py:840} INFO - DAG(s) 'example_weekday_branch_operator' retrieved from /home/airflow/.local/lib/python3.12/site-packages/airflow/example_dags/example_branch_day_of_week_operator.py
[2025-05-01T11:47:40.651+0000] {logging_mixin.py:188} INFO - [2025-05-01T11:47:40.650+0000] {dag.py:3096} INFO - Sync 1 DAGs
[2025-05-01T11:47:40.699+0000] {logging_mixin.py:188} INFO - [2025-05-01T11:47:40.698+0000] {dag.py:3954} INFO - Setting next_dagrun for example_weekday_branch_operator to 2025-04-30 00:00:00+00:00, run_after=2025-05-01 00:00:00+00:00
[2025-05-01T11:47:40.742+0000] {processor.py:183} INFO - Processing /home/airflow/.local/lib/python3.12/site-packages/airflow/example_dags/example_branch_day_of_week_operator.py took 0.172 seconds
[2025-05-01T11:48:11.171+0000] {processor.py:161} INFO - Started process (PID=1996) to work on /home/airflow/.local/lib/python3.12/site-packages/airflow/example_dags/example_branch_day_of_week_operator.py
[2025-05-01T11:48:11.173+0000] {processor.py:830} INFO - Processing file /home/airflow/.local/lib/python3.12/site-packages/airflow/example_dags/example_branch_day_of_week_operator.py for tasks to queue
[2025-05-01T11:48:11.179+0000] {logging_mixin.py:188} INFO - [2025-05-01T11:48:11.178+0000] {dagbag.py:545} INFO - Filling up the DagBag from /home/airflow/.local/lib/python3.12/site-packages/airflow/example_dags/example_branch_day_of_week_operator.py
[2025-05-01T11:48:11.201+0000] {processor.py:840} INFO - DAG(s) 'example_weekday_branch_operator' retrieved from /home/airflow/.local/lib/python3.12/site-packages/airflow/example_dags/example_branch_day_of_week_operator.py
[2025-05-01T11:48:11.263+0000] {logging_mixin.py:188} INFO - [2025-05-01T11:48:11.263+0000] {dag.py:3096} INFO - Sync 1 DAGs
[2025-05-01T11:48:11.333+0000] {logging_mixin.py:188} INFO - [2025-05-01T11:48:11.333+0000] {dag.py:3954} INFO - Setting next_dagrun for example_weekday_branch_operator to 2025-04-30 00:00:00+00:00, run_after=2025-05-01 00:00:00+00:00
[2025-05-01T11:48:11.429+0000] {processor.py:183} INFO - Processing /home/airflow/.local/lib/python3.12/site-packages/airflow/example_dags/example_branch_day_of_week_operator.py took 0.275 seconds
[2025-05-01T11:48:42.388+0000] {processor.py:161} INFO - Started process (PID=2055) to work on /home/airflow/.local/lib/python3.12/site-packages/airflow/example_dags/example_branch_day_of_week_operator.py
[2025-05-01T11:48:42.390+0000] {processor.py:830} INFO - Processing file /home/airflow/.local/lib/python3.12/site-packages/airflow/example_dags/example_branch_day_of_week_operator.py for tasks to queue
[2025-05-01T11:48:42.394+0000] {logging_mixin.py:188} INFO - [2025-05-01T11:48:42.393+0000] {dagbag.py:545} INFO - Filling up the DagBag from /home/airflow/.local/lib/python3.12/site-packages/airflow/example_dags/example_branch_day_of_week_operator.py
[2025-05-01T11:48:42.410+0000] {processor.py:840} INFO - DAG(s) 'example_weekday_branch_operator' retrieved from /home/airflow/.local/lib/python3.12/site-packages/airflow/example_dags/example_branch_day_of_week_operator.py
[2025-05-01T11:48:42.460+0000] {logging_mixin.py:188} INFO - [2025-05-01T11:48:42.459+0000] {dag.py:3096} INFO - Sync 1 DAGs
[2025-05-01T11:48:42.761+0000] {logging_mixin.py:188} INFO - [2025-05-01T11:48:42.760+0000] {dag.py:3954} INFO - Setting next_dagrun for example_weekday_branch_operator to 2025-04-30 00:00:00+00:00, run_after=2025-05-01 00:00:00+00:00
[2025-05-01T11:48:42.850+0000] {processor.py:183} INFO - Processing /home/airflow/.local/lib/python3.12/site-packages/airflow/example_dags/example_branch_day_of_week_operator.py took 0.474 seconds
[2025-05-01T11:49:13.187+0000] {processor.py:161} INFO - Started process (PID=2115) to work on /home/airflow/.local/lib/python3.12/site-packages/airflow/example_dags/example_branch_day_of_week_operator.py
[2025-05-01T11:49:13.190+0000] {processor.py:830} INFO - Processing file /home/airflow/.local/lib/python3.12/site-packages/airflow/example_dags/example_branch_day_of_week_operator.py for tasks to queue
[2025-05-01T11:49:13.195+0000] {logging_mixin.py:188} INFO - [2025-05-01T11:49:13.194+0000] {dagbag.py:545} INFO - Filling up the DagBag from /home/airflow/.local/lib/python3.12/site-packages/airflow/example_dags/example_branch_day_of_week_operator.py
[2025-05-01T11:49:13.214+0000] {processor.py:840} INFO - DAG(s) 'example_weekday_branch_operator' retrieved from /home/airflow/.local/lib/python3.12/site-packages/airflow/example_dags/example_branch_day_of_week_operator.py
[2025-05-01T11:49:13.264+0000] {logging_mixin.py:188} INFO - [2025-05-01T11:49:13.263+0000] {dag.py:3096} INFO - Sync 1 DAGs
[2025-05-01T11:49:13.332+0000] {logging_mixin.py:188} INFO - [2025-05-01T11:49:13.331+0000] {dag.py:3954} INFO - Setting next_dagrun for example_weekday_branch_operator to 2025-04-30 00:00:00+00:00, run_after=2025-05-01 00:00:00+00:00
[2025-05-01T11:49:13.710+0000] {processor.py:183} INFO - Processing /home/airflow/.local/lib/python3.12/site-packages/airflow/example_dags/example_branch_day_of_week_operator.py took 0.537 seconds
[2025-05-01T11:49:44.474+0000] {processor.py:161} INFO - Started process (PID=2174) to work on /home/airflow/.local/lib/python3.12/site-packages/airflow/example_dags/example_branch_day_of_week_operator.py
[2025-05-01T11:49:44.476+0000] {processor.py:830} INFO - Processing file /home/airflow/.local/lib/python3.12/site-packages/airflow/example_dags/example_branch_day_of_week_operator.py for tasks to queue
[2025-05-01T11:49:44.480+0000] {logging_mixin.py:188} INFO - [2025-05-01T11:49:44.479+0000] {dagbag.py:545} INFO - Filling up the DagBag from /home/airflow/.local/lib/python3.12/site-packages/airflow/example_dags/example_branch_day_of_week_operator.py
[2025-05-01T11:49:44.495+0000] {processor.py:840} INFO - DAG(s) 'example_weekday_branch_operator' retrieved from /home/airflow/.local/lib/python3.12/site-packages/airflow/example_dags/example_branch_day_of_week_operator.py
[2025-05-01T11:49:44.542+0000] {logging_mixin.py:188} INFO - [2025-05-01T11:49:44.541+0000] {dag.py:3096} INFO - Sync 1 DAGs
[2025-05-01T11:49:44.594+0000] {logging_mixin.py:188} INFO - [2025-05-01T11:49:44.594+0000] {dag.py:3954} INFO - Setting next_dagrun for example_weekday_branch_operator to 2025-04-30 00:00:00+00:00, run_after=2025-05-01 00:00:00+00:00
[2025-05-01T11:49:44.644+0000] {processor.py:183} INFO - Processing /home/airflow/.local/lib/python3.12/site-packages/airflow/example_dags/example_branch_day_of_week_operator.py took 0.181 seconds
[2025-05-01T11:50:15.131+0000] {processor.py:161} INFO - Started process (PID=2233) to work on /home/airflow/.local/lib/python3.12/site-packages/airflow/example_dags/example_branch_day_of_week_operator.py
[2025-05-01T11:50:15.133+0000] {processor.py:830} INFO - Processing file /home/airflow/.local/lib/python3.12/site-packages/airflow/example_dags/example_branch_day_of_week_operator.py for tasks to queue
[2025-05-01T11:50:15.138+0000] {logging_mixin.py:188} INFO - [2025-05-01T11:50:15.137+0000] {dagbag.py:545} INFO - Filling up the DagBag from /home/airflow/.local/lib/python3.12/site-packages/airflow/example_dags/example_branch_day_of_week_operator.py
[2025-05-01T11:50:15.156+0000] {processor.py:840} INFO - DAG(s) 'example_weekday_branch_operator' retrieved from /home/airflow/.local/lib/python3.12/site-packages/airflow/example_dags/example_branch_day_of_week_operator.py
[2025-05-01T11:50:15.206+0000] {logging_mixin.py:188} INFO - [2025-05-01T11:50:15.205+0000] {dag.py:3096} INFO - Sync 1 DAGs
[2025-05-01T11:50:15.260+0000] {logging_mixin.py:188} INFO - [2025-05-01T11:50:15.259+0000] {dag.py:3954} INFO - Setting next_dagrun for example_weekday_branch_operator to 2025-04-30 00:00:00+00:00, run_after=2025-05-01 00:00:00+00:00
[2025-05-01T11:50:15.347+0000] {processor.py:183} INFO - Processing /home/airflow/.local/lib/python3.12/site-packages/airflow/example_dags/example_branch_day_of_week_operator.py took 0.227 seconds
[2025-05-01T11:50:46.254+0000] {processor.py:161} INFO - Started process (PID=2292) to work on /home/airflow/.local/lib/python3.12/site-packages/airflow/example_dags/example_branch_day_of_week_operator.py
[2025-05-01T11:50:46.256+0000] {processor.py:830} INFO - Processing file /home/airflow/.local/lib/python3.12/site-packages/airflow/example_dags/example_branch_day_of_week_operator.py for tasks to queue
[2025-05-01T11:50:46.260+0000] {logging_mixin.py:188} INFO - [2025-05-01T11:50:46.260+0000] {dagbag.py:545} INFO - Filling up the DagBag from /home/airflow/.local/lib/python3.12/site-packages/airflow/example_dags/example_branch_day_of_week_operator.py
[2025-05-01T11:50:46.278+0000] {processor.py:840} INFO - DAG(s) 'example_weekday_branch_operator' retrieved from /home/airflow/.local/lib/python3.12/site-packages/airflow/example_dags/example_branch_day_of_week_operator.py
[2025-05-01T11:50:46.333+0000] {logging_mixin.py:188} INFO - [2025-05-01T11:50:46.332+0000] {dag.py:3096} INFO - Sync 1 DAGs
[2025-05-01T11:50:46.391+0000] {logging_mixin.py:188} INFO - [2025-05-01T11:50:46.390+0000] {dag.py:3954} INFO - Setting next_dagrun for example_weekday_branch_operator to 2025-04-30 00:00:00+00:00, run_after=2025-05-01 00:00:00+00:00
[2025-05-01T11:50:46.477+0000] {processor.py:183} INFO - Processing /home/airflow/.local/lib/python3.12/site-packages/airflow/example_dags/example_branch_day_of_week_operator.py took 0.235 seconds
[2025-05-01T11:51:16.847+0000] {processor.py:161} INFO - Started process (PID=2351) to work on /home/airflow/.local/lib/python3.12/site-packages/airflow/example_dags/example_branch_day_of_week_operator.py
[2025-05-01T11:51:16.850+0000] {processor.py:830} INFO - Processing file /home/airflow/.local/lib/python3.12/site-packages/airflow/example_dags/example_branch_day_of_week_operator.py for tasks to queue
[2025-05-01T11:51:16.855+0000] {logging_mixin.py:188} INFO - [2025-05-01T11:51:16.854+0000] {dagbag.py:545} INFO - Filling up the DagBag from /home/airflow/.local/lib/python3.12/site-packages/airflow/example_dags/example_branch_day_of_week_operator.py
[2025-05-01T11:51:16.876+0000] {processor.py:840} INFO - DAG(s) 'example_weekday_branch_operator' retrieved from /home/airflow/.local/lib/python3.12/site-packages/airflow/example_dags/example_branch_day_of_week_operator.py
[2025-05-01T11:51:16.934+0000] {logging_mixin.py:188} INFO - [2025-05-01T11:51:16.934+0000] {dag.py:3096} INFO - Sync 1 DAGs
[2025-05-01T11:51:16.987+0000] {logging_mixin.py:188} INFO - [2025-05-01T11:51:16.986+0000] {dag.py:3954} INFO - Setting next_dagrun for example_weekday_branch_operator to 2025-04-30 00:00:00+00:00, run_after=2025-05-01 00:00:00+00:00
[2025-05-01T11:51:17.091+0000] {processor.py:183} INFO - Processing /home/airflow/.local/lib/python3.12/site-packages/airflow/example_dags/example_branch_day_of_week_operator.py took 0.261 seconds
[2025-05-01T11:51:47.689+0000] {processor.py:161} INFO - Started process (PID=2410) to work on /home/airflow/.local/lib/python3.12/site-packages/airflow/example_dags/example_branch_day_of_week_operator.py
[2025-05-01T11:51:47.691+0000] {processor.py:830} INFO - Processing file /home/airflow/.local/lib/python3.12/site-packages/airflow/example_dags/example_branch_day_of_week_operator.py for tasks to queue
[2025-05-01T11:51:47.696+0000] {logging_mixin.py:188} INFO - [2025-05-01T11:51:47.695+0000] {dagbag.py:545} INFO - Filling up the DagBag from /home/airflow/.local/lib/python3.12/site-packages/airflow/example_dags/example_branch_day_of_week_operator.py
[2025-05-01T11:51:47.711+0000] {processor.py:840} INFO - DAG(s) 'example_weekday_branch_operator' retrieved from /home/airflow/.local/lib/python3.12/site-packages/airflow/example_dags/example_branch_day_of_week_operator.py
[2025-05-01T11:51:47.784+0000] {logging_mixin.py:188} INFO - [2025-05-01T11:51:47.783+0000] {dag.py:3096} INFO - Sync 1 DAGs
[2025-05-01T11:51:47.843+0000] {logging_mixin.py:188} INFO - [2025-05-01T11:51:47.843+0000] {dag.py:3954} INFO - Setting next_dagrun for example_weekday_branch_operator to 2025-04-30 00:00:00+00:00, run_after=2025-05-01 00:00:00+00:00
[2025-05-01T11:51:47.907+0000] {processor.py:183} INFO - Processing /home/airflow/.local/lib/python3.12/site-packages/airflow/example_dags/example_branch_day_of_week_operator.py took 0.230 seconds
[2025-05-01T11:52:18.984+0000] {processor.py:161} INFO - Started process (PID=2469) to work on /home/airflow/.local/lib/python3.12/site-packages/airflow/example_dags/example_branch_day_of_week_operator.py
[2025-05-01T11:52:18.986+0000] {processor.py:830} INFO - Processing file /home/airflow/.local/lib/python3.12/site-packages/airflow/example_dags/example_branch_day_of_week_operator.py for tasks to queue
[2025-05-01T11:52:18.992+0000] {logging_mixin.py:188} INFO - [2025-05-01T11:52:18.990+0000] {dagbag.py:545} INFO - Filling up the DagBag from /home/airflow/.local/lib/python3.12/site-packages/airflow/example_dags/example_branch_day_of_week_operator.py
[2025-05-01T11:52:19.015+0000] {processor.py:840} INFO - DAG(s) 'example_weekday_branch_operator' retrieved from /home/airflow/.local/lib/python3.12/site-packages/airflow/example_dags/example_branch_day_of_week_operator.py
[2025-05-01T11:52:19.084+0000] {logging_mixin.py:188} INFO - [2025-05-01T11:52:19.083+0000] {dag.py:3096} INFO - Sync 1 DAGs
[2025-05-01T11:52:19.164+0000] {logging_mixin.py:188} INFO - [2025-05-01T11:52:19.164+0000] {dag.py:3954} INFO - Setting next_dagrun for example_weekday_branch_operator to 2025-04-30 00:00:00+00:00, run_after=2025-05-01 00:00:00+00:00
[2025-05-01T11:52:19.265+0000] {processor.py:183} INFO - Processing /home/airflow/.local/lib/python3.12/site-packages/airflow/example_dags/example_branch_day_of_week_operator.py took 0.298 seconds
[2025-05-01T11:52:49.588+0000] {processor.py:161} INFO - Started process (PID=2528) to work on /home/airflow/.local/lib/python3.12/site-packages/airflow/example_dags/example_branch_day_of_week_operator.py
[2025-05-01T11:52:49.590+0000] {processor.py:830} INFO - Processing file /home/airflow/.local/lib/python3.12/site-packages/airflow/example_dags/example_branch_day_of_week_operator.py for tasks to queue
[2025-05-01T11:52:49.594+0000] {logging_mixin.py:188} INFO - [2025-05-01T11:52:49.594+0000] {dagbag.py:545} INFO - Filling up the DagBag from /home/airflow/.local/lib/python3.12/site-packages/airflow/example_dags/example_branch_day_of_week_operator.py
[2025-05-01T11:52:49.610+0000] {processor.py:840} INFO - DAG(s) 'example_weekday_branch_operator' retrieved from /home/airflow/.local/lib/python3.12/site-packages/airflow/example_dags/example_branch_day_of_week_operator.py
[2025-05-01T11:52:49.655+0000] {logging_mixin.py:188} INFO - [2025-05-01T11:52:49.654+0000] {dag.py:3096} INFO - Sync 1 DAGs
[2025-05-01T11:52:49.712+0000] {logging_mixin.py:188} INFO - [2025-05-01T11:52:49.712+0000] {dag.py:3954} INFO - Setting next_dagrun for example_weekday_branch_operator to 2025-04-30 00:00:00+00:00, run_after=2025-05-01 00:00:00+00:00
[2025-05-01T11:52:49.759+0000] {processor.py:183} INFO - Processing /home/airflow/.local/lib/python3.12/site-packages/airflow/example_dags/example_branch_day_of_week_operator.py took 0.182 seconds
[2025-05-01T11:53:20.288+0000] {processor.py:161} INFO - Started process (PID=2587) to work on /home/airflow/.local/lib/python3.12/site-packages/airflow/example_dags/example_branch_day_of_week_operator.py
[2025-05-01T11:53:20.290+0000] {processor.py:830} INFO - Processing file /home/airflow/.local/lib/python3.12/site-packages/airflow/example_dags/example_branch_day_of_week_operator.py for tasks to queue
[2025-05-01T11:53:20.294+0000] {logging_mixin.py:188} INFO - [2025-05-01T11:53:20.294+0000] {dagbag.py:545} INFO - Filling up the DagBag from /home/airflow/.local/lib/python3.12/site-packages/airflow/example_dags/example_branch_day_of_week_operator.py
[2025-05-01T11:53:20.308+0000] {processor.py:840} INFO - DAG(s) 'example_weekday_branch_operator' retrieved from /home/airflow/.local/lib/python3.12/site-packages/airflow/example_dags/example_branch_day_of_week_operator.py
[2025-05-01T11:53:20.358+0000] {logging_mixin.py:188} INFO - [2025-05-01T11:53:20.358+0000] {dag.py:3096} INFO - Sync 1 DAGs
[2025-05-01T11:53:20.413+0000] {logging_mixin.py:188} INFO - [2025-05-01T11:53:20.412+0000] {dag.py:3954} INFO - Setting next_dagrun for example_weekday_branch_operator to 2025-04-30 00:00:00+00:00, run_after=2025-05-01 00:00:00+00:00
[2025-05-01T11:53:20.458+0000] {processor.py:183} INFO - Processing /home/airflow/.local/lib/python3.12/site-packages/airflow/example_dags/example_branch_day_of_week_operator.py took 0.181 seconds
[2025-05-01T11:53:50.925+0000] {processor.py:161} INFO - Started process (PID=2646) to work on /home/airflow/.local/lib/python3.12/site-packages/airflow/example_dags/example_branch_day_of_week_operator.py
[2025-05-01T11:53:50.927+0000] {processor.py:830} INFO - Processing file /home/airflow/.local/lib/python3.12/site-packages/airflow/example_dags/example_branch_day_of_week_operator.py for tasks to queue
[2025-05-01T11:53:50.931+0000] {logging_mixin.py:188} INFO - [2025-05-01T11:53:50.931+0000] {dagbag.py:545} INFO - Filling up the DagBag from /home/airflow/.local/lib/python3.12/site-packages/airflow/example_dags/example_branch_day_of_week_operator.py
[2025-05-01T11:53:50.948+0000] {processor.py:840} INFO - DAG(s) 'example_weekday_branch_operator' retrieved from /home/airflow/.local/lib/python3.12/site-packages/airflow/example_dags/example_branch_day_of_week_operator.py
[2025-05-01T11:53:50.995+0000] {logging_mixin.py:188} INFO - [2025-05-01T11:53:50.995+0000] {dag.py:3096} INFO - Sync 1 DAGs
[2025-05-01T11:53:51.052+0000] {logging_mixin.py:188} INFO - [2025-05-01T11:53:51.052+0000] {dag.py:3954} INFO - Setting next_dagrun for example_weekday_branch_operator to 2025-04-30 00:00:00+00:00, run_after=2025-05-01 00:00:00+00:00
[2025-05-01T11:53:51.097+0000] {processor.py:183} INFO - Processing /home/airflow/.local/lib/python3.12/site-packages/airflow/example_dags/example_branch_day_of_week_operator.py took 0.186 seconds
[2025-05-01T11:54:21.468+0000] {processor.py:161} INFO - Started process (PID=2705) to work on /home/airflow/.local/lib/python3.12/site-packages/airflow/example_dags/example_branch_day_of_week_operator.py
[2025-05-01T11:54:21.471+0000] {processor.py:830} INFO - Processing file /home/airflow/.local/lib/python3.12/site-packages/airflow/example_dags/example_branch_day_of_week_operator.py for tasks to queue
[2025-05-01T11:54:21.476+0000] {logging_mixin.py:188} INFO - [2025-05-01T11:54:21.475+0000] {dagbag.py:545} INFO - Filling up the DagBag from /home/airflow/.local/lib/python3.12/site-packages/airflow/example_dags/example_branch_day_of_week_operator.py
[2025-05-01T11:54:21.499+0000] {processor.py:840} INFO - DAG(s) 'example_weekday_branch_operator' retrieved from /home/airflow/.local/lib/python3.12/site-packages/airflow/example_dags/example_branch_day_of_week_operator.py
[2025-05-01T11:54:21.564+0000] {logging_mixin.py:188} INFO - [2025-05-01T11:54:21.563+0000] {dag.py:3096} INFO - Sync 1 DAGs
[2025-05-01T11:54:21.649+0000] {logging_mixin.py:188} INFO - [2025-05-01T11:54:21.648+0000] {dag.py:3954} INFO - Setting next_dagrun for example_weekday_branch_operator to 2025-04-30 00:00:00+00:00, run_after=2025-05-01 00:00:00+00:00
[2025-05-01T11:54:21.699+0000] {processor.py:183} INFO - Processing /home/airflow/.local/lib/python3.12/site-packages/airflow/example_dags/example_branch_day_of_week_operator.py took 0.246 seconds
[2025-05-01T11:54:51.912+0000] {processor.py:161} INFO - Started process (PID=2764) to work on /home/airflow/.local/lib/python3.12/site-packages/airflow/example_dags/example_branch_day_of_week_operator.py
[2025-05-01T11:54:51.914+0000] {processor.py:830} INFO - Processing file /home/airflow/.local/lib/python3.12/site-packages/airflow/example_dags/example_branch_day_of_week_operator.py for tasks to queue
[2025-05-01T11:54:51.919+0000] {logging_mixin.py:188} INFO - [2025-05-01T11:54:51.918+0000] {dagbag.py:545} INFO - Filling up the DagBag from /home/airflow/.local/lib/python3.12/site-packages/airflow/example_dags/example_branch_day_of_week_operator.py
[2025-05-01T11:54:51.941+0000] {processor.py:840} INFO - DAG(s) 'example_weekday_branch_operator' retrieved from /home/airflow/.local/lib/python3.12/site-packages/airflow/example_dags/example_branch_day_of_week_operator.py
[2025-05-01T11:54:51.994+0000] {logging_mixin.py:188} INFO - [2025-05-01T11:54:51.994+0000] {dag.py:3096} INFO - Sync 1 DAGs
[2025-05-01T11:54:52.047+0000] {logging_mixin.py:188} INFO - [2025-05-01T11:54:52.047+0000] {dag.py:3954} INFO - Setting next_dagrun for example_weekday_branch_operator to 2025-04-30 00:00:00+00:00, run_after=2025-05-01 00:00:00+00:00
[2025-05-01T11:54:52.095+0000] {processor.py:183} INFO - Processing /home/airflow/.local/lib/python3.12/site-packages/airflow/example_dags/example_branch_day_of_week_operator.py took 0.197 seconds
[2025-05-01T11:55:22.778+0000] {processor.py:161} INFO - Started process (PID=2823) to work on /home/airflow/.local/lib/python3.12/site-packages/airflow/example_dags/example_branch_day_of_week_operator.py
[2025-05-01T11:55:22.780+0000] {processor.py:830} INFO - Processing file /home/airflow/.local/lib/python3.12/site-packages/airflow/example_dags/example_branch_day_of_week_operator.py for tasks to queue
[2025-05-01T11:55:22.784+0000] {logging_mixin.py:188} INFO - [2025-05-01T11:55:22.784+0000] {dagbag.py:545} INFO - Filling up the DagBag from /home/airflow/.local/lib/python3.12/site-packages/airflow/example_dags/example_branch_day_of_week_operator.py
[2025-05-01T11:55:22.800+0000] {processor.py:840} INFO - DAG(s) 'example_weekday_branch_operator' retrieved from /home/airflow/.local/lib/python3.12/site-packages/airflow/example_dags/example_branch_day_of_week_operator.py
[2025-05-01T11:55:22.847+0000] {logging_mixin.py:188} INFO - [2025-05-01T11:55:22.846+0000] {dag.py:3096} INFO - Sync 1 DAGs
[2025-05-01T11:55:22.900+0000] {logging_mixin.py:188} INFO - [2025-05-01T11:55:22.899+0000] {dag.py:3954} INFO - Setting next_dagrun for example_weekday_branch_operator to 2025-04-30 00:00:00+00:00, run_after=2025-05-01 00:00:00+00:00
[2025-05-01T11:55:22.944+0000] {processor.py:183} INFO - Processing /home/airflow/.local/lib/python3.12/site-packages/airflow/example_dags/example_branch_day_of_week_operator.py took 0.178 seconds
[2025-05-01T11:55:53.256+0000] {processor.py:161} INFO - Started process (PID=2882) to work on /home/airflow/.local/lib/python3.12/site-packages/airflow/example_dags/example_branch_day_of_week_operator.py
[2025-05-01T11:55:53.258+0000] {processor.py:830} INFO - Processing file /home/airflow/.local/lib/python3.12/site-packages/airflow/example_dags/example_branch_day_of_week_operator.py for tasks to queue
[2025-05-01T11:55:53.262+0000] {logging_mixin.py:188} INFO - [2025-05-01T11:55:53.262+0000] {dagbag.py:545} INFO - Filling up the DagBag from /home/airflow/.local/lib/python3.12/site-packages/airflow/example_dags/example_branch_day_of_week_operator.py
[2025-05-01T11:55:53.281+0000] {processor.py:840} INFO - DAG(s) 'example_weekday_branch_operator' retrieved from /home/airflow/.local/lib/python3.12/site-packages/airflow/example_dags/example_branch_day_of_week_operator.py
[2025-05-01T11:55:53.333+0000] {logging_mixin.py:188} INFO - [2025-05-01T11:55:53.332+0000] {dag.py:3096} INFO - Sync 1 DAGs
[2025-05-01T11:55:53.386+0000] {logging_mixin.py:188} INFO - [2025-05-01T11:55:53.385+0000] {dag.py:3954} INFO - Setting next_dagrun for example_weekday_branch_operator to 2025-04-30 00:00:00+00:00, run_after=2025-05-01 00:00:00+00:00
[2025-05-01T11:55:53.473+0000] {processor.py:183} INFO - Processing /home/airflow/.local/lib/python3.12/site-packages/airflow/example_dags/example_branch_day_of_week_operator.py took 0.229 seconds
[2025-05-01T11:56:24.350+0000] {processor.py:161} INFO - Started process (PID=2941) to work on /home/airflow/.local/lib/python3.12/site-packages/airflow/example_dags/example_branch_day_of_week_operator.py
[2025-05-01T11:56:24.352+0000] {processor.py:830} INFO - Processing file /home/airflow/.local/lib/python3.12/site-packages/airflow/example_dags/example_branch_day_of_week_operator.py for tasks to queue
[2025-05-01T11:56:24.356+0000] {logging_mixin.py:188} INFO - [2025-05-01T11:56:24.356+0000] {dagbag.py:545} INFO - Filling up the DagBag from /home/airflow/.local/lib/python3.12/site-packages/airflow/example_dags/example_branch_day_of_week_operator.py
[2025-05-01T11:56:24.375+0000] {processor.py:840} INFO - DAG(s) 'example_weekday_branch_operator' retrieved from /home/airflow/.local/lib/python3.12/site-packages/airflow/example_dags/example_branch_day_of_week_operator.py
[2025-05-01T11:56:24.429+0000] {logging_mixin.py:188} INFO - [2025-05-01T11:56:24.429+0000] {dag.py:3096} INFO - Sync 1 DAGs
[2025-05-01T11:56:24.494+0000] {logging_mixin.py:188} INFO - [2025-05-01T11:56:24.493+0000] {dag.py:3954} INFO - Setting next_dagrun for example_weekday_branch_operator to 2025-04-30 00:00:00+00:00, run_after=2025-05-01 00:00:00+00:00
[2025-05-01T11:56:24.559+0000] {processor.py:183} INFO - Processing /home/airflow/.local/lib/python3.12/site-packages/airflow/example_dags/example_branch_day_of_week_operator.py took 0.222 seconds
[2025-05-01T11:56:55.013+0000] {processor.py:161} INFO - Started process (PID=3000) to work on /home/airflow/.local/lib/python3.12/site-packages/airflow/example_dags/example_branch_day_of_week_operator.py
[2025-05-01T11:56:55.016+0000] {processor.py:830} INFO - Processing file /home/airflow/.local/lib/python3.12/site-packages/airflow/example_dags/example_branch_day_of_week_operator.py for tasks to queue
[2025-05-01T11:56:55.021+0000] {logging_mixin.py:188} INFO - [2025-05-01T11:56:55.020+0000] {dagbag.py:545} INFO - Filling up the DagBag from /home/airflow/.local/lib/python3.12/site-packages/airflow/example_dags/example_branch_day_of_week_operator.py
[2025-05-01T11:56:55.044+0000] {processor.py:840} INFO - DAG(s) 'example_weekday_branch_operator' retrieved from /home/airflow/.local/lib/python3.12/site-packages/airflow/example_dags/example_branch_day_of_week_operator.py
[2025-05-01T11:56:55.137+0000] {logging_mixin.py:188} INFO - [2025-05-01T11:56:55.136+0000] {dag.py:3096} INFO - Sync 1 DAGs
[2025-05-01T11:56:55.214+0000] {logging_mixin.py:188} INFO - [2025-05-01T11:56:55.214+0000] {dag.py:3954} INFO - Setting next_dagrun for example_weekday_branch_operator to 2025-04-30 00:00:00+00:00, run_after=2025-05-01 00:00:00+00:00
[2025-05-01T11:56:55.264+0000] {processor.py:183} INFO - Processing /home/airflow/.local/lib/python3.12/site-packages/airflow/example_dags/example_branch_day_of_week_operator.py took 0.265 seconds
[2025-05-01T11:57:25.388+0000] {processor.py:161} INFO - Started process (PID=3059) to work on /home/airflow/.local/lib/python3.12/site-packages/airflow/example_dags/example_branch_day_of_week_operator.py
[2025-05-01T11:57:25.390+0000] {processor.py:830} INFO - Processing file /home/airflow/.local/lib/python3.12/site-packages/airflow/example_dags/example_branch_day_of_week_operator.py for tasks to queue
[2025-05-01T11:57:25.395+0000] {logging_mixin.py:188} INFO - [2025-05-01T11:57:25.394+0000] {dagbag.py:545} INFO - Filling up the DagBag from /home/airflow/.local/lib/python3.12/site-packages/airflow/example_dags/example_branch_day_of_week_operator.py
[2025-05-01T11:57:25.432+0000] {processor.py:840} INFO - DAG(s) 'example_weekday_branch_operator' retrieved from /home/airflow/.local/lib/python3.12/site-packages/airflow/example_dags/example_branch_day_of_week_operator.py
[2025-05-01T11:57:25.484+0000] {logging_mixin.py:188} INFO - [2025-05-01T11:57:25.484+0000] {dag.py:3096} INFO - Sync 1 DAGs
[2025-05-01T11:57:25.537+0000] {logging_mixin.py:188} INFO - [2025-05-01T11:57:25.536+0000] {dag.py:3954} INFO - Setting next_dagrun for example_weekday_branch_operator to 2025-04-30 00:00:00+00:00, run_after=2025-05-01 00:00:00+00:00
[2025-05-01T11:57:25.621+0000] {processor.py:183} INFO - Processing /home/airflow/.local/lib/python3.12/site-packages/airflow/example_dags/example_branch_day_of_week_operator.py took 0.245 seconds
[2025-05-01T11:57:55.899+0000] {processor.py:161} INFO - Started process (PID=3118) to work on /home/airflow/.local/lib/python3.12/site-packages/airflow/example_dags/example_branch_day_of_week_operator.py
[2025-05-01T11:57:55.903+0000] {processor.py:830} INFO - Processing file /home/airflow/.local/lib/python3.12/site-packages/airflow/example_dags/example_branch_day_of_week_operator.py for tasks to queue
[2025-05-01T11:57:55.908+0000] {logging_mixin.py:188} INFO - [2025-05-01T11:57:55.907+0000] {dagbag.py:545} INFO - Filling up the DagBag from /home/airflow/.local/lib/python3.12/site-packages/airflow/example_dags/example_branch_day_of_week_operator.py
[2025-05-01T11:57:55.926+0000] {processor.py:840} INFO - DAG(s) 'example_weekday_branch_operator' retrieved from /home/airflow/.local/lib/python3.12/site-packages/airflow/example_dags/example_branch_day_of_week_operator.py
[2025-05-01T11:57:55.974+0000] {logging_mixin.py:188} INFO - [2025-05-01T11:57:55.974+0000] {dag.py:3096} INFO - Sync 1 DAGs
[2025-05-01T11:57:56.027+0000] {logging_mixin.py:188} INFO - [2025-05-01T11:57:56.027+0000] {dag.py:3954} INFO - Setting next_dagrun for example_weekday_branch_operator to 2025-04-30 00:00:00+00:00, run_after=2025-05-01 00:00:00+00:00
[2025-05-01T11:57:56.114+0000] {processor.py:183} INFO - Processing /home/airflow/.local/lib/python3.12/site-packages/airflow/example_dags/example_branch_day_of_week_operator.py took 0.232 seconds
[2025-05-01T11:58:26.405+0000] {processor.py:161} INFO - Started process (PID=3177) to work on /home/airflow/.local/lib/python3.12/site-packages/airflow/example_dags/example_branch_day_of_week_operator.py
[2025-05-01T11:58:26.407+0000] {processor.py:830} INFO - Processing file /home/airflow/.local/lib/python3.12/site-packages/airflow/example_dags/example_branch_day_of_week_operator.py for tasks to queue
[2025-05-01T11:58:26.413+0000] {logging_mixin.py:188} INFO - [2025-05-01T11:58:26.412+0000] {dagbag.py:545} INFO - Filling up the DagBag from /home/airflow/.local/lib/python3.12/site-packages/airflow/example_dags/example_branch_day_of_week_operator.py
[2025-05-01T11:58:26.432+0000] {processor.py:840} INFO - DAG(s) 'example_weekday_branch_operator' retrieved from /home/airflow/.local/lib/python3.12/site-packages/airflow/example_dags/example_branch_day_of_week_operator.py
[2025-05-01T11:58:26.485+0000] {logging_mixin.py:188} INFO - [2025-05-01T11:58:26.484+0000] {dag.py:3096} INFO - Sync 1 DAGs
[2025-05-01T11:58:26.539+0000] {logging_mixin.py:188} INFO - [2025-05-01T11:58:26.538+0000] {dag.py:3954} INFO - Setting next_dagrun for example_weekday_branch_operator to 2025-04-30 00:00:00+00:00, run_after=2025-05-01 00:00:00+00:00
[2025-05-01T11:58:26.586+0000] {processor.py:183} INFO - Processing /home/airflow/.local/lib/python3.12/site-packages/airflow/example_dags/example_branch_day_of_week_operator.py took 0.198 seconds
[2025-05-01T11:58:56.663+0000] {processor.py:161} INFO - Started process (PID=3235) to work on /home/airflow/.local/lib/python3.12/site-packages/airflow/example_dags/example_branch_day_of_week_operator.py
[2025-05-01T11:58:56.665+0000] {processor.py:830} INFO - Processing file /home/airflow/.local/lib/python3.12/site-packages/airflow/example_dags/example_branch_day_of_week_operator.py for tasks to queue
[2025-05-01T11:58:56.670+0000] {logging_mixin.py:188} INFO - [2025-05-01T11:58:56.669+0000] {dagbag.py:545} INFO - Filling up the DagBag from /home/airflow/.local/lib/python3.12/site-packages/airflow/example_dags/example_branch_day_of_week_operator.py
[2025-05-01T11:58:56.686+0000] {processor.py:840} INFO - DAG(s) 'example_weekday_branch_operator' retrieved from /home/airflow/.local/lib/python3.12/site-packages/airflow/example_dags/example_branch_day_of_week_operator.py
[2025-05-01T11:58:56.739+0000] {logging_mixin.py:188} INFO - [2025-05-01T11:58:56.738+0000] {dag.py:3096} INFO - Sync 1 DAGs
[2025-05-01T11:58:56.790+0000] {logging_mixin.py:188} INFO - [2025-05-01T11:58:56.790+0000] {dag.py:3954} INFO - Setting next_dagrun for example_weekday_branch_operator to 2025-04-30 00:00:00+00:00, run_after=2025-05-01 00:00:00+00:00
[2025-05-01T11:58:56.833+0000] {processor.py:183} INFO - Processing /home/airflow/.local/lib/python3.12/site-packages/airflow/example_dags/example_branch_day_of_week_operator.py took 0.181 seconds
[2025-05-01T11:59:27.398+0000] {processor.py:161} INFO - Started process (PID=3294) to work on /home/airflow/.local/lib/python3.12/site-packages/airflow/example_dags/example_branch_day_of_week_operator.py
[2025-05-01T11:59:27.401+0000] {processor.py:830} INFO - Processing file /home/airflow/.local/lib/python3.12/site-packages/airflow/example_dags/example_branch_day_of_week_operator.py for tasks to queue
[2025-05-01T11:59:27.407+0000] {logging_mixin.py:188} INFO - [2025-05-01T11:59:27.406+0000] {dagbag.py:545} INFO - Filling up the DagBag from /home/airflow/.local/lib/python3.12/site-packages/airflow/example_dags/example_branch_day_of_week_operator.py
[2025-05-01T11:59:27.436+0000] {processor.py:840} INFO - DAG(s) 'example_weekday_branch_operator' retrieved from /home/airflow/.local/lib/python3.12/site-packages/airflow/example_dags/example_branch_day_of_week_operator.py
[2025-05-01T11:59:27.491+0000] {logging_mixin.py:188} INFO - [2025-05-01T11:59:27.490+0000] {dag.py:3096} INFO - Sync 1 DAGs
[2025-05-01T11:59:27.556+0000] {logging_mixin.py:188} INFO - [2025-05-01T11:59:27.555+0000] {dag.py:3954} INFO - Setting next_dagrun for example_weekday_branch_operator to 2025-04-30 00:00:00+00:00, run_after=2025-05-01 00:00:00+00:00
[2025-05-01T11:59:27.646+0000] {processor.py:183} INFO - Processing /home/airflow/.local/lib/python3.12/site-packages/airflow/example_dags/example_branch_day_of_week_operator.py took 0.264 seconds
[2025-05-01T11:59:58.416+0000] {processor.py:161} INFO - Started process (PID=3353) to work on /home/airflow/.local/lib/python3.12/site-packages/airflow/example_dags/example_branch_day_of_week_operator.py
[2025-05-01T11:59:58.419+0000] {processor.py:830} INFO - Processing file /home/airflow/.local/lib/python3.12/site-packages/airflow/example_dags/example_branch_day_of_week_operator.py for tasks to queue
[2025-05-01T11:59:58.423+0000] {logging_mixin.py:188} INFO - [2025-05-01T11:59:58.422+0000] {dagbag.py:545} INFO - Filling up the DagBag from /home/airflow/.local/lib/python3.12/site-packages/airflow/example_dags/example_branch_day_of_week_operator.py
[2025-05-01T11:59:58.442+0000] {processor.py:840} INFO - DAG(s) 'example_weekday_branch_operator' retrieved from /home/airflow/.local/lib/python3.12/site-packages/airflow/example_dags/example_branch_day_of_week_operator.py
[2025-05-01T11:59:58.505+0000] {logging_mixin.py:188} INFO - [2025-05-01T11:59:58.504+0000] {dag.py:3096} INFO - Sync 1 DAGs
[2025-05-01T11:59:58.583+0000] {logging_mixin.py:188} INFO - [2025-05-01T11:59:58.582+0000] {dag.py:3954} INFO - Setting next_dagrun for example_weekday_branch_operator to 2025-04-30 00:00:00+00:00, run_after=2025-05-01 00:00:00+00:00
[2025-05-01T11:59:58.640+0000] {processor.py:183} INFO - Processing /home/airflow/.local/lib/python3.12/site-packages/airflow/example_dags/example_branch_day_of_week_operator.py took 0.238 seconds
[2025-05-01T12:00:29.187+0000] {processor.py:161} INFO - Started process (PID=3411) to work on /home/airflow/.local/lib/python3.12/site-packages/airflow/example_dags/example_branch_day_of_week_operator.py
[2025-05-01T12:00:29.190+0000] {processor.py:830} INFO - Processing file /home/airflow/.local/lib/python3.12/site-packages/airflow/example_dags/example_branch_day_of_week_operator.py for tasks to queue
[2025-05-01T12:00:29.196+0000] {logging_mixin.py:188} INFO - [2025-05-01T12:00:29.195+0000] {dagbag.py:545} INFO - Filling up the DagBag from /home/airflow/.local/lib/python3.12/site-packages/airflow/example_dags/example_branch_day_of_week_operator.py
[2025-05-01T12:00:29.220+0000] {processor.py:840} INFO - DAG(s) 'example_weekday_branch_operator' retrieved from /home/airflow/.local/lib/python3.12/site-packages/airflow/example_dags/example_branch_day_of_week_operator.py
[2025-05-01T12:00:29.282+0000] {logging_mixin.py:188} INFO - [2025-05-01T12:00:29.281+0000] {dag.py:3096} INFO - Sync 1 DAGs
[2025-05-01T12:00:29.356+0000] {logging_mixin.py:188} INFO - [2025-05-01T12:00:29.355+0000] {dag.py:3954} INFO - Setting next_dagrun for example_weekday_branch_operator to 2025-04-30 00:00:00+00:00, run_after=2025-05-01 00:00:00+00:00
[2025-05-01T12:00:29.445+0000] {processor.py:183} INFO - Processing /home/airflow/.local/lib/python3.12/site-packages/airflow/example_dags/example_branch_day_of_week_operator.py took 0.276 seconds
[2025-05-01T12:01:00.645+0000] {processor.py:161} INFO - Started process (PID=3469) to work on /home/airflow/.local/lib/python3.12/site-packages/airflow/example_dags/example_branch_day_of_week_operator.py
[2025-05-01T12:01:00.647+0000] {processor.py:830} INFO - Processing file /home/airflow/.local/lib/python3.12/site-packages/airflow/example_dags/example_branch_day_of_week_operator.py for tasks to queue
[2025-05-01T12:01:00.652+0000] {logging_mixin.py:188} INFO - [2025-05-01T12:01:00.651+0000] {dagbag.py:545} INFO - Filling up the DagBag from /home/airflow/.local/lib/python3.12/site-packages/airflow/example_dags/example_branch_day_of_week_operator.py
[2025-05-01T12:01:00.667+0000] {processor.py:840} INFO - DAG(s) 'example_weekday_branch_operator' retrieved from /home/airflow/.local/lib/python3.12/site-packages/airflow/example_dags/example_branch_day_of_week_operator.py
[2025-05-01T12:01:00.722+0000] {logging_mixin.py:188} INFO - [2025-05-01T12:01:00.722+0000] {dag.py:3096} INFO - Sync 1 DAGs
[2025-05-01T12:01:00.773+0000] {logging_mixin.py:188} INFO - [2025-05-01T12:01:00.772+0000] {dag.py:3954} INFO - Setting next_dagrun for example_weekday_branch_operator to 2025-04-30 00:00:00+00:00, run_after=2025-05-01 00:00:00+00:00
[2025-05-01T12:01:00.864+0000] {processor.py:183} INFO - Processing /home/airflow/.local/lib/python3.12/site-packages/airflow/example_dags/example_branch_day_of_week_operator.py took 0.231 seconds
[2025-05-01T12:01:31.514+0000] {processor.py:161} INFO - Started process (PID=3527) to work on /home/airflow/.local/lib/python3.12/site-packages/airflow/example_dags/example_branch_day_of_week_operator.py
[2025-05-01T12:01:31.516+0000] {processor.py:830} INFO - Processing file /home/airflow/.local/lib/python3.12/site-packages/airflow/example_dags/example_branch_day_of_week_operator.py for tasks to queue
[2025-05-01T12:01:31.522+0000] {logging_mixin.py:188} INFO - [2025-05-01T12:01:31.521+0000] {dagbag.py:545} INFO - Filling up the DagBag from /home/airflow/.local/lib/python3.12/site-packages/airflow/example_dags/example_branch_day_of_week_operator.py
[2025-05-01T12:01:31.537+0000] {processor.py:840} INFO - DAG(s) 'example_weekday_branch_operator' retrieved from /home/airflow/.local/lib/python3.12/site-packages/airflow/example_dags/example_branch_day_of_week_operator.py
[2025-05-01T12:01:31.585+0000] {logging_mixin.py:188} INFO - [2025-05-01T12:01:31.584+0000] {dag.py:3096} INFO - Sync 1 DAGs
[2025-05-01T12:01:31.639+0000] {logging_mixin.py:188} INFO - [2025-05-01T12:01:31.639+0000] {dag.py:3954} INFO - Setting next_dagrun for example_weekday_branch_operator to 2025-04-30 00:00:00+00:00, run_after=2025-05-01 00:00:00+00:00
[2025-05-01T12:01:31.721+0000] {processor.py:183} INFO - Processing /home/airflow/.local/lib/python3.12/site-packages/airflow/example_dags/example_branch_day_of_week_operator.py took 0.219 seconds
[2025-05-01T12:02:01.848+0000] {processor.py:161} INFO - Started process (PID=3585) to work on /home/airflow/.local/lib/python3.12/site-packages/airflow/example_dags/example_branch_day_of_week_operator.py
[2025-05-01T12:02:01.851+0000] {processor.py:830} INFO - Processing file /home/airflow/.local/lib/python3.12/site-packages/airflow/example_dags/example_branch_day_of_week_operator.py for tasks to queue
[2025-05-01T12:02:01.856+0000] {logging_mixin.py:188} INFO - [2025-05-01T12:02:01.855+0000] {dagbag.py:545} INFO - Filling up the DagBag from /home/airflow/.local/lib/python3.12/site-packages/airflow/example_dags/example_branch_day_of_week_operator.py
[2025-05-01T12:02:01.873+0000] {processor.py:840} INFO - DAG(s) 'example_weekday_branch_operator' retrieved from /home/airflow/.local/lib/python3.12/site-packages/airflow/example_dags/example_branch_day_of_week_operator.py
[2025-05-01T12:02:01.921+0000] {logging_mixin.py:188} INFO - [2025-05-01T12:02:01.921+0000] {dag.py:3096} INFO - Sync 1 DAGs
[2025-05-01T12:02:01.973+0000] {logging_mixin.py:188} INFO - [2025-05-01T12:02:01.973+0000] {dag.py:3954} INFO - Setting next_dagrun for example_weekday_branch_operator to 2025-04-30 00:00:00+00:00, run_after=2025-05-01 00:00:00+00:00
[2025-05-01T12:02:02.021+0000] {processor.py:183} INFO - Processing /home/airflow/.local/lib/python3.12/site-packages/airflow/example_dags/example_branch_day_of_week_operator.py took 0.189 seconds
[2025-05-01T12:02:32.392+0000] {processor.py:161} INFO - Started process (PID=3644) to work on /home/airflow/.local/lib/python3.12/site-packages/airflow/example_dags/example_branch_day_of_week_operator.py
[2025-05-01T12:02:32.395+0000] {processor.py:830} INFO - Processing file /home/airflow/.local/lib/python3.12/site-packages/airflow/example_dags/example_branch_day_of_week_operator.py for tasks to queue
[2025-05-01T12:02:32.400+0000] {logging_mixin.py:188} INFO - [2025-05-01T12:02:32.399+0000] {dagbag.py:545} INFO - Filling up the DagBag from /home/airflow/.local/lib/python3.12/site-packages/airflow/example_dags/example_branch_day_of_week_operator.py
[2025-05-01T12:02:32.418+0000] {processor.py:840} INFO - DAG(s) 'example_weekday_branch_operator' retrieved from /home/airflow/.local/lib/python3.12/site-packages/airflow/example_dags/example_branch_day_of_week_operator.py
[2025-05-01T12:02:32.477+0000] {logging_mixin.py:188} INFO - [2025-05-01T12:02:32.476+0000] {dag.py:3096} INFO - Sync 1 DAGs
[2025-05-01T12:02:32.539+0000] {logging_mixin.py:188} INFO - [2025-05-01T12:02:32.538+0000] {dag.py:3954} INFO - Setting next_dagrun for example_weekday_branch_operator to 2025-04-30 00:00:00+00:00, run_after=2025-05-01 00:00:00+00:00
[2025-05-01T12:02:32.609+0000] {processor.py:183} INFO - Processing /home/airflow/.local/lib/python3.12/site-packages/airflow/example_dags/example_branch_day_of_week_operator.py took 0.233 seconds
[2025-05-01T12:03:02.971+0000] {processor.py:161} INFO - Started process (PID=3703) to work on /home/airflow/.local/lib/python3.12/site-packages/airflow/example_dags/example_branch_day_of_week_operator.py
[2025-05-01T12:03:02.976+0000] {processor.py:830} INFO - Processing file /home/airflow/.local/lib/python3.12/site-packages/airflow/example_dags/example_branch_day_of_week_operator.py for tasks to queue
[2025-05-01T12:03:02.984+0000] {logging_mixin.py:188} INFO - [2025-05-01T12:03:02.982+0000] {dagbag.py:545} INFO - Filling up the DagBag from /home/airflow/.local/lib/python3.12/site-packages/airflow/example_dags/example_branch_day_of_week_operator.py
[2025-05-01T12:03:03.059+0000] {processor.py:840} INFO - DAG(s) 'example_weekday_branch_operator' retrieved from /home/airflow/.local/lib/python3.12/site-packages/airflow/example_dags/example_branch_day_of_week_operator.py
[2025-05-01T12:03:03.175+0000] {logging_mixin.py:188} INFO - [2025-05-01T12:03:03.174+0000] {dag.py:3096} INFO - Sync 1 DAGs
[2025-05-01T12:03:03.246+0000] {logging_mixin.py:188} INFO - [2025-05-01T12:03:03.246+0000] {dag.py:3954} INFO - Setting next_dagrun for example_weekday_branch_operator to 2025-04-30 00:00:00+00:00, run_after=2025-05-01 00:00:00+00:00
[2025-05-01T12:03:03.292+0000] {processor.py:183} INFO - Processing /home/airflow/.local/lib/python3.12/site-packages/airflow/example_dags/example_branch_day_of_week_operator.py took 0.350 seconds
[2025-05-01T12:03:33.836+0000] {processor.py:161} INFO - Started process (PID=3767) to work on /home/airflow/.local/lib/python3.12/site-packages/airflow/example_dags/example_branch_day_of_week_operator.py
[2025-05-01T12:03:33.838+0000] {processor.py:830} INFO - Processing file /home/airflow/.local/lib/python3.12/site-packages/airflow/example_dags/example_branch_day_of_week_operator.py for tasks to queue
[2025-05-01T12:03:33.842+0000] {logging_mixin.py:188} INFO - [2025-05-01T12:03:33.841+0000] {dagbag.py:545} INFO - Filling up the DagBag from /home/airflow/.local/lib/python3.12/site-packages/airflow/example_dags/example_branch_day_of_week_operator.py
[2025-05-01T12:03:33.857+0000] {processor.py:840} INFO - DAG(s) 'example_weekday_branch_operator' retrieved from /home/airflow/.local/lib/python3.12/site-packages/airflow/example_dags/example_branch_day_of_week_operator.py
[2025-05-01T12:03:33.902+0000] {logging_mixin.py:188} INFO - [2025-05-01T12:03:33.902+0000] {dag.py:3096} INFO - Sync 1 DAGs
[2025-05-01T12:03:33.960+0000] {logging_mixin.py:188} INFO - [2025-05-01T12:03:33.960+0000] {dag.py:3954} INFO - Setting next_dagrun for example_weekday_branch_operator to 2025-04-30 00:00:00+00:00, run_after=2025-05-01 00:00:00+00:00
[2025-05-01T12:03:34.059+0000] {processor.py:183} INFO - Processing /home/airflow/.local/lib/python3.12/site-packages/airflow/example_dags/example_branch_day_of_week_operator.py took 0.234 seconds
[2025-05-01T12:04:04.349+0000] {processor.py:161} INFO - Started process (PID=3826) to work on /home/airflow/.local/lib/python3.12/site-packages/airflow/example_dags/example_branch_day_of_week_operator.py
[2025-05-01T12:04:04.352+0000] {processor.py:830} INFO - Processing file /home/airflow/.local/lib/python3.12/site-packages/airflow/example_dags/example_branch_day_of_week_operator.py for tasks to queue
[2025-05-01T12:04:04.356+0000] {logging_mixin.py:188} INFO - [2025-05-01T12:04:04.355+0000] {dagbag.py:545} INFO - Filling up the DagBag from /home/airflow/.local/lib/python3.12/site-packages/airflow/example_dags/example_branch_day_of_week_operator.py
[2025-05-01T12:04:04.372+0000] {processor.py:840} INFO - DAG(s) 'example_weekday_branch_operator' retrieved from /home/airflow/.local/lib/python3.12/site-packages/airflow/example_dags/example_branch_day_of_week_operator.py
[2025-05-01T12:04:04.419+0000] {logging_mixin.py:188} INFO - [2025-05-01T12:04:04.418+0000] {dag.py:3096} INFO - Sync 1 DAGs
[2025-05-01T12:04:04.471+0000] {logging_mixin.py:188} INFO - [2025-05-01T12:04:04.470+0000] {dag.py:3954} INFO - Setting next_dagrun for example_weekday_branch_operator to 2025-04-30 00:00:00+00:00, run_after=2025-05-01 00:00:00+00:00
[2025-05-01T12:04:04.557+0000] {processor.py:183} INFO - Processing /home/airflow/.local/lib/python3.12/site-packages/airflow/example_dags/example_branch_day_of_week_operator.py took 0.219 seconds
[2025-05-01T12:04:34.857+0000] {processor.py:161} INFO - Started process (PID=3885) to work on /home/airflow/.local/lib/python3.12/site-packages/airflow/example_dags/example_branch_day_of_week_operator.py
[2025-05-01T12:04:34.859+0000] {processor.py:830} INFO - Processing file /home/airflow/.local/lib/python3.12/site-packages/airflow/example_dags/example_branch_day_of_week_operator.py for tasks to queue
[2025-05-01T12:04:34.865+0000] {logging_mixin.py:188} INFO - [2025-05-01T12:04:34.864+0000] {dagbag.py:545} INFO - Filling up the DagBag from /home/airflow/.local/lib/python3.12/site-packages/airflow/example_dags/example_branch_day_of_week_operator.py
[2025-05-01T12:04:34.882+0000] {processor.py:840} INFO - DAG(s) 'example_weekday_branch_operator' retrieved from /home/airflow/.local/lib/python3.12/site-packages/airflow/example_dags/example_branch_day_of_week_operator.py
[2025-05-01T12:04:34.931+0000] {logging_mixin.py:188} INFO - [2025-05-01T12:04:34.930+0000] {dag.py:3096} INFO - Sync 1 DAGs
[2025-05-01T12:04:34.984+0000] {logging_mixin.py:188} INFO - [2025-05-01T12:04:34.984+0000] {dag.py:3954} INFO - Setting next_dagrun for example_weekday_branch_operator to 2025-04-30 00:00:00+00:00, run_after=2025-05-01 00:00:00+00:00
[2025-05-01T12:04:35.071+0000] {processor.py:183} INFO - Processing /home/airflow/.local/lib/python3.12/site-packages/airflow/example_dags/example_branch_day_of_week_operator.py took 0.227 seconds
[2025-05-01T12:05:05.341+0000] {processor.py:161} INFO - Started process (PID=3944) to work on /home/airflow/.local/lib/python3.12/site-packages/airflow/example_dags/example_branch_day_of_week_operator.py
[2025-05-01T12:05:05.344+0000] {processor.py:830} INFO - Processing file /home/airflow/.local/lib/python3.12/site-packages/airflow/example_dags/example_branch_day_of_week_operator.py for tasks to queue
[2025-05-01T12:05:05.348+0000] {logging_mixin.py:188} INFO - [2025-05-01T12:05:05.348+0000] {dagbag.py:545} INFO - Filling up the DagBag from /home/airflow/.local/lib/python3.12/site-packages/airflow/example_dags/example_branch_day_of_week_operator.py
[2025-05-01T12:05:05.365+0000] {processor.py:840} INFO - DAG(s) 'example_weekday_branch_operator' retrieved from /home/airflow/.local/lib/python3.12/site-packages/airflow/example_dags/example_branch_day_of_week_operator.py
[2025-05-01T12:05:05.416+0000] {logging_mixin.py:188} INFO - [2025-05-01T12:05:05.416+0000] {dag.py:3096} INFO - Sync 1 DAGs
[2025-05-01T12:05:05.477+0000] {logging_mixin.py:188} INFO - [2025-05-01T12:05:05.476+0000] {dag.py:3954} INFO - Setting next_dagrun for example_weekday_branch_operator to 2025-04-30 00:00:00+00:00, run_after=2025-05-01 00:00:00+00:00
[2025-05-01T12:05:05.546+0000] {processor.py:183} INFO - Processing /home/airflow/.local/lib/python3.12/site-packages/airflow/example_dags/example_branch_day_of_week_operator.py took 0.218 seconds
[2025-05-01T12:05:36.326+0000] {processor.py:161} INFO - Started process (PID=4005) to work on /home/airflow/.local/lib/python3.12/site-packages/airflow/example_dags/example_branch_day_of_week_operator.py
[2025-05-01T12:05:36.328+0000] {processor.py:830} INFO - Processing file /home/airflow/.local/lib/python3.12/site-packages/airflow/example_dags/example_branch_day_of_week_operator.py for tasks to queue
[2025-05-01T12:05:36.332+0000] {logging_mixin.py:188} INFO - [2025-05-01T12:05:36.332+0000] {dagbag.py:545} INFO - Filling up the DagBag from /home/airflow/.local/lib/python3.12/site-packages/airflow/example_dags/example_branch_day_of_week_operator.py
[2025-05-01T12:05:36.348+0000] {processor.py:840} INFO - DAG(s) 'example_weekday_branch_operator' retrieved from /home/airflow/.local/lib/python3.12/site-packages/airflow/example_dags/example_branch_day_of_week_operator.py
[2025-05-01T12:05:36.391+0000] {logging_mixin.py:188} INFO - [2025-05-01T12:05:36.391+0000] {dag.py:3096} INFO - Sync 1 DAGs
[2025-05-01T12:05:36.437+0000] {logging_mixin.py:188} INFO - [2025-05-01T12:05:36.436+0000] {dag.py:3954} INFO - Setting next_dagrun for example_weekday_branch_operator to 2025-04-30 00:00:00+00:00, run_after=2025-05-01 00:00:00+00:00
[2025-05-01T12:05:36.475+0000] {processor.py:183} INFO - Processing /home/airflow/.local/lib/python3.12/site-packages/airflow/example_dags/example_branch_day_of_week_operator.py took 0.160 seconds
[2025-05-01T12:06:07.369+0000] {processor.py:161} INFO - Started process (PID=4063) to work on /home/airflow/.local/lib/python3.12/site-packages/airflow/example_dags/example_branch_day_of_week_operator.py
[2025-05-01T12:06:07.372+0000] {processor.py:830} INFO - Processing file /home/airflow/.local/lib/python3.12/site-packages/airflow/example_dags/example_branch_day_of_week_operator.py for tasks to queue
[2025-05-01T12:06:07.376+0000] {logging_mixin.py:188} INFO - [2025-05-01T12:06:07.375+0000] {dagbag.py:545} INFO - Filling up the DagBag from /home/airflow/.local/lib/python3.12/site-packages/airflow/example_dags/example_branch_day_of_week_operator.py
[2025-05-01T12:06:07.396+0000] {processor.py:840} INFO - DAG(s) 'example_weekday_branch_operator' retrieved from /home/airflow/.local/lib/python3.12/site-packages/airflow/example_dags/example_branch_day_of_week_operator.py
[2025-05-01T12:06:07.443+0000] {logging_mixin.py:188} INFO - [2025-05-01T12:06:07.443+0000] {dag.py:3096} INFO - Sync 1 DAGs
[2025-05-01T12:06:07.501+0000] {logging_mixin.py:188} INFO - [2025-05-01T12:06:07.500+0000] {dag.py:3954} INFO - Setting next_dagrun for example_weekday_branch_operator to 2025-04-30 00:00:00+00:00, run_after=2025-05-01 00:00:00+00:00
[2025-05-01T12:06:07.590+0000] {processor.py:183} INFO - Processing /home/airflow/.local/lib/python3.12/site-packages/airflow/example_dags/example_branch_day_of_week_operator.py took 0.233 seconds
[2025-05-01T12:06:38.413+0000] {processor.py:161} INFO - Started process (PID=4123) to work on /home/airflow/.local/lib/python3.12/site-packages/airflow/example_dags/example_branch_day_of_week_operator.py
[2025-05-01T12:06:38.415+0000] {processor.py:830} INFO - Processing file /home/airflow/.local/lib/python3.12/site-packages/airflow/example_dags/example_branch_day_of_week_operator.py for tasks to queue
[2025-05-01T12:06:38.420+0000] {logging_mixin.py:188} INFO - [2025-05-01T12:06:38.419+0000] {dagbag.py:545} INFO - Filling up the DagBag from /home/airflow/.local/lib/python3.12/site-packages/airflow/example_dags/example_branch_day_of_week_operator.py
[2025-05-01T12:06:38.435+0000] {processor.py:840} INFO - DAG(s) 'example_weekday_branch_operator' retrieved from /home/airflow/.local/lib/python3.12/site-packages/airflow/example_dags/example_branch_day_of_week_operator.py
[2025-05-01T12:06:38.485+0000] {logging_mixin.py:188} INFO - [2025-05-01T12:06:38.485+0000] {dag.py:3096} INFO - Sync 1 DAGs
[2025-05-01T12:06:38.538+0000] {logging_mixin.py:188} INFO - [2025-05-01T12:06:38.537+0000] {dag.py:3954} INFO - Setting next_dagrun for example_weekday_branch_operator to 2025-04-30 00:00:00+00:00, run_after=2025-05-01 00:00:00+00:00
[2025-05-01T12:06:38.632+0000] {processor.py:183} INFO - Processing /home/airflow/.local/lib/python3.12/site-packages/airflow/example_dags/example_branch_day_of_week_operator.py took 0.231 seconds
[2025-05-01T12:07:09.135+0000] {processor.py:161} INFO - Started process (PID=4182) to work on /home/airflow/.local/lib/python3.12/site-packages/airflow/example_dags/example_branch_day_of_week_operator.py
[2025-05-01T12:07:09.138+0000] {processor.py:830} INFO - Processing file /home/airflow/.local/lib/python3.12/site-packages/airflow/example_dags/example_branch_day_of_week_operator.py for tasks to queue
[2025-05-01T12:07:09.143+0000] {logging_mixin.py:188} INFO - [2025-05-01T12:07:09.142+0000] {dagbag.py:545} INFO - Filling up the DagBag from /home/airflow/.local/lib/python3.12/site-packages/airflow/example_dags/example_branch_day_of_week_operator.py
[2025-05-01T12:07:09.161+0000] {processor.py:840} INFO - DAG(s) 'example_weekday_branch_operator' retrieved from /home/airflow/.local/lib/python3.12/site-packages/airflow/example_dags/example_branch_day_of_week_operator.py
[2025-05-01T12:07:09.219+0000] {logging_mixin.py:188} INFO - [2025-05-01T12:07:09.218+0000] {dag.py:3096} INFO - Sync 1 DAGs
[2025-05-01T12:07:09.281+0000] {logging_mixin.py:188} INFO - [2025-05-01T12:07:09.281+0000] {dag.py:3954} INFO - Setting next_dagrun for example_weekday_branch_operator to 2025-04-30 00:00:00+00:00, run_after=2025-05-01 00:00:00+00:00
[2025-05-01T12:07:09.335+0000] {processor.py:183} INFO - Processing /home/airflow/.local/lib/python3.12/site-packages/airflow/example_dags/example_branch_day_of_week_operator.py took 0.213 seconds
[2025-05-01T12:07:40.270+0000] {processor.py:161} INFO - Started process (PID=4241) to work on /home/airflow/.local/lib/python3.12/site-packages/airflow/example_dags/example_branch_day_of_week_operator.py
[2025-05-01T12:07:40.272+0000] {processor.py:830} INFO - Processing file /home/airflow/.local/lib/python3.12/site-packages/airflow/example_dags/example_branch_day_of_week_operator.py for tasks to queue
[2025-05-01T12:07:40.278+0000] {logging_mixin.py:188} INFO - [2025-05-01T12:07:40.277+0000] {dagbag.py:545} INFO - Filling up the DagBag from /home/airflow/.local/lib/python3.12/site-packages/airflow/example_dags/example_branch_day_of_week_operator.py
[2025-05-01T12:07:40.293+0000] {processor.py:840} INFO - DAG(s) 'example_weekday_branch_operator' retrieved from /home/airflow/.local/lib/python3.12/site-packages/airflow/example_dags/example_branch_day_of_week_operator.py
[2025-05-01T12:07:40.342+0000] {logging_mixin.py:188} INFO - [2025-05-01T12:07:40.341+0000] {dag.py:3096} INFO - Sync 1 DAGs
[2025-05-01T12:07:40.393+0000] {logging_mixin.py:188} INFO - [2025-05-01T12:07:40.393+0000] {dag.py:3954} INFO - Setting next_dagrun for example_weekday_branch_operator to 2025-04-30 00:00:00+00:00, run_after=2025-05-01 00:00:00+00:00
[2025-05-01T12:07:40.477+0000] {processor.py:183} INFO - Processing /home/airflow/.local/lib/python3.12/site-packages/airflow/example_dags/example_branch_day_of_week_operator.py took 0.219 seconds
[2025-05-01T12:08:11.297+0000] {processor.py:161} INFO - Started process (PID=4301) to work on /home/airflow/.local/lib/python3.12/site-packages/airflow/example_dags/example_branch_day_of_week_operator.py
[2025-05-01T12:08:11.300+0000] {processor.py:830} INFO - Processing file /home/airflow/.local/lib/python3.12/site-packages/airflow/example_dags/example_branch_day_of_week_operator.py for tasks to queue
[2025-05-01T12:08:11.305+0000] {logging_mixin.py:188} INFO - [2025-05-01T12:08:11.304+0000] {dagbag.py:545} INFO - Filling up the DagBag from /home/airflow/.local/lib/python3.12/site-packages/airflow/example_dags/example_branch_day_of_week_operator.py
[2025-05-01T12:08:11.320+0000] {processor.py:840} INFO - DAG(s) 'example_weekday_branch_operator' retrieved from /home/airflow/.local/lib/python3.12/site-packages/airflow/example_dags/example_branch_day_of_week_operator.py
[2025-05-01T12:08:11.370+0000] {logging_mixin.py:188} INFO - [2025-05-01T12:08:11.369+0000] {dag.py:3096} INFO - Sync 1 DAGs
[2025-05-01T12:08:11.425+0000] {logging_mixin.py:188} INFO - [2025-05-01T12:08:11.425+0000] {dag.py:3954} INFO - Setting next_dagrun for example_weekday_branch_operator to 2025-04-30 00:00:00+00:00, run_after=2025-05-01 00:00:00+00:00
[2025-05-01T12:08:11.510+0000] {processor.py:183} INFO - Processing /home/airflow/.local/lib/python3.12/site-packages/airflow/example_dags/example_branch_day_of_week_operator.py took 0.227 seconds
[2025-05-01T12:08:41.824+0000] {processor.py:161} INFO - Started process (PID=4360) to work on /home/airflow/.local/lib/python3.12/site-packages/airflow/example_dags/example_branch_day_of_week_operator.py
[2025-05-01T12:08:41.826+0000] {processor.py:830} INFO - Processing file /home/airflow/.local/lib/python3.12/site-packages/airflow/example_dags/example_branch_day_of_week_operator.py for tasks to queue
[2025-05-01T12:08:41.830+0000] {logging_mixin.py:188} INFO - [2025-05-01T12:08:41.830+0000] {dagbag.py:545} INFO - Filling up the DagBag from /home/airflow/.local/lib/python3.12/site-packages/airflow/example_dags/example_branch_day_of_week_operator.py
[2025-05-01T12:08:41.845+0000] {processor.py:840} INFO - DAG(s) 'example_weekday_branch_operator' retrieved from /home/airflow/.local/lib/python3.12/site-packages/airflow/example_dags/example_branch_day_of_week_operator.py
[2025-05-01T12:08:41.891+0000] {logging_mixin.py:188} INFO - [2025-05-01T12:08:41.891+0000] {dag.py:3096} INFO - Sync 1 DAGs
[2025-05-01T12:08:41.940+0000] {logging_mixin.py:188} INFO - [2025-05-01T12:08:41.939+0000] {dag.py:3954} INFO - Setting next_dagrun for example_weekday_branch_operator to 2025-04-30 00:00:00+00:00, run_after=2025-05-01 00:00:00+00:00
[2025-05-01T12:08:42.023+0000] {processor.py:183} INFO - Processing /home/airflow/.local/lib/python3.12/site-packages/airflow/example_dags/example_branch_day_of_week_operator.py took 0.210 seconds
[2025-05-01T12:09:12.618+0000] {processor.py:161} INFO - Started process (PID=4420) to work on /home/airflow/.local/lib/python3.12/site-packages/airflow/example_dags/example_branch_day_of_week_operator.py
[2025-05-01T12:09:12.620+0000] {processor.py:830} INFO - Processing file /home/airflow/.local/lib/python3.12/site-packages/airflow/example_dags/example_branch_day_of_week_operator.py for tasks to queue
[2025-05-01T12:09:12.624+0000] {logging_mixin.py:188} INFO - [2025-05-01T12:09:12.624+0000] {dagbag.py:545} INFO - Filling up the DagBag from /home/airflow/.local/lib/python3.12/site-packages/airflow/example_dags/example_branch_day_of_week_operator.py
[2025-05-01T12:09:12.641+0000] {processor.py:840} INFO - DAG(s) 'example_weekday_branch_operator' retrieved from /home/airflow/.local/lib/python3.12/site-packages/airflow/example_dags/example_branch_day_of_week_operator.py
[2025-05-01T12:09:12.683+0000] {logging_mixin.py:188} INFO - [2025-05-01T12:09:12.683+0000] {dag.py:3096} INFO - Sync 1 DAGs
[2025-05-01T12:09:12.734+0000] {logging_mixin.py:188} INFO - [2025-05-01T12:09:12.733+0000] {dag.py:3954} INFO - Setting next_dagrun for example_weekday_branch_operator to 2025-04-30 00:00:00+00:00, run_after=2025-05-01 00:00:00+00:00
[2025-05-01T12:09:12.779+0000] {processor.py:183} INFO - Processing /home/airflow/.local/lib/python3.12/site-packages/airflow/example_dags/example_branch_day_of_week_operator.py took 0.172 seconds
[2025-05-01T12:09:43.333+0000] {processor.py:161} INFO - Started process (PID=4479) to work on /home/airflow/.local/lib/python3.12/site-packages/airflow/example_dags/example_branch_day_of_week_operator.py
[2025-05-01T12:09:43.336+0000] {processor.py:830} INFO - Processing file /home/airflow/.local/lib/python3.12/site-packages/airflow/example_dags/example_branch_day_of_week_operator.py for tasks to queue
[2025-05-01T12:09:43.341+0000] {logging_mixin.py:188} INFO - [2025-05-01T12:09:43.340+0000] {dagbag.py:545} INFO - Filling up the DagBag from /home/airflow/.local/lib/python3.12/site-packages/airflow/example_dags/example_branch_day_of_week_operator.py
[2025-05-01T12:09:43.362+0000] {processor.py:840} INFO - DAG(s) 'example_weekday_branch_operator' retrieved from /home/airflow/.local/lib/python3.12/site-packages/airflow/example_dags/example_branch_day_of_week_operator.py
[2025-05-01T12:09:43.409+0000] {logging_mixin.py:188} INFO - [2025-05-01T12:09:43.408+0000] {dag.py:3096} INFO - Sync 1 DAGs
[2025-05-01T12:09:43.465+0000] {logging_mixin.py:188} INFO - [2025-05-01T12:09:43.465+0000] {dag.py:3954} INFO - Setting next_dagrun for example_weekday_branch_operator to 2025-04-30 00:00:00+00:00, run_after=2025-05-01 00:00:00+00:00
[2025-05-01T12:09:43.550+0000] {processor.py:183} INFO - Processing /home/airflow/.local/lib/python3.12/site-packages/airflow/example_dags/example_branch_day_of_week_operator.py took 0.231 seconds
