[2025-05-01T10:49:53.555+0000] {processor.py:161} INFO - Started process (PID=95) to work on /home/airflow/.local/lib/python3.12/site-packages/airflow/example_dags/example_dynamic_task_mapping_with_no_taskflow_operators.py
[2025-05-01T10:49:53.557+0000] {processor.py:830} INFO - Processing file /home/airflow/.local/lib/python3.12/site-packages/airflow/example_dags/example_dynamic_task_mapping_with_no_taskflow_operators.py for tasks to queue
[2025-05-01T10:49:53.561+0000] {logging_mixin.py:188} INFO - [2025-05-01T10:49:53.560+0000] {dagbag.py:545} INFO - Filling up the DagBag from /home/airflow/.local/lib/python3.12/site-packages/airflow/example_dags/example_dynamic_task_mapping_with_no_taskflow_operators.py
[2025-05-01T10:49:53.571+0000] {processor.py:840} INFO - DAG(s) 'example_dynamic_task_mapping_with_no_taskflow_operators' retrieved from /home/airflow/.local/lib/python3.12/site-packages/airflow/example_dags/example_dynamic_task_mapping_with_no_taskflow_operators.py
[2025-05-01T10:49:53.728+0000] {logging_mixin.py:188} INFO - [2025-05-01T10:49:53.728+0000] {dag.py:3096} INFO - Sync 1 DAGs
[2025-05-01T10:49:53.755+0000] {logging_mixin.py:188} INFO - [2025-05-01T10:49:53.755+0000] {dag.py:3954} INFO - Setting next_dagrun for example_dynamic_task_mapping_with_no_taskflow_operators to 2025-04-30 00:00:00+00:00, run_after=2025-05-01 00:00:00+00:00
[2025-05-01T10:49:53.788+0000] {processor.py:183} INFO - Processing /home/airflow/.local/lib/python3.12/site-packages/airflow/example_dags/example_dynamic_task_mapping_with_no_taskflow_operators.py took 0.240 seconds
[2025-05-01T10:50:23.920+0000] {processor.py:161} INFO - Started process (PID=153) to work on /home/airflow/.local/lib/python3.12/site-packages/airflow/example_dags/example_dynamic_task_mapping_with_no_taskflow_operators.py
[2025-05-01T10:50:23.921+0000] {processor.py:830} INFO - Processing file /home/airflow/.local/lib/python3.12/site-packages/airflow/example_dags/example_dynamic_task_mapping_with_no_taskflow_operators.py for tasks to queue
[2025-05-01T10:50:23.924+0000] {logging_mixin.py:188} INFO - [2025-05-01T10:50:23.923+0000] {dagbag.py:545} INFO - Filling up the DagBag from /home/airflow/.local/lib/python3.12/site-packages/airflow/example_dags/example_dynamic_task_mapping_with_no_taskflow_operators.py
[2025-05-01T10:50:23.930+0000] {processor.py:840} INFO - DAG(s) 'example_dynamic_task_mapping_with_no_taskflow_operators' retrieved from /home/airflow/.local/lib/python3.12/site-packages/airflow/example_dags/example_dynamic_task_mapping_with_no_taskflow_operators.py
[2025-05-01T10:50:23.954+0000] {logging_mixin.py:188} INFO - [2025-05-01T10:50:23.954+0000] {dag.py:3096} INFO - Sync 1 DAGs
[2025-05-01T10:50:23.984+0000] {logging_mixin.py:188} INFO - [2025-05-01T10:50:23.983+0000] {dag.py:3954} INFO - Setting next_dagrun for example_dynamic_task_mapping_with_no_taskflow_operators to 2025-04-30 00:00:00+00:00, run_after=2025-05-01 00:00:00+00:00
[2025-05-01T10:50:24.009+0000] {processor.py:183} INFO - Processing /home/airflow/.local/lib/python3.12/site-packages/airflow/example_dags/example_dynamic_task_mapping_with_no_taskflow_operators.py took 0.096 seconds
[2025-05-01T10:51:52.743+0000] {processor.py:161} INFO - Started process (PID=101) to work on /home/airflow/.local/lib/python3.12/site-packages/airflow/example_dags/example_dynamic_task_mapping_with_no_taskflow_operators.py
[2025-05-01T10:51:52.744+0000] {processor.py:830} INFO - Processing file /home/airflow/.local/lib/python3.12/site-packages/airflow/example_dags/example_dynamic_task_mapping_with_no_taskflow_operators.py for tasks to queue
[2025-05-01T10:51:52.747+0000] {logging_mixin.py:188} INFO - [2025-05-01T10:51:52.746+0000] {dagbag.py:545} INFO - Filling up the DagBag from /home/airflow/.local/lib/python3.12/site-packages/airflow/example_dags/example_dynamic_task_mapping_with_no_taskflow_operators.py
[2025-05-01T10:51:52.755+0000] {processor.py:840} INFO - DAG(s) 'example_dynamic_task_mapping_with_no_taskflow_operators' retrieved from /home/airflow/.local/lib/python3.12/site-packages/airflow/example_dags/example_dynamic_task_mapping_with_no_taskflow_operators.py
[2025-05-01T10:51:52.923+0000] {logging_mixin.py:188} INFO - [2025-05-01T10:51:52.923+0000] {dag.py:3096} INFO - Sync 1 DAGs
[2025-05-01T10:51:52.956+0000] {logging_mixin.py:188} INFO - [2025-05-01T10:51:52.956+0000] {dag.py:3954} INFO - Setting next_dagrun for example_dynamic_task_mapping_with_no_taskflow_operators to 2025-04-30 00:00:00+00:00, run_after=2025-05-01 00:00:00+00:00
[2025-05-01T10:51:52.984+0000] {processor.py:183} INFO - Processing /home/airflow/.local/lib/python3.12/site-packages/airflow/example_dags/example_dynamic_task_mapping_with_no_taskflow_operators.py took 0.250 seconds
[2025-05-01T10:52:23.705+0000] {processor.py:161} INFO - Started process (PID=159) to work on /home/airflow/.local/lib/python3.12/site-packages/airflow/example_dags/example_dynamic_task_mapping_with_no_taskflow_operators.py
[2025-05-01T10:52:23.707+0000] {processor.py:830} INFO - Processing file /home/airflow/.local/lib/python3.12/site-packages/airflow/example_dags/example_dynamic_task_mapping_with_no_taskflow_operators.py for tasks to queue
[2025-05-01T10:52:23.709+0000] {logging_mixin.py:188} INFO - [2025-05-01T10:52:23.709+0000] {dagbag.py:545} INFO - Filling up the DagBag from /home/airflow/.local/lib/python3.12/site-packages/airflow/example_dags/example_dynamic_task_mapping_with_no_taskflow_operators.py
[2025-05-01T10:52:23.717+0000] {processor.py:840} INFO - DAG(s) 'example_dynamic_task_mapping_with_no_taskflow_operators' retrieved from /home/airflow/.local/lib/python3.12/site-packages/airflow/example_dags/example_dynamic_task_mapping_with_no_taskflow_operators.py
[2025-05-01T10:52:23.740+0000] {logging_mixin.py:188} INFO - [2025-05-01T10:52:23.739+0000] {dag.py:3096} INFO - Sync 1 DAGs
[2025-05-01T10:52:23.767+0000] {logging_mixin.py:188} INFO - [2025-05-01T10:52:23.766+0000] {dag.py:3954} INFO - Setting next_dagrun for example_dynamic_task_mapping_with_no_taskflow_operators to 2025-04-30 00:00:00+00:00, run_after=2025-05-01 00:00:00+00:00
[2025-05-01T10:52:23.791+0000] {processor.py:183} INFO - Processing /home/airflow/.local/lib/python3.12/site-packages/airflow/example_dags/example_dynamic_task_mapping_with_no_taskflow_operators.py took 0.094 seconds
[2025-05-01T10:52:53.848+0000] {processor.py:161} INFO - Started process (PID=217) to work on /home/airflow/.local/lib/python3.12/site-packages/airflow/example_dags/example_dynamic_task_mapping_with_no_taskflow_operators.py
[2025-05-01T10:52:53.850+0000] {processor.py:830} INFO - Processing file /home/airflow/.local/lib/python3.12/site-packages/airflow/example_dags/example_dynamic_task_mapping_with_no_taskflow_operators.py for tasks to queue
[2025-05-01T10:52:53.852+0000] {logging_mixin.py:188} INFO - [2025-05-01T10:52:53.852+0000] {dagbag.py:545} INFO - Filling up the DagBag from /home/airflow/.local/lib/python3.12/site-packages/airflow/example_dags/example_dynamic_task_mapping_with_no_taskflow_operators.py
[2025-05-01T10:52:53.859+0000] {processor.py:840} INFO - DAG(s) 'example_dynamic_task_mapping_with_no_taskflow_operators' retrieved from /home/airflow/.local/lib/python3.12/site-packages/airflow/example_dags/example_dynamic_task_mapping_with_no_taskflow_operators.py
[2025-05-01T10:52:53.881+0000] {logging_mixin.py:188} INFO - [2025-05-01T10:52:53.881+0000] {dag.py:3096} INFO - Sync 1 DAGs
[2025-05-01T10:52:53.905+0000] {logging_mixin.py:188} INFO - [2025-05-01T10:52:53.904+0000] {dag.py:3954} INFO - Setting next_dagrun for example_dynamic_task_mapping_with_no_taskflow_operators to 2025-04-30 00:00:00+00:00, run_after=2025-05-01 00:00:00+00:00
[2025-05-01T10:52:53.932+0000] {processor.py:183} INFO - Processing /home/airflow/.local/lib/python3.12/site-packages/airflow/example_dags/example_dynamic_task_mapping_with_no_taskflow_operators.py took 0.089 seconds
[2025-05-01T10:53:24.077+0000] {processor.py:161} INFO - Started process (PID=275) to work on /home/airflow/.local/lib/python3.12/site-packages/airflow/example_dags/example_dynamic_task_mapping_with_no_taskflow_operators.py
[2025-05-01T10:53:24.078+0000] {processor.py:830} INFO - Processing file /home/airflow/.local/lib/python3.12/site-packages/airflow/example_dags/example_dynamic_task_mapping_with_no_taskflow_operators.py for tasks to queue
[2025-05-01T10:53:24.080+0000] {logging_mixin.py:188} INFO - [2025-05-01T10:53:24.080+0000] {dagbag.py:545} INFO - Filling up the DagBag from /home/airflow/.local/lib/python3.12/site-packages/airflow/example_dags/example_dynamic_task_mapping_with_no_taskflow_operators.py
[2025-05-01T10:53:24.087+0000] {processor.py:840} INFO - DAG(s) 'example_dynamic_task_mapping_with_no_taskflow_operators' retrieved from /home/airflow/.local/lib/python3.12/site-packages/airflow/example_dags/example_dynamic_task_mapping_with_no_taskflow_operators.py
[2025-05-01T10:53:24.114+0000] {logging_mixin.py:188} INFO - [2025-05-01T10:53:24.113+0000] {dag.py:3096} INFO - Sync 1 DAGs
[2025-05-01T10:53:24.141+0000] {logging_mixin.py:188} INFO - [2025-05-01T10:53:24.140+0000] {dag.py:3954} INFO - Setting next_dagrun for example_dynamic_task_mapping_with_no_taskflow_operators to 2025-04-30 00:00:00+00:00, run_after=2025-05-01 00:00:00+00:00
[2025-05-01T10:53:24.169+0000] {processor.py:183} INFO - Processing /home/airflow/.local/lib/python3.12/site-packages/airflow/example_dags/example_dynamic_task_mapping_with_no_taskflow_operators.py took 0.099 seconds
[2025-05-01T10:53:54.547+0000] {processor.py:161} INFO - Started process (PID=333) to work on /home/airflow/.local/lib/python3.12/site-packages/airflow/example_dags/example_dynamic_task_mapping_with_no_taskflow_operators.py
[2025-05-01T10:53:54.549+0000] {processor.py:830} INFO - Processing file /home/airflow/.local/lib/python3.12/site-packages/airflow/example_dags/example_dynamic_task_mapping_with_no_taskflow_operators.py for tasks to queue
[2025-05-01T10:53:54.551+0000] {logging_mixin.py:188} INFO - [2025-05-01T10:53:54.551+0000] {dagbag.py:545} INFO - Filling up the DagBag from /home/airflow/.local/lib/python3.12/site-packages/airflow/example_dags/example_dynamic_task_mapping_with_no_taskflow_operators.py
[2025-05-01T10:53:54.558+0000] {processor.py:840} INFO - DAG(s) 'example_dynamic_task_mapping_with_no_taskflow_operators' retrieved from /home/airflow/.local/lib/python3.12/site-packages/airflow/example_dags/example_dynamic_task_mapping_with_no_taskflow_operators.py
[2025-05-01T10:53:54.581+0000] {logging_mixin.py:188} INFO - [2025-05-01T10:53:54.581+0000] {dag.py:3096} INFO - Sync 1 DAGs
[2025-05-01T10:53:54.607+0000] {logging_mixin.py:188} INFO - [2025-05-01T10:53:54.607+0000] {dag.py:3954} INFO - Setting next_dagrun for example_dynamic_task_mapping_with_no_taskflow_operators to 2025-04-30 00:00:00+00:00, run_after=2025-05-01 00:00:00+00:00
[2025-05-01T10:53:54.631+0000] {processor.py:183} INFO - Processing /home/airflow/.local/lib/python3.12/site-packages/airflow/example_dags/example_dynamic_task_mapping_with_no_taskflow_operators.py took 0.091 seconds
[2025-05-01T10:54:25.105+0000] {processor.py:161} INFO - Started process (PID=391) to work on /home/airflow/.local/lib/python3.12/site-packages/airflow/example_dags/example_dynamic_task_mapping_with_no_taskflow_operators.py
[2025-05-01T10:54:25.107+0000] {processor.py:830} INFO - Processing file /home/airflow/.local/lib/python3.12/site-packages/airflow/example_dags/example_dynamic_task_mapping_with_no_taskflow_operators.py for tasks to queue
[2025-05-01T10:54:25.109+0000] {logging_mixin.py:188} INFO - [2025-05-01T10:54:25.109+0000] {dagbag.py:545} INFO - Filling up the DagBag from /home/airflow/.local/lib/python3.12/site-packages/airflow/example_dags/example_dynamic_task_mapping_with_no_taskflow_operators.py
[2025-05-01T10:54:25.116+0000] {processor.py:840} INFO - DAG(s) 'example_dynamic_task_mapping_with_no_taskflow_operators' retrieved from /home/airflow/.local/lib/python3.12/site-packages/airflow/example_dags/example_dynamic_task_mapping_with_no_taskflow_operators.py
[2025-05-01T10:54:25.139+0000] {logging_mixin.py:188} INFO - [2025-05-01T10:54:25.139+0000] {dag.py:3096} INFO - Sync 1 DAGs
[2025-05-01T10:54:25.165+0000] {logging_mixin.py:188} INFO - [2025-05-01T10:54:25.165+0000] {dag.py:3954} INFO - Setting next_dagrun for example_dynamic_task_mapping_with_no_taskflow_operators to 2025-04-30 00:00:00+00:00, run_after=2025-05-01 00:00:00+00:00
[2025-05-01T10:54:25.194+0000] {processor.py:183} INFO - Processing /home/airflow/.local/lib/python3.12/site-packages/airflow/example_dags/example_dynamic_task_mapping_with_no_taskflow_operators.py took 0.094 seconds
[2025-05-01T10:54:55.327+0000] {processor.py:161} INFO - Started process (PID=449) to work on /home/airflow/.local/lib/python3.12/site-packages/airflow/example_dags/example_dynamic_task_mapping_with_no_taskflow_operators.py
[2025-05-01T10:54:55.328+0000] {processor.py:830} INFO - Processing file /home/airflow/.local/lib/python3.12/site-packages/airflow/example_dags/example_dynamic_task_mapping_with_no_taskflow_operators.py for tasks to queue
[2025-05-01T10:54:55.330+0000] {logging_mixin.py:188} INFO - [2025-05-01T10:54:55.330+0000] {dagbag.py:545} INFO - Filling up the DagBag from /home/airflow/.local/lib/python3.12/site-packages/airflow/example_dags/example_dynamic_task_mapping_with_no_taskflow_operators.py
[2025-05-01T10:54:55.337+0000] {processor.py:840} INFO - DAG(s) 'example_dynamic_task_mapping_with_no_taskflow_operators' retrieved from /home/airflow/.local/lib/python3.12/site-packages/airflow/example_dags/example_dynamic_task_mapping_with_no_taskflow_operators.py
[2025-05-01T10:54:55.359+0000] {logging_mixin.py:188} INFO - [2025-05-01T10:54:55.359+0000] {dag.py:3096} INFO - Sync 1 DAGs
[2025-05-01T10:54:55.382+0000] {logging_mixin.py:188} INFO - [2025-05-01T10:54:55.381+0000] {dag.py:3954} INFO - Setting next_dagrun for example_dynamic_task_mapping_with_no_taskflow_operators to 2025-04-30 00:00:00+00:00, run_after=2025-05-01 00:00:00+00:00
[2025-05-01T10:54:55.406+0000] {processor.py:183} INFO - Processing /home/airflow/.local/lib/python3.12/site-packages/airflow/example_dags/example_dynamic_task_mapping_with_no_taskflow_operators.py took 0.085 seconds
[2025-05-01T10:55:25.738+0000] {processor.py:161} INFO - Started process (PID=507) to work on /home/airflow/.local/lib/python3.12/site-packages/airflow/example_dags/example_dynamic_task_mapping_with_no_taskflow_operators.py
[2025-05-01T10:55:25.740+0000] {processor.py:830} INFO - Processing file /home/airflow/.local/lib/python3.12/site-packages/airflow/example_dags/example_dynamic_task_mapping_with_no_taskflow_operators.py for tasks to queue
[2025-05-01T10:55:25.742+0000] {logging_mixin.py:188} INFO - [2025-05-01T10:55:25.742+0000] {dagbag.py:545} INFO - Filling up the DagBag from /home/airflow/.local/lib/python3.12/site-packages/airflow/example_dags/example_dynamic_task_mapping_with_no_taskflow_operators.py
[2025-05-01T10:55:25.750+0000] {processor.py:840} INFO - DAG(s) 'example_dynamic_task_mapping_with_no_taskflow_operators' retrieved from /home/airflow/.local/lib/python3.12/site-packages/airflow/example_dags/example_dynamic_task_mapping_with_no_taskflow_operators.py
[2025-05-01T10:55:25.773+0000] {logging_mixin.py:188} INFO - [2025-05-01T10:55:25.772+0000] {dag.py:3096} INFO - Sync 1 DAGs
[2025-05-01T10:55:25.796+0000] {logging_mixin.py:188} INFO - [2025-05-01T10:55:25.796+0000] {dag.py:3954} INFO - Setting next_dagrun for example_dynamic_task_mapping_with_no_taskflow_operators to 2025-04-30 00:00:00+00:00, run_after=2025-05-01 00:00:00+00:00
[2025-05-01T10:55:25.819+0000] {processor.py:183} INFO - Processing /home/airflow/.local/lib/python3.12/site-packages/airflow/example_dags/example_dynamic_task_mapping_with_no_taskflow_operators.py took 0.086 seconds
[2025-05-01T10:55:56.120+0000] {processor.py:161} INFO - Started process (PID=565) to work on /home/airflow/.local/lib/python3.12/site-packages/airflow/example_dags/example_dynamic_task_mapping_with_no_taskflow_operators.py
[2025-05-01T10:55:56.122+0000] {processor.py:830} INFO - Processing file /home/airflow/.local/lib/python3.12/site-packages/airflow/example_dags/example_dynamic_task_mapping_with_no_taskflow_operators.py for tasks to queue
[2025-05-01T10:55:56.124+0000] {logging_mixin.py:188} INFO - [2025-05-01T10:55:56.124+0000] {dagbag.py:545} INFO - Filling up the DagBag from /home/airflow/.local/lib/python3.12/site-packages/airflow/example_dags/example_dynamic_task_mapping_with_no_taskflow_operators.py
[2025-05-01T10:55:56.131+0000] {processor.py:840} INFO - DAG(s) 'example_dynamic_task_mapping_with_no_taskflow_operators' retrieved from /home/airflow/.local/lib/python3.12/site-packages/airflow/example_dags/example_dynamic_task_mapping_with_no_taskflow_operators.py
[2025-05-01T10:55:56.157+0000] {logging_mixin.py:188} INFO - [2025-05-01T10:55:56.157+0000] {dag.py:3096} INFO - Sync 1 DAGs
[2025-05-01T10:55:56.186+0000] {logging_mixin.py:188} INFO - [2025-05-01T10:55:56.186+0000] {dag.py:3954} INFO - Setting next_dagrun for example_dynamic_task_mapping_with_no_taskflow_operators to 2025-04-30 00:00:00+00:00, run_after=2025-05-01 00:00:00+00:00
[2025-05-01T10:55:56.213+0000] {processor.py:183} INFO - Processing /home/airflow/.local/lib/python3.12/site-packages/airflow/example_dags/example_dynamic_task_mapping_with_no_taskflow_operators.py took 0.099 seconds
[2025-05-01T10:56:26.757+0000] {processor.py:161} INFO - Started process (PID=623) to work on /home/airflow/.local/lib/python3.12/site-packages/airflow/example_dags/example_dynamic_task_mapping_with_no_taskflow_operators.py
[2025-05-01T10:56:26.759+0000] {processor.py:830} INFO - Processing file /home/airflow/.local/lib/python3.12/site-packages/airflow/example_dags/example_dynamic_task_mapping_with_no_taskflow_operators.py for tasks to queue
[2025-05-01T10:56:26.761+0000] {logging_mixin.py:188} INFO - [2025-05-01T10:56:26.761+0000] {dagbag.py:545} INFO - Filling up the DagBag from /home/airflow/.local/lib/python3.12/site-packages/airflow/example_dags/example_dynamic_task_mapping_with_no_taskflow_operators.py
[2025-05-01T10:56:26.768+0000] {processor.py:840} INFO - DAG(s) 'example_dynamic_task_mapping_with_no_taskflow_operators' retrieved from /home/airflow/.local/lib/python3.12/site-packages/airflow/example_dags/example_dynamic_task_mapping_with_no_taskflow_operators.py
[2025-05-01T10:56:26.791+0000] {logging_mixin.py:188} INFO - [2025-05-01T10:56:26.791+0000] {dag.py:3096} INFO - Sync 1 DAGs
[2025-05-01T10:56:26.817+0000] {logging_mixin.py:188} INFO - [2025-05-01T10:56:26.817+0000] {dag.py:3954} INFO - Setting next_dagrun for example_dynamic_task_mapping_with_no_taskflow_operators to 2025-04-30 00:00:00+00:00, run_after=2025-05-01 00:00:00+00:00
[2025-05-01T10:56:26.844+0000] {processor.py:183} INFO - Processing /home/airflow/.local/lib/python3.12/site-packages/airflow/example_dags/example_dynamic_task_mapping_with_no_taskflow_operators.py took 0.093 seconds
[2025-05-01T10:56:57.454+0000] {processor.py:161} INFO - Started process (PID=682) to work on /home/airflow/.local/lib/python3.12/site-packages/airflow/example_dags/example_dynamic_task_mapping_with_no_taskflow_operators.py
[2025-05-01T10:56:57.456+0000] {processor.py:830} INFO - Processing file /home/airflow/.local/lib/python3.12/site-packages/airflow/example_dags/example_dynamic_task_mapping_with_no_taskflow_operators.py for tasks to queue
[2025-05-01T10:56:57.458+0000] {logging_mixin.py:188} INFO - [2025-05-01T10:56:57.458+0000] {dagbag.py:545} INFO - Filling up the DagBag from /home/airflow/.local/lib/python3.12/site-packages/airflow/example_dags/example_dynamic_task_mapping_with_no_taskflow_operators.py
[2025-05-01T10:56:57.465+0000] {processor.py:840} INFO - DAG(s) 'example_dynamic_task_mapping_with_no_taskflow_operators' retrieved from /home/airflow/.local/lib/python3.12/site-packages/airflow/example_dags/example_dynamic_task_mapping_with_no_taskflow_operators.py
[2025-05-01T10:56:57.508+0000] {logging_mixin.py:188} INFO - [2025-05-01T10:56:57.508+0000] {dag.py:3096} INFO - Sync 1 DAGs
[2025-05-01T10:56:57.544+0000] {logging_mixin.py:188} INFO - [2025-05-01T10:56:57.544+0000] {dag.py:3954} INFO - Setting next_dagrun for example_dynamic_task_mapping_with_no_taskflow_operators to 2025-04-30 00:00:00+00:00, run_after=2025-05-01 00:00:00+00:00
[2025-05-01T10:56:57.574+0000] {processor.py:183} INFO - Processing /home/airflow/.local/lib/python3.12/site-packages/airflow/example_dags/example_dynamic_task_mapping_with_no_taskflow_operators.py took 0.126 seconds
[2025-05-01T10:57:27.906+0000] {processor.py:161} INFO - Started process (PID=743) to work on /home/airflow/.local/lib/python3.12/site-packages/airflow/example_dags/example_dynamic_task_mapping_with_no_taskflow_operators.py
[2025-05-01T10:57:27.907+0000] {processor.py:830} INFO - Processing file /home/airflow/.local/lib/python3.12/site-packages/airflow/example_dags/example_dynamic_task_mapping_with_no_taskflow_operators.py for tasks to queue
[2025-05-01T10:57:27.910+0000] {logging_mixin.py:188} INFO - [2025-05-01T10:57:27.909+0000] {dagbag.py:545} INFO - Filling up the DagBag from /home/airflow/.local/lib/python3.12/site-packages/airflow/example_dags/example_dynamic_task_mapping_with_no_taskflow_operators.py
[2025-05-01T10:57:27.916+0000] {processor.py:840} INFO - DAG(s) 'example_dynamic_task_mapping_with_no_taskflow_operators' retrieved from /home/airflow/.local/lib/python3.12/site-packages/airflow/example_dags/example_dynamic_task_mapping_with_no_taskflow_operators.py
[2025-05-01T10:57:27.937+0000] {logging_mixin.py:188} INFO - [2025-05-01T10:57:27.936+0000] {dag.py:3096} INFO - Sync 1 DAGs
[2025-05-01T10:57:27.962+0000] {logging_mixin.py:188} INFO - [2025-05-01T10:57:27.961+0000] {dag.py:3954} INFO - Setting next_dagrun for example_dynamic_task_mapping_with_no_taskflow_operators to 2025-04-30 00:00:00+00:00, run_after=2025-05-01 00:00:00+00:00
[2025-05-01T10:57:27.988+0000] {processor.py:183} INFO - Processing /home/airflow/.local/lib/python3.12/site-packages/airflow/example_dags/example_dynamic_task_mapping_with_no_taskflow_operators.py took 0.088 seconds
[2025-05-01T10:57:58.415+0000] {processor.py:161} INFO - Started process (PID=802) to work on /home/airflow/.local/lib/python3.12/site-packages/airflow/example_dags/example_dynamic_task_mapping_with_no_taskflow_operators.py
[2025-05-01T10:57:58.417+0000] {processor.py:830} INFO - Processing file /home/airflow/.local/lib/python3.12/site-packages/airflow/example_dags/example_dynamic_task_mapping_with_no_taskflow_operators.py for tasks to queue
[2025-05-01T10:57:58.419+0000] {logging_mixin.py:188} INFO - [2025-05-01T10:57:58.418+0000] {dagbag.py:545} INFO - Filling up the DagBag from /home/airflow/.local/lib/python3.12/site-packages/airflow/example_dags/example_dynamic_task_mapping_with_no_taskflow_operators.py
[2025-05-01T10:57:58.425+0000] {processor.py:840} INFO - DAG(s) 'example_dynamic_task_mapping_with_no_taskflow_operators' retrieved from /home/airflow/.local/lib/python3.12/site-packages/airflow/example_dags/example_dynamic_task_mapping_with_no_taskflow_operators.py
[2025-05-01T10:57:58.449+0000] {logging_mixin.py:188} INFO - [2025-05-01T10:57:58.448+0000] {dag.py:3096} INFO - Sync 1 DAGs
[2025-05-01T10:57:58.475+0000] {logging_mixin.py:188} INFO - [2025-05-01T10:57:58.474+0000] {dag.py:3954} INFO - Setting next_dagrun for example_dynamic_task_mapping_with_no_taskflow_operators to 2025-04-30 00:00:00+00:00, run_after=2025-05-01 00:00:00+00:00
[2025-05-01T10:57:58.497+0000] {processor.py:183} INFO - Processing /home/airflow/.local/lib/python3.12/site-packages/airflow/example_dags/example_dynamic_task_mapping_with_no_taskflow_operators.py took 0.087 seconds
[2025-05-01T10:58:29.079+0000] {processor.py:161} INFO - Started process (PID=861) to work on /home/airflow/.local/lib/python3.12/site-packages/airflow/example_dags/example_dynamic_task_mapping_with_no_taskflow_operators.py
[2025-05-01T10:58:29.080+0000] {processor.py:830} INFO - Processing file /home/airflow/.local/lib/python3.12/site-packages/airflow/example_dags/example_dynamic_task_mapping_with_no_taskflow_operators.py for tasks to queue
[2025-05-01T10:58:29.083+0000] {logging_mixin.py:188} INFO - [2025-05-01T10:58:29.082+0000] {dagbag.py:545} INFO - Filling up the DagBag from /home/airflow/.local/lib/python3.12/site-packages/airflow/example_dags/example_dynamic_task_mapping_with_no_taskflow_operators.py
[2025-05-01T10:58:29.089+0000] {processor.py:840} INFO - DAG(s) 'example_dynamic_task_mapping_with_no_taskflow_operators' retrieved from /home/airflow/.local/lib/python3.12/site-packages/airflow/example_dags/example_dynamic_task_mapping_with_no_taskflow_operators.py
[2025-05-01T10:58:29.113+0000] {logging_mixin.py:188} INFO - [2025-05-01T10:58:29.113+0000] {dag.py:3096} INFO - Sync 1 DAGs
[2025-05-01T10:58:29.137+0000] {logging_mixin.py:188} INFO - [2025-05-01T10:58:29.137+0000] {dag.py:3954} INFO - Setting next_dagrun for example_dynamic_task_mapping_with_no_taskflow_operators to 2025-04-30 00:00:00+00:00, run_after=2025-05-01 00:00:00+00:00
[2025-05-01T10:58:29.161+0000] {processor.py:183} INFO - Processing /home/airflow/.local/lib/python3.12/site-packages/airflow/example_dags/example_dynamic_task_mapping_with_no_taskflow_operators.py took 0.088 seconds
[2025-05-01T10:58:59.509+0000] {processor.py:161} INFO - Started process (PID=920) to work on /home/airflow/.local/lib/python3.12/site-packages/airflow/example_dags/example_dynamic_task_mapping_with_no_taskflow_operators.py
[2025-05-01T10:58:59.511+0000] {processor.py:830} INFO - Processing file /home/airflow/.local/lib/python3.12/site-packages/airflow/example_dags/example_dynamic_task_mapping_with_no_taskflow_operators.py for tasks to queue
[2025-05-01T10:58:59.513+0000] {logging_mixin.py:188} INFO - [2025-05-01T10:58:59.513+0000] {dagbag.py:545} INFO - Filling up the DagBag from /home/airflow/.local/lib/python3.12/site-packages/airflow/example_dags/example_dynamic_task_mapping_with_no_taskflow_operators.py
[2025-05-01T10:58:59.520+0000] {processor.py:840} INFO - DAG(s) 'example_dynamic_task_mapping_with_no_taskflow_operators' retrieved from /home/airflow/.local/lib/python3.12/site-packages/airflow/example_dags/example_dynamic_task_mapping_with_no_taskflow_operators.py
[2025-05-01T10:58:59.543+0000] {logging_mixin.py:188} INFO - [2025-05-01T10:58:59.543+0000] {dag.py:3096} INFO - Sync 1 DAGs
[2025-05-01T10:58:59.570+0000] {logging_mixin.py:188} INFO - [2025-05-01T10:58:59.570+0000] {dag.py:3954} INFO - Setting next_dagrun for example_dynamic_task_mapping_with_no_taskflow_operators to 2025-04-30 00:00:00+00:00, run_after=2025-05-01 00:00:00+00:00
[2025-05-01T10:58:59.593+0000] {processor.py:183} INFO - Processing /home/airflow/.local/lib/python3.12/site-packages/airflow/example_dags/example_dynamic_task_mapping_with_no_taskflow_operators.py took 0.090 seconds
[2025-05-01T10:59:29.738+0000] {processor.py:161} INFO - Started process (PID=979) to work on /home/airflow/.local/lib/python3.12/site-packages/airflow/example_dags/example_dynamic_task_mapping_with_no_taskflow_operators.py
[2025-05-01T10:59:29.740+0000] {processor.py:830} INFO - Processing file /home/airflow/.local/lib/python3.12/site-packages/airflow/example_dags/example_dynamic_task_mapping_with_no_taskflow_operators.py for tasks to queue
[2025-05-01T10:59:29.742+0000] {logging_mixin.py:188} INFO - [2025-05-01T10:59:29.742+0000] {dagbag.py:545} INFO - Filling up the DagBag from /home/airflow/.local/lib/python3.12/site-packages/airflow/example_dags/example_dynamic_task_mapping_with_no_taskflow_operators.py
[2025-05-01T10:59:29.749+0000] {processor.py:840} INFO - DAG(s) 'example_dynamic_task_mapping_with_no_taskflow_operators' retrieved from /home/airflow/.local/lib/python3.12/site-packages/airflow/example_dags/example_dynamic_task_mapping_with_no_taskflow_operators.py
[2025-05-01T10:59:29.775+0000] {logging_mixin.py:188} INFO - [2025-05-01T10:59:29.774+0000] {dag.py:3096} INFO - Sync 1 DAGs
[2025-05-01T10:59:29.803+0000] {logging_mixin.py:188} INFO - [2025-05-01T10:59:29.803+0000] {dag.py:3954} INFO - Setting next_dagrun for example_dynamic_task_mapping_with_no_taskflow_operators to 2025-04-30 00:00:00+00:00, run_after=2025-05-01 00:00:00+00:00
[2025-05-01T10:59:29.831+0000] {processor.py:183} INFO - Processing /home/airflow/.local/lib/python3.12/site-packages/airflow/example_dags/example_dynamic_task_mapping_with_no_taskflow_operators.py took 0.099 seconds
[2025-05-01T11:00:00.930+0000] {processor.py:161} INFO - Started process (PID=1038) to work on /home/airflow/.local/lib/python3.12/site-packages/airflow/example_dags/example_dynamic_task_mapping_with_no_taskflow_operators.py
[2025-05-01T11:00:00.933+0000] {processor.py:830} INFO - Processing file /home/airflow/.local/lib/python3.12/site-packages/airflow/example_dags/example_dynamic_task_mapping_with_no_taskflow_operators.py for tasks to queue
[2025-05-01T11:00:00.938+0000] {logging_mixin.py:188} INFO - [2025-05-01T11:00:00.937+0000] {dagbag.py:545} INFO - Filling up the DagBag from /home/airflow/.local/lib/python3.12/site-packages/airflow/example_dags/example_dynamic_task_mapping_with_no_taskflow_operators.py
[2025-05-01T11:00:00.960+0000] {processor.py:840} INFO - DAG(s) 'example_dynamic_task_mapping_with_no_taskflow_operators' retrieved from /home/airflow/.local/lib/python3.12/site-packages/airflow/example_dags/example_dynamic_task_mapping_with_no_taskflow_operators.py
[2025-05-01T11:00:01.016+0000] {logging_mixin.py:188} INFO - [2025-05-01T11:00:01.015+0000] {dag.py:3096} INFO - Sync 1 DAGs
[2025-05-01T11:00:01.075+0000] {logging_mixin.py:188} INFO - [2025-05-01T11:00:01.074+0000] {dag.py:3954} INFO - Setting next_dagrun for example_dynamic_task_mapping_with_no_taskflow_operators to 2025-04-30 00:00:00+00:00, run_after=2025-05-01 00:00:00+00:00
[2025-05-01T11:00:01.209+0000] {processor.py:183} INFO - Processing /home/airflow/.local/lib/python3.12/site-packages/airflow/example_dags/example_dynamic_task_mapping_with_no_taskflow_operators.py took 0.297 seconds
[2025-05-01T11:00:32.046+0000] {processor.py:161} INFO - Started process (PID=1097) to work on /home/airflow/.local/lib/python3.12/site-packages/airflow/example_dags/example_dynamic_task_mapping_with_no_taskflow_operators.py
[2025-05-01T11:00:32.049+0000] {processor.py:830} INFO - Processing file /home/airflow/.local/lib/python3.12/site-packages/airflow/example_dags/example_dynamic_task_mapping_with_no_taskflow_operators.py for tasks to queue
[2025-05-01T11:00:32.053+0000] {logging_mixin.py:188} INFO - [2025-05-01T11:00:32.052+0000] {dagbag.py:545} INFO - Filling up the DagBag from /home/airflow/.local/lib/python3.12/site-packages/airflow/example_dags/example_dynamic_task_mapping_with_no_taskflow_operators.py
[2025-05-01T11:00:32.071+0000] {processor.py:840} INFO - DAG(s) 'example_dynamic_task_mapping_with_no_taskflow_operators' retrieved from /home/airflow/.local/lib/python3.12/site-packages/airflow/example_dags/example_dynamic_task_mapping_with_no_taskflow_operators.py
[2025-05-01T11:00:32.125+0000] {logging_mixin.py:188} INFO - [2025-05-01T11:00:32.124+0000] {dag.py:3096} INFO - Sync 1 DAGs
[2025-05-01T11:00:32.193+0000] {logging_mixin.py:188} INFO - [2025-05-01T11:00:32.192+0000] {dag.py:3954} INFO - Setting next_dagrun for example_dynamic_task_mapping_with_no_taskflow_operators to 2025-04-30 00:00:00+00:00, run_after=2025-05-01 00:00:00+00:00
[2025-05-01T11:00:32.278+0000] {processor.py:183} INFO - Processing /home/airflow/.local/lib/python3.12/site-packages/airflow/example_dags/example_dynamic_task_mapping_with_no_taskflow_operators.py took 0.245 seconds
[2025-05-01T11:01:02.607+0000] {processor.py:161} INFO - Started process (PID=1157) to work on /home/airflow/.local/lib/python3.12/site-packages/airflow/example_dags/example_dynamic_task_mapping_with_no_taskflow_operators.py
[2025-05-01T11:01:02.609+0000] {processor.py:830} INFO - Processing file /home/airflow/.local/lib/python3.12/site-packages/airflow/example_dags/example_dynamic_task_mapping_with_no_taskflow_operators.py for tasks to queue
[2025-05-01T11:01:02.613+0000] {logging_mixin.py:188} INFO - [2025-05-01T11:01:02.612+0000] {dagbag.py:545} INFO - Filling up the DagBag from /home/airflow/.local/lib/python3.12/site-packages/airflow/example_dags/example_dynamic_task_mapping_with_no_taskflow_operators.py
[2025-05-01T11:01:02.624+0000] {processor.py:840} INFO - DAG(s) 'example_dynamic_task_mapping_with_no_taskflow_operators' retrieved from /home/airflow/.local/lib/python3.12/site-packages/airflow/example_dags/example_dynamic_task_mapping_with_no_taskflow_operators.py
[2025-05-01T11:01:02.664+0000] {logging_mixin.py:188} INFO - [2025-05-01T11:01:02.664+0000] {dag.py:3096} INFO - Sync 1 DAGs
[2025-05-01T11:01:02.708+0000] {logging_mixin.py:188} INFO - [2025-05-01T11:01:02.707+0000] {dag.py:3954} INFO - Setting next_dagrun for example_dynamic_task_mapping_with_no_taskflow_operators to 2025-04-30 00:00:00+00:00, run_after=2025-05-01 00:00:00+00:00
[2025-05-01T11:01:02.749+0000] {processor.py:183} INFO - Processing /home/airflow/.local/lib/python3.12/site-packages/airflow/example_dags/example_dynamic_task_mapping_with_no_taskflow_operators.py took 0.153 seconds
[2025-05-01T11:01:32.854+0000] {processor.py:161} INFO - Started process (PID=1216) to work on /home/airflow/.local/lib/python3.12/site-packages/airflow/example_dags/example_dynamic_task_mapping_with_no_taskflow_operators.py
[2025-05-01T11:01:32.859+0000] {processor.py:830} INFO - Processing file /home/airflow/.local/lib/python3.12/site-packages/airflow/example_dags/example_dynamic_task_mapping_with_no_taskflow_operators.py for tasks to queue
[2025-05-01T11:01:32.864+0000] {logging_mixin.py:188} INFO - [2025-05-01T11:01:32.863+0000] {dagbag.py:545} INFO - Filling up the DagBag from /home/airflow/.local/lib/python3.12/site-packages/airflow/example_dags/example_dynamic_task_mapping_with_no_taskflow_operators.py
[2025-05-01T11:01:32.880+0000] {processor.py:840} INFO - DAG(s) 'example_dynamic_task_mapping_with_no_taskflow_operators' retrieved from /home/airflow/.local/lib/python3.12/site-packages/airflow/example_dags/example_dynamic_task_mapping_with_no_taskflow_operators.py
[2025-05-01T11:01:32.929+0000] {logging_mixin.py:188} INFO - [2025-05-01T11:01:32.928+0000] {dag.py:3096} INFO - Sync 1 DAGs
[2025-05-01T11:01:32.975+0000] {logging_mixin.py:188} INFO - [2025-05-01T11:01:32.974+0000] {dag.py:3954} INFO - Setting next_dagrun for example_dynamic_task_mapping_with_no_taskflow_operators to 2025-04-30 00:00:00+00:00, run_after=2025-05-01 00:00:00+00:00
[2025-05-01T11:01:33.060+0000] {processor.py:183} INFO - Processing /home/airflow/.local/lib/python3.12/site-packages/airflow/example_dags/example_dynamic_task_mapping_with_no_taskflow_operators.py took 0.224 seconds
[2025-05-01T11:02:03.320+0000] {processor.py:161} INFO - Started process (PID=1275) to work on /home/airflow/.local/lib/python3.12/site-packages/airflow/example_dags/example_dynamic_task_mapping_with_no_taskflow_operators.py
[2025-05-01T11:02:03.322+0000] {processor.py:830} INFO - Processing file /home/airflow/.local/lib/python3.12/site-packages/airflow/example_dags/example_dynamic_task_mapping_with_no_taskflow_operators.py for tasks to queue
[2025-05-01T11:02:03.326+0000] {logging_mixin.py:188} INFO - [2025-05-01T11:02:03.325+0000] {dagbag.py:545} INFO - Filling up the DagBag from /home/airflow/.local/lib/python3.12/site-packages/airflow/example_dags/example_dynamic_task_mapping_with_no_taskflow_operators.py
[2025-05-01T11:02:03.342+0000] {processor.py:840} INFO - DAG(s) 'example_dynamic_task_mapping_with_no_taskflow_operators' retrieved from /home/airflow/.local/lib/python3.12/site-packages/airflow/example_dags/example_dynamic_task_mapping_with_no_taskflow_operators.py
[2025-05-01T11:02:03.384+0000] {logging_mixin.py:188} INFO - [2025-05-01T11:02:03.384+0000] {dag.py:3096} INFO - Sync 1 DAGs
[2025-05-01T11:02:03.432+0000] {logging_mixin.py:188} INFO - [2025-05-01T11:02:03.432+0000] {dag.py:3954} INFO - Setting next_dagrun for example_dynamic_task_mapping_with_no_taskflow_operators to 2025-04-30 00:00:00+00:00, run_after=2025-05-01 00:00:00+00:00
[2025-05-01T11:02:03.513+0000] {processor.py:183} INFO - Processing /home/airflow/.local/lib/python3.12/site-packages/airflow/example_dags/example_dynamic_task_mapping_with_no_taskflow_operators.py took 0.206 seconds
[2025-05-01T11:02:34.239+0000] {processor.py:161} INFO - Started process (PID=1334) to work on /home/airflow/.local/lib/python3.12/site-packages/airflow/example_dags/example_dynamic_task_mapping_with_no_taskflow_operators.py
[2025-05-01T11:02:34.241+0000] {processor.py:830} INFO - Processing file /home/airflow/.local/lib/python3.12/site-packages/airflow/example_dags/example_dynamic_task_mapping_with_no_taskflow_operators.py for tasks to queue
[2025-05-01T11:02:34.246+0000] {logging_mixin.py:188} INFO - [2025-05-01T11:02:34.245+0000] {dagbag.py:545} INFO - Filling up the DagBag from /home/airflow/.local/lib/python3.12/site-packages/airflow/example_dags/example_dynamic_task_mapping_with_no_taskflow_operators.py
[2025-05-01T11:02:34.264+0000] {processor.py:840} INFO - DAG(s) 'example_dynamic_task_mapping_with_no_taskflow_operators' retrieved from /home/airflow/.local/lib/python3.12/site-packages/airflow/example_dags/example_dynamic_task_mapping_with_no_taskflow_operators.py
[2025-05-01T11:02:34.312+0000] {logging_mixin.py:188} INFO - [2025-05-01T11:02:34.311+0000] {dag.py:3096} INFO - Sync 1 DAGs
[2025-05-01T11:02:34.368+0000] {logging_mixin.py:188} INFO - [2025-05-01T11:02:34.367+0000] {dag.py:3954} INFO - Setting next_dagrun for example_dynamic_task_mapping_with_no_taskflow_operators to 2025-04-30 00:00:00+00:00, run_after=2025-05-01 00:00:00+00:00
[2025-05-01T11:02:34.458+0000] {processor.py:183} INFO - Processing /home/airflow/.local/lib/python3.12/site-packages/airflow/example_dags/example_dynamic_task_mapping_with_no_taskflow_operators.py took 0.232 seconds
[2025-05-01T11:03:05.219+0000] {processor.py:161} INFO - Started process (PID=1393) to work on /home/airflow/.local/lib/python3.12/site-packages/airflow/example_dags/example_dynamic_task_mapping_with_no_taskflow_operators.py
[2025-05-01T11:03:05.221+0000] {processor.py:830} INFO - Processing file /home/airflow/.local/lib/python3.12/site-packages/airflow/example_dags/example_dynamic_task_mapping_with_no_taskflow_operators.py for tasks to queue
[2025-05-01T11:03:05.225+0000] {logging_mixin.py:188} INFO - [2025-05-01T11:03:05.224+0000] {dagbag.py:545} INFO - Filling up the DagBag from /home/airflow/.local/lib/python3.12/site-packages/airflow/example_dags/example_dynamic_task_mapping_with_no_taskflow_operators.py
[2025-05-01T11:03:05.237+0000] {processor.py:840} INFO - DAG(s) 'example_dynamic_task_mapping_with_no_taskflow_operators' retrieved from /home/airflow/.local/lib/python3.12/site-packages/airflow/example_dags/example_dynamic_task_mapping_with_no_taskflow_operators.py
[2025-05-01T11:03:05.284+0000] {logging_mixin.py:188} INFO - [2025-05-01T11:03:05.283+0000] {dag.py:3096} INFO - Sync 1 DAGs
[2025-05-01T11:03:05.333+0000] {logging_mixin.py:188} INFO - [2025-05-01T11:03:05.333+0000] {dag.py:3954} INFO - Setting next_dagrun for example_dynamic_task_mapping_with_no_taskflow_operators to 2025-04-30 00:00:00+00:00, run_after=2025-05-01 00:00:00+00:00
[2025-05-01T11:03:05.422+0000] {processor.py:183} INFO - Processing /home/airflow/.local/lib/python3.12/site-packages/airflow/example_dags/example_dynamic_task_mapping_with_no_taskflow_operators.py took 0.213 seconds
[2025-05-01T11:03:36.025+0000] {processor.py:161} INFO - Started process (PID=1452) to work on /home/airflow/.local/lib/python3.12/site-packages/airflow/example_dags/example_dynamic_task_mapping_with_no_taskflow_operators.py
[2025-05-01T11:03:36.027+0000] {processor.py:830} INFO - Processing file /home/airflow/.local/lib/python3.12/site-packages/airflow/example_dags/example_dynamic_task_mapping_with_no_taskflow_operators.py for tasks to queue
[2025-05-01T11:03:36.032+0000] {logging_mixin.py:188} INFO - [2025-05-01T11:03:36.031+0000] {dagbag.py:545} INFO - Filling up the DagBag from /home/airflow/.local/lib/python3.12/site-packages/airflow/example_dags/example_dynamic_task_mapping_with_no_taskflow_operators.py
[2025-05-01T11:03:36.047+0000] {processor.py:840} INFO - DAG(s) 'example_dynamic_task_mapping_with_no_taskflow_operators' retrieved from /home/airflow/.local/lib/python3.12/site-packages/airflow/example_dags/example_dynamic_task_mapping_with_no_taskflow_operators.py
[2025-05-01T11:03:36.093+0000] {logging_mixin.py:188} INFO - [2025-05-01T11:03:36.093+0000] {dag.py:3096} INFO - Sync 1 DAGs
[2025-05-01T11:03:36.151+0000] {logging_mixin.py:188} INFO - [2025-05-01T11:03:36.150+0000] {dag.py:3954} INFO - Setting next_dagrun for example_dynamic_task_mapping_with_no_taskflow_operators to 2025-04-30 00:00:00+00:00, run_after=2025-05-01 00:00:00+00:00
[2025-05-01T11:03:36.242+0000] {processor.py:183} INFO - Processing /home/airflow/.local/lib/python3.12/site-packages/airflow/example_dags/example_dynamic_task_mapping_with_no_taskflow_operators.py took 0.232 seconds
[2025-05-01T11:04:06.572+0000] {processor.py:161} INFO - Started process (PID=1511) to work on /home/airflow/.local/lib/python3.12/site-packages/airflow/example_dags/example_dynamic_task_mapping_with_no_taskflow_operators.py
[2025-05-01T11:04:06.575+0000] {processor.py:830} INFO - Processing file /home/airflow/.local/lib/python3.12/site-packages/airflow/example_dags/example_dynamic_task_mapping_with_no_taskflow_operators.py for tasks to queue
[2025-05-01T11:04:06.580+0000] {logging_mixin.py:188} INFO - [2025-05-01T11:04:06.579+0000] {dagbag.py:545} INFO - Filling up the DagBag from /home/airflow/.local/lib/python3.12/site-packages/airflow/example_dags/example_dynamic_task_mapping_with_no_taskflow_operators.py
[2025-05-01T11:04:06.597+0000] {processor.py:840} INFO - DAG(s) 'example_dynamic_task_mapping_with_no_taskflow_operators' retrieved from /home/airflow/.local/lib/python3.12/site-packages/airflow/example_dags/example_dynamic_task_mapping_with_no_taskflow_operators.py
[2025-05-01T11:04:06.653+0000] {logging_mixin.py:188} INFO - [2025-05-01T11:04:06.652+0000] {dag.py:3096} INFO - Sync 1 DAGs
[2025-05-01T11:04:06.714+0000] {logging_mixin.py:188} INFO - [2025-05-01T11:04:06.713+0000] {dag.py:3954} INFO - Setting next_dagrun for example_dynamic_task_mapping_with_no_taskflow_operators to 2025-04-30 00:00:00+00:00, run_after=2025-05-01 00:00:00+00:00
[2025-05-01T11:04:06.782+0000] {processor.py:183} INFO - Processing /home/airflow/.local/lib/python3.12/site-packages/airflow/example_dags/example_dynamic_task_mapping_with_no_taskflow_operators.py took 0.223 seconds
[2025-05-01T11:04:37.482+0000] {processor.py:161} INFO - Started process (PID=1570) to work on /home/airflow/.local/lib/python3.12/site-packages/airflow/example_dags/example_dynamic_task_mapping_with_no_taskflow_operators.py
[2025-05-01T11:04:37.486+0000] {processor.py:830} INFO - Processing file /home/airflow/.local/lib/python3.12/site-packages/airflow/example_dags/example_dynamic_task_mapping_with_no_taskflow_operators.py for tasks to queue
[2025-05-01T11:04:37.492+0000] {logging_mixin.py:188} INFO - [2025-05-01T11:04:37.491+0000] {dagbag.py:545} INFO - Filling up the DagBag from /home/airflow/.local/lib/python3.12/site-packages/airflow/example_dags/example_dynamic_task_mapping_with_no_taskflow_operators.py
[2025-05-01T11:04:37.510+0000] {processor.py:840} INFO - DAG(s) 'example_dynamic_task_mapping_with_no_taskflow_operators' retrieved from /home/airflow/.local/lib/python3.12/site-packages/airflow/example_dags/example_dynamic_task_mapping_with_no_taskflow_operators.py
[2025-05-01T11:04:37.578+0000] {logging_mixin.py:188} INFO - [2025-05-01T11:04:37.577+0000] {dag.py:3096} INFO - Sync 1 DAGs
[2025-05-01T11:04:37.655+0000] {logging_mixin.py:188} INFO - [2025-05-01T11:04:37.653+0000] {dag.py:3954} INFO - Setting next_dagrun for example_dynamic_task_mapping_with_no_taskflow_operators to 2025-04-30 00:00:00+00:00, run_after=2025-05-01 00:00:00+00:00
[2025-05-01T11:04:37.723+0000] {processor.py:183} INFO - Processing /home/airflow/.local/lib/python3.12/site-packages/airflow/example_dags/example_dynamic_task_mapping_with_no_taskflow_operators.py took 0.259 seconds
[2025-05-01T11:05:08.269+0000] {processor.py:161} INFO - Started process (PID=1629) to work on /home/airflow/.local/lib/python3.12/site-packages/airflow/example_dags/example_dynamic_task_mapping_with_no_taskflow_operators.py
[2025-05-01T11:05:08.272+0000] {processor.py:830} INFO - Processing file /home/airflow/.local/lib/python3.12/site-packages/airflow/example_dags/example_dynamic_task_mapping_with_no_taskflow_operators.py for tasks to queue
[2025-05-01T11:05:08.277+0000] {logging_mixin.py:188} INFO - [2025-05-01T11:05:08.276+0000] {dagbag.py:545} INFO - Filling up the DagBag from /home/airflow/.local/lib/python3.12/site-packages/airflow/example_dags/example_dynamic_task_mapping_with_no_taskflow_operators.py
[2025-05-01T11:05:08.293+0000] {processor.py:840} INFO - DAG(s) 'example_dynamic_task_mapping_with_no_taskflow_operators' retrieved from /home/airflow/.local/lib/python3.12/site-packages/airflow/example_dags/example_dynamic_task_mapping_with_no_taskflow_operators.py
[2025-05-01T11:05:08.361+0000] {logging_mixin.py:188} INFO - [2025-05-01T11:05:08.361+0000] {dag.py:3096} INFO - Sync 1 DAGs
[2025-05-01T11:05:08.421+0000] {logging_mixin.py:188} INFO - [2025-05-01T11:05:08.420+0000] {dag.py:3954} INFO - Setting next_dagrun for example_dynamic_task_mapping_with_no_taskflow_operators to 2025-04-30 00:00:00+00:00, run_after=2025-05-01 00:00:00+00:00
[2025-05-01T11:05:08.486+0000] {processor.py:183} INFO - Processing /home/airflow/.local/lib/python3.12/site-packages/airflow/example_dags/example_dynamic_task_mapping_with_no_taskflow_operators.py took 0.228 seconds
[2025-05-01T11:05:38.686+0000] {processor.py:161} INFO - Started process (PID=1688) to work on /home/airflow/.local/lib/python3.12/site-packages/airflow/example_dags/example_dynamic_task_mapping_with_no_taskflow_operators.py
[2025-05-01T11:05:38.689+0000] {processor.py:830} INFO - Processing file /home/airflow/.local/lib/python3.12/site-packages/airflow/example_dags/example_dynamic_task_mapping_with_no_taskflow_operators.py for tasks to queue
[2025-05-01T11:05:38.695+0000] {logging_mixin.py:188} INFO - [2025-05-01T11:05:38.694+0000] {dagbag.py:545} INFO - Filling up the DagBag from /home/airflow/.local/lib/python3.12/site-packages/airflow/example_dags/example_dynamic_task_mapping_with_no_taskflow_operators.py
[2025-05-01T11:05:38.713+0000] {processor.py:840} INFO - DAG(s) 'example_dynamic_task_mapping_with_no_taskflow_operators' retrieved from /home/airflow/.local/lib/python3.12/site-packages/airflow/example_dags/example_dynamic_task_mapping_with_no_taskflow_operators.py
[2025-05-01T11:05:38.766+0000] {logging_mixin.py:188} INFO - [2025-05-01T11:05:38.765+0000] {dag.py:3096} INFO - Sync 1 DAGs
[2025-05-01T11:05:38.824+0000] {logging_mixin.py:188} INFO - [2025-05-01T11:05:38.823+0000] {dag.py:3954} INFO - Setting next_dagrun for example_dynamic_task_mapping_with_no_taskflow_operators to 2025-04-30 00:00:00+00:00, run_after=2025-05-01 00:00:00+00:00
[2025-05-01T11:05:38.868+0000] {processor.py:183} INFO - Processing /home/airflow/.local/lib/python3.12/site-packages/airflow/example_dags/example_dynamic_task_mapping_with_no_taskflow_operators.py took 0.197 seconds
[2025-05-01T11:06:09.375+0000] {processor.py:161} INFO - Started process (PID=1746) to work on /home/airflow/.local/lib/python3.12/site-packages/airflow/example_dags/example_dynamic_task_mapping_with_no_taskflow_operators.py
[2025-05-01T11:06:09.378+0000] {processor.py:830} INFO - Processing file /home/airflow/.local/lib/python3.12/site-packages/airflow/example_dags/example_dynamic_task_mapping_with_no_taskflow_operators.py for tasks to queue
[2025-05-01T11:06:09.382+0000] {logging_mixin.py:188} INFO - [2025-05-01T11:06:09.381+0000] {dagbag.py:545} INFO - Filling up the DagBag from /home/airflow/.local/lib/python3.12/site-packages/airflow/example_dags/example_dynamic_task_mapping_with_no_taskflow_operators.py
[2025-05-01T11:06:09.395+0000] {processor.py:840} INFO - DAG(s) 'example_dynamic_task_mapping_with_no_taskflow_operators' retrieved from /home/airflow/.local/lib/python3.12/site-packages/airflow/example_dags/example_dynamic_task_mapping_with_no_taskflow_operators.py
[2025-05-01T11:06:09.450+0000] {logging_mixin.py:188} INFO - [2025-05-01T11:06:09.449+0000] {dag.py:3096} INFO - Sync 1 DAGs
[2025-05-01T11:06:09.524+0000] {logging_mixin.py:188} INFO - [2025-05-01T11:06:09.524+0000] {dag.py:3954} INFO - Setting next_dagrun for example_dynamic_task_mapping_with_no_taskflow_operators to 2025-04-30 00:00:00+00:00, run_after=2025-05-01 00:00:00+00:00
[2025-05-01T11:06:09.570+0000] {processor.py:183} INFO - Processing /home/airflow/.local/lib/python3.12/site-packages/airflow/example_dags/example_dynamic_task_mapping_with_no_taskflow_operators.py took 0.205 seconds
[2025-05-01T11:06:40.169+0000] {processor.py:161} INFO - Started process (PID=1806) to work on /home/airflow/.local/lib/python3.12/site-packages/airflow/example_dags/example_dynamic_task_mapping_with_no_taskflow_operators.py
[2025-05-01T11:06:40.171+0000] {processor.py:830} INFO - Processing file /home/airflow/.local/lib/python3.12/site-packages/airflow/example_dags/example_dynamic_task_mapping_with_no_taskflow_operators.py for tasks to queue
[2025-05-01T11:06:40.175+0000] {logging_mixin.py:188} INFO - [2025-05-01T11:06:40.174+0000] {dagbag.py:545} INFO - Filling up the DagBag from /home/airflow/.local/lib/python3.12/site-packages/airflow/example_dags/example_dynamic_task_mapping_with_no_taskflow_operators.py
[2025-05-01T11:06:40.189+0000] {processor.py:840} INFO - DAG(s) 'example_dynamic_task_mapping_with_no_taskflow_operators' retrieved from /home/airflow/.local/lib/python3.12/site-packages/airflow/example_dags/example_dynamic_task_mapping_with_no_taskflow_operators.py
[2025-05-01T11:06:40.239+0000] {logging_mixin.py:188} INFO - [2025-05-01T11:06:40.238+0000] {dag.py:3096} INFO - Sync 1 DAGs
[2025-05-01T11:06:40.306+0000] {logging_mixin.py:188} INFO - [2025-05-01T11:06:40.305+0000] {dag.py:3954} INFO - Setting next_dagrun for example_dynamic_task_mapping_with_no_taskflow_operators to 2025-04-30 00:00:00+00:00, run_after=2025-05-01 00:00:00+00:00
[2025-05-01T11:06:40.352+0000] {processor.py:183} INFO - Processing /home/airflow/.local/lib/python3.12/site-packages/airflow/example_dags/example_dynamic_task_mapping_with_no_taskflow_operators.py took 0.193 seconds
[2025-05-01T11:07:12.264+0000] {processor.py:161} INFO - Started process (PID=1865) to work on /home/airflow/.local/lib/python3.12/site-packages/airflow/example_dags/example_dynamic_task_mapping_with_no_taskflow_operators.py
[2025-05-01T11:07:12.267+0000] {processor.py:830} INFO - Processing file /home/airflow/.local/lib/python3.12/site-packages/airflow/example_dags/example_dynamic_task_mapping_with_no_taskflow_operators.py for tasks to queue
[2025-05-01T11:07:12.272+0000] {logging_mixin.py:188} INFO - [2025-05-01T11:07:12.271+0000] {dagbag.py:545} INFO - Filling up the DagBag from /home/airflow/.local/lib/python3.12/site-packages/airflow/example_dags/example_dynamic_task_mapping_with_no_taskflow_operators.py
[2025-05-01T11:07:12.288+0000] {processor.py:840} INFO - DAG(s) 'example_dynamic_task_mapping_with_no_taskflow_operators' retrieved from /home/airflow/.local/lib/python3.12/site-packages/airflow/example_dags/example_dynamic_task_mapping_with_no_taskflow_operators.py
[2025-05-01T11:07:12.345+0000] {logging_mixin.py:188} INFO - [2025-05-01T11:07:12.344+0000] {dag.py:3096} INFO - Sync 1 DAGs
[2025-05-01T11:07:12.405+0000] {logging_mixin.py:188} INFO - [2025-05-01T11:07:12.405+0000] {dag.py:3954} INFO - Setting next_dagrun for example_dynamic_task_mapping_with_no_taskflow_operators to 2025-04-30 00:00:00+00:00, run_after=2025-05-01 00:00:00+00:00
[2025-05-01T11:07:12.506+0000] {processor.py:183} INFO - Processing /home/airflow/.local/lib/python3.12/site-packages/airflow/example_dags/example_dynamic_task_mapping_with_no_taskflow_operators.py took 0.254 seconds
[2025-05-01T11:07:44.996+0000] {processor.py:161} INFO - Started process (PID=1924) to work on /home/airflow/.local/lib/python3.12/site-packages/airflow/example_dags/example_dynamic_task_mapping_with_no_taskflow_operators.py
[2025-05-01T11:07:44.998+0000] {processor.py:830} INFO - Processing file /home/airflow/.local/lib/python3.12/site-packages/airflow/example_dags/example_dynamic_task_mapping_with_no_taskflow_operators.py for tasks to queue
[2025-05-01T11:07:45.003+0000] {logging_mixin.py:188} INFO - [2025-05-01T11:07:45.002+0000] {dagbag.py:545} INFO - Filling up the DagBag from /home/airflow/.local/lib/python3.12/site-packages/airflow/example_dags/example_dynamic_task_mapping_with_no_taskflow_operators.py
[2025-05-01T11:07:45.021+0000] {processor.py:840} INFO - DAG(s) 'example_dynamic_task_mapping_with_no_taskflow_operators' retrieved from /home/airflow/.local/lib/python3.12/site-packages/airflow/example_dags/example_dynamic_task_mapping_with_no_taskflow_operators.py
[2025-05-01T11:07:45.065+0000] {logging_mixin.py:188} INFO - [2025-05-01T11:07:45.064+0000] {dag.py:3096} INFO - Sync 1 DAGs
[2025-05-01T11:07:45.114+0000] {logging_mixin.py:188} INFO - [2025-05-01T11:07:45.114+0000] {dag.py:3954} INFO - Setting next_dagrun for example_dynamic_task_mapping_with_no_taskflow_operators to 2025-04-30 00:00:00+00:00, run_after=2025-05-01 00:00:00+00:00
[2025-05-01T11:07:45.188+0000] {processor.py:183} INFO - Processing /home/airflow/.local/lib/python3.12/site-packages/airflow/example_dags/example_dynamic_task_mapping_with_no_taskflow_operators.py took 0.204 seconds
[2025-05-01T11:08:16.398+0000] {processor.py:161} INFO - Started process (PID=1983) to work on /home/airflow/.local/lib/python3.12/site-packages/airflow/example_dags/example_dynamic_task_mapping_with_no_taskflow_operators.py
[2025-05-01T11:08:16.400+0000] {processor.py:830} INFO - Processing file /home/airflow/.local/lib/python3.12/site-packages/airflow/example_dags/example_dynamic_task_mapping_with_no_taskflow_operators.py for tasks to queue
[2025-05-01T11:08:16.404+0000] {logging_mixin.py:188} INFO - [2025-05-01T11:08:16.403+0000] {dagbag.py:545} INFO - Filling up the DagBag from /home/airflow/.local/lib/python3.12/site-packages/airflow/example_dags/example_dynamic_task_mapping_with_no_taskflow_operators.py
[2025-05-01T11:08:16.418+0000] {processor.py:840} INFO - DAG(s) 'example_dynamic_task_mapping_with_no_taskflow_operators' retrieved from /home/airflow/.local/lib/python3.12/site-packages/airflow/example_dags/example_dynamic_task_mapping_with_no_taskflow_operators.py
[2025-05-01T11:08:16.463+0000] {logging_mixin.py:188} INFO - [2025-05-01T11:08:16.463+0000] {dag.py:3096} INFO - Sync 1 DAGs
[2025-05-01T11:08:16.515+0000] {logging_mixin.py:188} INFO - [2025-05-01T11:08:16.514+0000] {dag.py:3954} INFO - Setting next_dagrun for example_dynamic_task_mapping_with_no_taskflow_operators to 2025-04-30 00:00:00+00:00, run_after=2025-05-01 00:00:00+00:00
[2025-05-01T11:08:16.774+0000] {processor.py:183} INFO - Processing /home/airflow/.local/lib/python3.12/site-packages/airflow/example_dags/example_dynamic_task_mapping_with_no_taskflow_operators.py took 0.389 seconds
[2025-05-01T11:08:47.050+0000] {processor.py:161} INFO - Started process (PID=2042) to work on /home/airflow/.local/lib/python3.12/site-packages/airflow/example_dags/example_dynamic_task_mapping_with_no_taskflow_operators.py
[2025-05-01T11:08:47.053+0000] {processor.py:830} INFO - Processing file /home/airflow/.local/lib/python3.12/site-packages/airflow/example_dags/example_dynamic_task_mapping_with_no_taskflow_operators.py for tasks to queue
[2025-05-01T11:08:47.057+0000] {logging_mixin.py:188} INFO - [2025-05-01T11:08:47.056+0000] {dagbag.py:545} INFO - Filling up the DagBag from /home/airflow/.local/lib/python3.12/site-packages/airflow/example_dags/example_dynamic_task_mapping_with_no_taskflow_operators.py
[2025-05-01T11:08:47.069+0000] {processor.py:840} INFO - DAG(s) 'example_dynamic_task_mapping_with_no_taskflow_operators' retrieved from /home/airflow/.local/lib/python3.12/site-packages/airflow/example_dags/example_dynamic_task_mapping_with_no_taskflow_operators.py
[2025-05-01T11:08:47.110+0000] {logging_mixin.py:188} INFO - [2025-05-01T11:08:47.109+0000] {dag.py:3096} INFO - Sync 1 DAGs
[2025-05-01T11:08:47.158+0000] {logging_mixin.py:188} INFO - [2025-05-01T11:08:47.157+0000] {dag.py:3954} INFO - Setting next_dagrun for example_dynamic_task_mapping_with_no_taskflow_operators to 2025-04-30 00:00:00+00:00, run_after=2025-05-01 00:00:00+00:00
[2025-05-01T11:08:47.206+0000] {processor.py:183} INFO - Processing /home/airflow/.local/lib/python3.12/site-packages/airflow/example_dags/example_dynamic_task_mapping_with_no_taskflow_operators.py took 0.167 seconds
[2025-05-01T11:09:18.439+0000] {processor.py:161} INFO - Started process (PID=2101) to work on /home/airflow/.local/lib/python3.12/site-packages/airflow/example_dags/example_dynamic_task_mapping_with_no_taskflow_operators.py
[2025-05-01T11:09:18.441+0000] {processor.py:830} INFO - Processing file /home/airflow/.local/lib/python3.12/site-packages/airflow/example_dags/example_dynamic_task_mapping_with_no_taskflow_operators.py for tasks to queue
[2025-05-01T11:09:18.445+0000] {logging_mixin.py:188} INFO - [2025-05-01T11:09:18.444+0000] {dagbag.py:545} INFO - Filling up the DagBag from /home/airflow/.local/lib/python3.12/site-packages/airflow/example_dags/example_dynamic_task_mapping_with_no_taskflow_operators.py
[2025-05-01T11:09:18.458+0000] {processor.py:840} INFO - DAG(s) 'example_dynamic_task_mapping_with_no_taskflow_operators' retrieved from /home/airflow/.local/lib/python3.12/site-packages/airflow/example_dags/example_dynamic_task_mapping_with_no_taskflow_operators.py
[2025-05-01T11:09:18.507+0000] {logging_mixin.py:188} INFO - [2025-05-01T11:09:18.506+0000] {dag.py:3096} INFO - Sync 1 DAGs
[2025-05-01T11:09:18.554+0000] {logging_mixin.py:188} INFO - [2025-05-01T11:09:18.554+0000] {dag.py:3954} INFO - Setting next_dagrun for example_dynamic_task_mapping_with_no_taskflow_operators to 2025-04-30 00:00:00+00:00, run_after=2025-05-01 00:00:00+00:00
[2025-05-01T11:09:18.593+0000] {processor.py:183} INFO - Processing /home/airflow/.local/lib/python3.12/site-packages/airflow/example_dags/example_dynamic_task_mapping_with_no_taskflow_operators.py took 0.166 seconds
[2025-05-01T11:09:49.397+0000] {processor.py:161} INFO - Started process (PID=2160) to work on /home/airflow/.local/lib/python3.12/site-packages/airflow/example_dags/example_dynamic_task_mapping_with_no_taskflow_operators.py
[2025-05-01T11:09:49.400+0000] {processor.py:830} INFO - Processing file /home/airflow/.local/lib/python3.12/site-packages/airflow/example_dags/example_dynamic_task_mapping_with_no_taskflow_operators.py for tasks to queue
[2025-05-01T11:09:49.404+0000] {logging_mixin.py:188} INFO - [2025-05-01T11:09:49.404+0000] {dagbag.py:545} INFO - Filling up the DagBag from /home/airflow/.local/lib/python3.12/site-packages/airflow/example_dags/example_dynamic_task_mapping_with_no_taskflow_operators.py
[2025-05-01T11:09:49.417+0000] {processor.py:840} INFO - DAG(s) 'example_dynamic_task_mapping_with_no_taskflow_operators' retrieved from /home/airflow/.local/lib/python3.12/site-packages/airflow/example_dags/example_dynamic_task_mapping_with_no_taskflow_operators.py
[2025-05-01T11:09:49.460+0000] {logging_mixin.py:188} INFO - [2025-05-01T11:09:49.459+0000] {dag.py:3096} INFO - Sync 1 DAGs
[2025-05-01T11:09:49.508+0000] {logging_mixin.py:188} INFO - [2025-05-01T11:09:49.507+0000] {dag.py:3954} INFO - Setting next_dagrun for example_dynamic_task_mapping_with_no_taskflow_operators to 2025-04-30 00:00:00+00:00, run_after=2025-05-01 00:00:00+00:00
[2025-05-01T11:09:49.551+0000] {processor.py:183} INFO - Processing /home/airflow/.local/lib/python3.12/site-packages/airflow/example_dags/example_dynamic_task_mapping_with_no_taskflow_operators.py took 0.167 seconds
[2025-05-01T11:10:19.974+0000] {processor.py:161} INFO - Started process (PID=2217) to work on /home/airflow/.local/lib/python3.12/site-packages/airflow/example_dags/example_dynamic_task_mapping_with_no_taskflow_operators.py
[2025-05-01T11:10:19.976+0000] {processor.py:830} INFO - Processing file /home/airflow/.local/lib/python3.12/site-packages/airflow/example_dags/example_dynamic_task_mapping_with_no_taskflow_operators.py for tasks to queue
[2025-05-01T11:10:19.980+0000] {logging_mixin.py:188} INFO - [2025-05-01T11:10:19.979+0000] {dagbag.py:545} INFO - Filling up the DagBag from /home/airflow/.local/lib/python3.12/site-packages/airflow/example_dags/example_dynamic_task_mapping_with_no_taskflow_operators.py
[2025-05-01T11:10:19.997+0000] {processor.py:840} INFO - DAG(s) 'example_dynamic_task_mapping_with_no_taskflow_operators' retrieved from /home/airflow/.local/lib/python3.12/site-packages/airflow/example_dags/example_dynamic_task_mapping_with_no_taskflow_operators.py
[2025-05-01T11:10:20.047+0000] {logging_mixin.py:188} INFO - [2025-05-01T11:10:20.047+0000] {dag.py:3096} INFO - Sync 1 DAGs
[2025-05-01T11:10:20.102+0000] {logging_mixin.py:188} INFO - [2025-05-01T11:10:20.102+0000] {dag.py:3954} INFO - Setting next_dagrun for example_dynamic_task_mapping_with_no_taskflow_operators to 2025-04-30 00:00:00+00:00, run_after=2025-05-01 00:00:00+00:00
[2025-05-01T11:10:20.186+0000] {processor.py:183} INFO - Processing /home/airflow/.local/lib/python3.12/site-packages/airflow/example_dags/example_dynamic_task_mapping_with_no_taskflow_operators.py took 0.224 seconds
[2025-05-01T11:10:50.700+0000] {processor.py:161} INFO - Started process (PID=2276) to work on /home/airflow/.local/lib/python3.12/site-packages/airflow/example_dags/example_dynamic_task_mapping_with_no_taskflow_operators.py
[2025-05-01T11:10:50.702+0000] {processor.py:830} INFO - Processing file /home/airflow/.local/lib/python3.12/site-packages/airflow/example_dags/example_dynamic_task_mapping_with_no_taskflow_operators.py for tasks to queue
[2025-05-01T11:10:50.706+0000] {logging_mixin.py:188} INFO - [2025-05-01T11:10:50.705+0000] {dagbag.py:545} INFO - Filling up the DagBag from /home/airflow/.local/lib/python3.12/site-packages/airflow/example_dags/example_dynamic_task_mapping_with_no_taskflow_operators.py
[2025-05-01T11:10:50.719+0000] {processor.py:840} INFO - DAG(s) 'example_dynamic_task_mapping_with_no_taskflow_operators' retrieved from /home/airflow/.local/lib/python3.12/site-packages/airflow/example_dags/example_dynamic_task_mapping_with_no_taskflow_operators.py
[2025-05-01T11:10:50.760+0000] {logging_mixin.py:188} INFO - [2025-05-01T11:10:50.759+0000] {dag.py:3096} INFO - Sync 1 DAGs
[2025-05-01T11:10:50.806+0000] {logging_mixin.py:188} INFO - [2025-05-01T11:10:50.805+0000] {dag.py:3954} INFO - Setting next_dagrun for example_dynamic_task_mapping_with_no_taskflow_operators to 2025-04-30 00:00:00+00:00, run_after=2025-05-01 00:00:00+00:00
[2025-05-01T11:10:50.885+0000] {processor.py:183} INFO - Processing /home/airflow/.local/lib/python3.12/site-packages/airflow/example_dags/example_dynamic_task_mapping_with_no_taskflow_operators.py took 0.196 seconds
[2025-05-01T11:11:21.431+0000] {processor.py:161} INFO - Started process (PID=2335) to work on /home/airflow/.local/lib/python3.12/site-packages/airflow/example_dags/example_dynamic_task_mapping_with_no_taskflow_operators.py
[2025-05-01T11:11:21.434+0000] {processor.py:830} INFO - Processing file /home/airflow/.local/lib/python3.12/site-packages/airflow/example_dags/example_dynamic_task_mapping_with_no_taskflow_operators.py for tasks to queue
[2025-05-01T11:11:21.438+0000] {logging_mixin.py:188} INFO - [2025-05-01T11:11:21.437+0000] {dagbag.py:545} INFO - Filling up the DagBag from /home/airflow/.local/lib/python3.12/site-packages/airflow/example_dags/example_dynamic_task_mapping_with_no_taskflow_operators.py
[2025-05-01T11:11:21.460+0000] {processor.py:840} INFO - DAG(s) 'example_dynamic_task_mapping_with_no_taskflow_operators' retrieved from /home/airflow/.local/lib/python3.12/site-packages/airflow/example_dags/example_dynamic_task_mapping_with_no_taskflow_operators.py
[2025-05-01T11:11:21.505+0000] {logging_mixin.py:188} INFO - [2025-05-01T11:11:21.505+0000] {dag.py:3096} INFO - Sync 1 DAGs
[2025-05-01T11:11:21.560+0000] {logging_mixin.py:188} INFO - [2025-05-01T11:11:21.560+0000] {dag.py:3954} INFO - Setting next_dagrun for example_dynamic_task_mapping_with_no_taskflow_operators to 2025-04-30 00:00:00+00:00, run_after=2025-05-01 00:00:00+00:00
[2025-05-01T11:11:21.611+0000] {processor.py:183} INFO - Processing /home/airflow/.local/lib/python3.12/site-packages/airflow/example_dags/example_dynamic_task_mapping_with_no_taskflow_operators.py took 0.198 seconds
[2025-05-01T11:11:52.077+0000] {processor.py:161} INFO - Started process (PID=2394) to work on /home/airflow/.local/lib/python3.12/site-packages/airflow/example_dags/example_dynamic_task_mapping_with_no_taskflow_operators.py
[2025-05-01T11:11:52.080+0000] {processor.py:830} INFO - Processing file /home/airflow/.local/lib/python3.12/site-packages/airflow/example_dags/example_dynamic_task_mapping_with_no_taskflow_operators.py for tasks to queue
[2025-05-01T11:11:52.087+0000] {logging_mixin.py:188} INFO - [2025-05-01T11:11:52.086+0000] {dagbag.py:545} INFO - Filling up the DagBag from /home/airflow/.local/lib/python3.12/site-packages/airflow/example_dags/example_dynamic_task_mapping_with_no_taskflow_operators.py
[2025-05-01T11:11:52.107+0000] {processor.py:840} INFO - DAG(s) 'example_dynamic_task_mapping_with_no_taskflow_operators' retrieved from /home/airflow/.local/lib/python3.12/site-packages/airflow/example_dags/example_dynamic_task_mapping_with_no_taskflow_operators.py
[2025-05-01T11:11:52.159+0000] {logging_mixin.py:188} INFO - [2025-05-01T11:11:52.159+0000] {dag.py:3096} INFO - Sync 1 DAGs
[2025-05-01T11:11:52.229+0000] {logging_mixin.py:188} INFO - [2025-05-01T11:11:52.228+0000] {dag.py:3954} INFO - Setting next_dagrun for example_dynamic_task_mapping_with_no_taskflow_operators to 2025-04-30 00:00:00+00:00, run_after=2025-05-01 00:00:00+00:00
[2025-05-01T11:11:52.298+0000] {processor.py:183} INFO - Processing /home/airflow/.local/lib/python3.12/site-packages/airflow/example_dags/example_dynamic_task_mapping_with_no_taskflow_operators.py took 0.241 seconds
[2025-05-01T11:12:22.684+0000] {processor.py:161} INFO - Started process (PID=2453) to work on /home/airflow/.local/lib/python3.12/site-packages/airflow/example_dags/example_dynamic_task_mapping_with_no_taskflow_operators.py
[2025-05-01T11:12:22.688+0000] {processor.py:830} INFO - Processing file /home/airflow/.local/lib/python3.12/site-packages/airflow/example_dags/example_dynamic_task_mapping_with_no_taskflow_operators.py for tasks to queue
[2025-05-01T11:12:22.695+0000] {logging_mixin.py:188} INFO - [2025-05-01T11:12:22.694+0000] {dagbag.py:545} INFO - Filling up the DagBag from /home/airflow/.local/lib/python3.12/site-packages/airflow/example_dags/example_dynamic_task_mapping_with_no_taskflow_operators.py
[2025-05-01T11:12:22.717+0000] {processor.py:840} INFO - DAG(s) 'example_dynamic_task_mapping_with_no_taskflow_operators' retrieved from /home/airflow/.local/lib/python3.12/site-packages/airflow/example_dags/example_dynamic_task_mapping_with_no_taskflow_operators.py
[2025-05-01T11:12:22.776+0000] {logging_mixin.py:188} INFO - [2025-05-01T11:12:22.776+0000] {dag.py:3096} INFO - Sync 1 DAGs
[2025-05-01T11:12:22.843+0000] {logging_mixin.py:188} INFO - [2025-05-01T11:12:22.843+0000] {dag.py:3954} INFO - Setting next_dagrun for example_dynamic_task_mapping_with_no_taskflow_operators to 2025-04-30 00:00:00+00:00, run_after=2025-05-01 00:00:00+00:00
[2025-05-01T11:12:22.902+0000] {processor.py:183} INFO - Processing /home/airflow/.local/lib/python3.12/site-packages/airflow/example_dags/example_dynamic_task_mapping_with_no_taskflow_operators.py took 0.237 seconds
[2025-05-01T11:12:53.437+0000] {processor.py:161} INFO - Started process (PID=2512) to work on /home/airflow/.local/lib/python3.12/site-packages/airflow/example_dags/example_dynamic_task_mapping_with_no_taskflow_operators.py
[2025-05-01T11:12:53.439+0000] {processor.py:830} INFO - Processing file /home/airflow/.local/lib/python3.12/site-packages/airflow/example_dags/example_dynamic_task_mapping_with_no_taskflow_operators.py for tasks to queue
[2025-05-01T11:12:53.444+0000] {logging_mixin.py:188} INFO - [2025-05-01T11:12:53.443+0000] {dagbag.py:545} INFO - Filling up the DagBag from /home/airflow/.local/lib/python3.12/site-packages/airflow/example_dags/example_dynamic_task_mapping_with_no_taskflow_operators.py
[2025-05-01T11:12:53.457+0000] {processor.py:840} INFO - DAG(s) 'example_dynamic_task_mapping_with_no_taskflow_operators' retrieved from /home/airflow/.local/lib/python3.12/site-packages/airflow/example_dags/example_dynamic_task_mapping_with_no_taskflow_operators.py
[2025-05-01T11:12:53.498+0000] {logging_mixin.py:188} INFO - [2025-05-01T11:12:53.497+0000] {dag.py:3096} INFO - Sync 1 DAGs
[2025-05-01T11:12:53.547+0000] {logging_mixin.py:188} INFO - [2025-05-01T11:12:53.546+0000] {dag.py:3954} INFO - Setting next_dagrun for example_dynamic_task_mapping_with_no_taskflow_operators to 2025-04-30 00:00:00+00:00, run_after=2025-05-01 00:00:00+00:00
[2025-05-01T11:12:53.587+0000] {processor.py:183} INFO - Processing /home/airflow/.local/lib/python3.12/site-packages/airflow/example_dags/example_dynamic_task_mapping_with_no_taskflow_operators.py took 0.162 seconds
[2025-05-01T11:13:24.446+0000] {processor.py:161} INFO - Started process (PID=2577) to work on /home/airflow/.local/lib/python3.12/site-packages/airflow/example_dags/example_dynamic_task_mapping_with_no_taskflow_operators.py
[2025-05-01T11:13:24.448+0000] {processor.py:830} INFO - Processing file /home/airflow/.local/lib/python3.12/site-packages/airflow/example_dags/example_dynamic_task_mapping_with_no_taskflow_operators.py for tasks to queue
[2025-05-01T11:13:24.452+0000] {logging_mixin.py:188} INFO - [2025-05-01T11:13:24.451+0000] {dagbag.py:545} INFO - Filling up the DagBag from /home/airflow/.local/lib/python3.12/site-packages/airflow/example_dags/example_dynamic_task_mapping_with_no_taskflow_operators.py
[2025-05-01T11:13:24.466+0000] {processor.py:840} INFO - DAG(s) 'example_dynamic_task_mapping_with_no_taskflow_operators' retrieved from /home/airflow/.local/lib/python3.12/site-packages/airflow/example_dags/example_dynamic_task_mapping_with_no_taskflow_operators.py
[2025-05-01T11:13:24.507+0000] {logging_mixin.py:188} INFO - [2025-05-01T11:13:24.506+0000] {dag.py:3096} INFO - Sync 1 DAGs
[2025-05-01T11:13:24.562+0000] {logging_mixin.py:188} INFO - [2025-05-01T11:13:24.561+0000] {dag.py:3954} INFO - Setting next_dagrun for example_dynamic_task_mapping_with_no_taskflow_operators to 2025-04-30 00:00:00+00:00, run_after=2025-05-01 00:00:00+00:00
[2025-05-01T11:13:24.645+0000] {processor.py:183} INFO - Processing /home/airflow/.local/lib/python3.12/site-packages/airflow/example_dags/example_dynamic_task_mapping_with_no_taskflow_operators.py took 0.222 seconds
[2025-05-01T11:13:55.109+0000] {processor.py:161} INFO - Started process (PID=2636) to work on /home/airflow/.local/lib/python3.12/site-packages/airflow/example_dags/example_dynamic_task_mapping_with_no_taskflow_operators.py
[2025-05-01T11:13:55.111+0000] {processor.py:830} INFO - Processing file /home/airflow/.local/lib/python3.12/site-packages/airflow/example_dags/example_dynamic_task_mapping_with_no_taskflow_operators.py for tasks to queue
[2025-05-01T11:13:55.116+0000] {logging_mixin.py:188} INFO - [2025-05-01T11:13:55.116+0000] {dagbag.py:545} INFO - Filling up the DagBag from /home/airflow/.local/lib/python3.12/site-packages/airflow/example_dags/example_dynamic_task_mapping_with_no_taskflow_operators.py
[2025-05-01T11:13:55.136+0000] {processor.py:840} INFO - DAG(s) 'example_dynamic_task_mapping_with_no_taskflow_operators' retrieved from /home/airflow/.local/lib/python3.12/site-packages/airflow/example_dags/example_dynamic_task_mapping_with_no_taskflow_operators.py
[2025-05-01T11:13:55.180+0000] {logging_mixin.py:188} INFO - [2025-05-01T11:13:55.179+0000] {dag.py:3096} INFO - Sync 1 DAGs
[2025-05-01T11:13:55.238+0000] {logging_mixin.py:188} INFO - [2025-05-01T11:13:55.237+0000] {dag.py:3954} INFO - Setting next_dagrun for example_dynamic_task_mapping_with_no_taskflow_operators to 2025-04-30 00:00:00+00:00, run_after=2025-05-01 00:00:00+00:00
[2025-05-01T11:13:55.287+0000] {processor.py:183} INFO - Processing /home/airflow/.local/lib/python3.12/site-packages/airflow/example_dags/example_dynamic_task_mapping_with_no_taskflow_operators.py took 0.194 seconds
[2025-05-01T11:14:25.703+0000] {processor.py:161} INFO - Started process (PID=2695) to work on /home/airflow/.local/lib/python3.12/site-packages/airflow/example_dags/example_dynamic_task_mapping_with_no_taskflow_operators.py
[2025-05-01T11:14:25.705+0000] {processor.py:830} INFO - Processing file /home/airflow/.local/lib/python3.12/site-packages/airflow/example_dags/example_dynamic_task_mapping_with_no_taskflow_operators.py for tasks to queue
[2025-05-01T11:14:25.711+0000] {logging_mixin.py:188} INFO - [2025-05-01T11:14:25.710+0000] {dagbag.py:545} INFO - Filling up the DagBag from /home/airflow/.local/lib/python3.12/site-packages/airflow/example_dags/example_dynamic_task_mapping_with_no_taskflow_operators.py
[2025-05-01T11:14:25.728+0000] {processor.py:840} INFO - DAG(s) 'example_dynamic_task_mapping_with_no_taskflow_operators' retrieved from /home/airflow/.local/lib/python3.12/site-packages/airflow/example_dags/example_dynamic_task_mapping_with_no_taskflow_operators.py
[2025-05-01T11:14:25.779+0000] {logging_mixin.py:188} INFO - [2025-05-01T11:14:25.778+0000] {dag.py:3096} INFO - Sync 1 DAGs
[2025-05-01T11:14:25.831+0000] {logging_mixin.py:188} INFO - [2025-05-01T11:14:25.831+0000] {dag.py:3954} INFO - Setting next_dagrun for example_dynamic_task_mapping_with_no_taskflow_operators to 2025-04-30 00:00:00+00:00, run_after=2025-05-01 00:00:00+00:00
[2025-05-01T11:14:25.919+0000] {processor.py:183} INFO - Processing /home/airflow/.local/lib/python3.12/site-packages/airflow/example_dags/example_dynamic_task_mapping_with_no_taskflow_operators.py took 0.233 seconds
[2025-05-01T11:14:56.538+0000] {processor.py:161} INFO - Started process (PID=2754) to work on /home/airflow/.local/lib/python3.12/site-packages/airflow/example_dags/example_dynamic_task_mapping_with_no_taskflow_operators.py
[2025-05-01T11:14:56.541+0000] {processor.py:830} INFO - Processing file /home/airflow/.local/lib/python3.12/site-packages/airflow/example_dags/example_dynamic_task_mapping_with_no_taskflow_operators.py for tasks to queue
[2025-05-01T11:14:56.546+0000] {logging_mixin.py:188} INFO - [2025-05-01T11:14:56.545+0000] {dagbag.py:545} INFO - Filling up the DagBag from /home/airflow/.local/lib/python3.12/site-packages/airflow/example_dags/example_dynamic_task_mapping_with_no_taskflow_operators.py
[2025-05-01T11:14:56.564+0000] {processor.py:840} INFO - DAG(s) 'example_dynamic_task_mapping_with_no_taskflow_operators' retrieved from /home/airflow/.local/lib/python3.12/site-packages/airflow/example_dags/example_dynamic_task_mapping_with_no_taskflow_operators.py
[2025-05-01T11:14:56.616+0000] {logging_mixin.py:188} INFO - [2025-05-01T11:14:56.616+0000] {dag.py:3096} INFO - Sync 1 DAGs
[2025-05-01T11:14:56.699+0000] {logging_mixin.py:188} INFO - [2025-05-01T11:14:56.698+0000] {dag.py:3954} INFO - Setting next_dagrun for example_dynamic_task_mapping_with_no_taskflow_operators to 2025-04-30 00:00:00+00:00, run_after=2025-05-01 00:00:00+00:00
[2025-05-01T11:14:56.751+0000] {processor.py:183} INFO - Processing /home/airflow/.local/lib/python3.12/site-packages/airflow/example_dags/example_dynamic_task_mapping_with_no_taskflow_operators.py took 0.227 seconds
[2025-05-01T11:15:27.102+0000] {processor.py:161} INFO - Started process (PID=2813) to work on /home/airflow/.local/lib/python3.12/site-packages/airflow/example_dags/example_dynamic_task_mapping_with_no_taskflow_operators.py
[2025-05-01T11:15:27.105+0000] {processor.py:830} INFO - Processing file /home/airflow/.local/lib/python3.12/site-packages/airflow/example_dags/example_dynamic_task_mapping_with_no_taskflow_operators.py for tasks to queue
[2025-05-01T11:15:27.110+0000] {logging_mixin.py:188} INFO - [2025-05-01T11:15:27.109+0000] {dagbag.py:545} INFO - Filling up the DagBag from /home/airflow/.local/lib/python3.12/site-packages/airflow/example_dags/example_dynamic_task_mapping_with_no_taskflow_operators.py
[2025-05-01T11:15:27.126+0000] {processor.py:840} INFO - DAG(s) 'example_dynamic_task_mapping_with_no_taskflow_operators' retrieved from /home/airflow/.local/lib/python3.12/site-packages/airflow/example_dags/example_dynamic_task_mapping_with_no_taskflow_operators.py
[2025-05-01T11:15:27.174+0000] {logging_mixin.py:188} INFO - [2025-05-01T11:15:27.174+0000] {dag.py:3096} INFO - Sync 1 DAGs
[2025-05-01T11:15:27.235+0000] {logging_mixin.py:188} INFO - [2025-05-01T11:15:27.234+0000] {dag.py:3954} INFO - Setting next_dagrun for example_dynamic_task_mapping_with_no_taskflow_operators to 2025-04-30 00:00:00+00:00, run_after=2025-05-01 00:00:00+00:00
[2025-05-01T11:15:27.331+0000] {processor.py:183} INFO - Processing /home/airflow/.local/lib/python3.12/site-packages/airflow/example_dags/example_dynamic_task_mapping_with_no_taskflow_operators.py took 0.242 seconds
[2025-05-01T11:15:57.460+0000] {processor.py:161} INFO - Started process (PID=2872) to work on /home/airflow/.local/lib/python3.12/site-packages/airflow/example_dags/example_dynamic_task_mapping_with_no_taskflow_operators.py
[2025-05-01T11:15:57.463+0000] {processor.py:830} INFO - Processing file /home/airflow/.local/lib/python3.12/site-packages/airflow/example_dags/example_dynamic_task_mapping_with_no_taskflow_operators.py for tasks to queue
[2025-05-01T11:15:57.469+0000] {logging_mixin.py:188} INFO - [2025-05-01T11:15:57.468+0000] {dagbag.py:545} INFO - Filling up the DagBag from /home/airflow/.local/lib/python3.12/site-packages/airflow/example_dags/example_dynamic_task_mapping_with_no_taskflow_operators.py
[2025-05-01T11:15:57.485+0000] {processor.py:840} INFO - DAG(s) 'example_dynamic_task_mapping_with_no_taskflow_operators' retrieved from /home/airflow/.local/lib/python3.12/site-packages/airflow/example_dags/example_dynamic_task_mapping_with_no_taskflow_operators.py
[2025-05-01T11:15:57.534+0000] {logging_mixin.py:188} INFO - [2025-05-01T11:15:57.534+0000] {dag.py:3096} INFO - Sync 1 DAGs
[2025-05-01T11:15:57.588+0000] {logging_mixin.py:188} INFO - [2025-05-01T11:15:57.587+0000] {dag.py:3954} INFO - Setting next_dagrun for example_dynamic_task_mapping_with_no_taskflow_operators to 2025-04-30 00:00:00+00:00, run_after=2025-05-01 00:00:00+00:00
[2025-05-01T11:15:57.680+0000] {processor.py:183} INFO - Processing /home/airflow/.local/lib/python3.12/site-packages/airflow/example_dags/example_dynamic_task_mapping_with_no_taskflow_operators.py took 0.233 seconds
[2025-05-01T11:16:28.142+0000] {processor.py:161} INFO - Started process (PID=2931) to work on /home/airflow/.local/lib/python3.12/site-packages/airflow/example_dags/example_dynamic_task_mapping_with_no_taskflow_operators.py
[2025-05-01T11:16:28.144+0000] {processor.py:830} INFO - Processing file /home/airflow/.local/lib/python3.12/site-packages/airflow/example_dags/example_dynamic_task_mapping_with_no_taskflow_operators.py for tasks to queue
[2025-05-01T11:16:28.148+0000] {logging_mixin.py:188} INFO - [2025-05-01T11:16:28.148+0000] {dagbag.py:545} INFO - Filling up the DagBag from /home/airflow/.local/lib/python3.12/site-packages/airflow/example_dags/example_dynamic_task_mapping_with_no_taskflow_operators.py
[2025-05-01T11:16:28.161+0000] {processor.py:840} INFO - DAG(s) 'example_dynamic_task_mapping_with_no_taskflow_operators' retrieved from /home/airflow/.local/lib/python3.12/site-packages/airflow/example_dags/example_dynamic_task_mapping_with_no_taskflow_operators.py
[2025-05-01T11:16:28.203+0000] {logging_mixin.py:188} INFO - [2025-05-01T11:16:28.202+0000] {dag.py:3096} INFO - Sync 1 DAGs
[2025-05-01T11:16:28.255+0000] {logging_mixin.py:188} INFO - [2025-05-01T11:16:28.254+0000] {dag.py:3954} INFO - Setting next_dagrun for example_dynamic_task_mapping_with_no_taskflow_operators to 2025-04-30 00:00:00+00:00, run_after=2025-05-01 00:00:00+00:00
[2025-05-01T11:16:28.324+0000] {processor.py:183} INFO - Processing /home/airflow/.local/lib/python3.12/site-packages/airflow/example_dags/example_dynamic_task_mapping_with_no_taskflow_operators.py took 0.195 seconds
[2025-05-01T11:16:58.632+0000] {processor.py:161} INFO - Started process (PID=2991) to work on /home/airflow/.local/lib/python3.12/site-packages/airflow/example_dags/example_dynamic_task_mapping_with_no_taskflow_operators.py
[2025-05-01T11:16:58.635+0000] {processor.py:830} INFO - Processing file /home/airflow/.local/lib/python3.12/site-packages/airflow/example_dags/example_dynamic_task_mapping_with_no_taskflow_operators.py for tasks to queue
[2025-05-01T11:16:58.641+0000] {logging_mixin.py:188} INFO - [2025-05-01T11:16:58.640+0000] {dagbag.py:545} INFO - Filling up the DagBag from /home/airflow/.local/lib/python3.12/site-packages/airflow/example_dags/example_dynamic_task_mapping_with_no_taskflow_operators.py
[2025-05-01T11:16:58.658+0000] {processor.py:840} INFO - DAG(s) 'example_dynamic_task_mapping_with_no_taskflow_operators' retrieved from /home/airflow/.local/lib/python3.12/site-packages/airflow/example_dags/example_dynamic_task_mapping_with_no_taskflow_operators.py
[2025-05-01T11:16:58.704+0000] {logging_mixin.py:188} INFO - [2025-05-01T11:16:58.703+0000] {dag.py:3096} INFO - Sync 1 DAGs
[2025-05-01T11:16:58.760+0000] {logging_mixin.py:188} INFO - [2025-05-01T11:16:58.759+0000] {dag.py:3954} INFO - Setting next_dagrun for example_dynamic_task_mapping_with_no_taskflow_operators to 2025-04-30 00:00:00+00:00, run_after=2025-05-01 00:00:00+00:00
[2025-05-01T11:16:58.813+0000] {processor.py:183} INFO - Processing /home/airflow/.local/lib/python3.12/site-packages/airflow/example_dags/example_dynamic_task_mapping_with_no_taskflow_operators.py took 0.198 seconds
[2025-05-01T11:17:29.517+0000] {processor.py:161} INFO - Started process (PID=3050) to work on /home/airflow/.local/lib/python3.12/site-packages/airflow/example_dags/example_dynamic_task_mapping_with_no_taskflow_operators.py
[2025-05-01T11:17:29.520+0000] {processor.py:830} INFO - Processing file /home/airflow/.local/lib/python3.12/site-packages/airflow/example_dags/example_dynamic_task_mapping_with_no_taskflow_operators.py for tasks to queue
[2025-05-01T11:17:29.525+0000] {logging_mixin.py:188} INFO - [2025-05-01T11:17:29.524+0000] {dagbag.py:545} INFO - Filling up the DagBag from /home/airflow/.local/lib/python3.12/site-packages/airflow/example_dags/example_dynamic_task_mapping_with_no_taskflow_operators.py
[2025-05-01T11:17:29.542+0000] {processor.py:840} INFO - DAG(s) 'example_dynamic_task_mapping_with_no_taskflow_operators' retrieved from /home/airflow/.local/lib/python3.12/site-packages/airflow/example_dags/example_dynamic_task_mapping_with_no_taskflow_operators.py
[2025-05-01T11:17:29.593+0000] {logging_mixin.py:188} INFO - [2025-05-01T11:17:29.592+0000] {dag.py:3096} INFO - Sync 1 DAGs
[2025-05-01T11:17:29.649+0000] {logging_mixin.py:188} INFO - [2025-05-01T11:17:29.648+0000] {dag.py:3954} INFO - Setting next_dagrun for example_dynamic_task_mapping_with_no_taskflow_operators to 2025-04-30 00:00:00+00:00, run_after=2025-05-01 00:00:00+00:00
[2025-05-01T11:17:29.737+0000] {processor.py:183} INFO - Processing /home/airflow/.local/lib/python3.12/site-packages/airflow/example_dags/example_dynamic_task_mapping_with_no_taskflow_operators.py took 0.234 seconds
[2025-05-01T11:17:59.988+0000] {processor.py:161} INFO - Started process (PID=3109) to work on /home/airflow/.local/lib/python3.12/site-packages/airflow/example_dags/example_dynamic_task_mapping_with_no_taskflow_operators.py
[2025-05-01T11:17:59.991+0000] {processor.py:830} INFO - Processing file /home/airflow/.local/lib/python3.12/site-packages/airflow/example_dags/example_dynamic_task_mapping_with_no_taskflow_operators.py for tasks to queue
[2025-05-01T11:17:59.996+0000] {logging_mixin.py:188} INFO - [2025-05-01T11:17:59.995+0000] {dagbag.py:545} INFO - Filling up the DagBag from /home/airflow/.local/lib/python3.12/site-packages/airflow/example_dags/example_dynamic_task_mapping_with_no_taskflow_operators.py
[2025-05-01T11:18:00.015+0000] {processor.py:840} INFO - DAG(s) 'example_dynamic_task_mapping_with_no_taskflow_operators' retrieved from /home/airflow/.local/lib/python3.12/site-packages/airflow/example_dags/example_dynamic_task_mapping_with_no_taskflow_operators.py
[2025-05-01T11:18:00.069+0000] {logging_mixin.py:188} INFO - [2025-05-01T11:18:00.068+0000] {dag.py:3096} INFO - Sync 1 DAGs
[2025-05-01T11:18:00.125+0000] {logging_mixin.py:188} INFO - [2025-05-01T11:18:00.124+0000] {dag.py:3954} INFO - Setting next_dagrun for example_dynamic_task_mapping_with_no_taskflow_operators to 2025-04-30 00:00:00+00:00, run_after=2025-05-01 00:00:00+00:00
[2025-05-01T11:18:00.174+0000] {processor.py:183} INFO - Processing /home/airflow/.local/lib/python3.12/site-packages/airflow/example_dags/example_dynamic_task_mapping_with_no_taskflow_operators.py took 0.198 seconds
[2025-05-01T11:18:30.438+0000] {processor.py:161} INFO - Started process (PID=3168) to work on /home/airflow/.local/lib/python3.12/site-packages/airflow/example_dags/example_dynamic_task_mapping_with_no_taskflow_operators.py
[2025-05-01T11:18:30.442+0000] {processor.py:830} INFO - Processing file /home/airflow/.local/lib/python3.12/site-packages/airflow/example_dags/example_dynamic_task_mapping_with_no_taskflow_operators.py for tasks to queue
[2025-05-01T11:18:30.447+0000] {logging_mixin.py:188} INFO - [2025-05-01T11:18:30.446+0000] {dagbag.py:545} INFO - Filling up the DagBag from /home/airflow/.local/lib/python3.12/site-packages/airflow/example_dags/example_dynamic_task_mapping_with_no_taskflow_operators.py
[2025-05-01T11:18:30.473+0000] {processor.py:840} INFO - DAG(s) 'example_dynamic_task_mapping_with_no_taskflow_operators' retrieved from /home/airflow/.local/lib/python3.12/site-packages/airflow/example_dags/example_dynamic_task_mapping_with_no_taskflow_operators.py
[2025-05-01T11:18:30.533+0000] {logging_mixin.py:188} INFO - [2025-05-01T11:18:30.532+0000] {dag.py:3096} INFO - Sync 1 DAGs
[2025-05-01T11:18:30.598+0000] {logging_mixin.py:188} INFO - [2025-05-01T11:18:30.598+0000] {dag.py:3954} INFO - Setting next_dagrun for example_dynamic_task_mapping_with_no_taskflow_operators to 2025-04-30 00:00:00+00:00, run_after=2025-05-01 00:00:00+00:00
[2025-05-01T11:18:30.687+0000] {processor.py:183} INFO - Processing /home/airflow/.local/lib/python3.12/site-packages/airflow/example_dags/example_dynamic_task_mapping_with_no_taskflow_operators.py took 0.269 seconds
[2025-05-01T11:19:01.422+0000] {processor.py:161} INFO - Started process (PID=3228) to work on /home/airflow/.local/lib/python3.12/site-packages/airflow/example_dags/example_dynamic_task_mapping_with_no_taskflow_operators.py
[2025-05-01T11:19:01.424+0000] {processor.py:830} INFO - Processing file /home/airflow/.local/lib/python3.12/site-packages/airflow/example_dags/example_dynamic_task_mapping_with_no_taskflow_operators.py for tasks to queue
[2025-05-01T11:19:01.429+0000] {logging_mixin.py:188} INFO - [2025-05-01T11:19:01.428+0000] {dagbag.py:545} INFO - Filling up the DagBag from /home/airflow/.local/lib/python3.12/site-packages/airflow/example_dags/example_dynamic_task_mapping_with_no_taskflow_operators.py
[2025-05-01T11:19:01.446+0000] {processor.py:840} INFO - DAG(s) 'example_dynamic_task_mapping_with_no_taskflow_operators' retrieved from /home/airflow/.local/lib/python3.12/site-packages/airflow/example_dags/example_dynamic_task_mapping_with_no_taskflow_operators.py
[2025-05-01T11:19:01.493+0000] {logging_mixin.py:188} INFO - [2025-05-01T11:19:01.493+0000] {dag.py:3096} INFO - Sync 1 DAGs
[2025-05-01T11:19:01.546+0000] {logging_mixin.py:188} INFO - [2025-05-01T11:19:01.546+0000] {dag.py:3954} INFO - Setting next_dagrun for example_dynamic_task_mapping_with_no_taskflow_operators to 2025-04-30 00:00:00+00:00, run_after=2025-05-01 00:00:00+00:00
[2025-05-01T11:19:01.639+0000] {processor.py:183} INFO - Processing /home/airflow/.local/lib/python3.12/site-packages/airflow/example_dags/example_dynamic_task_mapping_with_no_taskflow_operators.py took 0.231 seconds
[2025-05-01T11:19:32.186+0000] {processor.py:161} INFO - Started process (PID=3287) to work on /home/airflow/.local/lib/python3.12/site-packages/airflow/example_dags/example_dynamic_task_mapping_with_no_taskflow_operators.py
[2025-05-01T11:19:32.189+0000] {processor.py:830} INFO - Processing file /home/airflow/.local/lib/python3.12/site-packages/airflow/example_dags/example_dynamic_task_mapping_with_no_taskflow_operators.py for tasks to queue
[2025-05-01T11:19:32.194+0000] {logging_mixin.py:188} INFO - [2025-05-01T11:19:32.193+0000] {dagbag.py:545} INFO - Filling up the DagBag from /home/airflow/.local/lib/python3.12/site-packages/airflow/example_dags/example_dynamic_task_mapping_with_no_taskflow_operators.py
[2025-05-01T11:19:32.209+0000] {processor.py:840} INFO - DAG(s) 'example_dynamic_task_mapping_with_no_taskflow_operators' retrieved from /home/airflow/.local/lib/python3.12/site-packages/airflow/example_dags/example_dynamic_task_mapping_with_no_taskflow_operators.py
[2025-05-01T11:19:32.249+0000] {logging_mixin.py:188} INFO - [2025-05-01T11:19:32.248+0000] {dag.py:3096} INFO - Sync 1 DAGs
[2025-05-01T11:19:32.298+0000] {logging_mixin.py:188} INFO - [2025-05-01T11:19:32.298+0000] {dag.py:3954} INFO - Setting next_dagrun for example_dynamic_task_mapping_with_no_taskflow_operators to 2025-04-30 00:00:00+00:00, run_after=2025-05-01 00:00:00+00:00
[2025-05-01T11:19:32.383+0000] {processor.py:183} INFO - Processing /home/airflow/.local/lib/python3.12/site-packages/airflow/example_dags/example_dynamic_task_mapping_with_no_taskflow_operators.py took 0.213 seconds
[2025-05-01T11:20:03.181+0000] {processor.py:161} INFO - Started process (PID=3346) to work on /home/airflow/.local/lib/python3.12/site-packages/airflow/example_dags/example_dynamic_task_mapping_with_no_taskflow_operators.py
[2025-05-01T11:20:03.185+0000] {processor.py:830} INFO - Processing file /home/airflow/.local/lib/python3.12/site-packages/airflow/example_dags/example_dynamic_task_mapping_with_no_taskflow_operators.py for tasks to queue
[2025-05-01T11:20:03.191+0000] {logging_mixin.py:188} INFO - [2025-05-01T11:20:03.190+0000] {dagbag.py:545} INFO - Filling up the DagBag from /home/airflow/.local/lib/python3.12/site-packages/airflow/example_dags/example_dynamic_task_mapping_with_no_taskflow_operators.py
[2025-05-01T11:20:03.207+0000] {processor.py:840} INFO - DAG(s) 'example_dynamic_task_mapping_with_no_taskflow_operators' retrieved from /home/airflow/.local/lib/python3.12/site-packages/airflow/example_dags/example_dynamic_task_mapping_with_no_taskflow_operators.py
[2025-05-01T11:20:03.263+0000] {logging_mixin.py:188} INFO - [2025-05-01T11:20:03.262+0000] {dag.py:3096} INFO - Sync 1 DAGs
[2025-05-01T11:20:03.357+0000] {logging_mixin.py:188} INFO - [2025-05-01T11:20:03.356+0000] {dag.py:3954} INFO - Setting next_dagrun for example_dynamic_task_mapping_with_no_taskflow_operators to 2025-04-30 00:00:00+00:00, run_after=2025-05-01 00:00:00+00:00
[2025-05-01T11:20:03.443+0000] {processor.py:183} INFO - Processing /home/airflow/.local/lib/python3.12/site-packages/airflow/example_dags/example_dynamic_task_mapping_with_no_taskflow_operators.py took 0.276 seconds
[2025-05-01T11:20:33.873+0000] {processor.py:161} INFO - Started process (PID=3405) to work on /home/airflow/.local/lib/python3.12/site-packages/airflow/example_dags/example_dynamic_task_mapping_with_no_taskflow_operators.py
[2025-05-01T11:20:33.875+0000] {processor.py:830} INFO - Processing file /home/airflow/.local/lib/python3.12/site-packages/airflow/example_dags/example_dynamic_task_mapping_with_no_taskflow_operators.py for tasks to queue
[2025-05-01T11:20:33.880+0000] {logging_mixin.py:188} INFO - [2025-05-01T11:20:33.879+0000] {dagbag.py:545} INFO - Filling up the DagBag from /home/airflow/.local/lib/python3.12/site-packages/airflow/example_dags/example_dynamic_task_mapping_with_no_taskflow_operators.py
[2025-05-01T11:20:33.895+0000] {processor.py:840} INFO - DAG(s) 'example_dynamic_task_mapping_with_no_taskflow_operators' retrieved from /home/airflow/.local/lib/python3.12/site-packages/airflow/example_dags/example_dynamic_task_mapping_with_no_taskflow_operators.py
[2025-05-01T11:20:33.944+0000] {logging_mixin.py:188} INFO - [2025-05-01T11:20:33.943+0000] {dag.py:3096} INFO - Sync 1 DAGs
[2025-05-01T11:20:33.995+0000] {logging_mixin.py:188} INFO - [2025-05-01T11:20:33.995+0000] {dag.py:3954} INFO - Setting next_dagrun for example_dynamic_task_mapping_with_no_taskflow_operators to 2025-04-30 00:00:00+00:00, run_after=2025-05-01 00:00:00+00:00
[2025-05-01T11:20:34.047+0000] {processor.py:183} INFO - Processing /home/airflow/.local/lib/python3.12/site-packages/airflow/example_dags/example_dynamic_task_mapping_with_no_taskflow_operators.py took 0.187 seconds
[2025-05-01T11:21:04.301+0000] {processor.py:161} INFO - Started process (PID=3464) to work on /home/airflow/.local/lib/python3.12/site-packages/airflow/example_dags/example_dynamic_task_mapping_with_no_taskflow_operators.py
[2025-05-01T11:21:04.304+0000] {processor.py:830} INFO - Processing file /home/airflow/.local/lib/python3.12/site-packages/airflow/example_dags/example_dynamic_task_mapping_with_no_taskflow_operators.py for tasks to queue
[2025-05-01T11:21:04.311+0000] {logging_mixin.py:188} INFO - [2025-05-01T11:21:04.310+0000] {dagbag.py:545} INFO - Filling up the DagBag from /home/airflow/.local/lib/python3.12/site-packages/airflow/example_dags/example_dynamic_task_mapping_with_no_taskflow_operators.py
[2025-05-01T11:21:04.326+0000] {processor.py:840} INFO - DAG(s) 'example_dynamic_task_mapping_with_no_taskflow_operators' retrieved from /home/airflow/.local/lib/python3.12/site-packages/airflow/example_dags/example_dynamic_task_mapping_with_no_taskflow_operators.py
[2025-05-01T11:21:04.388+0000] {logging_mixin.py:188} INFO - [2025-05-01T11:21:04.387+0000] {dag.py:3096} INFO - Sync 1 DAGs
[2025-05-01T11:21:04.442+0000] {logging_mixin.py:188} INFO - [2025-05-01T11:21:04.441+0000] {dag.py:3954} INFO - Setting next_dagrun for example_dynamic_task_mapping_with_no_taskflow_operators to 2025-04-30 00:00:00+00:00, run_after=2025-05-01 00:00:00+00:00
[2025-05-01T11:21:04.539+0000] {processor.py:183} INFO - Processing /home/airflow/.local/lib/python3.12/site-packages/airflow/example_dags/example_dynamic_task_mapping_with_no_taskflow_operators.py took 0.254 seconds
[2025-05-01T11:21:34.957+0000] {processor.py:161} INFO - Started process (PID=3523) to work on /home/airflow/.local/lib/python3.12/site-packages/airflow/example_dags/example_dynamic_task_mapping_with_no_taskflow_operators.py
[2025-05-01T11:21:34.959+0000] {processor.py:830} INFO - Processing file /home/airflow/.local/lib/python3.12/site-packages/airflow/example_dags/example_dynamic_task_mapping_with_no_taskflow_operators.py for tasks to queue
[2025-05-01T11:21:34.963+0000] {logging_mixin.py:188} INFO - [2025-05-01T11:21:34.962+0000] {dagbag.py:545} INFO - Filling up the DagBag from /home/airflow/.local/lib/python3.12/site-packages/airflow/example_dags/example_dynamic_task_mapping_with_no_taskflow_operators.py
[2025-05-01T11:21:34.975+0000] {processor.py:840} INFO - DAG(s) 'example_dynamic_task_mapping_with_no_taskflow_operators' retrieved from /home/airflow/.local/lib/python3.12/site-packages/airflow/example_dags/example_dynamic_task_mapping_with_no_taskflow_operators.py
[2025-05-01T11:21:35.016+0000] {logging_mixin.py:188} INFO - [2025-05-01T11:21:35.016+0000] {dag.py:3096} INFO - Sync 1 DAGs
[2025-05-01T11:21:35.060+0000] {logging_mixin.py:188} INFO - [2025-05-01T11:21:35.060+0000] {dag.py:3954} INFO - Setting next_dagrun for example_dynamic_task_mapping_with_no_taskflow_operators to 2025-04-30 00:00:00+00:00, run_after=2025-05-01 00:00:00+00:00
[2025-05-01T11:21:35.099+0000] {processor.py:183} INFO - Processing /home/airflow/.local/lib/python3.12/site-packages/airflow/example_dags/example_dynamic_task_mapping_with_no_taskflow_operators.py took 0.153 seconds
[2025-05-01T11:22:06.316+0000] {processor.py:161} INFO - Started process (PID=3582) to work on /home/airflow/.local/lib/python3.12/site-packages/airflow/example_dags/example_dynamic_task_mapping_with_no_taskflow_operators.py
[2025-05-01T11:22:06.318+0000] {processor.py:830} INFO - Processing file /home/airflow/.local/lib/python3.12/site-packages/airflow/example_dags/example_dynamic_task_mapping_with_no_taskflow_operators.py for tasks to queue
[2025-05-01T11:22:06.322+0000] {logging_mixin.py:188} INFO - [2025-05-01T11:22:06.321+0000] {dagbag.py:545} INFO - Filling up the DagBag from /home/airflow/.local/lib/python3.12/site-packages/airflow/example_dags/example_dynamic_task_mapping_with_no_taskflow_operators.py
[2025-05-01T11:22:06.335+0000] {processor.py:840} INFO - DAG(s) 'example_dynamic_task_mapping_with_no_taskflow_operators' retrieved from /home/airflow/.local/lib/python3.12/site-packages/airflow/example_dags/example_dynamic_task_mapping_with_no_taskflow_operators.py
[2025-05-01T11:22:06.384+0000] {logging_mixin.py:188} INFO - [2025-05-01T11:22:06.384+0000] {dag.py:3096} INFO - Sync 1 DAGs
[2025-05-01T11:22:06.443+0000] {logging_mixin.py:188} INFO - [2025-05-01T11:22:06.442+0000] {dag.py:3954} INFO - Setting next_dagrun for example_dynamic_task_mapping_with_no_taskflow_operators to 2025-04-30 00:00:00+00:00, run_after=2025-05-01 00:00:00+00:00
[2025-05-01T11:22:06.489+0000] {processor.py:183} INFO - Processing /home/airflow/.local/lib/python3.12/site-packages/airflow/example_dags/example_dynamic_task_mapping_with_no_taskflow_operators.py took 0.185 seconds
[2025-05-01T11:22:36.964+0000] {processor.py:161} INFO - Started process (PID=3641) to work on /home/airflow/.local/lib/python3.12/site-packages/airflow/example_dags/example_dynamic_task_mapping_with_no_taskflow_operators.py
[2025-05-01T11:22:36.967+0000] {processor.py:830} INFO - Processing file /home/airflow/.local/lib/python3.12/site-packages/airflow/example_dags/example_dynamic_task_mapping_with_no_taskflow_operators.py for tasks to queue
[2025-05-01T11:22:36.973+0000] {logging_mixin.py:188} INFO - [2025-05-01T11:22:36.972+0000] {dagbag.py:545} INFO - Filling up the DagBag from /home/airflow/.local/lib/python3.12/site-packages/airflow/example_dags/example_dynamic_task_mapping_with_no_taskflow_operators.py
[2025-05-01T11:22:36.988+0000] {processor.py:840} INFO - DAG(s) 'example_dynamic_task_mapping_with_no_taskflow_operators' retrieved from /home/airflow/.local/lib/python3.12/site-packages/airflow/example_dags/example_dynamic_task_mapping_with_no_taskflow_operators.py
[2025-05-01T11:22:37.042+0000] {logging_mixin.py:188} INFO - [2025-05-01T11:22:37.041+0000] {dag.py:3096} INFO - Sync 1 DAGs
[2025-05-01T11:22:37.098+0000] {logging_mixin.py:188} INFO - [2025-05-01T11:22:37.098+0000] {dag.py:3954} INFO - Setting next_dagrun for example_dynamic_task_mapping_with_no_taskflow_operators to 2025-04-30 00:00:00+00:00, run_after=2025-05-01 00:00:00+00:00
[2025-05-01T11:22:37.148+0000] {processor.py:183} INFO - Processing /home/airflow/.local/lib/python3.12/site-packages/airflow/example_dags/example_dynamic_task_mapping_with_no_taskflow_operators.py took 0.203 seconds
[2025-05-01T11:23:07.562+0000] {processor.py:161} INFO - Started process (PID=3700) to work on /home/airflow/.local/lib/python3.12/site-packages/airflow/example_dags/example_dynamic_task_mapping_with_no_taskflow_operators.py
[2025-05-01T11:23:07.565+0000] {processor.py:830} INFO - Processing file /home/airflow/.local/lib/python3.12/site-packages/airflow/example_dags/example_dynamic_task_mapping_with_no_taskflow_operators.py for tasks to queue
[2025-05-01T11:23:07.571+0000] {logging_mixin.py:188} INFO - [2025-05-01T11:23:07.570+0000] {dagbag.py:545} INFO - Filling up the DagBag from /home/airflow/.local/lib/python3.12/site-packages/airflow/example_dags/example_dynamic_task_mapping_with_no_taskflow_operators.py
[2025-05-01T11:23:07.585+0000] {processor.py:840} INFO - DAG(s) 'example_dynamic_task_mapping_with_no_taskflow_operators' retrieved from /home/airflow/.local/lib/python3.12/site-packages/airflow/example_dags/example_dynamic_task_mapping_with_no_taskflow_operators.py
[2025-05-01T11:23:07.635+0000] {logging_mixin.py:188} INFO - [2025-05-01T11:23:07.634+0000] {dag.py:3096} INFO - Sync 1 DAGs
[2025-05-01T11:23:07.691+0000] {logging_mixin.py:188} INFO - [2025-05-01T11:23:07.690+0000] {dag.py:3954} INFO - Setting next_dagrun for example_dynamic_task_mapping_with_no_taskflow_operators to 2025-04-30 00:00:00+00:00, run_after=2025-05-01 00:00:00+00:00
[2025-05-01T11:23:07.749+0000] {processor.py:183} INFO - Processing /home/airflow/.local/lib/python3.12/site-packages/airflow/example_dags/example_dynamic_task_mapping_with_no_taskflow_operators.py took 0.199 seconds
[2025-05-01T11:23:38.275+0000] {processor.py:161} INFO - Started process (PID=3759) to work on /home/airflow/.local/lib/python3.12/site-packages/airflow/example_dags/example_dynamic_task_mapping_with_no_taskflow_operators.py
[2025-05-01T11:23:38.278+0000] {processor.py:830} INFO - Processing file /home/airflow/.local/lib/python3.12/site-packages/airflow/example_dags/example_dynamic_task_mapping_with_no_taskflow_operators.py for tasks to queue
[2025-05-01T11:23:38.283+0000] {logging_mixin.py:188} INFO - [2025-05-01T11:23:38.282+0000] {dagbag.py:545} INFO - Filling up the DagBag from /home/airflow/.local/lib/python3.12/site-packages/airflow/example_dags/example_dynamic_task_mapping_with_no_taskflow_operators.py
[2025-05-01T11:23:38.298+0000] {processor.py:840} INFO - DAG(s) 'example_dynamic_task_mapping_with_no_taskflow_operators' retrieved from /home/airflow/.local/lib/python3.12/site-packages/airflow/example_dags/example_dynamic_task_mapping_with_no_taskflow_operators.py
[2025-05-01T11:23:38.358+0000] {logging_mixin.py:188} INFO - [2025-05-01T11:23:38.357+0000] {dag.py:3096} INFO - Sync 1 DAGs
[2025-05-01T11:23:38.427+0000] {logging_mixin.py:188} INFO - [2025-05-01T11:23:38.426+0000] {dag.py:3954} INFO - Setting next_dagrun for example_dynamic_task_mapping_with_no_taskflow_operators to 2025-04-30 00:00:00+00:00, run_after=2025-05-01 00:00:00+00:00
[2025-05-01T11:23:38.478+0000] {processor.py:183} INFO - Processing /home/airflow/.local/lib/python3.12/site-packages/airflow/example_dags/example_dynamic_task_mapping_with_no_taskflow_operators.py took 0.220 seconds
[2025-05-01T11:24:09.136+0000] {processor.py:161} INFO - Started process (PID=3819) to work on /home/airflow/.local/lib/python3.12/site-packages/airflow/example_dags/example_dynamic_task_mapping_with_no_taskflow_operators.py
[2025-05-01T11:24:09.139+0000] {processor.py:830} INFO - Processing file /home/airflow/.local/lib/python3.12/site-packages/airflow/example_dags/example_dynamic_task_mapping_with_no_taskflow_operators.py for tasks to queue
[2025-05-01T11:24:09.148+0000] {logging_mixin.py:188} INFO - [2025-05-01T11:24:09.146+0000] {dagbag.py:545} INFO - Filling up the DagBag from /home/airflow/.local/lib/python3.12/site-packages/airflow/example_dags/example_dynamic_task_mapping_with_no_taskflow_operators.py
[2025-05-01T11:24:09.167+0000] {processor.py:840} INFO - DAG(s) 'example_dynamic_task_mapping_with_no_taskflow_operators' retrieved from /home/airflow/.local/lib/python3.12/site-packages/airflow/example_dags/example_dynamic_task_mapping_with_no_taskflow_operators.py
[2025-05-01T11:24:09.234+0000] {logging_mixin.py:188} INFO - [2025-05-01T11:24:09.233+0000] {dag.py:3096} INFO - Sync 1 DAGs
[2025-05-01T11:24:09.292+0000] {logging_mixin.py:188} INFO - [2025-05-01T11:24:09.292+0000] {dag.py:3954} INFO - Setting next_dagrun for example_dynamic_task_mapping_with_no_taskflow_operators to 2025-04-30 00:00:00+00:00, run_after=2025-05-01 00:00:00+00:00
[2025-05-01T11:24:09.346+0000] {processor.py:183} INFO - Processing /home/airflow/.local/lib/python3.12/site-packages/airflow/example_dags/example_dynamic_task_mapping_with_no_taskflow_operators.py took 0.233 seconds
[2025-05-01T11:24:40.248+0000] {processor.py:161} INFO - Started process (PID=3880) to work on /home/airflow/.local/lib/python3.12/site-packages/airflow/example_dags/example_dynamic_task_mapping_with_no_taskflow_operators.py
[2025-05-01T11:24:40.251+0000] {processor.py:830} INFO - Processing file /home/airflow/.local/lib/python3.12/site-packages/airflow/example_dags/example_dynamic_task_mapping_with_no_taskflow_operators.py for tasks to queue
[2025-05-01T11:24:40.255+0000] {logging_mixin.py:188} INFO - [2025-05-01T11:24:40.254+0000] {dagbag.py:545} INFO - Filling up the DagBag from /home/airflow/.local/lib/python3.12/site-packages/airflow/example_dags/example_dynamic_task_mapping_with_no_taskflow_operators.py
[2025-05-01T11:24:40.268+0000] {processor.py:840} INFO - DAG(s) 'example_dynamic_task_mapping_with_no_taskflow_operators' retrieved from /home/airflow/.local/lib/python3.12/site-packages/airflow/example_dags/example_dynamic_task_mapping_with_no_taskflow_operators.py
[2025-05-01T11:24:40.310+0000] {logging_mixin.py:188} INFO - [2025-05-01T11:24:40.310+0000] {dag.py:3096} INFO - Sync 1 DAGs
[2025-05-01T11:24:40.367+0000] {logging_mixin.py:188} INFO - [2025-05-01T11:24:40.366+0000] {dag.py:3954} INFO - Setting next_dagrun for example_dynamic_task_mapping_with_no_taskflow_operators to 2025-04-30 00:00:00+00:00, run_after=2025-05-01 00:00:00+00:00
[2025-05-01T11:24:40.437+0000] {processor.py:183} INFO - Processing /home/airflow/.local/lib/python3.12/site-packages/airflow/example_dags/example_dynamic_task_mapping_with_no_taskflow_operators.py took 0.199 seconds
[2025-05-01T11:25:11.109+0000] {processor.py:161} INFO - Started process (PID=3939) to work on /home/airflow/.local/lib/python3.12/site-packages/airflow/example_dags/example_dynamic_task_mapping_with_no_taskflow_operators.py
[2025-05-01T11:25:11.111+0000] {processor.py:830} INFO - Processing file /home/airflow/.local/lib/python3.12/site-packages/airflow/example_dags/example_dynamic_task_mapping_with_no_taskflow_operators.py for tasks to queue
[2025-05-01T11:25:11.115+0000] {logging_mixin.py:188} INFO - [2025-05-01T11:25:11.114+0000] {dagbag.py:545} INFO - Filling up the DagBag from /home/airflow/.local/lib/python3.12/site-packages/airflow/example_dags/example_dynamic_task_mapping_with_no_taskflow_operators.py
[2025-05-01T11:25:11.127+0000] {processor.py:840} INFO - DAG(s) 'example_dynamic_task_mapping_with_no_taskflow_operators' retrieved from /home/airflow/.local/lib/python3.12/site-packages/airflow/example_dags/example_dynamic_task_mapping_with_no_taskflow_operators.py
[2025-05-01T11:25:11.170+0000] {logging_mixin.py:188} INFO - [2025-05-01T11:25:11.169+0000] {dag.py:3096} INFO - Sync 1 DAGs
[2025-05-01T11:25:11.228+0000] {logging_mixin.py:188} INFO - [2025-05-01T11:25:11.227+0000] {dag.py:3954} INFO - Setting next_dagrun for example_dynamic_task_mapping_with_no_taskflow_operators to 2025-04-30 00:00:00+00:00, run_after=2025-05-01 00:00:00+00:00
[2025-05-01T11:25:11.280+0000] {processor.py:183} INFO - Processing /home/airflow/.local/lib/python3.12/site-packages/airflow/example_dags/example_dynamic_task_mapping_with_no_taskflow_operators.py took 0.183 seconds
[2025-05-01T11:25:41.552+0000] {processor.py:161} INFO - Started process (PID=3998) to work on /home/airflow/.local/lib/python3.12/site-packages/airflow/example_dags/example_dynamic_task_mapping_with_no_taskflow_operators.py
[2025-05-01T11:25:41.555+0000] {processor.py:830} INFO - Processing file /home/airflow/.local/lib/python3.12/site-packages/airflow/example_dags/example_dynamic_task_mapping_with_no_taskflow_operators.py for tasks to queue
[2025-05-01T11:25:41.560+0000] {logging_mixin.py:188} INFO - [2025-05-01T11:25:41.559+0000] {dagbag.py:545} INFO - Filling up the DagBag from /home/airflow/.local/lib/python3.12/site-packages/airflow/example_dags/example_dynamic_task_mapping_with_no_taskflow_operators.py
[2025-05-01T11:25:41.579+0000] {processor.py:840} INFO - DAG(s) 'example_dynamic_task_mapping_with_no_taskflow_operators' retrieved from /home/airflow/.local/lib/python3.12/site-packages/airflow/example_dags/example_dynamic_task_mapping_with_no_taskflow_operators.py
[2025-05-01T11:25:41.690+0000] {logging_mixin.py:188} INFO - [2025-05-01T11:25:41.689+0000] {dag.py:3096} INFO - Sync 1 DAGs
[2025-05-01T11:25:41.780+0000] {logging_mixin.py:188} INFO - [2025-05-01T11:25:41.780+0000] {dag.py:3954} INFO - Setting next_dagrun for example_dynamic_task_mapping_with_no_taskflow_operators to 2025-04-30 00:00:00+00:00, run_after=2025-05-01 00:00:00+00:00
[2025-05-01T11:25:41.860+0000] {processor.py:183} INFO - Processing /home/airflow/.local/lib/python3.12/site-packages/airflow/example_dags/example_dynamic_task_mapping_with_no_taskflow_operators.py took 0.323 seconds
[2025-05-01T11:31:48.018+0000] {processor.py:161} INFO - Started process (PID=102) to work on /home/airflow/.local/lib/python3.12/site-packages/airflow/example_dags/example_dynamic_task_mapping_with_no_taskflow_operators.py
[2025-05-01T11:31:48.022+0000] {processor.py:830} INFO - Processing file /home/airflow/.local/lib/python3.12/site-packages/airflow/example_dags/example_dynamic_task_mapping_with_no_taskflow_operators.py for tasks to queue
[2025-05-01T11:31:48.027+0000] {logging_mixin.py:188} INFO - [2025-05-01T11:31:48.026+0000] {dagbag.py:545} INFO - Filling up the DagBag from /home/airflow/.local/lib/python3.12/site-packages/airflow/example_dags/example_dynamic_task_mapping_with_no_taskflow_operators.py
[2025-05-01T11:31:48.042+0000] {processor.py:840} INFO - DAG(s) 'example_dynamic_task_mapping_with_no_taskflow_operators' retrieved from /home/airflow/.local/lib/python3.12/site-packages/airflow/example_dags/example_dynamic_task_mapping_with_no_taskflow_operators.py
[2025-05-01T11:31:48.261+0000] {logging_mixin.py:188} INFO - [2025-05-01T11:31:48.260+0000] {dag.py:3096} INFO - Sync 1 DAGs
[2025-05-01T11:31:48.308+0000] {logging_mixin.py:188} INFO - [2025-05-01T11:31:48.308+0000] {dag.py:3954} INFO - Setting next_dagrun for example_dynamic_task_mapping_with_no_taskflow_operators to 2025-04-30 00:00:00+00:00, run_after=2025-05-01 00:00:00+00:00
[2025-05-01T11:31:48.402+0000] {processor.py:183} INFO - Processing /home/airflow/.local/lib/python3.12/site-packages/airflow/example_dags/example_dynamic_task_mapping_with_no_taskflow_operators.py took 0.404 seconds
[2025-05-01T11:32:18.558+0000] {processor.py:161} INFO - Started process (PID=161) to work on /home/airflow/.local/lib/python3.12/site-packages/airflow/example_dags/example_dynamic_task_mapping_with_no_taskflow_operators.py
[2025-05-01T11:32:18.560+0000] {processor.py:830} INFO - Processing file /home/airflow/.local/lib/python3.12/site-packages/airflow/example_dags/example_dynamic_task_mapping_with_no_taskflow_operators.py for tasks to queue
[2025-05-01T11:32:18.565+0000] {logging_mixin.py:188} INFO - [2025-05-01T11:32:18.564+0000] {dagbag.py:545} INFO - Filling up the DagBag from /home/airflow/.local/lib/python3.12/site-packages/airflow/example_dags/example_dynamic_task_mapping_with_no_taskflow_operators.py
[2025-05-01T11:32:18.590+0000] {processor.py:840} INFO - DAG(s) 'example_dynamic_task_mapping_with_no_taskflow_operators' retrieved from /home/airflow/.local/lib/python3.12/site-packages/airflow/example_dags/example_dynamic_task_mapping_with_no_taskflow_operators.py
[2025-05-01T11:32:18.665+0000] {logging_mixin.py:188} INFO - [2025-05-01T11:32:18.664+0000] {dag.py:3096} INFO - Sync 1 DAGs
[2025-05-01T11:32:18.752+0000] {logging_mixin.py:188} INFO - [2025-05-01T11:32:18.751+0000] {dag.py:3954} INFO - Setting next_dagrun for example_dynamic_task_mapping_with_no_taskflow_operators to 2025-04-30 00:00:00+00:00, run_after=2025-05-01 00:00:00+00:00
[2025-05-01T11:32:18.809+0000] {processor.py:183} INFO - Processing /home/airflow/.local/lib/python3.12/site-packages/airflow/example_dags/example_dynamic_task_mapping_with_no_taskflow_operators.py took 0.266 seconds
[2025-05-01T11:32:49.117+0000] {processor.py:161} INFO - Started process (PID=220) to work on /home/airflow/.local/lib/python3.12/site-packages/airflow/example_dags/example_dynamic_task_mapping_with_no_taskflow_operators.py
[2025-05-01T11:32:49.119+0000] {processor.py:830} INFO - Processing file /home/airflow/.local/lib/python3.12/site-packages/airflow/example_dags/example_dynamic_task_mapping_with_no_taskflow_operators.py for tasks to queue
[2025-05-01T11:32:49.123+0000] {logging_mixin.py:188} INFO - [2025-05-01T11:32:49.122+0000] {dagbag.py:545} INFO - Filling up the DagBag from /home/airflow/.local/lib/python3.12/site-packages/airflow/example_dags/example_dynamic_task_mapping_with_no_taskflow_operators.py
[2025-05-01T11:32:49.136+0000] {processor.py:840} INFO - DAG(s) 'example_dynamic_task_mapping_with_no_taskflow_operators' retrieved from /home/airflow/.local/lib/python3.12/site-packages/airflow/example_dags/example_dynamic_task_mapping_with_no_taskflow_operators.py
[2025-05-01T11:32:49.178+0000] {logging_mixin.py:188} INFO - [2025-05-01T11:32:49.178+0000] {dag.py:3096} INFO - Sync 1 DAGs
[2025-05-01T11:32:49.223+0000] {logging_mixin.py:188} INFO - [2025-05-01T11:32:49.223+0000] {dag.py:3954} INFO - Setting next_dagrun for example_dynamic_task_mapping_with_no_taskflow_operators to 2025-04-30 00:00:00+00:00, run_after=2025-05-01 00:00:00+00:00
[2025-05-01T11:32:49.306+0000] {processor.py:183} INFO - Processing /home/airflow/.local/lib/python3.12/site-packages/airflow/example_dags/example_dynamic_task_mapping_with_no_taskflow_operators.py took 0.200 seconds
[2025-05-01T11:33:19.813+0000] {processor.py:161} INFO - Started process (PID=279) to work on /home/airflow/.local/lib/python3.12/site-packages/airflow/example_dags/example_dynamic_task_mapping_with_no_taskflow_operators.py
[2025-05-01T11:33:19.815+0000] {processor.py:830} INFO - Processing file /home/airflow/.local/lib/python3.12/site-packages/airflow/example_dags/example_dynamic_task_mapping_with_no_taskflow_operators.py for tasks to queue
[2025-05-01T11:33:19.821+0000] {logging_mixin.py:188} INFO - [2025-05-01T11:33:19.820+0000] {dagbag.py:545} INFO - Filling up the DagBag from /home/airflow/.local/lib/python3.12/site-packages/airflow/example_dags/example_dynamic_task_mapping_with_no_taskflow_operators.py
[2025-05-01T11:33:19.837+0000] {processor.py:840} INFO - DAG(s) 'example_dynamic_task_mapping_with_no_taskflow_operators' retrieved from /home/airflow/.local/lib/python3.12/site-packages/airflow/example_dags/example_dynamic_task_mapping_with_no_taskflow_operators.py
[2025-05-01T11:33:19.887+0000] {logging_mixin.py:188} INFO - [2025-05-01T11:33:19.886+0000] {dag.py:3096} INFO - Sync 1 DAGs
[2025-05-01T11:33:19.947+0000] {logging_mixin.py:188} INFO - [2025-05-01T11:33:19.947+0000] {dag.py:3954} INFO - Setting next_dagrun for example_dynamic_task_mapping_with_no_taskflow_operators to 2025-04-30 00:00:00+00:00, run_after=2025-05-01 00:00:00+00:00
[2025-05-01T11:33:20.007+0000] {processor.py:183} INFO - Processing /home/airflow/.local/lib/python3.12/site-packages/airflow/example_dags/example_dynamic_task_mapping_with_no_taskflow_operators.py took 0.208 seconds
[2025-05-01T11:33:50.466+0000] {processor.py:161} INFO - Started process (PID=337) to work on /home/airflow/.local/lib/python3.12/site-packages/airflow/example_dags/example_dynamic_task_mapping_with_no_taskflow_operators.py
[2025-05-01T11:33:50.469+0000] {processor.py:830} INFO - Processing file /home/airflow/.local/lib/python3.12/site-packages/airflow/example_dags/example_dynamic_task_mapping_with_no_taskflow_operators.py for tasks to queue
[2025-05-01T11:33:50.473+0000] {logging_mixin.py:188} INFO - [2025-05-01T11:33:50.472+0000] {dagbag.py:545} INFO - Filling up the DagBag from /home/airflow/.local/lib/python3.12/site-packages/airflow/example_dags/example_dynamic_task_mapping_with_no_taskflow_operators.py
[2025-05-01T11:33:50.485+0000] {processor.py:840} INFO - DAG(s) 'example_dynamic_task_mapping_with_no_taskflow_operators' retrieved from /home/airflow/.local/lib/python3.12/site-packages/airflow/example_dags/example_dynamic_task_mapping_with_no_taskflow_operators.py
[2025-05-01T11:33:50.541+0000] {logging_mixin.py:188} INFO - [2025-05-01T11:33:50.540+0000] {dag.py:3096} INFO - Sync 1 DAGs
[2025-05-01T11:33:50.590+0000] {logging_mixin.py:188} INFO - [2025-05-01T11:33:50.590+0000] {dag.py:3954} INFO - Setting next_dagrun for example_dynamic_task_mapping_with_no_taskflow_operators to 2025-04-30 00:00:00+00:00, run_after=2025-05-01 00:00:00+00:00
[2025-05-01T11:33:50.635+0000] {processor.py:183} INFO - Processing /home/airflow/.local/lib/python3.12/site-packages/airflow/example_dags/example_dynamic_task_mapping_with_no_taskflow_operators.py took 0.182 seconds
[2025-05-01T11:34:21.443+0000] {processor.py:161} INFO - Started process (PID=397) to work on /home/airflow/.local/lib/python3.12/site-packages/airflow/example_dags/example_dynamic_task_mapping_with_no_taskflow_operators.py
[2025-05-01T11:34:21.446+0000] {processor.py:830} INFO - Processing file /home/airflow/.local/lib/python3.12/site-packages/airflow/example_dags/example_dynamic_task_mapping_with_no_taskflow_operators.py for tasks to queue
[2025-05-01T11:34:21.450+0000] {logging_mixin.py:188} INFO - [2025-05-01T11:34:21.449+0000] {dagbag.py:545} INFO - Filling up the DagBag from /home/airflow/.local/lib/python3.12/site-packages/airflow/example_dags/example_dynamic_task_mapping_with_no_taskflow_operators.py
[2025-05-01T11:34:21.464+0000] {processor.py:840} INFO - DAG(s) 'example_dynamic_task_mapping_with_no_taskflow_operators' retrieved from /home/airflow/.local/lib/python3.12/site-packages/airflow/example_dags/example_dynamic_task_mapping_with_no_taskflow_operators.py
[2025-05-01T11:34:21.511+0000] {logging_mixin.py:188} INFO - [2025-05-01T11:34:21.510+0000] {dag.py:3096} INFO - Sync 1 DAGs
[2025-05-01T11:34:21.565+0000] {logging_mixin.py:188} INFO - [2025-05-01T11:34:21.565+0000] {dag.py:3954} INFO - Setting next_dagrun for example_dynamic_task_mapping_with_no_taskflow_operators to 2025-04-30 00:00:00+00:00, run_after=2025-05-01 00:00:00+00:00
[2025-05-01T11:34:21.632+0000] {processor.py:183} INFO - Processing /home/airflow/.local/lib/python3.12/site-packages/airflow/example_dags/example_dynamic_task_mapping_with_no_taskflow_operators.py took 0.201 seconds
[2025-05-01T11:34:52.467+0000] {processor.py:161} INFO - Started process (PID=456) to work on /home/airflow/.local/lib/python3.12/site-packages/airflow/example_dags/example_dynamic_task_mapping_with_no_taskflow_operators.py
[2025-05-01T11:34:52.470+0000] {processor.py:830} INFO - Processing file /home/airflow/.local/lib/python3.12/site-packages/airflow/example_dags/example_dynamic_task_mapping_with_no_taskflow_operators.py for tasks to queue
[2025-05-01T11:34:52.474+0000] {logging_mixin.py:188} INFO - [2025-05-01T11:34:52.474+0000] {dagbag.py:545} INFO - Filling up the DagBag from /home/airflow/.local/lib/python3.12/site-packages/airflow/example_dags/example_dynamic_task_mapping_with_no_taskflow_operators.py
[2025-05-01T11:34:52.490+0000] {processor.py:840} INFO - DAG(s) 'example_dynamic_task_mapping_with_no_taskflow_operators' retrieved from /home/airflow/.local/lib/python3.12/site-packages/airflow/example_dags/example_dynamic_task_mapping_with_no_taskflow_operators.py
[2025-05-01T11:34:52.537+0000] {logging_mixin.py:188} INFO - [2025-05-01T11:34:52.537+0000] {dag.py:3096} INFO - Sync 1 DAGs
[2025-05-01T11:34:52.590+0000] {logging_mixin.py:188} INFO - [2025-05-01T11:34:52.589+0000] {dag.py:3954} INFO - Setting next_dagrun for example_dynamic_task_mapping_with_no_taskflow_operators to 2025-04-30 00:00:00+00:00, run_after=2025-05-01 00:00:00+00:00
[2025-05-01T11:34:52.694+0000] {processor.py:183} INFO - Processing /home/airflow/.local/lib/python3.12/site-packages/airflow/example_dags/example_dynamic_task_mapping_with_no_taskflow_operators.py took 0.240 seconds
[2025-05-01T11:35:23.020+0000] {processor.py:161} INFO - Started process (PID=515) to work on /home/airflow/.local/lib/python3.12/site-packages/airflow/example_dags/example_dynamic_task_mapping_with_no_taskflow_operators.py
[2025-05-01T11:35:23.022+0000] {processor.py:830} INFO - Processing file /home/airflow/.local/lib/python3.12/site-packages/airflow/example_dags/example_dynamic_task_mapping_with_no_taskflow_operators.py for tasks to queue
[2025-05-01T11:35:23.026+0000] {logging_mixin.py:188} INFO - [2025-05-01T11:35:23.025+0000] {dagbag.py:545} INFO - Filling up the DagBag from /home/airflow/.local/lib/python3.12/site-packages/airflow/example_dags/example_dynamic_task_mapping_with_no_taskflow_operators.py
[2025-05-01T11:35:23.039+0000] {processor.py:840} INFO - DAG(s) 'example_dynamic_task_mapping_with_no_taskflow_operators' retrieved from /home/airflow/.local/lib/python3.12/site-packages/airflow/example_dags/example_dynamic_task_mapping_with_no_taskflow_operators.py
[2025-05-01T11:35:23.081+0000] {logging_mixin.py:188} INFO - [2025-05-01T11:35:23.081+0000] {dag.py:3096} INFO - Sync 1 DAGs
[2025-05-01T11:35:23.131+0000] {logging_mixin.py:188} INFO - [2025-05-01T11:35:23.131+0000] {dag.py:3954} INFO - Setting next_dagrun for example_dynamic_task_mapping_with_no_taskflow_operators to 2025-04-30 00:00:00+00:00, run_after=2025-05-01 00:00:00+00:00
[2025-05-01T11:35:23.183+0000] {processor.py:183} INFO - Processing /home/airflow/.local/lib/python3.12/site-packages/airflow/example_dags/example_dynamic_task_mapping_with_no_taskflow_operators.py took 0.176 seconds
[2025-05-01T11:35:53.707+0000] {processor.py:161} INFO - Started process (PID=574) to work on /home/airflow/.local/lib/python3.12/site-packages/airflow/example_dags/example_dynamic_task_mapping_with_no_taskflow_operators.py
[2025-05-01T11:35:53.710+0000] {processor.py:830} INFO - Processing file /home/airflow/.local/lib/python3.12/site-packages/airflow/example_dags/example_dynamic_task_mapping_with_no_taskflow_operators.py for tasks to queue
[2025-05-01T11:35:53.715+0000] {logging_mixin.py:188} INFO - [2025-05-01T11:35:53.714+0000] {dagbag.py:545} INFO - Filling up the DagBag from /home/airflow/.local/lib/python3.12/site-packages/airflow/example_dags/example_dynamic_task_mapping_with_no_taskflow_operators.py
[2025-05-01T11:35:53.733+0000] {processor.py:840} INFO - DAG(s) 'example_dynamic_task_mapping_with_no_taskflow_operators' retrieved from /home/airflow/.local/lib/python3.12/site-packages/airflow/example_dags/example_dynamic_task_mapping_with_no_taskflow_operators.py
[2025-05-01T11:35:53.786+0000] {logging_mixin.py:188} INFO - [2025-05-01T11:35:53.785+0000] {dag.py:3096} INFO - Sync 1 DAGs
[2025-05-01T11:35:53.896+0000] {logging_mixin.py:188} INFO - [2025-05-01T11:35:53.895+0000] {dag.py:3954} INFO - Setting next_dagrun for example_dynamic_task_mapping_with_no_taskflow_operators to 2025-04-30 00:00:00+00:00, run_after=2025-05-01 00:00:00+00:00
[2025-05-01T11:35:54.003+0000] {processor.py:183} INFO - Processing /home/airflow/.local/lib/python3.12/site-packages/airflow/example_dags/example_dynamic_task_mapping_with_no_taskflow_operators.py took 0.308 seconds
[2025-05-01T11:36:24.836+0000] {processor.py:161} INFO - Started process (PID=639) to work on /home/airflow/.local/lib/python3.12/site-packages/airflow/example_dags/example_dynamic_task_mapping_with_no_taskflow_operators.py
[2025-05-01T11:36:24.838+0000] {processor.py:830} INFO - Processing file /home/airflow/.local/lib/python3.12/site-packages/airflow/example_dags/example_dynamic_task_mapping_with_no_taskflow_operators.py for tasks to queue
[2025-05-01T11:36:24.843+0000] {logging_mixin.py:188} INFO - [2025-05-01T11:36:24.842+0000] {dagbag.py:545} INFO - Filling up the DagBag from /home/airflow/.local/lib/python3.12/site-packages/airflow/example_dags/example_dynamic_task_mapping_with_no_taskflow_operators.py
[2025-05-01T11:36:24.859+0000] {processor.py:840} INFO - DAG(s) 'example_dynamic_task_mapping_with_no_taskflow_operators' retrieved from /home/airflow/.local/lib/python3.12/site-packages/airflow/example_dags/example_dynamic_task_mapping_with_no_taskflow_operators.py
[2025-05-01T11:36:24.908+0000] {logging_mixin.py:188} INFO - [2025-05-01T11:36:24.907+0000] {dag.py:3096} INFO - Sync 1 DAGs
[2025-05-01T11:36:24.953+0000] {logging_mixin.py:188} INFO - [2025-05-01T11:36:24.952+0000] {dag.py:3954} INFO - Setting next_dagrun for example_dynamic_task_mapping_with_no_taskflow_operators to 2025-04-30 00:00:00+00:00, run_after=2025-05-01 00:00:00+00:00
[2025-05-01T11:36:24.998+0000] {processor.py:183} INFO - Processing /home/airflow/.local/lib/python3.12/site-packages/airflow/example_dags/example_dynamic_task_mapping_with_no_taskflow_operators.py took 0.178 seconds
[2025-05-01T11:36:55.279+0000] {processor.py:161} INFO - Started process (PID=698) to work on /home/airflow/.local/lib/python3.12/site-packages/airflow/example_dags/example_dynamic_task_mapping_with_no_taskflow_operators.py
[2025-05-01T11:36:55.283+0000] {processor.py:830} INFO - Processing file /home/airflow/.local/lib/python3.12/site-packages/airflow/example_dags/example_dynamic_task_mapping_with_no_taskflow_operators.py for tasks to queue
[2025-05-01T11:36:55.290+0000] {logging_mixin.py:188} INFO - [2025-05-01T11:36:55.289+0000] {dagbag.py:545} INFO - Filling up the DagBag from /home/airflow/.local/lib/python3.12/site-packages/airflow/example_dags/example_dynamic_task_mapping_with_no_taskflow_operators.py
[2025-05-01T11:36:55.303+0000] {processor.py:840} INFO - DAG(s) 'example_dynamic_task_mapping_with_no_taskflow_operators' retrieved from /home/airflow/.local/lib/python3.12/site-packages/airflow/example_dags/example_dynamic_task_mapping_with_no_taskflow_operators.py
[2025-05-01T11:36:55.343+0000] {logging_mixin.py:188} INFO - [2025-05-01T11:36:55.343+0000] {dag.py:3096} INFO - Sync 1 DAGs
[2025-05-01T11:36:55.387+0000] {logging_mixin.py:188} INFO - [2025-05-01T11:36:55.387+0000] {dag.py:3954} INFO - Setting next_dagrun for example_dynamic_task_mapping_with_no_taskflow_operators to 2025-04-30 00:00:00+00:00, run_after=2025-05-01 00:00:00+00:00
[2025-05-01T11:36:55.431+0000] {processor.py:183} INFO - Processing /home/airflow/.local/lib/python3.12/site-packages/airflow/example_dags/example_dynamic_task_mapping_with_no_taskflow_operators.py took 0.171 seconds
[2025-05-01T11:37:26.210+0000] {processor.py:161} INFO - Started process (PID=758) to work on /home/airflow/.local/lib/python3.12/site-packages/airflow/example_dags/example_dynamic_task_mapping_with_no_taskflow_operators.py
[2025-05-01T11:37:26.213+0000] {processor.py:830} INFO - Processing file /home/airflow/.local/lib/python3.12/site-packages/airflow/example_dags/example_dynamic_task_mapping_with_no_taskflow_operators.py for tasks to queue
[2025-05-01T11:37:26.218+0000] {logging_mixin.py:188} INFO - [2025-05-01T11:37:26.218+0000] {dagbag.py:545} INFO - Filling up the DagBag from /home/airflow/.local/lib/python3.12/site-packages/airflow/example_dags/example_dynamic_task_mapping_with_no_taskflow_operators.py
[2025-05-01T11:37:26.236+0000] {processor.py:840} INFO - DAG(s) 'example_dynamic_task_mapping_with_no_taskflow_operators' retrieved from /home/airflow/.local/lib/python3.12/site-packages/airflow/example_dags/example_dynamic_task_mapping_with_no_taskflow_operators.py
[2025-05-01T11:37:26.286+0000] {logging_mixin.py:188} INFO - [2025-05-01T11:37:26.285+0000] {dag.py:3096} INFO - Sync 1 DAGs
[2025-05-01T11:37:26.403+0000] {logging_mixin.py:188} INFO - [2025-05-01T11:37:26.401+0000] {dag.py:3954} INFO - Setting next_dagrun for example_dynamic_task_mapping_with_no_taskflow_operators to 2025-04-30 00:00:00+00:00, run_after=2025-05-01 00:00:00+00:00
[2025-05-01T11:37:26.458+0000] {processor.py:183} INFO - Processing /home/airflow/.local/lib/python3.12/site-packages/airflow/example_dags/example_dynamic_task_mapping_with_no_taskflow_operators.py took 0.261 seconds
[2025-05-01T11:37:56.858+0000] {processor.py:161} INFO - Started process (PID=817) to work on /home/airflow/.local/lib/python3.12/site-packages/airflow/example_dags/example_dynamic_task_mapping_with_no_taskflow_operators.py
[2025-05-01T11:37:56.861+0000] {processor.py:830} INFO - Processing file /home/airflow/.local/lib/python3.12/site-packages/airflow/example_dags/example_dynamic_task_mapping_with_no_taskflow_operators.py for tasks to queue
[2025-05-01T11:37:56.865+0000] {logging_mixin.py:188} INFO - [2025-05-01T11:37:56.865+0000] {dagbag.py:545} INFO - Filling up the DagBag from /home/airflow/.local/lib/python3.12/site-packages/airflow/example_dags/example_dynamic_task_mapping_with_no_taskflow_operators.py
[2025-05-01T11:37:56.882+0000] {processor.py:840} INFO - DAG(s) 'example_dynamic_task_mapping_with_no_taskflow_operators' retrieved from /home/airflow/.local/lib/python3.12/site-packages/airflow/example_dags/example_dynamic_task_mapping_with_no_taskflow_operators.py
[2025-05-01T11:37:56.935+0000] {logging_mixin.py:188} INFO - [2025-05-01T11:37:56.934+0000] {dag.py:3096} INFO - Sync 1 DAGs
[2025-05-01T11:37:56.996+0000] {logging_mixin.py:188} INFO - [2025-05-01T11:37:56.995+0000] {dag.py:3954} INFO - Setting next_dagrun for example_dynamic_task_mapping_with_no_taskflow_operators to 2025-04-30 00:00:00+00:00, run_after=2025-05-01 00:00:00+00:00
[2025-05-01T11:37:57.092+0000] {processor.py:183} INFO - Processing /home/airflow/.local/lib/python3.12/site-packages/airflow/example_dags/example_dynamic_task_mapping_with_no_taskflow_operators.py took 0.246 seconds
[2025-05-01T11:38:27.445+0000] {processor.py:161} INFO - Started process (PID=876) to work on /home/airflow/.local/lib/python3.12/site-packages/airflow/example_dags/example_dynamic_task_mapping_with_no_taskflow_operators.py
[2025-05-01T11:38:27.447+0000] {processor.py:830} INFO - Processing file /home/airflow/.local/lib/python3.12/site-packages/airflow/example_dags/example_dynamic_task_mapping_with_no_taskflow_operators.py for tasks to queue
[2025-05-01T11:38:27.452+0000] {logging_mixin.py:188} INFO - [2025-05-01T11:38:27.451+0000] {dagbag.py:545} INFO - Filling up the DagBag from /home/airflow/.local/lib/python3.12/site-packages/airflow/example_dags/example_dynamic_task_mapping_with_no_taskflow_operators.py
[2025-05-01T11:38:27.467+0000] {processor.py:840} INFO - DAG(s) 'example_dynamic_task_mapping_with_no_taskflow_operators' retrieved from /home/airflow/.local/lib/python3.12/site-packages/airflow/example_dags/example_dynamic_task_mapping_with_no_taskflow_operators.py
[2025-05-01T11:38:27.516+0000] {logging_mixin.py:188} INFO - [2025-05-01T11:38:27.515+0000] {dag.py:3096} INFO - Sync 1 DAGs
[2025-05-01T11:38:27.590+0000] {logging_mixin.py:188} INFO - [2025-05-01T11:38:27.589+0000] {dag.py:3954} INFO - Setting next_dagrun for example_dynamic_task_mapping_with_no_taskflow_operators to 2025-04-30 00:00:00+00:00, run_after=2025-05-01 00:00:00+00:00
[2025-05-01T11:38:27.703+0000] {processor.py:183} INFO - Processing /home/airflow/.local/lib/python3.12/site-packages/airflow/example_dags/example_dynamic_task_mapping_with_no_taskflow_operators.py took 0.271 seconds
[2025-05-01T11:38:57.859+0000] {processor.py:161} INFO - Started process (PID=935) to work on /home/airflow/.local/lib/python3.12/site-packages/airflow/example_dags/example_dynamic_task_mapping_with_no_taskflow_operators.py
[2025-05-01T11:38:57.862+0000] {processor.py:830} INFO - Processing file /home/airflow/.local/lib/python3.12/site-packages/airflow/example_dags/example_dynamic_task_mapping_with_no_taskflow_operators.py for tasks to queue
[2025-05-01T11:38:57.867+0000] {logging_mixin.py:188} INFO - [2025-05-01T11:38:57.866+0000] {dagbag.py:545} INFO - Filling up the DagBag from /home/airflow/.local/lib/python3.12/site-packages/airflow/example_dags/example_dynamic_task_mapping_with_no_taskflow_operators.py
[2025-05-01T11:38:57.886+0000] {processor.py:840} INFO - DAG(s) 'example_dynamic_task_mapping_with_no_taskflow_operators' retrieved from /home/airflow/.local/lib/python3.12/site-packages/airflow/example_dags/example_dynamic_task_mapping_with_no_taskflow_operators.py
[2025-05-01T11:38:57.948+0000] {logging_mixin.py:188} INFO - [2025-05-01T11:38:57.947+0000] {dag.py:3096} INFO - Sync 1 DAGs
[2025-05-01T11:38:58.015+0000] {logging_mixin.py:188} INFO - [2025-05-01T11:38:58.014+0000] {dag.py:3954} INFO - Setting next_dagrun for example_dynamic_task_mapping_with_no_taskflow_operators to 2025-04-30 00:00:00+00:00, run_after=2025-05-01 00:00:00+00:00
[2025-05-01T11:38:58.113+0000] {processor.py:183} INFO - Processing /home/airflow/.local/lib/python3.12/site-packages/airflow/example_dags/example_dynamic_task_mapping_with_no_taskflow_operators.py took 0.270 seconds
[2025-05-01T11:39:28.481+0000] {processor.py:161} INFO - Started process (PID=995) to work on /home/airflow/.local/lib/python3.12/site-packages/airflow/example_dags/example_dynamic_task_mapping_with_no_taskflow_operators.py
[2025-05-01T11:39:28.483+0000] {processor.py:830} INFO - Processing file /home/airflow/.local/lib/python3.12/site-packages/airflow/example_dags/example_dynamic_task_mapping_with_no_taskflow_operators.py for tasks to queue
[2025-05-01T11:39:28.488+0000] {logging_mixin.py:188} INFO - [2025-05-01T11:39:28.487+0000] {dagbag.py:545} INFO - Filling up the DagBag from /home/airflow/.local/lib/python3.12/site-packages/airflow/example_dags/example_dynamic_task_mapping_with_no_taskflow_operators.py
[2025-05-01T11:39:28.500+0000] {processor.py:840} INFO - DAG(s) 'example_dynamic_task_mapping_with_no_taskflow_operators' retrieved from /home/airflow/.local/lib/python3.12/site-packages/airflow/example_dags/example_dynamic_task_mapping_with_no_taskflow_operators.py
[2025-05-01T11:39:28.541+0000] {logging_mixin.py:188} INFO - [2025-05-01T11:39:28.541+0000] {dag.py:3096} INFO - Sync 1 DAGs
[2025-05-01T11:39:28.587+0000] {logging_mixin.py:188} INFO - [2025-05-01T11:39:28.587+0000] {dag.py:3954} INFO - Setting next_dagrun for example_dynamic_task_mapping_with_no_taskflow_operators to 2025-04-30 00:00:00+00:00, run_after=2025-05-01 00:00:00+00:00
[2025-05-01T11:39:28.668+0000] {processor.py:183} INFO - Processing /home/airflow/.local/lib/python3.12/site-packages/airflow/example_dags/example_dynamic_task_mapping_with_no_taskflow_operators.py took 0.198 seconds
[2025-05-01T11:39:58.852+0000] {processor.py:161} INFO - Started process (PID=1054) to work on /home/airflow/.local/lib/python3.12/site-packages/airflow/example_dags/example_dynamic_task_mapping_with_no_taskflow_operators.py
[2025-05-01T11:39:58.854+0000] {processor.py:830} INFO - Processing file /home/airflow/.local/lib/python3.12/site-packages/airflow/example_dags/example_dynamic_task_mapping_with_no_taskflow_operators.py for tasks to queue
[2025-05-01T11:39:58.859+0000] {logging_mixin.py:188} INFO - [2025-05-01T11:39:58.858+0000] {dagbag.py:545} INFO - Filling up the DagBag from /home/airflow/.local/lib/python3.12/site-packages/airflow/example_dags/example_dynamic_task_mapping_with_no_taskflow_operators.py
[2025-05-01T11:39:58.872+0000] {processor.py:840} INFO - DAG(s) 'example_dynamic_task_mapping_with_no_taskflow_operators' retrieved from /home/airflow/.local/lib/python3.12/site-packages/airflow/example_dags/example_dynamic_task_mapping_with_no_taskflow_operators.py
[2025-05-01T11:39:58.918+0000] {logging_mixin.py:188} INFO - [2025-05-01T11:39:58.917+0000] {dag.py:3096} INFO - Sync 1 DAGs
[2025-05-01T11:39:58.974+0000] {logging_mixin.py:188} INFO - [2025-05-01T11:39:58.973+0000] {dag.py:3954} INFO - Setting next_dagrun for example_dynamic_task_mapping_with_no_taskflow_operators to 2025-04-30 00:00:00+00:00, run_after=2025-05-01 00:00:00+00:00
[2025-05-01T11:39:59.060+0000] {processor.py:183} INFO - Processing /home/airflow/.local/lib/python3.12/site-packages/airflow/example_dags/example_dynamic_task_mapping_with_no_taskflow_operators.py took 0.220 seconds
[2025-05-01T11:40:29.451+0000] {processor.py:161} INFO - Started process (PID=1113) to work on /home/airflow/.local/lib/python3.12/site-packages/airflow/example_dags/example_dynamic_task_mapping_with_no_taskflow_operators.py
[2025-05-01T11:40:29.454+0000] {processor.py:830} INFO - Processing file /home/airflow/.local/lib/python3.12/site-packages/airflow/example_dags/example_dynamic_task_mapping_with_no_taskflow_operators.py for tasks to queue
[2025-05-01T11:40:29.459+0000] {logging_mixin.py:188} INFO - [2025-05-01T11:40:29.458+0000] {dagbag.py:545} INFO - Filling up the DagBag from /home/airflow/.local/lib/python3.12/site-packages/airflow/example_dags/example_dynamic_task_mapping_with_no_taskflow_operators.py
[2025-05-01T11:40:29.474+0000] {processor.py:840} INFO - DAG(s) 'example_dynamic_task_mapping_with_no_taskflow_operators' retrieved from /home/airflow/.local/lib/python3.12/site-packages/airflow/example_dags/example_dynamic_task_mapping_with_no_taskflow_operators.py
[2025-05-01T11:40:29.515+0000] {logging_mixin.py:188} INFO - [2025-05-01T11:40:29.514+0000] {dag.py:3096} INFO - Sync 1 DAGs
[2025-05-01T11:40:29.565+0000] {logging_mixin.py:188} INFO - [2025-05-01T11:40:29.564+0000] {dag.py:3954} INFO - Setting next_dagrun for example_dynamic_task_mapping_with_no_taskflow_operators to 2025-04-30 00:00:00+00:00, run_after=2025-05-01 00:00:00+00:00
[2025-05-01T11:40:29.645+0000] {processor.py:183} INFO - Processing /home/airflow/.local/lib/python3.12/site-packages/airflow/example_dags/example_dynamic_task_mapping_with_no_taskflow_operators.py took 0.216 seconds
[2025-05-01T11:41:00.126+0000] {processor.py:161} INFO - Started process (PID=1172) to work on /home/airflow/.local/lib/python3.12/site-packages/airflow/example_dags/example_dynamic_task_mapping_with_no_taskflow_operators.py
[2025-05-01T11:41:00.129+0000] {processor.py:830} INFO - Processing file /home/airflow/.local/lib/python3.12/site-packages/airflow/example_dags/example_dynamic_task_mapping_with_no_taskflow_operators.py for tasks to queue
[2025-05-01T11:41:00.133+0000] {logging_mixin.py:188} INFO - [2025-05-01T11:41:00.132+0000] {dagbag.py:545} INFO - Filling up the DagBag from /home/airflow/.local/lib/python3.12/site-packages/airflow/example_dags/example_dynamic_task_mapping_with_no_taskflow_operators.py
[2025-05-01T11:41:00.146+0000] {processor.py:840} INFO - DAG(s) 'example_dynamic_task_mapping_with_no_taskflow_operators' retrieved from /home/airflow/.local/lib/python3.12/site-packages/airflow/example_dags/example_dynamic_task_mapping_with_no_taskflow_operators.py
[2025-05-01T11:41:00.186+0000] {logging_mixin.py:188} INFO - [2025-05-01T11:41:00.185+0000] {dag.py:3096} INFO - Sync 1 DAGs
[2025-05-01T11:41:00.231+0000] {logging_mixin.py:188} INFO - [2025-05-01T11:41:00.230+0000] {dag.py:3954} INFO - Setting next_dagrun for example_dynamic_task_mapping_with_no_taskflow_operators to 2025-04-30 00:00:00+00:00, run_after=2025-05-01 00:00:00+00:00
[2025-05-01T11:41:00.278+0000] {processor.py:183} INFO - Processing /home/airflow/.local/lib/python3.12/site-packages/airflow/example_dags/example_dynamic_task_mapping_with_no_taskflow_operators.py took 0.164 seconds
[2025-05-01T11:41:31.784+0000] {processor.py:161} INFO - Started process (PID=1231) to work on /home/airflow/.local/lib/python3.12/site-packages/airflow/example_dags/example_dynamic_task_mapping_with_no_taskflow_operators.py
[2025-05-01T11:41:31.787+0000] {processor.py:830} INFO - Processing file /home/airflow/.local/lib/python3.12/site-packages/airflow/example_dags/example_dynamic_task_mapping_with_no_taskflow_operators.py for tasks to queue
[2025-05-01T11:41:31.793+0000] {logging_mixin.py:188} INFO - [2025-05-01T11:41:31.792+0000] {dagbag.py:545} INFO - Filling up the DagBag from /home/airflow/.local/lib/python3.12/site-packages/airflow/example_dags/example_dynamic_task_mapping_with_no_taskflow_operators.py
[2025-05-01T11:41:31.812+0000] {processor.py:840} INFO - DAG(s) 'example_dynamic_task_mapping_with_no_taskflow_operators' retrieved from /home/airflow/.local/lib/python3.12/site-packages/airflow/example_dags/example_dynamic_task_mapping_with_no_taskflow_operators.py
[2025-05-01T11:41:31.865+0000] {logging_mixin.py:188} INFO - [2025-05-01T11:41:31.864+0000] {dag.py:3096} INFO - Sync 1 DAGs
[2025-05-01T11:41:31.918+0000] {logging_mixin.py:188} INFO - [2025-05-01T11:41:31.918+0000] {dag.py:3954} INFO - Setting next_dagrun for example_dynamic_task_mapping_with_no_taskflow_operators to 2025-04-30 00:00:00+00:00, run_after=2025-05-01 00:00:00+00:00
[2025-05-01T11:41:31.973+0000] {processor.py:183} INFO - Processing /home/airflow/.local/lib/python3.12/site-packages/airflow/example_dags/example_dynamic_task_mapping_with_no_taskflow_operators.py took 0.206 seconds
[2025-05-01T11:42:02.753+0000] {processor.py:161} INFO - Started process (PID=1291) to work on /home/airflow/.local/lib/python3.12/site-packages/airflow/example_dags/example_dynamic_task_mapping_with_no_taskflow_operators.py
[2025-05-01T11:42:02.756+0000] {processor.py:830} INFO - Processing file /home/airflow/.local/lib/python3.12/site-packages/airflow/example_dags/example_dynamic_task_mapping_with_no_taskflow_operators.py for tasks to queue
[2025-05-01T11:42:02.762+0000] {logging_mixin.py:188} INFO - [2025-05-01T11:42:02.761+0000] {dagbag.py:545} INFO - Filling up the DagBag from /home/airflow/.local/lib/python3.12/site-packages/airflow/example_dags/example_dynamic_task_mapping_with_no_taskflow_operators.py
[2025-05-01T11:42:02.776+0000] {processor.py:840} INFO - DAG(s) 'example_dynamic_task_mapping_with_no_taskflow_operators' retrieved from /home/airflow/.local/lib/python3.12/site-packages/airflow/example_dags/example_dynamic_task_mapping_with_no_taskflow_operators.py
[2025-05-01T11:42:02.823+0000] {logging_mixin.py:188} INFO - [2025-05-01T11:42:02.822+0000] {dag.py:3096} INFO - Sync 1 DAGs
[2025-05-01T11:42:02.873+0000] {logging_mixin.py:188} INFO - [2025-05-01T11:42:02.872+0000] {dag.py:3954} INFO - Setting next_dagrun for example_dynamic_task_mapping_with_no_taskflow_operators to 2025-04-30 00:00:00+00:00, run_after=2025-05-01 00:00:00+00:00
[2025-05-01T11:42:02.975+0000] {processor.py:183} INFO - Processing /home/airflow/.local/lib/python3.12/site-packages/airflow/example_dags/example_dynamic_task_mapping_with_no_taskflow_operators.py took 0.239 seconds
[2025-05-01T11:42:33.503+0000] {processor.py:161} INFO - Started process (PID=1350) to work on /home/airflow/.local/lib/python3.12/site-packages/airflow/example_dags/example_dynamic_task_mapping_with_no_taskflow_operators.py
[2025-05-01T11:42:33.505+0000] {processor.py:830} INFO - Processing file /home/airflow/.local/lib/python3.12/site-packages/airflow/example_dags/example_dynamic_task_mapping_with_no_taskflow_operators.py for tasks to queue
[2025-05-01T11:42:33.510+0000] {logging_mixin.py:188} INFO - [2025-05-01T11:42:33.509+0000] {dagbag.py:545} INFO - Filling up the DagBag from /home/airflow/.local/lib/python3.12/site-packages/airflow/example_dags/example_dynamic_task_mapping_with_no_taskflow_operators.py
[2025-05-01T11:42:33.523+0000] {processor.py:840} INFO - DAG(s) 'example_dynamic_task_mapping_with_no_taskflow_operators' retrieved from /home/airflow/.local/lib/python3.12/site-packages/airflow/example_dags/example_dynamic_task_mapping_with_no_taskflow_operators.py
[2025-05-01T11:42:33.566+0000] {logging_mixin.py:188} INFO - [2025-05-01T11:42:33.565+0000] {dag.py:3096} INFO - Sync 1 DAGs
[2025-05-01T11:42:33.617+0000] {logging_mixin.py:188} INFO - [2025-05-01T11:42:33.616+0000] {dag.py:3954} INFO - Setting next_dagrun for example_dynamic_task_mapping_with_no_taskflow_operators to 2025-04-30 00:00:00+00:00, run_after=2025-05-01 00:00:00+00:00
[2025-05-01T11:42:33.665+0000] {processor.py:183} INFO - Processing /home/airflow/.local/lib/python3.12/site-packages/airflow/example_dags/example_dynamic_task_mapping_with_no_taskflow_operators.py took 0.174 seconds
[2025-05-01T11:43:04.091+0000] {processor.py:161} INFO - Started process (PID=1407) to work on /home/airflow/.local/lib/python3.12/site-packages/airflow/example_dags/example_dynamic_task_mapping_with_no_taskflow_operators.py
[2025-05-01T11:43:04.093+0000] {processor.py:830} INFO - Processing file /home/airflow/.local/lib/python3.12/site-packages/airflow/example_dags/example_dynamic_task_mapping_with_no_taskflow_operators.py for tasks to queue
[2025-05-01T11:43:04.100+0000] {logging_mixin.py:188} INFO - [2025-05-01T11:43:04.099+0000] {dagbag.py:545} INFO - Filling up the DagBag from /home/airflow/.local/lib/python3.12/site-packages/airflow/example_dags/example_dynamic_task_mapping_with_no_taskflow_operators.py
[2025-05-01T11:43:04.115+0000] {processor.py:840} INFO - DAG(s) 'example_dynamic_task_mapping_with_no_taskflow_operators' retrieved from /home/airflow/.local/lib/python3.12/site-packages/airflow/example_dags/example_dynamic_task_mapping_with_no_taskflow_operators.py
[2025-05-01T11:43:04.157+0000] {logging_mixin.py:188} INFO - [2025-05-01T11:43:04.156+0000] {dag.py:3096} INFO - Sync 1 DAGs
[2025-05-01T11:43:04.212+0000] {logging_mixin.py:188} INFO - [2025-05-01T11:43:04.212+0000] {dag.py:3954} INFO - Setting next_dagrun for example_dynamic_task_mapping_with_no_taskflow_operators to 2025-04-30 00:00:00+00:00, run_after=2025-05-01 00:00:00+00:00
[2025-05-01T11:43:04.269+0000] {processor.py:183} INFO - Processing /home/airflow/.local/lib/python3.12/site-packages/airflow/example_dags/example_dynamic_task_mapping_with_no_taskflow_operators.py took 0.190 seconds
[2025-05-01T11:43:34.588+0000] {processor.py:161} INFO - Started process (PID=1466) to work on /home/airflow/.local/lib/python3.12/site-packages/airflow/example_dags/example_dynamic_task_mapping_with_no_taskflow_operators.py
[2025-05-01T11:43:34.590+0000] {processor.py:830} INFO - Processing file /home/airflow/.local/lib/python3.12/site-packages/airflow/example_dags/example_dynamic_task_mapping_with_no_taskflow_operators.py for tasks to queue
[2025-05-01T11:43:34.594+0000] {logging_mixin.py:188} INFO - [2025-05-01T11:43:34.593+0000] {dagbag.py:545} INFO - Filling up the DagBag from /home/airflow/.local/lib/python3.12/site-packages/airflow/example_dags/example_dynamic_task_mapping_with_no_taskflow_operators.py
[2025-05-01T11:43:34.608+0000] {processor.py:840} INFO - DAG(s) 'example_dynamic_task_mapping_with_no_taskflow_operators' retrieved from /home/airflow/.local/lib/python3.12/site-packages/airflow/example_dags/example_dynamic_task_mapping_with_no_taskflow_operators.py
[2025-05-01T11:43:34.655+0000] {logging_mixin.py:188} INFO - [2025-05-01T11:43:34.654+0000] {dag.py:3096} INFO - Sync 1 DAGs
[2025-05-01T11:43:34.713+0000] {logging_mixin.py:188} INFO - [2025-05-01T11:43:34.712+0000] {dag.py:3954} INFO - Setting next_dagrun for example_dynamic_task_mapping_with_no_taskflow_operators to 2025-04-30 00:00:00+00:00, run_after=2025-05-01 00:00:00+00:00
[2025-05-01T11:43:34.768+0000] {processor.py:183} INFO - Processing /home/airflow/.local/lib/python3.12/site-packages/airflow/example_dags/example_dynamic_task_mapping_with_no_taskflow_operators.py took 0.192 seconds
[2025-05-01T11:44:05.364+0000] {processor.py:161} INFO - Started process (PID=1525) to work on /home/airflow/.local/lib/python3.12/site-packages/airflow/example_dags/example_dynamic_task_mapping_with_no_taskflow_operators.py
[2025-05-01T11:44:05.366+0000] {processor.py:830} INFO - Processing file /home/airflow/.local/lib/python3.12/site-packages/airflow/example_dags/example_dynamic_task_mapping_with_no_taskflow_operators.py for tasks to queue
[2025-05-01T11:44:05.370+0000] {logging_mixin.py:188} INFO - [2025-05-01T11:44:05.370+0000] {dagbag.py:545} INFO - Filling up the DagBag from /home/airflow/.local/lib/python3.12/site-packages/airflow/example_dags/example_dynamic_task_mapping_with_no_taskflow_operators.py
[2025-05-01T11:44:05.387+0000] {processor.py:840} INFO - DAG(s) 'example_dynamic_task_mapping_with_no_taskflow_operators' retrieved from /home/airflow/.local/lib/python3.12/site-packages/airflow/example_dags/example_dynamic_task_mapping_with_no_taskflow_operators.py
[2025-05-01T11:44:05.429+0000] {logging_mixin.py:188} INFO - [2025-05-01T11:44:05.429+0000] {dag.py:3096} INFO - Sync 1 DAGs
[2025-05-01T11:44:05.475+0000] {logging_mixin.py:188} INFO - [2025-05-01T11:44:05.475+0000] {dag.py:3954} INFO - Setting next_dagrun for example_dynamic_task_mapping_with_no_taskflow_operators to 2025-04-30 00:00:00+00:00, run_after=2025-05-01 00:00:00+00:00
[2025-05-01T11:44:05.518+0000] {processor.py:183} INFO - Processing /home/airflow/.local/lib/python3.12/site-packages/airflow/example_dags/example_dynamic_task_mapping_with_no_taskflow_operators.py took 0.170 seconds
[2025-05-01T11:44:35.801+0000] {processor.py:161} INFO - Started process (PID=1584) to work on /home/airflow/.local/lib/python3.12/site-packages/airflow/example_dags/example_dynamic_task_mapping_with_no_taskflow_operators.py
[2025-05-01T11:44:35.803+0000] {processor.py:830} INFO - Processing file /home/airflow/.local/lib/python3.12/site-packages/airflow/example_dags/example_dynamic_task_mapping_with_no_taskflow_operators.py for tasks to queue
[2025-05-01T11:44:35.808+0000] {logging_mixin.py:188} INFO - [2025-05-01T11:44:35.807+0000] {dagbag.py:545} INFO - Filling up the DagBag from /home/airflow/.local/lib/python3.12/site-packages/airflow/example_dags/example_dynamic_task_mapping_with_no_taskflow_operators.py
[2025-05-01T11:44:35.821+0000] {processor.py:840} INFO - DAG(s) 'example_dynamic_task_mapping_with_no_taskflow_operators' retrieved from /home/airflow/.local/lib/python3.12/site-packages/airflow/example_dags/example_dynamic_task_mapping_with_no_taskflow_operators.py
[2025-05-01T11:44:35.864+0000] {logging_mixin.py:188} INFO - [2025-05-01T11:44:35.863+0000] {dag.py:3096} INFO - Sync 1 DAGs
[2025-05-01T11:44:35.920+0000] {logging_mixin.py:188} INFO - [2025-05-01T11:44:35.920+0000] {dag.py:3954} INFO - Setting next_dagrun for example_dynamic_task_mapping_with_no_taskflow_operators to 2025-04-30 00:00:00+00:00, run_after=2025-05-01 00:00:00+00:00
[2025-05-01T11:44:35.963+0000] {processor.py:183} INFO - Processing /home/airflow/.local/lib/python3.12/site-packages/airflow/example_dags/example_dynamic_task_mapping_with_no_taskflow_operators.py took 0.175 seconds
[2025-05-01T11:45:06.550+0000] {processor.py:161} INFO - Started process (PID=1643) to work on /home/airflow/.local/lib/python3.12/site-packages/airflow/example_dags/example_dynamic_task_mapping_with_no_taskflow_operators.py
[2025-05-01T11:45:06.553+0000] {processor.py:830} INFO - Processing file /home/airflow/.local/lib/python3.12/site-packages/airflow/example_dags/example_dynamic_task_mapping_with_no_taskflow_operators.py for tasks to queue
[2025-05-01T11:45:06.558+0000] {logging_mixin.py:188} INFO - [2025-05-01T11:45:06.557+0000] {dagbag.py:545} INFO - Filling up the DagBag from /home/airflow/.local/lib/python3.12/site-packages/airflow/example_dags/example_dynamic_task_mapping_with_no_taskflow_operators.py
[2025-05-01T11:45:06.573+0000] {processor.py:840} INFO - DAG(s) 'example_dynamic_task_mapping_with_no_taskflow_operators' retrieved from /home/airflow/.local/lib/python3.12/site-packages/airflow/example_dags/example_dynamic_task_mapping_with_no_taskflow_operators.py
[2025-05-01T11:45:06.618+0000] {logging_mixin.py:188} INFO - [2025-05-01T11:45:06.618+0000] {dag.py:3096} INFO - Sync 1 DAGs
[2025-05-01T11:45:06.668+0000] {logging_mixin.py:188} INFO - [2025-05-01T11:45:06.668+0000] {dag.py:3954} INFO - Setting next_dagrun for example_dynamic_task_mapping_with_no_taskflow_operators to 2025-04-30 00:00:00+00:00, run_after=2025-05-01 00:00:00+00:00
[2025-05-01T11:45:06.714+0000] {processor.py:183} INFO - Processing /home/airflow/.local/lib/python3.12/site-packages/airflow/example_dags/example_dynamic_task_mapping_with_no_taskflow_operators.py took 0.182 seconds
[2025-05-01T11:45:37.209+0000] {processor.py:161} INFO - Started process (PID=1702) to work on /home/airflow/.local/lib/python3.12/site-packages/airflow/example_dags/example_dynamic_task_mapping_with_no_taskflow_operators.py
[2025-05-01T11:45:37.211+0000] {processor.py:830} INFO - Processing file /home/airflow/.local/lib/python3.12/site-packages/airflow/example_dags/example_dynamic_task_mapping_with_no_taskflow_operators.py for tasks to queue
[2025-05-01T11:45:37.215+0000] {logging_mixin.py:188} INFO - [2025-05-01T11:45:37.215+0000] {dagbag.py:545} INFO - Filling up the DagBag from /home/airflow/.local/lib/python3.12/site-packages/airflow/example_dags/example_dynamic_task_mapping_with_no_taskflow_operators.py
[2025-05-01T11:45:37.229+0000] {processor.py:840} INFO - DAG(s) 'example_dynamic_task_mapping_with_no_taskflow_operators' retrieved from /home/airflow/.local/lib/python3.12/site-packages/airflow/example_dags/example_dynamic_task_mapping_with_no_taskflow_operators.py
[2025-05-01T11:45:37.272+0000] {logging_mixin.py:188} INFO - [2025-05-01T11:45:37.271+0000] {dag.py:3096} INFO - Sync 1 DAGs
[2025-05-01T11:45:37.324+0000] {logging_mixin.py:188} INFO - [2025-05-01T11:45:37.324+0000] {dag.py:3954} INFO - Setting next_dagrun for example_dynamic_task_mapping_with_no_taskflow_operators to 2025-04-30 00:00:00+00:00, run_after=2025-05-01 00:00:00+00:00
[2025-05-01T11:45:37.413+0000] {processor.py:183} INFO - Processing /home/airflow/.local/lib/python3.12/site-packages/airflow/example_dags/example_dynamic_task_mapping_with_no_taskflow_operators.py took 0.216 seconds
[2025-05-01T11:46:07.997+0000] {processor.py:161} INFO - Started process (PID=1761) to work on /home/airflow/.local/lib/python3.12/site-packages/airflow/example_dags/example_dynamic_task_mapping_with_no_taskflow_operators.py
[2025-05-01T11:46:07.999+0000] {processor.py:830} INFO - Processing file /home/airflow/.local/lib/python3.12/site-packages/airflow/example_dags/example_dynamic_task_mapping_with_no_taskflow_operators.py for tasks to queue
[2025-05-01T11:46:08.005+0000] {logging_mixin.py:188} INFO - [2025-05-01T11:46:08.004+0000] {dagbag.py:545} INFO - Filling up the DagBag from /home/airflow/.local/lib/python3.12/site-packages/airflow/example_dags/example_dynamic_task_mapping_with_no_taskflow_operators.py
[2025-05-01T11:46:08.021+0000] {processor.py:840} INFO - DAG(s) 'example_dynamic_task_mapping_with_no_taskflow_operators' retrieved from /home/airflow/.local/lib/python3.12/site-packages/airflow/example_dags/example_dynamic_task_mapping_with_no_taskflow_operators.py
[2025-05-01T11:46:08.059+0000] {logging_mixin.py:188} INFO - [2025-05-01T11:46:08.059+0000] {dag.py:3096} INFO - Sync 1 DAGs
[2025-05-01T11:46:08.112+0000] {logging_mixin.py:188} INFO - [2025-05-01T11:46:08.111+0000] {dag.py:3954} INFO - Setting next_dagrun for example_dynamic_task_mapping_with_no_taskflow_operators to 2025-04-30 00:00:00+00:00, run_after=2025-05-01 00:00:00+00:00
[2025-05-01T11:46:08.169+0000] {processor.py:183} INFO - Processing /home/airflow/.local/lib/python3.12/site-packages/airflow/example_dags/example_dynamic_task_mapping_with_no_taskflow_operators.py took 0.184 seconds
[2025-05-01T11:46:39.213+0000] {processor.py:161} INFO - Started process (PID=1820) to work on /home/airflow/.local/lib/python3.12/site-packages/airflow/example_dags/example_dynamic_task_mapping_with_no_taskflow_operators.py
[2025-05-01T11:46:39.215+0000] {processor.py:830} INFO - Processing file /home/airflow/.local/lib/python3.12/site-packages/airflow/example_dags/example_dynamic_task_mapping_with_no_taskflow_operators.py for tasks to queue
[2025-05-01T11:46:39.219+0000] {logging_mixin.py:188} INFO - [2025-05-01T11:46:39.218+0000] {dagbag.py:545} INFO - Filling up the DagBag from /home/airflow/.local/lib/python3.12/site-packages/airflow/example_dags/example_dynamic_task_mapping_with_no_taskflow_operators.py
[2025-05-01T11:46:39.233+0000] {processor.py:840} INFO - DAG(s) 'example_dynamic_task_mapping_with_no_taskflow_operators' retrieved from /home/airflow/.local/lib/python3.12/site-packages/airflow/example_dags/example_dynamic_task_mapping_with_no_taskflow_operators.py
[2025-05-01T11:46:39.283+0000] {logging_mixin.py:188} INFO - [2025-05-01T11:46:39.283+0000] {dag.py:3096} INFO - Sync 1 DAGs
[2025-05-01T11:46:39.333+0000] {logging_mixin.py:188} INFO - [2025-05-01T11:46:39.333+0000] {dag.py:3954} INFO - Setting next_dagrun for example_dynamic_task_mapping_with_no_taskflow_operators to 2025-04-30 00:00:00+00:00, run_after=2025-05-01 00:00:00+00:00
[2025-05-01T11:46:39.382+0000] {processor.py:183} INFO - Processing /home/airflow/.local/lib/python3.12/site-packages/airflow/example_dags/example_dynamic_task_mapping_with_no_taskflow_operators.py took 0.181 seconds
[2025-05-01T11:47:09.982+0000] {processor.py:161} INFO - Started process (PID=1879) to work on /home/airflow/.local/lib/python3.12/site-packages/airflow/example_dags/example_dynamic_task_mapping_with_no_taskflow_operators.py
[2025-05-01T11:47:09.984+0000] {processor.py:830} INFO - Processing file /home/airflow/.local/lib/python3.12/site-packages/airflow/example_dags/example_dynamic_task_mapping_with_no_taskflow_operators.py for tasks to queue
[2025-05-01T11:47:09.988+0000] {logging_mixin.py:188} INFO - [2025-05-01T11:47:09.987+0000] {dagbag.py:545} INFO - Filling up the DagBag from /home/airflow/.local/lib/python3.12/site-packages/airflow/example_dags/example_dynamic_task_mapping_with_no_taskflow_operators.py
[2025-05-01T11:47:10.004+0000] {processor.py:840} INFO - DAG(s) 'example_dynamic_task_mapping_with_no_taskflow_operators' retrieved from /home/airflow/.local/lib/python3.12/site-packages/airflow/example_dags/example_dynamic_task_mapping_with_no_taskflow_operators.py
[2025-05-01T11:47:10.059+0000] {logging_mixin.py:188} INFO - [2025-05-01T11:47:10.058+0000] {dag.py:3096} INFO - Sync 1 DAGs
[2025-05-01T11:47:10.105+0000] {logging_mixin.py:188} INFO - [2025-05-01T11:47:10.105+0000] {dag.py:3954} INFO - Setting next_dagrun for example_dynamic_task_mapping_with_no_taskflow_operators to 2025-04-30 00:00:00+00:00, run_after=2025-05-01 00:00:00+00:00
[2025-05-01T11:47:10.150+0000] {processor.py:183} INFO - Processing /home/airflow/.local/lib/python3.12/site-packages/airflow/example_dags/example_dynamic_task_mapping_with_no_taskflow_operators.py took 0.179 seconds
[2025-05-01T11:47:40.813+0000] {processor.py:161} INFO - Started process (PID=1938) to work on /home/airflow/.local/lib/python3.12/site-packages/airflow/example_dags/example_dynamic_task_mapping_with_no_taskflow_operators.py
[2025-05-01T11:47:40.815+0000] {processor.py:830} INFO - Processing file /home/airflow/.local/lib/python3.12/site-packages/airflow/example_dags/example_dynamic_task_mapping_with_no_taskflow_operators.py for tasks to queue
[2025-05-01T11:47:40.820+0000] {logging_mixin.py:188} INFO - [2025-05-01T11:47:40.819+0000] {dagbag.py:545} INFO - Filling up the DagBag from /home/airflow/.local/lib/python3.12/site-packages/airflow/example_dags/example_dynamic_task_mapping_with_no_taskflow_operators.py
[2025-05-01T11:47:40.832+0000] {processor.py:840} INFO - DAG(s) 'example_dynamic_task_mapping_with_no_taskflow_operators' retrieved from /home/airflow/.local/lib/python3.12/site-packages/airflow/example_dags/example_dynamic_task_mapping_with_no_taskflow_operators.py
[2025-05-01T11:47:40.874+0000] {logging_mixin.py:188} INFO - [2025-05-01T11:47:40.874+0000] {dag.py:3096} INFO - Sync 1 DAGs
[2025-05-01T11:47:40.949+0000] {logging_mixin.py:188} INFO - [2025-05-01T11:47:40.948+0000] {dag.py:3954} INFO - Setting next_dagrun for example_dynamic_task_mapping_with_no_taskflow_operators to 2025-04-30 00:00:00+00:00, run_after=2025-05-01 00:00:00+00:00
[2025-05-01T11:47:40.988+0000] {processor.py:183} INFO - Processing /home/airflow/.local/lib/python3.12/site-packages/airflow/example_dags/example_dynamic_task_mapping_with_no_taskflow_operators.py took 0.187 seconds
[2025-05-01T11:48:11.503+0000] {processor.py:161} INFO - Started process (PID=1997) to work on /home/airflow/.local/lib/python3.12/site-packages/airflow/example_dags/example_dynamic_task_mapping_with_no_taskflow_operators.py
[2025-05-01T11:48:11.505+0000] {processor.py:830} INFO - Processing file /home/airflow/.local/lib/python3.12/site-packages/airflow/example_dags/example_dynamic_task_mapping_with_no_taskflow_operators.py for tasks to queue
[2025-05-01T11:48:11.510+0000] {logging_mixin.py:188} INFO - [2025-05-01T11:48:11.509+0000] {dagbag.py:545} INFO - Filling up the DagBag from /home/airflow/.local/lib/python3.12/site-packages/airflow/example_dags/example_dynamic_task_mapping_with_no_taskflow_operators.py
[2025-05-01T11:48:11.523+0000] {processor.py:840} INFO - DAG(s) 'example_dynamic_task_mapping_with_no_taskflow_operators' retrieved from /home/airflow/.local/lib/python3.12/site-packages/airflow/example_dags/example_dynamic_task_mapping_with_no_taskflow_operators.py
[2025-05-01T11:48:11.566+0000] {logging_mixin.py:188} INFO - [2025-05-01T11:48:11.565+0000] {dag.py:3096} INFO - Sync 1 DAGs
[2025-05-01T11:48:11.614+0000] {logging_mixin.py:188} INFO - [2025-05-01T11:48:11.614+0000] {dag.py:3954} INFO - Setting next_dagrun for example_dynamic_task_mapping_with_no_taskflow_operators to 2025-04-30 00:00:00+00:00, run_after=2025-05-01 00:00:00+00:00
[2025-05-01T11:48:11.667+0000] {processor.py:183} INFO - Processing /home/airflow/.local/lib/python3.12/site-packages/airflow/example_dags/example_dynamic_task_mapping_with_no_taskflow_operators.py took 0.177 seconds
[2025-05-01T11:48:42.925+0000] {processor.py:161} INFO - Started process (PID=2056) to work on /home/airflow/.local/lib/python3.12/site-packages/airflow/example_dags/example_dynamic_task_mapping_with_no_taskflow_operators.py
[2025-05-01T11:48:42.927+0000] {processor.py:830} INFO - Processing file /home/airflow/.local/lib/python3.12/site-packages/airflow/example_dags/example_dynamic_task_mapping_with_no_taskflow_operators.py for tasks to queue
[2025-05-01T11:48:42.932+0000] {logging_mixin.py:188} INFO - [2025-05-01T11:48:42.932+0000] {dagbag.py:545} INFO - Filling up the DagBag from /home/airflow/.local/lib/python3.12/site-packages/airflow/example_dags/example_dynamic_task_mapping_with_no_taskflow_operators.py
[2025-05-01T11:48:42.947+0000] {processor.py:840} INFO - DAG(s) 'example_dynamic_task_mapping_with_no_taskflow_operators' retrieved from /home/airflow/.local/lib/python3.12/site-packages/airflow/example_dags/example_dynamic_task_mapping_with_no_taskflow_operators.py
[2025-05-01T11:48:43.241+0000] {logging_mixin.py:188} INFO - [2025-05-01T11:48:43.240+0000] {dag.py:3096} INFO - Sync 1 DAGs
[2025-05-01T11:48:43.286+0000] {logging_mixin.py:188} INFO - [2025-05-01T11:48:43.286+0000] {dag.py:3954} INFO - Setting next_dagrun for example_dynamic_task_mapping_with_no_taskflow_operators to 2025-04-30 00:00:00+00:00, run_after=2025-05-01 00:00:00+00:00
[2025-05-01T11:48:43.336+0000] {processor.py:183} INFO - Processing /home/airflow/.local/lib/python3.12/site-packages/airflow/example_dags/example_dynamic_task_mapping_with_no_taskflow_operators.py took 0.423 seconds
[2025-05-01T11:49:13.822+0000] {processor.py:161} INFO - Started process (PID=2116) to work on /home/airflow/.local/lib/python3.12/site-packages/airflow/example_dags/example_dynamic_task_mapping_with_no_taskflow_operators.py
[2025-05-01T11:49:13.825+0000] {processor.py:830} INFO - Processing file /home/airflow/.local/lib/python3.12/site-packages/airflow/example_dags/example_dynamic_task_mapping_with_no_taskflow_operators.py for tasks to queue
[2025-05-01T11:49:13.830+0000] {logging_mixin.py:188} INFO - [2025-05-01T11:49:13.829+0000] {dagbag.py:545} INFO - Filling up the DagBag from /home/airflow/.local/lib/python3.12/site-packages/airflow/example_dags/example_dynamic_task_mapping_with_no_taskflow_operators.py
[2025-05-01T11:49:13.849+0000] {processor.py:840} INFO - DAG(s) 'example_dynamic_task_mapping_with_no_taskflow_operators' retrieved from /home/airflow/.local/lib/python3.12/site-packages/airflow/example_dags/example_dynamic_task_mapping_with_no_taskflow_operators.py
[2025-05-01T11:49:13.896+0000] {logging_mixin.py:188} INFO - [2025-05-01T11:49:13.896+0000] {dag.py:3096} INFO - Sync 1 DAGs
[2025-05-01T11:49:13.964+0000] {logging_mixin.py:188} INFO - [2025-05-01T11:49:13.964+0000] {dag.py:3954} INFO - Setting next_dagrun for example_dynamic_task_mapping_with_no_taskflow_operators to 2025-04-30 00:00:00+00:00, run_after=2025-05-01 00:00:00+00:00
[2025-05-01T11:49:14.318+0000] {processor.py:183} INFO - Processing /home/airflow/.local/lib/python3.12/site-packages/airflow/example_dags/example_dynamic_task_mapping_with_no_taskflow_operators.py took 0.511 seconds
[2025-05-01T11:49:44.614+0000] {processor.py:161} INFO - Started process (PID=2175) to work on /home/airflow/.local/lib/python3.12/site-packages/airflow/example_dags/example_dynamic_task_mapping_with_no_taskflow_operators.py
[2025-05-01T11:49:44.617+0000] {processor.py:830} INFO - Processing file /home/airflow/.local/lib/python3.12/site-packages/airflow/example_dags/example_dynamic_task_mapping_with_no_taskflow_operators.py for tasks to queue
[2025-05-01T11:49:44.622+0000] {logging_mixin.py:188} INFO - [2025-05-01T11:49:44.621+0000] {dagbag.py:545} INFO - Filling up the DagBag from /home/airflow/.local/lib/python3.12/site-packages/airflow/example_dags/example_dynamic_task_mapping_with_no_taskflow_operators.py
[2025-05-01T11:49:44.638+0000] {processor.py:840} INFO - DAG(s) 'example_dynamic_task_mapping_with_no_taskflow_operators' retrieved from /home/airflow/.local/lib/python3.12/site-packages/airflow/example_dags/example_dynamic_task_mapping_with_no_taskflow_operators.py
[2025-05-01T11:49:44.681+0000] {logging_mixin.py:188} INFO - [2025-05-01T11:49:44.680+0000] {dag.py:3096} INFO - Sync 1 DAGs
[2025-05-01T11:49:44.733+0000] {logging_mixin.py:188} INFO - [2025-05-01T11:49:44.732+0000] {dag.py:3954} INFO - Setting next_dagrun for example_dynamic_task_mapping_with_no_taskflow_operators to 2025-04-30 00:00:00+00:00, run_after=2025-05-01 00:00:00+00:00
[2025-05-01T11:49:44.829+0000] {processor.py:183} INFO - Processing /home/airflow/.local/lib/python3.12/site-packages/airflow/example_dags/example_dynamic_task_mapping_with_no_taskflow_operators.py took 0.226 seconds
[2025-05-01T11:50:15.219+0000] {processor.py:161} INFO - Started process (PID=2234) to work on /home/airflow/.local/lib/python3.12/site-packages/airflow/example_dags/example_dynamic_task_mapping_with_no_taskflow_operators.py
[2025-05-01T11:50:15.221+0000] {processor.py:830} INFO - Processing file /home/airflow/.local/lib/python3.12/site-packages/airflow/example_dags/example_dynamic_task_mapping_with_no_taskflow_operators.py for tasks to queue
[2025-05-01T11:50:15.225+0000] {logging_mixin.py:188} INFO - [2025-05-01T11:50:15.225+0000] {dagbag.py:545} INFO - Filling up the DagBag from /home/airflow/.local/lib/python3.12/site-packages/airflow/example_dags/example_dynamic_task_mapping_with_no_taskflow_operators.py
[2025-05-01T11:50:15.239+0000] {processor.py:840} INFO - DAG(s) 'example_dynamic_task_mapping_with_no_taskflow_operators' retrieved from /home/airflow/.local/lib/python3.12/site-packages/airflow/example_dags/example_dynamic_task_mapping_with_no_taskflow_operators.py
[2025-05-01T11:50:15.286+0000] {logging_mixin.py:188} INFO - [2025-05-01T11:50:15.285+0000] {dag.py:3096} INFO - Sync 1 DAGs
[2025-05-01T11:50:15.345+0000] {logging_mixin.py:188} INFO - [2025-05-01T11:50:15.345+0000] {dag.py:3954} INFO - Setting next_dagrun for example_dynamic_task_mapping_with_no_taskflow_operators to 2025-04-30 00:00:00+00:00, run_after=2025-05-01 00:00:00+00:00
[2025-05-01T11:50:15.397+0000] {processor.py:183} INFO - Processing /home/airflow/.local/lib/python3.12/site-packages/airflow/example_dags/example_dynamic_task_mapping_with_no_taskflow_operators.py took 0.190 seconds
[2025-05-01T11:50:46.352+0000] {processor.py:161} INFO - Started process (PID=2293) to work on /home/airflow/.local/lib/python3.12/site-packages/airflow/example_dags/example_dynamic_task_mapping_with_no_taskflow_operators.py
[2025-05-01T11:50:46.355+0000] {processor.py:830} INFO - Processing file /home/airflow/.local/lib/python3.12/site-packages/airflow/example_dags/example_dynamic_task_mapping_with_no_taskflow_operators.py for tasks to queue
[2025-05-01T11:50:46.361+0000] {logging_mixin.py:188} INFO - [2025-05-01T11:50:46.360+0000] {dagbag.py:545} INFO - Filling up the DagBag from /home/airflow/.local/lib/python3.12/site-packages/airflow/example_dags/example_dynamic_task_mapping_with_no_taskflow_operators.py
[2025-05-01T11:50:46.380+0000] {processor.py:840} INFO - DAG(s) 'example_dynamic_task_mapping_with_no_taskflow_operators' retrieved from /home/airflow/.local/lib/python3.12/site-packages/airflow/example_dags/example_dynamic_task_mapping_with_no_taskflow_operators.py
[2025-05-01T11:50:46.433+0000] {logging_mixin.py:188} INFO - [2025-05-01T11:50:46.433+0000] {dag.py:3096} INFO - Sync 1 DAGs
[2025-05-01T11:50:46.485+0000] {logging_mixin.py:188} INFO - [2025-05-01T11:50:46.485+0000] {dag.py:3954} INFO - Setting next_dagrun for example_dynamic_task_mapping_with_no_taskflow_operators to 2025-04-30 00:00:00+00:00, run_after=2025-05-01 00:00:00+00:00
[2025-05-01T11:50:46.535+0000] {processor.py:183} INFO - Processing /home/airflow/.local/lib/python3.12/site-packages/airflow/example_dags/example_dynamic_task_mapping_with_no_taskflow_operators.py took 0.199 seconds
[2025-05-01T11:51:16.942+0000] {processor.py:161} INFO - Started process (PID=2352) to work on /home/airflow/.local/lib/python3.12/site-packages/airflow/example_dags/example_dynamic_task_mapping_with_no_taskflow_operators.py
[2025-05-01T11:51:16.944+0000] {processor.py:830} INFO - Processing file /home/airflow/.local/lib/python3.12/site-packages/airflow/example_dags/example_dynamic_task_mapping_with_no_taskflow_operators.py for tasks to queue
[2025-05-01T11:51:16.949+0000] {logging_mixin.py:188} INFO - [2025-05-01T11:51:16.948+0000] {dagbag.py:545} INFO - Filling up the DagBag from /home/airflow/.local/lib/python3.12/site-packages/airflow/example_dags/example_dynamic_task_mapping_with_no_taskflow_operators.py
[2025-05-01T11:51:16.962+0000] {processor.py:840} INFO - DAG(s) 'example_dynamic_task_mapping_with_no_taskflow_operators' retrieved from /home/airflow/.local/lib/python3.12/site-packages/airflow/example_dags/example_dynamic_task_mapping_with_no_taskflow_operators.py
[2025-05-01T11:51:17.009+0000] {logging_mixin.py:188} INFO - [2025-05-01T11:51:17.008+0000] {dag.py:3096} INFO - Sync 1 DAGs
[2025-05-01T11:51:17.101+0000] {logging_mixin.py:188} INFO - [2025-05-01T11:51:17.100+0000] {dag.py:3954} INFO - Setting next_dagrun for example_dynamic_task_mapping_with_no_taskflow_operators to 2025-04-30 00:00:00+00:00, run_after=2025-05-01 00:00:00+00:00
[2025-05-01T11:51:17.170+0000] {processor.py:183} INFO - Processing /home/airflow/.local/lib/python3.12/site-packages/airflow/example_dags/example_dynamic_task_mapping_with_no_taskflow_operators.py took 0.240 seconds
[2025-05-01T11:51:47.865+0000] {processor.py:161} INFO - Started process (PID=2411) to work on /home/airflow/.local/lib/python3.12/site-packages/airflow/example_dags/example_dynamic_task_mapping_with_no_taskflow_operators.py
[2025-05-01T11:51:47.867+0000] {processor.py:830} INFO - Processing file /home/airflow/.local/lib/python3.12/site-packages/airflow/example_dags/example_dynamic_task_mapping_with_no_taskflow_operators.py for tasks to queue
[2025-05-01T11:51:47.872+0000] {logging_mixin.py:188} INFO - [2025-05-01T11:51:47.871+0000] {dagbag.py:545} INFO - Filling up the DagBag from /home/airflow/.local/lib/python3.12/site-packages/airflow/example_dags/example_dynamic_task_mapping_with_no_taskflow_operators.py
[2025-05-01T11:51:47.902+0000] {processor.py:840} INFO - DAG(s) 'example_dynamic_task_mapping_with_no_taskflow_operators' retrieved from /home/airflow/.local/lib/python3.12/site-packages/airflow/example_dags/example_dynamic_task_mapping_with_no_taskflow_operators.py
[2025-05-01T11:51:47.963+0000] {logging_mixin.py:188} INFO - [2025-05-01T11:51:47.963+0000] {dag.py:3096} INFO - Sync 1 DAGs
[2025-05-01T11:51:48.030+0000] {logging_mixin.py:188} INFO - [2025-05-01T11:51:48.029+0000] {dag.py:3954} INFO - Setting next_dagrun for example_dynamic_task_mapping_with_no_taskflow_operators to 2025-04-30 00:00:00+00:00, run_after=2025-05-01 00:00:00+00:00
[2025-05-01T11:51:48.074+0000] {processor.py:183} INFO - Processing /home/airflow/.local/lib/python3.12/site-packages/airflow/example_dags/example_dynamic_task_mapping_with_no_taskflow_operators.py took 0.221 seconds
[2025-05-01T11:52:19.222+0000] {processor.py:161} INFO - Started process (PID=2470) to work on /home/airflow/.local/lib/python3.12/site-packages/airflow/example_dags/example_dynamic_task_mapping_with_no_taskflow_operators.py
[2025-05-01T11:52:19.224+0000] {processor.py:830} INFO - Processing file /home/airflow/.local/lib/python3.12/site-packages/airflow/example_dags/example_dynamic_task_mapping_with_no_taskflow_operators.py for tasks to queue
[2025-05-01T11:52:19.228+0000] {logging_mixin.py:188} INFO - [2025-05-01T11:52:19.227+0000] {dagbag.py:545} INFO - Filling up the DagBag from /home/airflow/.local/lib/python3.12/site-packages/airflow/example_dags/example_dynamic_task_mapping_with_no_taskflow_operators.py
[2025-05-01T11:52:19.248+0000] {processor.py:840} INFO - DAG(s) 'example_dynamic_task_mapping_with_no_taskflow_operators' retrieved from /home/airflow/.local/lib/python3.12/site-packages/airflow/example_dags/example_dynamic_task_mapping_with_no_taskflow_operators.py
[2025-05-01T11:52:19.299+0000] {logging_mixin.py:188} INFO - [2025-05-01T11:52:19.299+0000] {dag.py:3096} INFO - Sync 1 DAGs
[2025-05-01T11:52:19.354+0000] {logging_mixin.py:188} INFO - [2025-05-01T11:52:19.353+0000] {dag.py:3954} INFO - Setting next_dagrun for example_dynamic_task_mapping_with_no_taskflow_operators to 2025-04-30 00:00:00+00:00, run_after=2025-05-01 00:00:00+00:00
[2025-05-01T11:52:19.404+0000] {processor.py:183} INFO - Processing /home/airflow/.local/lib/python3.12/site-packages/airflow/example_dags/example_dynamic_task_mapping_with_no_taskflow_operators.py took 0.206 seconds
[2025-05-01T11:52:49.732+0000] {processor.py:161} INFO - Started process (PID=2529) to work on /home/airflow/.local/lib/python3.12/site-packages/airflow/example_dags/example_dynamic_task_mapping_with_no_taskflow_operators.py
[2025-05-01T11:52:49.734+0000] {processor.py:830} INFO - Processing file /home/airflow/.local/lib/python3.12/site-packages/airflow/example_dags/example_dynamic_task_mapping_with_no_taskflow_operators.py for tasks to queue
[2025-05-01T11:52:49.738+0000] {logging_mixin.py:188} INFO - [2025-05-01T11:52:49.738+0000] {dagbag.py:545} INFO - Filling up the DagBag from /home/airflow/.local/lib/python3.12/site-packages/airflow/example_dags/example_dynamic_task_mapping_with_no_taskflow_operators.py
[2025-05-01T11:52:49.751+0000] {processor.py:840} INFO - DAG(s) 'example_dynamic_task_mapping_with_no_taskflow_operators' retrieved from /home/airflow/.local/lib/python3.12/site-packages/airflow/example_dags/example_dynamic_task_mapping_with_no_taskflow_operators.py
[2025-05-01T11:52:49.803+0000] {logging_mixin.py:188} INFO - [2025-05-01T11:52:49.802+0000] {dag.py:3096} INFO - Sync 1 DAGs
[2025-05-01T11:52:49.860+0000] {logging_mixin.py:188} INFO - [2025-05-01T11:52:49.860+0000] {dag.py:3954} INFO - Setting next_dagrun for example_dynamic_task_mapping_with_no_taskflow_operators to 2025-04-30 00:00:00+00:00, run_after=2025-05-01 00:00:00+00:00
[2025-05-01T11:52:49.906+0000] {processor.py:183} INFO - Processing /home/airflow/.local/lib/python3.12/site-packages/airflow/example_dags/example_dynamic_task_mapping_with_no_taskflow_operators.py took 0.186 seconds
[2025-05-01T11:53:20.401+0000] {processor.py:161} INFO - Started process (PID=2588) to work on /home/airflow/.local/lib/python3.12/site-packages/airflow/example_dags/example_dynamic_task_mapping_with_no_taskflow_operators.py
[2025-05-01T11:53:20.403+0000] {processor.py:830} INFO - Processing file /home/airflow/.local/lib/python3.12/site-packages/airflow/example_dags/example_dynamic_task_mapping_with_no_taskflow_operators.py for tasks to queue
[2025-05-01T11:53:20.407+0000] {logging_mixin.py:188} INFO - [2025-05-01T11:53:20.406+0000] {dagbag.py:545} INFO - Filling up the DagBag from /home/airflow/.local/lib/python3.12/site-packages/airflow/example_dags/example_dynamic_task_mapping_with_no_taskflow_operators.py
[2025-05-01T11:53:20.423+0000] {processor.py:840} INFO - DAG(s) 'example_dynamic_task_mapping_with_no_taskflow_operators' retrieved from /home/airflow/.local/lib/python3.12/site-packages/airflow/example_dags/example_dynamic_task_mapping_with_no_taskflow_operators.py
[2025-05-01T11:53:20.471+0000] {logging_mixin.py:188} INFO - [2025-05-01T11:53:20.471+0000] {dag.py:3096} INFO - Sync 1 DAGs
[2025-05-01T11:53:20.521+0000] {logging_mixin.py:188} INFO - [2025-05-01T11:53:20.520+0000] {dag.py:3954} INFO - Setting next_dagrun for example_dynamic_task_mapping_with_no_taskflow_operators to 2025-04-30 00:00:00+00:00, run_after=2025-05-01 00:00:00+00:00
[2025-05-01T11:53:20.568+0000] {processor.py:183} INFO - Processing /home/airflow/.local/lib/python3.12/site-packages/airflow/example_dags/example_dynamic_task_mapping_with_no_taskflow_operators.py took 0.178 seconds
[2025-05-01T11:53:51.074+0000] {processor.py:161} INFO - Started process (PID=2647) to work on /home/airflow/.local/lib/python3.12/site-packages/airflow/example_dags/example_dynamic_task_mapping_with_no_taskflow_operators.py
[2025-05-01T11:53:51.076+0000] {processor.py:830} INFO - Processing file /home/airflow/.local/lib/python3.12/site-packages/airflow/example_dags/example_dynamic_task_mapping_with_no_taskflow_operators.py for tasks to queue
[2025-05-01T11:53:51.080+0000] {logging_mixin.py:188} INFO - [2025-05-01T11:53:51.079+0000] {dagbag.py:545} INFO - Filling up the DagBag from /home/airflow/.local/lib/python3.12/site-packages/airflow/example_dags/example_dynamic_task_mapping_with_no_taskflow_operators.py
[2025-05-01T11:53:51.093+0000] {processor.py:840} INFO - DAG(s) 'example_dynamic_task_mapping_with_no_taskflow_operators' retrieved from /home/airflow/.local/lib/python3.12/site-packages/airflow/example_dags/example_dynamic_task_mapping_with_no_taskflow_operators.py
[2025-05-01T11:53:51.136+0000] {logging_mixin.py:188} INFO - [2025-05-01T11:53:51.136+0000] {dag.py:3096} INFO - Sync 1 DAGs
[2025-05-01T11:53:51.186+0000] {logging_mixin.py:188} INFO - [2025-05-01T11:53:51.185+0000] {dag.py:3954} INFO - Setting next_dagrun for example_dynamic_task_mapping_with_no_taskflow_operators to 2025-04-30 00:00:00+00:00, run_after=2025-05-01 00:00:00+00:00
[2025-05-01T11:53:51.237+0000] {processor.py:183} INFO - Processing /home/airflow/.local/lib/python3.12/site-packages/airflow/example_dags/example_dynamic_task_mapping_with_no_taskflow_operators.py took 0.174 seconds
[2025-05-01T11:54:21.667+0000] {processor.py:161} INFO - Started process (PID=2706) to work on /home/airflow/.local/lib/python3.12/site-packages/airflow/example_dags/example_dynamic_task_mapping_with_no_taskflow_operators.py
[2025-05-01T11:54:21.669+0000] {processor.py:830} INFO - Processing file /home/airflow/.local/lib/python3.12/site-packages/airflow/example_dags/example_dynamic_task_mapping_with_no_taskflow_operators.py for tasks to queue
[2025-05-01T11:54:21.675+0000] {logging_mixin.py:188} INFO - [2025-05-01T11:54:21.674+0000] {dagbag.py:545} INFO - Filling up the DagBag from /home/airflow/.local/lib/python3.12/site-packages/airflow/example_dags/example_dynamic_task_mapping_with_no_taskflow_operators.py
[2025-05-01T11:54:21.693+0000] {processor.py:840} INFO - DAG(s) 'example_dynamic_task_mapping_with_no_taskflow_operators' retrieved from /home/airflow/.local/lib/python3.12/site-packages/airflow/example_dags/example_dynamic_task_mapping_with_no_taskflow_operators.py
[2025-05-01T11:54:21.741+0000] {logging_mixin.py:188} INFO - [2025-05-01T11:54:21.741+0000] {dag.py:3096} INFO - Sync 1 DAGs
[2025-05-01T11:54:21.818+0000] {logging_mixin.py:188} INFO - [2025-05-01T11:54:21.817+0000] {dag.py:3954} INFO - Setting next_dagrun for example_dynamic_task_mapping_with_no_taskflow_operators to 2025-04-30 00:00:00+00:00, run_after=2025-05-01 00:00:00+00:00
[2025-05-01T11:54:21.860+0000] {processor.py:183} INFO - Processing /home/airflow/.local/lib/python3.12/site-packages/airflow/example_dags/example_dynamic_task_mapping_with_no_taskflow_operators.py took 0.212 seconds
[2025-05-01T11:54:52.173+0000] {processor.py:161} INFO - Started process (PID=2765) to work on /home/airflow/.local/lib/python3.12/site-packages/airflow/example_dags/example_dynamic_task_mapping_with_no_taskflow_operators.py
[2025-05-01T11:54:52.175+0000] {processor.py:830} INFO - Processing file /home/airflow/.local/lib/python3.12/site-packages/airflow/example_dags/example_dynamic_task_mapping_with_no_taskflow_operators.py for tasks to queue
[2025-05-01T11:54:52.181+0000] {logging_mixin.py:188} INFO - [2025-05-01T11:54:52.180+0000] {dagbag.py:545} INFO - Filling up the DagBag from /home/airflow/.local/lib/python3.12/site-packages/airflow/example_dags/example_dynamic_task_mapping_with_no_taskflow_operators.py
[2025-05-01T11:54:52.200+0000] {processor.py:840} INFO - DAG(s) 'example_dynamic_task_mapping_with_no_taskflow_operators' retrieved from /home/airflow/.local/lib/python3.12/site-packages/airflow/example_dags/example_dynamic_task_mapping_with_no_taskflow_operators.py
[2025-05-01T11:54:52.255+0000] {logging_mixin.py:188} INFO - [2025-05-01T11:54:52.254+0000] {dag.py:3096} INFO - Sync 1 DAGs
[2025-05-01T11:54:52.320+0000] {logging_mixin.py:188} INFO - [2025-05-01T11:54:52.319+0000] {dag.py:3954} INFO - Setting next_dagrun for example_dynamic_task_mapping_with_no_taskflow_operators to 2025-04-30 00:00:00+00:00, run_after=2025-05-01 00:00:00+00:00
[2025-05-01T11:54:52.373+0000] {processor.py:183} INFO - Processing /home/airflow/.local/lib/python3.12/site-packages/airflow/example_dags/example_dynamic_task_mapping_with_no_taskflow_operators.py took 0.213 seconds
[2025-05-01T11:55:22.941+0000] {processor.py:161} INFO - Started process (PID=2824) to work on /home/airflow/.local/lib/python3.12/site-packages/airflow/example_dags/example_dynamic_task_mapping_with_no_taskflow_operators.py
[2025-05-01T11:55:22.943+0000] {processor.py:830} INFO - Processing file /home/airflow/.local/lib/python3.12/site-packages/airflow/example_dags/example_dynamic_task_mapping_with_no_taskflow_operators.py for tasks to queue
[2025-05-01T11:55:22.948+0000] {logging_mixin.py:188} INFO - [2025-05-01T11:55:22.947+0000] {dagbag.py:545} INFO - Filling up the DagBag from /home/airflow/.local/lib/python3.12/site-packages/airflow/example_dags/example_dynamic_task_mapping_with_no_taskflow_operators.py
[2025-05-01T11:55:22.964+0000] {processor.py:840} INFO - DAG(s) 'example_dynamic_task_mapping_with_no_taskflow_operators' retrieved from /home/airflow/.local/lib/python3.12/site-packages/airflow/example_dags/example_dynamic_task_mapping_with_no_taskflow_operators.py
[2025-05-01T11:55:23.005+0000] {logging_mixin.py:188} INFO - [2025-05-01T11:55:23.005+0000] {dag.py:3096} INFO - Sync 1 DAGs
[2025-05-01T11:55:23.055+0000] {logging_mixin.py:188} INFO - [2025-05-01T11:55:23.055+0000] {dag.py:3954} INFO - Setting next_dagrun for example_dynamic_task_mapping_with_no_taskflow_operators to 2025-04-30 00:00:00+00:00, run_after=2025-05-01 00:00:00+00:00
[2025-05-01T11:55:23.144+0000] {processor.py:183} INFO - Processing /home/airflow/.local/lib/python3.12/site-packages/airflow/example_dags/example_dynamic_task_mapping_with_no_taskflow_operators.py took 0.214 seconds
[2025-05-01T11:55:53.549+0000] {processor.py:161} INFO - Started process (PID=2883) to work on /home/airflow/.local/lib/python3.12/site-packages/airflow/example_dags/example_dynamic_task_mapping_with_no_taskflow_operators.py
[2025-05-01T11:55:53.552+0000] {processor.py:830} INFO - Processing file /home/airflow/.local/lib/python3.12/site-packages/airflow/example_dags/example_dynamic_task_mapping_with_no_taskflow_operators.py for tasks to queue
[2025-05-01T11:55:53.560+0000] {logging_mixin.py:188} INFO - [2025-05-01T11:55:53.558+0000] {dagbag.py:545} INFO - Filling up the DagBag from /home/airflow/.local/lib/python3.12/site-packages/airflow/example_dags/example_dynamic_task_mapping_with_no_taskflow_operators.py
[2025-05-01T11:55:53.576+0000] {processor.py:840} INFO - DAG(s) 'example_dynamic_task_mapping_with_no_taskflow_operators' retrieved from /home/airflow/.local/lib/python3.12/site-packages/airflow/example_dags/example_dynamic_task_mapping_with_no_taskflow_operators.py
[2025-05-01T11:55:53.625+0000] {logging_mixin.py:188} INFO - [2025-05-01T11:55:53.625+0000] {dag.py:3096} INFO - Sync 1 DAGs
[2025-05-01T11:55:53.680+0000] {logging_mixin.py:188} INFO - [2025-05-01T11:55:53.679+0000] {dag.py:3954} INFO - Setting next_dagrun for example_dynamic_task_mapping_with_no_taskflow_operators to 2025-04-30 00:00:00+00:00, run_after=2025-05-01 00:00:00+00:00
[2025-05-01T11:55:53.724+0000] {processor.py:183} INFO - Processing /home/airflow/.local/lib/python3.12/site-packages/airflow/example_dags/example_dynamic_task_mapping_with_no_taskflow_operators.py took 0.190 seconds
[2025-05-01T11:56:24.533+0000] {processor.py:161} INFO - Started process (PID=2942) to work on /home/airflow/.local/lib/python3.12/site-packages/airflow/example_dags/example_dynamic_task_mapping_with_no_taskflow_operators.py
[2025-05-01T11:56:24.536+0000] {processor.py:830} INFO - Processing file /home/airflow/.local/lib/python3.12/site-packages/airflow/example_dags/example_dynamic_task_mapping_with_no_taskflow_operators.py for tasks to queue
[2025-05-01T11:56:24.541+0000] {logging_mixin.py:188} INFO - [2025-05-01T11:56:24.540+0000] {dagbag.py:545} INFO - Filling up the DagBag from /home/airflow/.local/lib/python3.12/site-packages/airflow/example_dags/example_dynamic_task_mapping_with_no_taskflow_operators.py
[2025-05-01T11:56:24.558+0000] {processor.py:840} INFO - DAG(s) 'example_dynamic_task_mapping_with_no_taskflow_operators' retrieved from /home/airflow/.local/lib/python3.12/site-packages/airflow/example_dags/example_dynamic_task_mapping_with_no_taskflow_operators.py
[2025-05-01T11:56:24.610+0000] {logging_mixin.py:188} INFO - [2025-05-01T11:56:24.610+0000] {dag.py:3096} INFO - Sync 1 DAGs
[2025-05-01T11:56:24.671+0000] {logging_mixin.py:188} INFO - [2025-05-01T11:56:24.670+0000] {dag.py:3954} INFO - Setting next_dagrun for example_dynamic_task_mapping_with_no_taskflow_operators to 2025-04-30 00:00:00+00:00, run_after=2025-05-01 00:00:00+00:00
[2025-05-01T11:56:24.750+0000] {processor.py:183} INFO - Processing /home/airflow/.local/lib/python3.12/site-packages/airflow/example_dags/example_dynamic_task_mapping_with_no_taskflow_operators.py took 0.232 seconds
[2025-05-01T11:56:55.237+0000] {processor.py:161} INFO - Started process (PID=3001) to work on /home/airflow/.local/lib/python3.12/site-packages/airflow/example_dags/example_dynamic_task_mapping_with_no_taskflow_operators.py
[2025-05-01T11:56:55.240+0000] {processor.py:830} INFO - Processing file /home/airflow/.local/lib/python3.12/site-packages/airflow/example_dags/example_dynamic_task_mapping_with_no_taskflow_operators.py for tasks to queue
[2025-05-01T11:56:55.244+0000] {logging_mixin.py:188} INFO - [2025-05-01T11:56:55.243+0000] {dagbag.py:545} INFO - Filling up the DagBag from /home/airflow/.local/lib/python3.12/site-packages/airflow/example_dags/example_dynamic_task_mapping_with_no_taskflow_operators.py
[2025-05-01T11:56:55.259+0000] {processor.py:840} INFO - DAG(s) 'example_dynamic_task_mapping_with_no_taskflow_operators' retrieved from /home/airflow/.local/lib/python3.12/site-packages/airflow/example_dags/example_dynamic_task_mapping_with_no_taskflow_operators.py
[2025-05-01T11:56:55.309+0000] {logging_mixin.py:188} INFO - [2025-05-01T11:56:55.308+0000] {dag.py:3096} INFO - Sync 1 DAGs
[2025-05-01T11:56:55.365+0000] {logging_mixin.py:188} INFO - [2025-05-01T11:56:55.365+0000] {dag.py:3954} INFO - Setting next_dagrun for example_dynamic_task_mapping_with_no_taskflow_operators to 2025-04-30 00:00:00+00:00, run_after=2025-05-01 00:00:00+00:00
[2025-05-01T11:56:55.445+0000] {processor.py:183} INFO - Processing /home/airflow/.local/lib/python3.12/site-packages/airflow/example_dags/example_dynamic_task_mapping_with_no_taskflow_operators.py took 0.221 seconds
[2025-05-01T11:57:25.691+0000] {processor.py:161} INFO - Started process (PID=3060) to work on /home/airflow/.local/lib/python3.12/site-packages/airflow/example_dags/example_dynamic_task_mapping_with_no_taskflow_operators.py
[2025-05-01T11:57:25.694+0000] {processor.py:830} INFO - Processing file /home/airflow/.local/lib/python3.12/site-packages/airflow/example_dags/example_dynamic_task_mapping_with_no_taskflow_operators.py for tasks to queue
[2025-05-01T11:57:25.699+0000] {logging_mixin.py:188} INFO - [2025-05-01T11:57:25.698+0000] {dagbag.py:545} INFO - Filling up the DagBag from /home/airflow/.local/lib/python3.12/site-packages/airflow/example_dags/example_dynamic_task_mapping_with_no_taskflow_operators.py
[2025-05-01T11:57:25.713+0000] {processor.py:840} INFO - DAG(s) 'example_dynamic_task_mapping_with_no_taskflow_operators' retrieved from /home/airflow/.local/lib/python3.12/site-packages/airflow/example_dags/example_dynamic_task_mapping_with_no_taskflow_operators.py
[2025-05-01T11:57:25.756+0000] {logging_mixin.py:188} INFO - [2025-05-01T11:57:25.755+0000] {dag.py:3096} INFO - Sync 1 DAGs
[2025-05-01T11:57:25.813+0000] {logging_mixin.py:188} INFO - [2025-05-01T11:57:25.812+0000] {dag.py:3954} INFO - Setting next_dagrun for example_dynamic_task_mapping_with_no_taskflow_operators to 2025-04-30 00:00:00+00:00, run_after=2025-05-01 00:00:00+00:00
[2025-05-01T11:57:25.861+0000] {processor.py:183} INFO - Processing /home/airflow/.local/lib/python3.12/site-packages/airflow/example_dags/example_dynamic_task_mapping_with_no_taskflow_operators.py took 0.182 seconds
[2025-05-01T11:57:56.190+0000] {processor.py:161} INFO - Started process (PID=3119) to work on /home/airflow/.local/lib/python3.12/site-packages/airflow/example_dags/example_dynamic_task_mapping_with_no_taskflow_operators.py
[2025-05-01T11:57:56.192+0000] {processor.py:830} INFO - Processing file /home/airflow/.local/lib/python3.12/site-packages/airflow/example_dags/example_dynamic_task_mapping_with_no_taskflow_operators.py for tasks to queue
[2025-05-01T11:57:56.197+0000] {logging_mixin.py:188} INFO - [2025-05-01T11:57:56.196+0000] {dagbag.py:545} INFO - Filling up the DagBag from /home/airflow/.local/lib/python3.12/site-packages/airflow/example_dags/example_dynamic_task_mapping_with_no_taskflow_operators.py
[2025-05-01T11:57:56.211+0000] {processor.py:840} INFO - DAG(s) 'example_dynamic_task_mapping_with_no_taskflow_operators' retrieved from /home/airflow/.local/lib/python3.12/site-packages/airflow/example_dags/example_dynamic_task_mapping_with_no_taskflow_operators.py
[2025-05-01T11:57:56.253+0000] {logging_mixin.py:188} INFO - [2025-05-01T11:57:56.252+0000] {dag.py:3096} INFO - Sync 1 DAGs
[2025-05-01T11:57:56.308+0000] {logging_mixin.py:188} INFO - [2025-05-01T11:57:56.308+0000] {dag.py:3954} INFO - Setting next_dagrun for example_dynamic_task_mapping_with_no_taskflow_operators to 2025-04-30 00:00:00+00:00, run_after=2025-05-01 00:00:00+00:00
[2025-05-01T11:57:56.354+0000] {processor.py:183} INFO - Processing /home/airflow/.local/lib/python3.12/site-packages/airflow/example_dags/example_dynamic_task_mapping_with_no_taskflow_operators.py took 0.176 seconds
[2025-05-01T11:58:26.658+0000] {processor.py:161} INFO - Started process (PID=3178) to work on /home/airflow/.local/lib/python3.12/site-packages/airflow/example_dags/example_dynamic_task_mapping_with_no_taskflow_operators.py
[2025-05-01T11:58:26.660+0000] {processor.py:830} INFO - Processing file /home/airflow/.local/lib/python3.12/site-packages/airflow/example_dags/example_dynamic_task_mapping_with_no_taskflow_operators.py for tasks to queue
[2025-05-01T11:58:26.664+0000] {logging_mixin.py:188} INFO - [2025-05-01T11:58:26.663+0000] {dagbag.py:545} INFO - Filling up the DagBag from /home/airflow/.local/lib/python3.12/site-packages/airflow/example_dags/example_dynamic_task_mapping_with_no_taskflow_operators.py
[2025-05-01T11:58:26.677+0000] {processor.py:840} INFO - DAG(s) 'example_dynamic_task_mapping_with_no_taskflow_operators' retrieved from /home/airflow/.local/lib/python3.12/site-packages/airflow/example_dags/example_dynamic_task_mapping_with_no_taskflow_operators.py
[2025-05-01T11:58:26.720+0000] {logging_mixin.py:188} INFO - [2025-05-01T11:58:26.719+0000] {dag.py:3096} INFO - Sync 1 DAGs
[2025-05-01T11:58:26.769+0000] {logging_mixin.py:188} INFO - [2025-05-01T11:58:26.768+0000] {dag.py:3954} INFO - Setting next_dagrun for example_dynamic_task_mapping_with_no_taskflow_operators to 2025-04-30 00:00:00+00:00, run_after=2025-05-01 00:00:00+00:00
[2025-05-01T11:58:26.820+0000] {processor.py:183} INFO - Processing /home/airflow/.local/lib/python3.12/site-packages/airflow/example_dags/example_dynamic_task_mapping_with_no_taskflow_operators.py took 0.174 seconds
[2025-05-01T11:58:56.953+0000] {processor.py:161} INFO - Started process (PID=3237) to work on /home/airflow/.local/lib/python3.12/site-packages/airflow/example_dags/example_dynamic_task_mapping_with_no_taskflow_operators.py
[2025-05-01T11:58:56.956+0000] {processor.py:830} INFO - Processing file /home/airflow/.local/lib/python3.12/site-packages/airflow/example_dags/example_dynamic_task_mapping_with_no_taskflow_operators.py for tasks to queue
[2025-05-01T11:58:56.959+0000] {logging_mixin.py:188} INFO - [2025-05-01T11:58:56.959+0000] {dagbag.py:545} INFO - Filling up the DagBag from /home/airflow/.local/lib/python3.12/site-packages/airflow/example_dags/example_dynamic_task_mapping_with_no_taskflow_operators.py
[2025-05-01T11:58:56.973+0000] {processor.py:840} INFO - DAG(s) 'example_dynamic_task_mapping_with_no_taskflow_operators' retrieved from /home/airflow/.local/lib/python3.12/site-packages/airflow/example_dags/example_dynamic_task_mapping_with_no_taskflow_operators.py
[2025-05-01T11:58:57.014+0000] {logging_mixin.py:188} INFO - [2025-05-01T11:58:57.013+0000] {dag.py:3096} INFO - Sync 1 DAGs
[2025-05-01T11:58:57.065+0000] {logging_mixin.py:188} INFO - [2025-05-01T11:58:57.064+0000] {dag.py:3954} INFO - Setting next_dagrun for example_dynamic_task_mapping_with_no_taskflow_operators to 2025-04-30 00:00:00+00:00, run_after=2025-05-01 00:00:00+00:00
[2025-05-01T11:58:57.109+0000] {processor.py:183} INFO - Processing /home/airflow/.local/lib/python3.12/site-packages/airflow/example_dags/example_dynamic_task_mapping_with_no_taskflow_operators.py took 0.169 seconds
[2025-05-01T11:59:28.187+0000] {processor.py:161} INFO - Started process (PID=3296) to work on /home/airflow/.local/lib/python3.12/site-packages/airflow/example_dags/example_dynamic_task_mapping_with_no_taskflow_operators.py
[2025-05-01T11:59:28.189+0000] {processor.py:830} INFO - Processing file /home/airflow/.local/lib/python3.12/site-packages/airflow/example_dags/example_dynamic_task_mapping_with_no_taskflow_operators.py for tasks to queue
[2025-05-01T11:59:28.194+0000] {logging_mixin.py:188} INFO - [2025-05-01T11:59:28.193+0000] {dagbag.py:545} INFO - Filling up the DagBag from /home/airflow/.local/lib/python3.12/site-packages/airflow/example_dags/example_dynamic_task_mapping_with_no_taskflow_operators.py
[2025-05-01T11:59:28.208+0000] {processor.py:840} INFO - DAG(s) 'example_dynamic_task_mapping_with_no_taskflow_operators' retrieved from /home/airflow/.local/lib/python3.12/site-packages/airflow/example_dags/example_dynamic_task_mapping_with_no_taskflow_operators.py
[2025-05-01T11:59:28.252+0000] {logging_mixin.py:188} INFO - [2025-05-01T11:59:28.251+0000] {dag.py:3096} INFO - Sync 1 DAGs
[2025-05-01T11:59:28.305+0000] {logging_mixin.py:188} INFO - [2025-05-01T11:59:28.304+0000] {dag.py:3954} INFO - Setting next_dagrun for example_dynamic_task_mapping_with_no_taskflow_operators to 2025-04-30 00:00:00+00:00, run_after=2025-05-01 00:00:00+00:00
[2025-05-01T11:59:28.393+0000] {processor.py:183} INFO - Processing /home/airflow/.local/lib/python3.12/site-packages/airflow/example_dags/example_dynamic_task_mapping_with_no_taskflow_operators.py took 0.223 seconds
[2025-05-01T11:59:58.750+0000] {processor.py:161} INFO - Started process (PID=3355) to work on /home/airflow/.local/lib/python3.12/site-packages/airflow/example_dags/example_dynamic_task_mapping_with_no_taskflow_operators.py
[2025-05-01T11:59:58.753+0000] {processor.py:830} INFO - Processing file /home/airflow/.local/lib/python3.12/site-packages/airflow/example_dags/example_dynamic_task_mapping_with_no_taskflow_operators.py for tasks to queue
[2025-05-01T11:59:58.758+0000] {logging_mixin.py:188} INFO - [2025-05-01T11:59:58.757+0000] {dagbag.py:545} INFO - Filling up the DagBag from /home/airflow/.local/lib/python3.12/site-packages/airflow/example_dags/example_dynamic_task_mapping_with_no_taskflow_operators.py
[2025-05-01T11:59:58.775+0000] {processor.py:840} INFO - DAG(s) 'example_dynamic_task_mapping_with_no_taskflow_operators' retrieved from /home/airflow/.local/lib/python3.12/site-packages/airflow/example_dags/example_dynamic_task_mapping_with_no_taskflow_operators.py
[2025-05-01T11:59:58.833+0000] {logging_mixin.py:188} INFO - [2025-05-01T11:59:58.832+0000] {dag.py:3096} INFO - Sync 1 DAGs
[2025-05-01T11:59:58.900+0000] {logging_mixin.py:188} INFO - [2025-05-01T11:59:58.899+0000] {dag.py:3954} INFO - Setting next_dagrun for example_dynamic_task_mapping_with_no_taskflow_operators to 2025-04-30 00:00:00+00:00, run_after=2025-05-01 00:00:00+00:00
[2025-05-01T11:59:58.967+0000] {processor.py:183} INFO - Processing /home/airflow/.local/lib/python3.12/site-packages/airflow/example_dags/example_dynamic_task_mapping_with_no_taskflow_operators.py took 0.233 seconds
[2025-05-01T12:00:29.231+0000] {processor.py:161} INFO - Started process (PID=3412) to work on /home/airflow/.local/lib/python3.12/site-packages/airflow/example_dags/example_dynamic_task_mapping_with_no_taskflow_operators.py
[2025-05-01T12:00:29.235+0000] {processor.py:830} INFO - Processing file /home/airflow/.local/lib/python3.12/site-packages/airflow/example_dags/example_dynamic_task_mapping_with_no_taskflow_operators.py for tasks to queue
[2025-05-01T12:00:29.240+0000] {logging_mixin.py:188} INFO - [2025-05-01T12:00:29.239+0000] {dagbag.py:545} INFO - Filling up the DagBag from /home/airflow/.local/lib/python3.12/site-packages/airflow/example_dags/example_dynamic_task_mapping_with_no_taskflow_operators.py
[2025-05-01T12:00:29.258+0000] {processor.py:840} INFO - DAG(s) 'example_dynamic_task_mapping_with_no_taskflow_operators' retrieved from /home/airflow/.local/lib/python3.12/site-packages/airflow/example_dags/example_dynamic_task_mapping_with_no_taskflow_operators.py
[2025-05-01T12:00:29.313+0000] {logging_mixin.py:188} INFO - [2025-05-01T12:00:29.313+0000] {dag.py:3096} INFO - Sync 1 DAGs
[2025-05-01T12:00:29.391+0000] {logging_mixin.py:188} INFO - [2025-05-01T12:00:29.390+0000] {dag.py:3954} INFO - Setting next_dagrun for example_dynamic_task_mapping_with_no_taskflow_operators to 2025-04-30 00:00:00+00:00, run_after=2025-05-01 00:00:00+00:00
[2025-05-01T12:00:29.447+0000] {processor.py:183} INFO - Processing /home/airflow/.local/lib/python3.12/site-packages/airflow/example_dags/example_dynamic_task_mapping_with_no_taskflow_operators.py took 0.233 seconds
[2025-05-01T12:01:00.936+0000] {processor.py:161} INFO - Started process (PID=3470) to work on /home/airflow/.local/lib/python3.12/site-packages/airflow/example_dags/example_dynamic_task_mapping_with_no_taskflow_operators.py
[2025-05-01T12:01:00.938+0000] {processor.py:830} INFO - Processing file /home/airflow/.local/lib/python3.12/site-packages/airflow/example_dags/example_dynamic_task_mapping_with_no_taskflow_operators.py for tasks to queue
[2025-05-01T12:01:00.942+0000] {logging_mixin.py:188} INFO - [2025-05-01T12:01:00.941+0000] {dagbag.py:545} INFO - Filling up the DagBag from /home/airflow/.local/lib/python3.12/site-packages/airflow/example_dags/example_dynamic_task_mapping_with_no_taskflow_operators.py
[2025-05-01T12:01:00.955+0000] {processor.py:840} INFO - DAG(s) 'example_dynamic_task_mapping_with_no_taskflow_operators' retrieved from /home/airflow/.local/lib/python3.12/site-packages/airflow/example_dags/example_dynamic_task_mapping_with_no_taskflow_operators.py
[2025-05-01T12:01:00.998+0000] {logging_mixin.py:188} INFO - [2025-05-01T12:01:00.997+0000] {dag.py:3096} INFO - Sync 1 DAGs
[2025-05-01T12:01:01.048+0000] {logging_mixin.py:188} INFO - [2025-05-01T12:01:01.047+0000] {dag.py:3954} INFO - Setting next_dagrun for example_dynamic_task_mapping_with_no_taskflow_operators to 2025-04-30 00:00:00+00:00, run_after=2025-05-01 00:00:00+00:00
[2025-05-01T12:01:01.095+0000] {processor.py:183} INFO - Processing /home/airflow/.local/lib/python3.12/site-packages/airflow/example_dags/example_dynamic_task_mapping_with_no_taskflow_operators.py took 0.171 seconds
[2025-05-01T12:01:31.877+0000] {processor.py:161} INFO - Started process (PID=3530) to work on /home/airflow/.local/lib/python3.12/site-packages/airflow/example_dags/example_dynamic_task_mapping_with_no_taskflow_operators.py
[2025-05-01T12:01:31.879+0000] {processor.py:830} INFO - Processing file /home/airflow/.local/lib/python3.12/site-packages/airflow/example_dags/example_dynamic_task_mapping_with_no_taskflow_operators.py for tasks to queue
[2025-05-01T12:01:31.883+0000] {logging_mixin.py:188} INFO - [2025-05-01T12:01:31.882+0000] {dagbag.py:545} INFO - Filling up the DagBag from /home/airflow/.local/lib/python3.12/site-packages/airflow/example_dags/example_dynamic_task_mapping_with_no_taskflow_operators.py
[2025-05-01T12:01:31.900+0000] {processor.py:840} INFO - DAG(s) 'example_dynamic_task_mapping_with_no_taskflow_operators' retrieved from /home/airflow/.local/lib/python3.12/site-packages/airflow/example_dags/example_dynamic_task_mapping_with_no_taskflow_operators.py
[2025-05-01T12:01:31.943+0000] {logging_mixin.py:188} INFO - [2025-05-01T12:01:31.943+0000] {dag.py:3096} INFO - Sync 1 DAGs
[2025-05-01T12:01:31.998+0000] {logging_mixin.py:188} INFO - [2025-05-01T12:01:31.998+0000] {dag.py:3954} INFO - Setting next_dagrun for example_dynamic_task_mapping_with_no_taskflow_operators to 2025-04-30 00:00:00+00:00, run_after=2025-05-01 00:00:00+00:00
[2025-05-01T12:01:32.051+0000] {processor.py:183} INFO - Processing /home/airflow/.local/lib/python3.12/site-packages/airflow/example_dags/example_dynamic_task_mapping_with_no_taskflow_operators.py took 0.190 seconds
[2025-05-01T12:02:02.843+0000] {processor.py:161} INFO - Started process (PID=3596) to work on /home/airflow/.local/lib/python3.12/site-packages/airflow/example_dags/example_dynamic_task_mapping_with_no_taskflow_operators.py
[2025-05-01T12:02:02.846+0000] {processor.py:830} INFO - Processing file /home/airflow/.local/lib/python3.12/site-packages/airflow/example_dags/example_dynamic_task_mapping_with_no_taskflow_operators.py for tasks to queue
[2025-05-01T12:02:02.854+0000] {logging_mixin.py:188} INFO - [2025-05-01T12:02:02.853+0000] {dagbag.py:545} INFO - Filling up the DagBag from /home/airflow/.local/lib/python3.12/site-packages/airflow/example_dags/example_dynamic_task_mapping_with_no_taskflow_operators.py
[2025-05-01T12:02:02.869+0000] {processor.py:840} INFO - DAG(s) 'example_dynamic_task_mapping_with_no_taskflow_operators' retrieved from /home/airflow/.local/lib/python3.12/site-packages/airflow/example_dags/example_dynamic_task_mapping_with_no_taskflow_operators.py
[2025-05-01T12:02:02.910+0000] {logging_mixin.py:188} INFO - [2025-05-01T12:02:02.910+0000] {dag.py:3096} INFO - Sync 1 DAGs
[2025-05-01T12:02:02.958+0000] {logging_mixin.py:188} INFO - [2025-05-01T12:02:02.958+0000] {dag.py:3954} INFO - Setting next_dagrun for example_dynamic_task_mapping_with_no_taskflow_operators to 2025-04-30 00:00:00+00:00, run_after=2025-05-01 00:00:00+00:00
[2025-05-01T12:02:03.001+0000] {processor.py:183} INFO - Processing /home/airflow/.local/lib/python3.12/site-packages/airflow/example_dags/example_dynamic_task_mapping_with_no_taskflow_operators.py took 0.172 seconds
[2025-05-01T12:02:33.151+0000] {processor.py:161} INFO - Started process (PID=3653) to work on /home/airflow/.local/lib/python3.12/site-packages/airflow/example_dags/example_dynamic_task_mapping_with_no_taskflow_operators.py
[2025-05-01T12:02:33.153+0000] {processor.py:830} INFO - Processing file /home/airflow/.local/lib/python3.12/site-packages/airflow/example_dags/example_dynamic_task_mapping_with_no_taskflow_operators.py for tasks to queue
[2025-05-01T12:02:33.157+0000] {logging_mixin.py:188} INFO - [2025-05-01T12:02:33.157+0000] {dagbag.py:545} INFO - Filling up the DagBag from /home/airflow/.local/lib/python3.12/site-packages/airflow/example_dags/example_dynamic_task_mapping_with_no_taskflow_operators.py
[2025-05-01T12:02:33.171+0000] {processor.py:840} INFO - DAG(s) 'example_dynamic_task_mapping_with_no_taskflow_operators' retrieved from /home/airflow/.local/lib/python3.12/site-packages/airflow/example_dags/example_dynamic_task_mapping_with_no_taskflow_operators.py
[2025-05-01T12:02:33.221+0000] {logging_mixin.py:188} INFO - [2025-05-01T12:02:33.220+0000] {dag.py:3096} INFO - Sync 1 DAGs
[2025-05-01T12:02:33.272+0000] {logging_mixin.py:188} INFO - [2025-05-01T12:02:33.272+0000] {dag.py:3954} INFO - Setting next_dagrun for example_dynamic_task_mapping_with_no_taskflow_operators to 2025-04-30 00:00:00+00:00, run_after=2025-05-01 00:00:00+00:00
[2025-05-01T12:02:33.321+0000] {processor.py:183} INFO - Processing /home/airflow/.local/lib/python3.12/site-packages/airflow/example_dags/example_dynamic_task_mapping_with_no_taskflow_operators.py took 0.183 seconds
[2025-05-01T12:03:03.695+0000] {processor.py:161} INFO - Started process (PID=3711) to work on /home/airflow/.local/lib/python3.12/site-packages/airflow/example_dags/example_dynamic_task_mapping_with_no_taskflow_operators.py
[2025-05-01T12:03:03.698+0000] {processor.py:830} INFO - Processing file /home/airflow/.local/lib/python3.12/site-packages/airflow/example_dags/example_dynamic_task_mapping_with_no_taskflow_operators.py for tasks to queue
[2025-05-01T12:03:03.703+0000] {logging_mixin.py:188} INFO - [2025-05-01T12:03:03.702+0000] {dagbag.py:545} INFO - Filling up the DagBag from /home/airflow/.local/lib/python3.12/site-packages/airflow/example_dags/example_dynamic_task_mapping_with_no_taskflow_operators.py
[2025-05-01T12:03:03.717+0000] {processor.py:840} INFO - DAG(s) 'example_dynamic_task_mapping_with_no_taskflow_operators' retrieved from /home/airflow/.local/lib/python3.12/site-packages/airflow/example_dags/example_dynamic_task_mapping_with_no_taskflow_operators.py
[2025-05-01T12:03:03.760+0000] {logging_mixin.py:188} INFO - [2025-05-01T12:03:03.759+0000] {dag.py:3096} INFO - Sync 1 DAGs
[2025-05-01T12:03:03.823+0000] {logging_mixin.py:188} INFO - [2025-05-01T12:03:03.822+0000] {dag.py:3954} INFO - Setting next_dagrun for example_dynamic_task_mapping_with_no_taskflow_operators to 2025-04-30 00:00:00+00:00, run_after=2025-05-01 00:00:00+00:00
[2025-05-01T12:03:03.866+0000] {processor.py:183} INFO - Processing /home/airflow/.local/lib/python3.12/site-packages/airflow/example_dags/example_dynamic_task_mapping_with_no_taskflow_operators.py took 0.185 seconds
[2025-05-01T12:03:34.551+0000] {processor.py:161} INFO - Started process (PID=3770) to work on /home/airflow/.local/lib/python3.12/site-packages/airflow/example_dags/example_dynamic_task_mapping_with_no_taskflow_operators.py
[2025-05-01T12:03:34.553+0000] {processor.py:830} INFO - Processing file /home/airflow/.local/lib/python3.12/site-packages/airflow/example_dags/example_dynamic_task_mapping_with_no_taskflow_operators.py for tasks to queue
[2025-05-01T12:03:34.557+0000] {logging_mixin.py:188} INFO - [2025-05-01T12:03:34.556+0000] {dagbag.py:545} INFO - Filling up the DagBag from /home/airflow/.local/lib/python3.12/site-packages/airflow/example_dags/example_dynamic_task_mapping_with_no_taskflow_operators.py
[2025-05-01T12:03:34.571+0000] {processor.py:840} INFO - DAG(s) 'example_dynamic_task_mapping_with_no_taskflow_operators' retrieved from /home/airflow/.local/lib/python3.12/site-packages/airflow/example_dags/example_dynamic_task_mapping_with_no_taskflow_operators.py
[2025-05-01T12:03:34.617+0000] {logging_mixin.py:188} INFO - [2025-05-01T12:03:34.616+0000] {dag.py:3096} INFO - Sync 1 DAGs
[2025-05-01T12:03:34.674+0000] {logging_mixin.py:188} INFO - [2025-05-01T12:03:34.673+0000] {dag.py:3954} INFO - Setting next_dagrun for example_dynamic_task_mapping_with_no_taskflow_operators to 2025-04-30 00:00:00+00:00, run_after=2025-05-01 00:00:00+00:00
[2025-05-01T12:03:34.764+0000] {processor.py:183} INFO - Processing /home/airflow/.local/lib/python3.12/site-packages/airflow/example_dags/example_dynamic_task_mapping_with_no_taskflow_operators.py took 0.225 seconds
[2025-05-01T12:04:04.984+0000] {processor.py:161} INFO - Started process (PID=3829) to work on /home/airflow/.local/lib/python3.12/site-packages/airflow/example_dags/example_dynamic_task_mapping_with_no_taskflow_operators.py
[2025-05-01T12:04:04.987+0000] {processor.py:830} INFO - Processing file /home/airflow/.local/lib/python3.12/site-packages/airflow/example_dags/example_dynamic_task_mapping_with_no_taskflow_operators.py for tasks to queue
[2025-05-01T12:04:04.994+0000] {logging_mixin.py:188} INFO - [2025-05-01T12:04:04.993+0000] {dagbag.py:545} INFO - Filling up the DagBag from /home/airflow/.local/lib/python3.12/site-packages/airflow/example_dags/example_dynamic_task_mapping_with_no_taskflow_operators.py
[2025-05-01T12:04:05.013+0000] {processor.py:840} INFO - DAG(s) 'example_dynamic_task_mapping_with_no_taskflow_operators' retrieved from /home/airflow/.local/lib/python3.12/site-packages/airflow/example_dags/example_dynamic_task_mapping_with_no_taskflow_operators.py
[2025-05-01T12:04:05.057+0000] {logging_mixin.py:188} INFO - [2025-05-01T12:04:05.057+0000] {dag.py:3096} INFO - Sync 1 DAGs
[2025-05-01T12:04:05.107+0000] {logging_mixin.py:188} INFO - [2025-05-01T12:04:05.106+0000] {dag.py:3954} INFO - Setting next_dagrun for example_dynamic_task_mapping_with_no_taskflow_operators to 2025-04-30 00:00:00+00:00, run_after=2025-05-01 00:00:00+00:00
[2025-05-01T12:04:05.236+0000] {processor.py:183} INFO - Processing /home/airflow/.local/lib/python3.12/site-packages/airflow/example_dags/example_dynamic_task_mapping_with_no_taskflow_operators.py took 0.270 seconds
[2025-05-01T12:04:35.555+0000] {processor.py:161} INFO - Started process (PID=3888) to work on /home/airflow/.local/lib/python3.12/site-packages/airflow/example_dags/example_dynamic_task_mapping_with_no_taskflow_operators.py
[2025-05-01T12:04:35.570+0000] {processor.py:830} INFO - Processing file /home/airflow/.local/lib/python3.12/site-packages/airflow/example_dags/example_dynamic_task_mapping_with_no_taskflow_operators.py for tasks to queue
[2025-05-01T12:04:35.584+0000] {logging_mixin.py:188} INFO - [2025-05-01T12:04:35.583+0000] {dagbag.py:545} INFO - Filling up the DagBag from /home/airflow/.local/lib/python3.12/site-packages/airflow/example_dags/example_dynamic_task_mapping_with_no_taskflow_operators.py
[2025-05-01T12:04:35.638+0000] {processor.py:840} INFO - DAG(s) 'example_dynamic_task_mapping_with_no_taskflow_operators' retrieved from /home/airflow/.local/lib/python3.12/site-packages/airflow/example_dags/example_dynamic_task_mapping_with_no_taskflow_operators.py
[2025-05-01T12:04:35.693+0000] {logging_mixin.py:188} INFO - [2025-05-01T12:04:35.693+0000] {dag.py:3096} INFO - Sync 1 DAGs
[2025-05-01T12:04:35.746+0000] {logging_mixin.py:188} INFO - [2025-05-01T12:04:35.745+0000] {dag.py:3954} INFO - Setting next_dagrun for example_dynamic_task_mapping_with_no_taskflow_operators to 2025-04-30 00:00:00+00:00, run_after=2025-05-01 00:00:00+00:00
[2025-05-01T12:04:35.829+0000] {processor.py:183} INFO - Processing /home/airflow/.local/lib/python3.12/site-packages/airflow/example_dags/example_dynamic_task_mapping_with_no_taskflow_operators.py took 0.308 seconds
[2025-05-01T12:05:06.264+0000] {processor.py:161} INFO - Started process (PID=3947) to work on /home/airflow/.local/lib/python3.12/site-packages/airflow/example_dags/example_dynamic_task_mapping_with_no_taskflow_operators.py
[2025-05-01T12:05:06.266+0000] {processor.py:830} INFO - Processing file /home/airflow/.local/lib/python3.12/site-packages/airflow/example_dags/example_dynamic_task_mapping_with_no_taskflow_operators.py for tasks to queue
[2025-05-01T12:05:06.271+0000] {logging_mixin.py:188} INFO - [2025-05-01T12:05:06.270+0000] {dagbag.py:545} INFO - Filling up the DagBag from /home/airflow/.local/lib/python3.12/site-packages/airflow/example_dags/example_dynamic_task_mapping_with_no_taskflow_operators.py
[2025-05-01T12:05:06.283+0000] {processor.py:840} INFO - DAG(s) 'example_dynamic_task_mapping_with_no_taskflow_operators' retrieved from /home/airflow/.local/lib/python3.12/site-packages/airflow/example_dags/example_dynamic_task_mapping_with_no_taskflow_operators.py
[2025-05-01T12:05:06.324+0000] {logging_mixin.py:188} INFO - [2025-05-01T12:05:06.324+0000] {dag.py:3096} INFO - Sync 1 DAGs
[2025-05-01T12:05:06.396+0000] {logging_mixin.py:188} INFO - [2025-05-01T12:05:06.396+0000] {dag.py:3954} INFO - Setting next_dagrun for example_dynamic_task_mapping_with_no_taskflow_operators to 2025-04-30 00:00:00+00:00, run_after=2025-05-01 00:00:00+00:00
[2025-05-01T12:05:06.491+0000] {processor.py:183} INFO - Processing /home/airflow/.local/lib/python3.12/site-packages/airflow/example_dags/example_dynamic_task_mapping_with_no_taskflow_operators.py took 0.238 seconds
[2025-05-01T12:05:36.737+0000] {processor.py:161} INFO - Started process (PID=4007) to work on /home/airflow/.local/lib/python3.12/site-packages/airflow/example_dags/example_dynamic_task_mapping_with_no_taskflow_operators.py
[2025-05-01T12:05:36.740+0000] {processor.py:830} INFO - Processing file /home/airflow/.local/lib/python3.12/site-packages/airflow/example_dags/example_dynamic_task_mapping_with_no_taskflow_operators.py for tasks to queue
[2025-05-01T12:05:36.744+0000] {logging_mixin.py:188} INFO - [2025-05-01T12:05:36.743+0000] {dagbag.py:545} INFO - Filling up the DagBag from /home/airflow/.local/lib/python3.12/site-packages/airflow/example_dags/example_dynamic_task_mapping_with_no_taskflow_operators.py
[2025-05-01T12:05:36.759+0000] {processor.py:840} INFO - DAG(s) 'example_dynamic_task_mapping_with_no_taskflow_operators' retrieved from /home/airflow/.local/lib/python3.12/site-packages/airflow/example_dags/example_dynamic_task_mapping_with_no_taskflow_operators.py
[2025-05-01T12:05:36.804+0000] {logging_mixin.py:188} INFO - [2025-05-01T12:05:36.803+0000] {dag.py:3096} INFO - Sync 1 DAGs
[2025-05-01T12:05:36.855+0000] {logging_mixin.py:188} INFO - [2025-05-01T12:05:36.855+0000] {dag.py:3954} INFO - Setting next_dagrun for example_dynamic_task_mapping_with_no_taskflow_operators to 2025-04-30 00:00:00+00:00, run_after=2025-05-01 00:00:00+00:00
[2025-05-01T12:05:36.902+0000] {processor.py:183} INFO - Processing /home/airflow/.local/lib/python3.12/site-packages/airflow/example_dags/example_dynamic_task_mapping_with_no_taskflow_operators.py took 0.177 seconds
[2025-05-01T12:06:08.321+0000] {processor.py:161} INFO - Started process (PID=4066) to work on /home/airflow/.local/lib/python3.12/site-packages/airflow/example_dags/example_dynamic_task_mapping_with_no_taskflow_operators.py
[2025-05-01T12:06:08.323+0000] {processor.py:830} INFO - Processing file /home/airflow/.local/lib/python3.12/site-packages/airflow/example_dags/example_dynamic_task_mapping_with_no_taskflow_operators.py for tasks to queue
[2025-05-01T12:06:08.327+0000] {logging_mixin.py:188} INFO - [2025-05-01T12:06:08.326+0000] {dagbag.py:545} INFO - Filling up the DagBag from /home/airflow/.local/lib/python3.12/site-packages/airflow/example_dags/example_dynamic_task_mapping_with_no_taskflow_operators.py
[2025-05-01T12:06:08.342+0000] {processor.py:840} INFO - DAG(s) 'example_dynamic_task_mapping_with_no_taskflow_operators' retrieved from /home/airflow/.local/lib/python3.12/site-packages/airflow/example_dags/example_dynamic_task_mapping_with_no_taskflow_operators.py
[2025-05-01T12:06:08.391+0000] {logging_mixin.py:188} INFO - [2025-05-01T12:06:08.391+0000] {dag.py:3096} INFO - Sync 1 DAGs
[2025-05-01T12:06:08.451+0000] {logging_mixin.py:188} INFO - [2025-05-01T12:06:08.451+0000] {dag.py:3954} INFO - Setting next_dagrun for example_dynamic_task_mapping_with_no_taskflow_operators to 2025-04-30 00:00:00+00:00, run_after=2025-05-01 00:00:00+00:00
[2025-05-01T12:06:08.552+0000] {processor.py:183} INFO - Processing /home/airflow/.local/lib/python3.12/site-packages/airflow/example_dags/example_dynamic_task_mapping_with_no_taskflow_operators.py took 0.246 seconds
[2025-05-01T12:06:38.744+0000] {processor.py:161} INFO - Started process (PID=4125) to work on /home/airflow/.local/lib/python3.12/site-packages/airflow/example_dags/example_dynamic_task_mapping_with_no_taskflow_operators.py
[2025-05-01T12:06:38.747+0000] {processor.py:830} INFO - Processing file /home/airflow/.local/lib/python3.12/site-packages/airflow/example_dags/example_dynamic_task_mapping_with_no_taskflow_operators.py for tasks to queue
[2025-05-01T12:06:38.753+0000] {logging_mixin.py:188} INFO - [2025-05-01T12:06:38.751+0000] {dagbag.py:545} INFO - Filling up the DagBag from /home/airflow/.local/lib/python3.12/site-packages/airflow/example_dags/example_dynamic_task_mapping_with_no_taskflow_operators.py
[2025-05-01T12:06:38.772+0000] {processor.py:840} INFO - DAG(s) 'example_dynamic_task_mapping_with_no_taskflow_operators' retrieved from /home/airflow/.local/lib/python3.12/site-packages/airflow/example_dags/example_dynamic_task_mapping_with_no_taskflow_operators.py
[2025-05-01T12:06:38.819+0000] {logging_mixin.py:188} INFO - [2025-05-01T12:06:38.818+0000] {dag.py:3096} INFO - Sync 1 DAGs
[2025-05-01T12:06:38.863+0000] {logging_mixin.py:188} INFO - [2025-05-01T12:06:38.863+0000] {dag.py:3954} INFO - Setting next_dagrun for example_dynamic_task_mapping_with_no_taskflow_operators to 2025-04-30 00:00:00+00:00, run_after=2025-05-01 00:00:00+00:00
[2025-05-01T12:06:38.911+0000] {processor.py:183} INFO - Processing /home/airflow/.local/lib/python3.12/site-packages/airflow/example_dags/example_dynamic_task_mapping_with_no_taskflow_operators.py took 0.181 seconds
[2025-05-01T12:07:09.422+0000] {processor.py:161} INFO - Started process (PID=4184) to work on /home/airflow/.local/lib/python3.12/site-packages/airflow/example_dags/example_dynamic_task_mapping_with_no_taskflow_operators.py
[2025-05-01T12:07:09.425+0000] {processor.py:830} INFO - Processing file /home/airflow/.local/lib/python3.12/site-packages/airflow/example_dags/example_dynamic_task_mapping_with_no_taskflow_operators.py for tasks to queue
[2025-05-01T12:07:09.431+0000] {logging_mixin.py:188} INFO - [2025-05-01T12:07:09.430+0000] {dagbag.py:545} INFO - Filling up the DagBag from /home/airflow/.local/lib/python3.12/site-packages/airflow/example_dags/example_dynamic_task_mapping_with_no_taskflow_operators.py
[2025-05-01T12:07:09.451+0000] {processor.py:840} INFO - DAG(s) 'example_dynamic_task_mapping_with_no_taskflow_operators' retrieved from /home/airflow/.local/lib/python3.12/site-packages/airflow/example_dags/example_dynamic_task_mapping_with_no_taskflow_operators.py
[2025-05-01T12:07:09.505+0000] {logging_mixin.py:188} INFO - [2025-05-01T12:07:09.504+0000] {dag.py:3096} INFO - Sync 1 DAGs
[2025-05-01T12:07:09.558+0000] {logging_mixin.py:188} INFO - [2025-05-01T12:07:09.558+0000] {dag.py:3954} INFO - Setting next_dagrun for example_dynamic_task_mapping_with_no_taskflow_operators to 2025-04-30 00:00:00+00:00, run_after=2025-05-01 00:00:00+00:00
[2025-05-01T12:07:09.631+0000] {processor.py:183} INFO - Processing /home/airflow/.local/lib/python3.12/site-packages/airflow/example_dags/example_dynamic_task_mapping_with_no_taskflow_operators.py took 0.224 seconds
[2025-05-01T12:07:40.568+0000] {processor.py:161} INFO - Started process (PID=4243) to work on /home/airflow/.local/lib/python3.12/site-packages/airflow/example_dags/example_dynamic_task_mapping_with_no_taskflow_operators.py
[2025-05-01T12:07:40.570+0000] {processor.py:830} INFO - Processing file /home/airflow/.local/lib/python3.12/site-packages/airflow/example_dags/example_dynamic_task_mapping_with_no_taskflow_operators.py for tasks to queue
[2025-05-01T12:07:40.574+0000] {logging_mixin.py:188} INFO - [2025-05-01T12:07:40.573+0000] {dagbag.py:545} INFO - Filling up the DagBag from /home/airflow/.local/lib/python3.12/site-packages/airflow/example_dags/example_dynamic_task_mapping_with_no_taskflow_operators.py
[2025-05-01T12:07:40.588+0000] {processor.py:840} INFO - DAG(s) 'example_dynamic_task_mapping_with_no_taskflow_operators' retrieved from /home/airflow/.local/lib/python3.12/site-packages/airflow/example_dags/example_dynamic_task_mapping_with_no_taskflow_operators.py
[2025-05-01T12:07:40.655+0000] {logging_mixin.py:188} INFO - [2025-05-01T12:07:40.654+0000] {dag.py:3096} INFO - Sync 1 DAGs
[2025-05-01T12:07:40.703+0000] {logging_mixin.py:188} INFO - [2025-05-01T12:07:40.703+0000] {dag.py:3954} INFO - Setting next_dagrun for example_dynamic_task_mapping_with_no_taskflow_operators to 2025-04-30 00:00:00+00:00, run_after=2025-05-01 00:00:00+00:00
[2025-05-01T12:07:40.746+0000] {processor.py:183} INFO - Processing /home/airflow/.local/lib/python3.12/site-packages/airflow/example_dags/example_dynamic_task_mapping_with_no_taskflow_operators.py took 0.189 seconds
[2025-05-01T12:08:11.299+0000] {processor.py:161} INFO - Started process (PID=4302) to work on /home/airflow/.local/lib/python3.12/site-packages/airflow/example_dags/example_dynamic_task_mapping_with_no_taskflow_operators.py
[2025-05-01T12:08:11.302+0000] {processor.py:830} INFO - Processing file /home/airflow/.local/lib/python3.12/site-packages/airflow/example_dags/example_dynamic_task_mapping_with_no_taskflow_operators.py for tasks to queue
[2025-05-01T12:08:11.307+0000] {logging_mixin.py:188} INFO - [2025-05-01T12:08:11.306+0000] {dagbag.py:545} INFO - Filling up the DagBag from /home/airflow/.local/lib/python3.12/site-packages/airflow/example_dags/example_dynamic_task_mapping_with_no_taskflow_operators.py
[2025-05-01T12:08:11.322+0000] {processor.py:840} INFO - DAG(s) 'example_dynamic_task_mapping_with_no_taskflow_operators' retrieved from /home/airflow/.local/lib/python3.12/site-packages/airflow/example_dags/example_dynamic_task_mapping_with_no_taskflow_operators.py
[2025-05-01T12:08:11.364+0000] {logging_mixin.py:188} INFO - [2025-05-01T12:08:11.364+0000] {dag.py:3096} INFO - Sync 1 DAGs
[2025-05-01T12:08:11.423+0000] {logging_mixin.py:188} INFO - [2025-05-01T12:08:11.423+0000] {dag.py:3954} INFO - Setting next_dagrun for example_dynamic_task_mapping_with_no_taskflow_operators to 2025-04-30 00:00:00+00:00, run_after=2025-05-01 00:00:00+00:00
[2025-05-01T12:08:11.506+0000] {processor.py:183} INFO - Processing /home/airflow/.local/lib/python3.12/site-packages/airflow/example_dags/example_dynamic_task_mapping_with_no_taskflow_operators.py took 0.220 seconds
[2025-05-01T12:08:41.856+0000] {processor.py:161} INFO - Started process (PID=4361) to work on /home/airflow/.local/lib/python3.12/site-packages/airflow/example_dags/example_dynamic_task_mapping_with_no_taskflow_operators.py
[2025-05-01T12:08:41.858+0000] {processor.py:830} INFO - Processing file /home/airflow/.local/lib/python3.12/site-packages/airflow/example_dags/example_dynamic_task_mapping_with_no_taskflow_operators.py for tasks to queue
[2025-05-01T12:08:41.862+0000] {logging_mixin.py:188} INFO - [2025-05-01T12:08:41.861+0000] {dagbag.py:545} INFO - Filling up the DagBag from /home/airflow/.local/lib/python3.12/site-packages/airflow/example_dags/example_dynamic_task_mapping_with_no_taskflow_operators.py
[2025-05-01T12:08:41.875+0000] {processor.py:840} INFO - DAG(s) 'example_dynamic_task_mapping_with_no_taskflow_operators' retrieved from /home/airflow/.local/lib/python3.12/site-packages/airflow/example_dags/example_dynamic_task_mapping_with_no_taskflow_operators.py
[2025-05-01T12:08:41.916+0000] {logging_mixin.py:188} INFO - [2025-05-01T12:08:41.916+0000] {dag.py:3096} INFO - Sync 1 DAGs
[2025-05-01T12:08:41.963+0000] {logging_mixin.py:188} INFO - [2025-05-01T12:08:41.962+0000] {dag.py:3954} INFO - Setting next_dagrun for example_dynamic_task_mapping_with_no_taskflow_operators to 2025-04-30 00:00:00+00:00, run_after=2025-05-01 00:00:00+00:00
[2025-05-01T12:08:42.023+0000] {processor.py:183} INFO - Processing /home/airflow/.local/lib/python3.12/site-packages/airflow/example_dags/example_dynamic_task_mapping_with_no_taskflow_operators.py took 0.180 seconds
[2025-05-01T12:09:12.677+0000] {processor.py:161} INFO - Started process (PID=4421) to work on /home/airflow/.local/lib/python3.12/site-packages/airflow/example_dags/example_dynamic_task_mapping_with_no_taskflow_operators.py
[2025-05-01T12:09:12.679+0000] {processor.py:830} INFO - Processing file /home/airflow/.local/lib/python3.12/site-packages/airflow/example_dags/example_dynamic_task_mapping_with_no_taskflow_operators.py for tasks to queue
[2025-05-01T12:09:12.683+0000] {logging_mixin.py:188} INFO - [2025-05-01T12:09:12.682+0000] {dagbag.py:545} INFO - Filling up the DagBag from /home/airflow/.local/lib/python3.12/site-packages/airflow/example_dags/example_dynamic_task_mapping_with_no_taskflow_operators.py
[2025-05-01T12:09:12.698+0000] {processor.py:840} INFO - DAG(s) 'example_dynamic_task_mapping_with_no_taskflow_operators' retrieved from /home/airflow/.local/lib/python3.12/site-packages/airflow/example_dags/example_dynamic_task_mapping_with_no_taskflow_operators.py
[2025-05-01T12:09:12.742+0000] {logging_mixin.py:188} INFO - [2025-05-01T12:09:12.742+0000] {dag.py:3096} INFO - Sync 1 DAGs
[2025-05-01T12:09:12.789+0000] {logging_mixin.py:188} INFO - [2025-05-01T12:09:12.788+0000] {dag.py:3954} INFO - Setting next_dagrun for example_dynamic_task_mapping_with_no_taskflow_operators to 2025-04-30 00:00:00+00:00, run_after=2025-05-01 00:00:00+00:00
[2025-05-01T12:09:12.836+0000] {processor.py:183} INFO - Processing /home/airflow/.local/lib/python3.12/site-packages/airflow/example_dags/example_dynamic_task_mapping_with_no_taskflow_operators.py took 0.170 seconds
[2025-05-01T12:09:43.384+0000] {processor.py:161} INFO - Started process (PID=4480) to work on /home/airflow/.local/lib/python3.12/site-packages/airflow/example_dags/example_dynamic_task_mapping_with_no_taskflow_operators.py
[2025-05-01T12:09:43.386+0000] {processor.py:830} INFO - Processing file /home/airflow/.local/lib/python3.12/site-packages/airflow/example_dags/example_dynamic_task_mapping_with_no_taskflow_operators.py for tasks to queue
[2025-05-01T12:09:43.390+0000] {logging_mixin.py:188} INFO - [2025-05-01T12:09:43.389+0000] {dagbag.py:545} INFO - Filling up the DagBag from /home/airflow/.local/lib/python3.12/site-packages/airflow/example_dags/example_dynamic_task_mapping_with_no_taskflow_operators.py
[2025-05-01T12:09:43.402+0000] {processor.py:840} INFO - DAG(s) 'example_dynamic_task_mapping_with_no_taskflow_operators' retrieved from /home/airflow/.local/lib/python3.12/site-packages/airflow/example_dags/example_dynamic_task_mapping_with_no_taskflow_operators.py
[2025-05-01T12:09:43.451+0000] {logging_mixin.py:188} INFO - [2025-05-01T12:09:43.450+0000] {dag.py:3096} INFO - Sync 1 DAGs
[2025-05-01T12:09:43.512+0000] {logging_mixin.py:188} INFO - [2025-05-01T12:09:43.511+0000] {dag.py:3954} INFO - Setting next_dagrun for example_dynamic_task_mapping_with_no_taskflow_operators to 2025-04-30 00:00:00+00:00, run_after=2025-05-01 00:00:00+00:00
[2025-05-01T12:09:43.555+0000] {processor.py:183} INFO - Processing /home/airflow/.local/lib/python3.12/site-packages/airflow/example_dags/example_dynamic_task_mapping_with_no_taskflow_operators.py took 0.183 seconds
[2025-05-01T12:10:13.755+0000] {processor.py:161} INFO - Started process (PID=4539) to work on /home/airflow/.local/lib/python3.12/site-packages/airflow/example_dags/example_dynamic_task_mapping_with_no_taskflow_operators.py
[2025-05-01T12:10:13.757+0000] {processor.py:830} INFO - Processing file /home/airflow/.local/lib/python3.12/site-packages/airflow/example_dags/example_dynamic_task_mapping_with_no_taskflow_operators.py for tasks to queue
[2025-05-01T12:10:13.762+0000] {logging_mixin.py:188} INFO - [2025-05-01T12:10:13.761+0000] {dagbag.py:545} INFO - Filling up the DagBag from /home/airflow/.local/lib/python3.12/site-packages/airflow/example_dags/example_dynamic_task_mapping_with_no_taskflow_operators.py
[2025-05-01T12:10:13.774+0000] {processor.py:840} INFO - DAG(s) 'example_dynamic_task_mapping_with_no_taskflow_operators' retrieved from /home/airflow/.local/lib/python3.12/site-packages/airflow/example_dags/example_dynamic_task_mapping_with_no_taskflow_operators.py
[2025-05-01T12:10:13.820+0000] {logging_mixin.py:188} INFO - [2025-05-01T12:10:13.819+0000] {dag.py:3096} INFO - Sync 1 DAGs
[2025-05-01T12:10:13.871+0000] {logging_mixin.py:188} INFO - [2025-05-01T12:10:13.870+0000] {dag.py:3954} INFO - Setting next_dagrun for example_dynamic_task_mapping_with_no_taskflow_operators to 2025-04-30 00:00:00+00:00, run_after=2025-05-01 00:00:00+00:00
[2025-05-01T12:10:13.940+0000] {processor.py:183} INFO - Processing /home/airflow/.local/lib/python3.12/site-packages/airflow/example_dags/example_dynamic_task_mapping_with_no_taskflow_operators.py took 0.199 seconds
[2025-05-01T12:10:44.710+0000] {processor.py:161} INFO - Started process (PID=4598) to work on /home/airflow/.local/lib/python3.12/site-packages/airflow/example_dags/example_dynamic_task_mapping_with_no_taskflow_operators.py
[2025-05-01T12:10:44.712+0000] {processor.py:830} INFO - Processing file /home/airflow/.local/lib/python3.12/site-packages/airflow/example_dags/example_dynamic_task_mapping_with_no_taskflow_operators.py for tasks to queue
[2025-05-01T12:10:44.716+0000] {logging_mixin.py:188} INFO - [2025-05-01T12:10:44.715+0000] {dagbag.py:545} INFO - Filling up the DagBag from /home/airflow/.local/lib/python3.12/site-packages/airflow/example_dags/example_dynamic_task_mapping_with_no_taskflow_operators.py
[2025-05-01T12:10:44.729+0000] {processor.py:840} INFO - DAG(s) 'example_dynamic_task_mapping_with_no_taskflow_operators' retrieved from /home/airflow/.local/lib/python3.12/site-packages/airflow/example_dags/example_dynamic_task_mapping_with_no_taskflow_operators.py
[2025-05-01T12:10:44.771+0000] {logging_mixin.py:188} INFO - [2025-05-01T12:10:44.771+0000] {dag.py:3096} INFO - Sync 1 DAGs
[2025-05-01T12:10:44.823+0000] {logging_mixin.py:188} INFO - [2025-05-01T12:10:44.823+0000] {dag.py:3954} INFO - Setting next_dagrun for example_dynamic_task_mapping_with_no_taskflow_operators to 2025-04-30 00:00:00+00:00, run_after=2025-05-01 00:00:00+00:00
[2025-05-01T12:10:44.874+0000] {processor.py:183} INFO - Processing /home/airflow/.local/lib/python3.12/site-packages/airflow/example_dags/example_dynamic_task_mapping_with_no_taskflow_operators.py took 0.176 seconds
[2025-05-01T12:11:15.757+0000] {processor.py:161} INFO - Started process (PID=4657) to work on /home/airflow/.local/lib/python3.12/site-packages/airflow/example_dags/example_dynamic_task_mapping_with_no_taskflow_operators.py
[2025-05-01T12:11:15.759+0000] {processor.py:830} INFO - Processing file /home/airflow/.local/lib/python3.12/site-packages/airflow/example_dags/example_dynamic_task_mapping_with_no_taskflow_operators.py for tasks to queue
[2025-05-01T12:11:15.765+0000] {logging_mixin.py:188} INFO - [2025-05-01T12:11:15.765+0000] {dagbag.py:545} INFO - Filling up the DagBag from /home/airflow/.local/lib/python3.12/site-packages/airflow/example_dags/example_dynamic_task_mapping_with_no_taskflow_operators.py
[2025-05-01T12:11:15.787+0000] {processor.py:840} INFO - DAG(s) 'example_dynamic_task_mapping_with_no_taskflow_operators' retrieved from /home/airflow/.local/lib/python3.12/site-packages/airflow/example_dags/example_dynamic_task_mapping_with_no_taskflow_operators.py
[2025-05-01T12:11:15.841+0000] {logging_mixin.py:188} INFO - [2025-05-01T12:11:15.840+0000] {dag.py:3096} INFO - Sync 1 DAGs
[2025-05-01T12:11:15.905+0000] {logging_mixin.py:188} INFO - [2025-05-01T12:11:15.904+0000] {dag.py:3954} INFO - Setting next_dagrun for example_dynamic_task_mapping_with_no_taskflow_operators to 2025-04-30 00:00:00+00:00, run_after=2025-05-01 00:00:00+00:00
[2025-05-01T12:11:15.955+0000] {processor.py:183} INFO - Processing /home/airflow/.local/lib/python3.12/site-packages/airflow/example_dags/example_dynamic_task_mapping_with_no_taskflow_operators.py took 0.213 seconds
[2025-05-01T12:11:46.784+0000] {processor.py:161} INFO - Started process (PID=4716) to work on /home/airflow/.local/lib/python3.12/site-packages/airflow/example_dags/example_dynamic_task_mapping_with_no_taskflow_operators.py
[2025-05-01T12:11:46.786+0000] {processor.py:830} INFO - Processing file /home/airflow/.local/lib/python3.12/site-packages/airflow/example_dags/example_dynamic_task_mapping_with_no_taskflow_operators.py for tasks to queue
[2025-05-01T12:11:46.790+0000] {logging_mixin.py:188} INFO - [2025-05-01T12:11:46.789+0000] {dagbag.py:545} INFO - Filling up the DagBag from /home/airflow/.local/lib/python3.12/site-packages/airflow/example_dags/example_dynamic_task_mapping_with_no_taskflow_operators.py
[2025-05-01T12:11:46.807+0000] {processor.py:840} INFO - DAG(s) 'example_dynamic_task_mapping_with_no_taskflow_operators' retrieved from /home/airflow/.local/lib/python3.12/site-packages/airflow/example_dags/example_dynamic_task_mapping_with_no_taskflow_operators.py
[2025-05-01T12:11:46.851+0000] {logging_mixin.py:188} INFO - [2025-05-01T12:11:46.850+0000] {dag.py:3096} INFO - Sync 1 DAGs
[2025-05-01T12:11:46.910+0000] {logging_mixin.py:188} INFO - [2025-05-01T12:11:46.910+0000] {dag.py:3954} INFO - Setting next_dagrun for example_dynamic_task_mapping_with_no_taskflow_operators to 2025-04-30 00:00:00+00:00, run_after=2025-05-01 00:00:00+00:00
[2025-05-01T12:11:46.977+0000] {processor.py:183} INFO - Processing /home/airflow/.local/lib/python3.12/site-packages/airflow/example_dags/example_dynamic_task_mapping_with_no_taskflow_operators.py took 0.205 seconds
[2025-05-01T12:12:17.817+0000] {processor.py:161} INFO - Started process (PID=4775) to work on /home/airflow/.local/lib/python3.12/site-packages/airflow/example_dags/example_dynamic_task_mapping_with_no_taskflow_operators.py
[2025-05-01T12:12:17.819+0000] {processor.py:830} INFO - Processing file /home/airflow/.local/lib/python3.12/site-packages/airflow/example_dags/example_dynamic_task_mapping_with_no_taskflow_operators.py for tasks to queue
[2025-05-01T12:12:17.824+0000] {logging_mixin.py:188} INFO - [2025-05-01T12:12:17.823+0000] {dagbag.py:545} INFO - Filling up the DagBag from /home/airflow/.local/lib/python3.12/site-packages/airflow/example_dags/example_dynamic_task_mapping_with_no_taskflow_operators.py
[2025-05-01T12:12:17.836+0000] {processor.py:840} INFO - DAG(s) 'example_dynamic_task_mapping_with_no_taskflow_operators' retrieved from /home/airflow/.local/lib/python3.12/site-packages/airflow/example_dags/example_dynamic_task_mapping_with_no_taskflow_operators.py
[2025-05-01T12:12:17.883+0000] {logging_mixin.py:188} INFO - [2025-05-01T12:12:17.882+0000] {dag.py:3096} INFO - Sync 1 DAGs
[2025-05-01T12:12:17.931+0000] {logging_mixin.py:188} INFO - [2025-05-01T12:12:17.930+0000] {dag.py:3954} INFO - Setting next_dagrun for example_dynamic_task_mapping_with_no_taskflow_operators to 2025-04-30 00:00:00+00:00, run_after=2025-05-01 00:00:00+00:00
[2025-05-01T12:12:18.019+0000] {processor.py:183} INFO - Processing /home/airflow/.local/lib/python3.12/site-packages/airflow/example_dags/example_dynamic_task_mapping_with_no_taskflow_operators.py took 0.215 seconds
[2025-05-01T12:12:48.781+0000] {processor.py:161} INFO - Started process (PID=4835) to work on /home/airflow/.local/lib/python3.12/site-packages/airflow/example_dags/example_dynamic_task_mapping_with_no_taskflow_operators.py
[2025-05-01T12:12:48.784+0000] {processor.py:830} INFO - Processing file /home/airflow/.local/lib/python3.12/site-packages/airflow/example_dags/example_dynamic_task_mapping_with_no_taskflow_operators.py for tasks to queue
[2025-05-01T12:12:48.790+0000] {logging_mixin.py:188} INFO - [2025-05-01T12:12:48.788+0000] {dagbag.py:545} INFO - Filling up the DagBag from /home/airflow/.local/lib/python3.12/site-packages/airflow/example_dags/example_dynamic_task_mapping_with_no_taskflow_operators.py
[2025-05-01T12:12:48.807+0000] {processor.py:840} INFO - DAG(s) 'example_dynamic_task_mapping_with_no_taskflow_operators' retrieved from /home/airflow/.local/lib/python3.12/site-packages/airflow/example_dags/example_dynamic_task_mapping_with_no_taskflow_operators.py
[2025-05-01T12:12:48.863+0000] {logging_mixin.py:188} INFO - [2025-05-01T12:12:48.862+0000] {dag.py:3096} INFO - Sync 1 DAGs
[2025-05-01T12:12:48.925+0000] {logging_mixin.py:188} INFO - [2025-05-01T12:12:48.925+0000] {dag.py:3954} INFO - Setting next_dagrun for example_dynamic_task_mapping_with_no_taskflow_operators to 2025-04-30 00:00:00+00:00, run_after=2025-05-01 00:00:00+00:00
[2025-05-01T12:12:49.019+0000] {processor.py:183} INFO - Processing /home/airflow/.local/lib/python3.12/site-packages/airflow/example_dags/example_dynamic_task_mapping_with_no_taskflow_operators.py took 0.250 seconds
[2025-05-01T12:13:19.969+0000] {processor.py:161} INFO - Started process (PID=4894) to work on /home/airflow/.local/lib/python3.12/site-packages/airflow/example_dags/example_dynamic_task_mapping_with_no_taskflow_operators.py
[2025-05-01T12:13:19.971+0000] {processor.py:830} INFO - Processing file /home/airflow/.local/lib/python3.12/site-packages/airflow/example_dags/example_dynamic_task_mapping_with_no_taskflow_operators.py for tasks to queue
[2025-05-01T12:13:19.976+0000] {logging_mixin.py:188} INFO - [2025-05-01T12:13:19.975+0000] {dagbag.py:545} INFO - Filling up the DagBag from /home/airflow/.local/lib/python3.12/site-packages/airflow/example_dags/example_dynamic_task_mapping_with_no_taskflow_operators.py
[2025-05-01T12:13:19.993+0000] {processor.py:840} INFO - DAG(s) 'example_dynamic_task_mapping_with_no_taskflow_operators' retrieved from /home/airflow/.local/lib/python3.12/site-packages/airflow/example_dags/example_dynamic_task_mapping_with_no_taskflow_operators.py
[2025-05-01T12:13:20.056+0000] {logging_mixin.py:188} INFO - [2025-05-01T12:13:20.054+0000] {dag.py:3096} INFO - Sync 1 DAGs
[2025-05-01T12:13:20.116+0000] {logging_mixin.py:188} INFO - [2025-05-01T12:13:20.116+0000] {dag.py:3954} INFO - Setting next_dagrun for example_dynamic_task_mapping_with_no_taskflow_operators to 2025-04-30 00:00:00+00:00, run_after=2025-05-01 00:00:00+00:00
[2025-05-01T12:13:20.156+0000] {processor.py:183} INFO - Processing /home/airflow/.local/lib/python3.12/site-packages/airflow/example_dags/example_dynamic_task_mapping_with_no_taskflow_operators.py took 0.201 seconds
[2025-05-01T12:13:50.447+0000] {processor.py:161} INFO - Started process (PID=4953) to work on /home/airflow/.local/lib/python3.12/site-packages/airflow/example_dags/example_dynamic_task_mapping_with_no_taskflow_operators.py
[2025-05-01T12:13:50.449+0000] {processor.py:830} INFO - Processing file /home/airflow/.local/lib/python3.12/site-packages/airflow/example_dags/example_dynamic_task_mapping_with_no_taskflow_operators.py for tasks to queue
[2025-05-01T12:13:50.455+0000] {logging_mixin.py:188} INFO - [2025-05-01T12:13:50.454+0000] {dagbag.py:545} INFO - Filling up the DagBag from /home/airflow/.local/lib/python3.12/site-packages/airflow/example_dags/example_dynamic_task_mapping_with_no_taskflow_operators.py
[2025-05-01T12:13:50.470+0000] {processor.py:840} INFO - DAG(s) 'example_dynamic_task_mapping_with_no_taskflow_operators' retrieved from /home/airflow/.local/lib/python3.12/site-packages/airflow/example_dags/example_dynamic_task_mapping_with_no_taskflow_operators.py
[2025-05-01T12:13:50.519+0000] {logging_mixin.py:188} INFO - [2025-05-01T12:13:50.517+0000] {dag.py:3096} INFO - Sync 1 DAGs
[2025-05-01T12:13:50.569+0000] {logging_mixin.py:188} INFO - [2025-05-01T12:13:50.569+0000] {dag.py:3954} INFO - Setting next_dagrun for example_dynamic_task_mapping_with_no_taskflow_operators to 2025-04-30 00:00:00+00:00, run_after=2025-05-01 00:00:00+00:00
[2025-05-01T12:13:50.615+0000] {processor.py:183} INFO - Processing /home/airflow/.local/lib/python3.12/site-packages/airflow/example_dags/example_dynamic_task_mapping_with_no_taskflow_operators.py took 0.186 seconds
[2025-05-01T12:14:21.197+0000] {processor.py:161} INFO - Started process (PID=5013) to work on /home/airflow/.local/lib/python3.12/site-packages/airflow/example_dags/example_dynamic_task_mapping_with_no_taskflow_operators.py
[2025-05-01T12:14:21.199+0000] {processor.py:830} INFO - Processing file /home/airflow/.local/lib/python3.12/site-packages/airflow/example_dags/example_dynamic_task_mapping_with_no_taskflow_operators.py for tasks to queue
[2025-05-01T12:14:21.203+0000] {logging_mixin.py:188} INFO - [2025-05-01T12:14:21.202+0000] {dagbag.py:545} INFO - Filling up the DagBag from /home/airflow/.local/lib/python3.12/site-packages/airflow/example_dags/example_dynamic_task_mapping_with_no_taskflow_operators.py
[2025-05-01T12:14:21.219+0000] {processor.py:840} INFO - DAG(s) 'example_dynamic_task_mapping_with_no_taskflow_operators' retrieved from /home/airflow/.local/lib/python3.12/site-packages/airflow/example_dags/example_dynamic_task_mapping_with_no_taskflow_operators.py
[2025-05-01T12:14:21.265+0000] {logging_mixin.py:188} INFO - [2025-05-01T12:14:21.265+0000] {dag.py:3096} INFO - Sync 1 DAGs
[2025-05-01T12:14:21.357+0000] {logging_mixin.py:188} INFO - [2025-05-01T12:14:21.356+0000] {dag.py:3954} INFO - Setting next_dagrun for example_dynamic_task_mapping_with_no_taskflow_operators to 2025-04-30 00:00:00+00:00, run_after=2025-05-01 00:00:00+00:00
[2025-05-01T12:14:21.468+0000] {processor.py:183} INFO - Processing /home/airflow/.local/lib/python3.12/site-packages/airflow/example_dags/example_dynamic_task_mapping_with_no_taskflow_operators.py took 0.285 seconds
[2025-05-01T12:14:52.212+0000] {processor.py:161} INFO - Started process (PID=5072) to work on /home/airflow/.local/lib/python3.12/site-packages/airflow/example_dags/example_dynamic_task_mapping_with_no_taskflow_operators.py
[2025-05-01T12:14:52.214+0000] {processor.py:830} INFO - Processing file /home/airflow/.local/lib/python3.12/site-packages/airflow/example_dags/example_dynamic_task_mapping_with_no_taskflow_operators.py for tasks to queue
[2025-05-01T12:14:52.218+0000] {logging_mixin.py:188} INFO - [2025-05-01T12:14:52.217+0000] {dagbag.py:545} INFO - Filling up the DagBag from /home/airflow/.local/lib/python3.12/site-packages/airflow/example_dags/example_dynamic_task_mapping_with_no_taskflow_operators.py
[2025-05-01T12:14:52.230+0000] {processor.py:840} INFO - DAG(s) 'example_dynamic_task_mapping_with_no_taskflow_operators' retrieved from /home/airflow/.local/lib/python3.12/site-packages/airflow/example_dags/example_dynamic_task_mapping_with_no_taskflow_operators.py
[2025-05-01T12:14:52.269+0000] {logging_mixin.py:188} INFO - [2025-05-01T12:14:52.268+0000] {dag.py:3096} INFO - Sync 1 DAGs
[2025-05-01T12:14:52.317+0000] {logging_mixin.py:188} INFO - [2025-05-01T12:14:52.317+0000] {dag.py:3954} INFO - Setting next_dagrun for example_dynamic_task_mapping_with_no_taskflow_operators to 2025-04-30 00:00:00+00:00, run_after=2025-05-01 00:00:00+00:00
[2025-05-01T12:14:52.399+0000] {processor.py:183} INFO - Processing /home/airflow/.local/lib/python3.12/site-packages/airflow/example_dags/example_dynamic_task_mapping_with_no_taskflow_operators.py took 0.198 seconds
[2025-05-01T12:15:23.087+0000] {processor.py:161} INFO - Started process (PID=5132) to work on /home/airflow/.local/lib/python3.12/site-packages/airflow/example_dags/example_dynamic_task_mapping_with_no_taskflow_operators.py
[2025-05-01T12:15:23.089+0000] {processor.py:830} INFO - Processing file /home/airflow/.local/lib/python3.12/site-packages/airflow/example_dags/example_dynamic_task_mapping_with_no_taskflow_operators.py for tasks to queue
[2025-05-01T12:15:23.094+0000] {logging_mixin.py:188} INFO - [2025-05-01T12:15:23.093+0000] {dagbag.py:545} INFO - Filling up the DagBag from /home/airflow/.local/lib/python3.12/site-packages/airflow/example_dags/example_dynamic_task_mapping_with_no_taskflow_operators.py
[2025-05-01T12:15:23.107+0000] {processor.py:840} INFO - DAG(s) 'example_dynamic_task_mapping_with_no_taskflow_operators' retrieved from /home/airflow/.local/lib/python3.12/site-packages/airflow/example_dags/example_dynamic_task_mapping_with_no_taskflow_operators.py
[2025-05-01T12:15:23.151+0000] {logging_mixin.py:188} INFO - [2025-05-01T12:15:23.150+0000] {dag.py:3096} INFO - Sync 1 DAGs
[2025-05-01T12:15:23.202+0000] {logging_mixin.py:188} INFO - [2025-05-01T12:15:23.201+0000] {dag.py:3954} INFO - Setting next_dagrun for example_dynamic_task_mapping_with_no_taskflow_operators to 2025-04-30 00:00:00+00:00, run_after=2025-05-01 00:00:00+00:00
[2025-05-01T12:15:23.285+0000] {processor.py:183} INFO - Processing /home/airflow/.local/lib/python3.12/site-packages/airflow/example_dags/example_dynamic_task_mapping_with_no_taskflow_operators.py took 0.210 seconds
[2025-05-01T12:15:53.851+0000] {processor.py:161} INFO - Started process (PID=5191) to work on /home/airflow/.local/lib/python3.12/site-packages/airflow/example_dags/example_dynamic_task_mapping_with_no_taskflow_operators.py
[2025-05-01T12:15:53.854+0000] {processor.py:830} INFO - Processing file /home/airflow/.local/lib/python3.12/site-packages/airflow/example_dags/example_dynamic_task_mapping_with_no_taskflow_operators.py for tasks to queue
[2025-05-01T12:15:53.859+0000] {logging_mixin.py:188} INFO - [2025-05-01T12:15:53.858+0000] {dagbag.py:545} INFO - Filling up the DagBag from /home/airflow/.local/lib/python3.12/site-packages/airflow/example_dags/example_dynamic_task_mapping_with_no_taskflow_operators.py
[2025-05-01T12:15:53.873+0000] {processor.py:840} INFO - DAG(s) 'example_dynamic_task_mapping_with_no_taskflow_operators' retrieved from /home/airflow/.local/lib/python3.12/site-packages/airflow/example_dags/example_dynamic_task_mapping_with_no_taskflow_operators.py
[2025-05-01T12:15:53.920+0000] {logging_mixin.py:188} INFO - [2025-05-01T12:15:53.920+0000] {dag.py:3096} INFO - Sync 1 DAGs
[2025-05-01T12:15:53.969+0000] {logging_mixin.py:188} INFO - [2025-05-01T12:15:53.969+0000] {dag.py:3954} INFO - Setting next_dagrun for example_dynamic_task_mapping_with_no_taskflow_operators to 2025-04-30 00:00:00+00:00, run_after=2025-05-01 00:00:00+00:00
[2025-05-01T12:15:54.058+0000] {processor.py:183} INFO - Processing /home/airflow/.local/lib/python3.12/site-packages/airflow/example_dags/example_dynamic_task_mapping_with_no_taskflow_operators.py took 0.224 seconds
[2025-05-01T12:16:24.623+0000] {processor.py:161} INFO - Started process (PID=5250) to work on /home/airflow/.local/lib/python3.12/site-packages/airflow/example_dags/example_dynamic_task_mapping_with_no_taskflow_operators.py
[2025-05-01T12:16:24.625+0000] {processor.py:830} INFO - Processing file /home/airflow/.local/lib/python3.12/site-packages/airflow/example_dags/example_dynamic_task_mapping_with_no_taskflow_operators.py for tasks to queue
[2025-05-01T12:16:24.630+0000] {logging_mixin.py:188} INFO - [2025-05-01T12:16:24.629+0000] {dagbag.py:545} INFO - Filling up the DagBag from /home/airflow/.local/lib/python3.12/site-packages/airflow/example_dags/example_dynamic_task_mapping_with_no_taskflow_operators.py
[2025-05-01T12:16:24.643+0000] {processor.py:840} INFO - DAG(s) 'example_dynamic_task_mapping_with_no_taskflow_operators' retrieved from /home/airflow/.local/lib/python3.12/site-packages/airflow/example_dags/example_dynamic_task_mapping_with_no_taskflow_operators.py
[2025-05-01T12:16:24.688+0000] {logging_mixin.py:188} INFO - [2025-05-01T12:16:24.687+0000] {dag.py:3096} INFO - Sync 1 DAGs
[2025-05-01T12:16:24.738+0000] {logging_mixin.py:188} INFO - [2025-05-01T12:16:24.737+0000] {dag.py:3954} INFO - Setting next_dagrun for example_dynamic_task_mapping_with_no_taskflow_operators to 2025-04-30 00:00:00+00:00, run_after=2025-05-01 00:00:00+00:00
[2025-05-01T12:16:24.817+0000] {processor.py:183} INFO - Processing /home/airflow/.local/lib/python3.12/site-packages/airflow/example_dags/example_dynamic_task_mapping_with_no_taskflow_operators.py took 0.205 seconds
[2025-05-01T12:16:55.402+0000] {processor.py:161} INFO - Started process (PID=5310) to work on /home/airflow/.local/lib/python3.12/site-packages/airflow/example_dags/example_dynamic_task_mapping_with_no_taskflow_operators.py
[2025-05-01T12:16:55.405+0000] {processor.py:830} INFO - Processing file /home/airflow/.local/lib/python3.12/site-packages/airflow/example_dags/example_dynamic_task_mapping_with_no_taskflow_operators.py for tasks to queue
[2025-05-01T12:16:55.410+0000] {logging_mixin.py:188} INFO - [2025-05-01T12:16:55.409+0000] {dagbag.py:545} INFO - Filling up the DagBag from /home/airflow/.local/lib/python3.12/site-packages/airflow/example_dags/example_dynamic_task_mapping_with_no_taskflow_operators.py
[2025-05-01T12:16:55.425+0000] {processor.py:840} INFO - DAG(s) 'example_dynamic_task_mapping_with_no_taskflow_operators' retrieved from /home/airflow/.local/lib/python3.12/site-packages/airflow/example_dags/example_dynamic_task_mapping_with_no_taskflow_operators.py
[2025-05-01T12:16:55.475+0000] {logging_mixin.py:188} INFO - [2025-05-01T12:16:55.475+0000] {dag.py:3096} INFO - Sync 1 DAGs
[2025-05-01T12:16:55.553+0000] {logging_mixin.py:188} INFO - [2025-05-01T12:16:55.552+0000] {dag.py:3954} INFO - Setting next_dagrun for example_dynamic_task_mapping_with_no_taskflow_operators to 2025-04-30 00:00:00+00:00, run_after=2025-05-01 00:00:00+00:00
[2025-05-01T12:16:55.608+0000] {processor.py:183} INFO - Processing /home/airflow/.local/lib/python3.12/site-packages/airflow/example_dags/example_dynamic_task_mapping_with_no_taskflow_operators.py took 0.221 seconds
[2025-05-01T12:17:26.028+0000] {processor.py:161} INFO - Started process (PID=5369) to work on /home/airflow/.local/lib/python3.12/site-packages/airflow/example_dags/example_dynamic_task_mapping_with_no_taskflow_operators.py
[2025-05-01T12:17:26.031+0000] {processor.py:830} INFO - Processing file /home/airflow/.local/lib/python3.12/site-packages/airflow/example_dags/example_dynamic_task_mapping_with_no_taskflow_operators.py for tasks to queue
[2025-05-01T12:17:26.036+0000] {logging_mixin.py:188} INFO - [2025-05-01T12:17:26.035+0000] {dagbag.py:545} INFO - Filling up the DagBag from /home/airflow/.local/lib/python3.12/site-packages/airflow/example_dags/example_dynamic_task_mapping_with_no_taskflow_operators.py
[2025-05-01T12:17:26.051+0000] {processor.py:840} INFO - DAG(s) 'example_dynamic_task_mapping_with_no_taskflow_operators' retrieved from /home/airflow/.local/lib/python3.12/site-packages/airflow/example_dags/example_dynamic_task_mapping_with_no_taskflow_operators.py
[2025-05-01T12:17:26.102+0000] {logging_mixin.py:188} INFO - [2025-05-01T12:17:26.101+0000] {dag.py:3096} INFO - Sync 1 DAGs
[2025-05-01T12:17:26.160+0000] {logging_mixin.py:188} INFO - [2025-05-01T12:17:26.159+0000] {dag.py:3954} INFO - Setting next_dagrun for example_dynamic_task_mapping_with_no_taskflow_operators to 2025-04-30 00:00:00+00:00, run_after=2025-05-01 00:00:00+00:00
[2025-05-01T12:17:26.209+0000] {processor.py:183} INFO - Processing /home/airflow/.local/lib/python3.12/site-packages/airflow/example_dags/example_dynamic_task_mapping_with_no_taskflow_operators.py took 0.195 seconds
[2025-05-01T12:17:56.350+0000] {processor.py:161} INFO - Started process (PID=5428) to work on /home/airflow/.local/lib/python3.12/site-packages/airflow/example_dags/example_dynamic_task_mapping_with_no_taskflow_operators.py
[2025-05-01T12:17:56.352+0000] {processor.py:830} INFO - Processing file /home/airflow/.local/lib/python3.12/site-packages/airflow/example_dags/example_dynamic_task_mapping_with_no_taskflow_operators.py for tasks to queue
[2025-05-01T12:17:56.357+0000] {logging_mixin.py:188} INFO - [2025-05-01T12:17:56.356+0000] {dagbag.py:545} INFO - Filling up the DagBag from /home/airflow/.local/lib/python3.12/site-packages/airflow/example_dags/example_dynamic_task_mapping_with_no_taskflow_operators.py
[2025-05-01T12:17:56.370+0000] {processor.py:840} INFO - DAG(s) 'example_dynamic_task_mapping_with_no_taskflow_operators' retrieved from /home/airflow/.local/lib/python3.12/site-packages/airflow/example_dags/example_dynamic_task_mapping_with_no_taskflow_operators.py
[2025-05-01T12:17:56.410+0000] {logging_mixin.py:188} INFO - [2025-05-01T12:17:56.409+0000] {dag.py:3096} INFO - Sync 1 DAGs
[2025-05-01T12:17:56.455+0000] {logging_mixin.py:188} INFO - [2025-05-01T12:17:56.455+0000] {dag.py:3954} INFO - Setting next_dagrun for example_dynamic_task_mapping_with_no_taskflow_operators to 2025-04-30 00:00:00+00:00, run_after=2025-05-01 00:00:00+00:00
[2025-05-01T12:17:56.536+0000] {processor.py:183} INFO - Processing /home/airflow/.local/lib/python3.12/site-packages/airflow/example_dags/example_dynamic_task_mapping_with_no_taskflow_operators.py took 0.197 seconds
[2025-05-01T12:18:26.692+0000] {processor.py:161} INFO - Started process (PID=5487) to work on /home/airflow/.local/lib/python3.12/site-packages/airflow/example_dags/example_dynamic_task_mapping_with_no_taskflow_operators.py
[2025-05-01T12:18:26.694+0000] {processor.py:830} INFO - Processing file /home/airflow/.local/lib/python3.12/site-packages/airflow/example_dags/example_dynamic_task_mapping_with_no_taskflow_operators.py for tasks to queue
[2025-05-01T12:18:26.698+0000] {logging_mixin.py:188} INFO - [2025-05-01T12:18:26.697+0000] {dagbag.py:545} INFO - Filling up the DagBag from /home/airflow/.local/lib/python3.12/site-packages/airflow/example_dags/example_dynamic_task_mapping_with_no_taskflow_operators.py
[2025-05-01T12:18:26.716+0000] {processor.py:840} INFO - DAG(s) 'example_dynamic_task_mapping_with_no_taskflow_operators' retrieved from /home/airflow/.local/lib/python3.12/site-packages/airflow/example_dags/example_dynamic_task_mapping_with_no_taskflow_operators.py
[2025-05-01T12:18:26.759+0000] {logging_mixin.py:188} INFO - [2025-05-01T12:18:26.759+0000] {dag.py:3096} INFO - Sync 1 DAGs
[2025-05-01T12:18:26.811+0000] {logging_mixin.py:188} INFO - [2025-05-01T12:18:26.810+0000] {dag.py:3954} INFO - Setting next_dagrun for example_dynamic_task_mapping_with_no_taskflow_operators to 2025-04-30 00:00:00+00:00, run_after=2025-05-01 00:00:00+00:00
[2025-05-01T12:18:26.898+0000] {processor.py:183} INFO - Processing /home/airflow/.local/lib/python3.12/site-packages/airflow/example_dags/example_dynamic_task_mapping_with_no_taskflow_operators.py took 0.222 seconds
[2025-05-01T12:18:57.121+0000] {processor.py:161} INFO - Started process (PID=5546) to work on /home/airflow/.local/lib/python3.12/site-packages/airflow/example_dags/example_dynamic_task_mapping_with_no_taskflow_operators.py
[2025-05-01T12:18:57.123+0000] {processor.py:830} INFO - Processing file /home/airflow/.local/lib/python3.12/site-packages/airflow/example_dags/example_dynamic_task_mapping_with_no_taskflow_operators.py for tasks to queue
[2025-05-01T12:18:57.127+0000] {logging_mixin.py:188} INFO - [2025-05-01T12:18:57.126+0000] {dagbag.py:545} INFO - Filling up the DagBag from /home/airflow/.local/lib/python3.12/site-packages/airflow/example_dags/example_dynamic_task_mapping_with_no_taskflow_operators.py
[2025-05-01T12:18:57.140+0000] {processor.py:840} INFO - DAG(s) 'example_dynamic_task_mapping_with_no_taskflow_operators' retrieved from /home/airflow/.local/lib/python3.12/site-packages/airflow/example_dags/example_dynamic_task_mapping_with_no_taskflow_operators.py
[2025-05-01T12:18:57.183+0000] {logging_mixin.py:188} INFO - [2025-05-01T12:18:57.183+0000] {dag.py:3096} INFO - Sync 1 DAGs
[2025-05-01T12:18:57.233+0000] {logging_mixin.py:188} INFO - [2025-05-01T12:18:57.233+0000] {dag.py:3954} INFO - Setting next_dagrun for example_dynamic_task_mapping_with_no_taskflow_operators to 2025-04-30 00:00:00+00:00, run_after=2025-05-01 00:00:00+00:00
[2025-05-01T12:18:57.277+0000] {processor.py:183} INFO - Processing /home/airflow/.local/lib/python3.12/site-packages/airflow/example_dags/example_dynamic_task_mapping_with_no_taskflow_operators.py took 0.167 seconds
[2025-05-01T12:19:27.915+0000] {processor.py:161} INFO - Started process (PID=5604) to work on /home/airflow/.local/lib/python3.12/site-packages/airflow/example_dags/example_dynamic_task_mapping_with_no_taskflow_operators.py
[2025-05-01T12:19:27.918+0000] {processor.py:830} INFO - Processing file /home/airflow/.local/lib/python3.12/site-packages/airflow/example_dags/example_dynamic_task_mapping_with_no_taskflow_operators.py for tasks to queue
[2025-05-01T12:19:27.923+0000] {logging_mixin.py:188} INFO - [2025-05-01T12:19:27.922+0000] {dagbag.py:545} INFO - Filling up the DagBag from /home/airflow/.local/lib/python3.12/site-packages/airflow/example_dags/example_dynamic_task_mapping_with_no_taskflow_operators.py
[2025-05-01T12:19:27.939+0000] {processor.py:840} INFO - DAG(s) 'example_dynamic_task_mapping_with_no_taskflow_operators' retrieved from /home/airflow/.local/lib/python3.12/site-packages/airflow/example_dags/example_dynamic_task_mapping_with_no_taskflow_operators.py
[2025-05-01T12:19:27.990+0000] {logging_mixin.py:188} INFO - [2025-05-01T12:19:27.990+0000] {dag.py:3096} INFO - Sync 1 DAGs
[2025-05-01T12:19:28.049+0000] {logging_mixin.py:188} INFO - [2025-05-01T12:19:28.049+0000] {dag.py:3954} INFO - Setting next_dagrun for example_dynamic_task_mapping_with_no_taskflow_operators to 2025-04-30 00:00:00+00:00, run_after=2025-05-01 00:00:00+00:00
[2025-05-01T12:19:28.117+0000] {processor.py:183} INFO - Processing /home/airflow/.local/lib/python3.12/site-packages/airflow/example_dags/example_dynamic_task_mapping_with_no_taskflow_operators.py took 0.217 seconds
[2025-05-01T12:19:58.510+0000] {processor.py:161} INFO - Started process (PID=5663) to work on /home/airflow/.local/lib/python3.12/site-packages/airflow/example_dags/example_dynamic_task_mapping_with_no_taskflow_operators.py
[2025-05-01T12:19:58.513+0000] {processor.py:830} INFO - Processing file /home/airflow/.local/lib/python3.12/site-packages/airflow/example_dags/example_dynamic_task_mapping_with_no_taskflow_operators.py for tasks to queue
[2025-05-01T12:19:58.521+0000] {logging_mixin.py:188} INFO - [2025-05-01T12:19:58.519+0000] {dagbag.py:545} INFO - Filling up the DagBag from /home/airflow/.local/lib/python3.12/site-packages/airflow/example_dags/example_dynamic_task_mapping_with_no_taskflow_operators.py
[2025-05-01T12:19:58.542+0000] {processor.py:840} INFO - DAG(s) 'example_dynamic_task_mapping_with_no_taskflow_operators' retrieved from /home/airflow/.local/lib/python3.12/site-packages/airflow/example_dags/example_dynamic_task_mapping_with_no_taskflow_operators.py
[2025-05-01T12:19:58.599+0000] {logging_mixin.py:188} INFO - [2025-05-01T12:19:58.598+0000] {dag.py:3096} INFO - Sync 1 DAGs
[2025-05-01T12:19:58.655+0000] {logging_mixin.py:188} INFO - [2025-05-01T12:19:58.654+0000] {dag.py:3954} INFO - Setting next_dagrun for example_dynamic_task_mapping_with_no_taskflow_operators to 2025-04-30 00:00:00+00:00, run_after=2025-05-01 00:00:00+00:00
[2025-05-01T12:19:58.724+0000] {processor.py:183} INFO - Processing /home/airflow/.local/lib/python3.12/site-packages/airflow/example_dags/example_dynamic_task_mapping_with_no_taskflow_operators.py took 0.231 seconds
[2025-05-01T12:20:29.933+0000] {processor.py:161} INFO - Started process (PID=5722) to work on /home/airflow/.local/lib/python3.12/site-packages/airflow/example_dags/example_dynamic_task_mapping_with_no_taskflow_operators.py
[2025-05-01T12:20:29.936+0000] {processor.py:830} INFO - Processing file /home/airflow/.local/lib/python3.12/site-packages/airflow/example_dags/example_dynamic_task_mapping_with_no_taskflow_operators.py for tasks to queue
[2025-05-01T12:20:29.943+0000] {logging_mixin.py:188} INFO - [2025-05-01T12:20:29.941+0000] {dagbag.py:545} INFO - Filling up the DagBag from /home/airflow/.local/lib/python3.12/site-packages/airflow/example_dags/example_dynamic_task_mapping_with_no_taskflow_operators.py
[2025-05-01T12:20:29.962+0000] {processor.py:840} INFO - DAG(s) 'example_dynamic_task_mapping_with_no_taskflow_operators' retrieved from /home/airflow/.local/lib/python3.12/site-packages/airflow/example_dags/example_dynamic_task_mapping_with_no_taskflow_operators.py
[2025-05-01T12:20:30.033+0000] {logging_mixin.py:188} INFO - [2025-05-01T12:20:30.032+0000] {dag.py:3096} INFO - Sync 1 DAGs
[2025-05-01T12:20:30.100+0000] {logging_mixin.py:188} INFO - [2025-05-01T12:20:30.099+0000] {dag.py:3954} INFO - Setting next_dagrun for example_dynamic_task_mapping_with_no_taskflow_operators to 2025-04-30 00:00:00+00:00, run_after=2025-05-01 00:00:00+00:00
[2025-05-01T12:20:30.168+0000] {processor.py:183} INFO - Processing /home/airflow/.local/lib/python3.12/site-packages/airflow/example_dags/example_dynamic_task_mapping_with_no_taskflow_operators.py took 0.253 seconds
[2025-05-01T12:21:00.664+0000] {processor.py:161} INFO - Started process (PID=5781) to work on /home/airflow/.local/lib/python3.12/site-packages/airflow/example_dags/example_dynamic_task_mapping_with_no_taskflow_operators.py
[2025-05-01T12:21:00.667+0000] {processor.py:830} INFO - Processing file /home/airflow/.local/lib/python3.12/site-packages/airflow/example_dags/example_dynamic_task_mapping_with_no_taskflow_operators.py for tasks to queue
[2025-05-01T12:21:00.673+0000] {logging_mixin.py:188} INFO - [2025-05-01T12:21:00.672+0000] {dagbag.py:545} INFO - Filling up the DagBag from /home/airflow/.local/lib/python3.12/site-packages/airflow/example_dags/example_dynamic_task_mapping_with_no_taskflow_operators.py
[2025-05-01T12:21:00.689+0000] {processor.py:840} INFO - DAG(s) 'example_dynamic_task_mapping_with_no_taskflow_operators' retrieved from /home/airflow/.local/lib/python3.12/site-packages/airflow/example_dags/example_dynamic_task_mapping_with_no_taskflow_operators.py
[2025-05-01T12:21:00.735+0000] {logging_mixin.py:188} INFO - [2025-05-01T12:21:00.734+0000] {dag.py:3096} INFO - Sync 1 DAGs
[2025-05-01T12:21:00.783+0000] {logging_mixin.py:188} INFO - [2025-05-01T12:21:00.783+0000] {dag.py:3954} INFO - Setting next_dagrun for example_dynamic_task_mapping_with_no_taskflow_operators to 2025-04-30 00:00:00+00:00, run_after=2025-05-01 00:00:00+00:00
[2025-05-01T12:21:00.821+0000] {processor.py:183} INFO - Processing /home/airflow/.local/lib/python3.12/site-packages/airflow/example_dags/example_dynamic_task_mapping_with_no_taskflow_operators.py took 0.172 seconds
[2025-05-01T12:21:31.420+0000] {processor.py:161} INFO - Started process (PID=5840) to work on /home/airflow/.local/lib/python3.12/site-packages/airflow/example_dags/example_dynamic_task_mapping_with_no_taskflow_operators.py
[2025-05-01T12:21:31.423+0000] {processor.py:830} INFO - Processing file /home/airflow/.local/lib/python3.12/site-packages/airflow/example_dags/example_dynamic_task_mapping_with_no_taskflow_operators.py for tasks to queue
[2025-05-01T12:21:31.428+0000] {logging_mixin.py:188} INFO - [2025-05-01T12:21:31.427+0000] {dagbag.py:545} INFO - Filling up the DagBag from /home/airflow/.local/lib/python3.12/site-packages/airflow/example_dags/example_dynamic_task_mapping_with_no_taskflow_operators.py
[2025-05-01T12:21:31.444+0000] {processor.py:840} INFO - DAG(s) 'example_dynamic_task_mapping_with_no_taskflow_operators' retrieved from /home/airflow/.local/lib/python3.12/site-packages/airflow/example_dags/example_dynamic_task_mapping_with_no_taskflow_operators.py
[2025-05-01T12:21:31.494+0000] {logging_mixin.py:188} INFO - [2025-05-01T12:21:31.493+0000] {dag.py:3096} INFO - Sync 1 DAGs
[2025-05-01T12:21:31.565+0000] {logging_mixin.py:188} INFO - [2025-05-01T12:21:31.564+0000] {dag.py:3954} INFO - Setting next_dagrun for example_dynamic_task_mapping_with_no_taskflow_operators to 2025-04-30 00:00:00+00:00, run_after=2025-05-01 00:00:00+00:00
[2025-05-01T12:21:31.612+0000] {processor.py:183} INFO - Processing /home/airflow/.local/lib/python3.12/site-packages/airflow/example_dags/example_dynamic_task_mapping_with_no_taskflow_operators.py took 0.206 seconds
[2025-05-01T12:22:02.363+0000] {processor.py:161} INFO - Started process (PID=5899) to work on /home/airflow/.local/lib/python3.12/site-packages/airflow/example_dags/example_dynamic_task_mapping_with_no_taskflow_operators.py
[2025-05-01T12:22:02.366+0000] {processor.py:830} INFO - Processing file /home/airflow/.local/lib/python3.12/site-packages/airflow/example_dags/example_dynamic_task_mapping_with_no_taskflow_operators.py for tasks to queue
[2025-05-01T12:22:02.372+0000] {logging_mixin.py:188} INFO - [2025-05-01T12:22:02.371+0000] {dagbag.py:545} INFO - Filling up the DagBag from /home/airflow/.local/lib/python3.12/site-packages/airflow/example_dags/example_dynamic_task_mapping_with_no_taskflow_operators.py
[2025-05-01T12:22:02.389+0000] {processor.py:840} INFO - DAG(s) 'example_dynamic_task_mapping_with_no_taskflow_operators' retrieved from /home/airflow/.local/lib/python3.12/site-packages/airflow/example_dags/example_dynamic_task_mapping_with_no_taskflow_operators.py
[2025-05-01T12:22:02.449+0000] {logging_mixin.py:188} INFO - [2025-05-01T12:22:02.448+0000] {dag.py:3096} INFO - Sync 1 DAGs
[2025-05-01T12:22:02.556+0000] {logging_mixin.py:188} INFO - [2025-05-01T12:22:02.555+0000] {dag.py:3954} INFO - Setting next_dagrun for example_dynamic_task_mapping_with_no_taskflow_operators to 2025-04-30 00:00:00+00:00, run_after=2025-05-01 00:00:00+00:00
[2025-05-01T12:22:02.617+0000] {processor.py:183} INFO - Processing /home/airflow/.local/lib/python3.12/site-packages/airflow/example_dags/example_dynamic_task_mapping_with_no_taskflow_operators.py took 0.269 seconds
[2025-05-01T12:22:32.799+0000] {processor.py:161} INFO - Started process (PID=5958) to work on /home/airflow/.local/lib/python3.12/site-packages/airflow/example_dags/example_dynamic_task_mapping_with_no_taskflow_operators.py
[2025-05-01T12:22:32.801+0000] {processor.py:830} INFO - Processing file /home/airflow/.local/lib/python3.12/site-packages/airflow/example_dags/example_dynamic_task_mapping_with_no_taskflow_operators.py for tasks to queue
[2025-05-01T12:22:32.806+0000] {logging_mixin.py:188} INFO - [2025-05-01T12:22:32.805+0000] {dagbag.py:545} INFO - Filling up the DagBag from /home/airflow/.local/lib/python3.12/site-packages/airflow/example_dags/example_dynamic_task_mapping_with_no_taskflow_operators.py
[2025-05-01T12:22:32.818+0000] {processor.py:840} INFO - DAG(s) 'example_dynamic_task_mapping_with_no_taskflow_operators' retrieved from /home/airflow/.local/lib/python3.12/site-packages/airflow/example_dags/example_dynamic_task_mapping_with_no_taskflow_operators.py
[2025-05-01T12:22:32.867+0000] {logging_mixin.py:188} INFO - [2025-05-01T12:22:32.867+0000] {dag.py:3096} INFO - Sync 1 DAGs
[2025-05-01T12:22:32.922+0000] {logging_mixin.py:188} INFO - [2025-05-01T12:22:32.921+0000] {dag.py:3954} INFO - Setting next_dagrun for example_dynamic_task_mapping_with_no_taskflow_operators to 2025-04-30 00:00:00+00:00, run_after=2025-05-01 00:00:00+00:00
[2025-05-01T12:22:32.967+0000] {processor.py:183} INFO - Processing /home/airflow/.local/lib/python3.12/site-packages/airflow/example_dags/example_dynamic_task_mapping_with_no_taskflow_operators.py took 0.180 seconds
[2025-05-01T12:23:03.711+0000] {processor.py:161} INFO - Started process (PID=6017) to work on /home/airflow/.local/lib/python3.12/site-packages/airflow/example_dags/example_dynamic_task_mapping_with_no_taskflow_operators.py
[2025-05-01T12:23:03.713+0000] {processor.py:830} INFO - Processing file /home/airflow/.local/lib/python3.12/site-packages/airflow/example_dags/example_dynamic_task_mapping_with_no_taskflow_operators.py for tasks to queue
[2025-05-01T12:23:03.718+0000] {logging_mixin.py:188} INFO - [2025-05-01T12:23:03.718+0000] {dagbag.py:545} INFO - Filling up the DagBag from /home/airflow/.local/lib/python3.12/site-packages/airflow/example_dags/example_dynamic_task_mapping_with_no_taskflow_operators.py
[2025-05-01T12:23:03.735+0000] {processor.py:840} INFO - DAG(s) 'example_dynamic_task_mapping_with_no_taskflow_operators' retrieved from /home/airflow/.local/lib/python3.12/site-packages/airflow/example_dags/example_dynamic_task_mapping_with_no_taskflow_operators.py
[2025-05-01T12:23:03.782+0000] {logging_mixin.py:188} INFO - [2025-05-01T12:23:03.781+0000] {dag.py:3096} INFO - Sync 1 DAGs
[2025-05-01T12:23:03.843+0000] {logging_mixin.py:188} INFO - [2025-05-01T12:23:03.842+0000] {dag.py:3954} INFO - Setting next_dagrun for example_dynamic_task_mapping_with_no_taskflow_operators to 2025-04-30 00:00:00+00:00, run_after=2025-05-01 00:00:00+00:00
[2025-05-01T12:23:03.895+0000] {processor.py:183} INFO - Processing /home/airflow/.local/lib/python3.12/site-packages/airflow/example_dags/example_dynamic_task_mapping_with_no_taskflow_operators.py took 0.198 seconds
[2025-05-01T12:23:34.093+0000] {processor.py:161} INFO - Started process (PID=6074) to work on /home/airflow/.local/lib/python3.12/site-packages/airflow/example_dags/example_dynamic_task_mapping_with_no_taskflow_operators.py
[2025-05-01T12:23:34.096+0000] {processor.py:830} INFO - Processing file /home/airflow/.local/lib/python3.12/site-packages/airflow/example_dags/example_dynamic_task_mapping_with_no_taskflow_operators.py for tasks to queue
[2025-05-01T12:23:34.102+0000] {logging_mixin.py:188} INFO - [2025-05-01T12:23:34.101+0000] {dagbag.py:545} INFO - Filling up the DagBag from /home/airflow/.local/lib/python3.12/site-packages/airflow/example_dags/example_dynamic_task_mapping_with_no_taskflow_operators.py
[2025-05-01T12:23:34.117+0000] {processor.py:840} INFO - DAG(s) 'example_dynamic_task_mapping_with_no_taskflow_operators' retrieved from /home/airflow/.local/lib/python3.12/site-packages/airflow/example_dags/example_dynamic_task_mapping_with_no_taskflow_operators.py
[2025-05-01T12:23:34.171+0000] {logging_mixin.py:188} INFO - [2025-05-01T12:23:34.170+0000] {dag.py:3096} INFO - Sync 1 DAGs
[2025-05-01T12:23:34.232+0000] {logging_mixin.py:188} INFO - [2025-05-01T12:23:34.232+0000] {dag.py:3954} INFO - Setting next_dagrun for example_dynamic_task_mapping_with_no_taskflow_operators to 2025-04-30 00:00:00+00:00, run_after=2025-05-01 00:00:00+00:00
[2025-05-01T12:23:34.286+0000] {processor.py:183} INFO - Processing /home/airflow/.local/lib/python3.12/site-packages/airflow/example_dags/example_dynamic_task_mapping_with_no_taskflow_operators.py took 0.205 seconds
[2025-05-01T12:24:05.486+0000] {processor.py:161} INFO - Started process (PID=6133) to work on /home/airflow/.local/lib/python3.12/site-packages/airflow/example_dags/example_dynamic_task_mapping_with_no_taskflow_operators.py
[2025-05-01T12:24:05.495+0000] {processor.py:830} INFO - Processing file /home/airflow/.local/lib/python3.12/site-packages/airflow/example_dags/example_dynamic_task_mapping_with_no_taskflow_operators.py for tasks to queue
[2025-05-01T12:24:05.501+0000] {logging_mixin.py:188} INFO - [2025-05-01T12:24:05.500+0000] {dagbag.py:545} INFO - Filling up the DagBag from /home/airflow/.local/lib/python3.12/site-packages/airflow/example_dags/example_dynamic_task_mapping_with_no_taskflow_operators.py
[2025-05-01T12:24:05.528+0000] {processor.py:840} INFO - DAG(s) 'example_dynamic_task_mapping_with_no_taskflow_operators' retrieved from /home/airflow/.local/lib/python3.12/site-packages/airflow/example_dags/example_dynamic_task_mapping_with_no_taskflow_operators.py
[2025-05-01T12:24:05.596+0000] {logging_mixin.py:188} INFO - [2025-05-01T12:24:05.595+0000] {dag.py:3096} INFO - Sync 1 DAGs
[2025-05-01T12:24:05.654+0000] {logging_mixin.py:188} INFO - [2025-05-01T12:24:05.653+0000] {dag.py:3954} INFO - Setting next_dagrun for example_dynamic_task_mapping_with_no_taskflow_operators to 2025-04-30 00:00:00+00:00, run_after=2025-05-01 00:00:00+00:00
[2025-05-01T12:24:05.744+0000] {processor.py:183} INFO - Processing /home/airflow/.local/lib/python3.12/site-packages/airflow/example_dags/example_dynamic_task_mapping_with_no_taskflow_operators.py took 0.279 seconds
[2025-05-01T12:24:36.097+0000] {processor.py:161} INFO - Started process (PID=6192) to work on /home/airflow/.local/lib/python3.12/site-packages/airflow/example_dags/example_dynamic_task_mapping_with_no_taskflow_operators.py
[2025-05-01T12:24:36.100+0000] {processor.py:830} INFO - Processing file /home/airflow/.local/lib/python3.12/site-packages/airflow/example_dags/example_dynamic_task_mapping_with_no_taskflow_operators.py for tasks to queue
[2025-05-01T12:24:36.105+0000] {logging_mixin.py:188} INFO - [2025-05-01T12:24:36.104+0000] {dagbag.py:545} INFO - Filling up the DagBag from /home/airflow/.local/lib/python3.12/site-packages/airflow/example_dags/example_dynamic_task_mapping_with_no_taskflow_operators.py
[2025-05-01T12:24:36.120+0000] {processor.py:840} INFO - DAG(s) 'example_dynamic_task_mapping_with_no_taskflow_operators' retrieved from /home/airflow/.local/lib/python3.12/site-packages/airflow/example_dags/example_dynamic_task_mapping_with_no_taskflow_operators.py
[2025-05-01T12:24:36.170+0000] {logging_mixin.py:188} INFO - [2025-05-01T12:24:36.169+0000] {dag.py:3096} INFO - Sync 1 DAGs
[2025-05-01T12:24:36.225+0000] {logging_mixin.py:188} INFO - [2025-05-01T12:24:36.225+0000] {dag.py:3954} INFO - Setting next_dagrun for example_dynamic_task_mapping_with_no_taskflow_operators to 2025-04-30 00:00:00+00:00, run_after=2025-05-01 00:00:00+00:00
[2025-05-01T12:24:36.318+0000] {processor.py:183} INFO - Processing /home/airflow/.local/lib/python3.12/site-packages/airflow/example_dags/example_dynamic_task_mapping_with_no_taskflow_operators.py took 0.234 seconds
[2025-05-01T12:25:06.669+0000] {processor.py:161} INFO - Started process (PID=6251) to work on /home/airflow/.local/lib/python3.12/site-packages/airflow/example_dags/example_dynamic_task_mapping_with_no_taskflow_operators.py
[2025-05-01T12:25:06.671+0000] {processor.py:830} INFO - Processing file /home/airflow/.local/lib/python3.12/site-packages/airflow/example_dags/example_dynamic_task_mapping_with_no_taskflow_operators.py for tasks to queue
[2025-05-01T12:25:06.678+0000] {logging_mixin.py:188} INFO - [2025-05-01T12:25:06.677+0000] {dagbag.py:545} INFO - Filling up the DagBag from /home/airflow/.local/lib/python3.12/site-packages/airflow/example_dags/example_dynamic_task_mapping_with_no_taskflow_operators.py
[2025-05-01T12:25:06.697+0000] {processor.py:840} INFO - DAG(s) 'example_dynamic_task_mapping_with_no_taskflow_operators' retrieved from /home/airflow/.local/lib/python3.12/site-packages/airflow/example_dags/example_dynamic_task_mapping_with_no_taskflow_operators.py
[2025-05-01T12:25:06.753+0000] {logging_mixin.py:188} INFO - [2025-05-01T12:25:06.752+0000] {dag.py:3096} INFO - Sync 1 DAGs
[2025-05-01T12:25:06.829+0000] {logging_mixin.py:188} INFO - [2025-05-01T12:25:06.828+0000] {dag.py:3954} INFO - Setting next_dagrun for example_dynamic_task_mapping_with_no_taskflow_operators to 2025-04-30 00:00:00+00:00, run_after=2025-05-01 00:00:00+00:00
[2025-05-01T12:25:06.883+0000] {processor.py:183} INFO - Processing /home/airflow/.local/lib/python3.12/site-packages/airflow/example_dags/example_dynamic_task_mapping_with_no_taskflow_operators.py took 0.229 seconds
