[2025-05-01T10:49:56.353+0000] {processor.py:161} INFO - Started process (PID=113) to work on /home/airflow/.local/lib/python3.12/site-packages/airflow/example_dags/example_trigger_controller_dag.py
[2025-05-01T10:49:56.354+0000] {processor.py:830} INFO - Processing file /home/airflow/.local/lib/python3.12/site-packages/airflow/example_dags/example_trigger_controller_dag.py for tasks to queue
[2025-05-01T10:49:56.357+0000] {logging_mixin.py:188} INFO - [2025-05-01T10:49:56.356+0000] {dagbag.py:545} INFO - Filling up the DagBag from /home/airflow/.local/lib/python3.12/site-packages/airflow/example_dags/example_trigger_controller_dag.py
[2025-05-01T10:49:56.362+0000] {processor.py:840} INFO - DAG(s) 'example_trigger_controller_dag' retrieved from /home/airflow/.local/lib/python3.12/site-packages/airflow/example_dags/example_trigger_controller_dag.py
[2025-05-01T10:49:56.477+0000] {logging_mixin.py:188} INFO - [2025-05-01T10:49:56.477+0000] {dag.py:3096} INFO - Sync 1 DAGs
[2025-05-01T10:49:56.500+0000] {logging_mixin.py:188} INFO - [2025-05-01T10:49:56.499+0000] {dag.py:3954} INFO - Setting next_dagrun for example_trigger_controller_dag to 2021-01-01 00:00:00+00:00, run_after=2021-01-01 00:00:00+00:00
[2025-05-01T10:49:56.526+0000] {processor.py:183} INFO - Processing /home/airflow/.local/lib/python3.12/site-packages/airflow/example_dags/example_trigger_controller_dag.py took 0.179 seconds
[2025-05-01T10:50:27.334+0000] {processor.py:161} INFO - Started process (PID=171) to work on /home/airflow/.local/lib/python3.12/site-packages/airflow/example_dags/example_trigger_controller_dag.py
[2025-05-01T10:50:27.336+0000] {processor.py:830} INFO - Processing file /home/airflow/.local/lib/python3.12/site-packages/airflow/example_dags/example_trigger_controller_dag.py for tasks to queue
[2025-05-01T10:50:27.338+0000] {logging_mixin.py:188} INFO - [2025-05-01T10:50:27.338+0000] {dagbag.py:545} INFO - Filling up the DagBag from /home/airflow/.local/lib/python3.12/site-packages/airflow/example_dags/example_trigger_controller_dag.py
[2025-05-01T10:50:27.344+0000] {processor.py:840} INFO - DAG(s) 'example_trigger_controller_dag' retrieved from /home/airflow/.local/lib/python3.12/site-packages/airflow/example_dags/example_trigger_controller_dag.py
[2025-05-01T10:50:27.371+0000] {logging_mixin.py:188} INFO - [2025-05-01T10:50:27.370+0000] {dag.py:3096} INFO - Sync 1 DAGs
[2025-05-01T10:50:27.397+0000] {logging_mixin.py:188} INFO - [2025-05-01T10:50:27.397+0000] {dag.py:3954} INFO - Setting next_dagrun for example_trigger_controller_dag to 2021-01-01 00:00:00+00:00, run_after=2021-01-01 00:00:00+00:00
[2025-05-01T10:50:27.425+0000] {processor.py:183} INFO - Processing /home/airflow/.local/lib/python3.12/site-packages/airflow/example_dags/example_trigger_controller_dag.py took 0.097 seconds
[2025-05-01T10:51:55.878+0000] {processor.py:161} INFO - Started process (PID=119) to work on /home/airflow/.local/lib/python3.12/site-packages/airflow/example_dags/example_trigger_controller_dag.py
[2025-05-01T10:51:55.879+0000] {processor.py:830} INFO - Processing file /home/airflow/.local/lib/python3.12/site-packages/airflow/example_dags/example_trigger_controller_dag.py for tasks to queue
[2025-05-01T10:51:55.882+0000] {logging_mixin.py:188} INFO - [2025-05-01T10:51:55.881+0000] {dagbag.py:545} INFO - Filling up the DagBag from /home/airflow/.local/lib/python3.12/site-packages/airflow/example_dags/example_trigger_controller_dag.py
[2025-05-01T10:51:55.888+0000] {processor.py:840} INFO - DAG(s) 'example_trigger_controller_dag' retrieved from /home/airflow/.local/lib/python3.12/site-packages/airflow/example_dags/example_trigger_controller_dag.py
[2025-05-01T10:51:56.023+0000] {logging_mixin.py:188} INFO - [2025-05-01T10:51:56.022+0000] {dag.py:3096} INFO - Sync 1 DAGs
[2025-05-01T10:51:56.049+0000] {logging_mixin.py:188} INFO - [2025-05-01T10:51:56.049+0000] {dag.py:3954} INFO - Setting next_dagrun for example_trigger_controller_dag to 2021-01-01 00:00:00+00:00, run_after=2021-01-01 00:00:00+00:00
[2025-05-01T10:51:56.075+0000] {processor.py:183} INFO - Processing /home/airflow/.local/lib/python3.12/site-packages/airflow/example_dags/example_trigger_controller_dag.py took 0.204 seconds
[2025-05-01T10:52:26.375+0000] {processor.py:161} INFO - Started process (PID=177) to work on /home/airflow/.local/lib/python3.12/site-packages/airflow/example_dags/example_trigger_controller_dag.py
[2025-05-01T10:52:26.376+0000] {processor.py:830} INFO - Processing file /home/airflow/.local/lib/python3.12/site-packages/airflow/example_dags/example_trigger_controller_dag.py for tasks to queue
[2025-05-01T10:52:26.379+0000] {logging_mixin.py:188} INFO - [2025-05-01T10:52:26.378+0000] {dagbag.py:545} INFO - Filling up the DagBag from /home/airflow/.local/lib/python3.12/site-packages/airflow/example_dags/example_trigger_controller_dag.py
[2025-05-01T10:52:26.385+0000] {processor.py:840} INFO - DAG(s) 'example_trigger_controller_dag' retrieved from /home/airflow/.local/lib/python3.12/site-packages/airflow/example_dags/example_trigger_controller_dag.py
[2025-05-01T10:52:26.416+0000] {logging_mixin.py:188} INFO - [2025-05-01T10:52:26.416+0000] {dag.py:3096} INFO - Sync 1 DAGs
[2025-05-01T10:52:26.459+0000] {logging_mixin.py:188} INFO - [2025-05-01T10:52:26.459+0000] {dag.py:3954} INFO - Setting next_dagrun for example_trigger_controller_dag to 2021-01-01 00:00:00+00:00, run_after=2021-01-01 00:00:00+00:00
[2025-05-01T10:52:26.495+0000] {processor.py:183} INFO - Processing /home/airflow/.local/lib/python3.12/site-packages/airflow/example_dags/example_trigger_controller_dag.py took 0.125 seconds
[2025-05-01T10:52:56.627+0000] {processor.py:161} INFO - Started process (PID=235) to work on /home/airflow/.local/lib/python3.12/site-packages/airflow/example_dags/example_trigger_controller_dag.py
[2025-05-01T10:52:56.629+0000] {processor.py:830} INFO - Processing file /home/airflow/.local/lib/python3.12/site-packages/airflow/example_dags/example_trigger_controller_dag.py for tasks to queue
[2025-05-01T10:52:56.633+0000] {logging_mixin.py:188} INFO - [2025-05-01T10:52:56.632+0000] {dagbag.py:545} INFO - Filling up the DagBag from /home/airflow/.local/lib/python3.12/site-packages/airflow/example_dags/example_trigger_controller_dag.py
[2025-05-01T10:52:56.640+0000] {processor.py:840} INFO - DAG(s) 'example_trigger_controller_dag' retrieved from /home/airflow/.local/lib/python3.12/site-packages/airflow/example_dags/example_trigger_controller_dag.py
[2025-05-01T10:52:56.668+0000] {logging_mixin.py:188} INFO - [2025-05-01T10:52:56.668+0000] {dag.py:3096} INFO - Sync 1 DAGs
[2025-05-01T10:52:56.699+0000] {logging_mixin.py:188} INFO - [2025-05-01T10:52:56.699+0000] {dag.py:3954} INFO - Setting next_dagrun for example_trigger_controller_dag to 2021-01-01 00:00:00+00:00, run_after=2021-01-01 00:00:00+00:00
[2025-05-01T10:52:56.730+0000] {processor.py:183} INFO - Processing /home/airflow/.local/lib/python3.12/site-packages/airflow/example_dags/example_trigger_controller_dag.py took 0.111 seconds
[2025-05-01T10:53:27.929+0000] {processor.py:161} INFO - Started process (PID=293) to work on /home/airflow/.local/lib/python3.12/site-packages/airflow/example_dags/example_trigger_controller_dag.py
[2025-05-01T10:53:27.931+0000] {processor.py:830} INFO - Processing file /home/airflow/.local/lib/python3.12/site-packages/airflow/example_dags/example_trigger_controller_dag.py for tasks to queue
[2025-05-01T10:53:27.934+0000] {logging_mixin.py:188} INFO - [2025-05-01T10:53:27.933+0000] {dagbag.py:545} INFO - Filling up the DagBag from /home/airflow/.local/lib/python3.12/site-packages/airflow/example_dags/example_trigger_controller_dag.py
[2025-05-01T10:53:27.940+0000] {processor.py:840} INFO - DAG(s) 'example_trigger_controller_dag' retrieved from /home/airflow/.local/lib/python3.12/site-packages/airflow/example_dags/example_trigger_controller_dag.py
[2025-05-01T10:53:27.967+0000] {logging_mixin.py:188} INFO - [2025-05-01T10:53:27.966+0000] {dag.py:3096} INFO - Sync 1 DAGs
[2025-05-01T10:53:28.001+0000] {logging_mixin.py:188} INFO - [2025-05-01T10:53:28.001+0000] {dag.py:3954} INFO - Setting next_dagrun for example_trigger_controller_dag to 2021-01-01 00:00:00+00:00, run_after=2021-01-01 00:00:00+00:00
[2025-05-01T10:53:28.036+0000] {processor.py:183} INFO - Processing /home/airflow/.local/lib/python3.12/site-packages/airflow/example_dags/example_trigger_controller_dag.py took 0.115 seconds
[2025-05-01T10:53:58.886+0000] {processor.py:161} INFO - Started process (PID=351) to work on /home/airflow/.local/lib/python3.12/site-packages/airflow/example_dags/example_trigger_controller_dag.py
[2025-05-01T10:53:58.887+0000] {processor.py:830} INFO - Processing file /home/airflow/.local/lib/python3.12/site-packages/airflow/example_dags/example_trigger_controller_dag.py for tasks to queue
[2025-05-01T10:53:58.890+0000] {logging_mixin.py:188} INFO - [2025-05-01T10:53:58.889+0000] {dagbag.py:545} INFO - Filling up the DagBag from /home/airflow/.local/lib/python3.12/site-packages/airflow/example_dags/example_trigger_controller_dag.py
[2025-05-01T10:53:58.895+0000] {processor.py:840} INFO - DAG(s) 'example_trigger_controller_dag' retrieved from /home/airflow/.local/lib/python3.12/site-packages/airflow/example_dags/example_trigger_controller_dag.py
[2025-05-01T10:53:58.918+0000] {logging_mixin.py:188} INFO - [2025-05-01T10:53:58.917+0000] {dag.py:3096} INFO - Sync 1 DAGs
[2025-05-01T10:53:58.941+0000] {logging_mixin.py:188} INFO - [2025-05-01T10:53:58.941+0000] {dag.py:3954} INFO - Setting next_dagrun for example_trigger_controller_dag to 2021-01-01 00:00:00+00:00, run_after=2021-01-01 00:00:00+00:00
[2025-05-01T10:53:58.969+0000] {processor.py:183} INFO - Processing /home/airflow/.local/lib/python3.12/site-packages/airflow/example_dags/example_trigger_controller_dag.py took 0.090 seconds
[2025-05-01T10:54:29.376+0000] {processor.py:161} INFO - Started process (PID=410) to work on /home/airflow/.local/lib/python3.12/site-packages/airflow/example_dags/example_trigger_controller_dag.py
[2025-05-01T10:54:29.377+0000] {processor.py:830} INFO - Processing file /home/airflow/.local/lib/python3.12/site-packages/airflow/example_dags/example_trigger_controller_dag.py for tasks to queue
[2025-05-01T10:54:29.380+0000] {logging_mixin.py:188} INFO - [2025-05-01T10:54:29.379+0000] {dagbag.py:545} INFO - Filling up the DagBag from /home/airflow/.local/lib/python3.12/site-packages/airflow/example_dags/example_trigger_controller_dag.py
[2025-05-01T10:54:29.385+0000] {processor.py:840} INFO - DAG(s) 'example_trigger_controller_dag' retrieved from /home/airflow/.local/lib/python3.12/site-packages/airflow/example_dags/example_trigger_controller_dag.py
[2025-05-01T10:54:29.410+0000] {logging_mixin.py:188} INFO - [2025-05-01T10:54:29.410+0000] {dag.py:3096} INFO - Sync 1 DAGs
[2025-05-01T10:54:29.437+0000] {logging_mixin.py:188} INFO - [2025-05-01T10:54:29.437+0000] {dag.py:3954} INFO - Setting next_dagrun for example_trigger_controller_dag to 2021-01-01 00:00:00+00:00, run_after=2021-01-01 00:00:00+00:00
[2025-05-01T10:54:29.464+0000] {processor.py:183} INFO - Processing /home/airflow/.local/lib/python3.12/site-packages/airflow/example_dags/example_trigger_controller_dag.py took 0.094 seconds
[2025-05-01T10:54:59.811+0000] {processor.py:161} INFO - Started process (PID=468) to work on /home/airflow/.local/lib/python3.12/site-packages/airflow/example_dags/example_trigger_controller_dag.py
[2025-05-01T10:54:59.812+0000] {processor.py:830} INFO - Processing file /home/airflow/.local/lib/python3.12/site-packages/airflow/example_dags/example_trigger_controller_dag.py for tasks to queue
[2025-05-01T10:54:59.815+0000] {logging_mixin.py:188} INFO - [2025-05-01T10:54:59.814+0000] {dagbag.py:545} INFO - Filling up the DagBag from /home/airflow/.local/lib/python3.12/site-packages/airflow/example_dags/example_trigger_controller_dag.py
[2025-05-01T10:54:59.821+0000] {processor.py:840} INFO - DAG(s) 'example_trigger_controller_dag' retrieved from /home/airflow/.local/lib/python3.12/site-packages/airflow/example_dags/example_trigger_controller_dag.py
[2025-05-01T10:54:59.843+0000] {logging_mixin.py:188} INFO - [2025-05-01T10:54:59.843+0000] {dag.py:3096} INFO - Sync 1 DAGs
[2025-05-01T10:54:59.868+0000] {logging_mixin.py:188} INFO - [2025-05-01T10:54:59.868+0000] {dag.py:3954} INFO - Setting next_dagrun for example_trigger_controller_dag to 2021-01-01 00:00:00+00:00, run_after=2021-01-01 00:00:00+00:00
[2025-05-01T10:54:59.893+0000] {processor.py:183} INFO - Processing /home/airflow/.local/lib/python3.12/site-packages/airflow/example_dags/example_trigger_controller_dag.py took 0.089 seconds
[2025-05-01T10:55:30.378+0000] {processor.py:161} INFO - Started process (PID=527) to work on /home/airflow/.local/lib/python3.12/site-packages/airflow/example_dags/example_trigger_controller_dag.py
[2025-05-01T10:55:30.379+0000] {processor.py:830} INFO - Processing file /home/airflow/.local/lib/python3.12/site-packages/airflow/example_dags/example_trigger_controller_dag.py for tasks to queue
[2025-05-01T10:55:30.382+0000] {logging_mixin.py:188} INFO - [2025-05-01T10:55:30.382+0000] {dagbag.py:545} INFO - Filling up the DagBag from /home/airflow/.local/lib/python3.12/site-packages/airflow/example_dags/example_trigger_controller_dag.py
[2025-05-01T10:55:30.386+0000] {processor.py:840} INFO - DAG(s) 'example_trigger_controller_dag' retrieved from /home/airflow/.local/lib/python3.12/site-packages/airflow/example_dags/example_trigger_controller_dag.py
[2025-05-01T10:55:30.411+0000] {logging_mixin.py:188} INFO - [2025-05-01T10:55:30.411+0000] {dag.py:3096} INFO - Sync 1 DAGs
[2025-05-01T10:55:30.438+0000] {logging_mixin.py:188} INFO - [2025-05-01T10:55:30.438+0000] {dag.py:3954} INFO - Setting next_dagrun for example_trigger_controller_dag to 2021-01-01 00:00:00+00:00, run_after=2021-01-01 00:00:00+00:00
[2025-05-01T10:55:30.464+0000] {processor.py:183} INFO - Processing /home/airflow/.local/lib/python3.12/site-packages/airflow/example_dags/example_trigger_controller_dag.py took 0.092 seconds
[2025-05-01T10:56:00.512+0000] {processor.py:161} INFO - Started process (PID=586) to work on /home/airflow/.local/lib/python3.12/site-packages/airflow/example_dags/example_trigger_controller_dag.py
[2025-05-01T10:56:00.513+0000] {processor.py:830} INFO - Processing file /home/airflow/.local/lib/python3.12/site-packages/airflow/example_dags/example_trigger_controller_dag.py for tasks to queue
[2025-05-01T10:56:00.517+0000] {logging_mixin.py:188} INFO - [2025-05-01T10:56:00.516+0000] {dagbag.py:545} INFO - Filling up the DagBag from /home/airflow/.local/lib/python3.12/site-packages/airflow/example_dags/example_trigger_controller_dag.py
[2025-05-01T10:56:00.523+0000] {processor.py:840} INFO - DAG(s) 'example_trigger_controller_dag' retrieved from /home/airflow/.local/lib/python3.12/site-packages/airflow/example_dags/example_trigger_controller_dag.py
[2025-05-01T10:56:00.545+0000] {logging_mixin.py:188} INFO - [2025-05-01T10:56:00.544+0000] {dag.py:3096} INFO - Sync 1 DAGs
[2025-05-01T10:56:00.570+0000] {logging_mixin.py:188} INFO - [2025-05-01T10:56:00.570+0000] {dag.py:3954} INFO - Setting next_dagrun for example_trigger_controller_dag to 2021-01-01 00:00:00+00:00, run_after=2021-01-01 00:00:00+00:00
[2025-05-01T10:56:00.592+0000] {processor.py:183} INFO - Processing /home/airflow/.local/lib/python3.12/site-packages/airflow/example_dags/example_trigger_controller_dag.py took 0.086 seconds
[2025-05-01T10:56:31.068+0000] {processor.py:161} INFO - Started process (PID=641) to work on /home/airflow/.local/lib/python3.12/site-packages/airflow/example_dags/example_trigger_controller_dag.py
[2025-05-01T10:56:31.069+0000] {processor.py:830} INFO - Processing file /home/airflow/.local/lib/python3.12/site-packages/airflow/example_dags/example_trigger_controller_dag.py for tasks to queue
[2025-05-01T10:56:31.071+0000] {logging_mixin.py:188} INFO - [2025-05-01T10:56:31.071+0000] {dagbag.py:545} INFO - Filling up the DagBag from /home/airflow/.local/lib/python3.12/site-packages/airflow/example_dags/example_trigger_controller_dag.py
[2025-05-01T10:56:31.076+0000] {processor.py:840} INFO - DAG(s) 'example_trigger_controller_dag' retrieved from /home/airflow/.local/lib/python3.12/site-packages/airflow/example_dags/example_trigger_controller_dag.py
[2025-05-01T10:56:31.099+0000] {logging_mixin.py:188} INFO - [2025-05-01T10:56:31.099+0000] {dag.py:3096} INFO - Sync 1 DAGs
[2025-05-01T10:56:31.126+0000] {logging_mixin.py:188} INFO - [2025-05-01T10:56:31.126+0000] {dag.py:3954} INFO - Setting next_dagrun for example_trigger_controller_dag to 2021-01-01 00:00:00+00:00, run_after=2021-01-01 00:00:00+00:00
[2025-05-01T10:56:31.152+0000] {processor.py:183} INFO - Processing /home/airflow/.local/lib/python3.12/site-packages/airflow/example_dags/example_trigger_controller_dag.py took 0.090 seconds
[2025-05-01T10:57:01.842+0000] {processor.py:161} INFO - Started process (PID=700) to work on /home/airflow/.local/lib/python3.12/site-packages/airflow/example_dags/example_trigger_controller_dag.py
[2025-05-01T10:57:01.844+0000] {processor.py:830} INFO - Processing file /home/airflow/.local/lib/python3.12/site-packages/airflow/example_dags/example_trigger_controller_dag.py for tasks to queue
[2025-05-01T10:57:01.847+0000] {logging_mixin.py:188} INFO - [2025-05-01T10:57:01.846+0000] {dagbag.py:545} INFO - Filling up the DagBag from /home/airflow/.local/lib/python3.12/site-packages/airflow/example_dags/example_trigger_controller_dag.py
[2025-05-01T10:57:01.854+0000] {processor.py:840} INFO - DAG(s) 'example_trigger_controller_dag' retrieved from /home/airflow/.local/lib/python3.12/site-packages/airflow/example_dags/example_trigger_controller_dag.py
[2025-05-01T10:57:01.890+0000] {logging_mixin.py:188} INFO - [2025-05-01T10:57:01.889+0000] {dag.py:3096} INFO - Sync 1 DAGs
[2025-05-01T10:57:01.920+0000] {logging_mixin.py:188} INFO - [2025-05-01T10:57:01.920+0000] {dag.py:3954} INFO - Setting next_dagrun for example_trigger_controller_dag to 2021-01-01 00:00:00+00:00, run_after=2021-01-01 00:00:00+00:00
[2025-05-01T10:57:01.949+0000] {processor.py:183} INFO - Processing /home/airflow/.local/lib/python3.12/site-packages/airflow/example_dags/example_trigger_controller_dag.py took 0.114 seconds
[2025-05-01T10:57:32.266+0000] {processor.py:161} INFO - Started process (PID=761) to work on /home/airflow/.local/lib/python3.12/site-packages/airflow/example_dags/example_trigger_controller_dag.py
[2025-05-01T10:57:32.267+0000] {processor.py:830} INFO - Processing file /home/airflow/.local/lib/python3.12/site-packages/airflow/example_dags/example_trigger_controller_dag.py for tasks to queue
[2025-05-01T10:57:32.269+0000] {logging_mixin.py:188} INFO - [2025-05-01T10:57:32.269+0000] {dagbag.py:545} INFO - Filling up the DagBag from /home/airflow/.local/lib/python3.12/site-packages/airflow/example_dags/example_trigger_controller_dag.py
[2025-05-01T10:57:32.275+0000] {processor.py:840} INFO - DAG(s) 'example_trigger_controller_dag' retrieved from /home/airflow/.local/lib/python3.12/site-packages/airflow/example_dags/example_trigger_controller_dag.py
[2025-05-01T10:57:32.301+0000] {logging_mixin.py:188} INFO - [2025-05-01T10:57:32.301+0000] {dag.py:3096} INFO - Sync 1 DAGs
[2025-05-01T10:57:32.329+0000] {logging_mixin.py:188} INFO - [2025-05-01T10:57:32.328+0000] {dag.py:3954} INFO - Setting next_dagrun for example_trigger_controller_dag to 2021-01-01 00:00:00+00:00, run_after=2021-01-01 00:00:00+00:00
[2025-05-01T10:57:32.356+0000] {processor.py:183} INFO - Processing /home/airflow/.local/lib/python3.12/site-packages/airflow/example_dags/example_trigger_controller_dag.py took 0.096 seconds
[2025-05-01T10:58:02.644+0000] {processor.py:161} INFO - Started process (PID=820) to work on /home/airflow/.local/lib/python3.12/site-packages/airflow/example_dags/example_trigger_controller_dag.py
[2025-05-01T10:58:02.646+0000] {processor.py:830} INFO - Processing file /home/airflow/.local/lib/python3.12/site-packages/airflow/example_dags/example_trigger_controller_dag.py for tasks to queue
[2025-05-01T10:58:02.648+0000] {logging_mixin.py:188} INFO - [2025-05-01T10:58:02.648+0000] {dagbag.py:545} INFO - Filling up the DagBag from /home/airflow/.local/lib/python3.12/site-packages/airflow/example_dags/example_trigger_controller_dag.py
[2025-05-01T10:58:02.654+0000] {processor.py:840} INFO - DAG(s) 'example_trigger_controller_dag' retrieved from /home/airflow/.local/lib/python3.12/site-packages/airflow/example_dags/example_trigger_controller_dag.py
[2025-05-01T10:58:02.677+0000] {logging_mixin.py:188} INFO - [2025-05-01T10:58:02.677+0000] {dag.py:3096} INFO - Sync 1 DAGs
[2025-05-01T10:58:02.703+0000] {logging_mixin.py:188} INFO - [2025-05-01T10:58:02.703+0000] {dag.py:3954} INFO - Setting next_dagrun for example_trigger_controller_dag to 2021-01-01 00:00:00+00:00, run_after=2021-01-01 00:00:00+00:00
[2025-05-01T10:58:02.729+0000] {processor.py:183} INFO - Processing /home/airflow/.local/lib/python3.12/site-packages/airflow/example_dags/example_trigger_controller_dag.py took 0.090 seconds
[2025-05-01T10:58:33.635+0000] {processor.py:161} INFO - Started process (PID=879) to work on /home/airflow/.local/lib/python3.12/site-packages/airflow/example_dags/example_trigger_controller_dag.py
[2025-05-01T10:58:33.637+0000] {processor.py:830} INFO - Processing file /home/airflow/.local/lib/python3.12/site-packages/airflow/example_dags/example_trigger_controller_dag.py for tasks to queue
[2025-05-01T10:58:33.640+0000] {logging_mixin.py:188} INFO - [2025-05-01T10:58:33.640+0000] {dagbag.py:545} INFO - Filling up the DagBag from /home/airflow/.local/lib/python3.12/site-packages/airflow/example_dags/example_trigger_controller_dag.py
[2025-05-01T10:58:33.645+0000] {processor.py:840} INFO - DAG(s) 'example_trigger_controller_dag' retrieved from /home/airflow/.local/lib/python3.12/site-packages/airflow/example_dags/example_trigger_controller_dag.py
[2025-05-01T10:58:33.671+0000] {logging_mixin.py:188} INFO - [2025-05-01T10:58:33.671+0000] {dag.py:3096} INFO - Sync 1 DAGs
[2025-05-01T10:58:33.697+0000] {logging_mixin.py:188} INFO - [2025-05-01T10:58:33.697+0000] {dag.py:3954} INFO - Setting next_dagrun for example_trigger_controller_dag to 2021-01-01 00:00:00+00:00, run_after=2021-01-01 00:00:00+00:00
[2025-05-01T10:58:33.725+0000] {processor.py:183} INFO - Processing /home/airflow/.local/lib/python3.12/site-packages/airflow/example_dags/example_trigger_controller_dag.py took 0.096 seconds
[2025-05-01T10:59:03.823+0000] {processor.py:161} INFO - Started process (PID=939) to work on /home/airflow/.local/lib/python3.12/site-packages/airflow/example_dags/example_trigger_controller_dag.py
[2025-05-01T10:59:03.825+0000] {processor.py:830} INFO - Processing file /home/airflow/.local/lib/python3.12/site-packages/airflow/example_dags/example_trigger_controller_dag.py for tasks to queue
[2025-05-01T10:59:03.827+0000] {logging_mixin.py:188} INFO - [2025-05-01T10:59:03.827+0000] {dagbag.py:545} INFO - Filling up the DagBag from /home/airflow/.local/lib/python3.12/site-packages/airflow/example_dags/example_trigger_controller_dag.py
[2025-05-01T10:59:03.832+0000] {processor.py:840} INFO - DAG(s) 'example_trigger_controller_dag' retrieved from /home/airflow/.local/lib/python3.12/site-packages/airflow/example_dags/example_trigger_controller_dag.py
[2025-05-01T10:59:03.854+0000] {logging_mixin.py:188} INFO - [2025-05-01T10:59:03.853+0000] {dag.py:3096} INFO - Sync 1 DAGs
[2025-05-01T10:59:03.880+0000] {logging_mixin.py:188} INFO - [2025-05-01T10:59:03.879+0000] {dag.py:3954} INFO - Setting next_dagrun for example_trigger_controller_dag to 2021-01-01 00:00:00+00:00, run_after=2021-01-01 00:00:00+00:00
[2025-05-01T10:59:03.908+0000] {processor.py:183} INFO - Processing /home/airflow/.local/lib/python3.12/site-packages/airflow/example_dags/example_trigger_controller_dag.py took 0.090 seconds
[2025-05-01T10:59:34.023+0000] {processor.py:161} INFO - Started process (PID=998) to work on /home/airflow/.local/lib/python3.12/site-packages/airflow/example_dags/example_trigger_controller_dag.py
[2025-05-01T10:59:34.025+0000] {processor.py:830} INFO - Processing file /home/airflow/.local/lib/python3.12/site-packages/airflow/example_dags/example_trigger_controller_dag.py for tasks to queue
[2025-05-01T10:59:34.027+0000] {logging_mixin.py:188} INFO - [2025-05-01T10:59:34.027+0000] {dagbag.py:545} INFO - Filling up the DagBag from /home/airflow/.local/lib/python3.12/site-packages/airflow/example_dags/example_trigger_controller_dag.py
[2025-05-01T10:59:34.032+0000] {processor.py:840} INFO - DAG(s) 'example_trigger_controller_dag' retrieved from /home/airflow/.local/lib/python3.12/site-packages/airflow/example_dags/example_trigger_controller_dag.py
[2025-05-01T10:59:34.056+0000] {logging_mixin.py:188} INFO - [2025-05-01T10:59:34.055+0000] {dag.py:3096} INFO - Sync 1 DAGs
[2025-05-01T10:59:34.079+0000] {logging_mixin.py:188} INFO - [2025-05-01T10:59:34.079+0000] {dag.py:3954} INFO - Setting next_dagrun for example_trigger_controller_dag to 2021-01-01 00:00:00+00:00, run_after=2021-01-01 00:00:00+00:00
[2025-05-01T10:59:34.103+0000] {processor.py:183} INFO - Processing /home/airflow/.local/lib/python3.12/site-packages/airflow/example_dags/example_trigger_controller_dag.py took 0.087 seconds
[2025-05-01T11:00:06.159+0000] {processor.py:161} INFO - Started process (PID=1056) to work on /home/airflow/.local/lib/python3.12/site-packages/airflow/example_dags/example_trigger_controller_dag.py
[2025-05-01T11:00:06.162+0000] {processor.py:830} INFO - Processing file /home/airflow/.local/lib/python3.12/site-packages/airflow/example_dags/example_trigger_controller_dag.py for tasks to queue
[2025-05-01T11:00:06.167+0000] {logging_mixin.py:188} INFO - [2025-05-01T11:00:06.166+0000] {dagbag.py:545} INFO - Filling up the DagBag from /home/airflow/.local/lib/python3.12/site-packages/airflow/example_dags/example_trigger_controller_dag.py
[2025-05-01T11:00:06.178+0000] {processor.py:840} INFO - DAG(s) 'example_trigger_controller_dag' retrieved from /home/airflow/.local/lib/python3.12/site-packages/airflow/example_dags/example_trigger_controller_dag.py
[2025-05-01T11:00:06.228+0000] {logging_mixin.py:188} INFO - [2025-05-01T11:00:06.227+0000] {dag.py:3096} INFO - Sync 1 DAGs
[2025-05-01T11:00:06.286+0000] {logging_mixin.py:188} INFO - [2025-05-01T11:00:06.286+0000] {dag.py:3954} INFO - Setting next_dagrun for example_trigger_controller_dag to 2021-01-01 00:00:00+00:00, run_after=2021-01-01 00:00:00+00:00
[2025-05-01T11:00:06.332+0000] {processor.py:183} INFO - Processing /home/airflow/.local/lib/python3.12/site-packages/airflow/example_dags/example_trigger_controller_dag.py took 0.185 seconds
[2025-05-01T11:00:37.114+0000] {processor.py:161} INFO - Started process (PID=1115) to work on /home/airflow/.local/lib/python3.12/site-packages/airflow/example_dags/example_trigger_controller_dag.py
[2025-05-01T11:00:37.118+0000] {processor.py:830} INFO - Processing file /home/airflow/.local/lib/python3.12/site-packages/airflow/example_dags/example_trigger_controller_dag.py for tasks to queue
[2025-05-01T11:00:37.122+0000] {logging_mixin.py:188} INFO - [2025-05-01T11:00:37.121+0000] {dagbag.py:545} INFO - Filling up the DagBag from /home/airflow/.local/lib/python3.12/site-packages/airflow/example_dags/example_trigger_controller_dag.py
[2025-05-01T11:00:37.133+0000] {processor.py:840} INFO - DAG(s) 'example_trigger_controller_dag' retrieved from /home/airflow/.local/lib/python3.12/site-packages/airflow/example_dags/example_trigger_controller_dag.py
[2025-05-01T11:00:37.183+0000] {logging_mixin.py:188} INFO - [2025-05-01T11:00:37.183+0000] {dag.py:3096} INFO - Sync 1 DAGs
[2025-05-01T11:00:37.243+0000] {logging_mixin.py:188} INFO - [2025-05-01T11:00:37.242+0000] {dag.py:3954} INFO - Setting next_dagrun for example_trigger_controller_dag to 2021-01-01 00:00:00+00:00, run_after=2021-01-01 00:00:00+00:00
[2025-05-01T11:00:37.296+0000] {processor.py:183} INFO - Processing /home/airflow/.local/lib/python3.12/site-packages/airflow/example_dags/example_trigger_controller_dag.py took 0.192 seconds
[2025-05-01T11:01:07.954+0000] {processor.py:161} INFO - Started process (PID=1175) to work on /home/airflow/.local/lib/python3.12/site-packages/airflow/example_dags/example_trigger_controller_dag.py
[2025-05-01T11:01:07.957+0000] {processor.py:830} INFO - Processing file /home/airflow/.local/lib/python3.12/site-packages/airflow/example_dags/example_trigger_controller_dag.py for tasks to queue
[2025-05-01T11:01:07.961+0000] {logging_mixin.py:188} INFO - [2025-05-01T11:01:07.960+0000] {dagbag.py:545} INFO - Filling up the DagBag from /home/airflow/.local/lib/python3.12/site-packages/airflow/example_dags/example_trigger_controller_dag.py
[2025-05-01T11:01:07.971+0000] {processor.py:840} INFO - DAG(s) 'example_trigger_controller_dag' retrieved from /home/airflow/.local/lib/python3.12/site-packages/airflow/example_dags/example_trigger_controller_dag.py
[2025-05-01T11:01:08.019+0000] {logging_mixin.py:188} INFO - [2025-05-01T11:01:08.019+0000] {dag.py:3096} INFO - Sync 1 DAGs
[2025-05-01T11:01:08.080+0000] {logging_mixin.py:188} INFO - [2025-05-01T11:01:08.079+0000] {dag.py:3954} INFO - Setting next_dagrun for example_trigger_controller_dag to 2021-01-01 00:00:00+00:00, run_after=2021-01-01 00:00:00+00:00
[2025-05-01T11:01:08.129+0000] {processor.py:183} INFO - Processing /home/airflow/.local/lib/python3.12/site-packages/airflow/example_dags/example_trigger_controller_dag.py took 0.189 seconds
[2025-05-01T11:01:38.650+0000] {processor.py:161} INFO - Started process (PID=1235) to work on /home/airflow/.local/lib/python3.12/site-packages/airflow/example_dags/example_trigger_controller_dag.py
[2025-05-01T11:01:38.652+0000] {processor.py:830} INFO - Processing file /home/airflow/.local/lib/python3.12/site-packages/airflow/example_dags/example_trigger_controller_dag.py for tasks to queue
[2025-05-01T11:01:38.657+0000] {logging_mixin.py:188} INFO - [2025-05-01T11:01:38.656+0000] {dagbag.py:545} INFO - Filling up the DagBag from /home/airflow/.local/lib/python3.12/site-packages/airflow/example_dags/example_trigger_controller_dag.py
[2025-05-01T11:01:38.667+0000] {processor.py:840} INFO - DAG(s) 'example_trigger_controller_dag' retrieved from /home/airflow/.local/lib/python3.12/site-packages/airflow/example_dags/example_trigger_controller_dag.py
[2025-05-01T11:01:38.712+0000] {logging_mixin.py:188} INFO - [2025-05-01T11:01:38.712+0000] {dag.py:3096} INFO - Sync 1 DAGs
[2025-05-01T11:01:38.774+0000] {logging_mixin.py:188} INFO - [2025-05-01T11:01:38.773+0000] {dag.py:3954} INFO - Setting next_dagrun for example_trigger_controller_dag to 2021-01-01 00:00:00+00:00, run_after=2021-01-01 00:00:00+00:00
[2025-05-01T11:01:38.819+0000] {processor.py:183} INFO - Processing /home/airflow/.local/lib/python3.12/site-packages/airflow/example_dags/example_trigger_controller_dag.py took 0.181 seconds
[2025-05-01T11:02:09.114+0000] {processor.py:161} INFO - Started process (PID=1293) to work on /home/airflow/.local/lib/python3.12/site-packages/airflow/example_dags/example_trigger_controller_dag.py
[2025-05-01T11:02:09.116+0000] {processor.py:830} INFO - Processing file /home/airflow/.local/lib/python3.12/site-packages/airflow/example_dags/example_trigger_controller_dag.py for tasks to queue
[2025-05-01T11:02:09.121+0000] {logging_mixin.py:188} INFO - [2025-05-01T11:02:09.120+0000] {dagbag.py:545} INFO - Filling up the DagBag from /home/airflow/.local/lib/python3.12/site-packages/airflow/example_dags/example_trigger_controller_dag.py
[2025-05-01T11:02:09.132+0000] {processor.py:840} INFO - DAG(s) 'example_trigger_controller_dag' retrieved from /home/airflow/.local/lib/python3.12/site-packages/airflow/example_dags/example_trigger_controller_dag.py
[2025-05-01T11:02:09.176+0000] {logging_mixin.py:188} INFO - [2025-05-01T11:02:09.175+0000] {dag.py:3096} INFO - Sync 1 DAGs
[2025-05-01T11:02:09.223+0000] {logging_mixin.py:188} INFO - [2025-05-01T11:02:09.222+0000] {dag.py:3954} INFO - Setting next_dagrun for example_trigger_controller_dag to 2021-01-01 00:00:00+00:00, run_after=2021-01-01 00:00:00+00:00
[2025-05-01T11:02:09.282+0000] {processor.py:183} INFO - Processing /home/airflow/.local/lib/python3.12/site-packages/airflow/example_dags/example_trigger_controller_dag.py took 0.179 seconds
[2025-05-01T11:02:39.498+0000] {processor.py:161} INFO - Started process (PID=1351) to work on /home/airflow/.local/lib/python3.12/site-packages/airflow/example_dags/example_trigger_controller_dag.py
[2025-05-01T11:02:39.502+0000] {processor.py:830} INFO - Processing file /home/airflow/.local/lib/python3.12/site-packages/airflow/example_dags/example_trigger_controller_dag.py for tasks to queue
[2025-05-01T11:02:39.508+0000] {logging_mixin.py:188} INFO - [2025-05-01T11:02:39.506+0000] {dagbag.py:545} INFO - Filling up the DagBag from /home/airflow/.local/lib/python3.12/site-packages/airflow/example_dags/example_trigger_controller_dag.py
[2025-05-01T11:02:39.522+0000] {processor.py:840} INFO - DAG(s) 'example_trigger_controller_dag' retrieved from /home/airflow/.local/lib/python3.12/site-packages/airflow/example_dags/example_trigger_controller_dag.py
[2025-05-01T11:02:39.573+0000] {logging_mixin.py:188} INFO - [2025-05-01T11:02:39.573+0000] {dag.py:3096} INFO - Sync 1 DAGs
[2025-05-01T11:02:39.626+0000] {logging_mixin.py:188} INFO - [2025-05-01T11:02:39.626+0000] {dag.py:3954} INFO - Setting next_dagrun for example_trigger_controller_dag to 2021-01-01 00:00:00+00:00, run_after=2021-01-01 00:00:00+00:00
[2025-05-01T11:02:39.669+0000] {processor.py:183} INFO - Processing /home/airflow/.local/lib/python3.12/site-packages/airflow/example_dags/example_trigger_controller_dag.py took 0.190 seconds
[2025-05-01T11:03:09.972+0000] {processor.py:161} INFO - Started process (PID=1411) to work on /home/airflow/.local/lib/python3.12/site-packages/airflow/example_dags/example_trigger_controller_dag.py
[2025-05-01T11:03:09.980+0000] {processor.py:830} INFO - Processing file /home/airflow/.local/lib/python3.12/site-packages/airflow/example_dags/example_trigger_controller_dag.py for tasks to queue
[2025-05-01T11:03:09.984+0000] {logging_mixin.py:188} INFO - [2025-05-01T11:03:09.984+0000] {dagbag.py:545} INFO - Filling up the DagBag from /home/airflow/.local/lib/python3.12/site-packages/airflow/example_dags/example_trigger_controller_dag.py
[2025-05-01T11:03:09.994+0000] {processor.py:840} INFO - DAG(s) 'example_trigger_controller_dag' retrieved from /home/airflow/.local/lib/python3.12/site-packages/airflow/example_dags/example_trigger_controller_dag.py
[2025-05-01T11:03:10.038+0000] {logging_mixin.py:188} INFO - [2025-05-01T11:03:10.037+0000] {dag.py:3096} INFO - Sync 1 DAGs
[2025-05-01T11:03:10.088+0000] {logging_mixin.py:188} INFO - [2025-05-01T11:03:10.088+0000] {dag.py:3954} INFO - Setting next_dagrun for example_trigger_controller_dag to 2021-01-01 00:00:00+00:00, run_after=2021-01-01 00:00:00+00:00
[2025-05-01T11:03:10.134+0000] {processor.py:183} INFO - Processing /home/airflow/.local/lib/python3.12/site-packages/airflow/example_dags/example_trigger_controller_dag.py took 0.174 seconds
[2025-05-01T11:03:40.405+0000] {processor.py:161} INFO - Started process (PID=1471) to work on /home/airflow/.local/lib/python3.12/site-packages/airflow/example_dags/example_trigger_controller_dag.py
[2025-05-01T11:03:40.408+0000] {processor.py:830} INFO - Processing file /home/airflow/.local/lib/python3.12/site-packages/airflow/example_dags/example_trigger_controller_dag.py for tasks to queue
[2025-05-01T11:03:40.412+0000] {logging_mixin.py:188} INFO - [2025-05-01T11:03:40.412+0000] {dagbag.py:545} INFO - Filling up the DagBag from /home/airflow/.local/lib/python3.12/site-packages/airflow/example_dags/example_trigger_controller_dag.py
[2025-05-01T11:03:40.421+0000] {processor.py:840} INFO - DAG(s) 'example_trigger_controller_dag' retrieved from /home/airflow/.local/lib/python3.12/site-packages/airflow/example_dags/example_trigger_controller_dag.py
[2025-05-01T11:03:40.488+0000] {logging_mixin.py:188} INFO - [2025-05-01T11:03:40.487+0000] {dag.py:3096} INFO - Sync 1 DAGs
[2025-05-01T11:03:40.543+0000] {logging_mixin.py:188} INFO - [2025-05-01T11:03:40.542+0000] {dag.py:3954} INFO - Setting next_dagrun for example_trigger_controller_dag to 2021-01-01 00:00:00+00:00, run_after=2021-01-01 00:00:00+00:00
[2025-05-01T11:03:40.626+0000] {processor.py:183} INFO - Processing /home/airflow/.local/lib/python3.12/site-packages/airflow/example_dags/example_trigger_controller_dag.py took 0.231 seconds
[2025-05-01T11:04:11.157+0000] {processor.py:161} INFO - Started process (PID=1528) to work on /home/airflow/.local/lib/python3.12/site-packages/airflow/example_dags/example_trigger_controller_dag.py
[2025-05-01T11:04:11.159+0000] {processor.py:830} INFO - Processing file /home/airflow/.local/lib/python3.12/site-packages/airflow/example_dags/example_trigger_controller_dag.py for tasks to queue
[2025-05-01T11:04:11.163+0000] {logging_mixin.py:188} INFO - [2025-05-01T11:04:11.162+0000] {dagbag.py:545} INFO - Filling up the DagBag from /home/airflow/.local/lib/python3.12/site-packages/airflow/example_dags/example_trigger_controller_dag.py
[2025-05-01T11:04:11.173+0000] {processor.py:840} INFO - DAG(s) 'example_trigger_controller_dag' retrieved from /home/airflow/.local/lib/python3.12/site-packages/airflow/example_dags/example_trigger_controller_dag.py
[2025-05-01T11:04:11.214+0000] {logging_mixin.py:188} INFO - [2025-05-01T11:04:11.213+0000] {dag.py:3096} INFO - Sync 1 DAGs
[2025-05-01T11:04:11.257+0000] {logging_mixin.py:188} INFO - [2025-05-01T11:04:11.256+0000] {dag.py:3954} INFO - Setting next_dagrun for example_trigger_controller_dag to 2021-01-01 00:00:00+00:00, run_after=2021-01-01 00:00:00+00:00
[2025-05-01T11:04:11.298+0000] {processor.py:183} INFO - Processing /home/airflow/.local/lib/python3.12/site-packages/airflow/example_dags/example_trigger_controller_dag.py took 0.153 seconds
[2025-05-01T11:04:42.284+0000] {processor.py:161} INFO - Started process (PID=1587) to work on /home/airflow/.local/lib/python3.12/site-packages/airflow/example_dags/example_trigger_controller_dag.py
[2025-05-01T11:04:42.287+0000] {processor.py:830} INFO - Processing file /home/airflow/.local/lib/python3.12/site-packages/airflow/example_dags/example_trigger_controller_dag.py for tasks to queue
[2025-05-01T11:04:42.293+0000] {logging_mixin.py:188} INFO - [2025-05-01T11:04:42.292+0000] {dagbag.py:545} INFO - Filling up the DagBag from /home/airflow/.local/lib/python3.12/site-packages/airflow/example_dags/example_trigger_controller_dag.py
[2025-05-01T11:04:42.308+0000] {processor.py:840} INFO - DAG(s) 'example_trigger_controller_dag' retrieved from /home/airflow/.local/lib/python3.12/site-packages/airflow/example_dags/example_trigger_controller_dag.py
[2025-05-01T11:04:42.372+0000] {logging_mixin.py:188} INFO - [2025-05-01T11:04:42.371+0000] {dag.py:3096} INFO - Sync 1 DAGs
[2025-05-01T11:04:42.455+0000] {logging_mixin.py:188} INFO - [2025-05-01T11:04:42.454+0000] {dag.py:3954} INFO - Setting next_dagrun for example_trigger_controller_dag to 2021-01-01 00:00:00+00:00, run_after=2021-01-01 00:00:00+00:00
[2025-05-01T11:04:42.510+0000] {processor.py:183} INFO - Processing /home/airflow/.local/lib/python3.12/site-packages/airflow/example_dags/example_trigger_controller_dag.py took 0.244 seconds
[2025-05-01T11:05:13.327+0000] {processor.py:161} INFO - Started process (PID=1646) to work on /home/airflow/.local/lib/python3.12/site-packages/airflow/example_dags/example_trigger_controller_dag.py
[2025-05-01T11:05:13.329+0000] {processor.py:830} INFO - Processing file /home/airflow/.local/lib/python3.12/site-packages/airflow/example_dags/example_trigger_controller_dag.py for tasks to queue
[2025-05-01T11:05:13.333+0000] {logging_mixin.py:188} INFO - [2025-05-01T11:05:13.332+0000] {dagbag.py:545} INFO - Filling up the DagBag from /home/airflow/.local/lib/python3.12/site-packages/airflow/example_dags/example_trigger_controller_dag.py
[2025-05-01T11:05:13.343+0000] {processor.py:840} INFO - DAG(s) 'example_trigger_controller_dag' retrieved from /home/airflow/.local/lib/python3.12/site-packages/airflow/example_dags/example_trigger_controller_dag.py
[2025-05-01T11:05:13.404+0000] {logging_mixin.py:188} INFO - [2025-05-01T11:05:13.403+0000] {dag.py:3096} INFO - Sync 1 DAGs
[2025-05-01T11:05:13.457+0000] {logging_mixin.py:188} INFO - [2025-05-01T11:05:13.457+0000] {dag.py:3954} INFO - Setting next_dagrun for example_trigger_controller_dag to 2021-01-01 00:00:00+00:00, run_after=2021-01-01 00:00:00+00:00
[2025-05-01T11:05:13.503+0000] {processor.py:183} INFO - Processing /home/airflow/.local/lib/python3.12/site-packages/airflow/example_dags/example_trigger_controller_dag.py took 0.190 seconds
[2025-05-01T11:05:43.832+0000] {processor.py:161} INFO - Started process (PID=1705) to work on /home/airflow/.local/lib/python3.12/site-packages/airflow/example_dags/example_trigger_controller_dag.py
[2025-05-01T11:05:43.834+0000] {processor.py:830} INFO - Processing file /home/airflow/.local/lib/python3.12/site-packages/airflow/example_dags/example_trigger_controller_dag.py for tasks to queue
[2025-05-01T11:05:43.839+0000] {logging_mixin.py:188} INFO - [2025-05-01T11:05:43.838+0000] {dagbag.py:545} INFO - Filling up the DagBag from /home/airflow/.local/lib/python3.12/site-packages/airflow/example_dags/example_trigger_controller_dag.py
[2025-05-01T11:05:43.849+0000] {processor.py:840} INFO - DAG(s) 'example_trigger_controller_dag' retrieved from /home/airflow/.local/lib/python3.12/site-packages/airflow/example_dags/example_trigger_controller_dag.py
[2025-05-01T11:05:43.893+0000] {logging_mixin.py:188} INFO - [2025-05-01T11:05:43.892+0000] {dag.py:3096} INFO - Sync 1 DAGs
[2025-05-01T11:05:43.951+0000] {logging_mixin.py:188} INFO - [2025-05-01T11:05:43.950+0000] {dag.py:3954} INFO - Setting next_dagrun for example_trigger_controller_dag to 2021-01-01 00:00:00+00:00, run_after=2021-01-01 00:00:00+00:00
[2025-05-01T11:05:44.000+0000] {processor.py:183} INFO - Processing /home/airflow/.local/lib/python3.12/site-packages/airflow/example_dags/example_trigger_controller_dag.py took 0.179 seconds
[2025-05-01T11:06:14.888+0000] {processor.py:161} INFO - Started process (PID=1764) to work on /home/airflow/.local/lib/python3.12/site-packages/airflow/example_dags/example_trigger_controller_dag.py
[2025-05-01T11:06:14.890+0000] {processor.py:830} INFO - Processing file /home/airflow/.local/lib/python3.12/site-packages/airflow/example_dags/example_trigger_controller_dag.py for tasks to queue
[2025-05-01T11:06:14.894+0000] {logging_mixin.py:188} INFO - [2025-05-01T11:06:14.893+0000] {dagbag.py:545} INFO - Filling up the DagBag from /home/airflow/.local/lib/python3.12/site-packages/airflow/example_dags/example_trigger_controller_dag.py
[2025-05-01T11:06:14.903+0000] {processor.py:840} INFO - DAG(s) 'example_trigger_controller_dag' retrieved from /home/airflow/.local/lib/python3.12/site-packages/airflow/example_dags/example_trigger_controller_dag.py
[2025-05-01T11:06:14.949+0000] {logging_mixin.py:188} INFO - [2025-05-01T11:06:14.948+0000] {dag.py:3096} INFO - Sync 1 DAGs
[2025-05-01T11:06:15.022+0000] {logging_mixin.py:188} INFO - [2025-05-01T11:06:15.021+0000] {dag.py:3954} INFO - Setting next_dagrun for example_trigger_controller_dag to 2021-01-01 00:00:00+00:00, run_after=2021-01-01 00:00:00+00:00
[2025-05-01T11:06:15.096+0000] {processor.py:183} INFO - Processing /home/airflow/.local/lib/python3.12/site-packages/airflow/example_dags/example_trigger_controller_dag.py took 0.218 seconds
[2025-05-01T11:06:45.760+0000] {processor.py:161} INFO - Started process (PID=1823) to work on /home/airflow/.local/lib/python3.12/site-packages/airflow/example_dags/example_trigger_controller_dag.py
[2025-05-01T11:06:45.763+0000] {processor.py:830} INFO - Processing file /home/airflow/.local/lib/python3.12/site-packages/airflow/example_dags/example_trigger_controller_dag.py for tasks to queue
[2025-05-01T11:06:45.768+0000] {logging_mixin.py:188} INFO - [2025-05-01T11:06:45.767+0000] {dagbag.py:545} INFO - Filling up the DagBag from /home/airflow/.local/lib/python3.12/site-packages/airflow/example_dags/example_trigger_controller_dag.py
[2025-05-01T11:06:45.780+0000] {processor.py:840} INFO - DAG(s) 'example_trigger_controller_dag' retrieved from /home/airflow/.local/lib/python3.12/site-packages/airflow/example_dags/example_trigger_controller_dag.py
[2025-05-01T11:06:45.825+0000] {logging_mixin.py:188} INFO - [2025-05-01T11:06:45.824+0000] {dag.py:3096} INFO - Sync 1 DAGs
[2025-05-01T11:06:45.882+0000] {logging_mixin.py:188} INFO - [2025-05-01T11:06:45.881+0000] {dag.py:3954} INFO - Setting next_dagrun for example_trigger_controller_dag to 2021-01-01 00:00:00+00:00, run_after=2021-01-01 00:00:00+00:00
[2025-05-01T11:06:45.934+0000] {processor.py:183} INFO - Processing /home/airflow/.local/lib/python3.12/site-packages/airflow/example_dags/example_trigger_controller_dag.py took 0.186 seconds
[2025-05-01T11:07:16.078+0000] {processor.py:161} INFO - Started process (PID=1882) to work on /home/airflow/.local/lib/python3.12/site-packages/airflow/example_dags/example_trigger_controller_dag.py
[2025-05-01T11:07:16.080+0000] {processor.py:830} INFO - Processing file /home/airflow/.local/lib/python3.12/site-packages/airflow/example_dags/example_trigger_controller_dag.py for tasks to queue
[2025-05-01T11:07:16.084+0000] {logging_mixin.py:188} INFO - [2025-05-01T11:07:16.084+0000] {dagbag.py:545} INFO - Filling up the DagBag from /home/airflow/.local/lib/python3.12/site-packages/airflow/example_dags/example_trigger_controller_dag.py
[2025-05-01T11:07:16.097+0000] {processor.py:840} INFO - DAG(s) 'example_trigger_controller_dag' retrieved from /home/airflow/.local/lib/python3.12/site-packages/airflow/example_dags/example_trigger_controller_dag.py
[2025-05-01T11:07:16.152+0000] {logging_mixin.py:188} INFO - [2025-05-01T11:07:16.151+0000] {dag.py:3096} INFO - Sync 1 DAGs
[2025-05-01T11:07:16.216+0000] {logging_mixin.py:188} INFO - [2025-05-01T11:07:16.215+0000] {dag.py:3954} INFO - Setting next_dagrun for example_trigger_controller_dag to 2021-01-01 00:00:00+00:00, run_after=2021-01-01 00:00:00+00:00
[2025-05-01T11:07:16.315+0000] {processor.py:183} INFO - Processing /home/airflow/.local/lib/python3.12/site-packages/airflow/example_dags/example_trigger_controller_dag.py took 0.247 seconds
[2025-05-01T11:07:47.736+0000] {processor.py:161} INFO - Started process (PID=1941) to work on /home/airflow/.local/lib/python3.12/site-packages/airflow/example_dags/example_trigger_controller_dag.py
[2025-05-01T11:07:47.739+0000] {processor.py:830} INFO - Processing file /home/airflow/.local/lib/python3.12/site-packages/airflow/example_dags/example_trigger_controller_dag.py for tasks to queue
[2025-05-01T11:07:47.744+0000] {logging_mixin.py:188} INFO - [2025-05-01T11:07:47.743+0000] {dagbag.py:545} INFO - Filling up the DagBag from /home/airflow/.local/lib/python3.12/site-packages/airflow/example_dags/example_trigger_controller_dag.py
[2025-05-01T11:07:47.755+0000] {processor.py:840} INFO - DAG(s) 'example_trigger_controller_dag' retrieved from /home/airflow/.local/lib/python3.12/site-packages/airflow/example_dags/example_trigger_controller_dag.py
[2025-05-01T11:07:47.811+0000] {logging_mixin.py:188} INFO - [2025-05-01T11:07:47.810+0000] {dag.py:3096} INFO - Sync 1 DAGs
[2025-05-01T11:07:47.859+0000] {logging_mixin.py:188} INFO - [2025-05-01T11:07:47.858+0000] {dag.py:3954} INFO - Setting next_dagrun for example_trigger_controller_dag to 2021-01-01 00:00:00+00:00, run_after=2021-01-01 00:00:00+00:00
[2025-05-01T11:07:47.901+0000] {processor.py:183} INFO - Processing /home/airflow/.local/lib/python3.12/site-packages/airflow/example_dags/example_trigger_controller_dag.py took 0.176 seconds
[2025-05-01T11:08:21.102+0000] {processor.py:161} INFO - Started process (PID=2000) to work on /home/airflow/.local/lib/python3.12/site-packages/airflow/example_dags/example_trigger_controller_dag.py
[2025-05-01T11:08:21.105+0000] {processor.py:830} INFO - Processing file /home/airflow/.local/lib/python3.12/site-packages/airflow/example_dags/example_trigger_controller_dag.py for tasks to queue
[2025-05-01T11:08:21.111+0000] {logging_mixin.py:188} INFO - [2025-05-01T11:08:21.110+0000] {dagbag.py:545} INFO - Filling up the DagBag from /home/airflow/.local/lib/python3.12/site-packages/airflow/example_dags/example_trigger_controller_dag.py
[2025-05-01T11:08:21.121+0000] {processor.py:840} INFO - DAG(s) 'example_trigger_controller_dag' retrieved from /home/airflow/.local/lib/python3.12/site-packages/airflow/example_dags/example_trigger_controller_dag.py
[2025-05-01T11:08:21.164+0000] {logging_mixin.py:188} INFO - [2025-05-01T11:08:21.163+0000] {dag.py:3096} INFO - Sync 1 DAGs
[2025-05-01T11:08:21.435+0000] {logging_mixin.py:188} INFO - [2025-05-01T11:08:21.434+0000] {dag.py:3954} INFO - Setting next_dagrun for example_trigger_controller_dag to 2021-01-01 00:00:00+00:00, run_after=2021-01-01 00:00:00+00:00
[2025-05-01T11:08:21.481+0000] {processor.py:183} INFO - Processing /home/airflow/.local/lib/python3.12/site-packages/airflow/example_dags/example_trigger_controller_dag.py took 0.391 seconds
[2025-05-01T11:08:51.825+0000] {processor.py:161} INFO - Started process (PID=2060) to work on /home/airflow/.local/lib/python3.12/site-packages/airflow/example_dags/example_trigger_controller_dag.py
[2025-05-01T11:08:51.827+0000] {processor.py:830} INFO - Processing file /home/airflow/.local/lib/python3.12/site-packages/airflow/example_dags/example_trigger_controller_dag.py for tasks to queue
[2025-05-01T11:08:51.832+0000] {logging_mixin.py:188} INFO - [2025-05-01T11:08:51.831+0000] {dagbag.py:545} INFO - Filling up the DagBag from /home/airflow/.local/lib/python3.12/site-packages/airflow/example_dags/example_trigger_controller_dag.py
[2025-05-01T11:08:51.842+0000] {processor.py:840} INFO - DAG(s) 'example_trigger_controller_dag' retrieved from /home/airflow/.local/lib/python3.12/site-packages/airflow/example_dags/example_trigger_controller_dag.py
[2025-05-01T11:08:51.890+0000] {logging_mixin.py:188} INFO - [2025-05-01T11:08:51.889+0000] {dag.py:3096} INFO - Sync 1 DAGs
[2025-05-01T11:08:51.956+0000] {logging_mixin.py:188} INFO - [2025-05-01T11:08:51.954+0000] {dag.py:3954} INFO - Setting next_dagrun for example_trigger_controller_dag to 2021-01-01 00:00:00+00:00, run_after=2021-01-01 00:00:00+00:00
[2025-05-01T11:08:52.036+0000] {processor.py:183} INFO - Processing /home/airflow/.local/lib/python3.12/site-packages/airflow/example_dags/example_trigger_controller_dag.py took 0.224 seconds
[2025-05-01T11:09:22.361+0000] {processor.py:161} INFO - Started process (PID=2118) to work on /home/airflow/.local/lib/python3.12/site-packages/airflow/example_dags/example_trigger_controller_dag.py
[2025-05-01T11:09:22.364+0000] {processor.py:830} INFO - Processing file /home/airflow/.local/lib/python3.12/site-packages/airflow/example_dags/example_trigger_controller_dag.py for tasks to queue
[2025-05-01T11:09:22.368+0000] {logging_mixin.py:188} INFO - [2025-05-01T11:09:22.367+0000] {dagbag.py:545} INFO - Filling up the DagBag from /home/airflow/.local/lib/python3.12/site-packages/airflow/example_dags/example_trigger_controller_dag.py
[2025-05-01T11:09:22.379+0000] {processor.py:840} INFO - DAG(s) 'example_trigger_controller_dag' retrieved from /home/airflow/.local/lib/python3.12/site-packages/airflow/example_dags/example_trigger_controller_dag.py
[2025-05-01T11:09:22.435+0000] {logging_mixin.py:188} INFO - [2025-05-01T11:09:22.435+0000] {dag.py:3096} INFO - Sync 1 DAGs
[2025-05-01T11:09:22.494+0000] {logging_mixin.py:188} INFO - [2025-05-01T11:09:22.493+0000] {dag.py:3954} INFO - Setting next_dagrun for example_trigger_controller_dag to 2021-01-01 00:00:00+00:00, run_after=2021-01-01 00:00:00+00:00
[2025-05-01T11:09:22.566+0000] {processor.py:183} INFO - Processing /home/airflow/.local/lib/python3.12/site-packages/airflow/example_dags/example_trigger_controller_dag.py took 0.219 seconds
[2025-05-01T11:09:52.932+0000] {processor.py:161} INFO - Started process (PID=2177) to work on /home/airflow/.local/lib/python3.12/site-packages/airflow/example_dags/example_trigger_controller_dag.py
[2025-05-01T11:09:52.934+0000] {processor.py:830} INFO - Processing file /home/airflow/.local/lib/python3.12/site-packages/airflow/example_dags/example_trigger_controller_dag.py for tasks to queue
[2025-05-01T11:09:52.939+0000] {logging_mixin.py:188} INFO - [2025-05-01T11:09:52.938+0000] {dagbag.py:545} INFO - Filling up the DagBag from /home/airflow/.local/lib/python3.12/site-packages/airflow/example_dags/example_trigger_controller_dag.py
[2025-05-01T11:09:52.949+0000] {processor.py:840} INFO - DAG(s) 'example_trigger_controller_dag' retrieved from /home/airflow/.local/lib/python3.12/site-packages/airflow/example_dags/example_trigger_controller_dag.py
[2025-05-01T11:09:52.989+0000] {logging_mixin.py:188} INFO - [2025-05-01T11:09:52.988+0000] {dag.py:3096} INFO - Sync 1 DAGs
[2025-05-01T11:09:53.036+0000] {logging_mixin.py:188} INFO - [2025-05-01T11:09:53.035+0000] {dag.py:3954} INFO - Setting next_dagrun for example_trigger_controller_dag to 2021-01-01 00:00:00+00:00, run_after=2021-01-01 00:00:00+00:00
[2025-05-01T11:09:53.081+0000] {processor.py:183} INFO - Processing /home/airflow/.local/lib/python3.12/site-packages/airflow/example_dags/example_trigger_controller_dag.py took 0.160 seconds
[2025-05-01T11:10:24.069+0000] {processor.py:161} INFO - Started process (PID=2242) to work on /home/airflow/.local/lib/python3.12/site-packages/airflow/example_dags/example_trigger_controller_dag.py
[2025-05-01T11:10:24.071+0000] {processor.py:830} INFO - Processing file /home/airflow/.local/lib/python3.12/site-packages/airflow/example_dags/example_trigger_controller_dag.py for tasks to queue
[2025-05-01T11:10:24.075+0000] {logging_mixin.py:188} INFO - [2025-05-01T11:10:24.075+0000] {dagbag.py:545} INFO - Filling up the DagBag from /home/airflow/.local/lib/python3.12/site-packages/airflow/example_dags/example_trigger_controller_dag.py
[2025-05-01T11:10:24.084+0000] {processor.py:840} INFO - DAG(s) 'example_trigger_controller_dag' retrieved from /home/airflow/.local/lib/python3.12/site-packages/airflow/example_dags/example_trigger_controller_dag.py
[2025-05-01T11:10:24.125+0000] {logging_mixin.py:188} INFO - [2025-05-01T11:10:24.125+0000] {dag.py:3096} INFO - Sync 1 DAGs
[2025-05-01T11:10:24.174+0000] {logging_mixin.py:188} INFO - [2025-05-01T11:10:24.173+0000] {dag.py:3954} INFO - Setting next_dagrun for example_trigger_controller_dag to 2021-01-01 00:00:00+00:00, run_after=2021-01-01 00:00:00+00:00
[2025-05-01T11:10:24.249+0000] {processor.py:183} INFO - Processing /home/airflow/.local/lib/python3.12/site-packages/airflow/example_dags/example_trigger_controller_dag.py took 0.190 seconds
[2025-05-01T11:10:55.003+0000] {processor.py:161} INFO - Started process (PID=2303) to work on /home/airflow/.local/lib/python3.12/site-packages/airflow/example_dags/example_trigger_controller_dag.py
[2025-05-01T11:10:55.006+0000] {processor.py:830} INFO - Processing file /home/airflow/.local/lib/python3.12/site-packages/airflow/example_dags/example_trigger_controller_dag.py for tasks to queue
[2025-05-01T11:10:55.018+0000] {logging_mixin.py:188} INFO - [2025-05-01T11:10:55.017+0000] {dagbag.py:545} INFO - Filling up the DagBag from /home/airflow/.local/lib/python3.12/site-packages/airflow/example_dags/example_trigger_controller_dag.py
[2025-05-01T11:10:55.066+0000] {processor.py:840} INFO - DAG(s) 'example_trigger_controller_dag' retrieved from /home/airflow/.local/lib/python3.12/site-packages/airflow/example_dags/example_trigger_controller_dag.py
[2025-05-01T11:10:55.107+0000] {logging_mixin.py:188} INFO - [2025-05-01T11:10:55.107+0000] {dag.py:3096} INFO - Sync 1 DAGs
[2025-05-01T11:10:55.176+0000] {logging_mixin.py:188} INFO - [2025-05-01T11:10:55.175+0000] {dag.py:3954} INFO - Setting next_dagrun for example_trigger_controller_dag to 2021-01-01 00:00:00+00:00, run_after=2021-01-01 00:00:00+00:00
[2025-05-01T11:10:55.226+0000] {processor.py:183} INFO - Processing /home/airflow/.local/lib/python3.12/site-packages/airflow/example_dags/example_trigger_controller_dag.py took 0.245 seconds
[2025-05-01T11:11:25.985+0000] {processor.py:161} INFO - Started process (PID=2361) to work on /home/airflow/.local/lib/python3.12/site-packages/airflow/example_dags/example_trigger_controller_dag.py
[2025-05-01T11:11:25.988+0000] {processor.py:830} INFO - Processing file /home/airflow/.local/lib/python3.12/site-packages/airflow/example_dags/example_trigger_controller_dag.py for tasks to queue
[2025-05-01T11:11:25.992+0000] {logging_mixin.py:188} INFO - [2025-05-01T11:11:25.991+0000] {dagbag.py:545} INFO - Filling up the DagBag from /home/airflow/.local/lib/python3.12/site-packages/airflow/example_dags/example_trigger_controller_dag.py
[2025-05-01T11:11:26.005+0000] {processor.py:840} INFO - DAG(s) 'example_trigger_controller_dag' retrieved from /home/airflow/.local/lib/python3.12/site-packages/airflow/example_dags/example_trigger_controller_dag.py
[2025-05-01T11:11:26.054+0000] {logging_mixin.py:188} INFO - [2025-05-01T11:11:26.053+0000] {dag.py:3096} INFO - Sync 1 DAGs
[2025-05-01T11:11:26.118+0000] {logging_mixin.py:188} INFO - [2025-05-01T11:11:26.118+0000] {dag.py:3954} INFO - Setting next_dagrun for example_trigger_controller_dag to 2021-01-01 00:00:00+00:00, run_after=2021-01-01 00:00:00+00:00
[2025-05-01T11:11:26.170+0000] {processor.py:183} INFO - Processing /home/airflow/.local/lib/python3.12/site-packages/airflow/example_dags/example_trigger_controller_dag.py took 0.200 seconds
[2025-05-01T11:11:56.700+0000] {processor.py:161} INFO - Started process (PID=2420) to work on /home/airflow/.local/lib/python3.12/site-packages/airflow/example_dags/example_trigger_controller_dag.py
[2025-05-01T11:11:56.703+0000] {processor.py:830} INFO - Processing file /home/airflow/.local/lib/python3.12/site-packages/airflow/example_dags/example_trigger_controller_dag.py for tasks to queue
[2025-05-01T11:11:56.707+0000] {logging_mixin.py:188} INFO - [2025-05-01T11:11:56.707+0000] {dagbag.py:545} INFO - Filling up the DagBag from /home/airflow/.local/lib/python3.12/site-packages/airflow/example_dags/example_trigger_controller_dag.py
[2025-05-01T11:11:56.719+0000] {processor.py:840} INFO - DAG(s) 'example_trigger_controller_dag' retrieved from /home/airflow/.local/lib/python3.12/site-packages/airflow/example_dags/example_trigger_controller_dag.py
[2025-05-01T11:11:56.761+0000] {logging_mixin.py:188} INFO - [2025-05-01T11:11:56.760+0000] {dag.py:3096} INFO - Sync 1 DAGs
[2025-05-01T11:11:56.811+0000] {logging_mixin.py:188} INFO - [2025-05-01T11:11:56.811+0000] {dag.py:3954} INFO - Setting next_dagrun for example_trigger_controller_dag to 2021-01-01 00:00:00+00:00, run_after=2021-01-01 00:00:00+00:00
[2025-05-01T11:11:56.858+0000] {processor.py:183} INFO - Processing /home/airflow/.local/lib/python3.12/site-packages/airflow/example_dags/example_trigger_controller_dag.py took 0.171 seconds
[2025-05-01T11:12:27.074+0000] {processor.py:161} INFO - Started process (PID=2479) to work on /home/airflow/.local/lib/python3.12/site-packages/airflow/example_dags/example_trigger_controller_dag.py
[2025-05-01T11:12:27.077+0000] {processor.py:830} INFO - Processing file /home/airflow/.local/lib/python3.12/site-packages/airflow/example_dags/example_trigger_controller_dag.py for tasks to queue
[2025-05-01T11:12:27.081+0000] {logging_mixin.py:188} INFO - [2025-05-01T11:12:27.080+0000] {dagbag.py:545} INFO - Filling up the DagBag from /home/airflow/.local/lib/python3.12/site-packages/airflow/example_dags/example_trigger_controller_dag.py
[2025-05-01T11:12:27.093+0000] {processor.py:840} INFO - DAG(s) 'example_trigger_controller_dag' retrieved from /home/airflow/.local/lib/python3.12/site-packages/airflow/example_dags/example_trigger_controller_dag.py
[2025-05-01T11:12:27.143+0000] {logging_mixin.py:188} INFO - [2025-05-01T11:12:27.143+0000] {dag.py:3096} INFO - Sync 1 DAGs
[2025-05-01T11:12:27.192+0000] {logging_mixin.py:188} INFO - [2025-05-01T11:12:27.192+0000] {dag.py:3954} INFO - Setting next_dagrun for example_trigger_controller_dag to 2021-01-01 00:00:00+00:00, run_after=2021-01-01 00:00:00+00:00
[2025-05-01T11:12:27.258+0000] {processor.py:183} INFO - Processing /home/airflow/.local/lib/python3.12/site-packages/airflow/example_dags/example_trigger_controller_dag.py took 0.199 seconds
[2025-05-01T11:12:57.871+0000] {processor.py:161} INFO - Started process (PID=2538) to work on /home/airflow/.local/lib/python3.12/site-packages/airflow/example_dags/example_trigger_controller_dag.py
[2025-05-01T11:12:57.874+0000] {processor.py:830} INFO - Processing file /home/airflow/.local/lib/python3.12/site-packages/airflow/example_dags/example_trigger_controller_dag.py for tasks to queue
[2025-05-01T11:12:57.878+0000] {logging_mixin.py:188} INFO - [2025-05-01T11:12:57.877+0000] {dagbag.py:545} INFO - Filling up the DagBag from /home/airflow/.local/lib/python3.12/site-packages/airflow/example_dags/example_trigger_controller_dag.py
[2025-05-01T11:12:57.888+0000] {processor.py:840} INFO - DAG(s) 'example_trigger_controller_dag' retrieved from /home/airflow/.local/lib/python3.12/site-packages/airflow/example_dags/example_trigger_controller_dag.py
[2025-05-01T11:12:57.933+0000] {logging_mixin.py:188} INFO - [2025-05-01T11:12:57.933+0000] {dag.py:3096} INFO - Sync 1 DAGs
[2025-05-01T11:12:57.986+0000] {logging_mixin.py:188} INFO - [2025-05-01T11:12:57.986+0000] {dag.py:3954} INFO - Setting next_dagrun for example_trigger_controller_dag to 2021-01-01 00:00:00+00:00, run_after=2021-01-01 00:00:00+00:00
[2025-05-01T11:12:58.029+0000] {processor.py:183} INFO - Processing /home/airflow/.local/lib/python3.12/site-packages/airflow/example_dags/example_trigger_controller_dag.py took 0.173 seconds
[2025-05-01T11:13:28.678+0000] {processor.py:161} INFO - Started process (PID=2597) to work on /home/airflow/.local/lib/python3.12/site-packages/airflow/example_dags/example_trigger_controller_dag.py
[2025-05-01T11:13:28.681+0000] {processor.py:830} INFO - Processing file /home/airflow/.local/lib/python3.12/site-packages/airflow/example_dags/example_trigger_controller_dag.py for tasks to queue
[2025-05-01T11:13:28.684+0000] {logging_mixin.py:188} INFO - [2025-05-01T11:13:28.684+0000] {dagbag.py:545} INFO - Filling up the DagBag from /home/airflow/.local/lib/python3.12/site-packages/airflow/example_dags/example_trigger_controller_dag.py
[2025-05-01T11:13:28.693+0000] {processor.py:840} INFO - DAG(s) 'example_trigger_controller_dag' retrieved from /home/airflow/.local/lib/python3.12/site-packages/airflow/example_dags/example_trigger_controller_dag.py
[2025-05-01T11:13:28.739+0000] {logging_mixin.py:188} INFO - [2025-05-01T11:13:28.738+0000] {dag.py:3096} INFO - Sync 1 DAGs
[2025-05-01T11:13:28.800+0000] {logging_mixin.py:188} INFO - [2025-05-01T11:13:28.800+0000] {dag.py:3954} INFO - Setting next_dagrun for example_trigger_controller_dag to 2021-01-01 00:00:00+00:00, run_after=2021-01-01 00:00:00+00:00
[2025-05-01T11:13:28.854+0000] {processor.py:183} INFO - Processing /home/airflow/.local/lib/python3.12/site-packages/airflow/example_dags/example_trigger_controller_dag.py took 0.188 seconds
[2025-05-01T11:13:59.660+0000] {processor.py:161} INFO - Started process (PID=2656) to work on /home/airflow/.local/lib/python3.12/site-packages/airflow/example_dags/example_trigger_controller_dag.py
[2025-05-01T11:13:59.663+0000] {processor.py:830} INFO - Processing file /home/airflow/.local/lib/python3.12/site-packages/airflow/example_dags/example_trigger_controller_dag.py for tasks to queue
[2025-05-01T11:13:59.668+0000] {logging_mixin.py:188} INFO - [2025-05-01T11:13:59.667+0000] {dagbag.py:545} INFO - Filling up the DagBag from /home/airflow/.local/lib/python3.12/site-packages/airflow/example_dags/example_trigger_controller_dag.py
[2025-05-01T11:13:59.681+0000] {processor.py:840} INFO - DAG(s) 'example_trigger_controller_dag' retrieved from /home/airflow/.local/lib/python3.12/site-packages/airflow/example_dags/example_trigger_controller_dag.py
[2025-05-01T11:13:59.738+0000] {logging_mixin.py:188} INFO - [2025-05-01T11:13:59.737+0000] {dag.py:3096} INFO - Sync 1 DAGs
[2025-05-01T11:13:59.808+0000] {logging_mixin.py:188} INFO - [2025-05-01T11:13:59.808+0000] {dag.py:3954} INFO - Setting next_dagrun for example_trigger_controller_dag to 2021-01-01 00:00:00+00:00, run_after=2021-01-01 00:00:00+00:00
[2025-05-01T11:13:59.855+0000] {processor.py:183} INFO - Processing /home/airflow/.local/lib/python3.12/site-packages/airflow/example_dags/example_trigger_controller_dag.py took 0.210 seconds
[2025-05-01T11:14:29.960+0000] {processor.py:161} INFO - Started process (PID=2715) to work on /home/airflow/.local/lib/python3.12/site-packages/airflow/example_dags/example_trigger_controller_dag.py
[2025-05-01T11:14:29.962+0000] {processor.py:830} INFO - Processing file /home/airflow/.local/lib/python3.12/site-packages/airflow/example_dags/example_trigger_controller_dag.py for tasks to queue
[2025-05-01T11:14:29.966+0000] {logging_mixin.py:188} INFO - [2025-05-01T11:14:29.966+0000] {dagbag.py:545} INFO - Filling up the DagBag from /home/airflow/.local/lib/python3.12/site-packages/airflow/example_dags/example_trigger_controller_dag.py
[2025-05-01T11:14:29.975+0000] {processor.py:840} INFO - DAG(s) 'example_trigger_controller_dag' retrieved from /home/airflow/.local/lib/python3.12/site-packages/airflow/example_dags/example_trigger_controller_dag.py
[2025-05-01T11:14:30.022+0000] {logging_mixin.py:188} INFO - [2025-05-01T11:14:30.021+0000] {dag.py:3096} INFO - Sync 1 DAGs
[2025-05-01T11:14:30.069+0000] {logging_mixin.py:188} INFO - [2025-05-01T11:14:30.069+0000] {dag.py:3954} INFO - Setting next_dagrun for example_trigger_controller_dag to 2021-01-01 00:00:00+00:00, run_after=2021-01-01 00:00:00+00:00
[2025-05-01T11:14:30.116+0000] {processor.py:183} INFO - Processing /home/airflow/.local/lib/python3.12/site-packages/airflow/example_dags/example_trigger_controller_dag.py took 0.168 seconds
[2025-05-01T11:15:00.505+0000] {processor.py:161} INFO - Started process (PID=2772) to work on /home/airflow/.local/lib/python3.12/site-packages/airflow/example_dags/example_trigger_controller_dag.py
[2025-05-01T11:15:00.507+0000] {processor.py:830} INFO - Processing file /home/airflow/.local/lib/python3.12/site-packages/airflow/example_dags/example_trigger_controller_dag.py for tasks to queue
[2025-05-01T11:15:00.512+0000] {logging_mixin.py:188} INFO - [2025-05-01T11:15:00.511+0000] {dagbag.py:545} INFO - Filling up the DagBag from /home/airflow/.local/lib/python3.12/site-packages/airflow/example_dags/example_trigger_controller_dag.py
[2025-05-01T11:15:00.521+0000] {processor.py:840} INFO - DAG(s) 'example_trigger_controller_dag' retrieved from /home/airflow/.local/lib/python3.12/site-packages/airflow/example_dags/example_trigger_controller_dag.py
[2025-05-01T11:15:00.585+0000] {logging_mixin.py:188} INFO - [2025-05-01T11:15:00.584+0000] {dag.py:3096} INFO - Sync 1 DAGs
[2025-05-01T11:15:00.653+0000] {logging_mixin.py:188} INFO - [2025-05-01T11:15:00.653+0000] {dag.py:3954} INFO - Setting next_dagrun for example_trigger_controller_dag to 2021-01-01 00:00:00+00:00, run_after=2021-01-01 00:00:00+00:00
[2025-05-01T11:15:00.708+0000] {processor.py:183} INFO - Processing /home/airflow/.local/lib/python3.12/site-packages/airflow/example_dags/example_trigger_controller_dag.py took 0.217 seconds
[2025-05-01T11:15:31.296+0000] {processor.py:161} INFO - Started process (PID=2831) to work on /home/airflow/.local/lib/python3.12/site-packages/airflow/example_dags/example_trigger_controller_dag.py
[2025-05-01T11:15:31.298+0000] {processor.py:830} INFO - Processing file /home/airflow/.local/lib/python3.12/site-packages/airflow/example_dags/example_trigger_controller_dag.py for tasks to queue
[2025-05-01T11:15:31.303+0000] {logging_mixin.py:188} INFO - [2025-05-01T11:15:31.302+0000] {dagbag.py:545} INFO - Filling up the DagBag from /home/airflow/.local/lib/python3.12/site-packages/airflow/example_dags/example_trigger_controller_dag.py
[2025-05-01T11:15:31.316+0000] {processor.py:840} INFO - DAG(s) 'example_trigger_controller_dag' retrieved from /home/airflow/.local/lib/python3.12/site-packages/airflow/example_dags/example_trigger_controller_dag.py
[2025-05-01T11:15:31.359+0000] {logging_mixin.py:188} INFO - [2025-05-01T11:15:31.359+0000] {dag.py:3096} INFO - Sync 1 DAGs
[2025-05-01T11:15:31.420+0000] {logging_mixin.py:188} INFO - [2025-05-01T11:15:31.419+0000] {dag.py:3954} INFO - Setting next_dagrun for example_trigger_controller_dag to 2021-01-01 00:00:00+00:00, run_after=2021-01-01 00:00:00+00:00
[2025-05-01T11:15:31.472+0000] {processor.py:183} INFO - Processing /home/airflow/.local/lib/python3.12/site-packages/airflow/example_dags/example_trigger_controller_dag.py took 0.190 seconds
[2025-05-01T11:16:02.184+0000] {processor.py:161} INFO - Started process (PID=2890) to work on /home/airflow/.local/lib/python3.12/site-packages/airflow/example_dags/example_trigger_controller_dag.py
[2025-05-01T11:16:02.187+0000] {processor.py:830} INFO - Processing file /home/airflow/.local/lib/python3.12/site-packages/airflow/example_dags/example_trigger_controller_dag.py for tasks to queue
[2025-05-01T11:16:02.190+0000] {logging_mixin.py:188} INFO - [2025-05-01T11:16:02.190+0000] {dagbag.py:545} INFO - Filling up the DagBag from /home/airflow/.local/lib/python3.12/site-packages/airflow/example_dags/example_trigger_controller_dag.py
[2025-05-01T11:16:02.200+0000] {processor.py:840} INFO - DAG(s) 'example_trigger_controller_dag' retrieved from /home/airflow/.local/lib/python3.12/site-packages/airflow/example_dags/example_trigger_controller_dag.py
[2025-05-01T11:16:02.240+0000] {logging_mixin.py:188} INFO - [2025-05-01T11:16:02.240+0000] {dag.py:3096} INFO - Sync 1 DAGs
[2025-05-01T11:16:02.300+0000] {logging_mixin.py:188} INFO - [2025-05-01T11:16:02.299+0000] {dag.py:3954} INFO - Setting next_dagrun for example_trigger_controller_dag to 2021-01-01 00:00:00+00:00, run_after=2021-01-01 00:00:00+00:00
[2025-05-01T11:16:02.358+0000] {processor.py:183} INFO - Processing /home/airflow/.local/lib/python3.12/site-packages/airflow/example_dags/example_trigger_controller_dag.py took 0.186 seconds
[2025-05-01T11:16:33.111+0000] {processor.py:161} INFO - Started process (PID=2950) to work on /home/airflow/.local/lib/python3.12/site-packages/airflow/example_dags/example_trigger_controller_dag.py
[2025-05-01T11:16:33.114+0000] {processor.py:830} INFO - Processing file /home/airflow/.local/lib/python3.12/site-packages/airflow/example_dags/example_trigger_controller_dag.py for tasks to queue
[2025-05-01T11:16:33.118+0000] {logging_mixin.py:188} INFO - [2025-05-01T11:16:33.117+0000] {dagbag.py:545} INFO - Filling up the DagBag from /home/airflow/.local/lib/python3.12/site-packages/airflow/example_dags/example_trigger_controller_dag.py
[2025-05-01T11:16:33.152+0000] {processor.py:840} INFO - DAG(s) 'example_trigger_controller_dag' retrieved from /home/airflow/.local/lib/python3.12/site-packages/airflow/example_dags/example_trigger_controller_dag.py
[2025-05-01T11:16:33.205+0000] {logging_mixin.py:188} INFO - [2025-05-01T11:16:33.205+0000] {dag.py:3096} INFO - Sync 1 DAGs
[2025-05-01T11:16:33.259+0000] {logging_mixin.py:188} INFO - [2025-05-01T11:16:33.258+0000] {dag.py:3954} INFO - Setting next_dagrun for example_trigger_controller_dag to 2021-01-01 00:00:00+00:00, run_after=2021-01-01 00:00:00+00:00
[2025-05-01T11:16:33.306+0000] {processor.py:183} INFO - Processing /home/airflow/.local/lib/python3.12/site-packages/airflow/example_dags/example_trigger_controller_dag.py took 0.212 seconds
[2025-05-01T11:17:03.684+0000] {processor.py:161} INFO - Started process (PID=3010) to work on /home/airflow/.local/lib/python3.12/site-packages/airflow/example_dags/example_trigger_controller_dag.py
[2025-05-01T11:17:03.687+0000] {processor.py:830} INFO - Processing file /home/airflow/.local/lib/python3.12/site-packages/airflow/example_dags/example_trigger_controller_dag.py for tasks to queue
[2025-05-01T11:17:03.691+0000] {logging_mixin.py:188} INFO - [2025-05-01T11:17:03.691+0000] {dagbag.py:545} INFO - Filling up the DagBag from /home/airflow/.local/lib/python3.12/site-packages/airflow/example_dags/example_trigger_controller_dag.py
[2025-05-01T11:17:03.701+0000] {processor.py:840} INFO - DAG(s) 'example_trigger_controller_dag' retrieved from /home/airflow/.local/lib/python3.12/site-packages/airflow/example_dags/example_trigger_controller_dag.py
[2025-05-01T11:17:03.745+0000] {logging_mixin.py:188} INFO - [2025-05-01T11:17:03.744+0000] {dag.py:3096} INFO - Sync 1 DAGs
[2025-05-01T11:17:03.794+0000] {logging_mixin.py:188} INFO - [2025-05-01T11:17:03.794+0000] {dag.py:3954} INFO - Setting next_dagrun for example_trigger_controller_dag to 2021-01-01 00:00:00+00:00, run_after=2021-01-01 00:00:00+00:00
[2025-05-01T11:17:03.839+0000] {processor.py:183} INFO - Processing /home/airflow/.local/lib/python3.12/site-packages/airflow/example_dags/example_trigger_controller_dag.py took 0.169 seconds
[2025-05-01T11:17:34.622+0000] {processor.py:161} INFO - Started process (PID=3069) to work on /home/airflow/.local/lib/python3.12/site-packages/airflow/example_dags/example_trigger_controller_dag.py
[2025-05-01T11:17:34.625+0000] {processor.py:830} INFO - Processing file /home/airflow/.local/lib/python3.12/site-packages/airflow/example_dags/example_trigger_controller_dag.py for tasks to queue
[2025-05-01T11:17:34.629+0000] {logging_mixin.py:188} INFO - [2025-05-01T11:17:34.628+0000] {dagbag.py:545} INFO - Filling up the DagBag from /home/airflow/.local/lib/python3.12/site-packages/airflow/example_dags/example_trigger_controller_dag.py
[2025-05-01T11:17:34.640+0000] {processor.py:840} INFO - DAG(s) 'example_trigger_controller_dag' retrieved from /home/airflow/.local/lib/python3.12/site-packages/airflow/example_dags/example_trigger_controller_dag.py
[2025-05-01T11:17:34.683+0000] {logging_mixin.py:188} INFO - [2025-05-01T11:17:34.682+0000] {dag.py:3096} INFO - Sync 1 DAGs
[2025-05-01T11:17:34.738+0000] {logging_mixin.py:188} INFO - [2025-05-01T11:17:34.738+0000] {dag.py:3954} INFO - Setting next_dagrun for example_trigger_controller_dag to 2021-01-01 00:00:00+00:00, run_after=2021-01-01 00:00:00+00:00
[2025-05-01T11:17:34.797+0000] {processor.py:183} INFO - Processing /home/airflow/.local/lib/python3.12/site-packages/airflow/example_dags/example_trigger_controller_dag.py took 0.186 seconds
[2025-05-01T11:18:04.902+0000] {processor.py:161} INFO - Started process (PID=3127) to work on /home/airflow/.local/lib/python3.12/site-packages/airflow/example_dags/example_trigger_controller_dag.py
[2025-05-01T11:18:04.904+0000] {processor.py:830} INFO - Processing file /home/airflow/.local/lib/python3.12/site-packages/airflow/example_dags/example_trigger_controller_dag.py for tasks to queue
[2025-05-01T11:18:04.908+0000] {logging_mixin.py:188} INFO - [2025-05-01T11:18:04.907+0000] {dagbag.py:545} INFO - Filling up the DagBag from /home/airflow/.local/lib/python3.12/site-packages/airflow/example_dags/example_trigger_controller_dag.py
[2025-05-01T11:18:04.918+0000] {processor.py:840} INFO - DAG(s) 'example_trigger_controller_dag' retrieved from /home/airflow/.local/lib/python3.12/site-packages/airflow/example_dags/example_trigger_controller_dag.py
[2025-05-01T11:18:04.966+0000] {logging_mixin.py:188} INFO - [2025-05-01T11:18:04.965+0000] {dag.py:3096} INFO - Sync 1 DAGs
[2025-05-01T11:18:05.018+0000] {logging_mixin.py:188} INFO - [2025-05-01T11:18:05.018+0000] {dag.py:3954} INFO - Setting next_dagrun for example_trigger_controller_dag to 2021-01-01 00:00:00+00:00, run_after=2021-01-01 00:00:00+00:00
[2025-05-01T11:18:05.060+0000] {processor.py:183} INFO - Processing /home/airflow/.local/lib/python3.12/site-packages/airflow/example_dags/example_trigger_controller_dag.py took 0.170 seconds
[2025-05-01T11:18:36.465+0000] {processor.py:161} INFO - Started process (PID=3186) to work on /home/airflow/.local/lib/python3.12/site-packages/airflow/example_dags/example_trigger_controller_dag.py
[2025-05-01T11:18:36.468+0000] {processor.py:830} INFO - Processing file /home/airflow/.local/lib/python3.12/site-packages/airflow/example_dags/example_trigger_controller_dag.py for tasks to queue
[2025-05-01T11:18:36.473+0000] {logging_mixin.py:188} INFO - [2025-05-01T11:18:36.472+0000] {dagbag.py:545} INFO - Filling up the DagBag from /home/airflow/.local/lib/python3.12/site-packages/airflow/example_dags/example_trigger_controller_dag.py
[2025-05-01T11:18:36.488+0000] {processor.py:840} INFO - DAG(s) 'example_trigger_controller_dag' retrieved from /home/airflow/.local/lib/python3.12/site-packages/airflow/example_dags/example_trigger_controller_dag.py
[2025-05-01T11:18:36.538+0000] {logging_mixin.py:188} INFO - [2025-05-01T11:18:36.537+0000] {dag.py:3096} INFO - Sync 1 DAGs
[2025-05-01T11:18:36.600+0000] {logging_mixin.py:188} INFO - [2025-05-01T11:18:36.599+0000] {dag.py:3954} INFO - Setting next_dagrun for example_trigger_controller_dag to 2021-01-01 00:00:00+00:00, run_after=2021-01-01 00:00:00+00:00
[2025-05-01T11:18:36.710+0000] {processor.py:183} INFO - Processing /home/airflow/.local/lib/python3.12/site-packages/airflow/example_dags/example_trigger_controller_dag.py took 0.264 seconds
[2025-05-01T11:19:07.298+0000] {processor.py:161} INFO - Started process (PID=3246) to work on /home/airflow/.local/lib/python3.12/site-packages/airflow/example_dags/example_trigger_controller_dag.py
[2025-05-01T11:19:07.302+0000] {processor.py:830} INFO - Processing file /home/airflow/.local/lib/python3.12/site-packages/airflow/example_dags/example_trigger_controller_dag.py for tasks to queue
[2025-05-01T11:19:07.307+0000] {logging_mixin.py:188} INFO - [2025-05-01T11:19:07.306+0000] {dagbag.py:545} INFO - Filling up the DagBag from /home/airflow/.local/lib/python3.12/site-packages/airflow/example_dags/example_trigger_controller_dag.py
[2025-05-01T11:19:07.321+0000] {processor.py:840} INFO - DAG(s) 'example_trigger_controller_dag' retrieved from /home/airflow/.local/lib/python3.12/site-packages/airflow/example_dags/example_trigger_controller_dag.py
[2025-05-01T11:19:07.372+0000] {logging_mixin.py:188} INFO - [2025-05-01T11:19:07.371+0000] {dag.py:3096} INFO - Sync 1 DAGs
[2025-05-01T11:19:07.426+0000] {logging_mixin.py:188} INFO - [2025-05-01T11:19:07.426+0000] {dag.py:3954} INFO - Setting next_dagrun for example_trigger_controller_dag to 2021-01-01 00:00:00+00:00, run_after=2021-01-01 00:00:00+00:00
[2025-05-01T11:19:07.517+0000] {processor.py:183} INFO - Processing /home/airflow/.local/lib/python3.12/site-packages/airflow/example_dags/example_trigger_controller_dag.py took 0.232 seconds
[2025-05-01T11:19:38.562+0000] {processor.py:161} INFO - Started process (PID=3305) to work on /home/airflow/.local/lib/python3.12/site-packages/airflow/example_dags/example_trigger_controller_dag.py
[2025-05-01T11:19:38.564+0000] {processor.py:830} INFO - Processing file /home/airflow/.local/lib/python3.12/site-packages/airflow/example_dags/example_trigger_controller_dag.py for tasks to queue
[2025-05-01T11:19:38.569+0000] {logging_mixin.py:188} INFO - [2025-05-01T11:19:38.568+0000] {dagbag.py:545} INFO - Filling up the DagBag from /home/airflow/.local/lib/python3.12/site-packages/airflow/example_dags/example_trigger_controller_dag.py
[2025-05-01T11:19:38.580+0000] {processor.py:840} INFO - DAG(s) 'example_trigger_controller_dag' retrieved from /home/airflow/.local/lib/python3.12/site-packages/airflow/example_dags/example_trigger_controller_dag.py
[2025-05-01T11:19:38.627+0000] {logging_mixin.py:188} INFO - [2025-05-01T11:19:38.626+0000] {dag.py:3096} INFO - Sync 1 DAGs
[2025-05-01T11:19:38.681+0000] {logging_mixin.py:188} INFO - [2025-05-01T11:19:38.680+0000] {dag.py:3954} INFO - Setting next_dagrun for example_trigger_controller_dag to 2021-01-01 00:00:00+00:00, run_after=2021-01-01 00:00:00+00:00
[2025-05-01T11:19:38.736+0000] {processor.py:183} INFO - Processing /home/airflow/.local/lib/python3.12/site-packages/airflow/example_dags/example_trigger_controller_dag.py took 0.186 seconds
[2025-05-01T11:20:09.481+0000] {processor.py:161} INFO - Started process (PID=3364) to work on /home/airflow/.local/lib/python3.12/site-packages/airflow/example_dags/example_trigger_controller_dag.py
[2025-05-01T11:20:09.484+0000] {processor.py:830} INFO - Processing file /home/airflow/.local/lib/python3.12/site-packages/airflow/example_dags/example_trigger_controller_dag.py for tasks to queue
[2025-05-01T11:20:09.490+0000] {logging_mixin.py:188} INFO - [2025-05-01T11:20:09.489+0000] {dagbag.py:545} INFO - Filling up the DagBag from /home/airflow/.local/lib/python3.12/site-packages/airflow/example_dags/example_trigger_controller_dag.py
[2025-05-01T11:20:09.505+0000] {processor.py:840} INFO - DAG(s) 'example_trigger_controller_dag' retrieved from /home/airflow/.local/lib/python3.12/site-packages/airflow/example_dags/example_trigger_controller_dag.py
[2025-05-01T11:20:09.557+0000] {logging_mixin.py:188} INFO - [2025-05-01T11:20:09.556+0000] {dag.py:3096} INFO - Sync 1 DAGs
[2025-05-01T11:20:09.608+0000] {logging_mixin.py:188} INFO - [2025-05-01T11:20:09.608+0000] {dag.py:3954} INFO - Setting next_dagrun for example_trigger_controller_dag to 2021-01-01 00:00:00+00:00, run_after=2021-01-01 00:00:00+00:00
[2025-05-01T11:20:09.657+0000] {processor.py:183} INFO - Processing /home/airflow/.local/lib/python3.12/site-packages/airflow/example_dags/example_trigger_controller_dag.py took 0.192 seconds
[2025-05-01T11:20:39.763+0000] {processor.py:161} INFO - Started process (PID=3422) to work on /home/airflow/.local/lib/python3.12/site-packages/airflow/example_dags/example_trigger_controller_dag.py
[2025-05-01T11:20:39.766+0000] {processor.py:830} INFO - Processing file /home/airflow/.local/lib/python3.12/site-packages/airflow/example_dags/example_trigger_controller_dag.py for tasks to queue
[2025-05-01T11:20:39.770+0000] {logging_mixin.py:188} INFO - [2025-05-01T11:20:39.769+0000] {dagbag.py:545} INFO - Filling up the DagBag from /home/airflow/.local/lib/python3.12/site-packages/airflow/example_dags/example_trigger_controller_dag.py
[2025-05-01T11:20:39.781+0000] {processor.py:840} INFO - DAG(s) 'example_trigger_controller_dag' retrieved from /home/airflow/.local/lib/python3.12/site-packages/airflow/example_dags/example_trigger_controller_dag.py
[2025-05-01T11:20:39.829+0000] {logging_mixin.py:188} INFO - [2025-05-01T11:20:39.828+0000] {dag.py:3096} INFO - Sync 1 DAGs
[2025-05-01T11:20:39.881+0000] {logging_mixin.py:188} INFO - [2025-05-01T11:20:39.880+0000] {dag.py:3954} INFO - Setting next_dagrun for example_trigger_controller_dag to 2021-01-01 00:00:00+00:00, run_after=2021-01-01 00:00:00+00:00
[2025-05-01T11:20:39.972+0000] {processor.py:183} INFO - Processing /home/airflow/.local/lib/python3.12/site-packages/airflow/example_dags/example_trigger_controller_dag.py took 0.222 seconds
[2025-05-01T11:21:10.162+0000] {processor.py:161} INFO - Started process (PID=3481) to work on /home/airflow/.local/lib/python3.12/site-packages/airflow/example_dags/example_trigger_controller_dag.py
[2025-05-01T11:21:10.164+0000] {processor.py:830} INFO - Processing file /home/airflow/.local/lib/python3.12/site-packages/airflow/example_dags/example_trigger_controller_dag.py for tasks to queue
[2025-05-01T11:21:10.168+0000] {logging_mixin.py:188} INFO - [2025-05-01T11:21:10.167+0000] {dagbag.py:545} INFO - Filling up the DagBag from /home/airflow/.local/lib/python3.12/site-packages/airflow/example_dags/example_trigger_controller_dag.py
[2025-05-01T11:21:10.176+0000] {processor.py:840} INFO - DAG(s) 'example_trigger_controller_dag' retrieved from /home/airflow/.local/lib/python3.12/site-packages/airflow/example_dags/example_trigger_controller_dag.py
[2025-05-01T11:21:10.217+0000] {logging_mixin.py:188} INFO - [2025-05-01T11:21:10.216+0000] {dag.py:3096} INFO - Sync 1 DAGs
[2025-05-01T11:21:10.277+0000] {logging_mixin.py:188} INFO - [2025-05-01T11:21:10.276+0000] {dag.py:3954} INFO - Setting next_dagrun for example_trigger_controller_dag to 2021-01-01 00:00:00+00:00, run_after=2021-01-01 00:00:00+00:00
[2025-05-01T11:21:10.320+0000] {processor.py:183} INFO - Processing /home/airflow/.local/lib/python3.12/site-packages/airflow/example_dags/example_trigger_controller_dag.py took 0.169 seconds
[2025-05-01T11:21:40.591+0000] {processor.py:161} INFO - Started process (PID=3540) to work on /home/airflow/.local/lib/python3.12/site-packages/airflow/example_dags/example_trigger_controller_dag.py
[2025-05-01T11:21:40.593+0000] {processor.py:830} INFO - Processing file /home/airflow/.local/lib/python3.12/site-packages/airflow/example_dags/example_trigger_controller_dag.py for tasks to queue
[2025-05-01T11:21:40.597+0000] {logging_mixin.py:188} INFO - [2025-05-01T11:21:40.597+0000] {dagbag.py:545} INFO - Filling up the DagBag from /home/airflow/.local/lib/python3.12/site-packages/airflow/example_dags/example_trigger_controller_dag.py
[2025-05-01T11:21:40.608+0000] {processor.py:840} INFO - DAG(s) 'example_trigger_controller_dag' retrieved from /home/airflow/.local/lib/python3.12/site-packages/airflow/example_dags/example_trigger_controller_dag.py
[2025-05-01T11:21:40.648+0000] {logging_mixin.py:188} INFO - [2025-05-01T11:21:40.648+0000] {dag.py:3096} INFO - Sync 1 DAGs
[2025-05-01T11:21:40.696+0000] {logging_mixin.py:188} INFO - [2025-05-01T11:21:40.695+0000] {dag.py:3954} INFO - Setting next_dagrun for example_trigger_controller_dag to 2021-01-01 00:00:00+00:00, run_after=2021-01-01 00:00:00+00:00
[2025-05-01T11:21:40.778+0000] {processor.py:183} INFO - Processing /home/airflow/.local/lib/python3.12/site-packages/airflow/example_dags/example_trigger_controller_dag.py took 0.199 seconds
[2025-05-01T11:22:11.612+0000] {processor.py:161} INFO - Started process (PID=3600) to work on /home/airflow/.local/lib/python3.12/site-packages/airflow/example_dags/example_trigger_controller_dag.py
[2025-05-01T11:22:11.615+0000] {processor.py:830} INFO - Processing file /home/airflow/.local/lib/python3.12/site-packages/airflow/example_dags/example_trigger_controller_dag.py for tasks to queue
[2025-05-01T11:22:11.620+0000] {logging_mixin.py:188} INFO - [2025-05-01T11:22:11.619+0000] {dagbag.py:545} INFO - Filling up the DagBag from /home/airflow/.local/lib/python3.12/site-packages/airflow/example_dags/example_trigger_controller_dag.py
[2025-05-01T11:22:11.636+0000] {processor.py:840} INFO - DAG(s) 'example_trigger_controller_dag' retrieved from /home/airflow/.local/lib/python3.12/site-packages/airflow/example_dags/example_trigger_controller_dag.py
[2025-05-01T11:22:11.685+0000] {logging_mixin.py:188} INFO - [2025-05-01T11:22:11.685+0000] {dag.py:3096} INFO - Sync 1 DAGs
[2025-05-01T11:22:11.748+0000] {logging_mixin.py:188} INFO - [2025-05-01T11:22:11.747+0000] {dag.py:3954} INFO - Setting next_dagrun for example_trigger_controller_dag to 2021-01-01 00:00:00+00:00, run_after=2021-01-01 00:00:00+00:00
[2025-05-01T11:22:11.792+0000] {processor.py:183} INFO - Processing /home/airflow/.local/lib/python3.12/site-packages/airflow/example_dags/example_trigger_controller_dag.py took 0.194 seconds
[2025-05-01T11:22:41.954+0000] {processor.py:161} INFO - Started process (PID=3660) to work on /home/airflow/.local/lib/python3.12/site-packages/airflow/example_dags/example_trigger_controller_dag.py
[2025-05-01T11:22:41.956+0000] {processor.py:830} INFO - Processing file /home/airflow/.local/lib/python3.12/site-packages/airflow/example_dags/example_trigger_controller_dag.py for tasks to queue
[2025-05-01T11:22:41.961+0000] {logging_mixin.py:188} INFO - [2025-05-01T11:22:41.960+0000] {dagbag.py:545} INFO - Filling up the DagBag from /home/airflow/.local/lib/python3.12/site-packages/airflow/example_dags/example_trigger_controller_dag.py
[2025-05-01T11:22:41.970+0000] {processor.py:840} INFO - DAG(s) 'example_trigger_controller_dag' retrieved from /home/airflow/.local/lib/python3.12/site-packages/airflow/example_dags/example_trigger_controller_dag.py
[2025-05-01T11:22:42.015+0000] {logging_mixin.py:188} INFO - [2025-05-01T11:22:42.014+0000] {dag.py:3096} INFO - Sync 1 DAGs
[2025-05-01T11:22:42.066+0000] {logging_mixin.py:188} INFO - [2025-05-01T11:22:42.065+0000] {dag.py:3954} INFO - Setting next_dagrun for example_trigger_controller_dag to 2021-01-01 00:00:00+00:00, run_after=2021-01-01 00:00:00+00:00
[2025-05-01T11:22:42.110+0000] {processor.py:183} INFO - Processing /home/airflow/.local/lib/python3.12/site-packages/airflow/example_dags/example_trigger_controller_dag.py took 0.167 seconds
[2025-05-01T11:23:12.573+0000] {processor.py:161} INFO - Started process (PID=3719) to work on /home/airflow/.local/lib/python3.12/site-packages/airflow/example_dags/example_trigger_controller_dag.py
[2025-05-01T11:23:12.575+0000] {processor.py:830} INFO - Processing file /home/airflow/.local/lib/python3.12/site-packages/airflow/example_dags/example_trigger_controller_dag.py for tasks to queue
[2025-05-01T11:23:12.579+0000] {logging_mixin.py:188} INFO - [2025-05-01T11:23:12.578+0000] {dagbag.py:545} INFO - Filling up the DagBag from /home/airflow/.local/lib/python3.12/site-packages/airflow/example_dags/example_trigger_controller_dag.py
[2025-05-01T11:23:12.589+0000] {processor.py:840} INFO - DAG(s) 'example_trigger_controller_dag' retrieved from /home/airflow/.local/lib/python3.12/site-packages/airflow/example_dags/example_trigger_controller_dag.py
[2025-05-01T11:23:12.645+0000] {logging_mixin.py:188} INFO - [2025-05-01T11:23:12.644+0000] {dag.py:3096} INFO - Sync 1 DAGs
[2025-05-01T11:23:12.717+0000] {logging_mixin.py:188} INFO - [2025-05-01T11:23:12.717+0000] {dag.py:3954} INFO - Setting next_dagrun for example_trigger_controller_dag to 2021-01-01 00:00:00+00:00, run_after=2021-01-01 00:00:00+00:00
[2025-05-01T11:23:12.783+0000] {processor.py:183} INFO - Processing /home/airflow/.local/lib/python3.12/site-packages/airflow/example_dags/example_trigger_controller_dag.py took 0.222 seconds
[2025-05-01T11:23:43.769+0000] {processor.py:161} INFO - Started process (PID=3778) to work on /home/airflow/.local/lib/python3.12/site-packages/airflow/example_dags/example_trigger_controller_dag.py
[2025-05-01T11:23:43.772+0000] {processor.py:830} INFO - Processing file /home/airflow/.local/lib/python3.12/site-packages/airflow/example_dags/example_trigger_controller_dag.py for tasks to queue
[2025-05-01T11:23:43.777+0000] {logging_mixin.py:188} INFO - [2025-05-01T11:23:43.776+0000] {dagbag.py:545} INFO - Filling up the DagBag from /home/airflow/.local/lib/python3.12/site-packages/airflow/example_dags/example_trigger_controller_dag.py
[2025-05-01T11:23:43.788+0000] {processor.py:840} INFO - DAG(s) 'example_trigger_controller_dag' retrieved from /home/airflow/.local/lib/python3.12/site-packages/airflow/example_dags/example_trigger_controller_dag.py
[2025-05-01T11:23:43.843+0000] {logging_mixin.py:188} INFO - [2025-05-01T11:23:43.842+0000] {dag.py:3096} INFO - Sync 1 DAGs
[2025-05-01T11:23:43.897+0000] {logging_mixin.py:188} INFO - [2025-05-01T11:23:43.896+0000] {dag.py:3954} INFO - Setting next_dagrun for example_trigger_controller_dag to 2021-01-01 00:00:00+00:00, run_after=2021-01-01 00:00:00+00:00
[2025-05-01T11:23:43.980+0000] {processor.py:183} INFO - Processing /home/airflow/.local/lib/python3.12/site-packages/airflow/example_dags/example_trigger_controller_dag.py took 0.224 seconds
[2025-05-01T11:24:14.814+0000] {processor.py:161} INFO - Started process (PID=3839) to work on /home/airflow/.local/lib/python3.12/site-packages/airflow/example_dags/example_trigger_controller_dag.py
[2025-05-01T11:24:14.816+0000] {processor.py:830} INFO - Processing file /home/airflow/.local/lib/python3.12/site-packages/airflow/example_dags/example_trigger_controller_dag.py for tasks to queue
[2025-05-01T11:24:14.820+0000] {logging_mixin.py:188} INFO - [2025-05-01T11:24:14.819+0000] {dagbag.py:545} INFO - Filling up the DagBag from /home/airflow/.local/lib/python3.12/site-packages/airflow/example_dags/example_trigger_controller_dag.py
[2025-05-01T11:24:14.828+0000] {processor.py:840} INFO - DAG(s) 'example_trigger_controller_dag' retrieved from /home/airflow/.local/lib/python3.12/site-packages/airflow/example_dags/example_trigger_controller_dag.py
[2025-05-01T11:24:14.869+0000] {logging_mixin.py:188} INFO - [2025-05-01T11:24:14.869+0000] {dag.py:3096} INFO - Sync 1 DAGs
[2025-05-01T11:24:14.926+0000] {logging_mixin.py:188} INFO - [2025-05-01T11:24:14.926+0000] {dag.py:3954} INFO - Setting next_dagrun for example_trigger_controller_dag to 2021-01-01 00:00:00+00:00, run_after=2021-01-01 00:00:00+00:00
[2025-05-01T11:24:14.972+0000] {processor.py:183} INFO - Processing /home/airflow/.local/lib/python3.12/site-packages/airflow/example_dags/example_trigger_controller_dag.py took 0.168 seconds
[2025-05-01T11:24:45.407+0000] {processor.py:161} INFO - Started process (PID=3898) to work on /home/airflow/.local/lib/python3.12/site-packages/airflow/example_dags/example_trigger_controller_dag.py
[2025-05-01T11:24:45.409+0000] {processor.py:830} INFO - Processing file /home/airflow/.local/lib/python3.12/site-packages/airflow/example_dags/example_trigger_controller_dag.py for tasks to queue
[2025-05-01T11:24:45.415+0000] {logging_mixin.py:188} INFO - [2025-05-01T11:24:45.414+0000] {dagbag.py:545} INFO - Filling up the DagBag from /home/airflow/.local/lib/python3.12/site-packages/airflow/example_dags/example_trigger_controller_dag.py
[2025-05-01T11:24:45.430+0000] {processor.py:840} INFO - DAG(s) 'example_trigger_controller_dag' retrieved from /home/airflow/.local/lib/python3.12/site-packages/airflow/example_dags/example_trigger_controller_dag.py
[2025-05-01T11:24:45.490+0000] {logging_mixin.py:188} INFO - [2025-05-01T11:24:45.489+0000] {dag.py:3096} INFO - Sync 1 DAGs
[2025-05-01T11:24:45.560+0000] {logging_mixin.py:188} INFO - [2025-05-01T11:24:45.559+0000] {dag.py:3954} INFO - Setting next_dagrun for example_trigger_controller_dag to 2021-01-01 00:00:00+00:00, run_after=2021-01-01 00:00:00+00:00
[2025-05-01T11:24:45.671+0000] {processor.py:183} INFO - Processing /home/airflow/.local/lib/python3.12/site-packages/airflow/example_dags/example_trigger_controller_dag.py took 0.280 seconds
[2025-05-01T11:25:16.197+0000] {processor.py:161} INFO - Started process (PID=3957) to work on /home/airflow/.local/lib/python3.12/site-packages/airflow/example_dags/example_trigger_controller_dag.py
[2025-05-01T11:25:16.200+0000] {processor.py:830} INFO - Processing file /home/airflow/.local/lib/python3.12/site-packages/airflow/example_dags/example_trigger_controller_dag.py for tasks to queue
[2025-05-01T11:25:16.206+0000] {logging_mixin.py:188} INFO - [2025-05-01T11:25:16.205+0000] {dagbag.py:545} INFO - Filling up the DagBag from /home/airflow/.local/lib/python3.12/site-packages/airflow/example_dags/example_trigger_controller_dag.py
[2025-05-01T11:25:16.222+0000] {processor.py:840} INFO - DAG(s) 'example_trigger_controller_dag' retrieved from /home/airflow/.local/lib/python3.12/site-packages/airflow/example_dags/example_trigger_controller_dag.py
[2025-05-01T11:25:16.285+0000] {logging_mixin.py:188} INFO - [2025-05-01T11:25:16.284+0000] {dag.py:3096} INFO - Sync 1 DAGs
[2025-05-01T11:25:16.346+0000] {logging_mixin.py:188} INFO - [2025-05-01T11:25:16.345+0000] {dag.py:3954} INFO - Setting next_dagrun for example_trigger_controller_dag to 2021-01-01 00:00:00+00:00, run_after=2021-01-01 00:00:00+00:00
[2025-05-01T11:25:16.396+0000] {processor.py:183} INFO - Processing /home/airflow/.local/lib/python3.12/site-packages/airflow/example_dags/example_trigger_controller_dag.py took 0.215 seconds
[2025-05-01T11:25:46.769+0000] {processor.py:161} INFO - Started process (PID=4016) to work on /home/airflow/.local/lib/python3.12/site-packages/airflow/example_dags/example_trigger_controller_dag.py
[2025-05-01T11:25:46.772+0000] {processor.py:830} INFO - Processing file /home/airflow/.local/lib/python3.12/site-packages/airflow/example_dags/example_trigger_controller_dag.py for tasks to queue
[2025-05-01T11:25:46.778+0000] {logging_mixin.py:188} INFO - [2025-05-01T11:25:46.777+0000] {dagbag.py:545} INFO - Filling up the DagBag from /home/airflow/.local/lib/python3.12/site-packages/airflow/example_dags/example_trigger_controller_dag.py
[2025-05-01T11:25:46.795+0000] {processor.py:840} INFO - DAG(s) 'example_trigger_controller_dag' retrieved from /home/airflow/.local/lib/python3.12/site-packages/airflow/example_dags/example_trigger_controller_dag.py
[2025-05-01T11:25:46.849+0000] {logging_mixin.py:188} INFO - [2025-05-01T11:25:46.848+0000] {dag.py:3096} INFO - Sync 1 DAGs
[2025-05-01T11:25:46.904+0000] {logging_mixin.py:188} INFO - [2025-05-01T11:25:46.904+0000] {dag.py:3954} INFO - Setting next_dagrun for example_trigger_controller_dag to 2021-01-01 00:00:00+00:00, run_after=2021-01-01 00:00:00+00:00
[2025-05-01T11:25:47.003+0000] {processor.py:183} INFO - Processing /home/airflow/.local/lib/python3.12/site-packages/airflow/example_dags/example_trigger_controller_dag.py took 0.257 seconds
[2025-05-01T11:31:53.763+0000] {processor.py:161} INFO - Started process (PID=126) to work on /home/airflow/.local/lib/python3.12/site-packages/airflow/example_dags/example_trigger_controller_dag.py
[2025-05-01T11:31:53.766+0000] {processor.py:830} INFO - Processing file /home/airflow/.local/lib/python3.12/site-packages/airflow/example_dags/example_trigger_controller_dag.py for tasks to queue
[2025-05-01T11:31:53.772+0000] {logging_mixin.py:188} INFO - [2025-05-01T11:31:53.772+0000] {dagbag.py:545} INFO - Filling up the DagBag from /home/airflow/.local/lib/python3.12/site-packages/airflow/example_dags/example_trigger_controller_dag.py
[2025-05-01T11:31:53.782+0000] {processor.py:840} INFO - DAG(s) 'example_trigger_controller_dag' retrieved from /home/airflow/.local/lib/python3.12/site-packages/airflow/example_dags/example_trigger_controller_dag.py
[2025-05-01T11:31:54.067+0000] {logging_mixin.py:188} INFO - [2025-05-01T11:31:54.066+0000] {dag.py:3096} INFO - Sync 1 DAGs
[2025-05-01T11:31:54.121+0000] {logging_mixin.py:188} INFO - [2025-05-01T11:31:54.120+0000] {dag.py:3954} INFO - Setting next_dagrun for example_trigger_controller_dag to 2021-01-01 00:00:00+00:00, run_after=2021-01-01 00:00:00+00:00
[2025-05-01T11:31:54.178+0000] {processor.py:183} INFO - Processing /home/airflow/.local/lib/python3.12/site-packages/airflow/example_dags/example_trigger_controller_dag.py took 0.429 seconds
[2025-05-01T11:32:24.552+0000] {processor.py:161} INFO - Started process (PID=185) to work on /home/airflow/.local/lib/python3.12/site-packages/airflow/example_dags/example_trigger_controller_dag.py
[2025-05-01T11:32:24.554+0000] {processor.py:830} INFO - Processing file /home/airflow/.local/lib/python3.12/site-packages/airflow/example_dags/example_trigger_controller_dag.py for tasks to queue
[2025-05-01T11:32:24.559+0000] {logging_mixin.py:188} INFO - [2025-05-01T11:32:24.558+0000] {dagbag.py:545} INFO - Filling up the DagBag from /home/airflow/.local/lib/python3.12/site-packages/airflow/example_dags/example_trigger_controller_dag.py
[2025-05-01T11:32:24.568+0000] {processor.py:840} INFO - DAG(s) 'example_trigger_controller_dag' retrieved from /home/airflow/.local/lib/python3.12/site-packages/airflow/example_dags/example_trigger_controller_dag.py
[2025-05-01T11:32:24.620+0000] {logging_mixin.py:188} INFO - [2025-05-01T11:32:24.619+0000] {dag.py:3096} INFO - Sync 1 DAGs
[2025-05-01T11:32:24.679+0000] {logging_mixin.py:188} INFO - [2025-05-01T11:32:24.678+0000] {dag.py:3954} INFO - Setting next_dagrun for example_trigger_controller_dag to 2021-01-01 00:00:00+00:00, run_after=2021-01-01 00:00:00+00:00
[2025-05-01T11:32:24.727+0000] {processor.py:183} INFO - Processing /home/airflow/.local/lib/python3.12/site-packages/airflow/example_dags/example_trigger_controller_dag.py took 0.186 seconds
[2025-05-01T11:32:55.275+0000] {processor.py:161} INFO - Started process (PID=244) to work on /home/airflow/.local/lib/python3.12/site-packages/airflow/example_dags/example_trigger_controller_dag.py
[2025-05-01T11:32:55.278+0000] {processor.py:830} INFO - Processing file /home/airflow/.local/lib/python3.12/site-packages/airflow/example_dags/example_trigger_controller_dag.py for tasks to queue
[2025-05-01T11:32:55.283+0000] {logging_mixin.py:188} INFO - [2025-05-01T11:32:55.282+0000] {dagbag.py:545} INFO - Filling up the DagBag from /home/airflow/.local/lib/python3.12/site-packages/airflow/example_dags/example_trigger_controller_dag.py
[2025-05-01T11:32:55.296+0000] {processor.py:840} INFO - DAG(s) 'example_trigger_controller_dag' retrieved from /home/airflow/.local/lib/python3.12/site-packages/airflow/example_dags/example_trigger_controller_dag.py
[2025-05-01T11:32:55.346+0000] {logging_mixin.py:188} INFO - [2025-05-01T11:32:55.345+0000] {dag.py:3096} INFO - Sync 1 DAGs
[2025-05-01T11:32:55.405+0000] {logging_mixin.py:188} INFO - [2025-05-01T11:32:55.404+0000] {dag.py:3954} INFO - Setting next_dagrun for example_trigger_controller_dag to 2021-01-01 00:00:00+00:00, run_after=2021-01-01 00:00:00+00:00
[2025-05-01T11:32:55.500+0000] {processor.py:183} INFO - Processing /home/airflow/.local/lib/python3.12/site-packages/airflow/example_dags/example_trigger_controller_dag.py took 0.238 seconds
[2025-05-01T11:33:26.129+0000] {processor.py:161} INFO - Started process (PID=302) to work on /home/airflow/.local/lib/python3.12/site-packages/airflow/example_dags/example_trigger_controller_dag.py
[2025-05-01T11:33:26.132+0000] {processor.py:830} INFO - Processing file /home/airflow/.local/lib/python3.12/site-packages/airflow/example_dags/example_trigger_controller_dag.py for tasks to queue
[2025-05-01T11:33:26.137+0000] {logging_mixin.py:188} INFO - [2025-05-01T11:33:26.136+0000] {dagbag.py:545} INFO - Filling up the DagBag from /home/airflow/.local/lib/python3.12/site-packages/airflow/example_dags/example_trigger_controller_dag.py
[2025-05-01T11:33:26.149+0000] {processor.py:840} INFO - DAG(s) 'example_trigger_controller_dag' retrieved from /home/airflow/.local/lib/python3.12/site-packages/airflow/example_dags/example_trigger_controller_dag.py
[2025-05-01T11:33:26.187+0000] {logging_mixin.py:188} INFO - [2025-05-01T11:33:26.186+0000] {dag.py:3096} INFO - Sync 1 DAGs
[2025-05-01T11:33:26.229+0000] {logging_mixin.py:188} INFO - [2025-05-01T11:33:26.229+0000] {dag.py:3954} INFO - Setting next_dagrun for example_trigger_controller_dag to 2021-01-01 00:00:00+00:00, run_after=2021-01-01 00:00:00+00:00
[2025-05-01T11:33:26.269+0000] {processor.py:183} INFO - Processing /home/airflow/.local/lib/python3.12/site-packages/airflow/example_dags/example_trigger_controller_dag.py took 0.156 seconds
[2025-05-01T11:33:56.580+0000] {processor.py:161} INFO - Started process (PID=362) to work on /home/airflow/.local/lib/python3.12/site-packages/airflow/example_dags/example_trigger_controller_dag.py
[2025-05-01T11:33:56.582+0000] {processor.py:830} INFO - Processing file /home/airflow/.local/lib/python3.12/site-packages/airflow/example_dags/example_trigger_controller_dag.py for tasks to queue
[2025-05-01T11:33:56.586+0000] {logging_mixin.py:188} INFO - [2025-05-01T11:33:56.585+0000] {dagbag.py:545} INFO - Filling up the DagBag from /home/airflow/.local/lib/python3.12/site-packages/airflow/example_dags/example_trigger_controller_dag.py
[2025-05-01T11:33:56.595+0000] {processor.py:840} INFO - DAG(s) 'example_trigger_controller_dag' retrieved from /home/airflow/.local/lib/python3.12/site-packages/airflow/example_dags/example_trigger_controller_dag.py
[2025-05-01T11:33:56.666+0000] {logging_mixin.py:188} INFO - [2025-05-01T11:33:56.665+0000] {dag.py:3096} INFO - Sync 1 DAGs
[2025-05-01T11:33:56.728+0000] {logging_mixin.py:188} INFO - [2025-05-01T11:33:56.728+0000] {dag.py:3954} INFO - Setting next_dagrun for example_trigger_controller_dag to 2021-01-01 00:00:00+00:00, run_after=2021-01-01 00:00:00+00:00
[2025-05-01T11:33:56.790+0000] {processor.py:183} INFO - Processing /home/airflow/.local/lib/python3.12/site-packages/airflow/example_dags/example_trigger_controller_dag.py took 0.221 seconds
[2025-05-01T11:34:27.673+0000] {processor.py:161} INFO - Started process (PID=421) to work on /home/airflow/.local/lib/python3.12/site-packages/airflow/example_dags/example_trigger_controller_dag.py
[2025-05-01T11:34:27.676+0000] {processor.py:830} INFO - Processing file /home/airflow/.local/lib/python3.12/site-packages/airflow/example_dags/example_trigger_controller_dag.py for tasks to queue
[2025-05-01T11:34:27.681+0000] {logging_mixin.py:188} INFO - [2025-05-01T11:34:27.680+0000] {dagbag.py:545} INFO - Filling up the DagBag from /home/airflow/.local/lib/python3.12/site-packages/airflow/example_dags/example_trigger_controller_dag.py
[2025-05-01T11:34:27.696+0000] {processor.py:840} INFO - DAG(s) 'example_trigger_controller_dag' retrieved from /home/airflow/.local/lib/python3.12/site-packages/airflow/example_dags/example_trigger_controller_dag.py
[2025-05-01T11:34:27.752+0000] {logging_mixin.py:188} INFO - [2025-05-01T11:34:27.751+0000] {dag.py:3096} INFO - Sync 1 DAGs
[2025-05-01T11:34:27.814+0000] {logging_mixin.py:188} INFO - [2025-05-01T11:34:27.813+0000] {dag.py:3954} INFO - Setting next_dagrun for example_trigger_controller_dag to 2021-01-01 00:00:00+00:00, run_after=2021-01-01 00:00:00+00:00
[2025-05-01T11:34:27.864+0000] {processor.py:183} INFO - Processing /home/airflow/.local/lib/python3.12/site-packages/airflow/example_dags/example_trigger_controller_dag.py took 0.208 seconds
[2025-05-01T11:34:58.308+0000] {processor.py:161} INFO - Started process (PID=480) to work on /home/airflow/.local/lib/python3.12/site-packages/airflow/example_dags/example_trigger_controller_dag.py
[2025-05-01T11:34:58.311+0000] {processor.py:830} INFO - Processing file /home/airflow/.local/lib/python3.12/site-packages/airflow/example_dags/example_trigger_controller_dag.py for tasks to queue
[2025-05-01T11:34:58.315+0000] {logging_mixin.py:188} INFO - [2025-05-01T11:34:58.314+0000] {dagbag.py:545} INFO - Filling up the DagBag from /home/airflow/.local/lib/python3.12/site-packages/airflow/example_dags/example_trigger_controller_dag.py
[2025-05-01T11:34:58.325+0000] {processor.py:840} INFO - DAG(s) 'example_trigger_controller_dag' retrieved from /home/airflow/.local/lib/python3.12/site-packages/airflow/example_dags/example_trigger_controller_dag.py
[2025-05-01T11:34:58.371+0000] {logging_mixin.py:188} INFO - [2025-05-01T11:34:58.370+0000] {dag.py:3096} INFO - Sync 1 DAGs
[2025-05-01T11:34:58.420+0000] {logging_mixin.py:188} INFO - [2025-05-01T11:34:58.420+0000] {dag.py:3954} INFO - Setting next_dagrun for example_trigger_controller_dag to 2021-01-01 00:00:00+00:00, run_after=2021-01-01 00:00:00+00:00
[2025-05-01T11:34:58.470+0000] {processor.py:183} INFO - Processing /home/airflow/.local/lib/python3.12/site-packages/airflow/example_dags/example_trigger_controller_dag.py took 0.173 seconds
[2025-05-01T11:35:28.949+0000] {processor.py:161} INFO - Started process (PID=539) to work on /home/airflow/.local/lib/python3.12/site-packages/airflow/example_dags/example_trigger_controller_dag.py
[2025-05-01T11:35:28.954+0000] {processor.py:830} INFO - Processing file /home/airflow/.local/lib/python3.12/site-packages/airflow/example_dags/example_trigger_controller_dag.py for tasks to queue
[2025-05-01T11:35:28.958+0000] {logging_mixin.py:188} INFO - [2025-05-01T11:35:28.957+0000] {dagbag.py:545} INFO - Filling up the DagBag from /home/airflow/.local/lib/python3.12/site-packages/airflow/example_dags/example_trigger_controller_dag.py
[2025-05-01T11:35:28.967+0000] {processor.py:840} INFO - DAG(s) 'example_trigger_controller_dag' retrieved from /home/airflow/.local/lib/python3.12/site-packages/airflow/example_dags/example_trigger_controller_dag.py
[2025-05-01T11:35:29.018+0000] {logging_mixin.py:188} INFO - [2025-05-01T11:35:29.017+0000] {dag.py:3096} INFO - Sync 1 DAGs
[2025-05-01T11:35:29.064+0000] {logging_mixin.py:188} INFO - [2025-05-01T11:35:29.063+0000] {dag.py:3954} INFO - Setting next_dagrun for example_trigger_controller_dag to 2021-01-01 00:00:00+00:00, run_after=2021-01-01 00:00:00+00:00
[2025-05-01T11:35:29.116+0000] {processor.py:183} INFO - Processing /home/airflow/.local/lib/python3.12/site-packages/airflow/example_dags/example_trigger_controller_dag.py took 0.177 seconds
[2025-05-01T11:35:59.363+0000] {processor.py:161} INFO - Started process (PID=598) to work on /home/airflow/.local/lib/python3.12/site-packages/airflow/example_dags/example_trigger_controller_dag.py
[2025-05-01T11:35:59.366+0000] {processor.py:830} INFO - Processing file /home/airflow/.local/lib/python3.12/site-packages/airflow/example_dags/example_trigger_controller_dag.py for tasks to queue
[2025-05-01T11:35:59.370+0000] {logging_mixin.py:188} INFO - [2025-05-01T11:35:59.370+0000] {dagbag.py:545} INFO - Filling up the DagBag from /home/airflow/.local/lib/python3.12/site-packages/airflow/example_dags/example_trigger_controller_dag.py
[2025-05-01T11:35:59.380+0000] {processor.py:840} INFO - DAG(s) 'example_trigger_controller_dag' retrieved from /home/airflow/.local/lib/python3.12/site-packages/airflow/example_dags/example_trigger_controller_dag.py
[2025-05-01T11:35:59.424+0000] {logging_mixin.py:188} INFO - [2025-05-01T11:35:59.424+0000] {dag.py:3096} INFO - Sync 1 DAGs
[2025-05-01T11:35:59.472+0000] {logging_mixin.py:188} INFO - [2025-05-01T11:35:59.472+0000] {dag.py:3954} INFO - Setting next_dagrun for example_trigger_controller_dag to 2021-01-01 00:00:00+00:00, run_after=2021-01-01 00:00:00+00:00
[2025-05-01T11:35:59.555+0000] {processor.py:183} INFO - Processing /home/airflow/.local/lib/python3.12/site-packages/airflow/example_dags/example_trigger_controller_dag.py took 0.208 seconds
[2025-05-01T11:36:29.803+0000] {processor.py:161} INFO - Started process (PID=657) to work on /home/airflow/.local/lib/python3.12/site-packages/airflow/example_dags/example_trigger_controller_dag.py
[2025-05-01T11:36:29.805+0000] {processor.py:830} INFO - Processing file /home/airflow/.local/lib/python3.12/site-packages/airflow/example_dags/example_trigger_controller_dag.py for tasks to queue
[2025-05-01T11:36:29.808+0000] {logging_mixin.py:188} INFO - [2025-05-01T11:36:29.808+0000] {dagbag.py:545} INFO - Filling up the DagBag from /home/airflow/.local/lib/python3.12/site-packages/airflow/example_dags/example_trigger_controller_dag.py
[2025-05-01T11:36:29.821+0000] {processor.py:840} INFO - DAG(s) 'example_trigger_controller_dag' retrieved from /home/airflow/.local/lib/python3.12/site-packages/airflow/example_dags/example_trigger_controller_dag.py
[2025-05-01T11:36:29.868+0000] {logging_mixin.py:188} INFO - [2025-05-01T11:36:29.868+0000] {dag.py:3096} INFO - Sync 1 DAGs
[2025-05-01T11:36:29.921+0000] {logging_mixin.py:188} INFO - [2025-05-01T11:36:29.921+0000] {dag.py:3954} INFO - Setting next_dagrun for example_trigger_controller_dag to 2021-01-01 00:00:00+00:00, run_after=2021-01-01 00:00:00+00:00
[2025-05-01T11:36:30.013+0000] {processor.py:183} INFO - Processing /home/airflow/.local/lib/python3.12/site-packages/airflow/example_dags/example_trigger_controller_dag.py took 0.222 seconds
[2025-05-01T11:37:00.556+0000] {processor.py:161} INFO - Started process (PID=716) to work on /home/airflow/.local/lib/python3.12/site-packages/airflow/example_dags/example_trigger_controller_dag.py
[2025-05-01T11:37:00.558+0000] {processor.py:830} INFO - Processing file /home/airflow/.local/lib/python3.12/site-packages/airflow/example_dags/example_trigger_controller_dag.py for tasks to queue
[2025-05-01T11:37:00.562+0000] {logging_mixin.py:188} INFO - [2025-05-01T11:37:00.562+0000] {dagbag.py:545} INFO - Filling up the DagBag from /home/airflow/.local/lib/python3.12/site-packages/airflow/example_dags/example_trigger_controller_dag.py
[2025-05-01T11:37:00.580+0000] {processor.py:840} INFO - DAG(s) 'example_trigger_controller_dag' retrieved from /home/airflow/.local/lib/python3.12/site-packages/airflow/example_dags/example_trigger_controller_dag.py
[2025-05-01T11:37:00.630+0000] {logging_mixin.py:188} INFO - [2025-05-01T11:37:00.629+0000] {dag.py:3096} INFO - Sync 1 DAGs
[2025-05-01T11:37:00.683+0000] {logging_mixin.py:188} INFO - [2025-05-01T11:37:00.682+0000] {dag.py:3954} INFO - Setting next_dagrun for example_trigger_controller_dag to 2021-01-01 00:00:00+00:00, run_after=2021-01-01 00:00:00+00:00
[2025-05-01T11:37:00.738+0000] {processor.py:183} INFO - Processing /home/airflow/.local/lib/python3.12/site-packages/airflow/example_dags/example_trigger_controller_dag.py took 0.193 seconds
[2025-05-01T11:37:31.111+0000] {processor.py:161} INFO - Started process (PID=776) to work on /home/airflow/.local/lib/python3.12/site-packages/airflow/example_dags/example_trigger_controller_dag.py
[2025-05-01T11:37:31.113+0000] {processor.py:830} INFO - Processing file /home/airflow/.local/lib/python3.12/site-packages/airflow/example_dags/example_trigger_controller_dag.py for tasks to queue
[2025-05-01T11:37:31.118+0000] {logging_mixin.py:188} INFO - [2025-05-01T11:37:31.117+0000] {dagbag.py:545} INFO - Filling up the DagBag from /home/airflow/.local/lib/python3.12/site-packages/airflow/example_dags/example_trigger_controller_dag.py
[2025-05-01T11:37:31.128+0000] {processor.py:840} INFO - DAG(s) 'example_trigger_controller_dag' retrieved from /home/airflow/.local/lib/python3.12/site-packages/airflow/example_dags/example_trigger_controller_dag.py
[2025-05-01T11:37:31.174+0000] {logging_mixin.py:188} INFO - [2025-05-01T11:37:31.173+0000] {dag.py:3096} INFO - Sync 1 DAGs
[2025-05-01T11:37:31.227+0000] {logging_mixin.py:188} INFO - [2025-05-01T11:37:31.226+0000] {dag.py:3954} INFO - Setting next_dagrun for example_trigger_controller_dag to 2021-01-01 00:00:00+00:00, run_after=2021-01-01 00:00:00+00:00
[2025-05-01T11:37:31.275+0000] {processor.py:183} INFO - Processing /home/airflow/.local/lib/python3.12/site-packages/airflow/example_dags/example_trigger_controller_dag.py took 0.175 seconds
[2025-05-01T11:38:01.665+0000] {processor.py:161} INFO - Started process (PID=835) to work on /home/airflow/.local/lib/python3.12/site-packages/airflow/example_dags/example_trigger_controller_dag.py
[2025-05-01T11:38:01.667+0000] {processor.py:830} INFO - Processing file /home/airflow/.local/lib/python3.12/site-packages/airflow/example_dags/example_trigger_controller_dag.py for tasks to queue
[2025-05-01T11:38:01.671+0000] {logging_mixin.py:188} INFO - [2025-05-01T11:38:01.670+0000] {dagbag.py:545} INFO - Filling up the DagBag from /home/airflow/.local/lib/python3.12/site-packages/airflow/example_dags/example_trigger_controller_dag.py
[2025-05-01T11:38:01.682+0000] {processor.py:840} INFO - DAG(s) 'example_trigger_controller_dag' retrieved from /home/airflow/.local/lib/python3.12/site-packages/airflow/example_dags/example_trigger_controller_dag.py
[2025-05-01T11:38:01.727+0000] {logging_mixin.py:188} INFO - [2025-05-01T11:38:01.726+0000] {dag.py:3096} INFO - Sync 1 DAGs
[2025-05-01T11:38:01.782+0000] {logging_mixin.py:188} INFO - [2025-05-01T11:38:01.781+0000] {dag.py:3954} INFO - Setting next_dagrun for example_trigger_controller_dag to 2021-01-01 00:00:00+00:00, run_after=2021-01-01 00:00:00+00:00
[2025-05-01T11:38:01.835+0000] {processor.py:183} INFO - Processing /home/airflow/.local/lib/python3.12/site-packages/airflow/example_dags/example_trigger_controller_dag.py took 0.181 seconds
[2025-05-01T11:38:32.257+0000] {processor.py:161} INFO - Started process (PID=894) to work on /home/airflow/.local/lib/python3.12/site-packages/airflow/example_dags/example_trigger_controller_dag.py
[2025-05-01T11:38:32.259+0000] {processor.py:830} INFO - Processing file /home/airflow/.local/lib/python3.12/site-packages/airflow/example_dags/example_trigger_controller_dag.py for tasks to queue
[2025-05-01T11:38:32.264+0000] {logging_mixin.py:188} INFO - [2025-05-01T11:38:32.263+0000] {dagbag.py:545} INFO - Filling up the DagBag from /home/airflow/.local/lib/python3.12/site-packages/airflow/example_dags/example_trigger_controller_dag.py
[2025-05-01T11:38:32.274+0000] {processor.py:840} INFO - DAG(s) 'example_trigger_controller_dag' retrieved from /home/airflow/.local/lib/python3.12/site-packages/airflow/example_dags/example_trigger_controller_dag.py
[2025-05-01T11:38:32.321+0000] {logging_mixin.py:188} INFO - [2025-05-01T11:38:32.321+0000] {dag.py:3096} INFO - Sync 1 DAGs
[2025-05-01T11:38:32.368+0000] {logging_mixin.py:188} INFO - [2025-05-01T11:38:32.368+0000] {dag.py:3954} INFO - Setting next_dagrun for example_trigger_controller_dag to 2021-01-01 00:00:00+00:00, run_after=2021-01-01 00:00:00+00:00
[2025-05-01T11:38:32.422+0000] {processor.py:183} INFO - Processing /home/airflow/.local/lib/python3.12/site-packages/airflow/example_dags/example_trigger_controller_dag.py took 0.177 seconds
[2025-05-01T11:39:02.763+0000] {processor.py:161} INFO - Started process (PID=952) to work on /home/airflow/.local/lib/python3.12/site-packages/airflow/example_dags/example_trigger_controller_dag.py
[2025-05-01T11:39:02.766+0000] {processor.py:830} INFO - Processing file /home/airflow/.local/lib/python3.12/site-packages/airflow/example_dags/example_trigger_controller_dag.py for tasks to queue
[2025-05-01T11:39:02.770+0000] {logging_mixin.py:188} INFO - [2025-05-01T11:39:02.769+0000] {dagbag.py:545} INFO - Filling up the DagBag from /home/airflow/.local/lib/python3.12/site-packages/airflow/example_dags/example_trigger_controller_dag.py
[2025-05-01T11:39:02.780+0000] {processor.py:840} INFO - DAG(s) 'example_trigger_controller_dag' retrieved from /home/airflow/.local/lib/python3.12/site-packages/airflow/example_dags/example_trigger_controller_dag.py
[2025-05-01T11:39:02.823+0000] {logging_mixin.py:188} INFO - [2025-05-01T11:39:02.822+0000] {dag.py:3096} INFO - Sync 1 DAGs
[2025-05-01T11:39:02.872+0000] {logging_mixin.py:188} INFO - [2025-05-01T11:39:02.871+0000] {dag.py:3954} INFO - Setting next_dagrun for example_trigger_controller_dag to 2021-01-01 00:00:00+00:00, run_after=2021-01-01 00:00:00+00:00
[2025-05-01T11:39:02.943+0000] {processor.py:183} INFO - Processing /home/airflow/.local/lib/python3.12/site-packages/airflow/example_dags/example_trigger_controller_dag.py took 0.193 seconds
[2025-05-01T11:39:33.467+0000] {processor.py:161} INFO - Started process (PID=1012) to work on /home/airflow/.local/lib/python3.12/site-packages/airflow/example_dags/example_trigger_controller_dag.py
[2025-05-01T11:39:33.469+0000] {processor.py:830} INFO - Processing file /home/airflow/.local/lib/python3.12/site-packages/airflow/example_dags/example_trigger_controller_dag.py for tasks to queue
[2025-05-01T11:39:33.474+0000] {logging_mixin.py:188} INFO - [2025-05-01T11:39:33.473+0000] {dagbag.py:545} INFO - Filling up the DagBag from /home/airflow/.local/lib/python3.12/site-packages/airflow/example_dags/example_trigger_controller_dag.py
[2025-05-01T11:39:33.484+0000] {processor.py:840} INFO - DAG(s) 'example_trigger_controller_dag' retrieved from /home/airflow/.local/lib/python3.12/site-packages/airflow/example_dags/example_trigger_controller_dag.py
[2025-05-01T11:39:33.532+0000] {logging_mixin.py:188} INFO - [2025-05-01T11:39:33.532+0000] {dag.py:3096} INFO - Sync 1 DAGs
[2025-05-01T11:39:33.584+0000] {logging_mixin.py:188} INFO - [2025-05-01T11:39:33.584+0000] {dag.py:3954} INFO - Setting next_dagrun for example_trigger_controller_dag to 2021-01-01 00:00:00+00:00, run_after=2021-01-01 00:00:00+00:00
[2025-05-01T11:39:33.634+0000] {processor.py:183} INFO - Processing /home/airflow/.local/lib/python3.12/site-packages/airflow/example_dags/example_trigger_controller_dag.py took 0.179 seconds
[2025-05-01T11:40:04.021+0000] {processor.py:161} INFO - Started process (PID=1071) to work on /home/airflow/.local/lib/python3.12/site-packages/airflow/example_dags/example_trigger_controller_dag.py
[2025-05-01T11:40:04.024+0000] {processor.py:830} INFO - Processing file /home/airflow/.local/lib/python3.12/site-packages/airflow/example_dags/example_trigger_controller_dag.py for tasks to queue
[2025-05-01T11:40:04.028+0000] {logging_mixin.py:188} INFO - [2025-05-01T11:40:04.027+0000] {dagbag.py:545} INFO - Filling up the DagBag from /home/airflow/.local/lib/python3.12/site-packages/airflow/example_dags/example_trigger_controller_dag.py
[2025-05-01T11:40:04.039+0000] {processor.py:840} INFO - DAG(s) 'example_trigger_controller_dag' retrieved from /home/airflow/.local/lib/python3.12/site-packages/airflow/example_dags/example_trigger_controller_dag.py
[2025-05-01T11:40:04.081+0000] {logging_mixin.py:188} INFO - [2025-05-01T11:40:04.081+0000] {dag.py:3096} INFO - Sync 1 DAGs
[2025-05-01T11:40:04.133+0000] {logging_mixin.py:188} INFO - [2025-05-01T11:40:04.132+0000] {dag.py:3954} INFO - Setting next_dagrun for example_trigger_controller_dag to 2021-01-01 00:00:00+00:00, run_after=2021-01-01 00:00:00+00:00
[2025-05-01T11:40:04.181+0000] {processor.py:183} INFO - Processing /home/airflow/.local/lib/python3.12/site-packages/airflow/example_dags/example_trigger_controller_dag.py took 0.171 seconds
[2025-05-01T11:40:34.921+0000] {processor.py:161} INFO - Started process (PID=1130) to work on /home/airflow/.local/lib/python3.12/site-packages/airflow/example_dags/example_trigger_controller_dag.py
[2025-05-01T11:40:34.924+0000] {processor.py:830} INFO - Processing file /home/airflow/.local/lib/python3.12/site-packages/airflow/example_dags/example_trigger_controller_dag.py for tasks to queue
[2025-05-01T11:40:34.928+0000] {logging_mixin.py:188} INFO - [2025-05-01T11:40:34.928+0000] {dagbag.py:545} INFO - Filling up the DagBag from /home/airflow/.local/lib/python3.12/site-packages/airflow/example_dags/example_trigger_controller_dag.py
[2025-05-01T11:40:34.938+0000] {processor.py:840} INFO - DAG(s) 'example_trigger_controller_dag' retrieved from /home/airflow/.local/lib/python3.12/site-packages/airflow/example_dags/example_trigger_controller_dag.py
[2025-05-01T11:40:34.987+0000] {logging_mixin.py:188} INFO - [2025-05-01T11:40:34.987+0000] {dag.py:3096} INFO - Sync 1 DAGs
[2025-05-01T11:40:35.055+0000] {logging_mixin.py:188} INFO - [2025-05-01T11:40:35.054+0000] {dag.py:3954} INFO - Setting next_dagrun for example_trigger_controller_dag to 2021-01-01 00:00:00+00:00, run_after=2021-01-01 00:00:00+00:00
[2025-05-01T11:40:35.113+0000] {processor.py:183} INFO - Processing /home/airflow/.local/lib/python3.12/site-packages/airflow/example_dags/example_trigger_controller_dag.py took 0.207 seconds
[2025-05-01T11:41:05.673+0000] {processor.py:161} INFO - Started process (PID=1189) to work on /home/airflow/.local/lib/python3.12/site-packages/airflow/example_dags/example_trigger_controller_dag.py
[2025-05-01T11:41:05.676+0000] {processor.py:830} INFO - Processing file /home/airflow/.local/lib/python3.12/site-packages/airflow/example_dags/example_trigger_controller_dag.py for tasks to queue
[2025-05-01T11:41:05.680+0000] {logging_mixin.py:188} INFO - [2025-05-01T11:41:05.680+0000] {dagbag.py:545} INFO - Filling up the DagBag from /home/airflow/.local/lib/python3.12/site-packages/airflow/example_dags/example_trigger_controller_dag.py
[2025-05-01T11:41:05.694+0000] {processor.py:840} INFO - DAG(s) 'example_trigger_controller_dag' retrieved from /home/airflow/.local/lib/python3.12/site-packages/airflow/example_dags/example_trigger_controller_dag.py
[2025-05-01T11:41:05.737+0000] {logging_mixin.py:188} INFO - [2025-05-01T11:41:05.736+0000] {dag.py:3096} INFO - Sync 1 DAGs
[2025-05-01T11:41:05.784+0000] {logging_mixin.py:188} INFO - [2025-05-01T11:41:05.783+0000] {dag.py:3954} INFO - Setting next_dagrun for example_trigger_controller_dag to 2021-01-01 00:00:00+00:00, run_after=2021-01-01 00:00:00+00:00
[2025-05-01T11:41:05.835+0000] {processor.py:183} INFO - Processing /home/airflow/.local/lib/python3.12/site-packages/airflow/example_dags/example_trigger_controller_dag.py took 0.180 seconds
[2025-05-01T11:41:36.657+0000] {processor.py:161} INFO - Started process (PID=1248) to work on /home/airflow/.local/lib/python3.12/site-packages/airflow/example_dags/example_trigger_controller_dag.py
[2025-05-01T11:41:36.660+0000] {processor.py:830} INFO - Processing file /home/airflow/.local/lib/python3.12/site-packages/airflow/example_dags/example_trigger_controller_dag.py for tasks to queue
[2025-05-01T11:41:36.665+0000] {logging_mixin.py:188} INFO - [2025-05-01T11:41:36.664+0000] {dagbag.py:545} INFO - Filling up the DagBag from /home/airflow/.local/lib/python3.12/site-packages/airflow/example_dags/example_trigger_controller_dag.py
[2025-05-01T11:41:36.678+0000] {processor.py:840} INFO - DAG(s) 'example_trigger_controller_dag' retrieved from /home/airflow/.local/lib/python3.12/site-packages/airflow/example_dags/example_trigger_controller_dag.py
[2025-05-01T11:41:36.728+0000] {logging_mixin.py:188} INFO - [2025-05-01T11:41:36.728+0000] {dag.py:3096} INFO - Sync 1 DAGs
[2025-05-01T11:41:36.788+0000] {logging_mixin.py:188} INFO - [2025-05-01T11:41:36.787+0000] {dag.py:3954} INFO - Setting next_dagrun for example_trigger_controller_dag to 2021-01-01 00:00:00+00:00, run_after=2021-01-01 00:00:00+00:00
[2025-05-01T11:41:36.845+0000] {processor.py:183} INFO - Processing /home/airflow/.local/lib/python3.12/site-packages/airflow/example_dags/example_trigger_controller_dag.py took 0.200 seconds
[2025-05-01T11:42:07.703+0000] {processor.py:161} INFO - Started process (PID=1308) to work on /home/airflow/.local/lib/python3.12/site-packages/airflow/example_dags/example_trigger_controller_dag.py
[2025-05-01T11:42:07.706+0000] {processor.py:830} INFO - Processing file /home/airflow/.local/lib/python3.12/site-packages/airflow/example_dags/example_trigger_controller_dag.py for tasks to queue
[2025-05-01T11:42:07.713+0000] {logging_mixin.py:188} INFO - [2025-05-01T11:42:07.711+0000] {dagbag.py:545} INFO - Filling up the DagBag from /home/airflow/.local/lib/python3.12/site-packages/airflow/example_dags/example_trigger_controller_dag.py
[2025-05-01T11:42:07.729+0000] {processor.py:840} INFO - DAG(s) 'example_trigger_controller_dag' retrieved from /home/airflow/.local/lib/python3.12/site-packages/airflow/example_dags/example_trigger_controller_dag.py
[2025-05-01T11:42:07.783+0000] {logging_mixin.py:188} INFO - [2025-05-01T11:42:07.783+0000] {dag.py:3096} INFO - Sync 1 DAGs
[2025-05-01T11:42:07.852+0000] {logging_mixin.py:188} INFO - [2025-05-01T11:42:07.851+0000] {dag.py:3954} INFO - Setting next_dagrun for example_trigger_controller_dag to 2021-01-01 00:00:00+00:00, run_after=2021-01-01 00:00:00+00:00
[2025-05-01T11:42:07.950+0000] {processor.py:183} INFO - Processing /home/airflow/.local/lib/python3.12/site-packages/airflow/example_dags/example_trigger_controller_dag.py took 0.262 seconds
[2025-05-01T11:42:38.636+0000] {processor.py:161} INFO - Started process (PID=1369) to work on /home/airflow/.local/lib/python3.12/site-packages/airflow/example_dags/example_trigger_controller_dag.py
[2025-05-01T11:42:38.638+0000] {processor.py:830} INFO - Processing file /home/airflow/.local/lib/python3.12/site-packages/airflow/example_dags/example_trigger_controller_dag.py for tasks to queue
[2025-05-01T11:42:38.643+0000] {logging_mixin.py:188} INFO - [2025-05-01T11:42:38.642+0000] {dagbag.py:545} INFO - Filling up the DagBag from /home/airflow/.local/lib/python3.12/site-packages/airflow/example_dags/example_trigger_controller_dag.py
[2025-05-01T11:42:38.672+0000] {processor.py:840} INFO - DAG(s) 'example_trigger_controller_dag' retrieved from /home/airflow/.local/lib/python3.12/site-packages/airflow/example_dags/example_trigger_controller_dag.py
[2025-05-01T11:42:38.728+0000] {logging_mixin.py:188} INFO - [2025-05-01T11:42:38.728+0000] {dag.py:3096} INFO - Sync 1 DAGs
[2025-05-01T11:42:38.781+0000] {logging_mixin.py:188} INFO - [2025-05-01T11:42:38.781+0000] {dag.py:3954} INFO - Setting next_dagrun for example_trigger_controller_dag to 2021-01-01 00:00:00+00:00, run_after=2021-01-01 00:00:00+00:00
[2025-05-01T11:42:38.850+0000] {processor.py:183} INFO - Processing /home/airflow/.local/lib/python3.12/site-packages/airflow/example_dags/example_trigger_controller_dag.py took 0.227 seconds
[2025-05-01T11:43:09.590+0000] {processor.py:161} INFO - Started process (PID=1428) to work on /home/airflow/.local/lib/python3.12/site-packages/airflow/example_dags/example_trigger_controller_dag.py
[2025-05-01T11:43:09.593+0000] {processor.py:830} INFO - Processing file /home/airflow/.local/lib/python3.12/site-packages/airflow/example_dags/example_trigger_controller_dag.py for tasks to queue
[2025-05-01T11:43:09.597+0000] {logging_mixin.py:188} INFO - [2025-05-01T11:43:09.596+0000] {dagbag.py:545} INFO - Filling up the DagBag from /home/airflow/.local/lib/python3.12/site-packages/airflow/example_dags/example_trigger_controller_dag.py
[2025-05-01T11:43:09.610+0000] {processor.py:840} INFO - DAG(s) 'example_trigger_controller_dag' retrieved from /home/airflow/.local/lib/python3.12/site-packages/airflow/example_dags/example_trigger_controller_dag.py
[2025-05-01T11:43:09.668+0000] {logging_mixin.py:188} INFO - [2025-05-01T11:43:09.667+0000] {dag.py:3096} INFO - Sync 1 DAGs
[2025-05-01T11:43:09.736+0000] {logging_mixin.py:188} INFO - [2025-05-01T11:43:09.735+0000] {dag.py:3954} INFO - Setting next_dagrun for example_trigger_controller_dag to 2021-01-01 00:00:00+00:00, run_after=2021-01-01 00:00:00+00:00
[2025-05-01T11:43:09.789+0000] {processor.py:183} INFO - Processing /home/airflow/.local/lib/python3.12/site-packages/airflow/example_dags/example_trigger_controller_dag.py took 0.214 seconds
[2025-05-01T11:43:40.443+0000] {processor.py:161} INFO - Started process (PID=1488) to work on /home/airflow/.local/lib/python3.12/site-packages/airflow/example_dags/example_trigger_controller_dag.py
[2025-05-01T11:43:40.445+0000] {processor.py:830} INFO - Processing file /home/airflow/.local/lib/python3.12/site-packages/airflow/example_dags/example_trigger_controller_dag.py for tasks to queue
[2025-05-01T11:43:40.450+0000] {logging_mixin.py:188} INFO - [2025-05-01T11:43:40.449+0000] {dagbag.py:545} INFO - Filling up the DagBag from /home/airflow/.local/lib/python3.12/site-packages/airflow/example_dags/example_trigger_controller_dag.py
[2025-05-01T11:43:40.463+0000] {processor.py:840} INFO - DAG(s) 'example_trigger_controller_dag' retrieved from /home/airflow/.local/lib/python3.12/site-packages/airflow/example_dags/example_trigger_controller_dag.py
[2025-05-01T11:43:40.513+0000] {logging_mixin.py:188} INFO - [2025-05-01T11:43:40.513+0000] {dag.py:3096} INFO - Sync 1 DAGs
[2025-05-01T11:43:40.572+0000] {logging_mixin.py:188} INFO - [2025-05-01T11:43:40.571+0000] {dag.py:3954} INFO - Setting next_dagrun for example_trigger_controller_dag to 2021-01-01 00:00:00+00:00, run_after=2021-01-01 00:00:00+00:00
[2025-05-01T11:43:40.623+0000] {processor.py:183} INFO - Processing /home/airflow/.local/lib/python3.12/site-packages/airflow/example_dags/example_trigger_controller_dag.py took 0.196 seconds
[2025-05-01T11:44:11.129+0000] {processor.py:161} INFO - Started process (PID=1544) to work on /home/airflow/.local/lib/python3.12/site-packages/airflow/example_dags/example_trigger_controller_dag.py
[2025-05-01T11:44:11.131+0000] {processor.py:830} INFO - Processing file /home/airflow/.local/lib/python3.12/site-packages/airflow/example_dags/example_trigger_controller_dag.py for tasks to queue
[2025-05-01T11:44:11.137+0000] {logging_mixin.py:188} INFO - [2025-05-01T11:44:11.136+0000] {dagbag.py:545} INFO - Filling up the DagBag from /home/airflow/.local/lib/python3.12/site-packages/airflow/example_dags/example_trigger_controller_dag.py
[2025-05-01T11:44:11.153+0000] {processor.py:840} INFO - DAG(s) 'example_trigger_controller_dag' retrieved from /home/airflow/.local/lib/python3.12/site-packages/airflow/example_dags/example_trigger_controller_dag.py
[2025-05-01T11:44:11.201+0000] {logging_mixin.py:188} INFO - [2025-05-01T11:44:11.201+0000] {dag.py:3096} INFO - Sync 1 DAGs
[2025-05-01T11:44:11.255+0000] {logging_mixin.py:188} INFO - [2025-05-01T11:44:11.254+0000] {dag.py:3954} INFO - Setting next_dagrun for example_trigger_controller_dag to 2021-01-01 00:00:00+00:00, run_after=2021-01-01 00:00:00+00:00
[2025-05-01T11:44:11.312+0000] {processor.py:183} INFO - Processing /home/airflow/.local/lib/python3.12/site-packages/airflow/example_dags/example_trigger_controller_dag.py took 0.201 seconds
[2025-05-01T11:44:41.550+0000] {processor.py:161} INFO - Started process (PID=1603) to work on /home/airflow/.local/lib/python3.12/site-packages/airflow/example_dags/example_trigger_controller_dag.py
[2025-05-01T11:44:41.553+0000] {processor.py:830} INFO - Processing file /home/airflow/.local/lib/python3.12/site-packages/airflow/example_dags/example_trigger_controller_dag.py for tasks to queue
[2025-05-01T11:44:41.558+0000] {logging_mixin.py:188} INFO - [2025-05-01T11:44:41.557+0000] {dagbag.py:545} INFO - Filling up the DagBag from /home/airflow/.local/lib/python3.12/site-packages/airflow/example_dags/example_trigger_controller_dag.py
[2025-05-01T11:44:41.572+0000] {processor.py:840} INFO - DAG(s) 'example_trigger_controller_dag' retrieved from /home/airflow/.local/lib/python3.12/site-packages/airflow/example_dags/example_trigger_controller_dag.py
[2025-05-01T11:44:41.635+0000] {logging_mixin.py:188} INFO - [2025-05-01T11:44:41.634+0000] {dag.py:3096} INFO - Sync 1 DAGs
[2025-05-01T11:44:41.709+0000] {logging_mixin.py:188} INFO - [2025-05-01T11:44:41.708+0000] {dag.py:3954} INFO - Setting next_dagrun for example_trigger_controller_dag to 2021-01-01 00:00:00+00:00, run_after=2021-01-01 00:00:00+00:00
[2025-05-01T11:44:41.760+0000] {processor.py:183} INFO - Processing /home/airflow/.local/lib/python3.12/site-packages/airflow/example_dags/example_trigger_controller_dag.py took 0.225 seconds
[2025-05-01T11:45:12.234+0000] {processor.py:161} INFO - Started process (PID=1662) to work on /home/airflow/.local/lib/python3.12/site-packages/airflow/example_dags/example_trigger_controller_dag.py
[2025-05-01T11:45:12.236+0000] {processor.py:830} INFO - Processing file /home/airflow/.local/lib/python3.12/site-packages/airflow/example_dags/example_trigger_controller_dag.py for tasks to queue
[2025-05-01T11:45:12.239+0000] {logging_mixin.py:188} INFO - [2025-05-01T11:45:12.239+0000] {dagbag.py:545} INFO - Filling up the DagBag from /home/airflow/.local/lib/python3.12/site-packages/airflow/example_dags/example_trigger_controller_dag.py
[2025-05-01T11:45:12.249+0000] {processor.py:840} INFO - DAG(s) 'example_trigger_controller_dag' retrieved from /home/airflow/.local/lib/python3.12/site-packages/airflow/example_dags/example_trigger_controller_dag.py
[2025-05-01T11:45:12.293+0000] {logging_mixin.py:188} INFO - [2025-05-01T11:45:12.292+0000] {dag.py:3096} INFO - Sync 1 DAGs
[2025-05-01T11:45:12.356+0000] {logging_mixin.py:188} INFO - [2025-05-01T11:45:12.355+0000] {dag.py:3954} INFO - Setting next_dagrun for example_trigger_controller_dag to 2021-01-01 00:00:00+00:00, run_after=2021-01-01 00:00:00+00:00
[2025-05-01T11:45:12.414+0000] {processor.py:183} INFO - Processing /home/airflow/.local/lib/python3.12/site-packages/airflow/example_dags/example_trigger_controller_dag.py took 0.191 seconds
[2025-05-01T11:45:44.289+0000] {processor.py:161} INFO - Started process (PID=1722) to work on /home/airflow/.local/lib/python3.12/site-packages/airflow/example_dags/example_trigger_controller_dag.py
[2025-05-01T11:45:44.293+0000] {processor.py:830} INFO - Processing file /home/airflow/.local/lib/python3.12/site-packages/airflow/example_dags/example_trigger_controller_dag.py for tasks to queue
[2025-05-01T11:45:44.300+0000] {logging_mixin.py:188} INFO - [2025-05-01T11:45:44.299+0000] {dagbag.py:545} INFO - Filling up the DagBag from /home/airflow/.local/lib/python3.12/site-packages/airflow/example_dags/example_trigger_controller_dag.py
[2025-05-01T11:45:44.320+0000] {processor.py:840} INFO - DAG(s) 'example_trigger_controller_dag' retrieved from /home/airflow/.local/lib/python3.12/site-packages/airflow/example_dags/example_trigger_controller_dag.py
[2025-05-01T11:45:44.392+0000] {logging_mixin.py:188} INFO - [2025-05-01T11:45:44.391+0000] {dag.py:3096} INFO - Sync 1 DAGs
[2025-05-01T11:45:44.447+0000] {logging_mixin.py:188} INFO - [2025-05-01T11:45:44.447+0000] {dag.py:3954} INFO - Setting next_dagrun for example_trigger_controller_dag to 2021-01-01 00:00:00+00:00, run_after=2021-01-01 00:00:00+00:00
[2025-05-01T11:45:44.497+0000] {processor.py:183} INFO - Processing /home/airflow/.local/lib/python3.12/site-packages/airflow/example_dags/example_trigger_controller_dag.py took 0.229 seconds
[2025-05-01T11:46:14.822+0000] {processor.py:161} INFO - Started process (PID=1779) to work on /home/airflow/.local/lib/python3.12/site-packages/airflow/example_dags/example_trigger_controller_dag.py
[2025-05-01T11:46:14.825+0000] {processor.py:830} INFO - Processing file /home/airflow/.local/lib/python3.12/site-packages/airflow/example_dags/example_trigger_controller_dag.py for tasks to queue
[2025-05-01T11:46:14.830+0000] {logging_mixin.py:188} INFO - [2025-05-01T11:46:14.829+0000] {dagbag.py:545} INFO - Filling up the DagBag from /home/airflow/.local/lib/python3.12/site-packages/airflow/example_dags/example_trigger_controller_dag.py
[2025-05-01T11:46:14.847+0000] {processor.py:840} INFO - DAG(s) 'example_trigger_controller_dag' retrieved from /home/airflow/.local/lib/python3.12/site-packages/airflow/example_dags/example_trigger_controller_dag.py
[2025-05-01T11:46:14.895+0000] {logging_mixin.py:188} INFO - [2025-05-01T11:46:14.895+0000] {dag.py:3096} INFO - Sync 1 DAGs
[2025-05-01T11:46:14.960+0000] {logging_mixin.py:188} INFO - [2025-05-01T11:46:14.959+0000] {dag.py:3954} INFO - Setting next_dagrun for example_trigger_controller_dag to 2021-01-01 00:00:00+00:00, run_after=2021-01-01 00:00:00+00:00
[2025-05-01T11:46:15.056+0000] {processor.py:183} INFO - Processing /home/airflow/.local/lib/python3.12/site-packages/airflow/example_dags/example_trigger_controller_dag.py took 0.247 seconds
[2025-05-01T11:46:45.158+0000] {processor.py:161} INFO - Started process (PID=1838) to work on /home/airflow/.local/lib/python3.12/site-packages/airflow/example_dags/example_trigger_controller_dag.py
[2025-05-01T11:46:45.161+0000] {processor.py:830} INFO - Processing file /home/airflow/.local/lib/python3.12/site-packages/airflow/example_dags/example_trigger_controller_dag.py for tasks to queue
[2025-05-01T11:46:45.166+0000] {logging_mixin.py:188} INFO - [2025-05-01T11:46:45.166+0000] {dagbag.py:545} INFO - Filling up the DagBag from /home/airflow/.local/lib/python3.12/site-packages/airflow/example_dags/example_trigger_controller_dag.py
[2025-05-01T11:46:45.176+0000] {processor.py:840} INFO - DAG(s) 'example_trigger_controller_dag' retrieved from /home/airflow/.local/lib/python3.12/site-packages/airflow/example_dags/example_trigger_controller_dag.py
[2025-05-01T11:46:45.224+0000] {logging_mixin.py:188} INFO - [2025-05-01T11:46:45.223+0000] {dag.py:3096} INFO - Sync 1 DAGs
[2025-05-01T11:46:45.292+0000] {logging_mixin.py:188} INFO - [2025-05-01T11:46:45.291+0000] {dag.py:3954} INFO - Setting next_dagrun for example_trigger_controller_dag to 2021-01-01 00:00:00+00:00, run_after=2021-01-01 00:00:00+00:00
[2025-05-01T11:46:45.342+0000] {processor.py:183} INFO - Processing /home/airflow/.local/lib/python3.12/site-packages/airflow/example_dags/example_trigger_controller_dag.py took 0.197 seconds
[2025-05-01T11:47:15.464+0000] {processor.py:161} INFO - Started process (PID=1898) to work on /home/airflow/.local/lib/python3.12/site-packages/airflow/example_dags/example_trigger_controller_dag.py
[2025-05-01T11:47:15.466+0000] {processor.py:830} INFO - Processing file /home/airflow/.local/lib/python3.12/site-packages/airflow/example_dags/example_trigger_controller_dag.py for tasks to queue
[2025-05-01T11:47:15.470+0000] {logging_mixin.py:188} INFO - [2025-05-01T11:47:15.469+0000] {dagbag.py:545} INFO - Filling up the DagBag from /home/airflow/.local/lib/python3.12/site-packages/airflow/example_dags/example_trigger_controller_dag.py
[2025-05-01T11:47:15.482+0000] {processor.py:840} INFO - DAG(s) 'example_trigger_controller_dag' retrieved from /home/airflow/.local/lib/python3.12/site-packages/airflow/example_dags/example_trigger_controller_dag.py
[2025-05-01T11:47:15.526+0000] {logging_mixin.py:188} INFO - [2025-05-01T11:47:15.525+0000] {dag.py:3096} INFO - Sync 1 DAGs
[2025-05-01T11:47:15.593+0000] {logging_mixin.py:188} INFO - [2025-05-01T11:47:15.592+0000] {dag.py:3954} INFO - Setting next_dagrun for example_trigger_controller_dag to 2021-01-01 00:00:00+00:00, run_after=2021-01-01 00:00:00+00:00
[2025-05-01T11:47:15.892+0000] {processor.py:183} INFO - Processing /home/airflow/.local/lib/python3.12/site-packages/airflow/example_dags/example_trigger_controller_dag.py took 0.442 seconds
[2025-05-01T11:47:46.160+0000] {processor.py:161} INFO - Started process (PID=1959) to work on /home/airflow/.local/lib/python3.12/site-packages/airflow/example_dags/example_trigger_controller_dag.py
[2025-05-01T11:47:46.162+0000] {processor.py:830} INFO - Processing file /home/airflow/.local/lib/python3.12/site-packages/airflow/example_dags/example_trigger_controller_dag.py for tasks to queue
[2025-05-01T11:47:46.166+0000] {logging_mixin.py:188} INFO - [2025-05-01T11:47:46.166+0000] {dagbag.py:545} INFO - Filling up the DagBag from /home/airflow/.local/lib/python3.12/site-packages/airflow/example_dags/example_trigger_controller_dag.py
[2025-05-01T11:47:46.176+0000] {processor.py:840} INFO - DAG(s) 'example_trigger_controller_dag' retrieved from /home/airflow/.local/lib/python3.12/site-packages/airflow/example_dags/example_trigger_controller_dag.py
[2025-05-01T11:47:46.224+0000] {logging_mixin.py:188} INFO - [2025-05-01T11:47:46.223+0000] {dag.py:3096} INFO - Sync 1 DAGs
[2025-05-01T11:47:46.269+0000] {logging_mixin.py:188} INFO - [2025-05-01T11:47:46.268+0000] {dag.py:3954} INFO - Setting next_dagrun for example_trigger_controller_dag to 2021-01-01 00:00:00+00:00, run_after=2021-01-01 00:00:00+00:00
[2025-05-01T11:47:46.355+0000] {processor.py:183} INFO - Processing /home/airflow/.local/lib/python3.12/site-packages/airflow/example_dags/example_trigger_controller_dag.py took 0.206 seconds
[2025-05-01T11:48:16.779+0000] {processor.py:161} INFO - Started process (PID=2018) to work on /home/airflow/.local/lib/python3.12/site-packages/airflow/example_dags/example_trigger_controller_dag.py
[2025-05-01T11:48:16.781+0000] {processor.py:830} INFO - Processing file /home/airflow/.local/lib/python3.12/site-packages/airflow/example_dags/example_trigger_controller_dag.py for tasks to queue
[2025-05-01T11:48:16.785+0000] {logging_mixin.py:188} INFO - [2025-05-01T11:48:16.784+0000] {dagbag.py:545} INFO - Filling up the DagBag from /home/airflow/.local/lib/python3.12/site-packages/airflow/example_dags/example_trigger_controller_dag.py
[2025-05-01T11:48:16.795+0000] {processor.py:840} INFO - DAG(s) 'example_trigger_controller_dag' retrieved from /home/airflow/.local/lib/python3.12/site-packages/airflow/example_dags/example_trigger_controller_dag.py
[2025-05-01T11:48:16.836+0000] {logging_mixin.py:188} INFO - [2025-05-01T11:48:16.836+0000] {dag.py:3096} INFO - Sync 1 DAGs
[2025-05-01T11:48:16.885+0000] {logging_mixin.py:188} INFO - [2025-05-01T11:48:16.885+0000] {dag.py:3954} INFO - Setting next_dagrun for example_trigger_controller_dag to 2021-01-01 00:00:00+00:00, run_after=2021-01-01 00:00:00+00:00
[2025-05-01T11:48:16.930+0000] {processor.py:183} INFO - Processing /home/airflow/.local/lib/python3.12/site-packages/airflow/example_dags/example_trigger_controller_dag.py took 0.162 seconds
[2025-05-01T11:48:47.385+0000] {processor.py:161} INFO - Started process (PID=2077) to work on /home/airflow/.local/lib/python3.12/site-packages/airflow/example_dags/example_trigger_controller_dag.py
[2025-05-01T11:48:47.387+0000] {processor.py:830} INFO - Processing file /home/airflow/.local/lib/python3.12/site-packages/airflow/example_dags/example_trigger_controller_dag.py for tasks to queue
[2025-05-01T11:48:47.392+0000] {logging_mixin.py:188} INFO - [2025-05-01T11:48:47.391+0000] {dagbag.py:545} INFO - Filling up the DagBag from /home/airflow/.local/lib/python3.12/site-packages/airflow/example_dags/example_trigger_controller_dag.py
[2025-05-01T11:48:47.401+0000] {processor.py:840} INFO - DAG(s) 'example_trigger_controller_dag' retrieved from /home/airflow/.local/lib/python3.12/site-packages/airflow/example_dags/example_trigger_controller_dag.py
[2025-05-01T11:48:47.447+0000] {logging_mixin.py:188} INFO - [2025-05-01T11:48:47.447+0000] {dag.py:3096} INFO - Sync 1 DAGs
[2025-05-01T11:48:47.496+0000] {logging_mixin.py:188} INFO - [2025-05-01T11:48:47.496+0000] {dag.py:3954} INFO - Setting next_dagrun for example_trigger_controller_dag to 2021-01-01 00:00:00+00:00, run_after=2021-01-01 00:00:00+00:00
[2025-05-01T11:48:47.539+0000] {processor.py:183} INFO - Processing /home/airflow/.local/lib/python3.12/site-packages/airflow/example_dags/example_trigger_controller_dag.py took 0.167 seconds
[2025-05-01T11:49:18.650+0000] {processor.py:161} INFO - Started process (PID=2133) to work on /home/airflow/.local/lib/python3.12/site-packages/airflow/example_dags/example_trigger_controller_dag.py
[2025-05-01T11:49:18.653+0000] {processor.py:830} INFO - Processing file /home/airflow/.local/lib/python3.12/site-packages/airflow/example_dags/example_trigger_controller_dag.py for tasks to queue
[2025-05-01T11:49:18.658+0000] {logging_mixin.py:188} INFO - [2025-05-01T11:49:18.657+0000] {dagbag.py:545} INFO - Filling up the DagBag from /home/airflow/.local/lib/python3.12/site-packages/airflow/example_dags/example_trigger_controller_dag.py
[2025-05-01T11:49:18.668+0000] {processor.py:840} INFO - DAG(s) 'example_trigger_controller_dag' retrieved from /home/airflow/.local/lib/python3.12/site-packages/airflow/example_dags/example_trigger_controller_dag.py
[2025-05-01T11:49:18.722+0000] {logging_mixin.py:188} INFO - [2025-05-01T11:49:18.721+0000] {dag.py:3096} INFO - Sync 1 DAGs
[2025-05-01T11:49:19.024+0000] {logging_mixin.py:188} INFO - [2025-05-01T11:49:19.023+0000] {dag.py:3954} INFO - Setting next_dagrun for example_trigger_controller_dag to 2021-01-01 00:00:00+00:00, run_after=2021-01-01 00:00:00+00:00
[2025-05-01T11:49:19.104+0000] {processor.py:183} INFO - Processing /home/airflow/.local/lib/python3.12/site-packages/airflow/example_dags/example_trigger_controller_dag.py took 0.471 seconds
[2025-05-01T11:49:49.375+0000] {processor.py:161} INFO - Started process (PID=2192) to work on /home/airflow/.local/lib/python3.12/site-packages/airflow/example_dags/example_trigger_controller_dag.py
[2025-05-01T11:49:49.379+0000] {processor.py:830} INFO - Processing file /home/airflow/.local/lib/python3.12/site-packages/airflow/example_dags/example_trigger_controller_dag.py for tasks to queue
[2025-05-01T11:49:49.384+0000] {logging_mixin.py:188} INFO - [2025-05-01T11:49:49.384+0000] {dagbag.py:545} INFO - Filling up the DagBag from /home/airflow/.local/lib/python3.12/site-packages/airflow/example_dags/example_trigger_controller_dag.py
[2025-05-01T11:49:49.394+0000] {processor.py:840} INFO - DAG(s) 'example_trigger_controller_dag' retrieved from /home/airflow/.local/lib/python3.12/site-packages/airflow/example_dags/example_trigger_controller_dag.py
[2025-05-01T11:49:49.440+0000] {logging_mixin.py:188} INFO - [2025-05-01T11:49:49.439+0000] {dag.py:3096} INFO - Sync 1 DAGs
[2025-05-01T11:49:49.499+0000] {logging_mixin.py:188} INFO - [2025-05-01T11:49:49.498+0000] {dag.py:3954} INFO - Setting next_dagrun for example_trigger_controller_dag to 2021-01-01 00:00:00+00:00, run_after=2021-01-01 00:00:00+00:00
[2025-05-01T11:49:49.596+0000] {processor.py:183} INFO - Processing /home/airflow/.local/lib/python3.12/site-packages/airflow/example_dags/example_trigger_controller_dag.py took 0.238 seconds
[2025-05-01T11:50:20.119+0000] {processor.py:161} INFO - Started process (PID=2251) to work on /home/airflow/.local/lib/python3.12/site-packages/airflow/example_dags/example_trigger_controller_dag.py
[2025-05-01T11:50:20.121+0000] {processor.py:830} INFO - Processing file /home/airflow/.local/lib/python3.12/site-packages/airflow/example_dags/example_trigger_controller_dag.py for tasks to queue
[2025-05-01T11:50:20.127+0000] {logging_mixin.py:188} INFO - [2025-05-01T11:50:20.126+0000] {dagbag.py:545} INFO - Filling up the DagBag from /home/airflow/.local/lib/python3.12/site-packages/airflow/example_dags/example_trigger_controller_dag.py
[2025-05-01T11:50:20.141+0000] {processor.py:840} INFO - DAG(s) 'example_trigger_controller_dag' retrieved from /home/airflow/.local/lib/python3.12/site-packages/airflow/example_dags/example_trigger_controller_dag.py
[2025-05-01T11:50:20.202+0000] {logging_mixin.py:188} INFO - [2025-05-01T11:50:20.201+0000] {dag.py:3096} INFO - Sync 1 DAGs
[2025-05-01T11:50:20.259+0000] {logging_mixin.py:188} INFO - [2025-05-01T11:50:20.258+0000] {dag.py:3954} INFO - Setting next_dagrun for example_trigger_controller_dag to 2021-01-01 00:00:00+00:00, run_after=2021-01-01 00:00:00+00:00
[2025-05-01T11:50:20.373+0000] {processor.py:183} INFO - Processing /home/airflow/.local/lib/python3.12/site-packages/airflow/example_dags/example_trigger_controller_dag.py took 0.268 seconds
[2025-05-01T11:50:50.720+0000] {processor.py:161} INFO - Started process (PID=2310) to work on /home/airflow/.local/lib/python3.12/site-packages/airflow/example_dags/example_trigger_controller_dag.py
[2025-05-01T11:50:50.723+0000] {processor.py:830} INFO - Processing file /home/airflow/.local/lib/python3.12/site-packages/airflow/example_dags/example_trigger_controller_dag.py for tasks to queue
[2025-05-01T11:50:50.731+0000] {logging_mixin.py:188} INFO - [2025-05-01T11:50:50.730+0000] {dagbag.py:545} INFO - Filling up the DagBag from /home/airflow/.local/lib/python3.12/site-packages/airflow/example_dags/example_trigger_controller_dag.py
[2025-05-01T11:50:50.750+0000] {processor.py:840} INFO - DAG(s) 'example_trigger_controller_dag' retrieved from /home/airflow/.local/lib/python3.12/site-packages/airflow/example_dags/example_trigger_controller_dag.py
[2025-05-01T11:50:50.821+0000] {logging_mixin.py:188} INFO - [2025-05-01T11:50:50.821+0000] {dag.py:3096} INFO - Sync 1 DAGs
[2025-05-01T11:50:50.891+0000] {logging_mixin.py:188} INFO - [2025-05-01T11:50:50.890+0000] {dag.py:3954} INFO - Setting next_dagrun for example_trigger_controller_dag to 2021-01-01 00:00:00+00:00, run_after=2021-01-01 00:00:00+00:00
[2025-05-01T11:50:50.992+0000] {processor.py:183} INFO - Processing /home/airflow/.local/lib/python3.12/site-packages/airflow/example_dags/example_trigger_controller_dag.py took 0.291 seconds
[2025-05-01T11:51:21.814+0000] {processor.py:161} INFO - Started process (PID=2369) to work on /home/airflow/.local/lib/python3.12/site-packages/airflow/example_dags/example_trigger_controller_dag.py
[2025-05-01T11:51:21.817+0000] {processor.py:830} INFO - Processing file /home/airflow/.local/lib/python3.12/site-packages/airflow/example_dags/example_trigger_controller_dag.py for tasks to queue
[2025-05-01T11:51:21.822+0000] {logging_mixin.py:188} INFO - [2025-05-01T11:51:21.822+0000] {dagbag.py:545} INFO - Filling up the DagBag from /home/airflow/.local/lib/python3.12/site-packages/airflow/example_dags/example_trigger_controller_dag.py
[2025-05-01T11:51:21.833+0000] {processor.py:840} INFO - DAG(s) 'example_trigger_controller_dag' retrieved from /home/airflow/.local/lib/python3.12/site-packages/airflow/example_dags/example_trigger_controller_dag.py
[2025-05-01T11:51:21.882+0000] {logging_mixin.py:188} INFO - [2025-05-01T11:51:21.881+0000] {dag.py:3096} INFO - Sync 1 DAGs
[2025-05-01T11:51:21.953+0000] {logging_mixin.py:188} INFO - [2025-05-01T11:51:21.951+0000] {dag.py:3954} INFO - Setting next_dagrun for example_trigger_controller_dag to 2021-01-01 00:00:00+00:00, run_after=2021-01-01 00:00:00+00:00
[2025-05-01T11:51:22.081+0000] {processor.py:183} INFO - Processing /home/airflow/.local/lib/python3.12/site-packages/airflow/example_dags/example_trigger_controller_dag.py took 0.279 seconds
[2025-05-01T11:51:52.705+0000] {processor.py:161} INFO - Started process (PID=2428) to work on /home/airflow/.local/lib/python3.12/site-packages/airflow/example_dags/example_trigger_controller_dag.py
[2025-05-01T11:51:52.709+0000] {processor.py:830} INFO - Processing file /home/airflow/.local/lib/python3.12/site-packages/airflow/example_dags/example_trigger_controller_dag.py for tasks to queue
[2025-05-01T11:51:52.715+0000] {logging_mixin.py:188} INFO - [2025-05-01T11:51:52.713+0000] {dagbag.py:545} INFO - Filling up the DagBag from /home/airflow/.local/lib/python3.12/site-packages/airflow/example_dags/example_trigger_controller_dag.py
[2025-05-01T11:51:52.731+0000] {processor.py:840} INFO - DAG(s) 'example_trigger_controller_dag' retrieved from /home/airflow/.local/lib/python3.12/site-packages/airflow/example_dags/example_trigger_controller_dag.py
[2025-05-01T11:51:52.799+0000] {logging_mixin.py:188} INFO - [2025-05-01T11:51:52.798+0000] {dag.py:3096} INFO - Sync 1 DAGs
[2025-05-01T11:51:52.873+0000] {logging_mixin.py:188} INFO - [2025-05-01T11:51:52.873+0000] {dag.py:3954} INFO - Setting next_dagrun for example_trigger_controller_dag to 2021-01-01 00:00:00+00:00, run_after=2021-01-01 00:00:00+00:00
[2025-05-01T11:51:52.929+0000] {processor.py:183} INFO - Processing /home/airflow/.local/lib/python3.12/site-packages/airflow/example_dags/example_trigger_controller_dag.py took 0.242 seconds
[2025-05-01T11:52:23.677+0000] {processor.py:161} INFO - Started process (PID=2487) to work on /home/airflow/.local/lib/python3.12/site-packages/airflow/example_dags/example_trigger_controller_dag.py
[2025-05-01T11:52:23.679+0000] {processor.py:830} INFO - Processing file /home/airflow/.local/lib/python3.12/site-packages/airflow/example_dags/example_trigger_controller_dag.py for tasks to queue
[2025-05-01T11:52:23.685+0000] {logging_mixin.py:188} INFO - [2025-05-01T11:52:23.684+0000] {dagbag.py:545} INFO - Filling up the DagBag from /home/airflow/.local/lib/python3.12/site-packages/airflow/example_dags/example_trigger_controller_dag.py
[2025-05-01T11:52:23.697+0000] {processor.py:840} INFO - DAG(s) 'example_trigger_controller_dag' retrieved from /home/airflow/.local/lib/python3.12/site-packages/airflow/example_dags/example_trigger_controller_dag.py
[2025-05-01T11:52:23.747+0000] {logging_mixin.py:188} INFO - [2025-05-01T11:52:23.746+0000] {dag.py:3096} INFO - Sync 1 DAGs
[2025-05-01T11:52:23.809+0000] {logging_mixin.py:188} INFO - [2025-05-01T11:52:23.808+0000] {dag.py:3954} INFO - Setting next_dagrun for example_trigger_controller_dag to 2021-01-01 00:00:00+00:00, run_after=2021-01-01 00:00:00+00:00
[2025-05-01T11:52:23.895+0000] {processor.py:183} INFO - Processing /home/airflow/.local/lib/python3.12/site-packages/airflow/example_dags/example_trigger_controller_dag.py took 0.231 seconds
[2025-05-01T11:52:54.157+0000] {processor.py:161} INFO - Started process (PID=2546) to work on /home/airflow/.local/lib/python3.12/site-packages/airflow/example_dags/example_trigger_controller_dag.py
[2025-05-01T11:52:54.160+0000] {processor.py:830} INFO - Processing file /home/airflow/.local/lib/python3.12/site-packages/airflow/example_dags/example_trigger_controller_dag.py for tasks to queue
[2025-05-01T11:52:54.167+0000] {logging_mixin.py:188} INFO - [2025-05-01T11:52:54.166+0000] {dagbag.py:545} INFO - Filling up the DagBag from /home/airflow/.local/lib/python3.12/site-packages/airflow/example_dags/example_trigger_controller_dag.py
[2025-05-01T11:52:54.178+0000] {processor.py:840} INFO - DAG(s) 'example_trigger_controller_dag' retrieved from /home/airflow/.local/lib/python3.12/site-packages/airflow/example_dags/example_trigger_controller_dag.py
[2025-05-01T11:52:54.231+0000] {logging_mixin.py:188} INFO - [2025-05-01T11:52:54.230+0000] {dag.py:3096} INFO - Sync 1 DAGs
[2025-05-01T11:52:54.288+0000] {logging_mixin.py:188} INFO - [2025-05-01T11:52:54.287+0000] {dag.py:3954} INFO - Setting next_dagrun for example_trigger_controller_dag to 2021-01-01 00:00:00+00:00, run_after=2021-01-01 00:00:00+00:00
[2025-05-01T11:52:54.346+0000] {processor.py:183} INFO - Processing /home/airflow/.local/lib/python3.12/site-packages/airflow/example_dags/example_trigger_controller_dag.py took 0.203 seconds
[2025-05-01T11:53:24.970+0000] {processor.py:161} INFO - Started process (PID=2605) to work on /home/airflow/.local/lib/python3.12/site-packages/airflow/example_dags/example_trigger_controller_dag.py
[2025-05-01T11:53:24.973+0000] {processor.py:830} INFO - Processing file /home/airflow/.local/lib/python3.12/site-packages/airflow/example_dags/example_trigger_controller_dag.py for tasks to queue
[2025-05-01T11:53:24.980+0000] {logging_mixin.py:188} INFO - [2025-05-01T11:53:24.977+0000] {dagbag.py:545} INFO - Filling up the DagBag from /home/airflow/.local/lib/python3.12/site-packages/airflow/example_dags/example_trigger_controller_dag.py
[2025-05-01T11:53:24.990+0000] {processor.py:840} INFO - DAG(s) 'example_trigger_controller_dag' retrieved from /home/airflow/.local/lib/python3.12/site-packages/airflow/example_dags/example_trigger_controller_dag.py
[2025-05-01T11:53:25.052+0000] {logging_mixin.py:188} INFO - [2025-05-01T11:53:25.051+0000] {dag.py:3096} INFO - Sync 1 DAGs
[2025-05-01T11:53:25.112+0000] {logging_mixin.py:188} INFO - [2025-05-01T11:53:25.111+0000] {dag.py:3954} INFO - Setting next_dagrun for example_trigger_controller_dag to 2021-01-01 00:00:00+00:00, run_after=2021-01-01 00:00:00+00:00
[2025-05-01T11:53:25.217+0000] {processor.py:183} INFO - Processing /home/airflow/.local/lib/python3.12/site-packages/airflow/example_dags/example_trigger_controller_dag.py took 0.260 seconds
[2025-05-01T11:53:55.642+0000] {processor.py:161} INFO - Started process (PID=2664) to work on /home/airflow/.local/lib/python3.12/site-packages/airflow/example_dags/example_trigger_controller_dag.py
[2025-05-01T11:53:55.644+0000] {processor.py:830} INFO - Processing file /home/airflow/.local/lib/python3.12/site-packages/airflow/example_dags/example_trigger_controller_dag.py for tasks to queue
[2025-05-01T11:53:55.649+0000] {logging_mixin.py:188} INFO - [2025-05-01T11:53:55.648+0000] {dagbag.py:545} INFO - Filling up the DagBag from /home/airflow/.local/lib/python3.12/site-packages/airflow/example_dags/example_trigger_controller_dag.py
[2025-05-01T11:53:55.663+0000] {processor.py:840} INFO - DAG(s) 'example_trigger_controller_dag' retrieved from /home/airflow/.local/lib/python3.12/site-packages/airflow/example_dags/example_trigger_controller_dag.py
[2025-05-01T11:53:55.716+0000] {logging_mixin.py:188} INFO - [2025-05-01T11:53:55.715+0000] {dag.py:3096} INFO - Sync 1 DAGs
[2025-05-01T11:53:55.777+0000] {logging_mixin.py:188} INFO - [2025-05-01T11:53:55.776+0000] {dag.py:3954} INFO - Setting next_dagrun for example_trigger_controller_dag to 2021-01-01 00:00:00+00:00, run_after=2021-01-01 00:00:00+00:00
[2025-05-01T11:53:55.889+0000] {processor.py:183} INFO - Processing /home/airflow/.local/lib/python3.12/site-packages/airflow/example_dags/example_trigger_controller_dag.py took 0.260 seconds
[2025-05-01T11:54:26.145+0000] {processor.py:161} INFO - Started process (PID=2723) to work on /home/airflow/.local/lib/python3.12/site-packages/airflow/example_dags/example_trigger_controller_dag.py
[2025-05-01T11:54:26.149+0000] {processor.py:830} INFO - Processing file /home/airflow/.local/lib/python3.12/site-packages/airflow/example_dags/example_trigger_controller_dag.py for tasks to queue
[2025-05-01T11:54:26.156+0000] {logging_mixin.py:188} INFO - [2025-05-01T11:54:26.154+0000] {dagbag.py:545} INFO - Filling up the DagBag from /home/airflow/.local/lib/python3.12/site-packages/airflow/example_dags/example_trigger_controller_dag.py
[2025-05-01T11:54:26.175+0000] {processor.py:840} INFO - DAG(s) 'example_trigger_controller_dag' retrieved from /home/airflow/.local/lib/python3.12/site-packages/airflow/example_dags/example_trigger_controller_dag.py
[2025-05-01T11:54:26.250+0000] {logging_mixin.py:188} INFO - [2025-05-01T11:54:26.249+0000] {dag.py:3096} INFO - Sync 1 DAGs
[2025-05-01T11:54:26.333+0000] {logging_mixin.py:188} INFO - [2025-05-01T11:54:26.332+0000] {dag.py:3954} INFO - Setting next_dagrun for example_trigger_controller_dag to 2021-01-01 00:00:00+00:00, run_after=2021-01-01 00:00:00+00:00
[2025-05-01T11:54:26.426+0000] {processor.py:183} INFO - Processing /home/airflow/.local/lib/python3.12/site-packages/airflow/example_dags/example_trigger_controller_dag.py took 0.299 seconds
[2025-05-01T11:54:56.700+0000] {processor.py:161} INFO - Started process (PID=2782) to work on /home/airflow/.local/lib/python3.12/site-packages/airflow/example_dags/example_trigger_controller_dag.py
[2025-05-01T11:54:56.702+0000] {processor.py:830} INFO - Processing file /home/airflow/.local/lib/python3.12/site-packages/airflow/example_dags/example_trigger_controller_dag.py for tasks to queue
[2025-05-01T11:54:56.707+0000] {logging_mixin.py:188} INFO - [2025-05-01T11:54:56.706+0000] {dagbag.py:545} INFO - Filling up the DagBag from /home/airflow/.local/lib/python3.12/site-packages/airflow/example_dags/example_trigger_controller_dag.py
[2025-05-01T11:54:56.728+0000] {processor.py:840} INFO - DAG(s) 'example_trigger_controller_dag' retrieved from /home/airflow/.local/lib/python3.12/site-packages/airflow/example_dags/example_trigger_controller_dag.py
[2025-05-01T11:54:56.789+0000] {logging_mixin.py:188} INFO - [2025-05-01T11:54:56.789+0000] {dag.py:3096} INFO - Sync 1 DAGs
[2025-05-01T11:54:56.844+0000] {logging_mixin.py:188} INFO - [2025-05-01T11:54:56.844+0000] {dag.py:3954} INFO - Setting next_dagrun for example_trigger_controller_dag to 2021-01-01 00:00:00+00:00, run_after=2021-01-01 00:00:00+00:00
[2025-05-01T11:54:56.892+0000] {processor.py:183} INFO - Processing /home/airflow/.local/lib/python3.12/site-packages/airflow/example_dags/example_trigger_controller_dag.py took 0.211 seconds
[2025-05-01T11:55:27.297+0000] {processor.py:161} INFO - Started process (PID=2841) to work on /home/airflow/.local/lib/python3.12/site-packages/airflow/example_dags/example_trigger_controller_dag.py
[2025-05-01T11:55:27.301+0000] {processor.py:830} INFO - Processing file /home/airflow/.local/lib/python3.12/site-packages/airflow/example_dags/example_trigger_controller_dag.py for tasks to queue
[2025-05-01T11:55:27.307+0000] {logging_mixin.py:188} INFO - [2025-05-01T11:55:27.306+0000] {dagbag.py:545} INFO - Filling up the DagBag from /home/airflow/.local/lib/python3.12/site-packages/airflow/example_dags/example_trigger_controller_dag.py
[2025-05-01T11:55:27.321+0000] {processor.py:840} INFO - DAG(s) 'example_trigger_controller_dag' retrieved from /home/airflow/.local/lib/python3.12/site-packages/airflow/example_dags/example_trigger_controller_dag.py
[2025-05-01T11:55:27.375+0000] {logging_mixin.py:188} INFO - [2025-05-01T11:55:27.374+0000] {dag.py:3096} INFO - Sync 1 DAGs
[2025-05-01T11:55:27.438+0000] {logging_mixin.py:188} INFO - [2025-05-01T11:55:27.437+0000] {dag.py:3954} INFO - Setting next_dagrun for example_trigger_controller_dag to 2021-01-01 00:00:00+00:00, run_after=2021-01-01 00:00:00+00:00
[2025-05-01T11:55:27.535+0000] {processor.py:183} INFO - Processing /home/airflow/.local/lib/python3.12/site-packages/airflow/example_dags/example_trigger_controller_dag.py took 0.255 seconds
[2025-05-01T11:55:57.733+0000] {processor.py:161} INFO - Started process (PID=2901) to work on /home/airflow/.local/lib/python3.12/site-packages/airflow/example_dags/example_trigger_controller_dag.py
[2025-05-01T11:55:57.735+0000] {processor.py:830} INFO - Processing file /home/airflow/.local/lib/python3.12/site-packages/airflow/example_dags/example_trigger_controller_dag.py for tasks to queue
[2025-05-01T11:55:57.739+0000] {logging_mixin.py:188} INFO - [2025-05-01T11:55:57.739+0000] {dagbag.py:545} INFO - Filling up the DagBag from /home/airflow/.local/lib/python3.12/site-packages/airflow/example_dags/example_trigger_controller_dag.py
[2025-05-01T11:55:57.752+0000] {processor.py:840} INFO - DAG(s) 'example_trigger_controller_dag' retrieved from /home/airflow/.local/lib/python3.12/site-packages/airflow/example_dags/example_trigger_controller_dag.py
[2025-05-01T11:55:57.799+0000] {logging_mixin.py:188} INFO - [2025-05-01T11:55:57.798+0000] {dag.py:3096} INFO - Sync 1 DAGs
[2025-05-01T11:55:57.850+0000] {logging_mixin.py:188} INFO - [2025-05-01T11:55:57.850+0000] {dag.py:3954} INFO - Setting next_dagrun for example_trigger_controller_dag to 2021-01-01 00:00:00+00:00, run_after=2021-01-01 00:00:00+00:00
[2025-05-01T11:55:57.901+0000] {processor.py:183} INFO - Processing /home/airflow/.local/lib/python3.12/site-packages/airflow/example_dags/example_trigger_controller_dag.py took 0.179 seconds
[2025-05-01T11:56:28.482+0000] {processor.py:161} INFO - Started process (PID=2960) to work on /home/airflow/.local/lib/python3.12/site-packages/airflow/example_dags/example_trigger_controller_dag.py
[2025-05-01T11:56:28.484+0000] {processor.py:830} INFO - Processing file /home/airflow/.local/lib/python3.12/site-packages/airflow/example_dags/example_trigger_controller_dag.py for tasks to queue
[2025-05-01T11:56:28.489+0000] {logging_mixin.py:188} INFO - [2025-05-01T11:56:28.488+0000] {dagbag.py:545} INFO - Filling up the DagBag from /home/airflow/.local/lib/python3.12/site-packages/airflow/example_dags/example_trigger_controller_dag.py
[2025-05-01T11:56:28.498+0000] {processor.py:840} INFO - DAG(s) 'example_trigger_controller_dag' retrieved from /home/airflow/.local/lib/python3.12/site-packages/airflow/example_dags/example_trigger_controller_dag.py
[2025-05-01T11:56:28.550+0000] {logging_mixin.py:188} INFO - [2025-05-01T11:56:28.549+0000] {dag.py:3096} INFO - Sync 1 DAGs
[2025-05-01T11:56:28.606+0000] {logging_mixin.py:188} INFO - [2025-05-01T11:56:28.605+0000] {dag.py:3954} INFO - Setting next_dagrun for example_trigger_controller_dag to 2021-01-01 00:00:00+00:00, run_after=2021-01-01 00:00:00+00:00
[2025-05-01T11:56:28.711+0000] {processor.py:183} INFO - Processing /home/airflow/.local/lib/python3.12/site-packages/airflow/example_dags/example_trigger_controller_dag.py took 0.244 seconds
[2025-05-01T11:56:59.496+0000] {processor.py:161} INFO - Started process (PID=3019) to work on /home/airflow/.local/lib/python3.12/site-packages/airflow/example_dags/example_trigger_controller_dag.py
[2025-05-01T11:56:59.498+0000] {processor.py:830} INFO - Processing file /home/airflow/.local/lib/python3.12/site-packages/airflow/example_dags/example_trigger_controller_dag.py for tasks to queue
[2025-05-01T11:56:59.501+0000] {logging_mixin.py:188} INFO - [2025-05-01T11:56:59.501+0000] {dagbag.py:545} INFO - Filling up the DagBag from /home/airflow/.local/lib/python3.12/site-packages/airflow/example_dags/example_trigger_controller_dag.py
[2025-05-01T11:56:59.511+0000] {processor.py:840} INFO - DAG(s) 'example_trigger_controller_dag' retrieved from /home/airflow/.local/lib/python3.12/site-packages/airflow/example_dags/example_trigger_controller_dag.py
[2025-05-01T11:56:59.556+0000] {logging_mixin.py:188} INFO - [2025-05-01T11:56:59.556+0000] {dag.py:3096} INFO - Sync 1 DAGs
[2025-05-01T11:56:59.601+0000] {logging_mixin.py:188} INFO - [2025-05-01T11:56:59.600+0000] {dag.py:3954} INFO - Setting next_dagrun for example_trigger_controller_dag to 2021-01-01 00:00:00+00:00, run_after=2021-01-01 00:00:00+00:00
[2025-05-01T11:56:59.669+0000] {processor.py:183} INFO - Processing /home/airflow/.local/lib/python3.12/site-packages/airflow/example_dags/example_trigger_controller_dag.py took 0.184 seconds
[2025-05-01T11:57:30.119+0000] {processor.py:161} INFO - Started process (PID=3078) to work on /home/airflow/.local/lib/python3.12/site-packages/airflow/example_dags/example_trigger_controller_dag.py
[2025-05-01T11:57:30.121+0000] {processor.py:830} INFO - Processing file /home/airflow/.local/lib/python3.12/site-packages/airflow/example_dags/example_trigger_controller_dag.py for tasks to queue
[2025-05-01T11:57:30.125+0000] {logging_mixin.py:188} INFO - [2025-05-01T11:57:30.124+0000] {dagbag.py:545} INFO - Filling up the DagBag from /home/airflow/.local/lib/python3.12/site-packages/airflow/example_dags/example_trigger_controller_dag.py
[2025-05-01T11:57:30.134+0000] {processor.py:840} INFO - DAG(s) 'example_trigger_controller_dag' retrieved from /home/airflow/.local/lib/python3.12/site-packages/airflow/example_dags/example_trigger_controller_dag.py
[2025-05-01T11:57:30.177+0000] {logging_mixin.py:188} INFO - [2025-05-01T11:57:30.177+0000] {dag.py:3096} INFO - Sync 1 DAGs
[2025-05-01T11:57:30.234+0000] {logging_mixin.py:188} INFO - [2025-05-01T11:57:30.234+0000] {dag.py:3954} INFO - Setting next_dagrun for example_trigger_controller_dag to 2021-01-01 00:00:00+00:00, run_after=2021-01-01 00:00:00+00:00
[2025-05-01T11:57:30.324+0000] {processor.py:183} INFO - Processing /home/airflow/.local/lib/python3.12/site-packages/airflow/example_dags/example_trigger_controller_dag.py took 0.216 seconds
[2025-05-01T11:58:00.504+0000] {processor.py:161} INFO - Started process (PID=3137) to work on /home/airflow/.local/lib/python3.12/site-packages/airflow/example_dags/example_trigger_controller_dag.py
[2025-05-01T11:58:00.506+0000] {processor.py:830} INFO - Processing file /home/airflow/.local/lib/python3.12/site-packages/airflow/example_dags/example_trigger_controller_dag.py for tasks to queue
[2025-05-01T11:58:00.510+0000] {logging_mixin.py:188} INFO - [2025-05-01T11:58:00.510+0000] {dagbag.py:545} INFO - Filling up the DagBag from /home/airflow/.local/lib/python3.12/site-packages/airflow/example_dags/example_trigger_controller_dag.py
[2025-05-01T11:58:00.525+0000] {processor.py:840} INFO - DAG(s) 'example_trigger_controller_dag' retrieved from /home/airflow/.local/lib/python3.12/site-packages/airflow/example_dags/example_trigger_controller_dag.py
[2025-05-01T11:58:00.580+0000] {logging_mixin.py:188} INFO - [2025-05-01T11:58:00.579+0000] {dag.py:3096} INFO - Sync 1 DAGs
[2025-05-01T11:58:00.643+0000] {logging_mixin.py:188} INFO - [2025-05-01T11:58:00.643+0000] {dag.py:3954} INFO - Setting next_dagrun for example_trigger_controller_dag to 2021-01-01 00:00:00+00:00, run_after=2021-01-01 00:00:00+00:00
[2025-05-01T11:58:00.688+0000] {processor.py:183} INFO - Processing /home/airflow/.local/lib/python3.12/site-packages/airflow/example_dags/example_trigger_controller_dag.py took 0.198 seconds
[2025-05-01T11:58:31.077+0000] {processor.py:161} INFO - Started process (PID=3196) to work on /home/airflow/.local/lib/python3.12/site-packages/airflow/example_dags/example_trigger_controller_dag.py
[2025-05-01T11:58:31.079+0000] {processor.py:830} INFO - Processing file /home/airflow/.local/lib/python3.12/site-packages/airflow/example_dags/example_trigger_controller_dag.py for tasks to queue
[2025-05-01T11:58:31.083+0000] {logging_mixin.py:188} INFO - [2025-05-01T11:58:31.082+0000] {dagbag.py:545} INFO - Filling up the DagBag from /home/airflow/.local/lib/python3.12/site-packages/airflow/example_dags/example_trigger_controller_dag.py
[2025-05-01T11:58:31.093+0000] {processor.py:840} INFO - DAG(s) 'example_trigger_controller_dag' retrieved from /home/airflow/.local/lib/python3.12/site-packages/airflow/example_dags/example_trigger_controller_dag.py
[2025-05-01T11:58:31.133+0000] {logging_mixin.py:188} INFO - [2025-05-01T11:58:31.133+0000] {dag.py:3096} INFO - Sync 1 DAGs
[2025-05-01T11:58:31.210+0000] {logging_mixin.py:188} INFO - [2025-05-01T11:58:31.210+0000] {dag.py:3954} INFO - Setting next_dagrun for example_trigger_controller_dag to 2021-01-01 00:00:00+00:00, run_after=2021-01-01 00:00:00+00:00
[2025-05-01T11:58:31.287+0000] {processor.py:183} INFO - Processing /home/airflow/.local/lib/python3.12/site-packages/airflow/example_dags/example_trigger_controller_dag.py took 0.222 seconds
[2025-05-01T11:59:02.290+0000] {processor.py:161} INFO - Started process (PID=3261) to work on /home/airflow/.local/lib/python3.12/site-packages/airflow/example_dags/example_trigger_controller_dag.py
[2025-05-01T11:59:02.292+0000] {processor.py:830} INFO - Processing file /home/airflow/.local/lib/python3.12/site-packages/airflow/example_dags/example_trigger_controller_dag.py for tasks to queue
[2025-05-01T11:59:02.297+0000] {logging_mixin.py:188} INFO - [2025-05-01T11:59:02.296+0000] {dagbag.py:545} INFO - Filling up the DagBag from /home/airflow/.local/lib/python3.12/site-packages/airflow/example_dags/example_trigger_controller_dag.py
[2025-05-01T11:59:02.310+0000] {processor.py:840} INFO - DAG(s) 'example_trigger_controller_dag' retrieved from /home/airflow/.local/lib/python3.12/site-packages/airflow/example_dags/example_trigger_controller_dag.py
[2025-05-01T11:59:02.352+0000] {logging_mixin.py:188} INFO - [2025-05-01T11:59:02.351+0000] {dag.py:3096} INFO - Sync 1 DAGs
[2025-05-01T11:59:02.404+0000] {logging_mixin.py:188} INFO - [2025-05-01T11:59:02.404+0000] {dag.py:3954} INFO - Setting next_dagrun for example_trigger_controller_dag to 2021-01-01 00:00:00+00:00, run_after=2021-01-01 00:00:00+00:00
[2025-05-01T11:59:02.489+0000] {processor.py:183} INFO - Processing /home/airflow/.local/lib/python3.12/site-packages/airflow/example_dags/example_trigger_controller_dag.py took 0.214 seconds
[2025-05-01T11:59:33.144+0000] {processor.py:161} INFO - Started process (PID=3320) to work on /home/airflow/.local/lib/python3.12/site-packages/airflow/example_dags/example_trigger_controller_dag.py
[2025-05-01T11:59:33.146+0000] {processor.py:830} INFO - Processing file /home/airflow/.local/lib/python3.12/site-packages/airflow/example_dags/example_trigger_controller_dag.py for tasks to queue
[2025-05-01T11:59:33.152+0000] {logging_mixin.py:188} INFO - [2025-05-01T11:59:33.150+0000] {dagbag.py:545} INFO - Filling up the DagBag from /home/airflow/.local/lib/python3.12/site-packages/airflow/example_dags/example_trigger_controller_dag.py
[2025-05-01T11:59:33.161+0000] {processor.py:840} INFO - DAG(s) 'example_trigger_controller_dag' retrieved from /home/airflow/.local/lib/python3.12/site-packages/airflow/example_dags/example_trigger_controller_dag.py
[2025-05-01T11:59:33.203+0000] {logging_mixin.py:188} INFO - [2025-05-01T11:59:33.203+0000] {dag.py:3096} INFO - Sync 1 DAGs
[2025-05-01T11:59:33.254+0000] {logging_mixin.py:188} INFO - [2025-05-01T11:59:33.254+0000] {dag.py:3954} INFO - Setting next_dagrun for example_trigger_controller_dag to 2021-01-01 00:00:00+00:00, run_after=2021-01-01 00:00:00+00:00
[2025-05-01T11:59:33.297+0000] {processor.py:183} INFO - Processing /home/airflow/.local/lib/python3.12/site-packages/airflow/example_dags/example_trigger_controller_dag.py took 0.166 seconds
[2025-05-01T12:00:04.014+0000] {processor.py:161} INFO - Started process (PID=3378) to work on /home/airflow/.local/lib/python3.12/site-packages/airflow/example_dags/example_trigger_controller_dag.py
[2025-05-01T12:00:04.017+0000] {processor.py:830} INFO - Processing file /home/airflow/.local/lib/python3.12/site-packages/airflow/example_dags/example_trigger_controller_dag.py for tasks to queue
[2025-05-01T12:00:04.021+0000] {logging_mixin.py:188} INFO - [2025-05-01T12:00:04.020+0000] {dagbag.py:545} INFO - Filling up the DagBag from /home/airflow/.local/lib/python3.12/site-packages/airflow/example_dags/example_trigger_controller_dag.py
[2025-05-01T12:00:04.032+0000] {processor.py:840} INFO - DAG(s) 'example_trigger_controller_dag' retrieved from /home/airflow/.local/lib/python3.12/site-packages/airflow/example_dags/example_trigger_controller_dag.py
[2025-05-01T12:00:04.081+0000] {logging_mixin.py:188} INFO - [2025-05-01T12:00:04.081+0000] {dag.py:3096} INFO - Sync 1 DAGs
[2025-05-01T12:00:04.141+0000] {logging_mixin.py:188} INFO - [2025-05-01T12:00:04.141+0000] {dag.py:3954} INFO - Setting next_dagrun for example_trigger_controller_dag to 2021-01-01 00:00:00+00:00, run_after=2021-01-01 00:00:00+00:00
[2025-05-01T12:00:04.198+0000] {processor.py:183} INFO - Processing /home/airflow/.local/lib/python3.12/site-packages/airflow/example_dags/example_trigger_controller_dag.py took 0.198 seconds
[2025-05-01T12:00:34.915+0000] {processor.py:161} INFO - Started process (PID=3436) to work on /home/airflow/.local/lib/python3.12/site-packages/airflow/example_dags/example_trigger_controller_dag.py
[2025-05-01T12:00:34.919+0000] {processor.py:830} INFO - Processing file /home/airflow/.local/lib/python3.12/site-packages/airflow/example_dags/example_trigger_controller_dag.py for tasks to queue
[2025-05-01T12:00:34.926+0000] {logging_mixin.py:188} INFO - [2025-05-01T12:00:34.924+0000] {dagbag.py:545} INFO - Filling up the DagBag from /home/airflow/.local/lib/python3.12/site-packages/airflow/example_dags/example_trigger_controller_dag.py
[2025-05-01T12:00:34.942+0000] {processor.py:840} INFO - DAG(s) 'example_trigger_controller_dag' retrieved from /home/airflow/.local/lib/python3.12/site-packages/airflow/example_dags/example_trigger_controller_dag.py
[2025-05-01T12:00:35.003+0000] {logging_mixin.py:188} INFO - [2025-05-01T12:00:35.002+0000] {dag.py:3096} INFO - Sync 1 DAGs
[2025-05-01T12:00:35.072+0000] {logging_mixin.py:188} INFO - [2025-05-01T12:00:35.071+0000] {dag.py:3954} INFO - Setting next_dagrun for example_trigger_controller_dag to 2021-01-01 00:00:00+00:00, run_after=2021-01-01 00:00:00+00:00
[2025-05-01T12:00:35.145+0000] {processor.py:183} INFO - Processing /home/airflow/.local/lib/python3.12/site-packages/airflow/example_dags/example_trigger_controller_dag.py took 0.248 seconds
[2025-05-01T12:01:05.329+0000] {processor.py:161} INFO - Started process (PID=3495) to work on /home/airflow/.local/lib/python3.12/site-packages/airflow/example_dags/example_trigger_controller_dag.py
[2025-05-01T12:01:05.332+0000] {processor.py:830} INFO - Processing file /home/airflow/.local/lib/python3.12/site-packages/airflow/example_dags/example_trigger_controller_dag.py for tasks to queue
[2025-05-01T12:01:05.336+0000] {logging_mixin.py:188} INFO - [2025-05-01T12:01:05.335+0000] {dagbag.py:545} INFO - Filling up the DagBag from /home/airflow/.local/lib/python3.12/site-packages/airflow/example_dags/example_trigger_controller_dag.py
[2025-05-01T12:01:05.346+0000] {processor.py:840} INFO - DAG(s) 'example_trigger_controller_dag' retrieved from /home/airflow/.local/lib/python3.12/site-packages/airflow/example_dags/example_trigger_controller_dag.py
[2025-05-01T12:01:05.394+0000] {logging_mixin.py:188} INFO - [2025-05-01T12:01:05.394+0000] {dag.py:3096} INFO - Sync 1 DAGs
[2025-05-01T12:01:05.446+0000] {logging_mixin.py:188} INFO - [2025-05-01T12:01:05.445+0000] {dag.py:3954} INFO - Setting next_dagrun for example_trigger_controller_dag to 2021-01-01 00:00:00+00:00, run_after=2021-01-01 00:00:00+00:00
[2025-05-01T12:01:05.498+0000] {processor.py:183} INFO - Processing /home/airflow/.local/lib/python3.12/site-packages/airflow/example_dags/example_trigger_controller_dag.py took 0.181 seconds
[2025-05-01T12:01:35.954+0000] {processor.py:161} INFO - Started process (PID=3555) to work on /home/airflow/.local/lib/python3.12/site-packages/airflow/example_dags/example_trigger_controller_dag.py
[2025-05-01T12:01:35.957+0000] {processor.py:830} INFO - Processing file /home/airflow/.local/lib/python3.12/site-packages/airflow/example_dags/example_trigger_controller_dag.py for tasks to queue
[2025-05-01T12:01:35.961+0000] {logging_mixin.py:188} INFO - [2025-05-01T12:01:35.960+0000] {dagbag.py:545} INFO - Filling up the DagBag from /home/airflow/.local/lib/python3.12/site-packages/airflow/example_dags/example_trigger_controller_dag.py
[2025-05-01T12:01:35.970+0000] {processor.py:840} INFO - DAG(s) 'example_trigger_controller_dag' retrieved from /home/airflow/.local/lib/python3.12/site-packages/airflow/example_dags/example_trigger_controller_dag.py
[2025-05-01T12:01:36.011+0000] {logging_mixin.py:188} INFO - [2025-05-01T12:01:36.010+0000] {dag.py:3096} INFO - Sync 1 DAGs
[2025-05-01T12:01:36.060+0000] {logging_mixin.py:188} INFO - [2025-05-01T12:01:36.059+0000] {dag.py:3954} INFO - Setting next_dagrun for example_trigger_controller_dag to 2021-01-01 00:00:00+00:00, run_after=2021-01-01 00:00:00+00:00
[2025-05-01T12:01:36.110+0000] {processor.py:183} INFO - Processing /home/airflow/.local/lib/python3.12/site-packages/airflow/example_dags/example_trigger_controller_dag.py took 0.168 seconds
[2025-05-01T12:02:06.380+0000] {processor.py:161} INFO - Started process (PID=3614) to work on /home/airflow/.local/lib/python3.12/site-packages/airflow/example_dags/example_trigger_controller_dag.py
[2025-05-01T12:02:06.382+0000] {processor.py:830} INFO - Processing file /home/airflow/.local/lib/python3.12/site-packages/airflow/example_dags/example_trigger_controller_dag.py for tasks to queue
[2025-05-01T12:02:06.388+0000] {logging_mixin.py:188} INFO - [2025-05-01T12:02:06.387+0000] {dagbag.py:545} INFO - Filling up the DagBag from /home/airflow/.local/lib/python3.12/site-packages/airflow/example_dags/example_trigger_controller_dag.py
[2025-05-01T12:02:06.402+0000] {processor.py:840} INFO - DAG(s) 'example_trigger_controller_dag' retrieved from /home/airflow/.local/lib/python3.12/site-packages/airflow/example_dags/example_trigger_controller_dag.py
[2025-05-01T12:02:06.459+0000] {logging_mixin.py:188} INFO - [2025-05-01T12:02:06.458+0000] {dag.py:3096} INFO - Sync 1 DAGs
[2025-05-01T12:02:06.531+0000] {logging_mixin.py:188} INFO - [2025-05-01T12:02:06.530+0000] {dag.py:3954} INFO - Setting next_dagrun for example_trigger_controller_dag to 2021-01-01 00:00:00+00:00, run_after=2021-01-01 00:00:00+00:00
[2025-05-01T12:02:06.579+0000] {processor.py:183} INFO - Processing /home/airflow/.local/lib/python3.12/site-packages/airflow/example_dags/example_trigger_controller_dag.py took 0.215 seconds
[2025-05-01T12:02:37.323+0000] {processor.py:161} INFO - Started process (PID=3673) to work on /home/airflow/.local/lib/python3.12/site-packages/airflow/example_dags/example_trigger_controller_dag.py
[2025-05-01T12:02:37.325+0000] {processor.py:830} INFO - Processing file /home/airflow/.local/lib/python3.12/site-packages/airflow/example_dags/example_trigger_controller_dag.py for tasks to queue
[2025-05-01T12:02:37.329+0000] {logging_mixin.py:188} INFO - [2025-05-01T12:02:37.328+0000] {dagbag.py:545} INFO - Filling up the DagBag from /home/airflow/.local/lib/python3.12/site-packages/airflow/example_dags/example_trigger_controller_dag.py
[2025-05-01T12:02:37.340+0000] {processor.py:840} INFO - DAG(s) 'example_trigger_controller_dag' retrieved from /home/airflow/.local/lib/python3.12/site-packages/airflow/example_dags/example_trigger_controller_dag.py
[2025-05-01T12:02:37.386+0000] {logging_mixin.py:188} INFO - [2025-05-01T12:02:37.386+0000] {dag.py:3096} INFO - Sync 1 DAGs
[2025-05-01T12:02:37.444+0000] {logging_mixin.py:188} INFO - [2025-05-01T12:02:37.443+0000] {dag.py:3954} INFO - Setting next_dagrun for example_trigger_controller_dag to 2021-01-01 00:00:00+00:00, run_after=2021-01-01 00:00:00+00:00
[2025-05-01T12:02:37.491+0000] {processor.py:183} INFO - Processing /home/airflow/.local/lib/python3.12/site-packages/airflow/example_dags/example_trigger_controller_dag.py took 0.181 seconds
[2025-05-01T12:03:08.433+0000] {processor.py:161} INFO - Started process (PID=3731) to work on /home/airflow/.local/lib/python3.12/site-packages/airflow/example_dags/example_trigger_controller_dag.py
[2025-05-01T12:03:08.436+0000] {processor.py:830} INFO - Processing file /home/airflow/.local/lib/python3.12/site-packages/airflow/example_dags/example_trigger_controller_dag.py for tasks to queue
[2025-05-01T12:03:08.441+0000] {logging_mixin.py:188} INFO - [2025-05-01T12:03:08.440+0000] {dagbag.py:545} INFO - Filling up the DagBag from /home/airflow/.local/lib/python3.12/site-packages/airflow/example_dags/example_trigger_controller_dag.py
[2025-05-01T12:03:08.452+0000] {processor.py:840} INFO - DAG(s) 'example_trigger_controller_dag' retrieved from /home/airflow/.local/lib/python3.12/site-packages/airflow/example_dags/example_trigger_controller_dag.py
[2025-05-01T12:03:08.500+0000] {logging_mixin.py:188} INFO - [2025-05-01T12:03:08.499+0000] {dag.py:3096} INFO - Sync 1 DAGs
[2025-05-01T12:03:08.546+0000] {logging_mixin.py:188} INFO - [2025-05-01T12:03:08.545+0000] {dag.py:3954} INFO - Setting next_dagrun for example_trigger_controller_dag to 2021-01-01 00:00:00+00:00, run_after=2021-01-01 00:00:00+00:00
[2025-05-01T12:03:08.589+0000] {processor.py:183} INFO - Processing /home/airflow/.local/lib/python3.12/site-packages/airflow/example_dags/example_trigger_controller_dag.py took 0.168 seconds
[2025-05-01T12:03:39.273+0000] {processor.py:161} INFO - Started process (PID=3790) to work on /home/airflow/.local/lib/python3.12/site-packages/airflow/example_dags/example_trigger_controller_dag.py
[2025-05-01T12:03:39.275+0000] {processor.py:830} INFO - Processing file /home/airflow/.local/lib/python3.12/site-packages/airflow/example_dags/example_trigger_controller_dag.py for tasks to queue
[2025-05-01T12:03:39.280+0000] {logging_mixin.py:188} INFO - [2025-05-01T12:03:39.279+0000] {dagbag.py:545} INFO - Filling up the DagBag from /home/airflow/.local/lib/python3.12/site-packages/airflow/example_dags/example_trigger_controller_dag.py
[2025-05-01T12:03:39.292+0000] {processor.py:840} INFO - DAG(s) 'example_trigger_controller_dag' retrieved from /home/airflow/.local/lib/python3.12/site-packages/airflow/example_dags/example_trigger_controller_dag.py
[2025-05-01T12:03:39.347+0000] {logging_mixin.py:188} INFO - [2025-05-01T12:03:39.346+0000] {dag.py:3096} INFO - Sync 1 DAGs
[2025-05-01T12:03:39.415+0000] {logging_mixin.py:188} INFO - [2025-05-01T12:03:39.414+0000] {dag.py:3954} INFO - Setting next_dagrun for example_trigger_controller_dag to 2021-01-01 00:00:00+00:00, run_after=2021-01-01 00:00:00+00:00
[2025-05-01T12:03:39.481+0000] {processor.py:183} INFO - Processing /home/airflow/.local/lib/python3.12/site-packages/airflow/example_dags/example_trigger_controller_dag.py took 0.223 seconds
[2025-05-01T12:04:09.916+0000] {processor.py:161} INFO - Started process (PID=3850) to work on /home/airflow/.local/lib/python3.12/site-packages/airflow/example_dags/example_trigger_controller_dag.py
[2025-05-01T12:04:09.920+0000] {processor.py:830} INFO - Processing file /home/airflow/.local/lib/python3.12/site-packages/airflow/example_dags/example_trigger_controller_dag.py for tasks to queue
[2025-05-01T12:04:09.924+0000] {logging_mixin.py:188} INFO - [2025-05-01T12:04:09.924+0000] {dagbag.py:545} INFO - Filling up the DagBag from /home/airflow/.local/lib/python3.12/site-packages/airflow/example_dags/example_trigger_controller_dag.py
[2025-05-01T12:04:09.936+0000] {processor.py:840} INFO - DAG(s) 'example_trigger_controller_dag' retrieved from /home/airflow/.local/lib/python3.12/site-packages/airflow/example_dags/example_trigger_controller_dag.py
[2025-05-01T12:04:09.983+0000] {logging_mixin.py:188} INFO - [2025-05-01T12:04:09.982+0000] {dag.py:3096} INFO - Sync 1 DAGs
[2025-05-01T12:04:10.038+0000] {logging_mixin.py:188} INFO - [2025-05-01T12:04:10.037+0000] {dag.py:3954} INFO - Setting next_dagrun for example_trigger_controller_dag to 2021-01-01 00:00:00+00:00, run_after=2021-01-01 00:00:00+00:00
[2025-05-01T12:04:10.088+0000] {processor.py:183} INFO - Processing /home/airflow/.local/lib/python3.12/site-packages/airflow/example_dags/example_trigger_controller_dag.py took 0.187 seconds
[2025-05-01T12:04:40.933+0000] {processor.py:161} INFO - Started process (PID=3908) to work on /home/airflow/.local/lib/python3.12/site-packages/airflow/example_dags/example_trigger_controller_dag.py
[2025-05-01T12:04:40.936+0000] {processor.py:830} INFO - Processing file /home/airflow/.local/lib/python3.12/site-packages/airflow/example_dags/example_trigger_controller_dag.py for tasks to queue
[2025-05-01T12:04:40.940+0000] {logging_mixin.py:188} INFO - [2025-05-01T12:04:40.939+0000] {dagbag.py:545} INFO - Filling up the DagBag from /home/airflow/.local/lib/python3.12/site-packages/airflow/example_dags/example_trigger_controller_dag.py
[2025-05-01T12:04:40.952+0000] {processor.py:840} INFO - DAG(s) 'example_trigger_controller_dag' retrieved from /home/airflow/.local/lib/python3.12/site-packages/airflow/example_dags/example_trigger_controller_dag.py
[2025-05-01T12:04:41.008+0000] {logging_mixin.py:188} INFO - [2025-05-01T12:04:41.007+0000] {dag.py:3096} INFO - Sync 1 DAGs
[2025-05-01T12:04:41.070+0000] {logging_mixin.py:188} INFO - [2025-05-01T12:04:41.070+0000] {dag.py:3954} INFO - Setting next_dagrun for example_trigger_controller_dag to 2021-01-01 00:00:00+00:00, run_after=2021-01-01 00:00:00+00:00
[2025-05-01T12:04:41.165+0000] {processor.py:183} INFO - Processing /home/airflow/.local/lib/python3.12/site-packages/airflow/example_dags/example_trigger_controller_dag.py took 0.245 seconds
[2025-05-01T12:05:11.839+0000] {processor.py:161} INFO - Started process (PID=3967) to work on /home/airflow/.local/lib/python3.12/site-packages/airflow/example_dags/example_trigger_controller_dag.py
[2025-05-01T12:05:11.841+0000] {processor.py:830} INFO - Processing file /home/airflow/.local/lib/python3.12/site-packages/airflow/example_dags/example_trigger_controller_dag.py for tasks to queue
[2025-05-01T12:05:11.846+0000] {logging_mixin.py:188} INFO - [2025-05-01T12:05:11.845+0000] {dagbag.py:545} INFO - Filling up the DagBag from /home/airflow/.local/lib/python3.12/site-packages/airflow/example_dags/example_trigger_controller_dag.py
[2025-05-01T12:05:11.855+0000] {processor.py:840} INFO - DAG(s) 'example_trigger_controller_dag' retrieved from /home/airflow/.local/lib/python3.12/site-packages/airflow/example_dags/example_trigger_controller_dag.py
[2025-05-01T12:05:11.913+0000] {logging_mixin.py:188} INFO - [2025-05-01T12:05:11.912+0000] {dag.py:3096} INFO - Sync 1 DAGs
[2025-05-01T12:05:11.965+0000] {logging_mixin.py:188} INFO - [2025-05-01T12:05:11.964+0000] {dag.py:3954} INFO - Setting next_dagrun for example_trigger_controller_dag to 2021-01-01 00:00:00+00:00, run_after=2021-01-01 00:00:00+00:00
[2025-05-01T12:05:12.048+0000] {processor.py:183} INFO - Processing /home/airflow/.local/lib/python3.12/site-packages/airflow/example_dags/example_trigger_controller_dag.py took 0.222 seconds
[2025-05-01T12:05:42.242+0000] {processor.py:161} INFO - Started process (PID=4027) to work on /home/airflow/.local/lib/python3.12/site-packages/airflow/example_dags/example_trigger_controller_dag.py
[2025-05-01T12:05:42.244+0000] {processor.py:830} INFO - Processing file /home/airflow/.local/lib/python3.12/site-packages/airflow/example_dags/example_trigger_controller_dag.py for tasks to queue
[2025-05-01T12:05:42.248+0000] {logging_mixin.py:188} INFO - [2025-05-01T12:05:42.247+0000] {dagbag.py:545} INFO - Filling up the DagBag from /home/airflow/.local/lib/python3.12/site-packages/airflow/example_dags/example_trigger_controller_dag.py
[2025-05-01T12:05:42.261+0000] {processor.py:840} INFO - DAG(s) 'example_trigger_controller_dag' retrieved from /home/airflow/.local/lib/python3.12/site-packages/airflow/example_dags/example_trigger_controller_dag.py
[2025-05-01T12:05:42.343+0000] {logging_mixin.py:188} INFO - [2025-05-01T12:05:42.342+0000] {dag.py:3096} INFO - Sync 1 DAGs
[2025-05-01T12:05:42.391+0000] {logging_mixin.py:188} INFO - [2025-05-01T12:05:42.391+0000] {dag.py:3954} INFO - Setting next_dagrun for example_trigger_controller_dag to 2021-01-01 00:00:00+00:00, run_after=2021-01-01 00:00:00+00:00
[2025-05-01T12:05:42.450+0000] {processor.py:183} INFO - Processing /home/airflow/.local/lib/python3.12/site-packages/airflow/example_dags/example_trigger_controller_dag.py took 0.221 seconds
[2025-05-01T12:06:13.007+0000] {processor.py:161} INFO - Started process (PID=4084) to work on /home/airflow/.local/lib/python3.12/site-packages/airflow/example_dags/example_trigger_controller_dag.py
[2025-05-01T12:06:13.010+0000] {processor.py:830} INFO - Processing file /home/airflow/.local/lib/python3.12/site-packages/airflow/example_dags/example_trigger_controller_dag.py for tasks to queue
[2025-05-01T12:06:13.014+0000] {logging_mixin.py:188} INFO - [2025-05-01T12:06:13.013+0000] {dagbag.py:545} INFO - Filling up the DagBag from /home/airflow/.local/lib/python3.12/site-packages/airflow/example_dags/example_trigger_controller_dag.py
[2025-05-01T12:06:13.023+0000] {processor.py:840} INFO - DAG(s) 'example_trigger_controller_dag' retrieved from /home/airflow/.local/lib/python3.12/site-packages/airflow/example_dags/example_trigger_controller_dag.py
[2025-05-01T12:06:13.060+0000] {logging_mixin.py:188} INFO - [2025-05-01T12:06:13.060+0000] {dag.py:3096} INFO - Sync 1 DAGs
[2025-05-01T12:06:13.108+0000] {logging_mixin.py:188} INFO - [2025-05-01T12:06:13.108+0000] {dag.py:3954} INFO - Setting next_dagrun for example_trigger_controller_dag to 2021-01-01 00:00:00+00:00, run_after=2021-01-01 00:00:00+00:00
[2025-05-01T12:06:13.151+0000] {processor.py:183} INFO - Processing /home/airflow/.local/lib/python3.12/site-packages/airflow/example_dags/example_trigger_controller_dag.py took 0.162 seconds
[2025-05-01T12:06:43.797+0000] {processor.py:161} INFO - Started process (PID=4144) to work on /home/airflow/.local/lib/python3.12/site-packages/airflow/example_dags/example_trigger_controller_dag.py
[2025-05-01T12:06:43.799+0000] {processor.py:830} INFO - Processing file /home/airflow/.local/lib/python3.12/site-packages/airflow/example_dags/example_trigger_controller_dag.py for tasks to queue
[2025-05-01T12:06:43.803+0000] {logging_mixin.py:188} INFO - [2025-05-01T12:06:43.803+0000] {dagbag.py:545} INFO - Filling up the DagBag from /home/airflow/.local/lib/python3.12/site-packages/airflow/example_dags/example_trigger_controller_dag.py
[2025-05-01T12:06:43.816+0000] {processor.py:840} INFO - DAG(s) 'example_trigger_controller_dag' retrieved from /home/airflow/.local/lib/python3.12/site-packages/airflow/example_dags/example_trigger_controller_dag.py
[2025-05-01T12:06:43.878+0000] {logging_mixin.py:188} INFO - [2025-05-01T12:06:43.878+0000] {dag.py:3096} INFO - Sync 1 DAGs
[2025-05-01T12:06:43.946+0000] {logging_mixin.py:188} INFO - [2025-05-01T12:06:43.945+0000] {dag.py:3954} INFO - Setting next_dagrun for example_trigger_controller_dag to 2021-01-01 00:00:00+00:00, run_after=2021-01-01 00:00:00+00:00
[2025-05-01T12:06:44.028+0000] {processor.py:183} INFO - Processing /home/airflow/.local/lib/python3.12/site-packages/airflow/example_dags/example_trigger_controller_dag.py took 0.247 seconds
[2025-05-01T12:07:14.851+0000] {processor.py:161} INFO - Started process (PID=4203) to work on /home/airflow/.local/lib/python3.12/site-packages/airflow/example_dags/example_trigger_controller_dag.py
[2025-05-01T12:07:14.854+0000] {processor.py:830} INFO - Processing file /home/airflow/.local/lib/python3.12/site-packages/airflow/example_dags/example_trigger_controller_dag.py for tasks to queue
[2025-05-01T12:07:14.859+0000] {logging_mixin.py:188} INFO - [2025-05-01T12:07:14.858+0000] {dagbag.py:545} INFO - Filling up the DagBag from /home/airflow/.local/lib/python3.12/site-packages/airflow/example_dags/example_trigger_controller_dag.py
[2025-05-01T12:07:14.873+0000] {processor.py:840} INFO - DAG(s) 'example_trigger_controller_dag' retrieved from /home/airflow/.local/lib/python3.12/site-packages/airflow/example_dags/example_trigger_controller_dag.py
[2025-05-01T12:07:14.932+0000] {logging_mixin.py:188} INFO - [2025-05-01T12:07:14.930+0000] {dag.py:3096} INFO - Sync 1 DAGs
[2025-05-01T12:07:14.997+0000] {logging_mixin.py:188} INFO - [2025-05-01T12:07:14.997+0000] {dag.py:3954} INFO - Setting next_dagrun for example_trigger_controller_dag to 2021-01-01 00:00:00+00:00, run_after=2021-01-01 00:00:00+00:00
[2025-05-01T12:07:15.063+0000] {processor.py:183} INFO - Processing /home/airflow/.local/lib/python3.12/site-packages/airflow/example_dags/example_trigger_controller_dag.py took 0.235 seconds
[2025-05-01T12:07:45.223+0000] {processor.py:161} INFO - Started process (PID=4262) to work on /home/airflow/.local/lib/python3.12/site-packages/airflow/example_dags/example_trigger_controller_dag.py
[2025-05-01T12:07:45.225+0000] {processor.py:830} INFO - Processing file /home/airflow/.local/lib/python3.12/site-packages/airflow/example_dags/example_trigger_controller_dag.py for tasks to queue
[2025-05-01T12:07:45.229+0000] {logging_mixin.py:188} INFO - [2025-05-01T12:07:45.228+0000] {dagbag.py:545} INFO - Filling up the DagBag from /home/airflow/.local/lib/python3.12/site-packages/airflow/example_dags/example_trigger_controller_dag.py
[2025-05-01T12:07:45.241+0000] {processor.py:840} INFO - DAG(s) 'example_trigger_controller_dag' retrieved from /home/airflow/.local/lib/python3.12/site-packages/airflow/example_dags/example_trigger_controller_dag.py
[2025-05-01T12:07:45.292+0000] {logging_mixin.py:188} INFO - [2025-05-01T12:07:45.292+0000] {dag.py:3096} INFO - Sync 1 DAGs
[2025-05-01T12:07:45.353+0000] {logging_mixin.py:188} INFO - [2025-05-01T12:07:45.353+0000] {dag.py:3954} INFO - Setting next_dagrun for example_trigger_controller_dag to 2021-01-01 00:00:00+00:00, run_after=2021-01-01 00:00:00+00:00
[2025-05-01T12:07:45.422+0000] {processor.py:183} INFO - Processing /home/airflow/.local/lib/python3.12/site-packages/airflow/example_dags/example_trigger_controller_dag.py took 0.210 seconds
[2025-05-01T12:08:16.366+0000] {processor.py:161} INFO - Started process (PID=4321) to work on /home/airflow/.local/lib/python3.12/site-packages/airflow/example_dags/example_trigger_controller_dag.py
[2025-05-01T12:08:16.368+0000] {processor.py:830} INFO - Processing file /home/airflow/.local/lib/python3.12/site-packages/airflow/example_dags/example_trigger_controller_dag.py for tasks to queue
[2025-05-01T12:08:16.374+0000] {logging_mixin.py:188} INFO - [2025-05-01T12:08:16.372+0000] {dagbag.py:545} INFO - Filling up the DagBag from /home/airflow/.local/lib/python3.12/site-packages/airflow/example_dags/example_trigger_controller_dag.py
[2025-05-01T12:08:16.387+0000] {processor.py:840} INFO - DAG(s) 'example_trigger_controller_dag' retrieved from /home/airflow/.local/lib/python3.12/site-packages/airflow/example_dags/example_trigger_controller_dag.py
[2025-05-01T12:08:16.440+0000] {logging_mixin.py:188} INFO - [2025-05-01T12:08:16.440+0000] {dag.py:3096} INFO - Sync 1 DAGs
[2025-05-01T12:08:16.515+0000] {logging_mixin.py:188} INFO - [2025-05-01T12:08:16.514+0000] {dag.py:3954} INFO - Setting next_dagrun for example_trigger_controller_dag to 2021-01-01 00:00:00+00:00, run_after=2021-01-01 00:00:00+00:00
[2025-05-01T12:08:16.594+0000] {processor.py:183} INFO - Processing /home/airflow/.local/lib/python3.12/site-packages/airflow/example_dags/example_trigger_controller_dag.py took 0.243 seconds
[2025-05-01T12:08:46.756+0000] {processor.py:161} INFO - Started process (PID=4380) to work on /home/airflow/.local/lib/python3.12/site-packages/airflow/example_dags/example_trigger_controller_dag.py
[2025-05-01T12:08:46.758+0000] {processor.py:830} INFO - Processing file /home/airflow/.local/lib/python3.12/site-packages/airflow/example_dags/example_trigger_controller_dag.py for tasks to queue
[2025-05-01T12:08:46.764+0000] {logging_mixin.py:188} INFO - [2025-05-01T12:08:46.763+0000] {dagbag.py:545} INFO - Filling up the DagBag from /home/airflow/.local/lib/python3.12/site-packages/airflow/example_dags/example_trigger_controller_dag.py
[2025-05-01T12:08:46.778+0000] {processor.py:840} INFO - DAG(s) 'example_trigger_controller_dag' retrieved from /home/airflow/.local/lib/python3.12/site-packages/airflow/example_dags/example_trigger_controller_dag.py
[2025-05-01T12:08:46.823+0000] {logging_mixin.py:188} INFO - [2025-05-01T12:08:46.823+0000] {dag.py:3096} INFO - Sync 1 DAGs
[2025-05-01T12:08:46.873+0000] {logging_mixin.py:188} INFO - [2025-05-01T12:08:46.872+0000] {dag.py:3954} INFO - Setting next_dagrun for example_trigger_controller_dag to 2021-01-01 00:00:00+00:00, run_after=2021-01-01 00:00:00+00:00
[2025-05-01T12:08:46.922+0000] {processor.py:183} INFO - Processing /home/airflow/.local/lib/python3.12/site-packages/airflow/example_dags/example_trigger_controller_dag.py took 0.182 seconds
[2025-05-01T12:09:17.286+0000] {processor.py:161} INFO - Started process (PID=4440) to work on /home/airflow/.local/lib/python3.12/site-packages/airflow/example_dags/example_trigger_controller_dag.py
[2025-05-01T12:09:17.288+0000] {processor.py:830} INFO - Processing file /home/airflow/.local/lib/python3.12/site-packages/airflow/example_dags/example_trigger_controller_dag.py for tasks to queue
[2025-05-01T12:09:17.293+0000] {logging_mixin.py:188} INFO - [2025-05-01T12:09:17.292+0000] {dagbag.py:545} INFO - Filling up the DagBag from /home/airflow/.local/lib/python3.12/site-packages/airflow/example_dags/example_trigger_controller_dag.py
[2025-05-01T12:09:17.304+0000] {processor.py:840} INFO - DAG(s) 'example_trigger_controller_dag' retrieved from /home/airflow/.local/lib/python3.12/site-packages/airflow/example_dags/example_trigger_controller_dag.py
[2025-05-01T12:09:17.346+0000] {logging_mixin.py:188} INFO - [2025-05-01T12:09:17.345+0000] {dag.py:3096} INFO - Sync 1 DAGs
[2025-05-01T12:09:17.396+0000] {logging_mixin.py:188} INFO - [2025-05-01T12:09:17.396+0000] {dag.py:3954} INFO - Setting next_dagrun for example_trigger_controller_dag to 2021-01-01 00:00:00+00:00, run_after=2021-01-01 00:00:00+00:00
[2025-05-01T12:09:17.439+0000] {processor.py:183} INFO - Processing /home/airflow/.local/lib/python3.12/site-packages/airflow/example_dags/example_trigger_controller_dag.py took 0.165 seconds
[2025-05-01T12:09:48.396+0000] {processor.py:161} INFO - Started process (PID=4499) to work on /home/airflow/.local/lib/python3.12/site-packages/airflow/example_dags/example_trigger_controller_dag.py
[2025-05-01T12:09:48.398+0000] {processor.py:830} INFO - Processing file /home/airflow/.local/lib/python3.12/site-packages/airflow/example_dags/example_trigger_controller_dag.py for tasks to queue
[2025-05-01T12:09:48.403+0000] {logging_mixin.py:188} INFO - [2025-05-01T12:09:48.402+0000] {dagbag.py:545} INFO - Filling up the DagBag from /home/airflow/.local/lib/python3.12/site-packages/airflow/example_dags/example_trigger_controller_dag.py
[2025-05-01T12:09:48.417+0000] {processor.py:840} INFO - DAG(s) 'example_trigger_controller_dag' retrieved from /home/airflow/.local/lib/python3.12/site-packages/airflow/example_dags/example_trigger_controller_dag.py
[2025-05-01T12:09:48.458+0000] {logging_mixin.py:188} INFO - [2025-05-01T12:09:48.457+0000] {dag.py:3096} INFO - Sync 1 DAGs
[2025-05-01T12:09:48.504+0000] {logging_mixin.py:188} INFO - [2025-05-01T12:09:48.504+0000] {dag.py:3954} INFO - Setting next_dagrun for example_trigger_controller_dag to 2021-01-01 00:00:00+00:00, run_after=2021-01-01 00:00:00+00:00
[2025-05-01T12:09:48.568+0000] {processor.py:183} INFO - Processing /home/airflow/.local/lib/python3.12/site-packages/airflow/example_dags/example_trigger_controller_dag.py took 0.209 seconds
[2025-05-01T12:10:19.538+0000] {processor.py:161} INFO - Started process (PID=4558) to work on /home/airflow/.local/lib/python3.12/site-packages/airflow/example_dags/example_trigger_controller_dag.py
[2025-05-01T12:10:19.542+0000] {processor.py:830} INFO - Processing file /home/airflow/.local/lib/python3.12/site-packages/airflow/example_dags/example_trigger_controller_dag.py for tasks to queue
[2025-05-01T12:10:19.547+0000] {logging_mixin.py:188} INFO - [2025-05-01T12:10:19.546+0000] {dagbag.py:545} INFO - Filling up the DagBag from /home/airflow/.local/lib/python3.12/site-packages/airflow/example_dags/example_trigger_controller_dag.py
[2025-05-01T12:10:19.559+0000] {processor.py:840} INFO - DAG(s) 'example_trigger_controller_dag' retrieved from /home/airflow/.local/lib/python3.12/site-packages/airflow/example_dags/example_trigger_controller_dag.py
[2025-05-01T12:10:19.613+0000] {logging_mixin.py:188} INFO - [2025-05-01T12:10:19.612+0000] {dag.py:3096} INFO - Sync 1 DAGs
[2025-05-01T12:10:19.674+0000] {logging_mixin.py:188} INFO - [2025-05-01T12:10:19.673+0000] {dag.py:3954} INFO - Setting next_dagrun for example_trigger_controller_dag to 2021-01-01 00:00:00+00:00, run_after=2021-01-01 00:00:00+00:00
[2025-05-01T12:10:19.778+0000] {processor.py:183} INFO - Processing /home/airflow/.local/lib/python3.12/site-packages/airflow/example_dags/example_trigger_controller_dag.py took 0.254 seconds
[2025-05-01T12:10:50.509+0000] {processor.py:161} INFO - Started process (PID=4617) to work on /home/airflow/.local/lib/python3.12/site-packages/airflow/example_dags/example_trigger_controller_dag.py
[2025-05-01T12:10:50.512+0000] {processor.py:830} INFO - Processing file /home/airflow/.local/lib/python3.12/site-packages/airflow/example_dags/example_trigger_controller_dag.py for tasks to queue
[2025-05-01T12:10:50.516+0000] {logging_mixin.py:188} INFO - [2025-05-01T12:10:50.516+0000] {dagbag.py:545} INFO - Filling up the DagBag from /home/airflow/.local/lib/python3.12/site-packages/airflow/example_dags/example_trigger_controller_dag.py
[2025-05-01T12:10:50.528+0000] {processor.py:840} INFO - DAG(s) 'example_trigger_controller_dag' retrieved from /home/airflow/.local/lib/python3.12/site-packages/airflow/example_dags/example_trigger_controller_dag.py
[2025-05-01T12:10:50.582+0000] {logging_mixin.py:188} INFO - [2025-05-01T12:10:50.581+0000] {dag.py:3096} INFO - Sync 1 DAGs
[2025-05-01T12:10:50.651+0000] {logging_mixin.py:188} INFO - [2025-05-01T12:10:50.651+0000] {dag.py:3954} INFO - Setting next_dagrun for example_trigger_controller_dag to 2021-01-01 00:00:00+00:00, run_after=2021-01-01 00:00:00+00:00
[2025-05-01T12:10:50.707+0000] {processor.py:183} INFO - Processing /home/airflow/.local/lib/python3.12/site-packages/airflow/example_dags/example_trigger_controller_dag.py took 0.213 seconds
[2025-05-01T12:11:21.019+0000] {processor.py:161} INFO - Started process (PID=4676) to work on /home/airflow/.local/lib/python3.12/site-packages/airflow/example_dags/example_trigger_controller_dag.py
[2025-05-01T12:11:21.021+0000] {processor.py:830} INFO - Processing file /home/airflow/.local/lib/python3.12/site-packages/airflow/example_dags/example_trigger_controller_dag.py for tasks to queue
[2025-05-01T12:11:21.025+0000] {logging_mixin.py:188} INFO - [2025-05-01T12:11:21.024+0000] {dagbag.py:545} INFO - Filling up the DagBag from /home/airflow/.local/lib/python3.12/site-packages/airflow/example_dags/example_trigger_controller_dag.py
[2025-05-01T12:11:21.035+0000] {processor.py:840} INFO - DAG(s) 'example_trigger_controller_dag' retrieved from /home/airflow/.local/lib/python3.12/site-packages/airflow/example_dags/example_trigger_controller_dag.py
[2025-05-01T12:11:21.077+0000] {logging_mixin.py:188} INFO - [2025-05-01T12:11:21.077+0000] {dag.py:3096} INFO - Sync 1 DAGs
[2025-05-01T12:11:21.129+0000] {logging_mixin.py:188} INFO - [2025-05-01T12:11:21.129+0000] {dag.py:3954} INFO - Setting next_dagrun for example_trigger_controller_dag to 2021-01-01 00:00:00+00:00, run_after=2021-01-01 00:00:00+00:00
[2025-05-01T12:11:21.169+0000] {processor.py:183} INFO - Processing /home/airflow/.local/lib/python3.12/site-packages/airflow/example_dags/example_trigger_controller_dag.py took 0.162 seconds
[2025-05-01T12:11:51.996+0000] {processor.py:161} INFO - Started process (PID=4735) to work on /home/airflow/.local/lib/python3.12/site-packages/airflow/example_dags/example_trigger_controller_dag.py
[2025-05-01T12:11:51.999+0000] {processor.py:830} INFO - Processing file /home/airflow/.local/lib/python3.12/site-packages/airflow/example_dags/example_trigger_controller_dag.py for tasks to queue
[2025-05-01T12:11:52.003+0000] {logging_mixin.py:188} INFO - [2025-05-01T12:11:52.002+0000] {dagbag.py:545} INFO - Filling up the DagBag from /home/airflow/.local/lib/python3.12/site-packages/airflow/example_dags/example_trigger_controller_dag.py
[2025-05-01T12:11:52.016+0000] {processor.py:840} INFO - DAG(s) 'example_trigger_controller_dag' retrieved from /home/airflow/.local/lib/python3.12/site-packages/airflow/example_dags/example_trigger_controller_dag.py
[2025-05-01T12:11:52.067+0000] {logging_mixin.py:188} INFO - [2025-05-01T12:11:52.066+0000] {dag.py:3096} INFO - Sync 1 DAGs
[2025-05-01T12:11:52.157+0000] {logging_mixin.py:188} INFO - [2025-05-01T12:11:52.156+0000] {dag.py:3954} INFO - Setting next_dagrun for example_trigger_controller_dag to 2021-01-01 00:00:00+00:00, run_after=2021-01-01 00:00:00+00:00
[2025-05-01T12:11:52.215+0000] {processor.py:183} INFO - Processing /home/airflow/.local/lib/python3.12/site-packages/airflow/example_dags/example_trigger_controller_dag.py took 0.231 seconds
[2025-05-01T12:12:23.521+0000] {processor.py:161} INFO - Started process (PID=4794) to work on /home/airflow/.local/lib/python3.12/site-packages/airflow/example_dags/example_trigger_controller_dag.py
[2025-05-01T12:12:23.524+0000] {processor.py:830} INFO - Processing file /home/airflow/.local/lib/python3.12/site-packages/airflow/example_dags/example_trigger_controller_dag.py for tasks to queue
[2025-05-01T12:12:23.528+0000] {logging_mixin.py:188} INFO - [2025-05-01T12:12:23.527+0000] {dagbag.py:545} INFO - Filling up the DagBag from /home/airflow/.local/lib/python3.12/site-packages/airflow/example_dags/example_trigger_controller_dag.py
[2025-05-01T12:12:23.541+0000] {processor.py:840} INFO - DAG(s) 'example_trigger_controller_dag' retrieved from /home/airflow/.local/lib/python3.12/site-packages/airflow/example_dags/example_trigger_controller_dag.py
[2025-05-01T12:12:23.589+0000] {logging_mixin.py:188} INFO - [2025-05-01T12:12:23.589+0000] {dag.py:3096} INFO - Sync 1 DAGs
[2025-05-01T12:12:23.645+0000] {logging_mixin.py:188} INFO - [2025-05-01T12:12:23.645+0000] {dag.py:3954} INFO - Setting next_dagrun for example_trigger_controller_dag to 2021-01-01 00:00:00+00:00, run_after=2021-01-01 00:00:00+00:00
[2025-05-01T12:12:23.734+0000] {processor.py:183} INFO - Processing /home/airflow/.local/lib/python3.12/site-packages/airflow/example_dags/example_trigger_controller_dag.py took 0.227 seconds
[2025-05-01T12:12:54.301+0000] {processor.py:161} INFO - Started process (PID=4853) to work on /home/airflow/.local/lib/python3.12/site-packages/airflow/example_dags/example_trigger_controller_dag.py
[2025-05-01T12:12:54.303+0000] {processor.py:830} INFO - Processing file /home/airflow/.local/lib/python3.12/site-packages/airflow/example_dags/example_trigger_controller_dag.py for tasks to queue
[2025-05-01T12:12:54.309+0000] {logging_mixin.py:188} INFO - [2025-05-01T12:12:54.308+0000] {dagbag.py:545} INFO - Filling up the DagBag from /home/airflow/.local/lib/python3.12/site-packages/airflow/example_dags/example_trigger_controller_dag.py
[2025-05-01T12:12:54.320+0000] {processor.py:840} INFO - DAG(s) 'example_trigger_controller_dag' retrieved from /home/airflow/.local/lib/python3.12/site-packages/airflow/example_dags/example_trigger_controller_dag.py
[2025-05-01T12:12:54.366+0000] {logging_mixin.py:188} INFO - [2025-05-01T12:12:54.366+0000] {dag.py:3096} INFO - Sync 1 DAGs
[2025-05-01T12:12:54.419+0000] {logging_mixin.py:188} INFO - [2025-05-01T12:12:54.418+0000] {dag.py:3954} INFO - Setting next_dagrun for example_trigger_controller_dag to 2021-01-01 00:00:00+00:00, run_after=2021-01-01 00:00:00+00:00
[2025-05-01T12:12:54.466+0000] {processor.py:183} INFO - Processing /home/airflow/.local/lib/python3.12/site-packages/airflow/example_dags/example_trigger_controller_dag.py took 0.185 seconds
[2025-05-01T12:13:25.485+0000] {processor.py:161} INFO - Started process (PID=4913) to work on /home/airflow/.local/lib/python3.12/site-packages/airflow/example_dags/example_trigger_controller_dag.py
[2025-05-01T12:13:25.487+0000] {processor.py:830} INFO - Processing file /home/airflow/.local/lib/python3.12/site-packages/airflow/example_dags/example_trigger_controller_dag.py for tasks to queue
[2025-05-01T12:13:25.491+0000] {logging_mixin.py:188} INFO - [2025-05-01T12:13:25.490+0000] {dagbag.py:545} INFO - Filling up the DagBag from /home/airflow/.local/lib/python3.12/site-packages/airflow/example_dags/example_trigger_controller_dag.py
[2025-05-01T12:13:25.502+0000] {processor.py:840} INFO - DAG(s) 'example_trigger_controller_dag' retrieved from /home/airflow/.local/lib/python3.12/site-packages/airflow/example_dags/example_trigger_controller_dag.py
[2025-05-01T12:13:25.546+0000] {logging_mixin.py:188} INFO - [2025-05-01T12:13:25.545+0000] {dag.py:3096} INFO - Sync 1 DAGs
[2025-05-01T12:13:25.593+0000] {logging_mixin.py:188} INFO - [2025-05-01T12:13:25.592+0000] {dag.py:3954} INFO - Setting next_dagrun for example_trigger_controller_dag to 2021-01-01 00:00:00+00:00, run_after=2021-01-01 00:00:00+00:00
[2025-05-01T12:13:25.644+0000] {processor.py:183} INFO - Processing /home/airflow/.local/lib/python3.12/site-packages/airflow/example_dags/example_trigger_controller_dag.py took 0.172 seconds
[2025-05-01T12:13:56.752+0000] {processor.py:161} INFO - Started process (PID=4972) to work on /home/airflow/.local/lib/python3.12/site-packages/airflow/example_dags/example_trigger_controller_dag.py
[2025-05-01T12:13:56.755+0000] {processor.py:830} INFO - Processing file /home/airflow/.local/lib/python3.12/site-packages/airflow/example_dags/example_trigger_controller_dag.py for tasks to queue
[2025-05-01T12:13:56.760+0000] {logging_mixin.py:188} INFO - [2025-05-01T12:13:56.759+0000] {dagbag.py:545} INFO - Filling up the DagBag from /home/airflow/.local/lib/python3.12/site-packages/airflow/example_dags/example_trigger_controller_dag.py
[2025-05-01T12:13:56.773+0000] {processor.py:840} INFO - DAG(s) 'example_trigger_controller_dag' retrieved from /home/airflow/.local/lib/python3.12/site-packages/airflow/example_dags/example_trigger_controller_dag.py
[2025-05-01T12:13:56.832+0000] {logging_mixin.py:188} INFO - [2025-05-01T12:13:56.831+0000] {dag.py:3096} INFO - Sync 1 DAGs
[2025-05-01T12:13:56.901+0000] {logging_mixin.py:188} INFO - [2025-05-01T12:13:56.900+0000] {dag.py:3954} INFO - Setting next_dagrun for example_trigger_controller_dag to 2021-01-01 00:00:00+00:00, run_after=2021-01-01 00:00:00+00:00
[2025-05-01T12:13:56.959+0000] {processor.py:183} INFO - Processing /home/airflow/.local/lib/python3.12/site-packages/airflow/example_dags/example_trigger_controller_dag.py took 0.222 seconds
[2025-05-01T12:14:27.264+0000] {processor.py:161} INFO - Started process (PID=5032) to work on /home/airflow/.local/lib/python3.12/site-packages/airflow/example_dags/example_trigger_controller_dag.py
[2025-05-01T12:14:27.266+0000] {processor.py:830} INFO - Processing file /home/airflow/.local/lib/python3.12/site-packages/airflow/example_dags/example_trigger_controller_dag.py for tasks to queue
[2025-05-01T12:14:27.270+0000] {logging_mixin.py:188} INFO - [2025-05-01T12:14:27.270+0000] {dagbag.py:545} INFO - Filling up the DagBag from /home/airflow/.local/lib/python3.12/site-packages/airflow/example_dags/example_trigger_controller_dag.py
[2025-05-01T12:14:27.280+0000] {processor.py:840} INFO - DAG(s) 'example_trigger_controller_dag' retrieved from /home/airflow/.local/lib/python3.12/site-packages/airflow/example_dags/example_trigger_controller_dag.py
[2025-05-01T12:14:27.322+0000] {logging_mixin.py:188} INFO - [2025-05-01T12:14:27.322+0000] {dag.py:3096} INFO - Sync 1 DAGs
[2025-05-01T12:14:27.372+0000] {logging_mixin.py:188} INFO - [2025-05-01T12:14:27.371+0000] {dag.py:3954} INFO - Setting next_dagrun for example_trigger_controller_dag to 2021-01-01 00:00:00+00:00, run_after=2021-01-01 00:00:00+00:00
[2025-05-01T12:14:27.417+0000] {processor.py:183} INFO - Processing /home/airflow/.local/lib/python3.12/site-packages/airflow/example_dags/example_trigger_controller_dag.py took 0.164 seconds
[2025-05-01T12:14:57.747+0000] {processor.py:161} INFO - Started process (PID=5091) to work on /home/airflow/.local/lib/python3.12/site-packages/airflow/example_dags/example_trigger_controller_dag.py
[2025-05-01T12:14:57.749+0000] {processor.py:830} INFO - Processing file /home/airflow/.local/lib/python3.12/site-packages/airflow/example_dags/example_trigger_controller_dag.py for tasks to queue
[2025-05-01T12:14:57.754+0000] {logging_mixin.py:188} INFO - [2025-05-01T12:14:57.753+0000] {dagbag.py:545} INFO - Filling up the DagBag from /home/airflow/.local/lib/python3.12/site-packages/airflow/example_dags/example_trigger_controller_dag.py
[2025-05-01T12:14:57.764+0000] {processor.py:840} INFO - DAG(s) 'example_trigger_controller_dag' retrieved from /home/airflow/.local/lib/python3.12/site-packages/airflow/example_dags/example_trigger_controller_dag.py
[2025-05-01T12:14:57.811+0000] {logging_mixin.py:188} INFO - [2025-05-01T12:14:57.810+0000] {dag.py:3096} INFO - Sync 1 DAGs
[2025-05-01T12:14:57.858+0000] {logging_mixin.py:188} INFO - [2025-05-01T12:14:57.858+0000] {dag.py:3954} INFO - Setting next_dagrun for example_trigger_controller_dag to 2021-01-01 00:00:00+00:00, run_after=2021-01-01 00:00:00+00:00
[2025-05-01T12:14:57.908+0000] {processor.py:183} INFO - Processing /home/airflow/.local/lib/python3.12/site-packages/airflow/example_dags/example_trigger_controller_dag.py took 0.174 seconds
[2025-05-01T12:15:28.444+0000] {processor.py:161} INFO - Started process (PID=5151) to work on /home/airflow/.local/lib/python3.12/site-packages/airflow/example_dags/example_trigger_controller_dag.py
[2025-05-01T12:15:28.446+0000] {processor.py:830} INFO - Processing file /home/airflow/.local/lib/python3.12/site-packages/airflow/example_dags/example_trigger_controller_dag.py for tasks to queue
[2025-05-01T12:15:28.450+0000] {logging_mixin.py:188} INFO - [2025-05-01T12:15:28.449+0000] {dagbag.py:545} INFO - Filling up the DagBag from /home/airflow/.local/lib/python3.12/site-packages/airflow/example_dags/example_trigger_controller_dag.py
[2025-05-01T12:15:28.460+0000] {processor.py:840} INFO - DAG(s) 'example_trigger_controller_dag' retrieved from /home/airflow/.local/lib/python3.12/site-packages/airflow/example_dags/example_trigger_controller_dag.py
[2025-05-01T12:15:28.504+0000] {logging_mixin.py:188} INFO - [2025-05-01T12:15:28.504+0000] {dag.py:3096} INFO - Sync 1 DAGs
[2025-05-01T12:15:28.560+0000] {logging_mixin.py:188} INFO - [2025-05-01T12:15:28.559+0000] {dag.py:3954} INFO - Setting next_dagrun for example_trigger_controller_dag to 2021-01-01 00:00:00+00:00, run_after=2021-01-01 00:00:00+00:00
[2025-05-01T12:15:28.647+0000] {processor.py:183} INFO - Processing /home/airflow/.local/lib/python3.12/site-packages/airflow/example_dags/example_trigger_controller_dag.py took 0.216 seconds
[2025-05-01T12:15:58.869+0000] {processor.py:161} INFO - Started process (PID=5210) to work on /home/airflow/.local/lib/python3.12/site-packages/airflow/example_dags/example_trigger_controller_dag.py
[2025-05-01T12:15:58.871+0000] {processor.py:830} INFO - Processing file /home/airflow/.local/lib/python3.12/site-packages/airflow/example_dags/example_trigger_controller_dag.py for tasks to queue
[2025-05-01T12:15:58.876+0000] {logging_mixin.py:188} INFO - [2025-05-01T12:15:58.875+0000] {dagbag.py:545} INFO - Filling up the DagBag from /home/airflow/.local/lib/python3.12/site-packages/airflow/example_dags/example_trigger_controller_dag.py
[2025-05-01T12:15:58.889+0000] {processor.py:840} INFO - DAG(s) 'example_trigger_controller_dag' retrieved from /home/airflow/.local/lib/python3.12/site-packages/airflow/example_dags/example_trigger_controller_dag.py
[2025-05-01T12:15:58.932+0000] {logging_mixin.py:188} INFO - [2025-05-01T12:15:58.931+0000] {dag.py:3096} INFO - Sync 1 DAGs
[2025-05-01T12:15:59.014+0000] {logging_mixin.py:188} INFO - [2025-05-01T12:15:59.013+0000] {dag.py:3954} INFO - Setting next_dagrun for example_trigger_controller_dag to 2021-01-01 00:00:00+00:00, run_after=2021-01-01 00:00:00+00:00
[2025-05-01T12:15:59.110+0000] {processor.py:183} INFO - Processing /home/airflow/.local/lib/python3.12/site-packages/airflow/example_dags/example_trigger_controller_dag.py took 0.256 seconds
[2025-05-01T12:16:30.091+0000] {processor.py:161} INFO - Started process (PID=5270) to work on /home/airflow/.local/lib/python3.12/site-packages/airflow/example_dags/example_trigger_controller_dag.py
[2025-05-01T12:16:30.093+0000] {processor.py:830} INFO - Processing file /home/airflow/.local/lib/python3.12/site-packages/airflow/example_dags/example_trigger_controller_dag.py for tasks to queue
[2025-05-01T12:16:30.100+0000] {logging_mixin.py:188} INFO - [2025-05-01T12:16:30.099+0000] {dagbag.py:545} INFO - Filling up the DagBag from /home/airflow/.local/lib/python3.12/site-packages/airflow/example_dags/example_trigger_controller_dag.py
[2025-05-01T12:16:30.110+0000] {processor.py:840} INFO - DAG(s) 'example_trigger_controller_dag' retrieved from /home/airflow/.local/lib/python3.12/site-packages/airflow/example_dags/example_trigger_controller_dag.py
[2025-05-01T12:16:30.165+0000] {logging_mixin.py:188} INFO - [2025-05-01T12:16:30.165+0000] {dag.py:3096} INFO - Sync 1 DAGs
[2025-05-01T12:16:30.218+0000] {logging_mixin.py:188} INFO - [2025-05-01T12:16:30.217+0000] {dag.py:3954} INFO - Setting next_dagrun for example_trigger_controller_dag to 2021-01-01 00:00:00+00:00, run_after=2021-01-01 00:00:00+00:00
[2025-05-01T12:16:30.295+0000] {processor.py:183} INFO - Processing /home/airflow/.local/lib/python3.12/site-packages/airflow/example_dags/example_trigger_controller_dag.py took 0.220 seconds
[2025-05-01T12:17:00.856+0000] {processor.py:161} INFO - Started process (PID=5330) to work on /home/airflow/.local/lib/python3.12/site-packages/airflow/example_dags/example_trigger_controller_dag.py
[2025-05-01T12:17:00.859+0000] {processor.py:830} INFO - Processing file /home/airflow/.local/lib/python3.12/site-packages/airflow/example_dags/example_trigger_controller_dag.py for tasks to queue
[2025-05-01T12:17:00.863+0000] {logging_mixin.py:188} INFO - [2025-05-01T12:17:00.862+0000] {dagbag.py:545} INFO - Filling up the DagBag from /home/airflow/.local/lib/python3.12/site-packages/airflow/example_dags/example_trigger_controller_dag.py
[2025-05-01T12:17:00.877+0000] {processor.py:840} INFO - DAG(s) 'example_trigger_controller_dag' retrieved from /home/airflow/.local/lib/python3.12/site-packages/airflow/example_dags/example_trigger_controller_dag.py
[2025-05-01T12:17:00.919+0000] {logging_mixin.py:188} INFO - [2025-05-01T12:17:00.919+0000] {dag.py:3096} INFO - Sync 1 DAGs
[2025-05-01T12:17:00.968+0000] {logging_mixin.py:188} INFO - [2025-05-01T12:17:00.967+0000] {dag.py:3954} INFO - Setting next_dagrun for example_trigger_controller_dag to 2021-01-01 00:00:00+00:00, run_after=2021-01-01 00:00:00+00:00
[2025-05-01T12:17:01.015+0000] {processor.py:183} INFO - Processing /home/airflow/.local/lib/python3.12/site-packages/airflow/example_dags/example_trigger_controller_dag.py took 0.170 seconds
[2025-05-01T12:17:31.639+0000] {processor.py:161} INFO - Started process (PID=5389) to work on /home/airflow/.local/lib/python3.12/site-packages/airflow/example_dags/example_trigger_controller_dag.py
[2025-05-01T12:17:31.642+0000] {processor.py:830} INFO - Processing file /home/airflow/.local/lib/python3.12/site-packages/airflow/example_dags/example_trigger_controller_dag.py for tasks to queue
[2025-05-01T12:17:31.646+0000] {logging_mixin.py:188} INFO - [2025-05-01T12:17:31.645+0000] {dagbag.py:545} INFO - Filling up the DagBag from /home/airflow/.local/lib/python3.12/site-packages/airflow/example_dags/example_trigger_controller_dag.py
[2025-05-01T12:17:31.655+0000] {processor.py:840} INFO - DAG(s) 'example_trigger_controller_dag' retrieved from /home/airflow/.local/lib/python3.12/site-packages/airflow/example_dags/example_trigger_controller_dag.py
[2025-05-01T12:17:31.698+0000] {logging_mixin.py:188} INFO - [2025-05-01T12:17:31.697+0000] {dag.py:3096} INFO - Sync 1 DAGs
[2025-05-01T12:17:31.746+0000] {logging_mixin.py:188} INFO - [2025-05-01T12:17:31.745+0000] {dag.py:3954} INFO - Setting next_dagrun for example_trigger_controller_dag to 2021-01-01 00:00:00+00:00, run_after=2021-01-01 00:00:00+00:00
[2025-05-01T12:17:31.828+0000] {processor.py:183} INFO - Processing /home/airflow/.local/lib/python3.12/site-packages/airflow/example_dags/example_trigger_controller_dag.py took 0.201 seconds
[2025-05-01T12:18:02.907+0000] {processor.py:161} INFO - Started process (PID=5448) to work on /home/airflow/.local/lib/python3.12/site-packages/airflow/example_dags/example_trigger_controller_dag.py
[2025-05-01T12:18:02.909+0000] {processor.py:830} INFO - Processing file /home/airflow/.local/lib/python3.12/site-packages/airflow/example_dags/example_trigger_controller_dag.py for tasks to queue
[2025-05-01T12:18:02.913+0000] {logging_mixin.py:188} INFO - [2025-05-01T12:18:02.912+0000] {dagbag.py:545} INFO - Filling up the DagBag from /home/airflow/.local/lib/python3.12/site-packages/airflow/example_dags/example_trigger_controller_dag.py
[2025-05-01T12:18:02.922+0000] {processor.py:840} INFO - DAG(s) 'example_trigger_controller_dag' retrieved from /home/airflow/.local/lib/python3.12/site-packages/airflow/example_dags/example_trigger_controller_dag.py
[2025-05-01T12:18:02.966+0000] {logging_mixin.py:188} INFO - [2025-05-01T12:18:02.966+0000] {dag.py:3096} INFO - Sync 1 DAGs
[2025-05-01T12:18:03.017+0000] {logging_mixin.py:188} INFO - [2025-05-01T12:18:03.016+0000] {dag.py:3954} INFO - Setting next_dagrun for example_trigger_controller_dag to 2021-01-01 00:00:00+00:00, run_after=2021-01-01 00:00:00+00:00
[2025-05-01T12:18:03.066+0000] {processor.py:183} INFO - Processing /home/airflow/.local/lib/python3.12/site-packages/airflow/example_dags/example_trigger_controller_dag.py took 0.179 seconds
[2025-05-01T12:18:34.165+0000] {processor.py:161} INFO - Started process (PID=5506) to work on /home/airflow/.local/lib/python3.12/site-packages/airflow/example_dags/example_trigger_controller_dag.py
[2025-05-01T12:18:34.167+0000] {processor.py:830} INFO - Processing file /home/airflow/.local/lib/python3.12/site-packages/airflow/example_dags/example_trigger_controller_dag.py for tasks to queue
[2025-05-01T12:18:34.171+0000] {logging_mixin.py:188} INFO - [2025-05-01T12:18:34.171+0000] {dagbag.py:545} INFO - Filling up the DagBag from /home/airflow/.local/lib/python3.12/site-packages/airflow/example_dags/example_trigger_controller_dag.py
[2025-05-01T12:18:34.184+0000] {processor.py:840} INFO - DAG(s) 'example_trigger_controller_dag' retrieved from /home/airflow/.local/lib/python3.12/site-packages/airflow/example_dags/example_trigger_controller_dag.py
[2025-05-01T12:18:34.231+0000] {logging_mixin.py:188} INFO - [2025-05-01T12:18:34.230+0000] {dag.py:3096} INFO - Sync 1 DAGs
[2025-05-01T12:18:34.284+0000] {logging_mixin.py:188} INFO - [2025-05-01T12:18:34.283+0000] {dag.py:3954} INFO - Setting next_dagrun for example_trigger_controller_dag to 2021-01-01 00:00:00+00:00, run_after=2021-01-01 00:00:00+00:00
[2025-05-01T12:18:34.344+0000] {processor.py:183} INFO - Processing /home/airflow/.local/lib/python3.12/site-packages/airflow/example_dags/example_trigger_controller_dag.py took 0.191 seconds
[2025-05-01T12:19:05.634+0000] {processor.py:161} INFO - Started process (PID=5565) to work on /home/airflow/.local/lib/python3.12/site-packages/airflow/example_dags/example_trigger_controller_dag.py
[2025-05-01T12:19:05.636+0000] {processor.py:830} INFO - Processing file /home/airflow/.local/lib/python3.12/site-packages/airflow/example_dags/example_trigger_controller_dag.py for tasks to queue
[2025-05-01T12:19:05.641+0000] {logging_mixin.py:188} INFO - [2025-05-01T12:19:05.640+0000] {dagbag.py:545} INFO - Filling up the DagBag from /home/airflow/.local/lib/python3.12/site-packages/airflow/example_dags/example_trigger_controller_dag.py
[2025-05-01T12:19:05.651+0000] {processor.py:840} INFO - DAG(s) 'example_trigger_controller_dag' retrieved from /home/airflow/.local/lib/python3.12/site-packages/airflow/example_dags/example_trigger_controller_dag.py
[2025-05-01T12:19:05.690+0000] {logging_mixin.py:188} INFO - [2025-05-01T12:19:05.689+0000] {dag.py:3096} INFO - Sync 1 DAGs
[2025-05-01T12:19:05.740+0000] {logging_mixin.py:188} INFO - [2025-05-01T12:19:05.740+0000] {dag.py:3954} INFO - Setting next_dagrun for example_trigger_controller_dag to 2021-01-01 00:00:00+00:00, run_after=2021-01-01 00:00:00+00:00
[2025-05-01T12:19:05.812+0000] {processor.py:183} INFO - Processing /home/airflow/.local/lib/python3.12/site-packages/airflow/example_dags/example_trigger_controller_dag.py took 0.191 seconds
[2025-05-01T12:19:36.281+0000] {processor.py:161} INFO - Started process (PID=5623) to work on /home/airflow/.local/lib/python3.12/site-packages/airflow/example_dags/example_trigger_controller_dag.py
[2025-05-01T12:19:36.284+0000] {processor.py:830} INFO - Processing file /home/airflow/.local/lib/python3.12/site-packages/airflow/example_dags/example_trigger_controller_dag.py for tasks to queue
[2025-05-01T12:19:36.288+0000] {logging_mixin.py:188} INFO - [2025-05-01T12:19:36.287+0000] {dagbag.py:545} INFO - Filling up the DagBag from /home/airflow/.local/lib/python3.12/site-packages/airflow/example_dags/example_trigger_controller_dag.py
[2025-05-01T12:19:36.297+0000] {processor.py:840} INFO - DAG(s) 'example_trigger_controller_dag' retrieved from /home/airflow/.local/lib/python3.12/site-packages/airflow/example_dags/example_trigger_controller_dag.py
[2025-05-01T12:19:36.337+0000] {logging_mixin.py:188} INFO - [2025-05-01T12:19:36.337+0000] {dag.py:3096} INFO - Sync 1 DAGs
[2025-05-01T12:19:36.388+0000] {logging_mixin.py:188} INFO - [2025-05-01T12:19:36.387+0000] {dag.py:3954} INFO - Setting next_dagrun for example_trigger_controller_dag to 2021-01-01 00:00:00+00:00, run_after=2021-01-01 00:00:00+00:00
[2025-05-01T12:19:36.519+0000] {processor.py:183} INFO - Processing /home/airflow/.local/lib/python3.12/site-packages/airflow/example_dags/example_trigger_controller_dag.py took 0.249 seconds
[2025-05-01T12:20:07.435+0000] {processor.py:161} INFO - Started process (PID=5684) to work on /home/airflow/.local/lib/python3.12/site-packages/airflow/example_dags/example_trigger_controller_dag.py
[2025-05-01T12:20:07.438+0000] {processor.py:830} INFO - Processing file /home/airflow/.local/lib/python3.12/site-packages/airflow/example_dags/example_trigger_controller_dag.py for tasks to queue
[2025-05-01T12:20:07.446+0000] {logging_mixin.py:188} INFO - [2025-05-01T12:20:07.445+0000] {dagbag.py:545} INFO - Filling up the DagBag from /home/airflow/.local/lib/python3.12/site-packages/airflow/example_dags/example_trigger_controller_dag.py
[2025-05-01T12:20:07.455+0000] {processor.py:840} INFO - DAG(s) 'example_trigger_controller_dag' retrieved from /home/airflow/.local/lib/python3.12/site-packages/airflow/example_dags/example_trigger_controller_dag.py
[2025-05-01T12:20:07.507+0000] {logging_mixin.py:188} INFO - [2025-05-01T12:20:07.507+0000] {dag.py:3096} INFO - Sync 1 DAGs
[2025-05-01T12:20:07.555+0000] {logging_mixin.py:188} INFO - [2025-05-01T12:20:07.555+0000] {dag.py:3954} INFO - Setting next_dagrun for example_trigger_controller_dag to 2021-01-01 00:00:00+00:00, run_after=2021-01-01 00:00:00+00:00
[2025-05-01T12:20:07.648+0000] {processor.py:183} INFO - Processing /home/airflow/.local/lib/python3.12/site-packages/airflow/example_dags/example_trigger_controller_dag.py took 0.225 seconds
[2025-05-01T12:20:38.624+0000] {processor.py:161} INFO - Started process (PID=5749) to work on /home/airflow/.local/lib/python3.12/site-packages/airflow/example_dags/example_trigger_controller_dag.py
[2025-05-01T12:20:38.627+0000] {processor.py:830} INFO - Processing file /home/airflow/.local/lib/python3.12/site-packages/airflow/example_dags/example_trigger_controller_dag.py for tasks to queue
[2025-05-01T12:20:38.631+0000] {logging_mixin.py:188} INFO - [2025-05-01T12:20:38.630+0000] {dagbag.py:545} INFO - Filling up the DagBag from /home/airflow/.local/lib/python3.12/site-packages/airflow/example_dags/example_trigger_controller_dag.py
[2025-05-01T12:20:38.642+0000] {processor.py:840} INFO - DAG(s) 'example_trigger_controller_dag' retrieved from /home/airflow/.local/lib/python3.12/site-packages/airflow/example_dags/example_trigger_controller_dag.py
[2025-05-01T12:20:38.687+0000] {logging_mixin.py:188} INFO - [2025-05-01T12:20:38.686+0000] {dag.py:3096} INFO - Sync 1 DAGs
[2025-05-01T12:20:38.735+0000] {logging_mixin.py:188} INFO - [2025-05-01T12:20:38.735+0000] {dag.py:3954} INFO - Setting next_dagrun for example_trigger_controller_dag to 2021-01-01 00:00:00+00:00, run_after=2021-01-01 00:00:00+00:00
[2025-05-01T12:20:38.786+0000] {processor.py:183} INFO - Processing /home/airflow/.local/lib/python3.12/site-packages/airflow/example_dags/example_trigger_controller_dag.py took 0.173 seconds
[2025-05-01T12:21:09.568+0000] {processor.py:161} INFO - Started process (PID=5808) to work on /home/airflow/.local/lib/python3.12/site-packages/airflow/example_dags/example_trigger_controller_dag.py
[2025-05-01T12:21:09.570+0000] {processor.py:830} INFO - Processing file /home/airflow/.local/lib/python3.12/site-packages/airflow/example_dags/example_trigger_controller_dag.py for tasks to queue
[2025-05-01T12:21:09.576+0000] {logging_mixin.py:188} INFO - [2025-05-01T12:21:09.575+0000] {dagbag.py:545} INFO - Filling up the DagBag from /home/airflow/.local/lib/python3.12/site-packages/airflow/example_dags/example_trigger_controller_dag.py
[2025-05-01T12:21:09.588+0000] {processor.py:840} INFO - DAG(s) 'example_trigger_controller_dag' retrieved from /home/airflow/.local/lib/python3.12/site-packages/airflow/example_dags/example_trigger_controller_dag.py
[2025-05-01T12:21:09.645+0000] {logging_mixin.py:188} INFO - [2025-05-01T12:21:09.644+0000] {dag.py:3096} INFO - Sync 1 DAGs
[2025-05-01T12:21:09.713+0000] {logging_mixin.py:188} INFO - [2025-05-01T12:21:09.712+0000] {dag.py:3954} INFO - Setting next_dagrun for example_trigger_controller_dag to 2021-01-01 00:00:00+00:00, run_after=2021-01-01 00:00:00+00:00
[2025-05-01T12:21:09.775+0000] {processor.py:183} INFO - Processing /home/airflow/.local/lib/python3.12/site-packages/airflow/example_dags/example_trigger_controller_dag.py took 0.219 seconds
[2025-05-01T12:21:40.329+0000] {processor.py:161} INFO - Started process (PID=5866) to work on /home/airflow/.local/lib/python3.12/site-packages/airflow/example_dags/example_trigger_controller_dag.py
[2025-05-01T12:21:40.335+0000] {processor.py:830} INFO - Processing file /home/airflow/.local/lib/python3.12/site-packages/airflow/example_dags/example_trigger_controller_dag.py for tasks to queue
[2025-05-01T12:21:40.343+0000] {logging_mixin.py:188} INFO - [2025-05-01T12:21:40.339+0000] {dagbag.py:545} INFO - Filling up the DagBag from /home/airflow/.local/lib/python3.12/site-packages/airflow/example_dags/example_trigger_controller_dag.py
[2025-05-01T12:21:40.359+0000] {processor.py:840} INFO - DAG(s) 'example_trigger_controller_dag' retrieved from /home/airflow/.local/lib/python3.12/site-packages/airflow/example_dags/example_trigger_controller_dag.py
[2025-05-01T12:21:40.405+0000] {logging_mixin.py:188} INFO - [2025-05-01T12:21:40.404+0000] {dag.py:3096} INFO - Sync 1 DAGs
[2025-05-01T12:21:40.456+0000] {logging_mixin.py:188} INFO - [2025-05-01T12:21:40.456+0000] {dag.py:3954} INFO - Setting next_dagrun for example_trigger_controller_dag to 2021-01-01 00:00:00+00:00, run_after=2021-01-01 00:00:00+00:00
[2025-05-01T12:21:40.540+0000] {processor.py:183} INFO - Processing /home/airflow/.local/lib/python3.12/site-packages/airflow/example_dags/example_trigger_controller_dag.py took 0.226 seconds
[2025-05-01T12:22:10.967+0000] {processor.py:161} INFO - Started process (PID=5925) to work on /home/airflow/.local/lib/python3.12/site-packages/airflow/example_dags/example_trigger_controller_dag.py
[2025-05-01T12:22:10.969+0000] {processor.py:830} INFO - Processing file /home/airflow/.local/lib/python3.12/site-packages/airflow/example_dags/example_trigger_controller_dag.py for tasks to queue
[2025-05-01T12:22:10.975+0000] {logging_mixin.py:188} INFO - [2025-05-01T12:22:10.974+0000] {dagbag.py:545} INFO - Filling up the DagBag from /home/airflow/.local/lib/python3.12/site-packages/airflow/example_dags/example_trigger_controller_dag.py
[2025-05-01T12:22:10.985+0000] {processor.py:840} INFO - DAG(s) 'example_trigger_controller_dag' retrieved from /home/airflow/.local/lib/python3.12/site-packages/airflow/example_dags/example_trigger_controller_dag.py
[2025-05-01T12:22:11.029+0000] {logging_mixin.py:188} INFO - [2025-05-01T12:22:11.028+0000] {dag.py:3096} INFO - Sync 1 DAGs
[2025-05-01T12:22:11.073+0000] {logging_mixin.py:188} INFO - [2025-05-01T12:22:11.072+0000] {dag.py:3954} INFO - Setting next_dagrun for example_trigger_controller_dag to 2021-01-01 00:00:00+00:00, run_after=2021-01-01 00:00:00+00:00
[2025-05-01T12:22:11.116+0000] {processor.py:183} INFO - Processing /home/airflow/.local/lib/python3.12/site-packages/airflow/example_dags/example_trigger_controller_dag.py took 0.164 seconds
[2025-05-01T12:22:41.940+0000] {processor.py:161} INFO - Started process (PID=5983) to work on /home/airflow/.local/lib/python3.12/site-packages/airflow/example_dags/example_trigger_controller_dag.py
[2025-05-01T12:22:41.942+0000] {processor.py:830} INFO - Processing file /home/airflow/.local/lib/python3.12/site-packages/airflow/example_dags/example_trigger_controller_dag.py for tasks to queue
[2025-05-01T12:22:41.947+0000] {logging_mixin.py:188} INFO - [2025-05-01T12:22:41.946+0000] {dagbag.py:545} INFO - Filling up the DagBag from /home/airflow/.local/lib/python3.12/site-packages/airflow/example_dags/example_trigger_controller_dag.py
[2025-05-01T12:22:41.957+0000] {processor.py:840} INFO - DAG(s) 'example_trigger_controller_dag' retrieved from /home/airflow/.local/lib/python3.12/site-packages/airflow/example_dags/example_trigger_controller_dag.py
[2025-05-01T12:22:41.998+0000] {logging_mixin.py:188} INFO - [2025-05-01T12:22:41.997+0000] {dag.py:3096} INFO - Sync 1 DAGs
[2025-05-01T12:22:42.056+0000] {logging_mixin.py:188} INFO - [2025-05-01T12:22:42.055+0000] {dag.py:3954} INFO - Setting next_dagrun for example_trigger_controller_dag to 2021-01-01 00:00:00+00:00, run_after=2021-01-01 00:00:00+00:00
[2025-05-01T12:22:42.141+0000] {processor.py:183} INFO - Processing /home/airflow/.local/lib/python3.12/site-packages/airflow/example_dags/example_trigger_controller_dag.py took 0.215 seconds
[2025-05-01T12:23:12.676+0000] {processor.py:161} INFO - Started process (PID=6042) to work on /home/airflow/.local/lib/python3.12/site-packages/airflow/example_dags/example_trigger_controller_dag.py
[2025-05-01T12:23:12.678+0000] {processor.py:830} INFO - Processing file /home/airflow/.local/lib/python3.12/site-packages/airflow/example_dags/example_trigger_controller_dag.py for tasks to queue
[2025-05-01T12:23:12.682+0000] {logging_mixin.py:188} INFO - [2025-05-01T12:23:12.681+0000] {dagbag.py:545} INFO - Filling up the DagBag from /home/airflow/.local/lib/python3.12/site-packages/airflow/example_dags/example_trigger_controller_dag.py
[2025-05-01T12:23:12.691+0000] {processor.py:840} INFO - DAG(s) 'example_trigger_controller_dag' retrieved from /home/airflow/.local/lib/python3.12/site-packages/airflow/example_dags/example_trigger_controller_dag.py
[2025-05-01T12:23:12.733+0000] {logging_mixin.py:188} INFO - [2025-05-01T12:23:12.732+0000] {dag.py:3096} INFO - Sync 1 DAGs
[2025-05-01T12:23:12.777+0000] {logging_mixin.py:188} INFO - [2025-05-01T12:23:12.776+0000] {dag.py:3954} INFO - Setting next_dagrun for example_trigger_controller_dag to 2021-01-01 00:00:00+00:00, run_after=2021-01-01 00:00:00+00:00
[2025-05-01T12:23:12.855+0000] {processor.py:183} INFO - Processing /home/airflow/.local/lib/python3.12/site-packages/airflow/example_dags/example_trigger_controller_dag.py took 0.195 seconds
[2025-05-01T12:23:43.550+0000] {processor.py:161} INFO - Started process (PID=6101) to work on /home/airflow/.local/lib/python3.12/site-packages/airflow/example_dags/example_trigger_controller_dag.py
[2025-05-01T12:23:43.552+0000] {processor.py:830} INFO - Processing file /home/airflow/.local/lib/python3.12/site-packages/airflow/example_dags/example_trigger_controller_dag.py for tasks to queue
[2025-05-01T12:23:43.555+0000] {logging_mixin.py:188} INFO - [2025-05-01T12:23:43.555+0000] {dagbag.py:545} INFO - Filling up the DagBag from /home/airflow/.local/lib/python3.12/site-packages/airflow/example_dags/example_trigger_controller_dag.py
[2025-05-01T12:23:43.565+0000] {processor.py:840} INFO - DAG(s) 'example_trigger_controller_dag' retrieved from /home/airflow/.local/lib/python3.12/site-packages/airflow/example_dags/example_trigger_controller_dag.py
[2025-05-01T12:23:43.613+0000] {logging_mixin.py:188} INFO - [2025-05-01T12:23:43.613+0000] {dag.py:3096} INFO - Sync 1 DAGs
[2025-05-01T12:23:43.668+0000] {logging_mixin.py:188} INFO - [2025-05-01T12:23:43.668+0000] {dag.py:3954} INFO - Setting next_dagrun for example_trigger_controller_dag to 2021-01-01 00:00:00+00:00, run_after=2021-01-01 00:00:00+00:00
[2025-05-01T12:23:43.743+0000] {processor.py:183} INFO - Processing /home/airflow/.local/lib/python3.12/site-packages/airflow/example_dags/example_trigger_controller_dag.py took 0.206 seconds
[2025-05-01T12:24:13.854+0000] {processor.py:161} INFO - Started process (PID=6160) to work on /home/airflow/.local/lib/python3.12/site-packages/airflow/example_dags/example_trigger_controller_dag.py
[2025-05-01T12:24:13.856+0000] {processor.py:830} INFO - Processing file /home/airflow/.local/lib/python3.12/site-packages/airflow/example_dags/example_trigger_controller_dag.py for tasks to queue
[2025-05-01T12:24:13.861+0000] {logging_mixin.py:188} INFO - [2025-05-01T12:24:13.861+0000] {dagbag.py:545} INFO - Filling up the DagBag from /home/airflow/.local/lib/python3.12/site-packages/airflow/example_dags/example_trigger_controller_dag.py
[2025-05-01T12:24:13.872+0000] {processor.py:840} INFO - DAG(s) 'example_trigger_controller_dag' retrieved from /home/airflow/.local/lib/python3.12/site-packages/airflow/example_dags/example_trigger_controller_dag.py
[2025-05-01T12:24:13.915+0000] {logging_mixin.py:188} INFO - [2025-05-01T12:24:13.914+0000] {dag.py:3096} INFO - Sync 1 DAGs
[2025-05-01T12:24:13.966+0000] {logging_mixin.py:188} INFO - [2025-05-01T12:24:13.965+0000] {dag.py:3954} INFO - Setting next_dagrun for example_trigger_controller_dag to 2021-01-01 00:00:00+00:00, run_after=2021-01-01 00:00:00+00:00
[2025-05-01T12:24:14.014+0000] {processor.py:183} INFO - Processing /home/airflow/.local/lib/python3.12/site-packages/airflow/example_dags/example_trigger_controller_dag.py took 0.172 seconds
[2025-05-01T12:24:44.883+0000] {processor.py:161} INFO - Started process (PID=6219) to work on /home/airflow/.local/lib/python3.12/site-packages/airflow/example_dags/example_trigger_controller_dag.py
[2025-05-01T12:24:44.886+0000] {processor.py:830} INFO - Processing file /home/airflow/.local/lib/python3.12/site-packages/airflow/example_dags/example_trigger_controller_dag.py for tasks to queue
[2025-05-01T12:24:44.889+0000] {logging_mixin.py:188} INFO - [2025-05-01T12:24:44.889+0000] {dagbag.py:545} INFO - Filling up the DagBag from /home/airflow/.local/lib/python3.12/site-packages/airflow/example_dags/example_trigger_controller_dag.py
[2025-05-01T12:24:44.899+0000] {processor.py:840} INFO - DAG(s) 'example_trigger_controller_dag' retrieved from /home/airflow/.local/lib/python3.12/site-packages/airflow/example_dags/example_trigger_controller_dag.py
[2025-05-01T12:24:44.942+0000] {logging_mixin.py:188} INFO - [2025-05-01T12:24:44.941+0000] {dag.py:3096} INFO - Sync 1 DAGs
[2025-05-01T12:24:44.988+0000] {logging_mixin.py:188} INFO - [2025-05-01T12:24:44.987+0000] {dag.py:3954} INFO - Setting next_dagrun for example_trigger_controller_dag to 2021-01-01 00:00:00+00:00, run_after=2021-01-01 00:00:00+00:00
[2025-05-01T12:24:45.036+0000] {processor.py:183} INFO - Processing /home/airflow/.local/lib/python3.12/site-packages/airflow/example_dags/example_trigger_controller_dag.py took 0.164 seconds
