[2025-05-01T10:49:54.949+0000] {processor.py:161} INFO - Started process (PID=103) to work on /home/airflow/.local/lib/python3.12/site-packages/airflow/example_dags/example_time_delta_sensor_async.py
[2025-05-01T10:49:54.951+0000] {processor.py:830} INFO - Processing file /home/airflow/.local/lib/python3.12/site-packages/airflow/example_dags/example_time_delta_sensor_async.py for tasks to queue
[2025-05-01T10:49:54.954+0000] {logging_mixin.py:188} INFO - [2025-05-01T10:49:54.954+0000] {dagbag.py:545} INFO - Filling up the DagBag from /home/airflow/.local/lib/python3.12/site-packages/airflow/example_dags/example_time_delta_sensor_async.py
[2025-05-01T10:49:54.962+0000] {processor.py:840} INFO - DAG(s) 'example_time_delta_sensor_async' retrieved from /home/airflow/.local/lib/python3.12/site-packages/airflow/example_dags/example_time_delta_sensor_async.py
[2025-05-01T10:49:55.143+0000] {logging_mixin.py:188} INFO - [2025-05-01T10:49:55.143+0000] {dag.py:3096} INFO - Sync 1 DAGs
[2025-05-01T10:49:55.157+0000] {logging_mixin.py:188} INFO - [2025-05-01T10:49:55.157+0000] {dag.py:3954} INFO - Setting next_dagrun for example_time_delta_sensor_async to None, run_after=None
[2025-05-01T10:49:55.184+0000] {processor.py:183} INFO - Processing /home/airflow/.local/lib/python3.12/site-packages/airflow/example_dags/example_time_delta_sensor_async.py took 0.242 seconds
[2025-05-01T10:50:25.656+0000] {processor.py:161} INFO - Started process (PID=161) to work on /home/airflow/.local/lib/python3.12/site-packages/airflow/example_dags/example_time_delta_sensor_async.py
[2025-05-01T10:50:25.657+0000] {processor.py:830} INFO - Processing file /home/airflow/.local/lib/python3.12/site-packages/airflow/example_dags/example_time_delta_sensor_async.py for tasks to queue
[2025-05-01T10:50:25.659+0000] {logging_mixin.py:188} INFO - [2025-05-01T10:50:25.659+0000] {dagbag.py:545} INFO - Filling up the DagBag from /home/airflow/.local/lib/python3.12/site-packages/airflow/example_dags/example_time_delta_sensor_async.py
[2025-05-01T10:50:25.664+0000] {processor.py:840} INFO - DAG(s) 'example_time_delta_sensor_async' retrieved from /home/airflow/.local/lib/python3.12/site-packages/airflow/example_dags/example_time_delta_sensor_async.py
[2025-05-01T10:50:25.687+0000] {logging_mixin.py:188} INFO - [2025-05-01T10:50:25.686+0000] {dag.py:3096} INFO - Sync 1 DAGs
[2025-05-01T10:50:25.702+0000] {logging_mixin.py:188} INFO - [2025-05-01T10:50:25.701+0000] {dag.py:3954} INFO - Setting next_dagrun for example_time_delta_sensor_async to None, run_after=None
[2025-05-01T10:50:25.728+0000] {processor.py:183} INFO - Processing /home/airflow/.local/lib/python3.12/site-packages/airflow/example_dags/example_time_delta_sensor_async.py took 0.080 seconds
[2025-05-01T10:51:54.086+0000] {processor.py:161} INFO - Started process (PID=109) to work on /home/airflow/.local/lib/python3.12/site-packages/airflow/example_dags/example_time_delta_sensor_async.py
[2025-05-01T10:51:54.087+0000] {processor.py:830} INFO - Processing file /home/airflow/.local/lib/python3.12/site-packages/airflow/example_dags/example_time_delta_sensor_async.py for tasks to queue
[2025-05-01T10:51:54.090+0000] {logging_mixin.py:188} INFO - [2025-05-01T10:51:54.089+0000] {dagbag.py:545} INFO - Filling up the DagBag from /home/airflow/.local/lib/python3.12/site-packages/airflow/example_dags/example_time_delta_sensor_async.py
[2025-05-01T10:51:54.096+0000] {processor.py:840} INFO - DAG(s) 'example_time_delta_sensor_async' retrieved from /home/airflow/.local/lib/python3.12/site-packages/airflow/example_dags/example_time_delta_sensor_async.py
[2025-05-01T10:51:54.228+0000] {logging_mixin.py:188} INFO - [2025-05-01T10:51:54.228+0000] {dag.py:3096} INFO - Sync 1 DAGs
[2025-05-01T10:51:54.242+0000] {logging_mixin.py:188} INFO - [2025-05-01T10:51:54.242+0000] {dag.py:3954} INFO - Setting next_dagrun for example_time_delta_sensor_async to None, run_after=None
[2025-05-01T10:51:54.272+0000] {processor.py:183} INFO - Processing /home/airflow/.local/lib/python3.12/site-packages/airflow/example_dags/example_time_delta_sensor_async.py took 0.193 seconds
[2025-05-01T10:52:24.677+0000] {processor.py:161} INFO - Started process (PID=167) to work on /home/airflow/.local/lib/python3.12/site-packages/airflow/example_dags/example_time_delta_sensor_async.py
[2025-05-01T10:52:24.678+0000] {processor.py:830} INFO - Processing file /home/airflow/.local/lib/python3.12/site-packages/airflow/example_dags/example_time_delta_sensor_async.py for tasks to queue
[2025-05-01T10:52:24.681+0000] {logging_mixin.py:188} INFO - [2025-05-01T10:52:24.680+0000] {dagbag.py:545} INFO - Filling up the DagBag from /home/airflow/.local/lib/python3.12/site-packages/airflow/example_dags/example_time_delta_sensor_async.py
[2025-05-01T10:52:24.687+0000] {processor.py:840} INFO - DAG(s) 'example_time_delta_sensor_async' retrieved from /home/airflow/.local/lib/python3.12/site-packages/airflow/example_dags/example_time_delta_sensor_async.py
[2025-05-01T10:52:24.716+0000] {logging_mixin.py:188} INFO - [2025-05-01T10:52:24.715+0000] {dag.py:3096} INFO - Sync 1 DAGs
[2025-05-01T10:52:24.736+0000] {logging_mixin.py:188} INFO - [2025-05-01T10:52:24.736+0000] {dag.py:3954} INFO - Setting next_dagrun for example_time_delta_sensor_async to None, run_after=None
[2025-05-01T10:52:24.763+0000] {processor.py:183} INFO - Processing /home/airflow/.local/lib/python3.12/site-packages/airflow/example_dags/example_time_delta_sensor_async.py took 0.094 seconds
[2025-05-01T10:52:55.760+0000] {processor.py:161} INFO - Started process (PID=225) to work on /home/airflow/.local/lib/python3.12/site-packages/airflow/example_dags/example_time_delta_sensor_async.py
[2025-05-01T10:52:55.762+0000] {processor.py:830} INFO - Processing file /home/airflow/.local/lib/python3.12/site-packages/airflow/example_dags/example_time_delta_sensor_async.py for tasks to queue
[2025-05-01T10:52:55.764+0000] {logging_mixin.py:188} INFO - [2025-05-01T10:52:55.764+0000] {dagbag.py:545} INFO - Filling up the DagBag from /home/airflow/.local/lib/python3.12/site-packages/airflow/example_dags/example_time_delta_sensor_async.py
[2025-05-01T10:52:55.769+0000] {processor.py:840} INFO - DAG(s) 'example_time_delta_sensor_async' retrieved from /home/airflow/.local/lib/python3.12/site-packages/airflow/example_dags/example_time_delta_sensor_async.py
[2025-05-01T10:52:55.797+0000] {logging_mixin.py:188} INFO - [2025-05-01T10:52:55.797+0000] {dag.py:3096} INFO - Sync 1 DAGs
[2025-05-01T10:52:55.813+0000] {logging_mixin.py:188} INFO - [2025-05-01T10:52:55.813+0000] {dag.py:3954} INFO - Setting next_dagrun for example_time_delta_sensor_async to None, run_after=None
[2025-05-01T10:52:55.842+0000] {processor.py:183} INFO - Processing /home/airflow/.local/lib/python3.12/site-packages/airflow/example_dags/example_time_delta_sensor_async.py took 0.090 seconds
[2025-05-01T10:53:26.922+0000] {processor.py:161} INFO - Started process (PID=283) to work on /home/airflow/.local/lib/python3.12/site-packages/airflow/example_dags/example_time_delta_sensor_async.py
[2025-05-01T10:53:26.923+0000] {processor.py:830} INFO - Processing file /home/airflow/.local/lib/python3.12/site-packages/airflow/example_dags/example_time_delta_sensor_async.py for tasks to queue
[2025-05-01T10:53:26.926+0000] {logging_mixin.py:188} INFO - [2025-05-01T10:53:26.926+0000] {dagbag.py:545} INFO - Filling up the DagBag from /home/airflow/.local/lib/python3.12/site-packages/airflow/example_dags/example_time_delta_sensor_async.py
[2025-05-01T10:53:26.934+0000] {processor.py:840} INFO - DAG(s) 'example_time_delta_sensor_async' retrieved from /home/airflow/.local/lib/python3.12/site-packages/airflow/example_dags/example_time_delta_sensor_async.py
[2025-05-01T10:53:26.965+0000] {logging_mixin.py:188} INFO - [2025-05-01T10:53:26.964+0000] {dag.py:3096} INFO - Sync 1 DAGs
[2025-05-01T10:53:26.985+0000] {logging_mixin.py:188} INFO - [2025-05-01T10:53:26.984+0000] {dag.py:3954} INFO - Setting next_dagrun for example_time_delta_sensor_async to None, run_after=None
[2025-05-01T10:53:27.018+0000] {processor.py:183} INFO - Processing /home/airflow/.local/lib/python3.12/site-packages/airflow/example_dags/example_time_delta_sensor_async.py took 0.105 seconds
[2025-05-01T10:53:57.240+0000] {processor.py:161} INFO - Started process (PID=341) to work on /home/airflow/.local/lib/python3.12/site-packages/airflow/example_dags/example_time_delta_sensor_async.py
[2025-05-01T10:53:57.241+0000] {processor.py:830} INFO - Processing file /home/airflow/.local/lib/python3.12/site-packages/airflow/example_dags/example_time_delta_sensor_async.py for tasks to queue
[2025-05-01T10:53:57.243+0000] {logging_mixin.py:188} INFO - [2025-05-01T10:53:57.243+0000] {dagbag.py:545} INFO - Filling up the DagBag from /home/airflow/.local/lib/python3.12/site-packages/airflow/example_dags/example_time_delta_sensor_async.py
[2025-05-01T10:53:57.248+0000] {processor.py:840} INFO - DAG(s) 'example_time_delta_sensor_async' retrieved from /home/airflow/.local/lib/python3.12/site-packages/airflow/example_dags/example_time_delta_sensor_async.py
[2025-05-01T10:53:57.279+0000] {logging_mixin.py:188} INFO - [2025-05-01T10:53:57.279+0000] {dag.py:3096} INFO - Sync 1 DAGs
[2025-05-01T10:53:57.294+0000] {logging_mixin.py:188} INFO - [2025-05-01T10:53:57.294+0000] {dag.py:3954} INFO - Setting next_dagrun for example_time_delta_sensor_async to None, run_after=None
[2025-05-01T10:53:57.325+0000] {processor.py:183} INFO - Processing /home/airflow/.local/lib/python3.12/site-packages/airflow/example_dags/example_time_delta_sensor_async.py took 0.091 seconds
[2025-05-01T10:54:27.545+0000] {processor.py:161} INFO - Started process (PID=399) to work on /home/airflow/.local/lib/python3.12/site-packages/airflow/example_dags/example_time_delta_sensor_async.py
[2025-05-01T10:54:27.546+0000] {processor.py:830} INFO - Processing file /home/airflow/.local/lib/python3.12/site-packages/airflow/example_dags/example_time_delta_sensor_async.py for tasks to queue
[2025-05-01T10:54:27.548+0000] {logging_mixin.py:188} INFO - [2025-05-01T10:54:27.548+0000] {dagbag.py:545} INFO - Filling up the DagBag from /home/airflow/.local/lib/python3.12/site-packages/airflow/example_dags/example_time_delta_sensor_async.py
[2025-05-01T10:54:27.553+0000] {processor.py:840} INFO - DAG(s) 'example_time_delta_sensor_async' retrieved from /home/airflow/.local/lib/python3.12/site-packages/airflow/example_dags/example_time_delta_sensor_async.py
[2025-05-01T10:54:27.577+0000] {logging_mixin.py:188} INFO - [2025-05-01T10:54:27.577+0000] {dag.py:3096} INFO - Sync 1 DAGs
[2025-05-01T10:54:27.592+0000] {logging_mixin.py:188} INFO - [2025-05-01T10:54:27.592+0000] {dag.py:3954} INFO - Setting next_dagrun for example_time_delta_sensor_async to None, run_after=None
[2025-05-01T10:54:27.619+0000] {processor.py:183} INFO - Processing /home/airflow/.local/lib/python3.12/site-packages/airflow/example_dags/example_time_delta_sensor_async.py took 0.080 seconds
[2025-05-01T10:54:57.986+0000] {processor.py:161} INFO - Started process (PID=457) to work on /home/airflow/.local/lib/python3.12/site-packages/airflow/example_dags/example_time_delta_sensor_async.py
[2025-05-01T10:54:57.988+0000] {processor.py:830} INFO - Processing file /home/airflow/.local/lib/python3.12/site-packages/airflow/example_dags/example_time_delta_sensor_async.py for tasks to queue
[2025-05-01T10:54:57.989+0000] {logging_mixin.py:188} INFO - [2025-05-01T10:54:57.989+0000] {dagbag.py:545} INFO - Filling up the DagBag from /home/airflow/.local/lib/python3.12/site-packages/airflow/example_dags/example_time_delta_sensor_async.py
[2025-05-01T10:54:57.994+0000] {processor.py:840} INFO - DAG(s) 'example_time_delta_sensor_async' retrieved from /home/airflow/.local/lib/python3.12/site-packages/airflow/example_dags/example_time_delta_sensor_async.py
[2025-05-01T10:54:58.026+0000] {logging_mixin.py:188} INFO - [2025-05-01T10:54:58.026+0000] {dag.py:3096} INFO - Sync 1 DAGs
[2025-05-01T10:54:58.046+0000] {logging_mixin.py:188} INFO - [2025-05-01T10:54:58.046+0000] {dag.py:3954} INFO - Setting next_dagrun for example_time_delta_sensor_async to None, run_after=None
[2025-05-01T10:54:58.074+0000] {processor.py:183} INFO - Processing /home/airflow/.local/lib/python3.12/site-packages/airflow/example_dags/example_time_delta_sensor_async.py took 0.095 seconds
[2025-05-01T10:55:28.276+0000] {processor.py:161} INFO - Started process (PID=514) to work on /home/airflow/.local/lib/python3.12/site-packages/airflow/example_dags/example_time_delta_sensor_async.py
[2025-05-01T10:55:28.277+0000] {processor.py:830} INFO - Processing file /home/airflow/.local/lib/python3.12/site-packages/airflow/example_dags/example_time_delta_sensor_async.py for tasks to queue
[2025-05-01T10:55:28.279+0000] {logging_mixin.py:188} INFO - [2025-05-01T10:55:28.279+0000] {dagbag.py:545} INFO - Filling up the DagBag from /home/airflow/.local/lib/python3.12/site-packages/airflow/example_dags/example_time_delta_sensor_async.py
[2025-05-01T10:55:28.284+0000] {processor.py:840} INFO - DAG(s) 'example_time_delta_sensor_async' retrieved from /home/airflow/.local/lib/python3.12/site-packages/airflow/example_dags/example_time_delta_sensor_async.py
[2025-05-01T10:55:28.307+0000] {logging_mixin.py:188} INFO - [2025-05-01T10:55:28.306+0000] {dag.py:3096} INFO - Sync 1 DAGs
[2025-05-01T10:55:28.321+0000] {logging_mixin.py:188} INFO - [2025-05-01T10:55:28.321+0000] {dag.py:3954} INFO - Setting next_dagrun for example_time_delta_sensor_async to None, run_after=None
[2025-05-01T10:55:28.347+0000] {processor.py:183} INFO - Processing /home/airflow/.local/lib/python3.12/site-packages/airflow/example_dags/example_time_delta_sensor_async.py took 0.077 seconds
[2025-05-01T10:55:58.577+0000] {processor.py:161} INFO - Started process (PID=572) to work on /home/airflow/.local/lib/python3.12/site-packages/airflow/example_dags/example_time_delta_sensor_async.py
[2025-05-01T10:55:58.579+0000] {processor.py:830} INFO - Processing file /home/airflow/.local/lib/python3.12/site-packages/airflow/example_dags/example_time_delta_sensor_async.py for tasks to queue
[2025-05-01T10:55:58.582+0000] {logging_mixin.py:188} INFO - [2025-05-01T10:55:58.581+0000] {dagbag.py:545} INFO - Filling up the DagBag from /home/airflow/.local/lib/python3.12/site-packages/airflow/example_dags/example_time_delta_sensor_async.py
[2025-05-01T10:55:58.587+0000] {processor.py:840} INFO - DAG(s) 'example_time_delta_sensor_async' retrieved from /home/airflow/.local/lib/python3.12/site-packages/airflow/example_dags/example_time_delta_sensor_async.py
[2025-05-01T10:55:58.611+0000] {logging_mixin.py:188} INFO - [2025-05-01T10:55:58.610+0000] {dag.py:3096} INFO - Sync 1 DAGs
[2025-05-01T10:55:58.624+0000] {logging_mixin.py:188} INFO - [2025-05-01T10:55:58.624+0000] {dag.py:3954} INFO - Setting next_dagrun for example_time_delta_sensor_async to None, run_after=None
[2025-05-01T10:55:58.648+0000] {processor.py:183} INFO - Processing /home/airflow/.local/lib/python3.12/site-packages/airflow/example_dags/example_time_delta_sensor_async.py took 0.077 seconds
[2025-05-01T10:56:29.449+0000] {processor.py:161} INFO - Started process (PID=631) to work on /home/airflow/.local/lib/python3.12/site-packages/airflow/example_dags/example_time_delta_sensor_async.py
[2025-05-01T10:56:29.451+0000] {processor.py:830} INFO - Processing file /home/airflow/.local/lib/python3.12/site-packages/airflow/example_dags/example_time_delta_sensor_async.py for tasks to queue
[2025-05-01T10:56:29.453+0000] {logging_mixin.py:188} INFO - [2025-05-01T10:56:29.453+0000] {dagbag.py:545} INFO - Filling up the DagBag from /home/airflow/.local/lib/python3.12/site-packages/airflow/example_dags/example_time_delta_sensor_async.py
[2025-05-01T10:56:29.458+0000] {processor.py:840} INFO - DAG(s) 'example_time_delta_sensor_async' retrieved from /home/airflow/.local/lib/python3.12/site-packages/airflow/example_dags/example_time_delta_sensor_async.py
[2025-05-01T10:56:29.482+0000] {logging_mixin.py:188} INFO - [2025-05-01T10:56:29.482+0000] {dag.py:3096} INFO - Sync 1 DAGs
[2025-05-01T10:56:29.496+0000] {logging_mixin.py:188} INFO - [2025-05-01T10:56:29.496+0000] {dag.py:3954} INFO - Setting next_dagrun for example_time_delta_sensor_async to None, run_after=None
[2025-05-01T10:56:29.522+0000] {processor.py:183} INFO - Processing /home/airflow/.local/lib/python3.12/site-packages/airflow/example_dags/example_time_delta_sensor_async.py took 0.079 seconds
[2025-05-01T10:57:00.185+0000] {processor.py:161} INFO - Started process (PID=690) to work on /home/airflow/.local/lib/python3.12/site-packages/airflow/example_dags/example_time_delta_sensor_async.py
[2025-05-01T10:57:00.187+0000] {processor.py:830} INFO - Processing file /home/airflow/.local/lib/python3.12/site-packages/airflow/example_dags/example_time_delta_sensor_async.py for tasks to queue
[2025-05-01T10:57:00.189+0000] {logging_mixin.py:188} INFO - [2025-05-01T10:57:00.189+0000] {dagbag.py:545} INFO - Filling up the DagBag from /home/airflow/.local/lib/python3.12/site-packages/airflow/example_dags/example_time_delta_sensor_async.py
[2025-05-01T10:57:00.193+0000] {processor.py:840} INFO - DAG(s) 'example_time_delta_sensor_async' retrieved from /home/airflow/.local/lib/python3.12/site-packages/airflow/example_dags/example_time_delta_sensor_async.py
[2025-05-01T10:57:00.217+0000] {logging_mixin.py:188} INFO - [2025-05-01T10:57:00.217+0000] {dag.py:3096} INFO - Sync 1 DAGs
[2025-05-01T10:57:00.231+0000] {logging_mixin.py:188} INFO - [2025-05-01T10:57:00.230+0000] {dag.py:3954} INFO - Setting next_dagrun for example_time_delta_sensor_async to None, run_after=None
[2025-05-01T10:57:00.256+0000] {processor.py:183} INFO - Processing /home/airflow/.local/lib/python3.12/site-packages/airflow/example_dags/example_time_delta_sensor_async.py took 0.076 seconds
[2025-05-01T10:57:30.611+0000] {processor.py:161} INFO - Started process (PID=751) to work on /home/airflow/.local/lib/python3.12/site-packages/airflow/example_dags/example_time_delta_sensor_async.py
[2025-05-01T10:57:30.613+0000] {processor.py:830} INFO - Processing file /home/airflow/.local/lib/python3.12/site-packages/airflow/example_dags/example_time_delta_sensor_async.py for tasks to queue
[2025-05-01T10:57:30.616+0000] {logging_mixin.py:188} INFO - [2025-05-01T10:57:30.615+0000] {dagbag.py:545} INFO - Filling up the DagBag from /home/airflow/.local/lib/python3.12/site-packages/airflow/example_dags/example_time_delta_sensor_async.py
[2025-05-01T10:57:30.620+0000] {processor.py:840} INFO - DAG(s) 'example_time_delta_sensor_async' retrieved from /home/airflow/.local/lib/python3.12/site-packages/airflow/example_dags/example_time_delta_sensor_async.py
[2025-05-01T10:57:30.644+0000] {logging_mixin.py:188} INFO - [2025-05-01T10:57:30.644+0000] {dag.py:3096} INFO - Sync 1 DAGs
[2025-05-01T10:57:30.658+0000] {logging_mixin.py:188} INFO - [2025-05-01T10:57:30.658+0000] {dag.py:3954} INFO - Setting next_dagrun for example_time_delta_sensor_async to None, run_after=None
[2025-05-01T10:57:30.681+0000] {processor.py:183} INFO - Processing /home/airflow/.local/lib/python3.12/site-packages/airflow/example_dags/example_time_delta_sensor_async.py took 0.075 seconds
[2025-05-01T10:58:01.112+0000] {processor.py:161} INFO - Started process (PID=810) to work on /home/airflow/.local/lib/python3.12/site-packages/airflow/example_dags/example_time_delta_sensor_async.py
[2025-05-01T10:58:01.114+0000] {processor.py:830} INFO - Processing file /home/airflow/.local/lib/python3.12/site-packages/airflow/example_dags/example_time_delta_sensor_async.py for tasks to queue
[2025-05-01T10:58:01.116+0000] {logging_mixin.py:188} INFO - [2025-05-01T10:58:01.116+0000] {dagbag.py:545} INFO - Filling up the DagBag from /home/airflow/.local/lib/python3.12/site-packages/airflow/example_dags/example_time_delta_sensor_async.py
[2025-05-01T10:58:01.120+0000] {processor.py:840} INFO - DAG(s) 'example_time_delta_sensor_async' retrieved from /home/airflow/.local/lib/python3.12/site-packages/airflow/example_dags/example_time_delta_sensor_async.py
[2025-05-01T10:58:01.144+0000] {logging_mixin.py:188} INFO - [2025-05-01T10:58:01.143+0000] {dag.py:3096} INFO - Sync 1 DAGs
[2025-05-01T10:58:01.158+0000] {logging_mixin.py:188} INFO - [2025-05-01T10:58:01.158+0000] {dag.py:3954} INFO - Setting next_dagrun for example_time_delta_sensor_async to None, run_after=None
[2025-05-01T10:58:01.181+0000] {processor.py:183} INFO - Processing /home/airflow/.local/lib/python3.12/site-packages/airflow/example_dags/example_time_delta_sensor_async.py took 0.075 seconds
[2025-05-01T10:58:31.972+0000] {processor.py:161} INFO - Started process (PID=869) to work on /home/airflow/.local/lib/python3.12/site-packages/airflow/example_dags/example_time_delta_sensor_async.py
[2025-05-01T10:58:31.974+0000] {processor.py:830} INFO - Processing file /home/airflow/.local/lib/python3.12/site-packages/airflow/example_dags/example_time_delta_sensor_async.py for tasks to queue
[2025-05-01T10:58:31.976+0000] {logging_mixin.py:188} INFO - [2025-05-01T10:58:31.976+0000] {dagbag.py:545} INFO - Filling up the DagBag from /home/airflow/.local/lib/python3.12/site-packages/airflow/example_dags/example_time_delta_sensor_async.py
[2025-05-01T10:58:31.982+0000] {processor.py:840} INFO - DAG(s) 'example_time_delta_sensor_async' retrieved from /home/airflow/.local/lib/python3.12/site-packages/airflow/example_dags/example_time_delta_sensor_async.py
[2025-05-01T10:58:32.007+0000] {logging_mixin.py:188} INFO - [2025-05-01T10:58:32.007+0000] {dag.py:3096} INFO - Sync 1 DAGs
[2025-05-01T10:58:32.023+0000] {logging_mixin.py:188} INFO - [2025-05-01T10:58:32.023+0000] {dag.py:3954} INFO - Setting next_dagrun for example_time_delta_sensor_async to None, run_after=None
[2025-05-01T10:58:32.049+0000] {processor.py:183} INFO - Processing /home/airflow/.local/lib/python3.12/site-packages/airflow/example_dags/example_time_delta_sensor_async.py took 0.084 seconds
[2025-05-01T10:59:03.069+0000] {processor.py:161} INFO - Started process (PID=928) to work on /home/airflow/.local/lib/python3.12/site-packages/airflow/example_dags/example_time_delta_sensor_async.py
[2025-05-01T10:59:03.070+0000] {processor.py:830} INFO - Processing file /home/airflow/.local/lib/python3.12/site-packages/airflow/example_dags/example_time_delta_sensor_async.py for tasks to queue
[2025-05-01T10:59:03.072+0000] {logging_mixin.py:188} INFO - [2025-05-01T10:59:03.072+0000] {dagbag.py:545} INFO - Filling up the DagBag from /home/airflow/.local/lib/python3.12/site-packages/airflow/example_dags/example_time_delta_sensor_async.py
[2025-05-01T10:59:03.077+0000] {processor.py:840} INFO - DAG(s) 'example_time_delta_sensor_async' retrieved from /home/airflow/.local/lib/python3.12/site-packages/airflow/example_dags/example_time_delta_sensor_async.py
[2025-05-01T10:59:03.098+0000] {logging_mixin.py:188} INFO - [2025-05-01T10:59:03.098+0000] {dag.py:3096} INFO - Sync 1 DAGs
[2025-05-01T10:59:03.112+0000] {logging_mixin.py:188} INFO - [2025-05-01T10:59:03.111+0000] {dag.py:3954} INFO - Setting next_dagrun for example_time_delta_sensor_async to None, run_after=None
[2025-05-01T10:59:03.134+0000] {processor.py:183} INFO - Processing /home/airflow/.local/lib/python3.12/site-packages/airflow/example_dags/example_time_delta_sensor_async.py took 0.070 seconds
[2025-05-01T10:59:33.280+0000] {processor.py:161} INFO - Started process (PID=987) to work on /home/airflow/.local/lib/python3.12/site-packages/airflow/example_dags/example_time_delta_sensor_async.py
[2025-05-01T10:59:33.281+0000] {processor.py:830} INFO - Processing file /home/airflow/.local/lib/python3.12/site-packages/airflow/example_dags/example_time_delta_sensor_async.py for tasks to queue
[2025-05-01T10:59:33.284+0000] {logging_mixin.py:188} INFO - [2025-05-01T10:59:33.283+0000] {dagbag.py:545} INFO - Filling up the DagBag from /home/airflow/.local/lib/python3.12/site-packages/airflow/example_dags/example_time_delta_sensor_async.py
[2025-05-01T10:59:33.289+0000] {processor.py:840} INFO - DAG(s) 'example_time_delta_sensor_async' retrieved from /home/airflow/.local/lib/python3.12/site-packages/airflow/example_dags/example_time_delta_sensor_async.py
[2025-05-01T10:59:33.314+0000] {logging_mixin.py:188} INFO - [2025-05-01T10:59:33.313+0000] {dag.py:3096} INFO - Sync 1 DAGs
[2025-05-01T10:59:33.327+0000] {logging_mixin.py:188} INFO - [2025-05-01T10:59:33.327+0000] {dag.py:3954} INFO - Setting next_dagrun for example_time_delta_sensor_async to None, run_after=None
[2025-05-01T10:59:33.355+0000] {processor.py:183} INFO - Processing /home/airflow/.local/lib/python3.12/site-packages/airflow/example_dags/example_time_delta_sensor_async.py took 0.081 seconds
[2025-05-01T11:00:04.300+0000] {processor.py:161} INFO - Started process (PID=1046) to work on /home/airflow/.local/lib/python3.12/site-packages/airflow/example_dags/example_time_delta_sensor_async.py
[2025-05-01T11:00:04.302+0000] {processor.py:830} INFO - Processing file /home/airflow/.local/lib/python3.12/site-packages/airflow/example_dags/example_time_delta_sensor_async.py for tasks to queue
[2025-05-01T11:00:04.306+0000] {logging_mixin.py:188} INFO - [2025-05-01T11:00:04.305+0000] {dagbag.py:545} INFO - Filling up the DagBag from /home/airflow/.local/lib/python3.12/site-packages/airflow/example_dags/example_time_delta_sensor_async.py
[2025-05-01T11:00:04.315+0000] {processor.py:840} INFO - DAG(s) 'example_time_delta_sensor_async' retrieved from /home/airflow/.local/lib/python3.12/site-packages/airflow/example_dags/example_time_delta_sensor_async.py
[2025-05-01T11:00:04.358+0000] {logging_mixin.py:188} INFO - [2025-05-01T11:00:04.357+0000] {dag.py:3096} INFO - Sync 1 DAGs
[2025-05-01T11:00:04.391+0000] {logging_mixin.py:188} INFO - [2025-05-01T11:00:04.390+0000] {dag.py:3954} INFO - Setting next_dagrun for example_time_delta_sensor_async to None, run_after=None
[2025-05-01T11:00:04.444+0000] {processor.py:183} INFO - Processing /home/airflow/.local/lib/python3.12/site-packages/airflow/example_dags/example_time_delta_sensor_async.py took 0.155 seconds
[2025-05-01T11:00:34.918+0000] {processor.py:161} INFO - Started process (PID=1104) to work on /home/airflow/.local/lib/python3.12/site-packages/airflow/example_dags/example_time_delta_sensor_async.py
[2025-05-01T11:00:34.920+0000] {processor.py:830} INFO - Processing file /home/airflow/.local/lib/python3.12/site-packages/airflow/example_dags/example_time_delta_sensor_async.py for tasks to queue
[2025-05-01T11:00:34.925+0000] {logging_mixin.py:188} INFO - [2025-05-01T11:00:34.924+0000] {dagbag.py:545} INFO - Filling up the DagBag from /home/airflow/.local/lib/python3.12/site-packages/airflow/example_dags/example_time_delta_sensor_async.py
[2025-05-01T11:00:34.941+0000] {processor.py:840} INFO - DAG(s) 'example_time_delta_sensor_async' retrieved from /home/airflow/.local/lib/python3.12/site-packages/airflow/example_dags/example_time_delta_sensor_async.py
[2025-05-01T11:00:35.000+0000] {logging_mixin.py:188} INFO - [2025-05-01T11:00:34.999+0000] {dag.py:3096} INFO - Sync 1 DAGs
[2025-05-01T11:00:35.037+0000] {logging_mixin.py:188} INFO - [2025-05-01T11:00:35.036+0000] {dag.py:3954} INFO - Setting next_dagrun for example_time_delta_sensor_async to None, run_after=None
[2025-05-01T11:00:35.089+0000] {processor.py:183} INFO - Processing /home/airflow/.local/lib/python3.12/site-packages/airflow/example_dags/example_time_delta_sensor_async.py took 0.185 seconds
[2025-05-01T11:01:05.449+0000] {processor.py:161} INFO - Started process (PID=1164) to work on /home/airflow/.local/lib/python3.12/site-packages/airflow/example_dags/example_time_delta_sensor_async.py
[2025-05-01T11:01:05.452+0000] {processor.py:830} INFO - Processing file /home/airflow/.local/lib/python3.12/site-packages/airflow/example_dags/example_time_delta_sensor_async.py for tasks to queue
[2025-05-01T11:01:05.458+0000] {logging_mixin.py:188} INFO - [2025-05-01T11:01:05.457+0000] {dagbag.py:545} INFO - Filling up the DagBag from /home/airflow/.local/lib/python3.12/site-packages/airflow/example_dags/example_time_delta_sensor_async.py
[2025-05-01T11:01:05.471+0000] {processor.py:840} INFO - DAG(s) 'example_time_delta_sensor_async' retrieved from /home/airflow/.local/lib/python3.12/site-packages/airflow/example_dags/example_time_delta_sensor_async.py
[2025-05-01T11:01:05.524+0000] {logging_mixin.py:188} INFO - [2025-05-01T11:01:05.523+0000] {dag.py:3096} INFO - Sync 1 DAGs
[2025-05-01T11:01:05.555+0000] {logging_mixin.py:188} INFO - [2025-05-01T11:01:05.554+0000] {dag.py:3954} INFO - Setting next_dagrun for example_time_delta_sensor_async to None, run_after=None
[2025-05-01T11:01:05.656+0000] {processor.py:183} INFO - Processing /home/airflow/.local/lib/python3.12/site-packages/airflow/example_dags/example_time_delta_sensor_async.py took 0.222 seconds
[2025-05-01T11:01:36.023+0000] {processor.py:161} INFO - Started process (PID=1223) to work on /home/airflow/.local/lib/python3.12/site-packages/airflow/example_dags/example_time_delta_sensor_async.py
[2025-05-01T11:01:36.026+0000] {processor.py:830} INFO - Processing file /home/airflow/.local/lib/python3.12/site-packages/airflow/example_dags/example_time_delta_sensor_async.py for tasks to queue
[2025-05-01T11:01:36.030+0000] {logging_mixin.py:188} INFO - [2025-05-01T11:01:36.029+0000] {dagbag.py:545} INFO - Filling up the DagBag from /home/airflow/.local/lib/python3.12/site-packages/airflow/example_dags/example_time_delta_sensor_async.py
[2025-05-01T11:01:36.042+0000] {processor.py:840} INFO - DAG(s) 'example_time_delta_sensor_async' retrieved from /home/airflow/.local/lib/python3.12/site-packages/airflow/example_dags/example_time_delta_sensor_async.py
[2025-05-01T11:01:36.098+0000] {logging_mixin.py:188} INFO - [2025-05-01T11:01:36.098+0000] {dag.py:3096} INFO - Sync 1 DAGs
[2025-05-01T11:01:36.129+0000] {logging_mixin.py:188} INFO - [2025-05-01T11:01:36.129+0000] {dag.py:3954} INFO - Setting next_dagrun for example_time_delta_sensor_async to None, run_after=None
[2025-05-01T11:01:36.225+0000] {processor.py:183} INFO - Processing /home/airflow/.local/lib/python3.12/site-packages/airflow/example_dags/example_time_delta_sensor_async.py took 0.217 seconds
[2025-05-01T11:02:06.575+0000] {processor.py:161} INFO - Started process (PID=1282) to work on /home/airflow/.local/lib/python3.12/site-packages/airflow/example_dags/example_time_delta_sensor_async.py
[2025-05-01T11:02:06.577+0000] {processor.py:830} INFO - Processing file /home/airflow/.local/lib/python3.12/site-packages/airflow/example_dags/example_time_delta_sensor_async.py for tasks to queue
[2025-05-01T11:02:06.582+0000] {logging_mixin.py:188} INFO - [2025-05-01T11:02:06.581+0000] {dagbag.py:545} INFO - Filling up the DagBag from /home/airflow/.local/lib/python3.12/site-packages/airflow/example_dags/example_time_delta_sensor_async.py
[2025-05-01T11:02:06.592+0000] {processor.py:840} INFO - DAG(s) 'example_time_delta_sensor_async' retrieved from /home/airflow/.local/lib/python3.12/site-packages/airflow/example_dags/example_time_delta_sensor_async.py
[2025-05-01T11:02:06.650+0000] {logging_mixin.py:188} INFO - [2025-05-01T11:02:06.649+0000] {dag.py:3096} INFO - Sync 1 DAGs
[2025-05-01T11:02:06.678+0000] {logging_mixin.py:188} INFO - [2025-05-01T11:02:06.677+0000] {dag.py:3954} INFO - Setting next_dagrun for example_time_delta_sensor_async to None, run_after=None
[2025-05-01T11:02:06.768+0000] {processor.py:183} INFO - Processing /home/airflow/.local/lib/python3.12/site-packages/airflow/example_dags/example_time_delta_sensor_async.py took 0.208 seconds
[2025-05-01T11:02:37.223+0000] {processor.py:161} INFO - Started process (PID=1341) to work on /home/airflow/.local/lib/python3.12/site-packages/airflow/example_dags/example_time_delta_sensor_async.py
[2025-05-01T11:02:37.226+0000] {processor.py:830} INFO - Processing file /home/airflow/.local/lib/python3.12/site-packages/airflow/example_dags/example_time_delta_sensor_async.py for tasks to queue
[2025-05-01T11:02:37.232+0000] {logging_mixin.py:188} INFO - [2025-05-01T11:02:37.231+0000] {dagbag.py:545} INFO - Filling up the DagBag from /home/airflow/.local/lib/python3.12/site-packages/airflow/example_dags/example_time_delta_sensor_async.py
[2025-05-01T11:02:37.245+0000] {processor.py:840} INFO - DAG(s) 'example_time_delta_sensor_async' retrieved from /home/airflow/.local/lib/python3.12/site-packages/airflow/example_dags/example_time_delta_sensor_async.py
[2025-05-01T11:02:37.301+0000] {logging_mixin.py:188} INFO - [2025-05-01T11:02:37.300+0000] {dag.py:3096} INFO - Sync 1 DAGs
[2025-05-01T11:02:37.335+0000] {logging_mixin.py:188} INFO - [2025-05-01T11:02:37.335+0000] {dag.py:3954} INFO - Setting next_dagrun for example_time_delta_sensor_async to None, run_after=None
[2025-05-01T11:02:37.396+0000] {processor.py:183} INFO - Processing /home/airflow/.local/lib/python3.12/site-packages/airflow/example_dags/example_time_delta_sensor_async.py took 0.188 seconds
[2025-05-01T11:03:08.122+0000] {processor.py:161} INFO - Started process (PID=1400) to work on /home/airflow/.local/lib/python3.12/site-packages/airflow/example_dags/example_time_delta_sensor_async.py
[2025-05-01T11:03:08.124+0000] {processor.py:830} INFO - Processing file /home/airflow/.local/lib/python3.12/site-packages/airflow/example_dags/example_time_delta_sensor_async.py for tasks to queue
[2025-05-01T11:03:08.131+0000] {logging_mixin.py:188} INFO - [2025-05-01T11:03:08.130+0000] {dagbag.py:545} INFO - Filling up the DagBag from /home/airflow/.local/lib/python3.12/site-packages/airflow/example_dags/example_time_delta_sensor_async.py
[2025-05-01T11:03:08.143+0000] {processor.py:840} INFO - DAG(s) 'example_time_delta_sensor_async' retrieved from /home/airflow/.local/lib/python3.12/site-packages/airflow/example_dags/example_time_delta_sensor_async.py
[2025-05-01T11:03:08.192+0000] {logging_mixin.py:188} INFO - [2025-05-01T11:03:08.191+0000] {dag.py:3096} INFO - Sync 1 DAGs
[2025-05-01T11:03:08.219+0000] {logging_mixin.py:188} INFO - [2025-05-01T11:03:08.218+0000] {dag.py:3954} INFO - Setting next_dagrun for example_time_delta_sensor_async to None, run_after=None
[2025-05-01T11:03:08.269+0000] {processor.py:183} INFO - Processing /home/airflow/.local/lib/python3.12/site-packages/airflow/example_dags/example_time_delta_sensor_async.py took 0.158 seconds
[2025-05-01T11:03:38.935+0000] {processor.py:161} INFO - Started process (PID=1459) to work on /home/airflow/.local/lib/python3.12/site-packages/airflow/example_dags/example_time_delta_sensor_async.py
[2025-05-01T11:03:38.937+0000] {processor.py:830} INFO - Processing file /home/airflow/.local/lib/python3.12/site-packages/airflow/example_dags/example_time_delta_sensor_async.py for tasks to queue
[2025-05-01T11:03:38.941+0000] {logging_mixin.py:188} INFO - [2025-05-01T11:03:38.940+0000] {dagbag.py:545} INFO - Filling up the DagBag from /home/airflow/.local/lib/python3.12/site-packages/airflow/example_dags/example_time_delta_sensor_async.py
[2025-05-01T11:03:38.950+0000] {processor.py:840} INFO - DAG(s) 'example_time_delta_sensor_async' retrieved from /home/airflow/.local/lib/python3.12/site-packages/airflow/example_dags/example_time_delta_sensor_async.py
[2025-05-01T11:03:39.021+0000] {logging_mixin.py:188} INFO - [2025-05-01T11:03:39.020+0000] {dag.py:3096} INFO - Sync 1 DAGs
[2025-05-01T11:03:39.055+0000] {logging_mixin.py:188} INFO - [2025-05-01T11:03:39.055+0000] {dag.py:3954} INFO - Setting next_dagrun for example_time_delta_sensor_async to None, run_after=None
[2025-05-01T11:03:39.109+0000] {processor.py:183} INFO - Processing /home/airflow/.local/lib/python3.12/site-packages/airflow/example_dags/example_time_delta_sensor_async.py took 0.186 seconds
[2025-05-01T11:04:09.705+0000] {processor.py:161} INFO - Started process (PID=1518) to work on /home/airflow/.local/lib/python3.12/site-packages/airflow/example_dags/example_time_delta_sensor_async.py
[2025-05-01T11:04:09.707+0000] {processor.py:830} INFO - Processing file /home/airflow/.local/lib/python3.12/site-packages/airflow/example_dags/example_time_delta_sensor_async.py for tasks to queue
[2025-05-01T11:04:09.712+0000] {logging_mixin.py:188} INFO - [2025-05-01T11:04:09.711+0000] {dagbag.py:545} INFO - Filling up the DagBag from /home/airflow/.local/lib/python3.12/site-packages/airflow/example_dags/example_time_delta_sensor_async.py
[2025-05-01T11:04:09.726+0000] {processor.py:840} INFO - DAG(s) 'example_time_delta_sensor_async' retrieved from /home/airflow/.local/lib/python3.12/site-packages/airflow/example_dags/example_time_delta_sensor_async.py
[2025-05-01T11:04:09.779+0000] {logging_mixin.py:188} INFO - [2025-05-01T11:04:09.778+0000] {dag.py:3096} INFO - Sync 1 DAGs
[2025-05-01T11:04:09.816+0000] {logging_mixin.py:188} INFO - [2025-05-01T11:04:09.815+0000] {dag.py:3954} INFO - Setting next_dagrun for example_time_delta_sensor_async to None, run_after=None
[2025-05-01T11:04:09.868+0000] {processor.py:183} INFO - Processing /home/airflow/.local/lib/python3.12/site-packages/airflow/example_dags/example_time_delta_sensor_async.py took 0.177 seconds
[2025-05-01T11:04:40.673+0000] {processor.py:161} INFO - Started process (PID=1577) to work on /home/airflow/.local/lib/python3.12/site-packages/airflow/example_dags/example_time_delta_sensor_async.py
[2025-05-01T11:04:40.676+0000] {processor.py:830} INFO - Processing file /home/airflow/.local/lib/python3.12/site-packages/airflow/example_dags/example_time_delta_sensor_async.py for tasks to queue
[2025-05-01T11:04:40.681+0000] {logging_mixin.py:188} INFO - [2025-05-01T11:04:40.680+0000] {dagbag.py:545} INFO - Filling up the DagBag from /home/airflow/.local/lib/python3.12/site-packages/airflow/example_dags/example_time_delta_sensor_async.py
[2025-05-01T11:04:40.690+0000] {processor.py:840} INFO - DAG(s) 'example_time_delta_sensor_async' retrieved from /home/airflow/.local/lib/python3.12/site-packages/airflow/example_dags/example_time_delta_sensor_async.py
[2025-05-01T11:04:40.742+0000] {logging_mixin.py:188} INFO - [2025-05-01T11:04:40.741+0000] {dag.py:3096} INFO - Sync 1 DAGs
[2025-05-01T11:04:40.778+0000] {logging_mixin.py:188} INFO - [2025-05-01T11:04:40.777+0000] {dag.py:3954} INFO - Setting next_dagrun for example_time_delta_sensor_async to None, run_after=None
[2025-05-01T11:04:40.842+0000] {processor.py:183} INFO - Processing /home/airflow/.local/lib/python3.12/site-packages/airflow/example_dags/example_time_delta_sensor_async.py took 0.181 seconds
[2025-05-01T11:05:11.379+0000] {processor.py:161} INFO - Started process (PID=1636) to work on /home/airflow/.local/lib/python3.12/site-packages/airflow/example_dags/example_time_delta_sensor_async.py
[2025-05-01T11:05:11.381+0000] {processor.py:830} INFO - Processing file /home/airflow/.local/lib/python3.12/site-packages/airflow/example_dags/example_time_delta_sensor_async.py for tasks to queue
[2025-05-01T11:05:11.385+0000] {logging_mixin.py:188} INFO - [2025-05-01T11:05:11.385+0000] {dagbag.py:545} INFO - Filling up the DagBag from /home/airflow/.local/lib/python3.12/site-packages/airflow/example_dags/example_time_delta_sensor_async.py
[2025-05-01T11:05:11.394+0000] {processor.py:840} INFO - DAG(s) 'example_time_delta_sensor_async' retrieved from /home/airflow/.local/lib/python3.12/site-packages/airflow/example_dags/example_time_delta_sensor_async.py
[2025-05-01T11:05:11.436+0000] {logging_mixin.py:188} INFO - [2025-05-01T11:05:11.435+0000] {dag.py:3096} INFO - Sync 1 DAGs
[2025-05-01T11:05:11.463+0000] {logging_mixin.py:188} INFO - [2025-05-01T11:05:11.462+0000] {dag.py:3954} INFO - Setting next_dagrun for example_time_delta_sensor_async to None, run_after=None
[2025-05-01T11:05:11.547+0000] {processor.py:183} INFO - Processing /home/airflow/.local/lib/python3.12/site-packages/airflow/example_dags/example_time_delta_sensor_async.py took 0.179 seconds
[2025-05-01T11:05:42.278+0000] {processor.py:161} INFO - Started process (PID=1695) to work on /home/airflow/.local/lib/python3.12/site-packages/airflow/example_dags/example_time_delta_sensor_async.py
[2025-05-01T11:05:42.280+0000] {processor.py:830} INFO - Processing file /home/airflow/.local/lib/python3.12/site-packages/airflow/example_dags/example_time_delta_sensor_async.py for tasks to queue
[2025-05-01T11:05:42.286+0000] {logging_mixin.py:188} INFO - [2025-05-01T11:05:42.285+0000] {dagbag.py:545} INFO - Filling up the DagBag from /home/airflow/.local/lib/python3.12/site-packages/airflow/example_dags/example_time_delta_sensor_async.py
[2025-05-01T11:05:42.299+0000] {processor.py:840} INFO - DAG(s) 'example_time_delta_sensor_async' retrieved from /home/airflow/.local/lib/python3.12/site-packages/airflow/example_dags/example_time_delta_sensor_async.py
[2025-05-01T11:05:42.357+0000] {logging_mixin.py:188} INFO - [2025-05-01T11:05:42.356+0000] {dag.py:3096} INFO - Sync 1 DAGs
[2025-05-01T11:05:42.402+0000] {logging_mixin.py:188} INFO - [2025-05-01T11:05:42.401+0000] {dag.py:3954} INFO - Setting next_dagrun for example_time_delta_sensor_async to None, run_after=None
[2025-05-01T11:05:42.510+0000] {processor.py:183} INFO - Processing /home/airflow/.local/lib/python3.12/site-packages/airflow/example_dags/example_time_delta_sensor_async.py took 0.247 seconds
[2025-05-01T11:06:13.179+0000] {processor.py:161} INFO - Started process (PID=1754) to work on /home/airflow/.local/lib/python3.12/site-packages/airflow/example_dags/example_time_delta_sensor_async.py
[2025-05-01T11:06:13.181+0000] {processor.py:830} INFO - Processing file /home/airflow/.local/lib/python3.12/site-packages/airflow/example_dags/example_time_delta_sensor_async.py for tasks to queue
[2025-05-01T11:06:13.185+0000] {logging_mixin.py:188} INFO - [2025-05-01T11:06:13.184+0000] {dagbag.py:545} INFO - Filling up the DagBag from /home/airflow/.local/lib/python3.12/site-packages/airflow/example_dags/example_time_delta_sensor_async.py
[2025-05-01T11:06:13.193+0000] {processor.py:840} INFO - DAG(s) 'example_time_delta_sensor_async' retrieved from /home/airflow/.local/lib/python3.12/site-packages/airflow/example_dags/example_time_delta_sensor_async.py
[2025-05-01T11:06:13.242+0000] {logging_mixin.py:188} INFO - [2025-05-01T11:06:13.242+0000] {dag.py:3096} INFO - Sync 1 DAGs
[2025-05-01T11:06:13.276+0000] {logging_mixin.py:188} INFO - [2025-05-01T11:06:13.275+0000] {dag.py:3954} INFO - Setting next_dagrun for example_time_delta_sensor_async to None, run_after=None
[2025-05-01T11:06:13.336+0000] {processor.py:183} INFO - Processing /home/airflow/.local/lib/python3.12/site-packages/airflow/example_dags/example_time_delta_sensor_async.py took 0.169 seconds
[2025-05-01T11:06:43.955+0000] {processor.py:161} INFO - Started process (PID=1813) to work on /home/airflow/.local/lib/python3.12/site-packages/airflow/example_dags/example_time_delta_sensor_async.py
[2025-05-01T11:06:43.957+0000] {processor.py:830} INFO - Processing file /home/airflow/.local/lib/python3.12/site-packages/airflow/example_dags/example_time_delta_sensor_async.py for tasks to queue
[2025-05-01T11:06:43.961+0000] {logging_mixin.py:188} INFO - [2025-05-01T11:06:43.960+0000] {dagbag.py:545} INFO - Filling up the DagBag from /home/airflow/.local/lib/python3.12/site-packages/airflow/example_dags/example_time_delta_sensor_async.py
[2025-05-01T11:06:43.972+0000] {processor.py:840} INFO - DAG(s) 'example_time_delta_sensor_async' retrieved from /home/airflow/.local/lib/python3.12/site-packages/airflow/example_dags/example_time_delta_sensor_async.py
[2025-05-01T11:06:44.021+0000] {logging_mixin.py:188} INFO - [2025-05-01T11:06:44.020+0000] {dag.py:3096} INFO - Sync 1 DAGs
[2025-05-01T11:06:44.056+0000] {logging_mixin.py:188} INFO - [2025-05-01T11:06:44.056+0000] {dag.py:3954} INFO - Setting next_dagrun for example_time_delta_sensor_async to None, run_after=None
[2025-05-01T11:06:44.145+0000] {processor.py:183} INFO - Processing /home/airflow/.local/lib/python3.12/site-packages/airflow/example_dags/example_time_delta_sensor_async.py took 0.202 seconds
[2025-05-01T11:07:14.514+0000] {processor.py:161} INFO - Started process (PID=1872) to work on /home/airflow/.local/lib/python3.12/site-packages/airflow/example_dags/example_time_delta_sensor_async.py
[2025-05-01T11:07:14.516+0000] {processor.py:830} INFO - Processing file /home/airflow/.local/lib/python3.12/site-packages/airflow/example_dags/example_time_delta_sensor_async.py for tasks to queue
[2025-05-01T11:07:14.520+0000] {logging_mixin.py:188} INFO - [2025-05-01T11:07:14.519+0000] {dagbag.py:545} INFO - Filling up the DagBag from /home/airflow/.local/lib/python3.12/site-packages/airflow/example_dags/example_time_delta_sensor_async.py
[2025-05-01T11:07:14.529+0000] {processor.py:840} INFO - DAG(s) 'example_time_delta_sensor_async' retrieved from /home/airflow/.local/lib/python3.12/site-packages/airflow/example_dags/example_time_delta_sensor_async.py
[2025-05-01T11:07:14.572+0000] {logging_mixin.py:188} INFO - [2025-05-01T11:07:14.572+0000] {dag.py:3096} INFO - Sync 1 DAGs
[2025-05-01T11:07:14.612+0000] {logging_mixin.py:188} INFO - [2025-05-01T11:07:14.611+0000] {dag.py:3954} INFO - Setting next_dagrun for example_time_delta_sensor_async to None, run_after=None
[2025-05-01T11:07:14.667+0000] {processor.py:183} INFO - Processing /home/airflow/.local/lib/python3.12/site-packages/airflow/example_dags/example_time_delta_sensor_async.py took 0.164 seconds
[2025-05-01T11:07:46.085+0000] {processor.py:161} INFO - Started process (PID=1931) to work on /home/airflow/.local/lib/python3.12/site-packages/airflow/example_dags/example_time_delta_sensor_async.py
[2025-05-01T11:07:46.088+0000] {processor.py:830} INFO - Processing file /home/airflow/.local/lib/python3.12/site-packages/airflow/example_dags/example_time_delta_sensor_async.py for tasks to queue
[2025-05-01T11:07:46.092+0000] {logging_mixin.py:188} INFO - [2025-05-01T11:07:46.091+0000] {dagbag.py:545} INFO - Filling up the DagBag from /home/airflow/.local/lib/python3.12/site-packages/airflow/example_dags/example_time_delta_sensor_async.py
[2025-05-01T11:07:46.101+0000] {processor.py:840} INFO - DAG(s) 'example_time_delta_sensor_async' retrieved from /home/airflow/.local/lib/python3.12/site-packages/airflow/example_dags/example_time_delta_sensor_async.py
[2025-05-01T11:07:46.145+0000] {logging_mixin.py:188} INFO - [2025-05-01T11:07:46.145+0000] {dag.py:3096} INFO - Sync 1 DAGs
[2025-05-01T11:07:46.172+0000] {logging_mixin.py:188} INFO - [2025-05-01T11:07:46.172+0000] {dag.py:3954} INFO - Setting next_dagrun for example_time_delta_sensor_async to None, run_after=None
[2025-05-01T11:07:46.257+0000] {processor.py:183} INFO - Processing /home/airflow/.local/lib/python3.12/site-packages/airflow/example_dags/example_time_delta_sensor_async.py took 0.183 seconds
[2025-05-01T11:08:18.259+0000] {processor.py:161} INFO - Started process (PID=1990) to work on /home/airflow/.local/lib/python3.12/site-packages/airflow/example_dags/example_time_delta_sensor_async.py
[2025-05-01T11:08:18.262+0000] {processor.py:830} INFO - Processing file /home/airflow/.local/lib/python3.12/site-packages/airflow/example_dags/example_time_delta_sensor_async.py for tasks to queue
[2025-05-01T11:08:18.266+0000] {logging_mixin.py:188} INFO - [2025-05-01T11:08:18.265+0000] {dagbag.py:545} INFO - Filling up the DagBag from /home/airflow/.local/lib/python3.12/site-packages/airflow/example_dags/example_time_delta_sensor_async.py
[2025-05-01T11:08:18.276+0000] {processor.py:840} INFO - DAG(s) 'example_time_delta_sensor_async' retrieved from /home/airflow/.local/lib/python3.12/site-packages/airflow/example_dags/example_time_delta_sensor_async.py
[2025-05-01T11:08:18.331+0000] {logging_mixin.py:188} INFO - [2025-05-01T11:08:18.331+0000] {dag.py:3096} INFO - Sync 1 DAGs
[2025-05-01T11:08:18.553+0000] {logging_mixin.py:188} INFO - [2025-05-01T11:08:18.553+0000] {dag.py:3954} INFO - Setting next_dagrun for example_time_delta_sensor_async to None, run_after=None
[2025-05-01T11:08:18.596+0000] {processor.py:183} INFO - Processing /home/airflow/.local/lib/python3.12/site-packages/airflow/example_dags/example_time_delta_sensor_async.py took 0.347 seconds
[2025-05-01T11:08:49.186+0000] {processor.py:161} INFO - Started process (PID=2049) to work on /home/airflow/.local/lib/python3.12/site-packages/airflow/example_dags/example_time_delta_sensor_async.py
[2025-05-01T11:08:49.188+0000] {processor.py:830} INFO - Processing file /home/airflow/.local/lib/python3.12/site-packages/airflow/example_dags/example_time_delta_sensor_async.py for tasks to queue
[2025-05-01T11:08:49.194+0000] {logging_mixin.py:188} INFO - [2025-05-01T11:08:49.193+0000] {dagbag.py:545} INFO - Filling up the DagBag from /home/airflow/.local/lib/python3.12/site-packages/airflow/example_dags/example_time_delta_sensor_async.py
[2025-05-01T11:08:49.204+0000] {processor.py:840} INFO - DAG(s) 'example_time_delta_sensor_async' retrieved from /home/airflow/.local/lib/python3.12/site-packages/airflow/example_dags/example_time_delta_sensor_async.py
[2025-05-01T11:08:49.253+0000] {logging_mixin.py:188} INFO - [2025-05-01T11:08:49.253+0000] {dag.py:3096} INFO - Sync 1 DAGs
[2025-05-01T11:08:49.289+0000] {logging_mixin.py:188} INFO - [2025-05-01T11:08:49.289+0000] {dag.py:3954} INFO - Setting next_dagrun for example_time_delta_sensor_async to None, run_after=None
[2025-05-01T11:08:49.351+0000] {processor.py:183} INFO - Processing /home/airflow/.local/lib/python3.12/site-packages/airflow/example_dags/example_time_delta_sensor_async.py took 0.179 seconds
[2025-05-01T11:09:20.650+0000] {processor.py:161} INFO - Started process (PID=2108) to work on /home/airflow/.local/lib/python3.12/site-packages/airflow/example_dags/example_time_delta_sensor_async.py
[2025-05-01T11:09:20.654+0000] {processor.py:830} INFO - Processing file /home/airflow/.local/lib/python3.12/site-packages/airflow/example_dags/example_time_delta_sensor_async.py for tasks to queue
[2025-05-01T11:09:20.660+0000] {logging_mixin.py:188} INFO - [2025-05-01T11:09:20.659+0000] {dagbag.py:545} INFO - Filling up the DagBag from /home/airflow/.local/lib/python3.12/site-packages/airflow/example_dags/example_time_delta_sensor_async.py
[2025-05-01T11:09:20.670+0000] {processor.py:840} INFO - DAG(s) 'example_time_delta_sensor_async' retrieved from /home/airflow/.local/lib/python3.12/site-packages/airflow/example_dags/example_time_delta_sensor_async.py
[2025-05-01T11:09:20.719+0000] {logging_mixin.py:188} INFO - [2025-05-01T11:09:20.719+0000] {dag.py:3096} INFO - Sync 1 DAGs
[2025-05-01T11:09:20.752+0000] {logging_mixin.py:188} INFO - [2025-05-01T11:09:20.751+0000] {dag.py:3954} INFO - Setting next_dagrun for example_time_delta_sensor_async to None, run_after=None
[2025-05-01T11:09:20.810+0000] {processor.py:183} INFO - Processing /home/airflow/.local/lib/python3.12/site-packages/airflow/example_dags/example_time_delta_sensor_async.py took 0.178 seconds
[2025-05-01T11:09:51.389+0000] {processor.py:161} INFO - Started process (PID=2167) to work on /home/airflow/.local/lib/python3.12/site-packages/airflow/example_dags/example_time_delta_sensor_async.py
[2025-05-01T11:09:51.392+0000] {processor.py:830} INFO - Processing file /home/airflow/.local/lib/python3.12/site-packages/airflow/example_dags/example_time_delta_sensor_async.py for tasks to queue
[2025-05-01T11:09:51.396+0000] {logging_mixin.py:188} INFO - [2025-05-01T11:09:51.396+0000] {dagbag.py:545} INFO - Filling up the DagBag from /home/airflow/.local/lib/python3.12/site-packages/airflow/example_dags/example_time_delta_sensor_async.py
[2025-05-01T11:09:51.407+0000] {processor.py:840} INFO - DAG(s) 'example_time_delta_sensor_async' retrieved from /home/airflow/.local/lib/python3.12/site-packages/airflow/example_dags/example_time_delta_sensor_async.py
[2025-05-01T11:09:51.456+0000] {logging_mixin.py:188} INFO - [2025-05-01T11:09:51.456+0000] {dag.py:3096} INFO - Sync 1 DAGs
[2025-05-01T11:09:51.494+0000] {logging_mixin.py:188} INFO - [2025-05-01T11:09:51.494+0000] {dag.py:3954} INFO - Setting next_dagrun for example_time_delta_sensor_async to None, run_after=None
[2025-05-01T11:09:51.552+0000] {processor.py:183} INFO - Processing /home/airflow/.local/lib/python3.12/site-packages/airflow/example_dags/example_time_delta_sensor_async.py took 0.176 seconds
[2025-05-01T11:10:22.452+0000] {processor.py:161} INFO - Started process (PID=2226) to work on /home/airflow/.local/lib/python3.12/site-packages/airflow/example_dags/example_time_delta_sensor_async.py
[2025-05-01T11:10:22.455+0000] {processor.py:830} INFO - Processing file /home/airflow/.local/lib/python3.12/site-packages/airflow/example_dags/example_time_delta_sensor_async.py for tasks to queue
[2025-05-01T11:10:22.468+0000] {logging_mixin.py:188} INFO - [2025-05-01T11:10:22.466+0000] {dagbag.py:545} INFO - Filling up the DagBag from /home/airflow/.local/lib/python3.12/site-packages/airflow/example_dags/example_time_delta_sensor_async.py
[2025-05-01T11:10:22.489+0000] {processor.py:840} INFO - DAG(s) 'example_time_delta_sensor_async' retrieved from /home/airflow/.local/lib/python3.12/site-packages/airflow/example_dags/example_time_delta_sensor_async.py
[2025-05-01T11:10:22.602+0000] {logging_mixin.py:188} INFO - [2025-05-01T11:10:22.601+0000] {dag.py:3096} INFO - Sync 1 DAGs
[2025-05-01T11:10:22.704+0000] {logging_mixin.py:188} INFO - [2025-05-01T11:10:22.702+0000] {dag.py:3954} INFO - Setting next_dagrun for example_time_delta_sensor_async to None, run_after=None
[2025-05-01T11:10:22.814+0000] {processor.py:183} INFO - Processing /home/airflow/.local/lib/python3.12/site-packages/airflow/example_dags/example_time_delta_sensor_async.py took 0.387 seconds
[2025-05-01T11:10:53.452+0000] {processor.py:161} INFO - Started process (PID=2285) to work on /home/airflow/.local/lib/python3.12/site-packages/airflow/example_dags/example_time_delta_sensor_async.py
[2025-05-01T11:10:53.454+0000] {processor.py:830} INFO - Processing file /home/airflow/.local/lib/python3.12/site-packages/airflow/example_dags/example_time_delta_sensor_async.py for tasks to queue
[2025-05-01T11:10:53.459+0000] {logging_mixin.py:188} INFO - [2025-05-01T11:10:53.458+0000] {dagbag.py:545} INFO - Filling up the DagBag from /home/airflow/.local/lib/python3.12/site-packages/airflow/example_dags/example_time_delta_sensor_async.py
[2025-05-01T11:10:53.468+0000] {processor.py:840} INFO - DAG(s) 'example_time_delta_sensor_async' retrieved from /home/airflow/.local/lib/python3.12/site-packages/airflow/example_dags/example_time_delta_sensor_async.py
[2025-05-01T11:10:53.512+0000] {logging_mixin.py:188} INFO - [2025-05-01T11:10:53.512+0000] {dag.py:3096} INFO - Sync 1 DAGs
[2025-05-01T11:10:53.547+0000] {logging_mixin.py:188} INFO - [2025-05-01T11:10:53.547+0000] {dag.py:3954} INFO - Setting next_dagrun for example_time_delta_sensor_async to None, run_after=None
[2025-05-01T11:10:53.591+0000] {processor.py:183} INFO - Processing /home/airflow/.local/lib/python3.12/site-packages/airflow/example_dags/example_time_delta_sensor_async.py took 0.150 seconds
[2025-05-01T11:11:24.356+0000] {processor.py:161} INFO - Started process (PID=2350) to work on /home/airflow/.local/lib/python3.12/site-packages/airflow/example_dags/example_time_delta_sensor_async.py
[2025-05-01T11:11:24.358+0000] {processor.py:830} INFO - Processing file /home/airflow/.local/lib/python3.12/site-packages/airflow/example_dags/example_time_delta_sensor_async.py for tasks to queue
[2025-05-01T11:11:24.362+0000] {logging_mixin.py:188} INFO - [2025-05-01T11:11:24.362+0000] {dagbag.py:545} INFO - Filling up the DagBag from /home/airflow/.local/lib/python3.12/site-packages/airflow/example_dags/example_time_delta_sensor_async.py
[2025-05-01T11:11:24.371+0000] {processor.py:840} INFO - DAG(s) 'example_time_delta_sensor_async' retrieved from /home/airflow/.local/lib/python3.12/site-packages/airflow/example_dags/example_time_delta_sensor_async.py
[2025-05-01T11:11:24.412+0000] {logging_mixin.py:188} INFO - [2025-05-01T11:11:24.411+0000] {dag.py:3096} INFO - Sync 1 DAGs
[2025-05-01T11:11:24.441+0000] {logging_mixin.py:188} INFO - [2025-05-01T11:11:24.440+0000] {dag.py:3954} INFO - Setting next_dagrun for example_time_delta_sensor_async to None, run_after=None
[2025-05-01T11:11:24.526+0000] {processor.py:183} INFO - Processing /home/airflow/.local/lib/python3.12/site-packages/airflow/example_dags/example_time_delta_sensor_async.py took 0.181 seconds
[2025-05-01T11:11:54.705+0000] {processor.py:161} INFO - Started process (PID=2409) to work on /home/airflow/.local/lib/python3.12/site-packages/airflow/example_dags/example_time_delta_sensor_async.py
[2025-05-01T11:11:54.708+0000] {processor.py:830} INFO - Processing file /home/airflow/.local/lib/python3.12/site-packages/airflow/example_dags/example_time_delta_sensor_async.py for tasks to queue
[2025-05-01T11:11:54.712+0000] {logging_mixin.py:188} INFO - [2025-05-01T11:11:54.712+0000] {dagbag.py:545} INFO - Filling up the DagBag from /home/airflow/.local/lib/python3.12/site-packages/airflow/example_dags/example_time_delta_sensor_async.py
[2025-05-01T11:11:54.721+0000] {processor.py:840} INFO - DAG(s) 'example_time_delta_sensor_async' retrieved from /home/airflow/.local/lib/python3.12/site-packages/airflow/example_dags/example_time_delta_sensor_async.py
[2025-05-01T11:11:54.769+0000] {logging_mixin.py:188} INFO - [2025-05-01T11:11:54.769+0000] {dag.py:3096} INFO - Sync 1 DAGs
[2025-05-01T11:11:54.799+0000] {logging_mixin.py:188} INFO - [2025-05-01T11:11:54.798+0000] {dag.py:3954} INFO - Setting next_dagrun for example_time_delta_sensor_async to None, run_after=None
[2025-05-01T11:11:54.913+0000] {processor.py:183} INFO - Processing /home/airflow/.local/lib/python3.12/site-packages/airflow/example_dags/example_time_delta_sensor_async.py took 0.219 seconds
[2025-05-01T11:12:25.234+0000] {processor.py:161} INFO - Started process (PID=2466) to work on /home/airflow/.local/lib/python3.12/site-packages/airflow/example_dags/example_time_delta_sensor_async.py
[2025-05-01T11:12:25.237+0000] {processor.py:830} INFO - Processing file /home/airflow/.local/lib/python3.12/site-packages/airflow/example_dags/example_time_delta_sensor_async.py for tasks to queue
[2025-05-01T11:12:25.242+0000] {logging_mixin.py:188} INFO - [2025-05-01T11:12:25.242+0000] {dagbag.py:545} INFO - Filling up the DagBag from /home/airflow/.local/lib/python3.12/site-packages/airflow/example_dags/example_time_delta_sensor_async.py
[2025-05-01T11:12:25.253+0000] {processor.py:840} INFO - DAG(s) 'example_time_delta_sensor_async' retrieved from /home/airflow/.local/lib/python3.12/site-packages/airflow/example_dags/example_time_delta_sensor_async.py
[2025-05-01T11:12:25.300+0000] {logging_mixin.py:188} INFO - [2025-05-01T11:12:25.299+0000] {dag.py:3096} INFO - Sync 1 DAGs
[2025-05-01T11:12:25.327+0000] {logging_mixin.py:188} INFO - [2025-05-01T11:12:25.327+0000] {dag.py:3954} INFO - Setting next_dagrun for example_time_delta_sensor_async to None, run_after=None
[2025-05-01T11:12:25.370+0000] {processor.py:183} INFO - Processing /home/airflow/.local/lib/python3.12/site-packages/airflow/example_dags/example_time_delta_sensor_async.py took 0.150 seconds
[2025-05-01T11:12:55.717+0000] {processor.py:161} INFO - Started process (PID=2525) to work on /home/airflow/.local/lib/python3.12/site-packages/airflow/example_dags/example_time_delta_sensor_async.py
[2025-05-01T11:12:55.720+0000] {processor.py:830} INFO - Processing file /home/airflow/.local/lib/python3.12/site-packages/airflow/example_dags/example_time_delta_sensor_async.py for tasks to queue
[2025-05-01T11:12:55.724+0000] {logging_mixin.py:188} INFO - [2025-05-01T11:12:55.723+0000] {dagbag.py:545} INFO - Filling up the DagBag from /home/airflow/.local/lib/python3.12/site-packages/airflow/example_dags/example_time_delta_sensor_async.py
[2025-05-01T11:12:55.732+0000] {processor.py:840} INFO - DAG(s) 'example_time_delta_sensor_async' retrieved from /home/airflow/.local/lib/python3.12/site-packages/airflow/example_dags/example_time_delta_sensor_async.py
[2025-05-01T11:12:55.772+0000] {logging_mixin.py:188} INFO - [2025-05-01T11:12:55.772+0000] {dag.py:3096} INFO - Sync 1 DAGs
[2025-05-01T11:12:55.799+0000] {logging_mixin.py:188} INFO - [2025-05-01T11:12:55.798+0000] {dag.py:3954} INFO - Setting next_dagrun for example_time_delta_sensor_async to None, run_after=None
[2025-05-01T11:12:55.887+0000] {processor.py:183} INFO - Processing /home/airflow/.local/lib/python3.12/site-packages/airflow/example_dags/example_time_delta_sensor_async.py took 0.180 seconds
[2025-05-01T11:13:26.630+0000] {processor.py:161} INFO - Started process (PID=2584) to work on /home/airflow/.local/lib/python3.12/site-packages/airflow/example_dags/example_time_delta_sensor_async.py
[2025-05-01T11:13:26.633+0000] {processor.py:830} INFO - Processing file /home/airflow/.local/lib/python3.12/site-packages/airflow/example_dags/example_time_delta_sensor_async.py for tasks to queue
[2025-05-01T11:13:26.639+0000] {logging_mixin.py:188} INFO - [2025-05-01T11:13:26.638+0000] {dagbag.py:545} INFO - Filling up the DagBag from /home/airflow/.local/lib/python3.12/site-packages/airflow/example_dags/example_time_delta_sensor_async.py
[2025-05-01T11:13:26.648+0000] {processor.py:840} INFO - DAG(s) 'example_time_delta_sensor_async' retrieved from /home/airflow/.local/lib/python3.12/site-packages/airflow/example_dags/example_time_delta_sensor_async.py
[2025-05-01T11:13:26.693+0000] {logging_mixin.py:188} INFO - [2025-05-01T11:13:26.693+0000] {dag.py:3096} INFO - Sync 1 DAGs
[2025-05-01T11:13:26.733+0000] {logging_mixin.py:188} INFO - [2025-05-01T11:13:26.733+0000] {dag.py:3954} INFO - Setting next_dagrun for example_time_delta_sensor_async to None, run_after=None
[2025-05-01T11:13:26.787+0000] {processor.py:183} INFO - Processing /home/airflow/.local/lib/python3.12/site-packages/airflow/example_dags/example_time_delta_sensor_async.py took 0.168 seconds
[2025-05-01T11:13:57.233+0000] {processor.py:161} INFO - Started process (PID=2643) to work on /home/airflow/.local/lib/python3.12/site-packages/airflow/example_dags/example_time_delta_sensor_async.py
[2025-05-01T11:13:57.236+0000] {processor.py:830} INFO - Processing file /home/airflow/.local/lib/python3.12/site-packages/airflow/example_dags/example_time_delta_sensor_async.py for tasks to queue
[2025-05-01T11:13:57.241+0000] {logging_mixin.py:188} INFO - [2025-05-01T11:13:57.240+0000] {dagbag.py:545} INFO - Filling up the DagBag from /home/airflow/.local/lib/python3.12/site-packages/airflow/example_dags/example_time_delta_sensor_async.py
[2025-05-01T11:13:57.252+0000] {processor.py:840} INFO - DAG(s) 'example_time_delta_sensor_async' retrieved from /home/airflow/.local/lib/python3.12/site-packages/airflow/example_dags/example_time_delta_sensor_async.py
[2025-05-01T11:13:57.322+0000] {logging_mixin.py:188} INFO - [2025-05-01T11:13:57.321+0000] {dag.py:3096} INFO - Sync 1 DAGs
[2025-05-01T11:13:57.365+0000] {logging_mixin.py:188} INFO - [2025-05-01T11:13:57.364+0000] {dag.py:3954} INFO - Setting next_dagrun for example_time_delta_sensor_async to None, run_after=None
[2025-05-01T11:13:57.438+0000] {processor.py:183} INFO - Processing /home/airflow/.local/lib/python3.12/site-packages/airflow/example_dags/example_time_delta_sensor_async.py took 0.219 seconds
[2025-05-01T11:14:27.682+0000] {processor.py:161} INFO - Started process (PID=2702) to work on /home/airflow/.local/lib/python3.12/site-packages/airflow/example_dags/example_time_delta_sensor_async.py
[2025-05-01T11:14:27.685+0000] {processor.py:830} INFO - Processing file /home/airflow/.local/lib/python3.12/site-packages/airflow/example_dags/example_time_delta_sensor_async.py for tasks to queue
[2025-05-01T11:14:27.690+0000] {logging_mixin.py:188} INFO - [2025-05-01T11:14:27.689+0000] {dagbag.py:545} INFO - Filling up the DagBag from /home/airflow/.local/lib/python3.12/site-packages/airflow/example_dags/example_time_delta_sensor_async.py
[2025-05-01T11:14:27.701+0000] {processor.py:840} INFO - DAG(s) 'example_time_delta_sensor_async' retrieved from /home/airflow/.local/lib/python3.12/site-packages/airflow/example_dags/example_time_delta_sensor_async.py
[2025-05-01T11:14:27.749+0000] {logging_mixin.py:188} INFO - [2025-05-01T11:14:27.748+0000] {dag.py:3096} INFO - Sync 1 DAGs
[2025-05-01T11:14:27.787+0000] {logging_mixin.py:188} INFO - [2025-05-01T11:14:27.787+0000] {dag.py:3954} INFO - Setting next_dagrun for example_time_delta_sensor_async to None, run_after=None
[2025-05-01T11:14:27.880+0000] {processor.py:183} INFO - Processing /home/airflow/.local/lib/python3.12/site-packages/airflow/example_dags/example_time_delta_sensor_async.py took 0.209 seconds
[2025-05-01T11:14:58.933+0000] {processor.py:161} INFO - Started process (PID=2761) to work on /home/airflow/.local/lib/python3.12/site-packages/airflow/example_dags/example_time_delta_sensor_async.py
[2025-05-01T11:14:58.936+0000] {processor.py:830} INFO - Processing file /home/airflow/.local/lib/python3.12/site-packages/airflow/example_dags/example_time_delta_sensor_async.py for tasks to queue
[2025-05-01T11:14:58.941+0000] {logging_mixin.py:188} INFO - [2025-05-01T11:14:58.940+0000] {dagbag.py:545} INFO - Filling up the DagBag from /home/airflow/.local/lib/python3.12/site-packages/airflow/example_dags/example_time_delta_sensor_async.py
[2025-05-01T11:14:58.956+0000] {processor.py:840} INFO - DAG(s) 'example_time_delta_sensor_async' retrieved from /home/airflow/.local/lib/python3.12/site-packages/airflow/example_dags/example_time_delta_sensor_async.py
[2025-05-01T11:14:59.023+0000] {logging_mixin.py:188} INFO - [2025-05-01T11:14:59.022+0000] {dag.py:3096} INFO - Sync 1 DAGs
[2025-05-01T11:14:59.093+0000] {logging_mixin.py:188} INFO - [2025-05-01T11:14:59.092+0000] {dag.py:3954} INFO - Setting next_dagrun for example_time_delta_sensor_async to None, run_after=None
[2025-05-01T11:14:59.149+0000] {processor.py:183} INFO - Processing /home/airflow/.local/lib/python3.12/site-packages/airflow/example_dags/example_time_delta_sensor_async.py took 0.232 seconds
[2025-05-01T11:15:29.585+0000] {processor.py:161} INFO - Started process (PID=2820) to work on /home/airflow/.local/lib/python3.12/site-packages/airflow/example_dags/example_time_delta_sensor_async.py
[2025-05-01T11:15:29.588+0000] {processor.py:830} INFO - Processing file /home/airflow/.local/lib/python3.12/site-packages/airflow/example_dags/example_time_delta_sensor_async.py for tasks to queue
[2025-05-01T11:15:29.594+0000] {logging_mixin.py:188} INFO - [2025-05-01T11:15:29.593+0000] {dagbag.py:545} INFO - Filling up the DagBag from /home/airflow/.local/lib/python3.12/site-packages/airflow/example_dags/example_time_delta_sensor_async.py
[2025-05-01T11:15:29.608+0000] {processor.py:840} INFO - DAG(s) 'example_time_delta_sensor_async' retrieved from /home/airflow/.local/lib/python3.12/site-packages/airflow/example_dags/example_time_delta_sensor_async.py
[2025-05-01T11:15:29.666+0000] {logging_mixin.py:188} INFO - [2025-05-01T11:15:29.665+0000] {dag.py:3096} INFO - Sync 1 DAGs
[2025-05-01T11:15:29.706+0000] {logging_mixin.py:188} INFO - [2025-05-01T11:15:29.705+0000] {dag.py:3954} INFO - Setting next_dagrun for example_time_delta_sensor_async to None, run_after=None
[2025-05-01T11:15:29.812+0000] {processor.py:183} INFO - Processing /home/airflow/.local/lib/python3.12/site-packages/airflow/example_dags/example_time_delta_sensor_async.py took 0.251 seconds
[2025-05-01T11:16:00.583+0000] {processor.py:161} INFO - Started process (PID=2880) to work on /home/airflow/.local/lib/python3.12/site-packages/airflow/example_dags/example_time_delta_sensor_async.py
[2025-05-01T11:16:00.586+0000] {processor.py:830} INFO - Processing file /home/airflow/.local/lib/python3.12/site-packages/airflow/example_dags/example_time_delta_sensor_async.py for tasks to queue
[2025-05-01T11:16:00.591+0000] {logging_mixin.py:188} INFO - [2025-05-01T11:16:00.590+0000] {dagbag.py:545} INFO - Filling up the DagBag from /home/airflow/.local/lib/python3.12/site-packages/airflow/example_dags/example_time_delta_sensor_async.py
[2025-05-01T11:16:00.604+0000] {processor.py:840} INFO - DAG(s) 'example_time_delta_sensor_async' retrieved from /home/airflow/.local/lib/python3.12/site-packages/airflow/example_dags/example_time_delta_sensor_async.py
[2025-05-01T11:16:00.670+0000] {logging_mixin.py:188} INFO - [2025-05-01T11:16:00.669+0000] {dag.py:3096} INFO - Sync 1 DAGs
[2025-05-01T11:16:00.706+0000] {logging_mixin.py:188} INFO - [2025-05-01T11:16:00.705+0000] {dag.py:3954} INFO - Setting next_dagrun for example_time_delta_sensor_async to None, run_after=None
[2025-05-01T11:16:00.757+0000] {processor.py:183} INFO - Processing /home/airflow/.local/lib/python3.12/site-packages/airflow/example_dags/example_time_delta_sensor_async.py took 0.187 seconds
[2025-05-01T11:16:31.279+0000] {processor.py:161} INFO - Started process (PID=2939) to work on /home/airflow/.local/lib/python3.12/site-packages/airflow/example_dags/example_time_delta_sensor_async.py
[2025-05-01T11:16:31.282+0000] {processor.py:830} INFO - Processing file /home/airflow/.local/lib/python3.12/site-packages/airflow/example_dags/example_time_delta_sensor_async.py for tasks to queue
[2025-05-01T11:16:31.287+0000] {logging_mixin.py:188} INFO - [2025-05-01T11:16:31.287+0000] {dagbag.py:545} INFO - Filling up the DagBag from /home/airflow/.local/lib/python3.12/site-packages/airflow/example_dags/example_time_delta_sensor_async.py
[2025-05-01T11:16:31.298+0000] {processor.py:840} INFO - DAG(s) 'example_time_delta_sensor_async' retrieved from /home/airflow/.local/lib/python3.12/site-packages/airflow/example_dags/example_time_delta_sensor_async.py
[2025-05-01T11:16:31.348+0000] {logging_mixin.py:188} INFO - [2025-05-01T11:16:31.347+0000] {dag.py:3096} INFO - Sync 1 DAGs
[2025-05-01T11:16:31.377+0000] {logging_mixin.py:188} INFO - [2025-05-01T11:16:31.377+0000] {dag.py:3954} INFO - Setting next_dagrun for example_time_delta_sensor_async to None, run_after=None
[2025-05-01T11:16:31.429+0000] {processor.py:183} INFO - Processing /home/airflow/.local/lib/python3.12/site-packages/airflow/example_dags/example_time_delta_sensor_async.py took 0.162 seconds
[2025-05-01T11:17:01.920+0000] {processor.py:161} INFO - Started process (PID=2999) to work on /home/airflow/.local/lib/python3.12/site-packages/airflow/example_dags/example_time_delta_sensor_async.py
[2025-05-01T11:17:01.923+0000] {processor.py:830} INFO - Processing file /home/airflow/.local/lib/python3.12/site-packages/airflow/example_dags/example_time_delta_sensor_async.py for tasks to queue
[2025-05-01T11:17:01.929+0000] {logging_mixin.py:188} INFO - [2025-05-01T11:17:01.928+0000] {dagbag.py:545} INFO - Filling up the DagBag from /home/airflow/.local/lib/python3.12/site-packages/airflow/example_dags/example_time_delta_sensor_async.py
[2025-05-01T11:17:01.941+0000] {processor.py:840} INFO - DAG(s) 'example_time_delta_sensor_async' retrieved from /home/airflow/.local/lib/python3.12/site-packages/airflow/example_dags/example_time_delta_sensor_async.py
[2025-05-01T11:17:01.993+0000] {logging_mixin.py:188} INFO - [2025-05-01T11:17:01.993+0000] {dag.py:3096} INFO - Sync 1 DAGs
[2025-05-01T11:17:02.025+0000] {logging_mixin.py:188} INFO - [2025-05-01T11:17:02.024+0000] {dag.py:3954} INFO - Setting next_dagrun for example_time_delta_sensor_async to None, run_after=None
[2025-05-01T11:17:02.079+0000] {processor.py:183} INFO - Processing /home/airflow/.local/lib/python3.12/site-packages/airflow/example_dags/example_time_delta_sensor_async.py took 0.180 seconds
[2025-05-01T11:17:32.684+0000] {processor.py:161} INFO - Started process (PID=3058) to work on /home/airflow/.local/lib/python3.12/site-packages/airflow/example_dags/example_time_delta_sensor_async.py
[2025-05-01T11:17:32.688+0000] {processor.py:830} INFO - Processing file /home/airflow/.local/lib/python3.12/site-packages/airflow/example_dags/example_time_delta_sensor_async.py for tasks to queue
[2025-05-01T11:17:32.696+0000] {logging_mixin.py:188} INFO - [2025-05-01T11:17:32.694+0000] {dagbag.py:545} INFO - Filling up the DagBag from /home/airflow/.local/lib/python3.12/site-packages/airflow/example_dags/example_time_delta_sensor_async.py
[2025-05-01T11:17:32.710+0000] {processor.py:840} INFO - DAG(s) 'example_time_delta_sensor_async' retrieved from /home/airflow/.local/lib/python3.12/site-packages/airflow/example_dags/example_time_delta_sensor_async.py
[2025-05-01T11:17:32.794+0000] {logging_mixin.py:188} INFO - [2025-05-01T11:17:32.791+0000] {dag.py:3096} INFO - Sync 1 DAGs
[2025-05-01T11:17:32.850+0000] {logging_mixin.py:188} INFO - [2025-05-01T11:17:32.849+0000] {dag.py:3954} INFO - Setting next_dagrun for example_time_delta_sensor_async to None, run_after=None
[2025-05-01T11:17:32.950+0000] {processor.py:183} INFO - Processing /home/airflow/.local/lib/python3.12/site-packages/airflow/example_dags/example_time_delta_sensor_async.py took 0.288 seconds
[2025-05-01T11:18:03.315+0000] {processor.py:161} INFO - Started process (PID=3117) to work on /home/airflow/.local/lib/python3.12/site-packages/airflow/example_dags/example_time_delta_sensor_async.py
[2025-05-01T11:18:03.318+0000] {processor.py:830} INFO - Processing file /home/airflow/.local/lib/python3.12/site-packages/airflow/example_dags/example_time_delta_sensor_async.py for tasks to queue
[2025-05-01T11:18:03.323+0000] {logging_mixin.py:188} INFO - [2025-05-01T11:18:03.322+0000] {dagbag.py:545} INFO - Filling up the DagBag from /home/airflow/.local/lib/python3.12/site-packages/airflow/example_dags/example_time_delta_sensor_async.py
[2025-05-01T11:18:03.333+0000] {processor.py:840} INFO - DAG(s) 'example_time_delta_sensor_async' retrieved from /home/airflow/.local/lib/python3.12/site-packages/airflow/example_dags/example_time_delta_sensor_async.py
[2025-05-01T11:18:03.385+0000] {logging_mixin.py:188} INFO - [2025-05-01T11:18:03.384+0000] {dag.py:3096} INFO - Sync 1 DAGs
[2025-05-01T11:18:03.413+0000] {logging_mixin.py:188} INFO - [2025-05-01T11:18:03.412+0000] {dag.py:3954} INFO - Setting next_dagrun for example_time_delta_sensor_async to None, run_after=None
[2025-05-01T11:18:03.462+0000] {processor.py:183} INFO - Processing /home/airflow/.local/lib/python3.12/site-packages/airflow/example_dags/example_time_delta_sensor_async.py took 0.166 seconds
[2025-05-01T11:18:33.801+0000] {processor.py:161} INFO - Started process (PID=3176) to work on /home/airflow/.local/lib/python3.12/site-packages/airflow/example_dags/example_time_delta_sensor_async.py
[2025-05-01T11:18:33.803+0000] {processor.py:830} INFO - Processing file /home/airflow/.local/lib/python3.12/site-packages/airflow/example_dags/example_time_delta_sensor_async.py for tasks to queue
[2025-05-01T11:18:33.809+0000] {logging_mixin.py:188} INFO - [2025-05-01T11:18:33.807+0000] {dagbag.py:545} INFO - Filling up the DagBag from /home/airflow/.local/lib/python3.12/site-packages/airflow/example_dags/example_time_delta_sensor_async.py
[2025-05-01T11:18:33.820+0000] {processor.py:840} INFO - DAG(s) 'example_time_delta_sensor_async' retrieved from /home/airflow/.local/lib/python3.12/site-packages/airflow/example_dags/example_time_delta_sensor_async.py
[2025-05-01T11:18:33.879+0000] {logging_mixin.py:188} INFO - [2025-05-01T11:18:33.878+0000] {dag.py:3096} INFO - Sync 1 DAGs
[2025-05-01T11:18:33.914+0000] {logging_mixin.py:188} INFO - [2025-05-01T11:18:33.913+0000] {dag.py:3954} INFO - Setting next_dagrun for example_time_delta_sensor_async to None, run_after=None
[2025-05-01T11:18:33.974+0000] {processor.py:183} INFO - Processing /home/airflow/.local/lib/python3.12/site-packages/airflow/example_dags/example_time_delta_sensor_async.py took 0.188 seconds
[2025-05-01T11:19:04.608+0000] {processor.py:161} INFO - Started process (PID=3236) to work on /home/airflow/.local/lib/python3.12/site-packages/airflow/example_dags/example_time_delta_sensor_async.py
[2025-05-01T11:19:04.611+0000] {processor.py:830} INFO - Processing file /home/airflow/.local/lib/python3.12/site-packages/airflow/example_dags/example_time_delta_sensor_async.py for tasks to queue
[2025-05-01T11:19:04.616+0000] {logging_mixin.py:188} INFO - [2025-05-01T11:19:04.615+0000] {dagbag.py:545} INFO - Filling up the DagBag from /home/airflow/.local/lib/python3.12/site-packages/airflow/example_dags/example_time_delta_sensor_async.py
[2025-05-01T11:19:04.627+0000] {processor.py:840} INFO - DAG(s) 'example_time_delta_sensor_async' retrieved from /home/airflow/.local/lib/python3.12/site-packages/airflow/example_dags/example_time_delta_sensor_async.py
[2025-05-01T11:19:04.679+0000] {logging_mixin.py:188} INFO - [2025-05-01T11:19:04.678+0000] {dag.py:3096} INFO - Sync 1 DAGs
[2025-05-01T11:19:04.710+0000] {logging_mixin.py:188} INFO - [2025-05-01T11:19:04.710+0000] {dag.py:3954} INFO - Setting next_dagrun for example_time_delta_sensor_async to None, run_after=None
[2025-05-01T11:19:04.764+0000] {processor.py:183} INFO - Processing /home/airflow/.local/lib/python3.12/site-packages/airflow/example_dags/example_time_delta_sensor_async.py took 0.169 seconds
[2025-05-01T11:19:35.275+0000] {processor.py:161} INFO - Started process (PID=3295) to work on /home/airflow/.local/lib/python3.12/site-packages/airflow/example_dags/example_time_delta_sensor_async.py
[2025-05-01T11:19:35.278+0000] {processor.py:830} INFO - Processing file /home/airflow/.local/lib/python3.12/site-packages/airflow/example_dags/example_time_delta_sensor_async.py for tasks to queue
[2025-05-01T11:19:35.282+0000] {logging_mixin.py:188} INFO - [2025-05-01T11:19:35.281+0000] {dagbag.py:545} INFO - Filling up the DagBag from /home/airflow/.local/lib/python3.12/site-packages/airflow/example_dags/example_time_delta_sensor_async.py
[2025-05-01T11:19:35.293+0000] {processor.py:840} INFO - DAG(s) 'example_time_delta_sensor_async' retrieved from /home/airflow/.local/lib/python3.12/site-packages/airflow/example_dags/example_time_delta_sensor_async.py
[2025-05-01T11:19:35.343+0000] {logging_mixin.py:188} INFO - [2025-05-01T11:19:35.343+0000] {dag.py:3096} INFO - Sync 1 DAGs
[2025-05-01T11:19:35.378+0000] {logging_mixin.py:188} INFO - [2025-05-01T11:19:35.377+0000] {dag.py:3954} INFO - Setting next_dagrun for example_time_delta_sensor_async to None, run_after=None
[2025-05-01T11:19:35.430+0000] {processor.py:183} INFO - Processing /home/airflow/.local/lib/python3.12/site-packages/airflow/example_dags/example_time_delta_sensor_async.py took 0.168 seconds
[2025-05-01T11:20:06.307+0000] {processor.py:161} INFO - Started process (PID=3354) to work on /home/airflow/.local/lib/python3.12/site-packages/airflow/example_dags/example_time_delta_sensor_async.py
[2025-05-01T11:20:06.310+0000] {processor.py:830} INFO - Processing file /home/airflow/.local/lib/python3.12/site-packages/airflow/example_dags/example_time_delta_sensor_async.py for tasks to queue
[2025-05-01T11:20:06.316+0000] {logging_mixin.py:188} INFO - [2025-05-01T11:20:06.315+0000] {dagbag.py:545} INFO - Filling up the DagBag from /home/airflow/.local/lib/python3.12/site-packages/airflow/example_dags/example_time_delta_sensor_async.py
[2025-05-01T11:20:06.327+0000] {processor.py:840} INFO - DAG(s) 'example_time_delta_sensor_async' retrieved from /home/airflow/.local/lib/python3.12/site-packages/airflow/example_dags/example_time_delta_sensor_async.py
[2025-05-01T11:20:06.376+0000] {logging_mixin.py:188} INFO - [2025-05-01T11:20:06.375+0000] {dag.py:3096} INFO - Sync 1 DAGs
[2025-05-01T11:20:06.404+0000] {logging_mixin.py:188} INFO - [2025-05-01T11:20:06.404+0000] {dag.py:3954} INFO - Setting next_dagrun for example_time_delta_sensor_async to None, run_after=None
[2025-05-01T11:20:06.449+0000] {processor.py:183} INFO - Processing /home/airflow/.local/lib/python3.12/site-packages/airflow/example_dags/example_time_delta_sensor_async.py took 0.160 seconds
[2025-05-01T11:20:36.950+0000] {processor.py:161} INFO - Started process (PID=3413) to work on /home/airflow/.local/lib/python3.12/site-packages/airflow/example_dags/example_time_delta_sensor_async.py
[2025-05-01T11:20:36.953+0000] {processor.py:830} INFO - Processing file /home/airflow/.local/lib/python3.12/site-packages/airflow/example_dags/example_time_delta_sensor_async.py for tasks to queue
[2025-05-01T11:20:36.958+0000] {logging_mixin.py:188} INFO - [2025-05-01T11:20:36.957+0000] {dagbag.py:545} INFO - Filling up the DagBag from /home/airflow/.local/lib/python3.12/site-packages/airflow/example_dags/example_time_delta_sensor_async.py
[2025-05-01T11:20:36.968+0000] {processor.py:840} INFO - DAG(s) 'example_time_delta_sensor_async' retrieved from /home/airflow/.local/lib/python3.12/site-packages/airflow/example_dags/example_time_delta_sensor_async.py
[2025-05-01T11:20:37.022+0000] {logging_mixin.py:188} INFO - [2025-05-01T11:20:37.022+0000] {dag.py:3096} INFO - Sync 1 DAGs
[2025-05-01T11:20:37.058+0000] {logging_mixin.py:188} INFO - [2025-05-01T11:20:37.057+0000] {dag.py:3954} INFO - Setting next_dagrun for example_time_delta_sensor_async to None, run_after=None
[2025-05-01T11:20:37.110+0000] {processor.py:183} INFO - Processing /home/airflow/.local/lib/python3.12/site-packages/airflow/example_dags/example_time_delta_sensor_async.py took 0.172 seconds
[2025-05-01T11:21:07.494+0000] {processor.py:161} INFO - Started process (PID=3472) to work on /home/airflow/.local/lib/python3.12/site-packages/airflow/example_dags/example_time_delta_sensor_async.py
[2025-05-01T11:21:07.497+0000] {processor.py:830} INFO - Processing file /home/airflow/.local/lib/python3.12/site-packages/airflow/example_dags/example_time_delta_sensor_async.py for tasks to queue
[2025-05-01T11:21:07.502+0000] {logging_mixin.py:188} INFO - [2025-05-01T11:21:07.501+0000] {dagbag.py:545} INFO - Filling up the DagBag from /home/airflow/.local/lib/python3.12/site-packages/airflow/example_dags/example_time_delta_sensor_async.py
[2025-05-01T11:21:07.511+0000] {processor.py:840} INFO - DAG(s) 'example_time_delta_sensor_async' retrieved from /home/airflow/.local/lib/python3.12/site-packages/airflow/example_dags/example_time_delta_sensor_async.py
[2025-05-01T11:21:07.564+0000] {logging_mixin.py:188} INFO - [2025-05-01T11:21:07.563+0000] {dag.py:3096} INFO - Sync 1 DAGs
[2025-05-01T11:21:07.597+0000] {logging_mixin.py:188} INFO - [2025-05-01T11:21:07.596+0000] {dag.py:3954} INFO - Setting next_dagrun for example_time_delta_sensor_async to None, run_after=None
[2025-05-01T11:21:07.685+0000] {processor.py:183} INFO - Processing /home/airflow/.local/lib/python3.12/site-packages/airflow/example_dags/example_time_delta_sensor_async.py took 0.204 seconds
[2025-05-01T11:21:38.303+0000] {processor.py:161} INFO - Started process (PID=3531) to work on /home/airflow/.local/lib/python3.12/site-packages/airflow/example_dags/example_time_delta_sensor_async.py
[2025-05-01T11:21:38.306+0000] {processor.py:830} INFO - Processing file /home/airflow/.local/lib/python3.12/site-packages/airflow/example_dags/example_time_delta_sensor_async.py for tasks to queue
[2025-05-01T11:21:38.311+0000] {logging_mixin.py:188} INFO - [2025-05-01T11:21:38.310+0000] {dagbag.py:545} INFO - Filling up the DagBag from /home/airflow/.local/lib/python3.12/site-packages/airflow/example_dags/example_time_delta_sensor_async.py
[2025-05-01T11:21:38.321+0000] {processor.py:840} INFO - DAG(s) 'example_time_delta_sensor_async' retrieved from /home/airflow/.local/lib/python3.12/site-packages/airflow/example_dags/example_time_delta_sensor_async.py
[2025-05-01T11:21:38.366+0000] {logging_mixin.py:188} INFO - [2025-05-01T11:21:38.365+0000] {dag.py:3096} INFO - Sync 1 DAGs
[2025-05-01T11:21:38.394+0000] {logging_mixin.py:188} INFO - [2025-05-01T11:21:38.393+0000] {dag.py:3954} INFO - Setting next_dagrun for example_time_delta_sensor_async to None, run_after=None
[2025-05-01T11:21:38.440+0000] {processor.py:183} INFO - Processing /home/airflow/.local/lib/python3.12/site-packages/airflow/example_dags/example_time_delta_sensor_async.py took 0.151 seconds
[2025-05-01T11:22:08.569+0000] {processor.py:161} INFO - Started process (PID=3589) to work on /home/airflow/.local/lib/python3.12/site-packages/airflow/example_dags/example_time_delta_sensor_async.py
[2025-05-01T11:22:08.571+0000] {processor.py:830} INFO - Processing file /home/airflow/.local/lib/python3.12/site-packages/airflow/example_dags/example_time_delta_sensor_async.py for tasks to queue
[2025-05-01T11:22:08.576+0000] {logging_mixin.py:188} INFO - [2025-05-01T11:22:08.575+0000] {dagbag.py:545} INFO - Filling up the DagBag from /home/airflow/.local/lib/python3.12/site-packages/airflow/example_dags/example_time_delta_sensor_async.py
[2025-05-01T11:22:08.589+0000] {processor.py:840} INFO - DAG(s) 'example_time_delta_sensor_async' retrieved from /home/airflow/.local/lib/python3.12/site-packages/airflow/example_dags/example_time_delta_sensor_async.py
[2025-05-01T11:22:08.659+0000] {logging_mixin.py:188} INFO - [2025-05-01T11:22:08.658+0000] {dag.py:3096} INFO - Sync 1 DAGs
[2025-05-01T11:22:08.717+0000] {logging_mixin.py:188} INFO - [2025-05-01T11:22:08.716+0000] {dag.py:3954} INFO - Setting next_dagrun for example_time_delta_sensor_async to None, run_after=None
[2025-05-01T11:22:08.776+0000] {processor.py:183} INFO - Processing /home/airflow/.local/lib/python3.12/site-packages/airflow/example_dags/example_time_delta_sensor_async.py took 0.222 seconds
[2025-05-01T11:22:39.103+0000] {processor.py:161} INFO - Started process (PID=3648) to work on /home/airflow/.local/lib/python3.12/site-packages/airflow/example_dags/example_time_delta_sensor_async.py
[2025-05-01T11:22:39.105+0000] {processor.py:830} INFO - Processing file /home/airflow/.local/lib/python3.12/site-packages/airflow/example_dags/example_time_delta_sensor_async.py for tasks to queue
[2025-05-01T11:22:39.109+0000] {logging_mixin.py:188} INFO - [2025-05-01T11:22:39.109+0000] {dagbag.py:545} INFO - Filling up the DagBag from /home/airflow/.local/lib/python3.12/site-packages/airflow/example_dags/example_time_delta_sensor_async.py
[2025-05-01T11:22:39.117+0000] {processor.py:840} INFO - DAG(s) 'example_time_delta_sensor_async' retrieved from /home/airflow/.local/lib/python3.12/site-packages/airflow/example_dags/example_time_delta_sensor_async.py
[2025-05-01T11:22:39.158+0000] {logging_mixin.py:188} INFO - [2025-05-01T11:22:39.157+0000] {dag.py:3096} INFO - Sync 1 DAGs
[2025-05-01T11:22:39.185+0000] {logging_mixin.py:188} INFO - [2025-05-01T11:22:39.184+0000] {dag.py:3954} INFO - Setting next_dagrun for example_time_delta_sensor_async to None, run_after=None
[2025-05-01T11:22:39.270+0000] {processor.py:183} INFO - Processing /home/airflow/.local/lib/python3.12/site-packages/airflow/example_dags/example_time_delta_sensor_async.py took 0.178 seconds
[2025-05-01T11:23:09.564+0000] {processor.py:161} INFO - Started process (PID=3707) to work on /home/airflow/.local/lib/python3.12/site-packages/airflow/example_dags/example_time_delta_sensor_async.py
[2025-05-01T11:23:09.566+0000] {processor.py:830} INFO - Processing file /home/airflow/.local/lib/python3.12/site-packages/airflow/example_dags/example_time_delta_sensor_async.py for tasks to queue
[2025-05-01T11:23:09.570+0000] {logging_mixin.py:188} INFO - [2025-05-01T11:23:09.569+0000] {dagbag.py:545} INFO - Filling up the DagBag from /home/airflow/.local/lib/python3.12/site-packages/airflow/example_dags/example_time_delta_sensor_async.py
[2025-05-01T11:23:09.579+0000] {processor.py:840} INFO - DAG(s) 'example_time_delta_sensor_async' retrieved from /home/airflow/.local/lib/python3.12/site-packages/airflow/example_dags/example_time_delta_sensor_async.py
[2025-05-01T11:23:09.621+0000] {logging_mixin.py:188} INFO - [2025-05-01T11:23:09.621+0000] {dag.py:3096} INFO - Sync 1 DAGs
[2025-05-01T11:23:09.655+0000] {logging_mixin.py:188} INFO - [2025-05-01T11:23:09.654+0000] {dag.py:3954} INFO - Setting next_dagrun for example_time_delta_sensor_async to None, run_after=None
[2025-05-01T11:23:09.704+0000] {processor.py:183} INFO - Processing /home/airflow/.local/lib/python3.12/site-packages/airflow/example_dags/example_time_delta_sensor_async.py took 0.153 seconds
[2025-05-01T11:23:40.311+0000] {processor.py:161} INFO - Started process (PID=3766) to work on /home/airflow/.local/lib/python3.12/site-packages/airflow/example_dags/example_time_delta_sensor_async.py
[2025-05-01T11:23:40.314+0000] {processor.py:830} INFO - Processing file /home/airflow/.local/lib/python3.12/site-packages/airflow/example_dags/example_time_delta_sensor_async.py for tasks to queue
[2025-05-01T11:23:40.319+0000] {logging_mixin.py:188} INFO - [2025-05-01T11:23:40.318+0000] {dagbag.py:545} INFO - Filling up the DagBag from /home/airflow/.local/lib/python3.12/site-packages/airflow/example_dags/example_time_delta_sensor_async.py
[2025-05-01T11:23:40.328+0000] {processor.py:840} INFO - DAG(s) 'example_time_delta_sensor_async' retrieved from /home/airflow/.local/lib/python3.12/site-packages/airflow/example_dags/example_time_delta_sensor_async.py
[2025-05-01T11:23:40.383+0000] {logging_mixin.py:188} INFO - [2025-05-01T11:23:40.383+0000] {dag.py:3096} INFO - Sync 1 DAGs
[2025-05-01T11:23:40.418+0000] {logging_mixin.py:188} INFO - [2025-05-01T11:23:40.418+0000] {dag.py:3954} INFO - Setting next_dagrun for example_time_delta_sensor_async to None, run_after=None
[2025-05-01T11:23:40.484+0000] {processor.py:183} INFO - Processing /home/airflow/.local/lib/python3.12/site-packages/airflow/example_dags/example_time_delta_sensor_async.py took 0.186 seconds
[2025-05-01T11:24:10.920+0000] {processor.py:161} INFO - Started process (PID=3825) to work on /home/airflow/.local/lib/python3.12/site-packages/airflow/example_dags/example_time_delta_sensor_async.py
[2025-05-01T11:24:10.922+0000] {processor.py:830} INFO - Processing file /home/airflow/.local/lib/python3.12/site-packages/airflow/example_dags/example_time_delta_sensor_async.py for tasks to queue
[2025-05-01T11:24:10.926+0000] {logging_mixin.py:188} INFO - [2025-05-01T11:24:10.926+0000] {dagbag.py:545} INFO - Filling up the DagBag from /home/airflow/.local/lib/python3.12/site-packages/airflow/example_dags/example_time_delta_sensor_async.py
[2025-05-01T11:24:10.935+0000] {processor.py:840} INFO - DAG(s) 'example_time_delta_sensor_async' retrieved from /home/airflow/.local/lib/python3.12/site-packages/airflow/example_dags/example_time_delta_sensor_async.py
[2025-05-01T11:24:10.979+0000] {logging_mixin.py:188} INFO - [2025-05-01T11:24:10.978+0000] {dag.py:3096} INFO - Sync 1 DAGs
[2025-05-01T11:24:11.005+0000] {logging_mixin.py:188} INFO - [2025-05-01T11:24:11.004+0000] {dag.py:3954} INFO - Setting next_dagrun for example_time_delta_sensor_async to None, run_after=None
[2025-05-01T11:24:11.086+0000] {processor.py:183} INFO - Processing /home/airflow/.local/lib/python3.12/site-packages/airflow/example_dags/example_time_delta_sensor_async.py took 0.177 seconds
[2025-05-01T11:24:41.397+0000] {processor.py:161} INFO - Started process (PID=3887) to work on /home/airflow/.local/lib/python3.12/site-packages/airflow/example_dags/example_time_delta_sensor_async.py
[2025-05-01T11:24:41.399+0000] {processor.py:830} INFO - Processing file /home/airflow/.local/lib/python3.12/site-packages/airflow/example_dags/example_time_delta_sensor_async.py for tasks to queue
[2025-05-01T11:24:41.403+0000] {logging_mixin.py:188} INFO - [2025-05-01T11:24:41.403+0000] {dagbag.py:545} INFO - Filling up the DagBag from /home/airflow/.local/lib/python3.12/site-packages/airflow/example_dags/example_time_delta_sensor_async.py
[2025-05-01T11:24:41.412+0000] {processor.py:840} INFO - DAG(s) 'example_time_delta_sensor_async' retrieved from /home/airflow/.local/lib/python3.12/site-packages/airflow/example_dags/example_time_delta_sensor_async.py
[2025-05-01T11:24:41.461+0000] {logging_mixin.py:188} INFO - [2025-05-01T11:24:41.461+0000] {dag.py:3096} INFO - Sync 1 DAGs
[2025-05-01T11:24:41.489+0000] {logging_mixin.py:188} INFO - [2025-05-01T11:24:41.489+0000] {dag.py:3954} INFO - Setting next_dagrun for example_time_delta_sensor_async to None, run_after=None
[2025-05-01T11:24:41.577+0000] {processor.py:183} INFO - Processing /home/airflow/.local/lib/python3.12/site-packages/airflow/example_dags/example_time_delta_sensor_async.py took 0.191 seconds
[2025-05-01T11:25:12.116+0000] {processor.py:161} INFO - Started process (PID=3946) to work on /home/airflow/.local/lib/python3.12/site-packages/airflow/example_dags/example_time_delta_sensor_async.py
[2025-05-01T11:25:12.119+0000] {processor.py:830} INFO - Processing file /home/airflow/.local/lib/python3.12/site-packages/airflow/example_dags/example_time_delta_sensor_async.py for tasks to queue
[2025-05-01T11:25:12.122+0000] {logging_mixin.py:188} INFO - [2025-05-01T11:25:12.122+0000] {dagbag.py:545} INFO - Filling up the DagBag from /home/airflow/.local/lib/python3.12/site-packages/airflow/example_dags/example_time_delta_sensor_async.py
[2025-05-01T11:25:12.132+0000] {processor.py:840} INFO - DAG(s) 'example_time_delta_sensor_async' retrieved from /home/airflow/.local/lib/python3.12/site-packages/airflow/example_dags/example_time_delta_sensor_async.py
[2025-05-01T11:25:12.175+0000] {logging_mixin.py:188} INFO - [2025-05-01T11:25:12.174+0000] {dag.py:3096} INFO - Sync 1 DAGs
[2025-05-01T11:25:12.203+0000] {logging_mixin.py:188} INFO - [2025-05-01T11:25:12.203+0000] {dag.py:3954} INFO - Setting next_dagrun for example_time_delta_sensor_async to None, run_after=None
[2025-05-01T11:25:12.250+0000] {processor.py:183} INFO - Processing /home/airflow/.local/lib/python3.12/site-packages/airflow/example_dags/example_time_delta_sensor_async.py took 0.147 seconds
[2025-05-01T11:25:42.882+0000] {processor.py:161} INFO - Started process (PID=4005) to work on /home/airflow/.local/lib/python3.12/site-packages/airflow/example_dags/example_time_delta_sensor_async.py
[2025-05-01T11:25:42.884+0000] {processor.py:830} INFO - Processing file /home/airflow/.local/lib/python3.12/site-packages/airflow/example_dags/example_time_delta_sensor_async.py for tasks to queue
[2025-05-01T11:25:42.890+0000] {logging_mixin.py:188} INFO - [2025-05-01T11:25:42.889+0000] {dagbag.py:545} INFO - Filling up the DagBag from /home/airflow/.local/lib/python3.12/site-packages/airflow/example_dags/example_time_delta_sensor_async.py
[2025-05-01T11:25:42.903+0000] {processor.py:840} INFO - DAG(s) 'example_time_delta_sensor_async' retrieved from /home/airflow/.local/lib/python3.12/site-packages/airflow/example_dags/example_time_delta_sensor_async.py
[2025-05-01T11:25:42.964+0000] {logging_mixin.py:188} INFO - [2025-05-01T11:25:42.963+0000] {dag.py:3096} INFO - Sync 1 DAGs
[2025-05-01T11:25:43.005+0000] {logging_mixin.py:188} INFO - [2025-05-01T11:25:43.005+0000] {dag.py:3954} INFO - Setting next_dagrun for example_time_delta_sensor_async to None, run_after=None
[2025-05-01T11:25:43.091+0000] {processor.py:183} INFO - Processing /home/airflow/.local/lib/python3.12/site-packages/airflow/example_dags/example_time_delta_sensor_async.py took 0.225 seconds
[2025-05-01T11:31:51.168+0000] {processor.py:161} INFO - Started process (PID=110) to work on /home/airflow/.local/lib/python3.12/site-packages/airflow/example_dags/example_time_delta_sensor_async.py
[2025-05-01T11:31:51.171+0000] {processor.py:830} INFO - Processing file /home/airflow/.local/lib/python3.12/site-packages/airflow/example_dags/example_time_delta_sensor_async.py for tasks to queue
[2025-05-01T11:31:51.175+0000] {logging_mixin.py:188} INFO - [2025-05-01T11:31:51.174+0000] {dagbag.py:545} INFO - Filling up the DagBag from /home/airflow/.local/lib/python3.12/site-packages/airflow/example_dags/example_time_delta_sensor_async.py
[2025-05-01T11:31:51.186+0000] {processor.py:840} INFO - DAG(s) 'example_time_delta_sensor_async' retrieved from /home/airflow/.local/lib/python3.12/site-packages/airflow/example_dags/example_time_delta_sensor_async.py
[2025-05-01T11:31:51.434+0000] {logging_mixin.py:188} INFO - [2025-05-01T11:31:51.434+0000] {dag.py:3096} INFO - Sync 1 DAGs
[2025-05-01T11:31:51.457+0000] {logging_mixin.py:188} INFO - [2025-05-01T11:31:51.456+0000] {dag.py:3954} INFO - Setting next_dagrun for example_time_delta_sensor_async to None, run_after=None
[2025-05-01T11:31:51.500+0000] {processor.py:183} INFO - Processing /home/airflow/.local/lib/python3.12/site-packages/airflow/example_dags/example_time_delta_sensor_async.py took 0.343 seconds
[2025-05-01T11:32:22.105+0000] {processor.py:161} INFO - Started process (PID=169) to work on /home/airflow/.local/lib/python3.12/site-packages/airflow/example_dags/example_time_delta_sensor_async.py
[2025-05-01T11:32:22.108+0000] {processor.py:830} INFO - Processing file /home/airflow/.local/lib/python3.12/site-packages/airflow/example_dags/example_time_delta_sensor_async.py for tasks to queue
[2025-05-01T11:32:22.112+0000] {logging_mixin.py:188} INFO - [2025-05-01T11:32:22.111+0000] {dagbag.py:545} INFO - Filling up the DagBag from /home/airflow/.local/lib/python3.12/site-packages/airflow/example_dags/example_time_delta_sensor_async.py
[2025-05-01T11:32:22.124+0000] {processor.py:840} INFO - DAG(s) 'example_time_delta_sensor_async' retrieved from /home/airflow/.local/lib/python3.12/site-packages/airflow/example_dags/example_time_delta_sensor_async.py
[2025-05-01T11:32:22.178+0000] {logging_mixin.py:188} INFO - [2025-05-01T11:32:22.177+0000] {dag.py:3096} INFO - Sync 1 DAGs
[2025-05-01T11:32:22.211+0000] {logging_mixin.py:188} INFO - [2025-05-01T11:32:22.210+0000] {dag.py:3954} INFO - Setting next_dagrun for example_time_delta_sensor_async to None, run_after=None
[2025-05-01T11:32:22.269+0000] {processor.py:183} INFO - Processing /home/airflow/.local/lib/python3.12/site-packages/airflow/example_dags/example_time_delta_sensor_async.py took 0.176 seconds
[2025-05-01T11:32:52.787+0000] {processor.py:161} INFO - Started process (PID=228) to work on /home/airflow/.local/lib/python3.12/site-packages/airflow/example_dags/example_time_delta_sensor_async.py
[2025-05-01T11:32:52.790+0000] {processor.py:830} INFO - Processing file /home/airflow/.local/lib/python3.12/site-packages/airflow/example_dags/example_time_delta_sensor_async.py for tasks to queue
[2025-05-01T11:32:52.796+0000] {logging_mixin.py:188} INFO - [2025-05-01T11:32:52.795+0000] {dagbag.py:545} INFO - Filling up the DagBag from /home/airflow/.local/lib/python3.12/site-packages/airflow/example_dags/example_time_delta_sensor_async.py
[2025-05-01T11:32:52.809+0000] {processor.py:840} INFO - DAG(s) 'example_time_delta_sensor_async' retrieved from /home/airflow/.local/lib/python3.12/site-packages/airflow/example_dags/example_time_delta_sensor_async.py
[2025-05-01T11:32:52.861+0000] {logging_mixin.py:188} INFO - [2025-05-01T11:32:52.860+0000] {dag.py:3096} INFO - Sync 1 DAGs
[2025-05-01T11:32:52.898+0000] {logging_mixin.py:188} INFO - [2025-05-01T11:32:52.897+0000] {dag.py:3954} INFO - Setting next_dagrun for example_time_delta_sensor_async to None, run_after=None
[2025-05-01T11:32:52.954+0000] {processor.py:183} INFO - Processing /home/airflow/.local/lib/python3.12/site-packages/airflow/example_dags/example_time_delta_sensor_async.py took 0.182 seconds
[2025-05-01T11:33:23.150+0000] {processor.py:161} INFO - Started process (PID=287) to work on /home/airflow/.local/lib/python3.12/site-packages/airflow/example_dags/example_time_delta_sensor_async.py
[2025-05-01T11:33:23.166+0000] {processor.py:830} INFO - Processing file /home/airflow/.local/lib/python3.12/site-packages/airflow/example_dags/example_time_delta_sensor_async.py for tasks to queue
[2025-05-01T11:33:23.184+0000] {logging_mixin.py:188} INFO - [2025-05-01T11:33:23.174+0000] {dagbag.py:545} INFO - Filling up the DagBag from /home/airflow/.local/lib/python3.12/site-packages/airflow/example_dags/example_time_delta_sensor_async.py
[2025-05-01T11:33:23.215+0000] {processor.py:840} INFO - DAG(s) 'example_time_delta_sensor_async' retrieved from /home/airflow/.local/lib/python3.12/site-packages/airflow/example_dags/example_time_delta_sensor_async.py
[2025-05-01T11:33:23.303+0000] {logging_mixin.py:188} INFO - [2025-05-01T11:33:23.303+0000] {dag.py:3096} INFO - Sync 1 DAGs
[2025-05-01T11:33:23.338+0000] {logging_mixin.py:188} INFO - [2025-05-01T11:33:23.337+0000] {dag.py:3954} INFO - Setting next_dagrun for example_time_delta_sensor_async to None, run_after=None
[2025-05-01T11:33:23.391+0000] {processor.py:183} INFO - Processing /home/airflow/.local/lib/python3.12/site-packages/airflow/example_dags/example_time_delta_sensor_async.py took 0.268 seconds
[2025-05-01T11:33:54.012+0000] {processor.py:161} INFO - Started process (PID=351) to work on /home/airflow/.local/lib/python3.12/site-packages/airflow/example_dags/example_time_delta_sensor_async.py
[2025-05-01T11:33:54.015+0000] {processor.py:830} INFO - Processing file /home/airflow/.local/lib/python3.12/site-packages/airflow/example_dags/example_time_delta_sensor_async.py for tasks to queue
[2025-05-01T11:33:54.021+0000] {logging_mixin.py:188} INFO - [2025-05-01T11:33:54.020+0000] {dagbag.py:545} INFO - Filling up the DagBag from /home/airflow/.local/lib/python3.12/site-packages/airflow/example_dags/example_time_delta_sensor_async.py
[2025-05-01T11:33:54.034+0000] {processor.py:840} INFO - DAG(s) 'example_time_delta_sensor_async' retrieved from /home/airflow/.local/lib/python3.12/site-packages/airflow/example_dags/example_time_delta_sensor_async.py
[2025-05-01T11:33:54.084+0000] {logging_mixin.py:188} INFO - [2025-05-01T11:33:54.084+0000] {dag.py:3096} INFO - Sync 1 DAGs
[2025-05-01T11:33:54.113+0000] {logging_mixin.py:188} INFO - [2025-05-01T11:33:54.113+0000] {dag.py:3954} INFO - Setting next_dagrun for example_time_delta_sensor_async to None, run_after=None
[2025-05-01T11:33:54.157+0000] {processor.py:183} INFO - Processing /home/airflow/.local/lib/python3.12/site-packages/airflow/example_dags/example_time_delta_sensor_async.py took 0.163 seconds
[2025-05-01T11:34:24.986+0000] {processor.py:161} INFO - Started process (PID=411) to work on /home/airflow/.local/lib/python3.12/site-packages/airflow/example_dags/example_time_delta_sensor_async.py
[2025-05-01T11:34:24.988+0000] {processor.py:830} INFO - Processing file /home/airflow/.local/lib/python3.12/site-packages/airflow/example_dags/example_time_delta_sensor_async.py for tasks to queue
[2025-05-01T11:34:24.996+0000] {logging_mixin.py:188} INFO - [2025-05-01T11:34:24.992+0000] {dagbag.py:545} INFO - Filling up the DagBag from /home/airflow/.local/lib/python3.12/site-packages/airflow/example_dags/example_time_delta_sensor_async.py
[2025-05-01T11:34:25.013+0000] {processor.py:840} INFO - DAG(s) 'example_time_delta_sensor_async' retrieved from /home/airflow/.local/lib/python3.12/site-packages/airflow/example_dags/example_time_delta_sensor_async.py
[2025-05-01T11:34:25.065+0000] {logging_mixin.py:188} INFO - [2025-05-01T11:34:25.064+0000] {dag.py:3096} INFO - Sync 1 DAGs
[2025-05-01T11:34:25.096+0000] {logging_mixin.py:188} INFO - [2025-05-01T11:34:25.096+0000] {dag.py:3954} INFO - Setting next_dagrun for example_time_delta_sensor_async to None, run_after=None
[2025-05-01T11:34:25.196+0000] {processor.py:183} INFO - Processing /home/airflow/.local/lib/python3.12/site-packages/airflow/example_dags/example_time_delta_sensor_async.py took 0.223 seconds
[2025-05-01T11:34:55.460+0000] {processor.py:161} INFO - Started process (PID=469) to work on /home/airflow/.local/lib/python3.12/site-packages/airflow/example_dags/example_time_delta_sensor_async.py
[2025-05-01T11:34:55.462+0000] {processor.py:830} INFO - Processing file /home/airflow/.local/lib/python3.12/site-packages/airflow/example_dags/example_time_delta_sensor_async.py for tasks to queue
[2025-05-01T11:34:55.466+0000] {logging_mixin.py:188} INFO - [2025-05-01T11:34:55.465+0000] {dagbag.py:545} INFO - Filling up the DagBag from /home/airflow/.local/lib/python3.12/site-packages/airflow/example_dags/example_time_delta_sensor_async.py
[2025-05-01T11:34:55.474+0000] {processor.py:840} INFO - DAG(s) 'example_time_delta_sensor_async' retrieved from /home/airflow/.local/lib/python3.12/site-packages/airflow/example_dags/example_time_delta_sensor_async.py
[2025-05-01T11:34:55.514+0000] {logging_mixin.py:188} INFO - [2025-05-01T11:34:55.514+0000] {dag.py:3096} INFO - Sync 1 DAGs
[2025-05-01T11:34:55.539+0000] {logging_mixin.py:188} INFO - [2025-05-01T11:34:55.539+0000] {dag.py:3954} INFO - Setting next_dagrun for example_time_delta_sensor_async to None, run_after=None
[2025-05-01T11:34:55.584+0000] {processor.py:183} INFO - Processing /home/airflow/.local/lib/python3.12/site-packages/airflow/example_dags/example_time_delta_sensor_async.py took 0.134 seconds
[2025-05-01T11:35:25.966+0000] {processor.py:161} INFO - Started process (PID=528) to work on /home/airflow/.local/lib/python3.12/site-packages/airflow/example_dags/example_time_delta_sensor_async.py
[2025-05-01T11:35:25.969+0000] {processor.py:830} INFO - Processing file /home/airflow/.local/lib/python3.12/site-packages/airflow/example_dags/example_time_delta_sensor_async.py for tasks to queue
[2025-05-01T11:35:25.973+0000] {logging_mixin.py:188} INFO - [2025-05-01T11:35:25.972+0000] {dagbag.py:545} INFO - Filling up the DagBag from /home/airflow/.local/lib/python3.12/site-packages/airflow/example_dags/example_time_delta_sensor_async.py
[2025-05-01T11:35:25.982+0000] {processor.py:840} INFO - DAG(s) 'example_time_delta_sensor_async' retrieved from /home/airflow/.local/lib/python3.12/site-packages/airflow/example_dags/example_time_delta_sensor_async.py
[2025-05-01T11:35:26.028+0000] {logging_mixin.py:188} INFO - [2025-05-01T11:35:26.028+0000] {dag.py:3096} INFO - Sync 1 DAGs
[2025-05-01T11:35:26.057+0000] {logging_mixin.py:188} INFO - [2025-05-01T11:35:26.057+0000] {dag.py:3954} INFO - Setting next_dagrun for example_time_delta_sensor_async to None, run_after=None
[2025-05-01T11:35:26.142+0000] {processor.py:183} INFO - Processing /home/airflow/.local/lib/python3.12/site-packages/airflow/example_dags/example_time_delta_sensor_async.py took 0.188 seconds
[2025-05-01T11:35:56.439+0000] {processor.py:161} INFO - Started process (PID=587) to work on /home/airflow/.local/lib/python3.12/site-packages/airflow/example_dags/example_time_delta_sensor_async.py
[2025-05-01T11:35:56.441+0000] {processor.py:830} INFO - Processing file /home/airflow/.local/lib/python3.12/site-packages/airflow/example_dags/example_time_delta_sensor_async.py for tasks to queue
[2025-05-01T11:35:56.445+0000] {logging_mixin.py:188} INFO - [2025-05-01T11:35:56.444+0000] {dagbag.py:545} INFO - Filling up the DagBag from /home/airflow/.local/lib/python3.12/site-packages/airflow/example_dags/example_time_delta_sensor_async.py
[2025-05-01T11:35:56.458+0000] {processor.py:840} INFO - DAG(s) 'example_time_delta_sensor_async' retrieved from /home/airflow/.local/lib/python3.12/site-packages/airflow/example_dags/example_time_delta_sensor_async.py
[2025-05-01T11:35:56.506+0000] {logging_mixin.py:188} INFO - [2025-05-01T11:35:56.506+0000] {dag.py:3096} INFO - Sync 1 DAGs
[2025-05-01T11:35:56.537+0000] {logging_mixin.py:188} INFO - [2025-05-01T11:35:56.536+0000] {dag.py:3954} INFO - Setting next_dagrun for example_time_delta_sensor_async to None, run_after=None
[2025-05-01T11:35:56.625+0000] {processor.py:183} INFO - Processing /home/airflow/.local/lib/python3.12/site-packages/airflow/example_dags/example_time_delta_sensor_async.py took 0.200 seconds
[2025-05-01T11:36:26.878+0000] {processor.py:161} INFO - Started process (PID=646) to work on /home/airflow/.local/lib/python3.12/site-packages/airflow/example_dags/example_time_delta_sensor_async.py
[2025-05-01T11:36:26.882+0000] {processor.py:830} INFO - Processing file /home/airflow/.local/lib/python3.12/site-packages/airflow/example_dags/example_time_delta_sensor_async.py for tasks to queue
[2025-05-01T11:36:26.889+0000] {logging_mixin.py:188} INFO - [2025-05-01T11:36:26.888+0000] {dagbag.py:545} INFO - Filling up the DagBag from /home/airflow/.local/lib/python3.12/site-packages/airflow/example_dags/example_time_delta_sensor_async.py
[2025-05-01T11:36:26.902+0000] {processor.py:840} INFO - DAG(s) 'example_time_delta_sensor_async' retrieved from /home/airflow/.local/lib/python3.12/site-packages/airflow/example_dags/example_time_delta_sensor_async.py
[2025-05-01T11:36:26.979+0000] {logging_mixin.py:188} INFO - [2025-05-01T11:36:26.978+0000] {dag.py:3096} INFO - Sync 1 DAGs
[2025-05-01T11:36:27.061+0000] {logging_mixin.py:188} INFO - [2025-05-01T11:36:27.060+0000] {dag.py:3954} INFO - Setting next_dagrun for example_time_delta_sensor_async to None, run_after=None
[2025-05-01T11:36:27.143+0000] {processor.py:183} INFO - Processing /home/airflow/.local/lib/python3.12/site-packages/airflow/example_dags/example_time_delta_sensor_async.py took 0.288 seconds
[2025-05-01T11:36:57.633+0000] {processor.py:161} INFO - Started process (PID=705) to work on /home/airflow/.local/lib/python3.12/site-packages/airflow/example_dags/example_time_delta_sensor_async.py
[2025-05-01T11:36:57.635+0000] {processor.py:830} INFO - Processing file /home/airflow/.local/lib/python3.12/site-packages/airflow/example_dags/example_time_delta_sensor_async.py for tasks to queue
[2025-05-01T11:36:57.640+0000] {logging_mixin.py:188} INFO - [2025-05-01T11:36:57.640+0000] {dagbag.py:545} INFO - Filling up the DagBag from /home/airflow/.local/lib/python3.12/site-packages/airflow/example_dags/example_time_delta_sensor_async.py
[2025-05-01T11:36:57.653+0000] {processor.py:840} INFO - DAG(s) 'example_time_delta_sensor_async' retrieved from /home/airflow/.local/lib/python3.12/site-packages/airflow/example_dags/example_time_delta_sensor_async.py
[2025-05-01T11:36:57.714+0000] {logging_mixin.py:188} INFO - [2025-05-01T11:36:57.714+0000] {dag.py:3096} INFO - Sync 1 DAGs
[2025-05-01T11:36:57.762+0000] {logging_mixin.py:188} INFO - [2025-05-01T11:36:57.761+0000] {dag.py:3954} INFO - Setting next_dagrun for example_time_delta_sensor_async to None, run_after=None
[2025-05-01T11:36:57.830+0000] {processor.py:183} INFO - Processing /home/airflow/.local/lib/python3.12/site-packages/airflow/example_dags/example_time_delta_sensor_async.py took 0.213 seconds
[2025-05-01T11:37:28.365+0000] {processor.py:161} INFO - Started process (PID=765) to work on /home/airflow/.local/lib/python3.12/site-packages/airflow/example_dags/example_time_delta_sensor_async.py
[2025-05-01T11:37:28.368+0000] {processor.py:830} INFO - Processing file /home/airflow/.local/lib/python3.12/site-packages/airflow/example_dags/example_time_delta_sensor_async.py for tasks to queue
[2025-05-01T11:37:28.372+0000] {logging_mixin.py:188} INFO - [2025-05-01T11:37:28.371+0000] {dagbag.py:545} INFO - Filling up the DagBag from /home/airflow/.local/lib/python3.12/site-packages/airflow/example_dags/example_time_delta_sensor_async.py
[2025-05-01T11:37:28.380+0000] {processor.py:840} INFO - DAG(s) 'example_time_delta_sensor_async' retrieved from /home/airflow/.local/lib/python3.12/site-packages/airflow/example_dags/example_time_delta_sensor_async.py
[2025-05-01T11:37:28.429+0000] {logging_mixin.py:188} INFO - [2025-05-01T11:37:28.429+0000] {dag.py:3096} INFO - Sync 1 DAGs
[2025-05-01T11:37:28.495+0000] {logging_mixin.py:188} INFO - [2025-05-01T11:37:28.494+0000] {dag.py:3954} INFO - Setting next_dagrun for example_time_delta_sensor_async to None, run_after=None
[2025-05-01T11:37:28.551+0000] {processor.py:183} INFO - Processing /home/airflow/.local/lib/python3.12/site-packages/airflow/example_dags/example_time_delta_sensor_async.py took 0.201 seconds
[2025-05-01T11:37:59.109+0000] {processor.py:161} INFO - Started process (PID=824) to work on /home/airflow/.local/lib/python3.12/site-packages/airflow/example_dags/example_time_delta_sensor_async.py
[2025-05-01T11:37:59.111+0000] {processor.py:830} INFO - Processing file /home/airflow/.local/lib/python3.12/site-packages/airflow/example_dags/example_time_delta_sensor_async.py for tasks to queue
[2025-05-01T11:37:59.115+0000] {logging_mixin.py:188} INFO - [2025-05-01T11:37:59.114+0000] {dagbag.py:545} INFO - Filling up the DagBag from /home/airflow/.local/lib/python3.12/site-packages/airflow/example_dags/example_time_delta_sensor_async.py
[2025-05-01T11:37:59.135+0000] {processor.py:840} INFO - DAG(s) 'example_time_delta_sensor_async' retrieved from /home/airflow/.local/lib/python3.12/site-packages/airflow/example_dags/example_time_delta_sensor_async.py
[2025-05-01T11:37:59.198+0000] {logging_mixin.py:188} INFO - [2025-05-01T11:37:59.197+0000] {dag.py:3096} INFO - Sync 1 DAGs
[2025-05-01T11:37:59.226+0000] {logging_mixin.py:188} INFO - [2025-05-01T11:37:59.226+0000] {dag.py:3954} INFO - Setting next_dagrun for example_time_delta_sensor_async to None, run_after=None
[2025-05-01T11:37:59.268+0000] {processor.py:183} INFO - Processing /home/airflow/.local/lib/python3.12/site-packages/airflow/example_dags/example_time_delta_sensor_async.py took 0.171 seconds
[2025-05-01T11:38:29.730+0000] {processor.py:161} INFO - Started process (PID=883) to work on /home/airflow/.local/lib/python3.12/site-packages/airflow/example_dags/example_time_delta_sensor_async.py
[2025-05-01T11:38:29.732+0000] {processor.py:830} INFO - Processing file /home/airflow/.local/lib/python3.12/site-packages/airflow/example_dags/example_time_delta_sensor_async.py for tasks to queue
[2025-05-01T11:38:29.736+0000] {logging_mixin.py:188} INFO - [2025-05-01T11:38:29.736+0000] {dagbag.py:545} INFO - Filling up the DagBag from /home/airflow/.local/lib/python3.12/site-packages/airflow/example_dags/example_time_delta_sensor_async.py
[2025-05-01T11:38:29.747+0000] {processor.py:840} INFO - DAG(s) 'example_time_delta_sensor_async' retrieved from /home/airflow/.local/lib/python3.12/site-packages/airflow/example_dags/example_time_delta_sensor_async.py
[2025-05-01T11:38:29.791+0000] {logging_mixin.py:188} INFO - [2025-05-01T11:38:29.790+0000] {dag.py:3096} INFO - Sync 1 DAGs
[2025-05-01T11:38:29.826+0000] {logging_mixin.py:188} INFO - [2025-05-01T11:38:29.825+0000] {dag.py:3954} INFO - Setting next_dagrun for example_time_delta_sensor_async to None, run_after=None
[2025-05-01T11:38:29.877+0000] {processor.py:183} INFO - Processing /home/airflow/.local/lib/python3.12/site-packages/airflow/example_dags/example_time_delta_sensor_async.py took 0.158 seconds
[2025-05-01T11:39:00.171+0000] {processor.py:161} INFO - Started process (PID=942) to work on /home/airflow/.local/lib/python3.12/site-packages/airflow/example_dags/example_time_delta_sensor_async.py
[2025-05-01T11:39:00.174+0000] {processor.py:830} INFO - Processing file /home/airflow/.local/lib/python3.12/site-packages/airflow/example_dags/example_time_delta_sensor_async.py for tasks to queue
[2025-05-01T11:39:00.178+0000] {logging_mixin.py:188} INFO - [2025-05-01T11:39:00.177+0000] {dagbag.py:545} INFO - Filling up the DagBag from /home/airflow/.local/lib/python3.12/site-packages/airflow/example_dags/example_time_delta_sensor_async.py
[2025-05-01T11:39:00.186+0000] {processor.py:840} INFO - DAG(s) 'example_time_delta_sensor_async' retrieved from /home/airflow/.local/lib/python3.12/site-packages/airflow/example_dags/example_time_delta_sensor_async.py
[2025-05-01T11:39:00.227+0000] {logging_mixin.py:188} INFO - [2025-05-01T11:39:00.226+0000] {dag.py:3096} INFO - Sync 1 DAGs
[2025-05-01T11:39:00.260+0000] {logging_mixin.py:188} INFO - [2025-05-01T11:39:00.260+0000] {dag.py:3954} INFO - Setting next_dagrun for example_time_delta_sensor_async to None, run_after=None
[2025-05-01T11:39:00.351+0000] {processor.py:183} INFO - Processing /home/airflow/.local/lib/python3.12/site-packages/airflow/example_dags/example_time_delta_sensor_async.py took 0.190 seconds
[2025-05-01T11:39:31.041+0000] {processor.py:161} INFO - Started process (PID=1002) to work on /home/airflow/.local/lib/python3.12/site-packages/airflow/example_dags/example_time_delta_sensor_async.py
[2025-05-01T11:39:31.045+0000] {processor.py:830} INFO - Processing file /home/airflow/.local/lib/python3.12/site-packages/airflow/example_dags/example_time_delta_sensor_async.py for tasks to queue
[2025-05-01T11:39:31.052+0000] {logging_mixin.py:188} INFO - [2025-05-01T11:39:31.050+0000] {dagbag.py:545} INFO - Filling up the DagBag from /home/airflow/.local/lib/python3.12/site-packages/airflow/example_dags/example_time_delta_sensor_async.py
[2025-05-01T11:39:31.065+0000] {processor.py:840} INFO - DAG(s) 'example_time_delta_sensor_async' retrieved from /home/airflow/.local/lib/python3.12/site-packages/airflow/example_dags/example_time_delta_sensor_async.py
[2025-05-01T11:39:31.132+0000] {logging_mixin.py:188} INFO - [2025-05-01T11:39:31.131+0000] {dag.py:3096} INFO - Sync 1 DAGs
[2025-05-01T11:39:31.173+0000] {logging_mixin.py:188} INFO - [2025-05-01T11:39:31.172+0000] {dag.py:3954} INFO - Setting next_dagrun for example_time_delta_sensor_async to None, run_after=None
[2025-05-01T11:39:31.219+0000] {processor.py:183} INFO - Processing /home/airflow/.local/lib/python3.12/site-packages/airflow/example_dags/example_time_delta_sensor_async.py took 0.205 seconds
[2025-05-01T11:40:01.629+0000] {processor.py:161} INFO - Started process (PID=1061) to work on /home/airflow/.local/lib/python3.12/site-packages/airflow/example_dags/example_time_delta_sensor_async.py
[2025-05-01T11:40:01.631+0000] {processor.py:830} INFO - Processing file /home/airflow/.local/lib/python3.12/site-packages/airflow/example_dags/example_time_delta_sensor_async.py for tasks to queue
[2025-05-01T11:40:01.636+0000] {logging_mixin.py:188} INFO - [2025-05-01T11:40:01.635+0000] {dagbag.py:545} INFO - Filling up the DagBag from /home/airflow/.local/lib/python3.12/site-packages/airflow/example_dags/example_time_delta_sensor_async.py
[2025-05-01T11:40:01.645+0000] {processor.py:840} INFO - DAG(s) 'example_time_delta_sensor_async' retrieved from /home/airflow/.local/lib/python3.12/site-packages/airflow/example_dags/example_time_delta_sensor_async.py
[2025-05-01T11:40:01.705+0000] {logging_mixin.py:188} INFO - [2025-05-01T11:40:01.704+0000] {dag.py:3096} INFO - Sync 1 DAGs
[2025-05-01T11:40:01.738+0000] {logging_mixin.py:188} INFO - [2025-05-01T11:40:01.738+0000] {dag.py:3954} INFO - Setting next_dagrun for example_time_delta_sensor_async to None, run_after=None
[2025-05-01T11:40:01.785+0000] {processor.py:183} INFO - Processing /home/airflow/.local/lib/python3.12/site-packages/airflow/example_dags/example_time_delta_sensor_async.py took 0.173 seconds
[2025-05-01T11:40:32.461+0000] {processor.py:161} INFO - Started process (PID=1120) to work on /home/airflow/.local/lib/python3.12/site-packages/airflow/example_dags/example_time_delta_sensor_async.py
[2025-05-01T11:40:32.464+0000] {processor.py:830} INFO - Processing file /home/airflow/.local/lib/python3.12/site-packages/airflow/example_dags/example_time_delta_sensor_async.py for tasks to queue
[2025-05-01T11:40:32.468+0000] {logging_mixin.py:188} INFO - [2025-05-01T11:40:32.467+0000] {dagbag.py:545} INFO - Filling up the DagBag from /home/airflow/.local/lib/python3.12/site-packages/airflow/example_dags/example_time_delta_sensor_async.py
[2025-05-01T11:40:32.478+0000] {processor.py:840} INFO - DAG(s) 'example_time_delta_sensor_async' retrieved from /home/airflow/.local/lib/python3.12/site-packages/airflow/example_dags/example_time_delta_sensor_async.py
[2025-05-01T11:40:32.525+0000] {logging_mixin.py:188} INFO - [2025-05-01T11:40:32.525+0000] {dag.py:3096} INFO - Sync 1 DAGs
[2025-05-01T11:40:32.554+0000] {logging_mixin.py:188} INFO - [2025-05-01T11:40:32.553+0000] {dag.py:3954} INFO - Setting next_dagrun for example_time_delta_sensor_async to None, run_after=None
[2025-05-01T11:40:32.604+0000] {processor.py:183} INFO - Processing /home/airflow/.local/lib/python3.12/site-packages/airflow/example_dags/example_time_delta_sensor_async.py took 0.155 seconds
[2025-05-01T11:41:03.110+0000] {processor.py:161} INFO - Started process (PID=1179) to work on /home/airflow/.local/lib/python3.12/site-packages/airflow/example_dags/example_time_delta_sensor_async.py
[2025-05-01T11:41:03.112+0000] {processor.py:830} INFO - Processing file /home/airflow/.local/lib/python3.12/site-packages/airflow/example_dags/example_time_delta_sensor_async.py for tasks to queue
[2025-05-01T11:41:03.116+0000] {logging_mixin.py:188} INFO - [2025-05-01T11:41:03.115+0000] {dagbag.py:545} INFO - Filling up the DagBag from /home/airflow/.local/lib/python3.12/site-packages/airflow/example_dags/example_time_delta_sensor_async.py
[2025-05-01T11:41:03.125+0000] {processor.py:840} INFO - DAG(s) 'example_time_delta_sensor_async' retrieved from /home/airflow/.local/lib/python3.12/site-packages/airflow/example_dags/example_time_delta_sensor_async.py
[2025-05-01T11:41:03.169+0000] {logging_mixin.py:188} INFO - [2025-05-01T11:41:03.168+0000] {dag.py:3096} INFO - Sync 1 DAGs
[2025-05-01T11:41:03.196+0000] {logging_mixin.py:188} INFO - [2025-05-01T11:41:03.196+0000] {dag.py:3954} INFO - Setting next_dagrun for example_time_delta_sensor_async to None, run_after=None
[2025-05-01T11:41:03.241+0000] {processor.py:183} INFO - Processing /home/airflow/.local/lib/python3.12/site-packages/airflow/example_dags/example_time_delta_sensor_async.py took 0.143 seconds
[2025-05-01T11:41:34.018+0000] {processor.py:161} INFO - Started process (PID=1238) to work on /home/airflow/.local/lib/python3.12/site-packages/airflow/example_dags/example_time_delta_sensor_async.py
[2025-05-01T11:41:34.020+0000] {processor.py:830} INFO - Processing file /home/airflow/.local/lib/python3.12/site-packages/airflow/example_dags/example_time_delta_sensor_async.py for tasks to queue
[2025-05-01T11:41:34.024+0000] {logging_mixin.py:188} INFO - [2025-05-01T11:41:34.023+0000] {dagbag.py:545} INFO - Filling up the DagBag from /home/airflow/.local/lib/python3.12/site-packages/airflow/example_dags/example_time_delta_sensor_async.py
[2025-05-01T11:41:34.035+0000] {processor.py:840} INFO - DAG(s) 'example_time_delta_sensor_async' retrieved from /home/airflow/.local/lib/python3.12/site-packages/airflow/example_dags/example_time_delta_sensor_async.py
[2025-05-01T11:41:34.089+0000] {logging_mixin.py:188} INFO - [2025-05-01T11:41:34.088+0000] {dag.py:3096} INFO - Sync 1 DAGs
[2025-05-01T11:41:34.123+0000] {logging_mixin.py:188} INFO - [2025-05-01T11:41:34.122+0000] {dag.py:3954} INFO - Setting next_dagrun for example_time_delta_sensor_async to None, run_after=None
[2025-05-01T11:41:34.176+0000] {processor.py:183} INFO - Processing /home/airflow/.local/lib/python3.12/site-packages/airflow/example_dags/example_time_delta_sensor_async.py took 0.170 seconds
[2025-05-01T11:42:04.870+0000] {processor.py:161} INFO - Started process (PID=1298) to work on /home/airflow/.local/lib/python3.12/site-packages/airflow/example_dags/example_time_delta_sensor_async.py
[2025-05-01T11:42:04.872+0000] {processor.py:830} INFO - Processing file /home/airflow/.local/lib/python3.12/site-packages/airflow/example_dags/example_time_delta_sensor_async.py for tasks to queue
[2025-05-01T11:42:04.877+0000] {logging_mixin.py:188} INFO - [2025-05-01T11:42:04.876+0000] {dagbag.py:545} INFO - Filling up the DagBag from /home/airflow/.local/lib/python3.12/site-packages/airflow/example_dags/example_time_delta_sensor_async.py
[2025-05-01T11:42:04.888+0000] {processor.py:840} INFO - DAG(s) 'example_time_delta_sensor_async' retrieved from /home/airflow/.local/lib/python3.12/site-packages/airflow/example_dags/example_time_delta_sensor_async.py
[2025-05-01T11:42:04.929+0000] {logging_mixin.py:188} INFO - [2025-05-01T11:42:04.929+0000] {dag.py:3096} INFO - Sync 1 DAGs
[2025-05-01T11:42:04.958+0000] {logging_mixin.py:188} INFO - [2025-05-01T11:42:04.958+0000] {dag.py:3954} INFO - Setting next_dagrun for example_time_delta_sensor_async to None, run_after=None
[2025-05-01T11:42:05.006+0000] {processor.py:183} INFO - Processing /home/airflow/.local/lib/python3.12/site-packages/airflow/example_dags/example_time_delta_sensor_async.py took 0.149 seconds
[2025-05-01T11:42:35.659+0000] {processor.py:161} INFO - Started process (PID=1357) to work on /home/airflow/.local/lib/python3.12/site-packages/airflow/example_dags/example_time_delta_sensor_async.py
[2025-05-01T11:42:35.662+0000] {processor.py:830} INFO - Processing file /home/airflow/.local/lib/python3.12/site-packages/airflow/example_dags/example_time_delta_sensor_async.py for tasks to queue
[2025-05-01T11:42:35.665+0000] {logging_mixin.py:188} INFO - [2025-05-01T11:42:35.665+0000] {dagbag.py:545} INFO - Filling up the DagBag from /home/airflow/.local/lib/python3.12/site-packages/airflow/example_dags/example_time_delta_sensor_async.py
[2025-05-01T11:42:35.674+0000] {processor.py:840} INFO - DAG(s) 'example_time_delta_sensor_async' retrieved from /home/airflow/.local/lib/python3.12/site-packages/airflow/example_dags/example_time_delta_sensor_async.py
[2025-05-01T11:42:35.718+0000] {logging_mixin.py:188} INFO - [2025-05-01T11:42:35.717+0000] {dag.py:3096} INFO - Sync 1 DAGs
[2025-05-01T11:42:35.748+0000] {logging_mixin.py:188} INFO - [2025-05-01T11:42:35.747+0000] {dag.py:3954} INFO - Setting next_dagrun for example_time_delta_sensor_async to None, run_after=None
[2025-05-01T11:42:35.799+0000] {processor.py:183} INFO - Processing /home/airflow/.local/lib/python3.12/site-packages/airflow/example_dags/example_time_delta_sensor_async.py took 0.151 seconds
[2025-05-01T11:43:06.600+0000] {processor.py:161} INFO - Started process (PID=1416) to work on /home/airflow/.local/lib/python3.12/site-packages/airflow/example_dags/example_time_delta_sensor_async.py
[2025-05-01T11:43:06.603+0000] {processor.py:830} INFO - Processing file /home/airflow/.local/lib/python3.12/site-packages/airflow/example_dags/example_time_delta_sensor_async.py for tasks to queue
[2025-05-01T11:43:06.608+0000] {logging_mixin.py:188} INFO - [2025-05-01T11:43:06.607+0000] {dagbag.py:545} INFO - Filling up the DagBag from /home/airflow/.local/lib/python3.12/site-packages/airflow/example_dags/example_time_delta_sensor_async.py
[2025-05-01T11:43:06.618+0000] {processor.py:840} INFO - DAG(s) 'example_time_delta_sensor_async' retrieved from /home/airflow/.local/lib/python3.12/site-packages/airflow/example_dags/example_time_delta_sensor_async.py
[2025-05-01T11:43:06.674+0000] {logging_mixin.py:188} INFO - [2025-05-01T11:43:06.674+0000] {dag.py:3096} INFO - Sync 1 DAGs
[2025-05-01T11:43:06.706+0000] {logging_mixin.py:188} INFO - [2025-05-01T11:43:06.706+0000] {dag.py:3954} INFO - Setting next_dagrun for example_time_delta_sensor_async to None, run_after=None
[2025-05-01T11:43:06.802+0000] {processor.py:183} INFO - Processing /home/airflow/.local/lib/python3.12/site-packages/airflow/example_dags/example_time_delta_sensor_async.py took 0.216 seconds
[2025-05-01T11:43:37.373+0000] {processor.py:161} INFO - Started process (PID=1475) to work on /home/airflow/.local/lib/python3.12/site-packages/airflow/example_dags/example_time_delta_sensor_async.py
[2025-05-01T11:43:37.376+0000] {processor.py:830} INFO - Processing file /home/airflow/.local/lib/python3.12/site-packages/airflow/example_dags/example_time_delta_sensor_async.py for tasks to queue
[2025-05-01T11:43:37.380+0000] {logging_mixin.py:188} INFO - [2025-05-01T11:43:37.379+0000] {dagbag.py:545} INFO - Filling up the DagBag from /home/airflow/.local/lib/python3.12/site-packages/airflow/example_dags/example_time_delta_sensor_async.py
[2025-05-01T11:43:37.391+0000] {processor.py:840} INFO - DAG(s) 'example_time_delta_sensor_async' retrieved from /home/airflow/.local/lib/python3.12/site-packages/airflow/example_dags/example_time_delta_sensor_async.py
[2025-05-01T11:43:37.445+0000] {logging_mixin.py:188} INFO - [2025-05-01T11:43:37.444+0000] {dag.py:3096} INFO - Sync 1 DAGs
[2025-05-01T11:43:37.489+0000] {logging_mixin.py:188} INFO - [2025-05-01T11:43:37.488+0000] {dag.py:3954} INFO - Setting next_dagrun for example_time_delta_sensor_async to None, run_after=None
[2025-05-01T11:43:37.548+0000] {processor.py:183} INFO - Processing /home/airflow/.local/lib/python3.12/site-packages/airflow/example_dags/example_time_delta_sensor_async.py took 0.190 seconds
[2025-05-01T11:44:08.407+0000] {processor.py:161} INFO - Started process (PID=1534) to work on /home/airflow/.local/lib/python3.12/site-packages/airflow/example_dags/example_time_delta_sensor_async.py
[2025-05-01T11:44:08.411+0000] {processor.py:830} INFO - Processing file /home/airflow/.local/lib/python3.12/site-packages/airflow/example_dags/example_time_delta_sensor_async.py for tasks to queue
[2025-05-01T11:44:08.416+0000] {logging_mixin.py:188} INFO - [2025-05-01T11:44:08.415+0000] {dagbag.py:545} INFO - Filling up the DagBag from /home/airflow/.local/lib/python3.12/site-packages/airflow/example_dags/example_time_delta_sensor_async.py
[2025-05-01T11:44:08.426+0000] {processor.py:840} INFO - DAG(s) 'example_time_delta_sensor_async' retrieved from /home/airflow/.local/lib/python3.12/site-packages/airflow/example_dags/example_time_delta_sensor_async.py
[2025-05-01T11:44:08.485+0000] {logging_mixin.py:188} INFO - [2025-05-01T11:44:08.484+0000] {dag.py:3096} INFO - Sync 1 DAGs
[2025-05-01T11:44:08.526+0000] {logging_mixin.py:188} INFO - [2025-05-01T11:44:08.526+0000] {dag.py:3954} INFO - Setting next_dagrun for example_time_delta_sensor_async to None, run_after=None
[2025-05-01T11:44:08.584+0000] {processor.py:183} INFO - Processing /home/airflow/.local/lib/python3.12/site-packages/airflow/example_dags/example_time_delta_sensor_async.py took 0.191 seconds
[2025-05-01T11:44:38.734+0000] {processor.py:161} INFO - Started process (PID=1591) to work on /home/airflow/.local/lib/python3.12/site-packages/airflow/example_dags/example_time_delta_sensor_async.py
[2025-05-01T11:44:38.736+0000] {processor.py:830} INFO - Processing file /home/airflow/.local/lib/python3.12/site-packages/airflow/example_dags/example_time_delta_sensor_async.py for tasks to queue
[2025-05-01T11:44:38.740+0000] {logging_mixin.py:188} INFO - [2025-05-01T11:44:38.739+0000] {dagbag.py:545} INFO - Filling up the DagBag from /home/airflow/.local/lib/python3.12/site-packages/airflow/example_dags/example_time_delta_sensor_async.py
[2025-05-01T11:44:38.748+0000] {processor.py:840} INFO - DAG(s) 'example_time_delta_sensor_async' retrieved from /home/airflow/.local/lib/python3.12/site-packages/airflow/example_dags/example_time_delta_sensor_async.py
[2025-05-01T11:44:38.793+0000] {logging_mixin.py:188} INFO - [2025-05-01T11:44:38.792+0000] {dag.py:3096} INFO - Sync 1 DAGs
[2025-05-01T11:44:38.821+0000] {logging_mixin.py:188} INFO - [2025-05-01T11:44:38.820+0000] {dag.py:3954} INFO - Setting next_dagrun for example_time_delta_sensor_async to None, run_after=None
[2025-05-01T11:44:38.871+0000] {processor.py:183} INFO - Processing /home/airflow/.local/lib/python3.12/site-packages/airflow/example_dags/example_time_delta_sensor_async.py took 0.149 seconds
[2025-05-01T11:45:08.983+0000] {processor.py:161} INFO - Started process (PID=1650) to work on /home/airflow/.local/lib/python3.12/site-packages/airflow/example_dags/example_time_delta_sensor_async.py
[2025-05-01T11:45:08.985+0000] {processor.py:830} INFO - Processing file /home/airflow/.local/lib/python3.12/site-packages/airflow/example_dags/example_time_delta_sensor_async.py for tasks to queue
[2025-05-01T11:45:08.990+0000] {logging_mixin.py:188} INFO - [2025-05-01T11:45:08.989+0000] {dagbag.py:545} INFO - Filling up the DagBag from /home/airflow/.local/lib/python3.12/site-packages/airflow/example_dags/example_time_delta_sensor_async.py
[2025-05-01T11:45:08.999+0000] {processor.py:840} INFO - DAG(s) 'example_time_delta_sensor_async' retrieved from /home/airflow/.local/lib/python3.12/site-packages/airflow/example_dags/example_time_delta_sensor_async.py
[2025-05-01T11:45:09.057+0000] {logging_mixin.py:188} INFO - [2025-05-01T11:45:09.057+0000] {dag.py:3096} INFO - Sync 1 DAGs
[2025-05-01T11:45:09.101+0000] {logging_mixin.py:188} INFO - [2025-05-01T11:45:09.100+0000] {dag.py:3954} INFO - Setting next_dagrun for example_time_delta_sensor_async to None, run_after=None
[2025-05-01T11:45:09.157+0000] {processor.py:183} INFO - Processing /home/airflow/.local/lib/python3.12/site-packages/airflow/example_dags/example_time_delta_sensor_async.py took 0.186 seconds
[2025-05-01T11:45:39.552+0000] {processor.py:161} INFO - Started process (PID=1709) to work on /home/airflow/.local/lib/python3.12/site-packages/airflow/example_dags/example_time_delta_sensor_async.py
[2025-05-01T11:45:39.554+0000] {processor.py:830} INFO - Processing file /home/airflow/.local/lib/python3.12/site-packages/airflow/example_dags/example_time_delta_sensor_async.py for tasks to queue
[2025-05-01T11:45:39.558+0000] {logging_mixin.py:188} INFO - [2025-05-01T11:45:39.557+0000] {dagbag.py:545} INFO - Filling up the DagBag from /home/airflow/.local/lib/python3.12/site-packages/airflow/example_dags/example_time_delta_sensor_async.py
[2025-05-01T11:45:39.567+0000] {processor.py:840} INFO - DAG(s) 'example_time_delta_sensor_async' retrieved from /home/airflow/.local/lib/python3.12/site-packages/airflow/example_dags/example_time_delta_sensor_async.py
[2025-05-01T11:45:39.612+0000] {logging_mixin.py:188} INFO - [2025-05-01T11:45:39.611+0000] {dag.py:3096} INFO - Sync 1 DAGs
[2025-05-01T11:45:39.654+0000] {logging_mixin.py:188} INFO - [2025-05-01T11:45:39.654+0000] {dag.py:3954} INFO - Setting next_dagrun for example_time_delta_sensor_async to None, run_after=None
[2025-05-01T11:45:39.737+0000] {processor.py:183} INFO - Processing /home/airflow/.local/lib/python3.12/site-packages/airflow/example_dags/example_time_delta_sensor_async.py took 0.196 seconds
[2025-05-01T11:46:09.974+0000] {processor.py:161} INFO - Started process (PID=1768) to work on /home/airflow/.local/lib/python3.12/site-packages/airflow/example_dags/example_time_delta_sensor_async.py
[2025-05-01T11:46:09.976+0000] {processor.py:830} INFO - Processing file /home/airflow/.local/lib/python3.12/site-packages/airflow/example_dags/example_time_delta_sensor_async.py for tasks to queue
[2025-05-01T11:46:09.980+0000] {logging_mixin.py:188} INFO - [2025-05-01T11:46:09.979+0000] {dagbag.py:545} INFO - Filling up the DagBag from /home/airflow/.local/lib/python3.12/site-packages/airflow/example_dags/example_time_delta_sensor_async.py
[2025-05-01T11:46:09.989+0000] {processor.py:840} INFO - DAG(s) 'example_time_delta_sensor_async' retrieved from /home/airflow/.local/lib/python3.12/site-packages/airflow/example_dags/example_time_delta_sensor_async.py
[2025-05-01T11:46:10.036+0000] {logging_mixin.py:188} INFO - [2025-05-01T11:46:10.035+0000] {dag.py:3096} INFO - Sync 1 DAGs
[2025-05-01T11:46:10.066+0000] {logging_mixin.py:188} INFO - [2025-05-01T11:46:10.065+0000] {dag.py:3954} INFO - Setting next_dagrun for example_time_delta_sensor_async to None, run_after=None
[2025-05-01T11:46:10.109+0000] {processor.py:183} INFO - Processing /home/airflow/.local/lib/python3.12/site-packages/airflow/example_dags/example_time_delta_sensor_async.py took 0.145 seconds
[2025-05-01T11:46:40.391+0000] {processor.py:161} INFO - Started process (PID=1827) to work on /home/airflow/.local/lib/python3.12/site-packages/airflow/example_dags/example_time_delta_sensor_async.py
[2025-05-01T11:46:40.393+0000] {processor.py:830} INFO - Processing file /home/airflow/.local/lib/python3.12/site-packages/airflow/example_dags/example_time_delta_sensor_async.py for tasks to queue
[2025-05-01T11:46:40.397+0000] {logging_mixin.py:188} INFO - [2025-05-01T11:46:40.396+0000] {dagbag.py:545} INFO - Filling up the DagBag from /home/airflow/.local/lib/python3.12/site-packages/airflow/example_dags/example_time_delta_sensor_async.py
[2025-05-01T11:46:40.406+0000] {processor.py:840} INFO - DAG(s) 'example_time_delta_sensor_async' retrieved from /home/airflow/.local/lib/python3.12/site-packages/airflow/example_dags/example_time_delta_sensor_async.py
[2025-05-01T11:46:40.456+0000] {logging_mixin.py:188} INFO - [2025-05-01T11:46:40.455+0000] {dag.py:3096} INFO - Sync 1 DAGs
[2025-05-01T11:46:40.492+0000] {logging_mixin.py:188} INFO - [2025-05-01T11:46:40.491+0000] {dag.py:3954} INFO - Setting next_dagrun for example_time_delta_sensor_async to None, run_after=None
[2025-05-01T11:46:40.587+0000] {processor.py:183} INFO - Processing /home/airflow/.local/lib/python3.12/site-packages/airflow/example_dags/example_time_delta_sensor_async.py took 0.208 seconds
[2025-05-01T11:47:12.127+0000] {processor.py:161} INFO - Started process (PID=1886) to work on /home/airflow/.local/lib/python3.12/site-packages/airflow/example_dags/example_time_delta_sensor_async.py
[2025-05-01T11:47:12.130+0000] {processor.py:830} INFO - Processing file /home/airflow/.local/lib/python3.12/site-packages/airflow/example_dags/example_time_delta_sensor_async.py for tasks to queue
[2025-05-01T11:47:12.134+0000] {logging_mixin.py:188} INFO - [2025-05-01T11:47:12.133+0000] {dagbag.py:545} INFO - Filling up the DagBag from /home/airflow/.local/lib/python3.12/site-packages/airflow/example_dags/example_time_delta_sensor_async.py
[2025-05-01T11:47:12.144+0000] {processor.py:840} INFO - DAG(s) 'example_time_delta_sensor_async' retrieved from /home/airflow/.local/lib/python3.12/site-packages/airflow/example_dags/example_time_delta_sensor_async.py
[2025-05-01T11:47:12.193+0000] {logging_mixin.py:188} INFO - [2025-05-01T11:47:12.192+0000] {dag.py:3096} INFO - Sync 1 DAGs
[2025-05-01T11:47:12.227+0000] {logging_mixin.py:188} INFO - [2025-05-01T11:47:12.227+0000] {dag.py:3954} INFO - Setting next_dagrun for example_time_delta_sensor_async to None, run_after=None
[2025-05-01T11:47:12.293+0000] {processor.py:183} INFO - Processing /home/airflow/.local/lib/python3.12/site-packages/airflow/example_dags/example_time_delta_sensor_async.py took 0.178 seconds
[2025-05-01T11:47:43.001+0000] {processor.py:161} INFO - Started process (PID=1945) to work on /home/airflow/.local/lib/python3.12/site-packages/airflow/example_dags/example_time_delta_sensor_async.py
[2025-05-01T11:47:43.004+0000] {processor.py:830} INFO - Processing file /home/airflow/.local/lib/python3.12/site-packages/airflow/example_dags/example_time_delta_sensor_async.py for tasks to queue
[2025-05-01T11:47:43.010+0000] {logging_mixin.py:188} INFO - [2025-05-01T11:47:43.009+0000] {dagbag.py:545} INFO - Filling up the DagBag from /home/airflow/.local/lib/python3.12/site-packages/airflow/example_dags/example_time_delta_sensor_async.py
[2025-05-01T11:47:43.022+0000] {processor.py:840} INFO - DAG(s) 'example_time_delta_sensor_async' retrieved from /home/airflow/.local/lib/python3.12/site-packages/airflow/example_dags/example_time_delta_sensor_async.py
[2025-05-01T11:47:43.074+0000] {logging_mixin.py:188} INFO - [2025-05-01T11:47:43.074+0000] {dag.py:3096} INFO - Sync 1 DAGs
[2025-05-01T11:47:43.104+0000] {logging_mixin.py:188} INFO - [2025-05-01T11:47:43.104+0000] {dag.py:3954} INFO - Setting next_dagrun for example_time_delta_sensor_async to None, run_after=None
[2025-05-01T11:47:43.154+0000] {processor.py:183} INFO - Processing /home/airflow/.local/lib/python3.12/site-packages/airflow/example_dags/example_time_delta_sensor_async.py took 0.170 seconds
[2025-05-01T11:48:13.613+0000] {processor.py:161} INFO - Started process (PID=2004) to work on /home/airflow/.local/lib/python3.12/site-packages/airflow/example_dags/example_time_delta_sensor_async.py
[2025-05-01T11:48:13.616+0000] {processor.py:830} INFO - Processing file /home/airflow/.local/lib/python3.12/site-packages/airflow/example_dags/example_time_delta_sensor_async.py for tasks to queue
[2025-05-01T11:48:13.621+0000] {logging_mixin.py:188} INFO - [2025-05-01T11:48:13.620+0000] {dagbag.py:545} INFO - Filling up the DagBag from /home/airflow/.local/lib/python3.12/site-packages/airflow/example_dags/example_time_delta_sensor_async.py
[2025-05-01T11:48:13.636+0000] {processor.py:840} INFO - DAG(s) 'example_time_delta_sensor_async' retrieved from /home/airflow/.local/lib/python3.12/site-packages/airflow/example_dags/example_time_delta_sensor_async.py
[2025-05-01T11:48:13.694+0000] {logging_mixin.py:188} INFO - [2025-05-01T11:48:13.694+0000] {dag.py:3096} INFO - Sync 1 DAGs
[2025-05-01T11:48:13.727+0000] {logging_mixin.py:188} INFO - [2025-05-01T11:48:13.727+0000] {dag.py:3954} INFO - Setting next_dagrun for example_time_delta_sensor_async to None, run_after=None
[2025-05-01T11:48:13.776+0000] {processor.py:183} INFO - Processing /home/airflow/.local/lib/python3.12/site-packages/airflow/example_dags/example_time_delta_sensor_async.py took 0.179 seconds
[2025-05-01T11:48:44.166+0000] {processor.py:161} INFO - Started process (PID=2063) to work on /home/airflow/.local/lib/python3.12/site-packages/airflow/example_dags/example_time_delta_sensor_async.py
[2025-05-01T11:48:44.169+0000] {processor.py:830} INFO - Processing file /home/airflow/.local/lib/python3.12/site-packages/airflow/example_dags/example_time_delta_sensor_async.py for tasks to queue
[2025-05-01T11:48:44.173+0000] {logging_mixin.py:188} INFO - [2025-05-01T11:48:44.172+0000] {dagbag.py:545} INFO - Filling up the DagBag from /home/airflow/.local/lib/python3.12/site-packages/airflow/example_dags/example_time_delta_sensor_async.py
[2025-05-01T11:48:44.183+0000] {processor.py:840} INFO - DAG(s) 'example_time_delta_sensor_async' retrieved from /home/airflow/.local/lib/python3.12/site-packages/airflow/example_dags/example_time_delta_sensor_async.py
[2025-05-01T11:48:44.228+0000] {logging_mixin.py:188} INFO - [2025-05-01T11:48:44.227+0000] {dag.py:3096} INFO - Sync 1 DAGs
[2025-05-01T11:48:44.260+0000] {logging_mixin.py:188} INFO - [2025-05-01T11:48:44.259+0000] {dag.py:3954} INFO - Setting next_dagrun for example_time_delta_sensor_async to None, run_after=None
[2025-05-01T11:48:44.397+0000] {processor.py:183} INFO - Processing /home/airflow/.local/lib/python3.12/site-packages/airflow/example_dags/example_time_delta_sensor_async.py took 0.242 seconds
[2025-05-01T11:49:16.039+0000] {processor.py:161} INFO - Started process (PID=2123) to work on /home/airflow/.local/lib/python3.12/site-packages/airflow/example_dags/example_time_delta_sensor_async.py
[2025-05-01T11:49:16.041+0000] {processor.py:830} INFO - Processing file /home/airflow/.local/lib/python3.12/site-packages/airflow/example_dags/example_time_delta_sensor_async.py for tasks to queue
[2025-05-01T11:49:16.045+0000] {logging_mixin.py:188} INFO - [2025-05-01T11:49:16.045+0000] {dagbag.py:545} INFO - Filling up the DagBag from /home/airflow/.local/lib/python3.12/site-packages/airflow/example_dags/example_time_delta_sensor_async.py
[2025-05-01T11:49:16.054+0000] {processor.py:840} INFO - DAG(s) 'example_time_delta_sensor_async' retrieved from /home/airflow/.local/lib/python3.12/site-packages/airflow/example_dags/example_time_delta_sensor_async.py
[2025-05-01T11:49:16.095+0000] {logging_mixin.py:188} INFO - [2025-05-01T11:49:16.095+0000] {dag.py:3096} INFO - Sync 1 DAGs
[2025-05-01T11:49:16.321+0000] {logging_mixin.py:188} INFO - [2025-05-01T11:49:16.321+0000] {dag.py:3954} INFO - Setting next_dagrun for example_time_delta_sensor_async to None, run_after=None
[2025-05-01T11:49:16.402+0000] {processor.py:183} INFO - Processing /home/airflow/.local/lib/python3.12/site-packages/airflow/example_dags/example_time_delta_sensor_async.py took 0.376 seconds
[2025-05-01T11:49:47.024+0000] {processor.py:161} INFO - Started process (PID=2182) to work on /home/airflow/.local/lib/python3.12/site-packages/airflow/example_dags/example_time_delta_sensor_async.py
[2025-05-01T11:49:47.026+0000] {processor.py:830} INFO - Processing file /home/airflow/.local/lib/python3.12/site-packages/airflow/example_dags/example_time_delta_sensor_async.py for tasks to queue
[2025-05-01T11:49:47.032+0000] {logging_mixin.py:188} INFO - [2025-05-01T11:49:47.031+0000] {dagbag.py:545} INFO - Filling up the DagBag from /home/airflow/.local/lib/python3.12/site-packages/airflow/example_dags/example_time_delta_sensor_async.py
[2025-05-01T11:49:47.041+0000] {processor.py:840} INFO - DAG(s) 'example_time_delta_sensor_async' retrieved from /home/airflow/.local/lib/python3.12/site-packages/airflow/example_dags/example_time_delta_sensor_async.py
[2025-05-01T11:49:47.087+0000] {logging_mixin.py:188} INFO - [2025-05-01T11:49:47.086+0000] {dag.py:3096} INFO - Sync 1 DAGs
[2025-05-01T11:49:47.115+0000] {logging_mixin.py:188} INFO - [2025-05-01T11:49:47.115+0000] {dag.py:3954} INFO - Setting next_dagrun for example_time_delta_sensor_async to None, run_after=None
[2025-05-01T11:49:47.199+0000] {processor.py:183} INFO - Processing /home/airflow/.local/lib/python3.12/site-packages/airflow/example_dags/example_time_delta_sensor_async.py took 0.188 seconds
[2025-05-01T11:50:17.558+0000] {processor.py:161} INFO - Started process (PID=2241) to work on /home/airflow/.local/lib/python3.12/site-packages/airflow/example_dags/example_time_delta_sensor_async.py
[2025-05-01T11:50:17.561+0000] {processor.py:830} INFO - Processing file /home/airflow/.local/lib/python3.12/site-packages/airflow/example_dags/example_time_delta_sensor_async.py for tasks to queue
[2025-05-01T11:50:17.567+0000] {logging_mixin.py:188} INFO - [2025-05-01T11:50:17.566+0000] {dagbag.py:545} INFO - Filling up the DagBag from /home/airflow/.local/lib/python3.12/site-packages/airflow/example_dags/example_time_delta_sensor_async.py
[2025-05-01T11:50:17.577+0000] {processor.py:840} INFO - DAG(s) 'example_time_delta_sensor_async' retrieved from /home/airflow/.local/lib/python3.12/site-packages/airflow/example_dags/example_time_delta_sensor_async.py
[2025-05-01T11:50:17.624+0000] {logging_mixin.py:188} INFO - [2025-05-01T11:50:17.624+0000] {dag.py:3096} INFO - Sync 1 DAGs
[2025-05-01T11:50:17.651+0000] {logging_mixin.py:188} INFO - [2025-05-01T11:50:17.651+0000] {dag.py:3954} INFO - Setting next_dagrun for example_time_delta_sensor_async to None, run_after=None
[2025-05-01T11:50:17.698+0000] {processor.py:183} INFO - Processing /home/airflow/.local/lib/python3.12/site-packages/airflow/example_dags/example_time_delta_sensor_async.py took 0.169 seconds
[2025-05-01T11:50:47.881+0000] {processor.py:161} INFO - Started process (PID=2300) to work on /home/airflow/.local/lib/python3.12/site-packages/airflow/example_dags/example_time_delta_sensor_async.py
[2025-05-01T11:50:47.883+0000] {processor.py:830} INFO - Processing file /home/airflow/.local/lib/python3.12/site-packages/airflow/example_dags/example_time_delta_sensor_async.py for tasks to queue
[2025-05-01T11:50:47.887+0000] {logging_mixin.py:188} INFO - [2025-05-01T11:50:47.887+0000] {dagbag.py:545} INFO - Filling up the DagBag from /home/airflow/.local/lib/python3.12/site-packages/airflow/example_dags/example_time_delta_sensor_async.py
[2025-05-01T11:50:47.896+0000] {processor.py:840} INFO - DAG(s) 'example_time_delta_sensor_async' retrieved from /home/airflow/.local/lib/python3.12/site-packages/airflow/example_dags/example_time_delta_sensor_async.py
[2025-05-01T11:50:47.944+0000] {logging_mixin.py:188} INFO - [2025-05-01T11:50:47.943+0000] {dag.py:3096} INFO - Sync 1 DAGs
[2025-05-01T11:50:47.975+0000] {logging_mixin.py:188} INFO - [2025-05-01T11:50:47.975+0000] {dag.py:3954} INFO - Setting next_dagrun for example_time_delta_sensor_async to None, run_after=None
[2025-05-01T11:50:48.037+0000] {processor.py:183} INFO - Processing /home/airflow/.local/lib/python3.12/site-packages/airflow/example_dags/example_time_delta_sensor_async.py took 0.169 seconds
[2025-05-01T11:51:18.449+0000] {processor.py:161} INFO - Started process (PID=2359) to work on /home/airflow/.local/lib/python3.12/site-packages/airflow/example_dags/example_time_delta_sensor_async.py
[2025-05-01T11:51:18.451+0000] {processor.py:830} INFO - Processing file /home/airflow/.local/lib/python3.12/site-packages/airflow/example_dags/example_time_delta_sensor_async.py for tasks to queue
[2025-05-01T11:51:18.456+0000] {logging_mixin.py:188} INFO - [2025-05-01T11:51:18.455+0000] {dagbag.py:545} INFO - Filling up the DagBag from /home/airflow/.local/lib/python3.12/site-packages/airflow/example_dags/example_time_delta_sensor_async.py
[2025-05-01T11:51:18.468+0000] {processor.py:840} INFO - DAG(s) 'example_time_delta_sensor_async' retrieved from /home/airflow/.local/lib/python3.12/site-packages/airflow/example_dags/example_time_delta_sensor_async.py
[2025-05-01T11:51:18.524+0000] {logging_mixin.py:188} INFO - [2025-05-01T11:51:18.524+0000] {dag.py:3096} INFO - Sync 1 DAGs
[2025-05-01T11:51:18.564+0000] {logging_mixin.py:188} INFO - [2025-05-01T11:51:18.564+0000] {dag.py:3954} INFO - Setting next_dagrun for example_time_delta_sensor_async to None, run_after=None
[2025-05-01T11:51:18.665+0000] {processor.py:183} INFO - Processing /home/airflow/.local/lib/python3.12/site-packages/airflow/example_dags/example_time_delta_sensor_async.py took 0.229 seconds
[2025-05-01T11:51:49.294+0000] {processor.py:161} INFO - Started process (PID=2418) to work on /home/airflow/.local/lib/python3.12/site-packages/airflow/example_dags/example_time_delta_sensor_async.py
[2025-05-01T11:51:49.296+0000] {processor.py:830} INFO - Processing file /home/airflow/.local/lib/python3.12/site-packages/airflow/example_dags/example_time_delta_sensor_async.py for tasks to queue
[2025-05-01T11:51:49.301+0000] {logging_mixin.py:188} INFO - [2025-05-01T11:51:49.300+0000] {dagbag.py:545} INFO - Filling up the DagBag from /home/airflow/.local/lib/python3.12/site-packages/airflow/example_dags/example_time_delta_sensor_async.py
[2025-05-01T11:51:49.313+0000] {processor.py:840} INFO - DAG(s) 'example_time_delta_sensor_async' retrieved from /home/airflow/.local/lib/python3.12/site-packages/airflow/example_dags/example_time_delta_sensor_async.py
[2025-05-01T11:51:49.359+0000] {logging_mixin.py:188} INFO - [2025-05-01T11:51:49.358+0000] {dag.py:3096} INFO - Sync 1 DAGs
[2025-05-01T11:51:49.392+0000] {logging_mixin.py:188} INFO - [2025-05-01T11:51:49.391+0000] {dag.py:3954} INFO - Setting next_dagrun for example_time_delta_sensor_async to None, run_after=None
[2025-05-01T11:51:49.440+0000] {processor.py:183} INFO - Processing /home/airflow/.local/lib/python3.12/site-packages/airflow/example_dags/example_time_delta_sensor_async.py took 0.160 seconds
[2025-05-01T11:52:20.190+0000] {processor.py:161} INFO - Started process (PID=2477) to work on /home/airflow/.local/lib/python3.12/site-packages/airflow/example_dags/example_time_delta_sensor_async.py
[2025-05-01T11:52:20.194+0000] {processor.py:830} INFO - Processing file /home/airflow/.local/lib/python3.12/site-packages/airflow/example_dags/example_time_delta_sensor_async.py for tasks to queue
[2025-05-01T11:52:20.201+0000] {logging_mixin.py:188} INFO - [2025-05-01T11:52:20.200+0000] {dagbag.py:545} INFO - Filling up the DagBag from /home/airflow/.local/lib/python3.12/site-packages/airflow/example_dags/example_time_delta_sensor_async.py
[2025-05-01T11:52:20.219+0000] {processor.py:840} INFO - DAG(s) 'example_time_delta_sensor_async' retrieved from /home/airflow/.local/lib/python3.12/site-packages/airflow/example_dags/example_time_delta_sensor_async.py
[2025-05-01T11:52:20.279+0000] {logging_mixin.py:188} INFO - [2025-05-01T11:52:20.279+0000] {dag.py:3096} INFO - Sync 1 DAGs
[2025-05-01T11:52:20.312+0000] {logging_mixin.py:188} INFO - [2025-05-01T11:52:20.311+0000] {dag.py:3954} INFO - Setting next_dagrun for example_time_delta_sensor_async to None, run_after=None
[2025-05-01T11:52:20.379+0000] {processor.py:183} INFO - Processing /home/airflow/.local/lib/python3.12/site-packages/airflow/example_dags/example_time_delta_sensor_async.py took 0.204 seconds
[2025-05-01T11:52:50.605+0000] {processor.py:161} INFO - Started process (PID=2536) to work on /home/airflow/.local/lib/python3.12/site-packages/airflow/example_dags/example_time_delta_sensor_async.py
[2025-05-01T11:52:50.607+0000] {processor.py:830} INFO - Processing file /home/airflow/.local/lib/python3.12/site-packages/airflow/example_dags/example_time_delta_sensor_async.py for tasks to queue
[2025-05-01T11:52:50.611+0000] {logging_mixin.py:188} INFO - [2025-05-01T11:52:50.611+0000] {dagbag.py:545} INFO - Filling up the DagBag from /home/airflow/.local/lib/python3.12/site-packages/airflow/example_dags/example_time_delta_sensor_async.py
[2025-05-01T11:52:50.619+0000] {processor.py:840} INFO - DAG(s) 'example_time_delta_sensor_async' retrieved from /home/airflow/.local/lib/python3.12/site-packages/airflow/example_dags/example_time_delta_sensor_async.py
[2025-05-01T11:52:50.662+0000] {logging_mixin.py:188} INFO - [2025-05-01T11:52:50.662+0000] {dag.py:3096} INFO - Sync 1 DAGs
[2025-05-01T11:52:50.689+0000] {logging_mixin.py:188} INFO - [2025-05-01T11:52:50.689+0000] {dag.py:3954} INFO - Setting next_dagrun for example_time_delta_sensor_async to None, run_after=None
[2025-05-01T11:52:50.741+0000] {processor.py:183} INFO - Processing /home/airflow/.local/lib/python3.12/site-packages/airflow/example_dags/example_time_delta_sensor_async.py took 0.147 seconds
[2025-05-01T11:53:21.474+0000] {processor.py:161} INFO - Started process (PID=2595) to work on /home/airflow/.local/lib/python3.12/site-packages/airflow/example_dags/example_time_delta_sensor_async.py
[2025-05-01T11:53:21.476+0000] {processor.py:830} INFO - Processing file /home/airflow/.local/lib/python3.12/site-packages/airflow/example_dags/example_time_delta_sensor_async.py for tasks to queue
[2025-05-01T11:53:21.481+0000] {logging_mixin.py:188} INFO - [2025-05-01T11:53:21.480+0000] {dagbag.py:545} INFO - Filling up the DagBag from /home/airflow/.local/lib/python3.12/site-packages/airflow/example_dags/example_time_delta_sensor_async.py
[2025-05-01T11:53:21.492+0000] {processor.py:840} INFO - DAG(s) 'example_time_delta_sensor_async' retrieved from /home/airflow/.local/lib/python3.12/site-packages/airflow/example_dags/example_time_delta_sensor_async.py
[2025-05-01T11:53:21.545+0000] {logging_mixin.py:188} INFO - [2025-05-01T11:53:21.544+0000] {dag.py:3096} INFO - Sync 1 DAGs
[2025-05-01T11:53:21.587+0000] {logging_mixin.py:188} INFO - [2025-05-01T11:53:21.587+0000] {dag.py:3954} INFO - Setting next_dagrun for example_time_delta_sensor_async to None, run_after=None
[2025-05-01T11:53:21.682+0000] {processor.py:183} INFO - Processing /home/airflow/.local/lib/python3.12/site-packages/airflow/example_dags/example_time_delta_sensor_async.py took 0.221 seconds
[2025-05-01T11:53:51.993+0000] {processor.py:161} INFO - Started process (PID=2654) to work on /home/airflow/.local/lib/python3.12/site-packages/airflow/example_dags/example_time_delta_sensor_async.py
[2025-05-01T11:53:51.996+0000] {processor.py:830} INFO - Processing file /home/airflow/.local/lib/python3.12/site-packages/airflow/example_dags/example_time_delta_sensor_async.py for tasks to queue
[2025-05-01T11:53:52.001+0000] {logging_mixin.py:188} INFO - [2025-05-01T11:53:52.000+0000] {dagbag.py:545} INFO - Filling up the DagBag from /home/airflow/.local/lib/python3.12/site-packages/airflow/example_dags/example_time_delta_sensor_async.py
[2025-05-01T11:53:52.018+0000] {processor.py:840} INFO - DAG(s) 'example_time_delta_sensor_async' retrieved from /home/airflow/.local/lib/python3.12/site-packages/airflow/example_dags/example_time_delta_sensor_async.py
[2025-05-01T11:53:52.072+0000] {logging_mixin.py:188} INFO - [2025-05-01T11:53:52.072+0000] {dag.py:3096} INFO - Sync 1 DAGs
[2025-05-01T11:53:52.102+0000] {logging_mixin.py:188} INFO - [2025-05-01T11:53:52.101+0000] {dag.py:3954} INFO - Setting next_dagrun for example_time_delta_sensor_async to None, run_after=None
[2025-05-01T11:53:52.148+0000] {processor.py:183} INFO - Processing /home/airflow/.local/lib/python3.12/site-packages/airflow/example_dags/example_time_delta_sensor_async.py took 0.173 seconds
[2025-05-01T11:54:22.725+0000] {processor.py:161} INFO - Started process (PID=2713) to work on /home/airflow/.local/lib/python3.12/site-packages/airflow/example_dags/example_time_delta_sensor_async.py
[2025-05-01T11:54:22.728+0000] {processor.py:830} INFO - Processing file /home/airflow/.local/lib/python3.12/site-packages/airflow/example_dags/example_time_delta_sensor_async.py for tasks to queue
[2025-05-01T11:54:22.733+0000] {logging_mixin.py:188} INFO - [2025-05-01T11:54:22.733+0000] {dagbag.py:545} INFO - Filling up the DagBag from /home/airflow/.local/lib/python3.12/site-packages/airflow/example_dags/example_time_delta_sensor_async.py
[2025-05-01T11:54:22.745+0000] {processor.py:840} INFO - DAG(s) 'example_time_delta_sensor_async' retrieved from /home/airflow/.local/lib/python3.12/site-packages/airflow/example_dags/example_time_delta_sensor_async.py
[2025-05-01T11:54:22.791+0000] {logging_mixin.py:188} INFO - [2025-05-01T11:54:22.791+0000] {dag.py:3096} INFO - Sync 1 DAGs
[2025-05-01T11:54:22.819+0000] {logging_mixin.py:188} INFO - [2025-05-01T11:54:22.819+0000] {dag.py:3954} INFO - Setting next_dagrun for example_time_delta_sensor_async to None, run_after=None
[2025-05-01T11:54:22.869+0000] {processor.py:183} INFO - Processing /home/airflow/.local/lib/python3.12/site-packages/airflow/example_dags/example_time_delta_sensor_async.py took 0.154 seconds
[2025-05-01T11:54:53.188+0000] {processor.py:161} INFO - Started process (PID=2772) to work on /home/airflow/.local/lib/python3.12/site-packages/airflow/example_dags/example_time_delta_sensor_async.py
[2025-05-01T11:54:53.191+0000] {processor.py:830} INFO - Processing file /home/airflow/.local/lib/python3.12/site-packages/airflow/example_dags/example_time_delta_sensor_async.py for tasks to queue
[2025-05-01T11:54:53.196+0000] {logging_mixin.py:188} INFO - [2025-05-01T11:54:53.195+0000] {dagbag.py:545} INFO - Filling up the DagBag from /home/airflow/.local/lib/python3.12/site-packages/airflow/example_dags/example_time_delta_sensor_async.py
[2025-05-01T11:54:53.206+0000] {processor.py:840} INFO - DAG(s) 'example_time_delta_sensor_async' retrieved from /home/airflow/.local/lib/python3.12/site-packages/airflow/example_dags/example_time_delta_sensor_async.py
[2025-05-01T11:54:53.251+0000] {logging_mixin.py:188} INFO - [2025-05-01T11:54:53.250+0000] {dag.py:3096} INFO - Sync 1 DAGs
[2025-05-01T11:54:53.282+0000] {logging_mixin.py:188} INFO - [2025-05-01T11:54:53.282+0000] {dag.py:3954} INFO - Setting next_dagrun for example_time_delta_sensor_async to None, run_after=None
[2025-05-01T11:54:53.336+0000] {processor.py:183} INFO - Processing /home/airflow/.local/lib/python3.12/site-packages/airflow/example_dags/example_time_delta_sensor_async.py took 0.159 seconds
[2025-05-01T11:55:23.877+0000] {processor.py:161} INFO - Started process (PID=2831) to work on /home/airflow/.local/lib/python3.12/site-packages/airflow/example_dags/example_time_delta_sensor_async.py
[2025-05-01T11:55:23.880+0000] {processor.py:830} INFO - Processing file /home/airflow/.local/lib/python3.12/site-packages/airflow/example_dags/example_time_delta_sensor_async.py for tasks to queue
[2025-05-01T11:55:23.884+0000] {logging_mixin.py:188} INFO - [2025-05-01T11:55:23.883+0000] {dagbag.py:545} INFO - Filling up the DagBag from /home/airflow/.local/lib/python3.12/site-packages/airflow/example_dags/example_time_delta_sensor_async.py
[2025-05-01T11:55:23.892+0000] {processor.py:840} INFO - DAG(s) 'example_time_delta_sensor_async' retrieved from /home/airflow/.local/lib/python3.12/site-packages/airflow/example_dags/example_time_delta_sensor_async.py
[2025-05-01T11:55:23.934+0000] {logging_mixin.py:188} INFO - [2025-05-01T11:55:23.933+0000] {dag.py:3096} INFO - Sync 1 DAGs
[2025-05-01T11:55:23.964+0000] {logging_mixin.py:188} INFO - [2025-05-01T11:55:23.964+0000] {dag.py:3954} INFO - Setting next_dagrun for example_time_delta_sensor_async to None, run_after=None
[2025-05-01T11:55:24.048+0000] {processor.py:183} INFO - Processing /home/airflow/.local/lib/python3.12/site-packages/airflow/example_dags/example_time_delta_sensor_async.py took 0.183 seconds
[2025-05-01T11:55:55.128+0000] {processor.py:161} INFO - Started process (PID=2891) to work on /home/airflow/.local/lib/python3.12/site-packages/airflow/example_dags/example_time_delta_sensor_async.py
[2025-05-01T11:55:55.131+0000] {processor.py:830} INFO - Processing file /home/airflow/.local/lib/python3.12/site-packages/airflow/example_dags/example_time_delta_sensor_async.py for tasks to queue
[2025-05-01T11:55:55.136+0000] {logging_mixin.py:188} INFO - [2025-05-01T11:55:55.135+0000] {dagbag.py:545} INFO - Filling up the DagBag from /home/airflow/.local/lib/python3.12/site-packages/airflow/example_dags/example_time_delta_sensor_async.py
[2025-05-01T11:55:55.149+0000] {processor.py:840} INFO - DAG(s) 'example_time_delta_sensor_async' retrieved from /home/airflow/.local/lib/python3.12/site-packages/airflow/example_dags/example_time_delta_sensor_async.py
[2025-05-01T11:55:55.202+0000] {logging_mixin.py:188} INFO - [2025-05-01T11:55:55.201+0000] {dag.py:3096} INFO - Sync 1 DAGs
[2025-05-01T11:55:55.238+0000] {logging_mixin.py:188} INFO - [2025-05-01T11:55:55.238+0000] {dag.py:3954} INFO - Setting next_dagrun for example_time_delta_sensor_async to None, run_after=None
[2025-05-01T11:55:55.285+0000] {processor.py:183} INFO - Processing /home/airflow/.local/lib/python3.12/site-packages/airflow/example_dags/example_time_delta_sensor_async.py took 0.172 seconds
[2025-05-01T11:56:25.945+0000] {processor.py:161} INFO - Started process (PID=2950) to work on /home/airflow/.local/lib/python3.12/site-packages/airflow/example_dags/example_time_delta_sensor_async.py
[2025-05-01T11:56:25.947+0000] {processor.py:830} INFO - Processing file /home/airflow/.local/lib/python3.12/site-packages/airflow/example_dags/example_time_delta_sensor_async.py for tasks to queue
[2025-05-01T11:56:25.952+0000] {logging_mixin.py:188} INFO - [2025-05-01T11:56:25.951+0000] {dagbag.py:545} INFO - Filling up the DagBag from /home/airflow/.local/lib/python3.12/site-packages/airflow/example_dags/example_time_delta_sensor_async.py
[2025-05-01T11:56:25.960+0000] {processor.py:840} INFO - DAG(s) 'example_time_delta_sensor_async' retrieved from /home/airflow/.local/lib/python3.12/site-packages/airflow/example_dags/example_time_delta_sensor_async.py
[2025-05-01T11:56:26.022+0000] {logging_mixin.py:188} INFO - [2025-05-01T11:56:26.021+0000] {dag.py:3096} INFO - Sync 1 DAGs
[2025-05-01T11:56:26.080+0000] {logging_mixin.py:188} INFO - [2025-05-01T11:56:26.079+0000] {dag.py:3954} INFO - Setting next_dagrun for example_time_delta_sensor_async to None, run_after=None
[2025-05-01T11:56:26.136+0000] {processor.py:183} INFO - Processing /home/airflow/.local/lib/python3.12/site-packages/airflow/example_dags/example_time_delta_sensor_async.py took 0.202 seconds
[2025-05-01T11:56:56.592+0000] {processor.py:161} INFO - Started process (PID=3008) to work on /home/airflow/.local/lib/python3.12/site-packages/airflow/example_dags/example_time_delta_sensor_async.py
[2025-05-01T11:56:56.594+0000] {processor.py:830} INFO - Processing file /home/airflow/.local/lib/python3.12/site-packages/airflow/example_dags/example_time_delta_sensor_async.py for tasks to queue
[2025-05-01T11:56:56.599+0000] {logging_mixin.py:188} INFO - [2025-05-01T11:56:56.598+0000] {dagbag.py:545} INFO - Filling up the DagBag from /home/airflow/.local/lib/python3.12/site-packages/airflow/example_dags/example_time_delta_sensor_async.py
[2025-05-01T11:56:56.609+0000] {processor.py:840} INFO - DAG(s) 'example_time_delta_sensor_async' retrieved from /home/airflow/.local/lib/python3.12/site-packages/airflow/example_dags/example_time_delta_sensor_async.py
[2025-05-01T11:56:56.656+0000] {logging_mixin.py:188} INFO - [2025-05-01T11:56:56.655+0000] {dag.py:3096} INFO - Sync 1 DAGs
[2025-05-01T11:56:56.684+0000] {logging_mixin.py:188} INFO - [2025-05-01T11:56:56.683+0000] {dag.py:3954} INFO - Setting next_dagrun for example_time_delta_sensor_async to None, run_after=None
[2025-05-01T11:56:56.772+0000] {processor.py:183} INFO - Processing /home/airflow/.local/lib/python3.12/site-packages/airflow/example_dags/example_time_delta_sensor_async.py took 0.194 seconds
[2025-05-01T11:57:26.882+0000] {processor.py:161} INFO - Started process (PID=3067) to work on /home/airflow/.local/lib/python3.12/site-packages/airflow/example_dags/example_time_delta_sensor_async.py
[2025-05-01T11:57:26.884+0000] {processor.py:830} INFO - Processing file /home/airflow/.local/lib/python3.12/site-packages/airflow/example_dags/example_time_delta_sensor_async.py for tasks to queue
[2025-05-01T11:57:26.888+0000] {logging_mixin.py:188} INFO - [2025-05-01T11:57:26.887+0000] {dagbag.py:545} INFO - Filling up the DagBag from /home/airflow/.local/lib/python3.12/site-packages/airflow/example_dags/example_time_delta_sensor_async.py
[2025-05-01T11:57:26.896+0000] {processor.py:840} INFO - DAG(s) 'example_time_delta_sensor_async' retrieved from /home/airflow/.local/lib/python3.12/site-packages/airflow/example_dags/example_time_delta_sensor_async.py
[2025-05-01T11:57:26.941+0000] {logging_mixin.py:188} INFO - [2025-05-01T11:57:26.940+0000] {dag.py:3096} INFO - Sync 1 DAGs
[2025-05-01T11:57:26.975+0000] {logging_mixin.py:188} INFO - [2025-05-01T11:57:26.974+0000] {dag.py:3954} INFO - Setting next_dagrun for example_time_delta_sensor_async to None, run_after=None
[2025-05-01T11:57:27.065+0000] {processor.py:183} INFO - Processing /home/airflow/.local/lib/python3.12/site-packages/airflow/example_dags/example_time_delta_sensor_async.py took 0.194 seconds
[2025-05-01T11:57:57.647+0000] {processor.py:161} INFO - Started process (PID=3126) to work on /home/airflow/.local/lib/python3.12/site-packages/airflow/example_dags/example_time_delta_sensor_async.py
[2025-05-01T11:57:57.650+0000] {processor.py:830} INFO - Processing file /home/airflow/.local/lib/python3.12/site-packages/airflow/example_dags/example_time_delta_sensor_async.py for tasks to queue
[2025-05-01T11:57:57.655+0000] {logging_mixin.py:188} INFO - [2025-05-01T11:57:57.654+0000] {dagbag.py:545} INFO - Filling up the DagBag from /home/airflow/.local/lib/python3.12/site-packages/airflow/example_dags/example_time_delta_sensor_async.py
[2025-05-01T11:57:57.668+0000] {processor.py:840} INFO - DAG(s) 'example_time_delta_sensor_async' retrieved from /home/airflow/.local/lib/python3.12/site-packages/airflow/example_dags/example_time_delta_sensor_async.py
[2025-05-01T11:57:57.715+0000] {logging_mixin.py:188} INFO - [2025-05-01T11:57:57.715+0000] {dag.py:3096} INFO - Sync 1 DAGs
[2025-05-01T11:57:57.745+0000] {logging_mixin.py:188} INFO - [2025-05-01T11:57:57.744+0000] {dag.py:3954} INFO - Setting next_dagrun for example_time_delta_sensor_async to None, run_after=None
[2025-05-01T11:57:57.835+0000] {processor.py:183} INFO - Processing /home/airflow/.local/lib/python3.12/site-packages/airflow/example_dags/example_time_delta_sensor_async.py took 0.202 seconds
[2025-05-01T11:58:28.090+0000] {processor.py:161} INFO - Started process (PID=3185) to work on /home/airflow/.local/lib/python3.12/site-packages/airflow/example_dags/example_time_delta_sensor_async.py
[2025-05-01T11:58:28.092+0000] {processor.py:830} INFO - Processing file /home/airflow/.local/lib/python3.12/site-packages/airflow/example_dags/example_time_delta_sensor_async.py for tasks to queue
[2025-05-01T11:58:28.096+0000] {logging_mixin.py:188} INFO - [2025-05-01T11:58:28.096+0000] {dagbag.py:545} INFO - Filling up the DagBag from /home/airflow/.local/lib/python3.12/site-packages/airflow/example_dags/example_time_delta_sensor_async.py
[2025-05-01T11:58:28.106+0000] {processor.py:840} INFO - DAG(s) 'example_time_delta_sensor_async' retrieved from /home/airflow/.local/lib/python3.12/site-packages/airflow/example_dags/example_time_delta_sensor_async.py
[2025-05-01T11:58:28.156+0000] {logging_mixin.py:188} INFO - [2025-05-01T11:58:28.156+0000] {dag.py:3096} INFO - Sync 1 DAGs
[2025-05-01T11:58:28.194+0000] {logging_mixin.py:188} INFO - [2025-05-01T11:58:28.193+0000] {dag.py:3954} INFO - Setting next_dagrun for example_time_delta_sensor_async to None, run_after=None
[2025-05-01T11:58:28.246+0000] {processor.py:183} INFO - Processing /home/airflow/.local/lib/python3.12/site-packages/airflow/example_dags/example_time_delta_sensor_async.py took 0.169 seconds
[2025-05-01T11:58:59.084+0000] {processor.py:161} INFO - Started process (PID=3244) to work on /home/airflow/.local/lib/python3.12/site-packages/airflow/example_dags/example_time_delta_sensor_async.py
[2025-05-01T11:58:59.087+0000] {processor.py:830} INFO - Processing file /home/airflow/.local/lib/python3.12/site-packages/airflow/example_dags/example_time_delta_sensor_async.py for tasks to queue
[2025-05-01T11:58:59.093+0000] {logging_mixin.py:188} INFO - [2025-05-01T11:58:59.092+0000] {dagbag.py:545} INFO - Filling up the DagBag from /home/airflow/.local/lib/python3.12/site-packages/airflow/example_dags/example_time_delta_sensor_async.py
[2025-05-01T11:58:59.105+0000] {processor.py:840} INFO - DAG(s) 'example_time_delta_sensor_async' retrieved from /home/airflow/.local/lib/python3.12/site-packages/airflow/example_dags/example_time_delta_sensor_async.py
[2025-05-01T11:58:59.165+0000] {logging_mixin.py:188} INFO - [2025-05-01T11:58:59.164+0000] {dag.py:3096} INFO - Sync 1 DAGs
[2025-05-01T11:58:59.203+0000] {logging_mixin.py:188} INFO - [2025-05-01T11:58:59.203+0000] {dag.py:3954} INFO - Setting next_dagrun for example_time_delta_sensor_async to None, run_after=None
[2025-05-01T11:58:59.278+0000] {processor.py:183} INFO - Processing /home/airflow/.local/lib/python3.12/site-packages/airflow/example_dags/example_time_delta_sensor_async.py took 0.212 seconds
[2025-05-01T11:59:29.464+0000] {processor.py:161} INFO - Started process (PID=3303) to work on /home/airflow/.local/lib/python3.12/site-packages/airflow/example_dags/example_time_delta_sensor_async.py
[2025-05-01T11:59:29.466+0000] {processor.py:830} INFO - Processing file /home/airflow/.local/lib/python3.12/site-packages/airflow/example_dags/example_time_delta_sensor_async.py for tasks to queue
[2025-05-01T11:59:29.470+0000] {logging_mixin.py:188} INFO - [2025-05-01T11:59:29.470+0000] {dagbag.py:545} INFO - Filling up the DagBag from /home/airflow/.local/lib/python3.12/site-packages/airflow/example_dags/example_time_delta_sensor_async.py
[2025-05-01T11:59:29.479+0000] {processor.py:840} INFO - DAG(s) 'example_time_delta_sensor_async' retrieved from /home/airflow/.local/lib/python3.12/site-packages/airflow/example_dags/example_time_delta_sensor_async.py
[2025-05-01T11:59:29.520+0000] {logging_mixin.py:188} INFO - [2025-05-01T11:59:29.520+0000] {dag.py:3096} INFO - Sync 1 DAGs
[2025-05-01T11:59:29.547+0000] {logging_mixin.py:188} INFO - [2025-05-01T11:59:29.547+0000] {dag.py:3954} INFO - Setting next_dagrun for example_time_delta_sensor_async to None, run_after=None
[2025-05-01T11:59:29.603+0000] {processor.py:183} INFO - Processing /home/airflow/.local/lib/python3.12/site-packages/airflow/example_dags/example_time_delta_sensor_async.py took 0.151 seconds
[2025-05-01T12:00:00.612+0000] {processor.py:161} INFO - Started process (PID=3363) to work on /home/airflow/.local/lib/python3.12/site-packages/airflow/example_dags/example_time_delta_sensor_async.py
[2025-05-01T12:00:00.614+0000] {processor.py:830} INFO - Processing file /home/airflow/.local/lib/python3.12/site-packages/airflow/example_dags/example_time_delta_sensor_async.py for tasks to queue
[2025-05-01T12:00:00.618+0000] {logging_mixin.py:188} INFO - [2025-05-01T12:00:00.618+0000] {dagbag.py:545} INFO - Filling up the DagBag from /home/airflow/.local/lib/python3.12/site-packages/airflow/example_dags/example_time_delta_sensor_async.py
[2025-05-01T12:00:00.629+0000] {processor.py:840} INFO - DAG(s) 'example_time_delta_sensor_async' retrieved from /home/airflow/.local/lib/python3.12/site-packages/airflow/example_dags/example_time_delta_sensor_async.py
[2025-05-01T12:00:00.673+0000] {logging_mixin.py:188} INFO - [2025-05-01T12:00:00.672+0000] {dag.py:3096} INFO - Sync 1 DAGs
[2025-05-01T12:00:00.706+0000] {logging_mixin.py:188} INFO - [2025-05-01T12:00:00.705+0000] {dag.py:3954} INFO - Setting next_dagrun for example_time_delta_sensor_async to None, run_after=None
[2025-05-01T12:00:00.800+0000] {processor.py:183} INFO - Processing /home/airflow/.local/lib/python3.12/site-packages/airflow/example_dags/example_time_delta_sensor_async.py took 0.201 seconds
[2025-05-01T12:00:31.463+0000] {processor.py:161} INFO - Started process (PID=3421) to work on /home/airflow/.local/lib/python3.12/site-packages/airflow/example_dags/example_time_delta_sensor_async.py
[2025-05-01T12:00:31.465+0000] {processor.py:830} INFO - Processing file /home/airflow/.local/lib/python3.12/site-packages/airflow/example_dags/example_time_delta_sensor_async.py for tasks to queue
[2025-05-01T12:00:31.469+0000] {logging_mixin.py:188} INFO - [2025-05-01T12:00:31.469+0000] {dagbag.py:545} INFO - Filling up the DagBag from /home/airflow/.local/lib/python3.12/site-packages/airflow/example_dags/example_time_delta_sensor_async.py
[2025-05-01T12:00:31.478+0000] {processor.py:840} INFO - DAG(s) 'example_time_delta_sensor_async' retrieved from /home/airflow/.local/lib/python3.12/site-packages/airflow/example_dags/example_time_delta_sensor_async.py
[2025-05-01T12:00:31.532+0000] {logging_mixin.py:188} INFO - [2025-05-01T12:00:31.531+0000] {dag.py:3096} INFO - Sync 1 DAGs
[2025-05-01T12:00:31.564+0000] {logging_mixin.py:188} INFO - [2025-05-01T12:00:31.563+0000] {dag.py:3954} INFO - Setting next_dagrun for example_time_delta_sensor_async to None, run_after=None
[2025-05-01T12:00:31.649+0000] {processor.py:183} INFO - Processing /home/airflow/.local/lib/python3.12/site-packages/airflow/example_dags/example_time_delta_sensor_async.py took 0.199 seconds
[2025-05-01T12:01:02.226+0000] {processor.py:161} INFO - Started process (PID=3479) to work on /home/airflow/.local/lib/python3.12/site-packages/airflow/example_dags/example_time_delta_sensor_async.py
[2025-05-01T12:01:02.228+0000] {processor.py:830} INFO - Processing file /home/airflow/.local/lib/python3.12/site-packages/airflow/example_dags/example_time_delta_sensor_async.py for tasks to queue
[2025-05-01T12:01:02.232+0000] {logging_mixin.py:188} INFO - [2025-05-01T12:01:02.232+0000] {dagbag.py:545} INFO - Filling up the DagBag from /home/airflow/.local/lib/python3.12/site-packages/airflow/example_dags/example_time_delta_sensor_async.py
[2025-05-01T12:01:02.244+0000] {processor.py:840} INFO - DAG(s) 'example_time_delta_sensor_async' retrieved from /home/airflow/.local/lib/python3.12/site-packages/airflow/example_dags/example_time_delta_sensor_async.py
[2025-05-01T12:01:02.333+0000] {logging_mixin.py:188} INFO - [2025-05-01T12:01:02.332+0000] {dag.py:3096} INFO - Sync 1 DAGs
[2025-05-01T12:01:02.415+0000] {logging_mixin.py:188} INFO - [2025-05-01T12:01:02.415+0000] {dag.py:3954} INFO - Setting next_dagrun for example_time_delta_sensor_async to None, run_after=None
[2025-05-01T12:01:02.469+0000] {processor.py:183} INFO - Processing /home/airflow/.local/lib/python3.12/site-packages/airflow/example_dags/example_time_delta_sensor_async.py took 0.255 seconds
[2025-05-01T12:01:33.548+0000] {processor.py:161} INFO - Started process (PID=3545) to work on /home/airflow/.local/lib/python3.12/site-packages/airflow/example_dags/example_time_delta_sensor_async.py
[2025-05-01T12:01:33.551+0000] {processor.py:830} INFO - Processing file /home/airflow/.local/lib/python3.12/site-packages/airflow/example_dags/example_time_delta_sensor_async.py for tasks to queue
[2025-05-01T12:01:33.555+0000] {logging_mixin.py:188} INFO - [2025-05-01T12:01:33.554+0000] {dagbag.py:545} INFO - Filling up the DagBag from /home/airflow/.local/lib/python3.12/site-packages/airflow/example_dags/example_time_delta_sensor_async.py
[2025-05-01T12:01:33.564+0000] {processor.py:840} INFO - DAG(s) 'example_time_delta_sensor_async' retrieved from /home/airflow/.local/lib/python3.12/site-packages/airflow/example_dags/example_time_delta_sensor_async.py
[2025-05-01T12:01:33.608+0000] {logging_mixin.py:188} INFO - [2025-05-01T12:01:33.608+0000] {dag.py:3096} INFO - Sync 1 DAGs
[2025-05-01T12:01:33.641+0000] {logging_mixin.py:188} INFO - [2025-05-01T12:01:33.641+0000] {dag.py:3954} INFO - Setting next_dagrun for example_time_delta_sensor_async to None, run_after=None
[2025-05-01T12:01:33.717+0000] {processor.py:183} INFO - Processing /home/airflow/.local/lib/python3.12/site-packages/airflow/example_dags/example_time_delta_sensor_async.py took 0.182 seconds
[2025-05-01T12:02:04.228+0000] {processor.py:161} INFO - Started process (PID=3604) to work on /home/airflow/.local/lib/python3.12/site-packages/airflow/example_dags/example_time_delta_sensor_async.py
[2025-05-01T12:02:04.230+0000] {processor.py:830} INFO - Processing file /home/airflow/.local/lib/python3.12/site-packages/airflow/example_dags/example_time_delta_sensor_async.py for tasks to queue
[2025-05-01T12:02:04.234+0000] {logging_mixin.py:188} INFO - [2025-05-01T12:02:04.234+0000] {dagbag.py:545} INFO - Filling up the DagBag from /home/airflow/.local/lib/python3.12/site-packages/airflow/example_dags/example_time_delta_sensor_async.py
[2025-05-01T12:02:04.244+0000] {processor.py:840} INFO - DAG(s) 'example_time_delta_sensor_async' retrieved from /home/airflow/.local/lib/python3.12/site-packages/airflow/example_dags/example_time_delta_sensor_async.py
[2025-05-01T12:02:04.289+0000] {logging_mixin.py:188} INFO - [2025-05-01T12:02:04.288+0000] {dag.py:3096} INFO - Sync 1 DAGs
[2025-05-01T12:02:04.319+0000] {logging_mixin.py:188} INFO - [2025-05-01T12:02:04.319+0000] {dag.py:3954} INFO - Setting next_dagrun for example_time_delta_sensor_async to None, run_after=None
[2025-05-01T12:02:04.365+0000] {processor.py:183} INFO - Processing /home/airflow/.local/lib/python3.12/site-packages/airflow/example_dags/example_time_delta_sensor_async.py took 0.149 seconds
[2025-05-01T12:02:34.928+0000] {processor.py:161} INFO - Started process (PID=3663) to work on /home/airflow/.local/lib/python3.12/site-packages/airflow/example_dags/example_time_delta_sensor_async.py
[2025-05-01T12:02:34.931+0000] {processor.py:830} INFO - Processing file /home/airflow/.local/lib/python3.12/site-packages/airflow/example_dags/example_time_delta_sensor_async.py for tasks to queue
[2025-05-01T12:02:34.935+0000] {logging_mixin.py:188} INFO - [2025-05-01T12:02:34.934+0000] {dagbag.py:545} INFO - Filling up the DagBag from /home/airflow/.local/lib/python3.12/site-packages/airflow/example_dags/example_time_delta_sensor_async.py
[2025-05-01T12:02:34.944+0000] {processor.py:840} INFO - DAG(s) 'example_time_delta_sensor_async' retrieved from /home/airflow/.local/lib/python3.12/site-packages/airflow/example_dags/example_time_delta_sensor_async.py
[2025-05-01T12:02:34.987+0000] {logging_mixin.py:188} INFO - [2025-05-01T12:02:34.986+0000] {dag.py:3096} INFO - Sync 1 DAGs
[2025-05-01T12:02:35.019+0000] {logging_mixin.py:188} INFO - [2025-05-01T12:02:35.018+0000] {dag.py:3954} INFO - Setting next_dagrun for example_time_delta_sensor_async to None, run_after=None
[2025-05-01T12:02:35.066+0000] {processor.py:183} INFO - Processing /home/airflow/.local/lib/python3.12/site-packages/airflow/example_dags/example_time_delta_sensor_async.py took 0.149 seconds
[2025-05-01T12:03:05.991+0000] {processor.py:161} INFO - Started process (PID=3721) to work on /home/airflow/.local/lib/python3.12/site-packages/airflow/example_dags/example_time_delta_sensor_async.py
[2025-05-01T12:03:05.993+0000] {processor.py:830} INFO - Processing file /home/airflow/.local/lib/python3.12/site-packages/airflow/example_dags/example_time_delta_sensor_async.py for tasks to queue
[2025-05-01T12:03:05.998+0000] {logging_mixin.py:188} INFO - [2025-05-01T12:03:05.997+0000] {dagbag.py:545} INFO - Filling up the DagBag from /home/airflow/.local/lib/python3.12/site-packages/airflow/example_dags/example_time_delta_sensor_async.py
[2025-05-01T12:03:06.012+0000] {processor.py:840} INFO - DAG(s) 'example_time_delta_sensor_async' retrieved from /home/airflow/.local/lib/python3.12/site-packages/airflow/example_dags/example_time_delta_sensor_async.py
[2025-05-01T12:03:06.064+0000] {logging_mixin.py:188} INFO - [2025-05-01T12:03:06.064+0000] {dag.py:3096} INFO - Sync 1 DAGs
[2025-05-01T12:03:06.104+0000] {logging_mixin.py:188} INFO - [2025-05-01T12:03:06.103+0000] {dag.py:3954} INFO - Setting next_dagrun for example_time_delta_sensor_async to None, run_after=None
[2025-05-01T12:03:06.159+0000] {processor.py:183} INFO - Processing /home/airflow/.local/lib/python3.12/site-packages/airflow/example_dags/example_time_delta_sensor_async.py took 0.181 seconds
[2025-05-01T12:03:36.928+0000] {processor.py:161} INFO - Started process (PID=3780) to work on /home/airflow/.local/lib/python3.12/site-packages/airflow/example_dags/example_time_delta_sensor_async.py
[2025-05-01T12:03:36.931+0000] {processor.py:830} INFO - Processing file /home/airflow/.local/lib/python3.12/site-packages/airflow/example_dags/example_time_delta_sensor_async.py for tasks to queue
[2025-05-01T12:03:36.936+0000] {logging_mixin.py:188} INFO - [2025-05-01T12:03:36.935+0000] {dagbag.py:545} INFO - Filling up the DagBag from /home/airflow/.local/lib/python3.12/site-packages/airflow/example_dags/example_time_delta_sensor_async.py
[2025-05-01T12:03:36.948+0000] {processor.py:840} INFO - DAG(s) 'example_time_delta_sensor_async' retrieved from /home/airflow/.local/lib/python3.12/site-packages/airflow/example_dags/example_time_delta_sensor_async.py
[2025-05-01T12:03:36.998+0000] {logging_mixin.py:188} INFO - [2025-05-01T12:03:36.997+0000] {dag.py:3096} INFO - Sync 1 DAGs
[2025-05-01T12:03:37.035+0000] {logging_mixin.py:188} INFO - [2025-05-01T12:03:37.035+0000] {dag.py:3954} INFO - Setting next_dagrun for example_time_delta_sensor_async to None, run_after=None
[2025-05-01T12:03:37.086+0000] {processor.py:183} INFO - Processing /home/airflow/.local/lib/python3.12/site-packages/airflow/example_dags/example_time_delta_sensor_async.py took 0.173 seconds
[2025-05-01T12:04:07.710+0000] {processor.py:161} INFO - Started process (PID=3839) to work on /home/airflow/.local/lib/python3.12/site-packages/airflow/example_dags/example_time_delta_sensor_async.py
[2025-05-01T12:04:07.712+0000] {processor.py:830} INFO - Processing file /home/airflow/.local/lib/python3.12/site-packages/airflow/example_dags/example_time_delta_sensor_async.py for tasks to queue
[2025-05-01T12:04:07.716+0000] {logging_mixin.py:188} INFO - [2025-05-01T12:04:07.715+0000] {dagbag.py:545} INFO - Filling up the DagBag from /home/airflow/.local/lib/python3.12/site-packages/airflow/example_dags/example_time_delta_sensor_async.py
[2025-05-01T12:04:07.728+0000] {processor.py:840} INFO - DAG(s) 'example_time_delta_sensor_async' retrieved from /home/airflow/.local/lib/python3.12/site-packages/airflow/example_dags/example_time_delta_sensor_async.py
[2025-05-01T12:04:07.778+0000] {logging_mixin.py:188} INFO - [2025-05-01T12:04:07.777+0000] {dag.py:3096} INFO - Sync 1 DAGs
[2025-05-01T12:04:07.812+0000] {logging_mixin.py:188} INFO - [2025-05-01T12:04:07.812+0000] {dag.py:3954} INFO - Setting next_dagrun for example_time_delta_sensor_async to None, run_after=None
[2025-05-01T12:04:07.863+0000] {processor.py:183} INFO - Processing /home/airflow/.local/lib/python3.12/site-packages/airflow/example_dags/example_time_delta_sensor_async.py took 0.168 seconds
[2025-05-01T12:04:38.889+0000] {processor.py:161} INFO - Started process (PID=3896) to work on /home/airflow/.local/lib/python3.12/site-packages/airflow/example_dags/example_time_delta_sensor_async.py
[2025-05-01T12:04:38.892+0000] {processor.py:830} INFO - Processing file /home/airflow/.local/lib/python3.12/site-packages/airflow/example_dags/example_time_delta_sensor_async.py for tasks to queue
[2025-05-01T12:04:38.897+0000] {logging_mixin.py:188} INFO - [2025-05-01T12:04:38.896+0000] {dagbag.py:545} INFO - Filling up the DagBag from /home/airflow/.local/lib/python3.12/site-packages/airflow/example_dags/example_time_delta_sensor_async.py
[2025-05-01T12:04:38.908+0000] {processor.py:840} INFO - DAG(s) 'example_time_delta_sensor_async' retrieved from /home/airflow/.local/lib/python3.12/site-packages/airflow/example_dags/example_time_delta_sensor_async.py
[2025-05-01T12:04:38.969+0000] {logging_mixin.py:188} INFO - [2025-05-01T12:04:38.968+0000] {dag.py:3096} INFO - Sync 1 DAGs
[2025-05-01T12:04:39.011+0000] {logging_mixin.py:188} INFO - [2025-05-01T12:04:39.010+0000] {dag.py:3954} INFO - Setting next_dagrun for example_time_delta_sensor_async to None, run_after=None
[2025-05-01T12:04:39.072+0000] {processor.py:183} INFO - Processing /home/airflow/.local/lib/python3.12/site-packages/airflow/example_dags/example_time_delta_sensor_async.py took 0.200 seconds
[2025-05-01T12:05:09.513+0000] {processor.py:161} INFO - Started process (PID=3955) to work on /home/airflow/.local/lib/python3.12/site-packages/airflow/example_dags/example_time_delta_sensor_async.py
[2025-05-01T12:05:09.516+0000] {processor.py:830} INFO - Processing file /home/airflow/.local/lib/python3.12/site-packages/airflow/example_dags/example_time_delta_sensor_async.py for tasks to queue
[2025-05-01T12:05:09.522+0000] {logging_mixin.py:188} INFO - [2025-05-01T12:05:09.521+0000] {dagbag.py:545} INFO - Filling up the DagBag from /home/airflow/.local/lib/python3.12/site-packages/airflow/example_dags/example_time_delta_sensor_async.py
[2025-05-01T12:05:09.534+0000] {processor.py:840} INFO - DAG(s) 'example_time_delta_sensor_async' retrieved from /home/airflow/.local/lib/python3.12/site-packages/airflow/example_dags/example_time_delta_sensor_async.py
[2025-05-01T12:05:09.607+0000] {logging_mixin.py:188} INFO - [2025-05-01T12:05:09.607+0000] {dag.py:3096} INFO - Sync 1 DAGs
[2025-05-01T12:05:09.638+0000] {logging_mixin.py:188} INFO - [2025-05-01T12:05:09.637+0000] {dag.py:3954} INFO - Setting next_dagrun for example_time_delta_sensor_async to None, run_after=None
[2025-05-01T12:05:09.694+0000] {processor.py:183} INFO - Processing /home/airflow/.local/lib/python3.12/site-packages/airflow/example_dags/example_time_delta_sensor_async.py took 0.194 seconds
[2025-05-01T12:05:40.174+0000] {processor.py:161} INFO - Started process (PID=4015) to work on /home/airflow/.local/lib/python3.12/site-packages/airflow/example_dags/example_time_delta_sensor_async.py
[2025-05-01T12:05:40.176+0000] {processor.py:830} INFO - Processing file /home/airflow/.local/lib/python3.12/site-packages/airflow/example_dags/example_time_delta_sensor_async.py for tasks to queue
[2025-05-01T12:05:40.182+0000] {logging_mixin.py:188} INFO - [2025-05-01T12:05:40.181+0000] {dagbag.py:545} INFO - Filling up the DagBag from /home/airflow/.local/lib/python3.12/site-packages/airflow/example_dags/example_time_delta_sensor_async.py
[2025-05-01T12:05:40.192+0000] {processor.py:840} INFO - DAG(s) 'example_time_delta_sensor_async' retrieved from /home/airflow/.local/lib/python3.12/site-packages/airflow/example_dags/example_time_delta_sensor_async.py
[2025-05-01T12:05:40.243+0000] {logging_mixin.py:188} INFO - [2025-05-01T12:05:40.243+0000] {dag.py:3096} INFO - Sync 1 DAGs
[2025-05-01T12:05:40.274+0000] {logging_mixin.py:188} INFO - [2025-05-01T12:05:40.273+0000] {dag.py:3954} INFO - Setting next_dagrun for example_time_delta_sensor_async to None, run_after=None
[2025-05-01T12:05:40.328+0000] {processor.py:183} INFO - Processing /home/airflow/.local/lib/python3.12/site-packages/airflow/example_dags/example_time_delta_sensor_async.py took 0.167 seconds
[2025-05-01T12:06:11.226+0000] {processor.py:161} INFO - Started process (PID=4074) to work on /home/airflow/.local/lib/python3.12/site-packages/airflow/example_dags/example_time_delta_sensor_async.py
[2025-05-01T12:06:11.228+0000] {processor.py:830} INFO - Processing file /home/airflow/.local/lib/python3.12/site-packages/airflow/example_dags/example_time_delta_sensor_async.py for tasks to queue
[2025-05-01T12:06:11.233+0000] {logging_mixin.py:188} INFO - [2025-05-01T12:06:11.231+0000] {dagbag.py:545} INFO - Filling up the DagBag from /home/airflow/.local/lib/python3.12/site-packages/airflow/example_dags/example_time_delta_sensor_async.py
[2025-05-01T12:06:11.243+0000] {processor.py:840} INFO - DAG(s) 'example_time_delta_sensor_async' retrieved from /home/airflow/.local/lib/python3.12/site-packages/airflow/example_dags/example_time_delta_sensor_async.py
[2025-05-01T12:06:11.284+0000] {logging_mixin.py:188} INFO - [2025-05-01T12:06:11.283+0000] {dag.py:3096} INFO - Sync 1 DAGs
[2025-05-01T12:06:11.312+0000] {logging_mixin.py:188} INFO - [2025-05-01T12:06:11.311+0000] {dag.py:3954} INFO - Setting next_dagrun for example_time_delta_sensor_async to None, run_after=None
[2025-05-01T12:06:11.387+0000] {processor.py:183} INFO - Processing /home/airflow/.local/lib/python3.12/site-packages/airflow/example_dags/example_time_delta_sensor_async.py took 0.173 seconds
[2025-05-01T12:06:41.519+0000] {processor.py:161} INFO - Started process (PID=4134) to work on /home/airflow/.local/lib/python3.12/site-packages/airflow/example_dags/example_time_delta_sensor_async.py
[2025-05-01T12:06:41.522+0000] {processor.py:830} INFO - Processing file /home/airflow/.local/lib/python3.12/site-packages/airflow/example_dags/example_time_delta_sensor_async.py for tasks to queue
[2025-05-01T12:06:41.526+0000] {logging_mixin.py:188} INFO - [2025-05-01T12:06:41.526+0000] {dagbag.py:545} INFO - Filling up the DagBag from /home/airflow/.local/lib/python3.12/site-packages/airflow/example_dags/example_time_delta_sensor_async.py
[2025-05-01T12:06:41.540+0000] {processor.py:840} INFO - DAG(s) 'example_time_delta_sensor_async' retrieved from /home/airflow/.local/lib/python3.12/site-packages/airflow/example_dags/example_time_delta_sensor_async.py
[2025-05-01T12:06:41.594+0000] {logging_mixin.py:188} INFO - [2025-05-01T12:06:41.594+0000] {dag.py:3096} INFO - Sync 1 DAGs
[2025-05-01T12:06:41.623+0000] {logging_mixin.py:188} INFO - [2025-05-01T12:06:41.623+0000] {dag.py:3954} INFO - Setting next_dagrun for example_time_delta_sensor_async to None, run_after=None
[2025-05-01T12:06:41.680+0000] {processor.py:183} INFO - Processing /home/airflow/.local/lib/python3.12/site-packages/airflow/example_dags/example_time_delta_sensor_async.py took 0.177 seconds
[2025-05-01T12:07:12.170+0000] {processor.py:161} INFO - Started process (PID=4193) to work on /home/airflow/.local/lib/python3.12/site-packages/airflow/example_dags/example_time_delta_sensor_async.py
[2025-05-01T12:07:12.173+0000] {processor.py:830} INFO - Processing file /home/airflow/.local/lib/python3.12/site-packages/airflow/example_dags/example_time_delta_sensor_async.py for tasks to queue
[2025-05-01T12:07:12.179+0000] {logging_mixin.py:188} INFO - [2025-05-01T12:07:12.178+0000] {dagbag.py:545} INFO - Filling up the DagBag from /home/airflow/.local/lib/python3.12/site-packages/airflow/example_dags/example_time_delta_sensor_async.py
[2025-05-01T12:07:12.192+0000] {processor.py:840} INFO - DAG(s) 'example_time_delta_sensor_async' retrieved from /home/airflow/.local/lib/python3.12/site-packages/airflow/example_dags/example_time_delta_sensor_async.py
[2025-05-01T12:07:12.237+0000] {logging_mixin.py:188} INFO - [2025-05-01T12:07:12.236+0000] {dag.py:3096} INFO - Sync 1 DAGs
[2025-05-01T12:07:12.266+0000] {logging_mixin.py:188} INFO - [2025-05-01T12:07:12.266+0000] {dag.py:3954} INFO - Setting next_dagrun for example_time_delta_sensor_async to None, run_after=None
[2025-05-01T12:07:12.314+0000] {processor.py:183} INFO - Processing /home/airflow/.local/lib/python3.12/site-packages/airflow/example_dags/example_time_delta_sensor_async.py took 0.156 seconds
[2025-05-01T12:07:42.647+0000] {processor.py:161} INFO - Started process (PID=4252) to work on /home/airflow/.local/lib/python3.12/site-packages/airflow/example_dags/example_time_delta_sensor_async.py
[2025-05-01T12:07:42.649+0000] {processor.py:830} INFO - Processing file /home/airflow/.local/lib/python3.12/site-packages/airflow/example_dags/example_time_delta_sensor_async.py for tasks to queue
[2025-05-01T12:07:42.653+0000] {logging_mixin.py:188} INFO - [2025-05-01T12:07:42.652+0000] {dagbag.py:545} INFO - Filling up the DagBag from /home/airflow/.local/lib/python3.12/site-packages/airflow/example_dags/example_time_delta_sensor_async.py
[2025-05-01T12:07:42.662+0000] {processor.py:840} INFO - DAG(s) 'example_time_delta_sensor_async' retrieved from /home/airflow/.local/lib/python3.12/site-packages/airflow/example_dags/example_time_delta_sensor_async.py
[2025-05-01T12:07:42.708+0000] {logging_mixin.py:188} INFO - [2025-05-01T12:07:42.708+0000] {dag.py:3096} INFO - Sync 1 DAGs
[2025-05-01T12:07:42.742+0000] {logging_mixin.py:188} INFO - [2025-05-01T12:07:42.742+0000] {dag.py:3954} INFO - Setting next_dagrun for example_time_delta_sensor_async to None, run_after=None
[2025-05-01T12:07:42.797+0000] {processor.py:183} INFO - Processing /home/airflow/.local/lib/python3.12/site-packages/airflow/example_dags/example_time_delta_sensor_async.py took 0.165 seconds
[2025-05-01T12:08:13.508+0000] {processor.py:161} INFO - Started process (PID=4311) to work on /home/airflow/.local/lib/python3.12/site-packages/airflow/example_dags/example_time_delta_sensor_async.py
[2025-05-01T12:08:13.511+0000] {processor.py:830} INFO - Processing file /home/airflow/.local/lib/python3.12/site-packages/airflow/example_dags/example_time_delta_sensor_async.py for tasks to queue
[2025-05-01T12:08:13.517+0000] {logging_mixin.py:188} INFO - [2025-05-01T12:08:13.516+0000] {dagbag.py:545} INFO - Filling up the DagBag from /home/airflow/.local/lib/python3.12/site-packages/airflow/example_dags/example_time_delta_sensor_async.py
[2025-05-01T12:08:13.528+0000] {processor.py:840} INFO - DAG(s) 'example_time_delta_sensor_async' retrieved from /home/airflow/.local/lib/python3.12/site-packages/airflow/example_dags/example_time_delta_sensor_async.py
[2025-05-01T12:08:13.571+0000] {logging_mixin.py:188} INFO - [2025-05-01T12:08:13.571+0000] {dag.py:3096} INFO - Sync 1 DAGs
[2025-05-01T12:08:13.599+0000] {logging_mixin.py:188} INFO - [2025-05-01T12:08:13.598+0000] {dag.py:3954} INFO - Setting next_dagrun for example_time_delta_sensor_async to None, run_after=None
[2025-05-01T12:08:13.680+0000] {processor.py:183} INFO - Processing /home/airflow/.local/lib/python3.12/site-packages/airflow/example_dags/example_time_delta_sensor_async.py took 0.185 seconds
[2025-05-01T12:08:44.798+0000] {processor.py:161} INFO - Started process (PID=4370) to work on /home/airflow/.local/lib/python3.12/site-packages/airflow/example_dags/example_time_delta_sensor_async.py
[2025-05-01T12:08:44.800+0000] {processor.py:830} INFO - Processing file /home/airflow/.local/lib/python3.12/site-packages/airflow/example_dags/example_time_delta_sensor_async.py for tasks to queue
[2025-05-01T12:08:44.805+0000] {logging_mixin.py:188} INFO - [2025-05-01T12:08:44.804+0000] {dagbag.py:545} INFO - Filling up the DagBag from /home/airflow/.local/lib/python3.12/site-packages/airflow/example_dags/example_time_delta_sensor_async.py
[2025-05-01T12:08:44.815+0000] {processor.py:840} INFO - DAG(s) 'example_time_delta_sensor_async' retrieved from /home/airflow/.local/lib/python3.12/site-packages/airflow/example_dags/example_time_delta_sensor_async.py
[2025-05-01T12:08:44.862+0000] {logging_mixin.py:188} INFO - [2025-05-01T12:08:44.861+0000] {dag.py:3096} INFO - Sync 1 DAGs
[2025-05-01T12:08:44.900+0000] {logging_mixin.py:188} INFO - [2025-05-01T12:08:44.899+0000] {dag.py:3954} INFO - Setting next_dagrun for example_time_delta_sensor_async to None, run_after=None
[2025-05-01T12:08:45.000+0000] {processor.py:183} INFO - Processing /home/airflow/.local/lib/python3.12/site-packages/airflow/example_dags/example_time_delta_sensor_async.py took 0.216 seconds
[2025-05-01T12:09:15.307+0000] {processor.py:161} INFO - Started process (PID=4430) to work on /home/airflow/.local/lib/python3.12/site-packages/airflow/example_dags/example_time_delta_sensor_async.py
[2025-05-01T12:09:15.310+0000] {processor.py:830} INFO - Processing file /home/airflow/.local/lib/python3.12/site-packages/airflow/example_dags/example_time_delta_sensor_async.py for tasks to queue
[2025-05-01T12:09:15.314+0000] {logging_mixin.py:188} INFO - [2025-05-01T12:09:15.314+0000] {dagbag.py:545} INFO - Filling up the DagBag from /home/airflow/.local/lib/python3.12/site-packages/airflow/example_dags/example_time_delta_sensor_async.py
[2025-05-01T12:09:15.323+0000] {processor.py:840} INFO - DAG(s) 'example_time_delta_sensor_async' retrieved from /home/airflow/.local/lib/python3.12/site-packages/airflow/example_dags/example_time_delta_sensor_async.py
[2025-05-01T12:09:15.368+0000] {logging_mixin.py:188} INFO - [2025-05-01T12:09:15.367+0000] {dag.py:3096} INFO - Sync 1 DAGs
[2025-05-01T12:09:15.399+0000] {logging_mixin.py:188} INFO - [2025-05-01T12:09:15.398+0000] {dag.py:3954} INFO - Setting next_dagrun for example_time_delta_sensor_async to None, run_after=None
[2025-05-01T12:09:15.450+0000] {processor.py:183} INFO - Processing /home/airflow/.local/lib/python3.12/site-packages/airflow/example_dags/example_time_delta_sensor_async.py took 0.154 seconds
[2025-05-01T12:09:46.477+0000] {processor.py:161} INFO - Started process (PID=4489) to work on /home/airflow/.local/lib/python3.12/site-packages/airflow/example_dags/example_time_delta_sensor_async.py
[2025-05-01T12:09:46.479+0000] {processor.py:830} INFO - Processing file /home/airflow/.local/lib/python3.12/site-packages/airflow/example_dags/example_time_delta_sensor_async.py for tasks to queue
[2025-05-01T12:09:46.483+0000] {logging_mixin.py:188} INFO - [2025-05-01T12:09:46.482+0000] {dagbag.py:545} INFO - Filling up the DagBag from /home/airflow/.local/lib/python3.12/site-packages/airflow/example_dags/example_time_delta_sensor_async.py
[2025-05-01T12:09:46.492+0000] {processor.py:840} INFO - DAG(s) 'example_time_delta_sensor_async' retrieved from /home/airflow/.local/lib/python3.12/site-packages/airflow/example_dags/example_time_delta_sensor_async.py
[2025-05-01T12:09:46.539+0000] {logging_mixin.py:188} INFO - [2025-05-01T12:09:46.538+0000] {dag.py:3096} INFO - Sync 1 DAGs
[2025-05-01T12:09:46.586+0000] {logging_mixin.py:188} INFO - [2025-05-01T12:09:46.585+0000] {dag.py:3954} INFO - Setting next_dagrun for example_time_delta_sensor_async to None, run_after=None
[2025-05-01T12:09:46.637+0000] {processor.py:183} INFO - Processing /home/airflow/.local/lib/python3.12/site-packages/airflow/example_dags/example_time_delta_sensor_async.py took 0.171 seconds
