[2025-05-01T10:49:56.153+0000] {processor.py:161} INFO - Started process (PID=112) to work on /home/airflow/.local/lib/python3.12/site-packages/airflow/example_dags/example_sensor_decorator.py
[2025-05-01T10:49:56.155+0000] {processor.py:830} INFO - Processing file /home/airflow/.local/lib/python3.12/site-packages/airflow/example_dags/example_sensor_decorator.py for tasks to queue
[2025-05-01T10:49:56.157+0000] {logging_mixin.py:188} INFO - [2025-05-01T10:49:56.157+0000] {dagbag.py:545} INFO - Filling up the DagBag from /home/airflow/.local/lib/python3.12/site-packages/airflow/example_dags/example_sensor_decorator.py
[2025-05-01T10:49:56.164+0000] {processor.py:840} INFO - DAG(s) 'example_sensor_decorator' retrieved from /home/airflow/.local/lib/python3.12/site-packages/airflow/example_dags/example_sensor_decorator.py
[2025-05-01T10:49:56.278+0000] {logging_mixin.py:188} INFO - [2025-05-01T10:49:56.278+0000] {dag.py:3096} INFO - Sync 1 DAGs
[2025-05-01T10:49:56.290+0000] {logging_mixin.py:188} INFO - [2025-05-01T10:49:56.290+0000] {dag.py:3954} INFO - Setting next_dagrun for example_sensor_decorator to None, run_after=None
[2025-05-01T10:49:56.314+0000] {processor.py:183} INFO - Processing /home/airflow/.local/lib/python3.12/site-packages/airflow/example_dags/example_sensor_decorator.py took 0.166 seconds
[2025-05-01T10:50:27.205+0000] {processor.py:161} INFO - Started process (PID=170) to work on /home/airflow/.local/lib/python3.12/site-packages/airflow/example_dags/example_sensor_decorator.py
[2025-05-01T10:50:27.207+0000] {processor.py:830} INFO - Processing file /home/airflow/.local/lib/python3.12/site-packages/airflow/example_dags/example_sensor_decorator.py for tasks to queue
[2025-05-01T10:50:27.210+0000] {logging_mixin.py:188} INFO - [2025-05-01T10:50:27.210+0000] {dagbag.py:545} INFO - Filling up the DagBag from /home/airflow/.local/lib/python3.12/site-packages/airflow/example_dags/example_sensor_decorator.py
[2025-05-01T10:50:27.223+0000] {processor.py:840} INFO - DAG(s) 'example_sensor_decorator' retrieved from /home/airflow/.local/lib/python3.12/site-packages/airflow/example_dags/example_sensor_decorator.py
[2025-05-01T10:50:27.252+0000] {logging_mixin.py:188} INFO - [2025-05-01T10:50:27.251+0000] {dag.py:3096} INFO - Sync 1 DAGs
[2025-05-01T10:50:27.268+0000] {logging_mixin.py:188} INFO - [2025-05-01T10:50:27.267+0000] {dag.py:3954} INFO - Setting next_dagrun for example_sensor_decorator to None, run_after=None
[2025-05-01T10:50:27.297+0000] {processor.py:183} INFO - Processing /home/airflow/.local/lib/python3.12/site-packages/airflow/example_dags/example_sensor_decorator.py took 0.101 seconds
[2025-05-01T10:51:55.832+0000] {processor.py:161} INFO - Started process (PID=118) to work on /home/airflow/.local/lib/python3.12/site-packages/airflow/example_dags/example_sensor_decorator.py
[2025-05-01T10:51:55.834+0000] {processor.py:830} INFO - Processing file /home/airflow/.local/lib/python3.12/site-packages/airflow/example_dags/example_sensor_decorator.py for tasks to queue
[2025-05-01T10:51:55.836+0000] {logging_mixin.py:188} INFO - [2025-05-01T10:51:55.836+0000] {dagbag.py:545} INFO - Filling up the DagBag from /home/airflow/.local/lib/python3.12/site-packages/airflow/example_dags/example_sensor_decorator.py
[2025-05-01T10:51:55.844+0000] {processor.py:840} INFO - DAG(s) 'example_sensor_decorator' retrieved from /home/airflow/.local/lib/python3.12/site-packages/airflow/example_dags/example_sensor_decorator.py
[2025-05-01T10:51:55.982+0000] {logging_mixin.py:188} INFO - [2025-05-01T10:51:55.981+0000] {dag.py:3096} INFO - Sync 1 DAGs
[2025-05-01T10:51:55.997+0000] {logging_mixin.py:188} INFO - [2025-05-01T10:51:55.997+0000] {dag.py:3954} INFO - Setting next_dagrun for example_sensor_decorator to None, run_after=None
[2025-05-01T10:51:56.028+0000] {processor.py:183} INFO - Processing /home/airflow/.local/lib/python3.12/site-packages/airflow/example_dags/example_sensor_decorator.py took 0.202 seconds
[2025-05-01T10:52:26.341+0000] {processor.py:161} INFO - Started process (PID=176) to work on /home/airflow/.local/lib/python3.12/site-packages/airflow/example_dags/example_sensor_decorator.py
[2025-05-01T10:52:26.343+0000] {processor.py:830} INFO - Processing file /home/airflow/.local/lib/python3.12/site-packages/airflow/example_dags/example_sensor_decorator.py for tasks to queue
[2025-05-01T10:52:26.345+0000] {logging_mixin.py:188} INFO - [2025-05-01T10:52:26.345+0000] {dagbag.py:545} INFO - Filling up the DagBag from /home/airflow/.local/lib/python3.12/site-packages/airflow/example_dags/example_sensor_decorator.py
[2025-05-01T10:52:26.353+0000] {processor.py:840} INFO - DAG(s) 'example_sensor_decorator' retrieved from /home/airflow/.local/lib/python3.12/site-packages/airflow/example_dags/example_sensor_decorator.py
[2025-05-01T10:52:26.378+0000] {logging_mixin.py:188} INFO - [2025-05-01T10:52:26.377+0000] {dag.py:3096} INFO - Sync 1 DAGs
[2025-05-01T10:52:26.394+0000] {logging_mixin.py:188} INFO - [2025-05-01T10:52:26.393+0000] {dag.py:3954} INFO - Setting next_dagrun for example_sensor_decorator to None, run_after=None
[2025-05-01T10:52:26.434+0000] {processor.py:183} INFO - Processing /home/airflow/.local/lib/python3.12/site-packages/airflow/example_dags/example_sensor_decorator.py took 0.098 seconds
[2025-05-01T10:52:56.584+0000] {processor.py:161} INFO - Started process (PID=234) to work on /home/airflow/.local/lib/python3.12/site-packages/airflow/example_dags/example_sensor_decorator.py
[2025-05-01T10:52:56.586+0000] {processor.py:830} INFO - Processing file /home/airflow/.local/lib/python3.12/site-packages/airflow/example_dags/example_sensor_decorator.py for tasks to queue
[2025-05-01T10:52:56.589+0000] {logging_mixin.py:188} INFO - [2025-05-01T10:52:56.588+0000] {dagbag.py:545} INFO - Filling up the DagBag from /home/airflow/.local/lib/python3.12/site-packages/airflow/example_dags/example_sensor_decorator.py
[2025-05-01T10:52:56.599+0000] {processor.py:840} INFO - DAG(s) 'example_sensor_decorator' retrieved from /home/airflow/.local/lib/python3.12/site-packages/airflow/example_dags/example_sensor_decorator.py
[2025-05-01T10:52:56.632+0000] {logging_mixin.py:188} INFO - [2025-05-01T10:52:56.632+0000] {dag.py:3096} INFO - Sync 1 DAGs
[2025-05-01T10:52:56.654+0000] {logging_mixin.py:188} INFO - [2025-05-01T10:52:56.654+0000] {dag.py:3954} INFO - Setting next_dagrun for example_sensor_decorator to None, run_after=None
[2025-05-01T10:52:56.683+0000] {processor.py:183} INFO - Processing /home/airflow/.local/lib/python3.12/site-packages/airflow/example_dags/example_sensor_decorator.py took 0.113 seconds
[2025-05-01T10:53:27.796+0000] {processor.py:161} INFO - Started process (PID=292) to work on /home/airflow/.local/lib/python3.12/site-packages/airflow/example_dags/example_sensor_decorator.py
[2025-05-01T10:53:27.797+0000] {processor.py:830} INFO - Processing file /home/airflow/.local/lib/python3.12/site-packages/airflow/example_dags/example_sensor_decorator.py for tasks to queue
[2025-05-01T10:53:27.800+0000] {logging_mixin.py:188} INFO - [2025-05-01T10:53:27.800+0000] {dagbag.py:545} INFO - Filling up the DagBag from /home/airflow/.local/lib/python3.12/site-packages/airflow/example_dags/example_sensor_decorator.py
[2025-05-01T10:53:27.807+0000] {processor.py:840} INFO - DAG(s) 'example_sensor_decorator' retrieved from /home/airflow/.local/lib/python3.12/site-packages/airflow/example_dags/example_sensor_decorator.py
[2025-05-01T10:53:27.831+0000] {logging_mixin.py:188} INFO - [2025-05-01T10:53:27.830+0000] {dag.py:3096} INFO - Sync 1 DAGs
[2025-05-01T10:53:27.852+0000] {logging_mixin.py:188} INFO - [2025-05-01T10:53:27.852+0000] {dag.py:3954} INFO - Setting next_dagrun for example_sensor_decorator to None, run_after=None
[2025-05-01T10:53:27.881+0000] {processor.py:183} INFO - Processing /home/airflow/.local/lib/python3.12/site-packages/airflow/example_dags/example_sensor_decorator.py took 0.092 seconds
[2025-05-01T10:53:58.779+0000] {processor.py:161} INFO - Started process (PID=350) to work on /home/airflow/.local/lib/python3.12/site-packages/airflow/example_dags/example_sensor_decorator.py
[2025-05-01T10:53:58.780+0000] {processor.py:830} INFO - Processing file /home/airflow/.local/lib/python3.12/site-packages/airflow/example_dags/example_sensor_decorator.py for tasks to queue
[2025-05-01T10:53:58.783+0000] {logging_mixin.py:188} INFO - [2025-05-01T10:53:58.782+0000] {dagbag.py:545} INFO - Filling up the DagBag from /home/airflow/.local/lib/python3.12/site-packages/airflow/example_dags/example_sensor_decorator.py
[2025-05-01T10:53:58.789+0000] {processor.py:840} INFO - DAG(s) 'example_sensor_decorator' retrieved from /home/airflow/.local/lib/python3.12/site-packages/airflow/example_dags/example_sensor_decorator.py
[2025-05-01T10:53:58.812+0000] {logging_mixin.py:188} INFO - [2025-05-01T10:53:58.811+0000] {dag.py:3096} INFO - Sync 1 DAGs
[2025-05-01T10:53:58.826+0000] {logging_mixin.py:188} INFO - [2025-05-01T10:53:58.826+0000] {dag.py:3954} INFO - Setting next_dagrun for example_sensor_decorator to None, run_after=None
[2025-05-01T10:53:58.849+0000] {processor.py:183} INFO - Processing /home/airflow/.local/lib/python3.12/site-packages/airflow/example_dags/example_sensor_decorator.py took 0.076 seconds
[2025-05-01T10:54:29.246+0000] {processor.py:161} INFO - Started process (PID=408) to work on /home/airflow/.local/lib/python3.12/site-packages/airflow/example_dags/example_sensor_decorator.py
[2025-05-01T10:54:29.247+0000] {processor.py:830} INFO - Processing file /home/airflow/.local/lib/python3.12/site-packages/airflow/example_dags/example_sensor_decorator.py for tasks to queue
[2025-05-01T10:54:29.250+0000] {logging_mixin.py:188} INFO - [2025-05-01T10:54:29.249+0000] {dagbag.py:545} INFO - Filling up the DagBag from /home/airflow/.local/lib/python3.12/site-packages/airflow/example_dags/example_sensor_decorator.py
[2025-05-01T10:54:29.256+0000] {processor.py:840} INFO - DAG(s) 'example_sensor_decorator' retrieved from /home/airflow/.local/lib/python3.12/site-packages/airflow/example_dags/example_sensor_decorator.py
[2025-05-01T10:54:29.283+0000] {logging_mixin.py:188} INFO - [2025-05-01T10:54:29.283+0000] {dag.py:3096} INFO - Sync 1 DAGs
[2025-05-01T10:54:29.301+0000] {logging_mixin.py:188} INFO - [2025-05-01T10:54:29.301+0000] {dag.py:3954} INFO - Setting next_dagrun for example_sensor_decorator to None, run_after=None
[2025-05-01T10:54:29.335+0000] {processor.py:183} INFO - Processing /home/airflow/.local/lib/python3.12/site-packages/airflow/example_dags/example_sensor_decorator.py took 0.094 seconds
[2025-05-01T10:54:59.721+0000] {processor.py:161} INFO - Started process (PID=466) to work on /home/airflow/.local/lib/python3.12/site-packages/airflow/example_dags/example_sensor_decorator.py
[2025-05-01T10:54:59.723+0000] {processor.py:830} INFO - Processing file /home/airflow/.local/lib/python3.12/site-packages/airflow/example_dags/example_sensor_decorator.py for tasks to queue
[2025-05-01T10:54:59.725+0000] {logging_mixin.py:188} INFO - [2025-05-01T10:54:59.725+0000] {dagbag.py:545} INFO - Filling up the DagBag from /home/airflow/.local/lib/python3.12/site-packages/airflow/example_dags/example_sensor_decorator.py
[2025-05-01T10:54:59.732+0000] {processor.py:840} INFO - DAG(s) 'example_sensor_decorator' retrieved from /home/airflow/.local/lib/python3.12/site-packages/airflow/example_dags/example_sensor_decorator.py
[2025-05-01T10:54:59.755+0000] {logging_mixin.py:188} INFO - [2025-05-01T10:54:59.755+0000] {dag.py:3096} INFO - Sync 1 DAGs
[2025-05-01T10:54:59.770+0000] {logging_mixin.py:188} INFO - [2025-05-01T10:54:59.769+0000] {dag.py:3954} INFO - Setting next_dagrun for example_sensor_decorator to None, run_after=None
[2025-05-01T10:54:59.795+0000] {processor.py:183} INFO - Processing /home/airflow/.local/lib/python3.12/site-packages/airflow/example_dags/example_sensor_decorator.py took 0.080 seconds
[2025-05-01T10:55:30.193+0000] {processor.py:161} INFO - Started process (PID=524) to work on /home/airflow/.local/lib/python3.12/site-packages/airflow/example_dags/example_sensor_decorator.py
[2025-05-01T10:55:30.194+0000] {processor.py:830} INFO - Processing file /home/airflow/.local/lib/python3.12/site-packages/airflow/example_dags/example_sensor_decorator.py for tasks to queue
[2025-05-01T10:55:30.197+0000] {logging_mixin.py:188} INFO - [2025-05-01T10:55:30.196+0000] {dagbag.py:545} INFO - Filling up the DagBag from /home/airflow/.local/lib/python3.12/site-packages/airflow/example_dags/example_sensor_decorator.py
[2025-05-01T10:55:30.203+0000] {processor.py:840} INFO - DAG(s) 'example_sensor_decorator' retrieved from /home/airflow/.local/lib/python3.12/site-packages/airflow/example_dags/example_sensor_decorator.py
[2025-05-01T10:55:30.229+0000] {logging_mixin.py:188} INFO - [2025-05-01T10:55:30.229+0000] {dag.py:3096} INFO - Sync 1 DAGs
[2025-05-01T10:55:30.243+0000] {logging_mixin.py:188} INFO - [2025-05-01T10:55:30.243+0000] {dag.py:3954} INFO - Setting next_dagrun for example_sensor_decorator to None, run_after=None
[2025-05-01T10:55:30.269+0000] {processor.py:183} INFO - Processing /home/airflow/.local/lib/python3.12/site-packages/airflow/example_dags/example_sensor_decorator.py took 0.082 seconds
[2025-05-01T10:56:00.352+0000] {processor.py:161} INFO - Started process (PID=582) to work on /home/airflow/.local/lib/python3.12/site-packages/airflow/example_dags/example_sensor_decorator.py
[2025-05-01T10:56:00.354+0000] {processor.py:830} INFO - Processing file /home/airflow/.local/lib/python3.12/site-packages/airflow/example_dags/example_sensor_decorator.py for tasks to queue
[2025-05-01T10:56:00.356+0000] {logging_mixin.py:188} INFO - [2025-05-01T10:56:00.356+0000] {dagbag.py:545} INFO - Filling up the DagBag from /home/airflow/.local/lib/python3.12/site-packages/airflow/example_dags/example_sensor_decorator.py
[2025-05-01T10:56:00.363+0000] {processor.py:840} INFO - DAG(s) 'example_sensor_decorator' retrieved from /home/airflow/.local/lib/python3.12/site-packages/airflow/example_dags/example_sensor_decorator.py
[2025-05-01T10:56:00.386+0000] {logging_mixin.py:188} INFO - [2025-05-01T10:56:00.386+0000] {dag.py:3096} INFO - Sync 1 DAGs
[2025-05-01T10:56:00.401+0000] {logging_mixin.py:188} INFO - [2025-05-01T10:56:00.400+0000] {dag.py:3954} INFO - Setting next_dagrun for example_sensor_decorator to None, run_after=None
[2025-05-01T10:56:00.426+0000] {processor.py:183} INFO - Processing /home/airflow/.local/lib/python3.12/site-packages/airflow/example_dags/example_sensor_decorator.py took 0.079 seconds
[2025-05-01T10:56:30.954+0000] {processor.py:161} INFO - Started process (PID=640) to work on /home/airflow/.local/lib/python3.12/site-packages/airflow/example_dags/example_sensor_decorator.py
[2025-05-01T10:56:30.956+0000] {processor.py:830} INFO - Processing file /home/airflow/.local/lib/python3.12/site-packages/airflow/example_dags/example_sensor_decorator.py for tasks to queue
[2025-05-01T10:56:30.958+0000] {logging_mixin.py:188} INFO - [2025-05-01T10:56:30.958+0000] {dagbag.py:545} INFO - Filling up the DagBag from /home/airflow/.local/lib/python3.12/site-packages/airflow/example_dags/example_sensor_decorator.py
[2025-05-01T10:56:30.965+0000] {processor.py:840} INFO - DAG(s) 'example_sensor_decorator' retrieved from /home/airflow/.local/lib/python3.12/site-packages/airflow/example_dags/example_sensor_decorator.py
[2025-05-01T10:56:30.989+0000] {logging_mixin.py:188} INFO - [2025-05-01T10:56:30.988+0000] {dag.py:3096} INFO - Sync 1 DAGs
[2025-05-01T10:56:31.004+0000] {logging_mixin.py:188} INFO - [2025-05-01T10:56:31.004+0000] {dag.py:3954} INFO - Setting next_dagrun for example_sensor_decorator to None, run_after=None
[2025-05-01T10:56:31.031+0000] {processor.py:183} INFO - Processing /home/airflow/.local/lib/python3.12/site-packages/airflow/example_dags/example_sensor_decorator.py took 0.082 seconds
[2025-05-01T10:57:01.782+0000] {processor.py:161} INFO - Started process (PID=699) to work on /home/airflow/.local/lib/python3.12/site-packages/airflow/example_dags/example_sensor_decorator.py
[2025-05-01T10:57:01.784+0000] {processor.py:830} INFO - Processing file /home/airflow/.local/lib/python3.12/site-packages/airflow/example_dags/example_sensor_decorator.py for tasks to queue
[2025-05-01T10:57:01.788+0000] {logging_mixin.py:188} INFO - [2025-05-01T10:57:01.787+0000] {dagbag.py:545} INFO - Filling up the DagBag from /home/airflow/.local/lib/python3.12/site-packages/airflow/example_dags/example_sensor_decorator.py
[2025-05-01T10:57:01.799+0000] {processor.py:840} INFO - DAG(s) 'example_sensor_decorator' retrieved from /home/airflow/.local/lib/python3.12/site-packages/airflow/example_dags/example_sensor_decorator.py
[2025-05-01T10:57:01.833+0000] {logging_mixin.py:188} INFO - [2025-05-01T10:57:01.832+0000] {dag.py:3096} INFO - Sync 1 DAGs
[2025-05-01T10:57:01.853+0000] {logging_mixin.py:188} INFO - [2025-05-01T10:57:01.852+0000] {dag.py:3954} INFO - Setting next_dagrun for example_sensor_decorator to None, run_after=None
[2025-05-01T10:57:01.896+0000] {processor.py:183} INFO - Processing /home/airflow/.local/lib/python3.12/site-packages/airflow/example_dags/example_sensor_decorator.py took 0.124 seconds
[2025-05-01T10:57:32.237+0000] {processor.py:161} INFO - Started process (PID=760) to work on /home/airflow/.local/lib/python3.12/site-packages/airflow/example_dags/example_sensor_decorator.py
[2025-05-01T10:57:32.238+0000] {processor.py:830} INFO - Processing file /home/airflow/.local/lib/python3.12/site-packages/airflow/example_dags/example_sensor_decorator.py for tasks to queue
[2025-05-01T10:57:32.241+0000] {logging_mixin.py:188} INFO - [2025-05-01T10:57:32.240+0000] {dagbag.py:545} INFO - Filling up the DagBag from /home/airflow/.local/lib/python3.12/site-packages/airflow/example_dags/example_sensor_decorator.py
[2025-05-01T10:57:32.247+0000] {processor.py:840} INFO - DAG(s) 'example_sensor_decorator' retrieved from /home/airflow/.local/lib/python3.12/site-packages/airflow/example_dags/example_sensor_decorator.py
[2025-05-01T10:57:32.270+0000] {logging_mixin.py:188} INFO - [2025-05-01T10:57:32.270+0000] {dag.py:3096} INFO - Sync 1 DAGs
[2025-05-01T10:57:32.284+0000] {logging_mixin.py:188} INFO - [2025-05-01T10:57:32.283+0000] {dag.py:3954} INFO - Setting next_dagrun for example_sensor_decorator to None, run_after=None
[2025-05-01T10:57:32.314+0000] {processor.py:183} INFO - Processing /home/airflow/.local/lib/python3.12/site-packages/airflow/example_dags/example_sensor_decorator.py took 0.083 seconds
[2025-05-01T10:58:02.598+0000] {processor.py:161} INFO - Started process (PID=819) to work on /home/airflow/.local/lib/python3.12/site-packages/airflow/example_dags/example_sensor_decorator.py
[2025-05-01T10:58:02.599+0000] {processor.py:830} INFO - Processing file /home/airflow/.local/lib/python3.12/site-packages/airflow/example_dags/example_sensor_decorator.py for tasks to queue
[2025-05-01T10:58:02.601+0000] {logging_mixin.py:188} INFO - [2025-05-01T10:58:02.601+0000] {dagbag.py:545} INFO - Filling up the DagBag from /home/airflow/.local/lib/python3.12/site-packages/airflow/example_dags/example_sensor_decorator.py
[2025-05-01T10:58:02.608+0000] {processor.py:840} INFO - DAG(s) 'example_sensor_decorator' retrieved from /home/airflow/.local/lib/python3.12/site-packages/airflow/example_dags/example_sensor_decorator.py
[2025-05-01T10:58:02.632+0000] {logging_mixin.py:188} INFO - [2025-05-01T10:58:02.632+0000] {dag.py:3096} INFO - Sync 1 DAGs
[2025-05-01T10:58:02.647+0000] {logging_mixin.py:188} INFO - [2025-05-01T10:58:02.647+0000] {dag.py:3954} INFO - Setting next_dagrun for example_sensor_decorator to None, run_after=None
[2025-05-01T10:58:02.672+0000] {processor.py:183} INFO - Processing /home/airflow/.local/lib/python3.12/site-packages/airflow/example_dags/example_sensor_decorator.py took 0.080 seconds
[2025-05-01T10:58:33.517+0000] {processor.py:161} INFO - Started process (PID=878) to work on /home/airflow/.local/lib/python3.12/site-packages/airflow/example_dags/example_sensor_decorator.py
[2025-05-01T10:58:33.519+0000] {processor.py:830} INFO - Processing file /home/airflow/.local/lib/python3.12/site-packages/airflow/example_dags/example_sensor_decorator.py for tasks to queue
[2025-05-01T10:58:33.522+0000] {logging_mixin.py:188} INFO - [2025-05-01T10:58:33.522+0000] {dagbag.py:545} INFO - Filling up the DagBag from /home/airflow/.local/lib/python3.12/site-packages/airflow/example_dags/example_sensor_decorator.py
[2025-05-01T10:58:33.529+0000] {processor.py:840} INFO - DAG(s) 'example_sensor_decorator' retrieved from /home/airflow/.local/lib/python3.12/site-packages/airflow/example_dags/example_sensor_decorator.py
[2025-05-01T10:58:33.553+0000] {logging_mixin.py:188} INFO - [2025-05-01T10:58:33.553+0000] {dag.py:3096} INFO - Sync 1 DAGs
[2025-05-01T10:58:33.570+0000] {logging_mixin.py:188} INFO - [2025-05-01T10:58:33.570+0000] {dag.py:3954} INFO - Setting next_dagrun for example_sensor_decorator to None, run_after=None
[2025-05-01T10:58:33.596+0000] {processor.py:183} INFO - Processing /home/airflow/.local/lib/python3.12/site-packages/airflow/example_dags/example_sensor_decorator.py took 0.084 seconds
[2025-05-01T10:59:03.641+0000] {processor.py:161} INFO - Started process (PID=936) to work on /home/airflow/.local/lib/python3.12/site-packages/airflow/example_dags/example_sensor_decorator.py
[2025-05-01T10:59:03.643+0000] {processor.py:830} INFO - Processing file /home/airflow/.local/lib/python3.12/site-packages/airflow/example_dags/example_sensor_decorator.py for tasks to queue
[2025-05-01T10:59:03.645+0000] {logging_mixin.py:188} INFO - [2025-05-01T10:59:03.645+0000] {dagbag.py:545} INFO - Filling up the DagBag from /home/airflow/.local/lib/python3.12/site-packages/airflow/example_dags/example_sensor_decorator.py
[2025-05-01T10:59:03.651+0000] {processor.py:840} INFO - DAG(s) 'example_sensor_decorator' retrieved from /home/airflow/.local/lib/python3.12/site-packages/airflow/example_dags/example_sensor_decorator.py
[2025-05-01T10:59:03.672+0000] {logging_mixin.py:188} INFO - [2025-05-01T10:59:03.672+0000] {dag.py:3096} INFO - Sync 1 DAGs
[2025-05-01T10:59:03.687+0000] {logging_mixin.py:188} INFO - [2025-05-01T10:59:03.687+0000] {dag.py:3954} INFO - Setting next_dagrun for example_sensor_decorator to None, run_after=None
[2025-05-01T10:59:03.712+0000] {processor.py:183} INFO - Processing /home/airflow/.local/lib/python3.12/site-packages/airflow/example_dags/example_sensor_decorator.py took 0.077 seconds
[2025-05-01T10:59:33.881+0000] {processor.py:161} INFO - Started process (PID=995) to work on /home/airflow/.local/lib/python3.12/site-packages/airflow/example_dags/example_sensor_decorator.py
[2025-05-01T10:59:33.883+0000] {processor.py:830} INFO - Processing file /home/airflow/.local/lib/python3.12/site-packages/airflow/example_dags/example_sensor_decorator.py for tasks to queue
[2025-05-01T10:59:33.886+0000] {logging_mixin.py:188} INFO - [2025-05-01T10:59:33.885+0000] {dagbag.py:545} INFO - Filling up the DagBag from /home/airflow/.local/lib/python3.12/site-packages/airflow/example_dags/example_sensor_decorator.py
[2025-05-01T10:59:33.891+0000] {processor.py:840} INFO - DAG(s) 'example_sensor_decorator' retrieved from /home/airflow/.local/lib/python3.12/site-packages/airflow/example_dags/example_sensor_decorator.py
[2025-05-01T10:59:33.913+0000] {logging_mixin.py:188} INFO - [2025-05-01T10:59:33.913+0000] {dag.py:3096} INFO - Sync 1 DAGs
[2025-05-01T10:59:33.927+0000] {logging_mixin.py:188} INFO - [2025-05-01T10:59:33.927+0000] {dag.py:3954} INFO - Setting next_dagrun for example_sensor_decorator to None, run_after=None
[2025-05-01T10:59:33.951+0000] {processor.py:183} INFO - Processing /home/airflow/.local/lib/python3.12/site-packages/airflow/example_dags/example_sensor_decorator.py took 0.076 seconds
[2025-05-01T11:00:05.675+0000] {processor.py:161} INFO - Started process (PID=1054) to work on /home/airflow/.local/lib/python3.12/site-packages/airflow/example_dags/example_sensor_decorator.py
[2025-05-01T11:00:05.678+0000] {processor.py:830} INFO - Processing file /home/airflow/.local/lib/python3.12/site-packages/airflow/example_dags/example_sensor_decorator.py for tasks to queue
[2025-05-01T11:00:05.683+0000] {logging_mixin.py:188} INFO - [2025-05-01T11:00:05.682+0000] {dagbag.py:545} INFO - Filling up the DagBag from /home/airflow/.local/lib/python3.12/site-packages/airflow/example_dags/example_sensor_decorator.py
[2025-05-01T11:00:05.696+0000] {processor.py:840} INFO - DAG(s) 'example_sensor_decorator' retrieved from /home/airflow/.local/lib/python3.12/site-packages/airflow/example_dags/example_sensor_decorator.py
[2025-05-01T11:00:05.739+0000] {logging_mixin.py:188} INFO - [2025-05-01T11:00:05.738+0000] {dag.py:3096} INFO - Sync 1 DAGs
[2025-05-01T11:00:05.767+0000] {logging_mixin.py:188} INFO - [2025-05-01T11:00:05.766+0000] {dag.py:3954} INFO - Setting next_dagrun for example_sensor_decorator to None, run_after=None
[2025-05-01T11:00:05.811+0000] {processor.py:183} INFO - Processing /home/airflow/.local/lib/python3.12/site-packages/airflow/example_dags/example_sensor_decorator.py took 0.152 seconds
[2025-05-01T11:00:36.855+0000] {processor.py:161} INFO - Started process (PID=1114) to work on /home/airflow/.local/lib/python3.12/site-packages/airflow/example_dags/example_sensor_decorator.py
[2025-05-01T11:00:36.858+0000] {processor.py:830} INFO - Processing file /home/airflow/.local/lib/python3.12/site-packages/airflow/example_dags/example_sensor_decorator.py for tasks to queue
[2025-05-01T11:00:36.861+0000] {logging_mixin.py:188} INFO - [2025-05-01T11:00:36.861+0000] {dagbag.py:545} INFO - Filling up the DagBag from /home/airflow/.local/lib/python3.12/site-packages/airflow/example_dags/example_sensor_decorator.py
[2025-05-01T11:00:36.874+0000] {processor.py:840} INFO - DAG(s) 'example_sensor_decorator' retrieved from /home/airflow/.local/lib/python3.12/site-packages/airflow/example_dags/example_sensor_decorator.py
[2025-05-01T11:00:36.917+0000] {logging_mixin.py:188} INFO - [2025-05-01T11:00:36.916+0000] {dag.py:3096} INFO - Sync 1 DAGs
[2025-05-01T11:00:36.944+0000] {logging_mixin.py:188} INFO - [2025-05-01T11:00:36.944+0000] {dag.py:3954} INFO - Setting next_dagrun for example_sensor_decorator to None, run_after=None
[2025-05-01T11:00:37.029+0000] {processor.py:183} INFO - Processing /home/airflow/.local/lib/python3.12/site-packages/airflow/example_dags/example_sensor_decorator.py took 0.184 seconds
[2025-05-01T11:01:07.729+0000] {processor.py:161} INFO - Started process (PID=1174) to work on /home/airflow/.local/lib/python3.12/site-packages/airflow/example_dags/example_sensor_decorator.py
[2025-05-01T11:01:07.731+0000] {processor.py:830} INFO - Processing file /home/airflow/.local/lib/python3.12/site-packages/airflow/example_dags/example_sensor_decorator.py for tasks to queue
[2025-05-01T11:01:07.736+0000] {logging_mixin.py:188} INFO - [2025-05-01T11:01:07.735+0000] {dagbag.py:545} INFO - Filling up the DagBag from /home/airflow/.local/lib/python3.12/site-packages/airflow/example_dags/example_sensor_decorator.py
[2025-05-01T11:01:07.747+0000] {processor.py:840} INFO - DAG(s) 'example_sensor_decorator' retrieved from /home/airflow/.local/lib/python3.12/site-packages/airflow/example_dags/example_sensor_decorator.py
[2025-05-01T11:01:07.794+0000] {logging_mixin.py:188} INFO - [2025-05-01T11:01:07.793+0000] {dag.py:3096} INFO - Sync 1 DAGs
[2025-05-01T11:01:07.821+0000] {logging_mixin.py:188} INFO - [2025-05-01T11:01:07.821+0000] {dag.py:3954} INFO - Setting next_dagrun for example_sensor_decorator to None, run_after=None
[2025-05-01T11:01:07.867+0000] {processor.py:183} INFO - Processing /home/airflow/.local/lib/python3.12/site-packages/airflow/example_dags/example_sensor_decorator.py took 0.150 seconds
[2025-05-01T11:01:38.419+0000] {processor.py:161} INFO - Started process (PID=1233) to work on /home/airflow/.local/lib/python3.12/site-packages/airflow/example_dags/example_sensor_decorator.py
[2025-05-01T11:01:38.421+0000] {processor.py:830} INFO - Processing file /home/airflow/.local/lib/python3.12/site-packages/airflow/example_dags/example_sensor_decorator.py for tasks to queue
[2025-05-01T11:01:38.425+0000] {logging_mixin.py:188} INFO - [2025-05-01T11:01:38.424+0000] {dagbag.py:545} INFO - Filling up the DagBag from /home/airflow/.local/lib/python3.12/site-packages/airflow/example_dags/example_sensor_decorator.py
[2025-05-01T11:01:38.438+0000] {processor.py:840} INFO - DAG(s) 'example_sensor_decorator' retrieved from /home/airflow/.local/lib/python3.12/site-packages/airflow/example_dags/example_sensor_decorator.py
[2025-05-01T11:01:38.483+0000] {logging_mixin.py:188} INFO - [2025-05-01T11:01:38.482+0000] {dag.py:3096} INFO - Sync 1 DAGs
[2025-05-01T11:01:38.512+0000] {logging_mixin.py:188} INFO - [2025-05-01T11:01:38.512+0000] {dag.py:3954} INFO - Setting next_dagrun for example_sensor_decorator to None, run_after=None
[2025-05-01T11:01:38.557+0000] {processor.py:183} INFO - Processing /home/airflow/.local/lib/python3.12/site-packages/airflow/example_dags/example_sensor_decorator.py took 0.149 seconds
[2025-05-01T11:02:08.896+0000] {processor.py:161} INFO - Started process (PID=1292) to work on /home/airflow/.local/lib/python3.12/site-packages/airflow/example_dags/example_sensor_decorator.py
[2025-05-01T11:02:08.898+0000] {processor.py:830} INFO - Processing file /home/airflow/.local/lib/python3.12/site-packages/airflow/example_dags/example_sensor_decorator.py for tasks to queue
[2025-05-01T11:02:08.902+0000] {logging_mixin.py:188} INFO - [2025-05-01T11:02:08.902+0000] {dagbag.py:545} INFO - Filling up the DagBag from /home/airflow/.local/lib/python3.12/site-packages/airflow/example_dags/example_sensor_decorator.py
[2025-05-01T11:02:08.914+0000] {processor.py:840} INFO - DAG(s) 'example_sensor_decorator' retrieved from /home/airflow/.local/lib/python3.12/site-packages/airflow/example_dags/example_sensor_decorator.py
[2025-05-01T11:02:08.957+0000] {logging_mixin.py:188} INFO - [2025-05-01T11:02:08.957+0000] {dag.py:3096} INFO - Sync 1 DAGs
[2025-05-01T11:02:08.989+0000] {logging_mixin.py:188} INFO - [2025-05-01T11:02:08.988+0000] {dag.py:3954} INFO - Setting next_dagrun for example_sensor_decorator to None, run_after=None
[2025-05-01T11:02:09.034+0000] {processor.py:183} INFO - Processing /home/airflow/.local/lib/python3.12/site-packages/airflow/example_dags/example_sensor_decorator.py took 0.149 seconds
[2025-05-01T11:02:39.226+0000] {processor.py:161} INFO - Started process (PID=1350) to work on /home/airflow/.local/lib/python3.12/site-packages/airflow/example_dags/example_sensor_decorator.py
[2025-05-01T11:02:39.228+0000] {processor.py:830} INFO - Processing file /home/airflow/.local/lib/python3.12/site-packages/airflow/example_dags/example_sensor_decorator.py for tasks to queue
[2025-05-01T11:02:39.232+0000] {logging_mixin.py:188} INFO - [2025-05-01T11:02:39.231+0000] {dagbag.py:545} INFO - Filling up the DagBag from /home/airflow/.local/lib/python3.12/site-packages/airflow/example_dags/example_sensor_decorator.py
[2025-05-01T11:02:39.243+0000] {processor.py:840} INFO - DAG(s) 'example_sensor_decorator' retrieved from /home/airflow/.local/lib/python3.12/site-packages/airflow/example_dags/example_sensor_decorator.py
[2025-05-01T11:02:39.284+0000] {logging_mixin.py:188} INFO - [2025-05-01T11:02:39.283+0000] {dag.py:3096} INFO - Sync 1 DAGs
[2025-05-01T11:02:39.311+0000] {logging_mixin.py:188} INFO - [2025-05-01T11:02:39.310+0000] {dag.py:3954} INFO - Setting next_dagrun for example_sensor_decorator to None, run_after=None
[2025-05-01T11:02:39.398+0000] {processor.py:183} INFO - Processing /home/airflow/.local/lib/python3.12/site-packages/airflow/example_dags/example_sensor_decorator.py took 0.183 seconds
[2025-05-01T11:03:09.730+0000] {processor.py:161} INFO - Started process (PID=1409) to work on /home/airflow/.local/lib/python3.12/site-packages/airflow/example_dags/example_sensor_decorator.py
[2025-05-01T11:03:09.732+0000] {processor.py:830} INFO - Processing file /home/airflow/.local/lib/python3.12/site-packages/airflow/example_dags/example_sensor_decorator.py for tasks to queue
[2025-05-01T11:03:09.737+0000] {logging_mixin.py:188} INFO - [2025-05-01T11:03:09.736+0000] {dagbag.py:545} INFO - Filling up the DagBag from /home/airflow/.local/lib/python3.12/site-packages/airflow/example_dags/example_sensor_decorator.py
[2025-05-01T11:03:09.749+0000] {processor.py:840} INFO - DAG(s) 'example_sensor_decorator' retrieved from /home/airflow/.local/lib/python3.12/site-packages/airflow/example_dags/example_sensor_decorator.py
[2025-05-01T11:03:09.793+0000] {logging_mixin.py:188} INFO - [2025-05-01T11:03:09.793+0000] {dag.py:3096} INFO - Sync 1 DAGs
[2025-05-01T11:03:09.824+0000] {logging_mixin.py:188} INFO - [2025-05-01T11:03:09.824+0000] {dag.py:3954} INFO - Setting next_dagrun for example_sensor_decorator to None, run_after=None
[2025-05-01T11:03:09.887+0000] {processor.py:183} INFO - Processing /home/airflow/.local/lib/python3.12/site-packages/airflow/example_dags/example_sensor_decorator.py took 0.169 seconds
[2025-05-01T11:03:40.118+0000] {processor.py:161} INFO - Started process (PID=1468) to work on /home/airflow/.local/lib/python3.12/site-packages/airflow/example_dags/example_sensor_decorator.py
[2025-05-01T11:03:40.120+0000] {processor.py:830} INFO - Processing file /home/airflow/.local/lib/python3.12/site-packages/airflow/example_dags/example_sensor_decorator.py for tasks to queue
[2025-05-01T11:03:40.124+0000] {logging_mixin.py:188} INFO - [2025-05-01T11:03:40.123+0000] {dagbag.py:545} INFO - Filling up the DagBag from /home/airflow/.local/lib/python3.12/site-packages/airflow/example_dags/example_sensor_decorator.py
[2025-05-01T11:03:40.139+0000] {processor.py:840} INFO - DAG(s) 'example_sensor_decorator' retrieved from /home/airflow/.local/lib/python3.12/site-packages/airflow/example_dags/example_sensor_decorator.py
[2025-05-01T11:03:40.186+0000] {logging_mixin.py:188} INFO - [2025-05-01T11:03:40.185+0000] {dag.py:3096} INFO - Sync 1 DAGs
[2025-05-01T11:03:40.220+0000] {logging_mixin.py:188} INFO - [2025-05-01T11:03:40.219+0000] {dag.py:3954} INFO - Setting next_dagrun for example_sensor_decorator to None, run_after=None
[2025-05-01T11:03:40.275+0000] {processor.py:183} INFO - Processing /home/airflow/.local/lib/python3.12/site-packages/airflow/example_dags/example_sensor_decorator.py took 0.169 seconds
[2025-05-01T11:04:11.050+0000] {processor.py:161} INFO - Started process (PID=1527) to work on /home/airflow/.local/lib/python3.12/site-packages/airflow/example_dags/example_sensor_decorator.py
[2025-05-01T11:04:11.060+0000] {processor.py:830} INFO - Processing file /home/airflow/.local/lib/python3.12/site-packages/airflow/example_dags/example_sensor_decorator.py for tasks to queue
[2025-05-01T11:04:11.067+0000] {logging_mixin.py:188} INFO - [2025-05-01T11:04:11.066+0000] {dagbag.py:545} INFO - Filling up the DagBag from /home/airflow/.local/lib/python3.12/site-packages/airflow/example_dags/example_sensor_decorator.py
[2025-05-01T11:04:11.080+0000] {processor.py:840} INFO - DAG(s) 'example_sensor_decorator' retrieved from /home/airflow/.local/lib/python3.12/site-packages/airflow/example_dags/example_sensor_decorator.py
[2025-05-01T11:04:11.122+0000] {logging_mixin.py:188} INFO - [2025-05-01T11:04:11.121+0000] {dag.py:3096} INFO - Sync 1 DAGs
[2025-05-01T11:04:11.151+0000] {logging_mixin.py:188} INFO - [2025-05-01T11:04:11.151+0000] {dag.py:3954} INFO - Setting next_dagrun for example_sensor_decorator to None, run_after=None
[2025-05-01T11:04:11.196+0000] {processor.py:183} INFO - Processing /home/airflow/.local/lib/python3.12/site-packages/airflow/example_dags/example_sensor_decorator.py took 0.159 seconds
[2025-05-01T11:04:42.103+0000] {processor.py:161} INFO - Started process (PID=1586) to work on /home/airflow/.local/lib/python3.12/site-packages/airflow/example_dags/example_sensor_decorator.py
[2025-05-01T11:04:42.106+0000] {processor.py:830} INFO - Processing file /home/airflow/.local/lib/python3.12/site-packages/airflow/example_dags/example_sensor_decorator.py for tasks to queue
[2025-05-01T11:04:42.113+0000] {logging_mixin.py:188} INFO - [2025-05-01T11:04:42.111+0000] {dagbag.py:545} INFO - Filling up the DagBag from /home/airflow/.local/lib/python3.12/site-packages/airflow/example_dags/example_sensor_decorator.py
[2025-05-01T11:04:42.134+0000] {processor.py:840} INFO - DAG(s) 'example_sensor_decorator' retrieved from /home/airflow/.local/lib/python3.12/site-packages/airflow/example_dags/example_sensor_decorator.py
[2025-05-01T11:04:42.208+0000] {logging_mixin.py:188} INFO - [2025-05-01T11:04:42.207+0000] {dag.py:3096} INFO - Sync 1 DAGs
[2025-05-01T11:04:42.269+0000] {logging_mixin.py:188} INFO - [2025-05-01T11:04:42.269+0000] {dag.py:3954} INFO - Setting next_dagrun for example_sensor_decorator to None, run_after=None
[2025-05-01T11:04:42.342+0000] {processor.py:183} INFO - Processing /home/airflow/.local/lib/python3.12/site-packages/airflow/example_dags/example_sensor_decorator.py took 0.261 seconds
[2025-05-01T11:05:12.995+0000] {processor.py:161} INFO - Started process (PID=1645) to work on /home/airflow/.local/lib/python3.12/site-packages/airflow/example_dags/example_sensor_decorator.py
[2025-05-01T11:05:12.997+0000] {processor.py:830} INFO - Processing file /home/airflow/.local/lib/python3.12/site-packages/airflow/example_dags/example_sensor_decorator.py for tasks to queue
[2025-05-01T11:05:13.001+0000] {logging_mixin.py:188} INFO - [2025-05-01T11:05:13.001+0000] {dagbag.py:545} INFO - Filling up the DagBag from /home/airflow/.local/lib/python3.12/site-packages/airflow/example_dags/example_sensor_decorator.py
[2025-05-01T11:05:13.016+0000] {processor.py:840} INFO - DAG(s) 'example_sensor_decorator' retrieved from /home/airflow/.local/lib/python3.12/site-packages/airflow/example_dags/example_sensor_decorator.py
[2025-05-01T11:05:13.075+0000] {logging_mixin.py:188} INFO - [2025-05-01T11:05:13.074+0000] {dag.py:3096} INFO - Sync 1 DAGs
[2025-05-01T11:05:13.111+0000] {logging_mixin.py:188} INFO - [2025-05-01T11:05:13.111+0000] {dag.py:3954} INFO - Setting next_dagrun for example_sensor_decorator to None, run_after=None
[2025-05-01T11:05:13.234+0000] {processor.py:183} INFO - Processing /home/airflow/.local/lib/python3.12/site-packages/airflow/example_dags/example_sensor_decorator.py took 0.252 seconds
[2025-05-01T11:05:43.618+0000] {processor.py:161} INFO - Started process (PID=1704) to work on /home/airflow/.local/lib/python3.12/site-packages/airflow/example_dags/example_sensor_decorator.py
[2025-05-01T11:05:43.620+0000] {processor.py:830} INFO - Processing file /home/airflow/.local/lib/python3.12/site-packages/airflow/example_dags/example_sensor_decorator.py for tasks to queue
[2025-05-01T11:05:43.624+0000] {logging_mixin.py:188} INFO - [2025-05-01T11:05:43.624+0000] {dagbag.py:545} INFO - Filling up the DagBag from /home/airflow/.local/lib/python3.12/site-packages/airflow/example_dags/example_sensor_decorator.py
[2025-05-01T11:05:43.636+0000] {processor.py:840} INFO - DAG(s) 'example_sensor_decorator' retrieved from /home/airflow/.local/lib/python3.12/site-packages/airflow/example_dags/example_sensor_decorator.py
[2025-05-01T11:05:43.680+0000] {logging_mixin.py:188} INFO - [2025-05-01T11:05:43.680+0000] {dag.py:3096} INFO - Sync 1 DAGs
[2025-05-01T11:05:43.710+0000] {logging_mixin.py:188} INFO - [2025-05-01T11:05:43.709+0000] {dag.py:3954} INFO - Setting next_dagrun for example_sensor_decorator to None, run_after=None
[2025-05-01T11:05:43.757+0000] {processor.py:183} INFO - Processing /home/airflow/.local/lib/python3.12/site-packages/airflow/example_dags/example_sensor_decorator.py took 0.150 seconds
[2025-05-01T11:06:14.684+0000] {processor.py:161} INFO - Started process (PID=1763) to work on /home/airflow/.local/lib/python3.12/site-packages/airflow/example_dags/example_sensor_decorator.py
[2025-05-01T11:06:14.687+0000] {processor.py:830} INFO - Processing file /home/airflow/.local/lib/python3.12/site-packages/airflow/example_dags/example_sensor_decorator.py for tasks to queue
[2025-05-01T11:06:14.693+0000] {logging_mixin.py:188} INFO - [2025-05-01T11:06:14.692+0000] {dagbag.py:545} INFO - Filling up the DagBag from /home/airflow/.local/lib/python3.12/site-packages/airflow/example_dags/example_sensor_decorator.py
[2025-05-01T11:06:14.707+0000] {processor.py:840} INFO - DAG(s) 'example_sensor_decorator' retrieved from /home/airflow/.local/lib/python3.12/site-packages/airflow/example_dags/example_sensor_decorator.py
[2025-05-01T11:06:14.750+0000] {logging_mixin.py:188} INFO - [2025-05-01T11:06:14.749+0000] {dag.py:3096} INFO - Sync 1 DAGs
[2025-05-01T11:06:14.777+0000] {logging_mixin.py:188} INFO - [2025-05-01T11:06:14.777+0000] {dag.py:3954} INFO - Setting next_dagrun for example_sensor_decorator to None, run_after=None
[2025-05-01T11:06:14.823+0000] {processor.py:183} INFO - Processing /home/airflow/.local/lib/python3.12/site-packages/airflow/example_dags/example_sensor_decorator.py took 0.151 seconds
[2025-05-01T11:06:45.506+0000] {processor.py:161} INFO - Started process (PID=1822) to work on /home/airflow/.local/lib/python3.12/site-packages/airflow/example_dags/example_sensor_decorator.py
[2025-05-01T11:06:45.509+0000] {processor.py:830} INFO - Processing file /home/airflow/.local/lib/python3.12/site-packages/airflow/example_dags/example_sensor_decorator.py for tasks to queue
[2025-05-01T11:06:45.512+0000] {logging_mixin.py:188} INFO - [2025-05-01T11:06:45.512+0000] {dagbag.py:545} INFO - Filling up the DagBag from /home/airflow/.local/lib/python3.12/site-packages/airflow/example_dags/example_sensor_decorator.py
[2025-05-01T11:06:45.528+0000] {processor.py:840} INFO - DAG(s) 'example_sensor_decorator' retrieved from /home/airflow/.local/lib/python3.12/site-packages/airflow/example_dags/example_sensor_decorator.py
[2025-05-01T11:06:45.578+0000] {logging_mixin.py:188} INFO - [2025-05-01T11:06:45.577+0000] {dag.py:3096} INFO - Sync 1 DAGs
[2025-05-01T11:06:45.629+0000] {logging_mixin.py:188} INFO - [2025-05-01T11:06:45.628+0000] {dag.py:3954} INFO - Setting next_dagrun for example_sensor_decorator to None, run_after=None
[2025-05-01T11:06:45.686+0000] {processor.py:183} INFO - Processing /home/airflow/.local/lib/python3.12/site-packages/airflow/example_dags/example_sensor_decorator.py took 0.190 seconds
[2025-05-01T11:07:15.821+0000] {processor.py:161} INFO - Started process (PID=1880) to work on /home/airflow/.local/lib/python3.12/site-packages/airflow/example_dags/example_sensor_decorator.py
[2025-05-01T11:07:15.823+0000] {processor.py:830} INFO - Processing file /home/airflow/.local/lib/python3.12/site-packages/airflow/example_dags/example_sensor_decorator.py for tasks to queue
[2025-05-01T11:07:15.828+0000] {logging_mixin.py:188} INFO - [2025-05-01T11:07:15.827+0000] {dagbag.py:545} INFO - Filling up the DagBag from /home/airflow/.local/lib/python3.12/site-packages/airflow/example_dags/example_sensor_decorator.py
[2025-05-01T11:07:15.840+0000] {processor.py:840} INFO - DAG(s) 'example_sensor_decorator' retrieved from /home/airflow/.local/lib/python3.12/site-packages/airflow/example_dags/example_sensor_decorator.py
[2025-05-01T11:07:15.883+0000] {logging_mixin.py:188} INFO - [2025-05-01T11:07:15.882+0000] {dag.py:3096} INFO - Sync 1 DAGs
[2025-05-01T11:07:15.911+0000] {logging_mixin.py:188} INFO - [2025-05-01T11:07:15.910+0000] {dag.py:3954} INFO - Setting next_dagrun for example_sensor_decorator to None, run_after=None
[2025-05-01T11:07:15.956+0000] {processor.py:183} INFO - Processing /home/airflow/.local/lib/python3.12/site-packages/airflow/example_dags/example_sensor_decorator.py took 0.146 seconds
[2025-05-01T11:07:47.737+0000] {processor.py:161} INFO - Started process (PID=1940) to work on /home/airflow/.local/lib/python3.12/site-packages/airflow/example_dags/example_sensor_decorator.py
[2025-05-01T11:07:47.739+0000] {processor.py:830} INFO - Processing file /home/airflow/.local/lib/python3.12/site-packages/airflow/example_dags/example_sensor_decorator.py for tasks to queue
[2025-05-01T11:07:47.745+0000] {logging_mixin.py:188} INFO - [2025-05-01T11:07:47.744+0000] {dagbag.py:545} INFO - Filling up the DagBag from /home/airflow/.local/lib/python3.12/site-packages/airflow/example_dags/example_sensor_decorator.py
[2025-05-01T11:07:47.762+0000] {processor.py:840} INFO - DAG(s) 'example_sensor_decorator' retrieved from /home/airflow/.local/lib/python3.12/site-packages/airflow/example_dags/example_sensor_decorator.py
[2025-05-01T11:07:47.818+0000] {logging_mixin.py:188} INFO - [2025-05-01T11:07:47.817+0000] {dag.py:3096} INFO - Sync 1 DAGs
[2025-05-01T11:07:47.848+0000] {logging_mixin.py:188} INFO - [2025-05-01T11:07:47.848+0000] {dag.py:3954} INFO - Setting next_dagrun for example_sensor_decorator to None, run_after=None
[2025-05-01T11:07:47.898+0000] {processor.py:183} INFO - Processing /home/airflow/.local/lib/python3.12/site-packages/airflow/example_dags/example_sensor_decorator.py took 0.173 seconds
[2025-05-01T11:08:20.665+0000] {processor.py:161} INFO - Started process (PID=1999) to work on /home/airflow/.local/lib/python3.12/site-packages/airflow/example_dags/example_sensor_decorator.py
[2025-05-01T11:08:20.667+0000] {processor.py:830} INFO - Processing file /home/airflow/.local/lib/python3.12/site-packages/airflow/example_dags/example_sensor_decorator.py for tasks to queue
[2025-05-01T11:08:20.672+0000] {logging_mixin.py:188} INFO - [2025-05-01T11:08:20.672+0000] {dagbag.py:545} INFO - Filling up the DagBag from /home/airflow/.local/lib/python3.12/site-packages/airflow/example_dags/example_sensor_decorator.py
[2025-05-01T11:08:20.683+0000] {processor.py:840} INFO - DAG(s) 'example_sensor_decorator' retrieved from /home/airflow/.local/lib/python3.12/site-packages/airflow/example_dags/example_sensor_decorator.py
[2025-05-01T11:08:20.726+0000] {logging_mixin.py:188} INFO - [2025-05-01T11:08:20.725+0000] {dag.py:3096} INFO - Sync 1 DAGs
[2025-05-01T11:08:20.979+0000] {logging_mixin.py:188} INFO - [2025-05-01T11:08:20.979+0000] {dag.py:3954} INFO - Setting next_dagrun for example_sensor_decorator to None, run_after=None
[2025-05-01T11:08:21.026+0000] {processor.py:183} INFO - Processing /home/airflow/.local/lib/python3.12/site-packages/airflow/example_dags/example_sensor_decorator.py took 0.370 seconds
[2025-05-01T11:08:51.593+0000] {processor.py:161} INFO - Started process (PID=2058) to work on /home/airflow/.local/lib/python3.12/site-packages/airflow/example_dags/example_sensor_decorator.py
[2025-05-01T11:08:51.595+0000] {processor.py:830} INFO - Processing file /home/airflow/.local/lib/python3.12/site-packages/airflow/example_dags/example_sensor_decorator.py for tasks to queue
[2025-05-01T11:08:51.601+0000] {logging_mixin.py:188} INFO - [2025-05-01T11:08:51.600+0000] {dagbag.py:545} INFO - Filling up the DagBag from /home/airflow/.local/lib/python3.12/site-packages/airflow/example_dags/example_sensor_decorator.py
[2025-05-01T11:08:51.617+0000] {processor.py:840} INFO - DAG(s) 'example_sensor_decorator' retrieved from /home/airflow/.local/lib/python3.12/site-packages/airflow/example_dags/example_sensor_decorator.py
[2025-05-01T11:08:51.683+0000] {logging_mixin.py:188} INFO - [2025-05-01T11:08:51.681+0000] {dag.py:3096} INFO - Sync 1 DAGs
[2025-05-01T11:08:51.714+0000] {logging_mixin.py:188} INFO - [2025-05-01T11:08:51.713+0000] {dag.py:3954} INFO - Setting next_dagrun for example_sensor_decorator to None, run_after=None
[2025-05-01T11:08:51.775+0000] {processor.py:183} INFO - Processing /home/airflow/.local/lib/python3.12/site-packages/airflow/example_dags/example_sensor_decorator.py took 0.198 seconds
[2025-05-01T11:09:22.361+0000] {processor.py:161} INFO - Started process (PID=2117) to work on /home/airflow/.local/lib/python3.12/site-packages/airflow/example_dags/example_sensor_decorator.py
[2025-05-01T11:09:22.364+0000] {processor.py:830} INFO - Processing file /home/airflow/.local/lib/python3.12/site-packages/airflow/example_dags/example_sensor_decorator.py for tasks to queue
[2025-05-01T11:09:22.368+0000] {logging_mixin.py:188} INFO - [2025-05-01T11:09:22.367+0000] {dagbag.py:545} INFO - Filling up the DagBag from /home/airflow/.local/lib/python3.12/site-packages/airflow/example_dags/example_sensor_decorator.py
[2025-05-01T11:09:22.384+0000] {processor.py:840} INFO - DAG(s) 'example_sensor_decorator' retrieved from /home/airflow/.local/lib/python3.12/site-packages/airflow/example_dags/example_sensor_decorator.py
[2025-05-01T11:09:22.439+0000] {logging_mixin.py:188} INFO - [2025-05-01T11:09:22.438+0000] {dag.py:3096} INFO - Sync 1 DAGs
[2025-05-01T11:09:22.472+0000] {logging_mixin.py:188} INFO - [2025-05-01T11:09:22.471+0000] {dag.py:3954} INFO - Setting next_dagrun for example_sensor_decorator to None, run_after=None
[2025-05-01T11:09:22.564+0000] {processor.py:183} INFO - Processing /home/airflow/.local/lib/python3.12/site-packages/airflow/example_dags/example_sensor_decorator.py took 0.217 seconds
[2025-05-01T11:09:52.791+0000] {processor.py:161} INFO - Started process (PID=2176) to work on /home/airflow/.local/lib/python3.12/site-packages/airflow/example_dags/example_sensor_decorator.py
[2025-05-01T11:09:52.794+0000] {processor.py:830} INFO - Processing file /home/airflow/.local/lib/python3.12/site-packages/airflow/example_dags/example_sensor_decorator.py for tasks to queue
[2025-05-01T11:09:52.798+0000] {logging_mixin.py:188} INFO - [2025-05-01T11:09:52.798+0000] {dagbag.py:545} INFO - Filling up the DagBag from /home/airflow/.local/lib/python3.12/site-packages/airflow/example_dags/example_sensor_decorator.py
[2025-05-01T11:09:52.810+0000] {processor.py:840} INFO - DAG(s) 'example_sensor_decorator' retrieved from /home/airflow/.local/lib/python3.12/site-packages/airflow/example_dags/example_sensor_decorator.py
[2025-05-01T11:09:52.854+0000] {logging_mixin.py:188} INFO - [2025-05-01T11:09:52.853+0000] {dag.py:3096} INFO - Sync 1 DAGs
[2025-05-01T11:09:52.882+0000] {logging_mixin.py:188} INFO - [2025-05-01T11:09:52.881+0000] {dag.py:3954} INFO - Setting next_dagrun for example_sensor_decorator to None, run_after=None
[2025-05-01T11:09:52.922+0000] {processor.py:183} INFO - Processing /home/airflow/.local/lib/python3.12/site-packages/airflow/example_dags/example_sensor_decorator.py took 0.144 seconds
[2025-05-01T11:10:23.903+0000] {processor.py:161} INFO - Started process (PID=2241) to work on /home/airflow/.local/lib/python3.12/site-packages/airflow/example_dags/example_sensor_decorator.py
[2025-05-01T11:10:23.905+0000] {processor.py:830} INFO - Processing file /home/airflow/.local/lib/python3.12/site-packages/airflow/example_dags/example_sensor_decorator.py for tasks to queue
[2025-05-01T11:10:23.910+0000] {logging_mixin.py:188} INFO - [2025-05-01T11:10:23.909+0000] {dagbag.py:545} INFO - Filling up the DagBag from /home/airflow/.local/lib/python3.12/site-packages/airflow/example_dags/example_sensor_decorator.py
[2025-05-01T11:10:23.923+0000] {processor.py:840} INFO - DAG(s) 'example_sensor_decorator' retrieved from /home/airflow/.local/lib/python3.12/site-packages/airflow/example_dags/example_sensor_decorator.py
[2025-05-01T11:10:23.966+0000] {logging_mixin.py:188} INFO - [2025-05-01T11:10:23.966+0000] {dag.py:3096} INFO - Sync 1 DAGs
[2025-05-01T11:10:23.997+0000] {logging_mixin.py:188} INFO - [2025-05-01T11:10:23.996+0000] {dag.py:3954} INFO - Setting next_dagrun for example_sensor_decorator to None, run_after=None
[2025-05-01T11:10:24.050+0000] {processor.py:183} INFO - Processing /home/airflow/.local/lib/python3.12/site-packages/airflow/example_dags/example_sensor_decorator.py took 0.161 seconds
[2025-05-01T11:10:54.587+0000] {processor.py:161} INFO - Started process (PID=2300) to work on /home/airflow/.local/lib/python3.12/site-packages/airflow/example_dags/example_sensor_decorator.py
[2025-05-01T11:10:54.589+0000] {processor.py:830} INFO - Processing file /home/airflow/.local/lib/python3.12/site-packages/airflow/example_dags/example_sensor_decorator.py for tasks to queue
[2025-05-01T11:10:54.594+0000] {logging_mixin.py:188} INFO - [2025-05-01T11:10:54.593+0000] {dagbag.py:545} INFO - Filling up the DagBag from /home/airflow/.local/lib/python3.12/site-packages/airflow/example_dags/example_sensor_decorator.py
[2025-05-01T11:10:54.607+0000] {processor.py:840} INFO - DAG(s) 'example_sensor_decorator' retrieved from /home/airflow/.local/lib/python3.12/site-packages/airflow/example_dags/example_sensor_decorator.py
[2025-05-01T11:10:54.651+0000] {logging_mixin.py:188} INFO - [2025-05-01T11:10:54.651+0000] {dag.py:3096} INFO - Sync 1 DAGs
[2025-05-01T11:10:54.679+0000] {logging_mixin.py:188} INFO - [2025-05-01T11:10:54.678+0000] {dag.py:3954} INFO - Setting next_dagrun for example_sensor_decorator to None, run_after=None
[2025-05-01T11:10:54.722+0000] {processor.py:183} INFO - Processing /home/airflow/.local/lib/python3.12/site-packages/airflow/example_dags/example_sensor_decorator.py took 0.146 seconds
[2025-05-01T11:11:25.976+0000] {processor.py:161} INFO - Started process (PID=2360) to work on /home/airflow/.local/lib/python3.12/site-packages/airflow/example_dags/example_sensor_decorator.py
[2025-05-01T11:11:25.979+0000] {processor.py:830} INFO - Processing file /home/airflow/.local/lib/python3.12/site-packages/airflow/example_dags/example_sensor_decorator.py for tasks to queue
[2025-05-01T11:11:25.984+0000] {logging_mixin.py:188} INFO - [2025-05-01T11:11:25.983+0000] {dagbag.py:545} INFO - Filling up the DagBag from /home/airflow/.local/lib/python3.12/site-packages/airflow/example_dags/example_sensor_decorator.py
[2025-05-01T11:11:26.000+0000] {processor.py:840} INFO - DAG(s) 'example_sensor_decorator' retrieved from /home/airflow/.local/lib/python3.12/site-packages/airflow/example_dags/example_sensor_decorator.py
[2025-05-01T11:11:26.048+0000] {logging_mixin.py:188} INFO - [2025-05-01T11:11:26.047+0000] {dag.py:3096} INFO - Sync 1 DAGs
[2025-05-01T11:11:26.086+0000] {logging_mixin.py:188} INFO - [2025-05-01T11:11:26.085+0000] {dag.py:3954} INFO - Setting next_dagrun for example_sensor_decorator to None, run_after=None
[2025-05-01T11:11:26.143+0000] {processor.py:183} INFO - Processing /home/airflow/.local/lib/python3.12/site-packages/airflow/example_dags/example_sensor_decorator.py took 0.182 seconds
[2025-05-01T11:11:56.700+0000] {processor.py:161} INFO - Started process (PID=2419) to work on /home/airflow/.local/lib/python3.12/site-packages/airflow/example_dags/example_sensor_decorator.py
[2025-05-01T11:11:56.703+0000] {processor.py:830} INFO - Processing file /home/airflow/.local/lib/python3.12/site-packages/airflow/example_dags/example_sensor_decorator.py for tasks to queue
[2025-05-01T11:11:56.707+0000] {logging_mixin.py:188} INFO - [2025-05-01T11:11:56.707+0000] {dagbag.py:545} INFO - Filling up the DagBag from /home/airflow/.local/lib/python3.12/site-packages/airflow/example_dags/example_sensor_decorator.py
[2025-05-01T11:11:56.722+0000] {processor.py:840} INFO - DAG(s) 'example_sensor_decorator' retrieved from /home/airflow/.local/lib/python3.12/site-packages/airflow/example_dags/example_sensor_decorator.py
[2025-05-01T11:11:56.764+0000] {logging_mixin.py:188} INFO - [2025-05-01T11:11:56.763+0000] {dag.py:3096} INFO - Sync 1 DAGs
[2025-05-01T11:11:56.792+0000] {logging_mixin.py:188} INFO - [2025-05-01T11:11:56.791+0000] {dag.py:3954} INFO - Setting next_dagrun for example_sensor_decorator to None, run_after=None
[2025-05-01T11:11:56.839+0000] {processor.py:183} INFO - Processing /home/airflow/.local/lib/python3.12/site-packages/airflow/example_dags/example_sensor_decorator.py took 0.151 seconds
[2025-05-01T11:12:27.073+0000] {processor.py:161} INFO - Started process (PID=2478) to work on /home/airflow/.local/lib/python3.12/site-packages/airflow/example_dags/example_sensor_decorator.py
[2025-05-01T11:12:27.076+0000] {processor.py:830} INFO - Processing file /home/airflow/.local/lib/python3.12/site-packages/airflow/example_dags/example_sensor_decorator.py for tasks to queue
[2025-05-01T11:12:27.081+0000] {logging_mixin.py:188} INFO - [2025-05-01T11:12:27.080+0000] {dagbag.py:545} INFO - Filling up the DagBag from /home/airflow/.local/lib/python3.12/site-packages/airflow/example_dags/example_sensor_decorator.py
[2025-05-01T11:12:27.095+0000] {processor.py:840} INFO - DAG(s) 'example_sensor_decorator' retrieved from /home/airflow/.local/lib/python3.12/site-packages/airflow/example_dags/example_sensor_decorator.py
[2025-05-01T11:12:27.145+0000] {logging_mixin.py:188} INFO - [2025-05-01T11:12:27.145+0000] {dag.py:3096} INFO - Sync 1 DAGs
[2025-05-01T11:12:27.171+0000] {logging_mixin.py:188} INFO - [2025-05-01T11:12:27.171+0000] {dag.py:3954} INFO - Setting next_dagrun for example_sensor_decorator to None, run_after=None
[2025-05-01T11:12:27.257+0000] {processor.py:183} INFO - Processing /home/airflow/.local/lib/python3.12/site-packages/airflow/example_dags/example_sensor_decorator.py took 0.198 seconds
[2025-05-01T11:12:57.598+0000] {processor.py:161} INFO - Started process (PID=2537) to work on /home/airflow/.local/lib/python3.12/site-packages/airflow/example_dags/example_sensor_decorator.py
[2025-05-01T11:12:57.601+0000] {processor.py:830} INFO - Processing file /home/airflow/.local/lib/python3.12/site-packages/airflow/example_dags/example_sensor_decorator.py for tasks to queue
[2025-05-01T11:12:57.605+0000] {logging_mixin.py:188} INFO - [2025-05-01T11:12:57.604+0000] {dagbag.py:545} INFO - Filling up the DagBag from /home/airflow/.local/lib/python3.12/site-packages/airflow/example_dags/example_sensor_decorator.py
[2025-05-01T11:12:57.618+0000] {processor.py:840} INFO - DAG(s) 'example_sensor_decorator' retrieved from /home/airflow/.local/lib/python3.12/site-packages/airflow/example_dags/example_sensor_decorator.py
[2025-05-01T11:12:57.665+0000] {logging_mixin.py:188} INFO - [2025-05-01T11:12:57.665+0000] {dag.py:3096} INFO - Sync 1 DAGs
[2025-05-01T11:12:57.697+0000] {logging_mixin.py:188} INFO - [2025-05-01T11:12:57.697+0000] {dag.py:3954} INFO - Setting next_dagrun for example_sensor_decorator to None, run_after=None
[2025-05-01T11:12:57.775+0000] {processor.py:183} INFO - Processing /home/airflow/.local/lib/python3.12/site-packages/airflow/example_dags/example_sensor_decorator.py took 0.188 seconds
[2025-05-01T11:13:28.453+0000] {processor.py:161} INFO - Started process (PID=2596) to work on /home/airflow/.local/lib/python3.12/site-packages/airflow/example_dags/example_sensor_decorator.py
[2025-05-01T11:13:28.456+0000] {processor.py:830} INFO - Processing file /home/airflow/.local/lib/python3.12/site-packages/airflow/example_dags/example_sensor_decorator.py for tasks to queue
[2025-05-01T11:13:28.460+0000] {logging_mixin.py:188} INFO - [2025-05-01T11:13:28.459+0000] {dagbag.py:545} INFO - Filling up the DagBag from /home/airflow/.local/lib/python3.12/site-packages/airflow/example_dags/example_sensor_decorator.py
[2025-05-01T11:13:28.473+0000] {processor.py:840} INFO - DAG(s) 'example_sensor_decorator' retrieved from /home/airflow/.local/lib/python3.12/site-packages/airflow/example_dags/example_sensor_decorator.py
[2025-05-01T11:13:28.521+0000] {logging_mixin.py:188} INFO - [2025-05-01T11:13:28.520+0000] {dag.py:3096} INFO - Sync 1 DAGs
[2025-05-01T11:13:28.558+0000] {logging_mixin.py:188} INFO - [2025-05-01T11:13:28.558+0000] {dag.py:3954} INFO - Setting next_dagrun for example_sensor_decorator to None, run_after=None
[2025-05-01T11:13:28.609+0000] {processor.py:183} INFO - Processing /home/airflow/.local/lib/python3.12/site-packages/airflow/example_dags/example_sensor_decorator.py took 0.168 seconds
[2025-05-01T11:13:59.361+0000] {processor.py:161} INFO - Started process (PID=2655) to work on /home/airflow/.local/lib/python3.12/site-packages/airflow/example_dags/example_sensor_decorator.py
[2025-05-01T11:13:59.363+0000] {processor.py:830} INFO - Processing file /home/airflow/.local/lib/python3.12/site-packages/airflow/example_dags/example_sensor_decorator.py for tasks to queue
[2025-05-01T11:13:59.369+0000] {logging_mixin.py:188} INFO - [2025-05-01T11:13:59.368+0000] {dagbag.py:545} INFO - Filling up the DagBag from /home/airflow/.local/lib/python3.12/site-packages/airflow/example_dags/example_sensor_decorator.py
[2025-05-01T11:13:59.383+0000] {processor.py:840} INFO - DAG(s) 'example_sensor_decorator' retrieved from /home/airflow/.local/lib/python3.12/site-packages/airflow/example_dags/example_sensor_decorator.py
[2025-05-01T11:13:59.444+0000] {logging_mixin.py:188} INFO - [2025-05-01T11:13:59.444+0000] {dag.py:3096} INFO - Sync 1 DAGs
[2025-05-01T11:13:59.479+0000] {logging_mixin.py:188} INFO - [2025-05-01T11:13:59.478+0000] {dag.py:3954} INFO - Setting next_dagrun for example_sensor_decorator to None, run_after=None
[2025-05-01T11:13:59.574+0000] {processor.py:183} INFO - Processing /home/airflow/.local/lib/python3.12/site-packages/airflow/example_dags/example_sensor_decorator.py took 0.226 seconds
[2025-05-01T11:14:29.739+0000] {processor.py:161} INFO - Started process (PID=2712) to work on /home/airflow/.local/lib/python3.12/site-packages/airflow/example_dags/example_sensor_decorator.py
[2025-05-01T11:14:29.742+0000] {processor.py:830} INFO - Processing file /home/airflow/.local/lib/python3.12/site-packages/airflow/example_dags/example_sensor_decorator.py for tasks to queue
[2025-05-01T11:14:29.746+0000] {logging_mixin.py:188} INFO - [2025-05-01T11:14:29.746+0000] {dagbag.py:545} INFO - Filling up the DagBag from /home/airflow/.local/lib/python3.12/site-packages/airflow/example_dags/example_sensor_decorator.py
[2025-05-01T11:14:29.759+0000] {processor.py:840} INFO - DAG(s) 'example_sensor_decorator' retrieved from /home/airflow/.local/lib/python3.12/site-packages/airflow/example_dags/example_sensor_decorator.py
[2025-05-01T11:14:29.803+0000] {logging_mixin.py:188} INFO - [2025-05-01T11:14:29.803+0000] {dag.py:3096} INFO - Sync 1 DAGs
[2025-05-01T11:14:29.843+0000] {logging_mixin.py:188} INFO - [2025-05-01T11:14:29.843+0000] {dag.py:3954} INFO - Setting next_dagrun for example_sensor_decorator to None, run_after=None
[2025-05-01T11:14:29.888+0000] {processor.py:183} INFO - Processing /home/airflow/.local/lib/python3.12/site-packages/airflow/example_dags/example_sensor_decorator.py took 0.160 seconds
[2025-05-01T11:15:00.267+0000] {processor.py:161} INFO - Started process (PID=2771) to work on /home/airflow/.local/lib/python3.12/site-packages/airflow/example_dags/example_sensor_decorator.py
[2025-05-01T11:15:00.270+0000] {processor.py:830} INFO - Processing file /home/airflow/.local/lib/python3.12/site-packages/airflow/example_dags/example_sensor_decorator.py for tasks to queue
[2025-05-01T11:15:00.274+0000] {logging_mixin.py:188} INFO - [2025-05-01T11:15:00.274+0000] {dagbag.py:545} INFO - Filling up the DagBag from /home/airflow/.local/lib/python3.12/site-packages/airflow/example_dags/example_sensor_decorator.py
[2025-05-01T11:15:00.286+0000] {processor.py:840} INFO - DAG(s) 'example_sensor_decorator' retrieved from /home/airflow/.local/lib/python3.12/site-packages/airflow/example_dags/example_sensor_decorator.py
[2025-05-01T11:15:00.330+0000] {logging_mixin.py:188} INFO - [2025-05-01T11:15:00.329+0000] {dag.py:3096} INFO - Sync 1 DAGs
[2025-05-01T11:15:00.361+0000] {logging_mixin.py:188} INFO - [2025-05-01T11:15:00.361+0000] {dag.py:3954} INFO - Setting next_dagrun for example_sensor_decorator to None, run_after=None
[2025-05-01T11:15:00.435+0000] {processor.py:183} INFO - Processing /home/airflow/.local/lib/python3.12/site-packages/airflow/example_dags/example_sensor_decorator.py took 0.181 seconds
[2025-05-01T11:15:31.296+0000] {processor.py:161} INFO - Started process (PID=2830) to work on /home/airflow/.local/lib/python3.12/site-packages/airflow/example_dags/example_sensor_decorator.py
[2025-05-01T11:15:31.298+0000] {processor.py:830} INFO - Processing file /home/airflow/.local/lib/python3.12/site-packages/airflow/example_dags/example_sensor_decorator.py for tasks to queue
[2025-05-01T11:15:31.303+0000] {logging_mixin.py:188} INFO - [2025-05-01T11:15:31.302+0000] {dagbag.py:545} INFO - Filling up the DagBag from /home/airflow/.local/lib/python3.12/site-packages/airflow/example_dags/example_sensor_decorator.py
[2025-05-01T11:15:31.319+0000] {processor.py:840} INFO - DAG(s) 'example_sensor_decorator' retrieved from /home/airflow/.local/lib/python3.12/site-packages/airflow/example_dags/example_sensor_decorator.py
[2025-05-01T11:15:31.364+0000] {logging_mixin.py:188} INFO - [2025-05-01T11:15:31.363+0000] {dag.py:3096} INFO - Sync 1 DAGs
[2025-05-01T11:15:31.396+0000] {logging_mixin.py:188} INFO - [2025-05-01T11:15:31.396+0000] {dag.py:3954} INFO - Setting next_dagrun for example_sensor_decorator to None, run_after=None
[2025-05-01T11:15:31.446+0000] {processor.py:183} INFO - Processing /home/airflow/.local/lib/python3.12/site-packages/airflow/example_dags/example_sensor_decorator.py took 0.165 seconds
[2025-05-01T11:16:01.965+0000] {processor.py:161} INFO - Started process (PID=2889) to work on /home/airflow/.local/lib/python3.12/site-packages/airflow/example_dags/example_sensor_decorator.py
[2025-05-01T11:16:01.967+0000] {processor.py:830} INFO - Processing file /home/airflow/.local/lib/python3.12/site-packages/airflow/example_dags/example_sensor_decorator.py for tasks to queue
[2025-05-01T11:16:01.972+0000] {logging_mixin.py:188} INFO - [2025-05-01T11:16:01.971+0000] {dagbag.py:545} INFO - Filling up the DagBag from /home/airflow/.local/lib/python3.12/site-packages/airflow/example_dags/example_sensor_decorator.py
[2025-05-01T11:16:01.984+0000] {processor.py:840} INFO - DAG(s) 'example_sensor_decorator' retrieved from /home/airflow/.local/lib/python3.12/site-packages/airflow/example_dags/example_sensor_decorator.py
[2025-05-01T11:16:02.032+0000] {logging_mixin.py:188} INFO - [2025-05-01T11:16:02.031+0000] {dag.py:3096} INFO - Sync 1 DAGs
[2025-05-01T11:16:02.066+0000] {logging_mixin.py:188} INFO - [2025-05-01T11:16:02.066+0000] {dag.py:3954} INFO - Setting next_dagrun for example_sensor_decorator to None, run_after=None
[2025-05-01T11:16:02.114+0000] {processor.py:183} INFO - Processing /home/airflow/.local/lib/python3.12/site-packages/airflow/example_dags/example_sensor_decorator.py took 0.161 seconds
[2025-05-01T11:16:32.992+0000] {processor.py:161} INFO - Started process (PID=2948) to work on /home/airflow/.local/lib/python3.12/site-packages/airflow/example_dags/example_sensor_decorator.py
[2025-05-01T11:16:32.994+0000] {processor.py:830} INFO - Processing file /home/airflow/.local/lib/python3.12/site-packages/airflow/example_dags/example_sensor_decorator.py for tasks to queue
[2025-05-01T11:16:32.997+0000] {logging_mixin.py:188} INFO - [2025-05-01T11:16:32.997+0000] {dagbag.py:545} INFO - Filling up the DagBag from /home/airflow/.local/lib/python3.12/site-packages/airflow/example_dags/example_sensor_decorator.py
[2025-05-01T11:16:33.010+0000] {processor.py:840} INFO - DAG(s) 'example_sensor_decorator' retrieved from /home/airflow/.local/lib/python3.12/site-packages/airflow/example_dags/example_sensor_decorator.py
[2025-05-01T11:16:33.057+0000] {logging_mixin.py:188} INFO - [2025-05-01T11:16:33.056+0000] {dag.py:3096} INFO - Sync 1 DAGs
[2025-05-01T11:16:33.093+0000] {logging_mixin.py:188} INFO - [2025-05-01T11:16:33.092+0000] {dag.py:3954} INFO - Setting next_dagrun for example_sensor_decorator to None, run_after=None
[2025-05-01T11:16:33.174+0000] {processor.py:183} INFO - Processing /home/airflow/.local/lib/python3.12/site-packages/airflow/example_dags/example_sensor_decorator.py took 0.193 seconds
[2025-05-01T11:17:03.435+0000] {processor.py:161} INFO - Started process (PID=3008) to work on /home/airflow/.local/lib/python3.12/site-packages/airflow/example_dags/example_sensor_decorator.py
[2025-05-01T11:17:03.438+0000] {processor.py:830} INFO - Processing file /home/airflow/.local/lib/python3.12/site-packages/airflow/example_dags/example_sensor_decorator.py for tasks to queue
[2025-05-01T11:17:03.442+0000] {logging_mixin.py:188} INFO - [2025-05-01T11:17:03.441+0000] {dagbag.py:545} INFO - Filling up the DagBag from /home/airflow/.local/lib/python3.12/site-packages/airflow/example_dags/example_sensor_decorator.py
[2025-05-01T11:17:03.455+0000] {processor.py:840} INFO - DAG(s) 'example_sensor_decorator' retrieved from /home/airflow/.local/lib/python3.12/site-packages/airflow/example_dags/example_sensor_decorator.py
[2025-05-01T11:17:03.505+0000] {logging_mixin.py:188} INFO - [2025-05-01T11:17:03.504+0000] {dag.py:3096} INFO - Sync 1 DAGs
[2025-05-01T11:17:03.538+0000] {logging_mixin.py:188} INFO - [2025-05-01T11:17:03.538+0000] {dag.py:3954} INFO - Setting next_dagrun for example_sensor_decorator to None, run_after=None
[2025-05-01T11:17:03.586+0000] {processor.py:183} INFO - Processing /home/airflow/.local/lib/python3.12/site-packages/airflow/example_dags/example_sensor_decorator.py took 0.167 seconds
[2025-05-01T11:17:34.330+0000] {processor.py:161} INFO - Started process (PID=3067) to work on /home/airflow/.local/lib/python3.12/site-packages/airflow/example_dags/example_sensor_decorator.py
[2025-05-01T11:17:34.333+0000] {processor.py:830} INFO - Processing file /home/airflow/.local/lib/python3.12/site-packages/airflow/example_dags/example_sensor_decorator.py for tasks to queue
[2025-05-01T11:17:34.342+0000] {logging_mixin.py:188} INFO - [2025-05-01T11:17:34.338+0000] {dagbag.py:545} INFO - Filling up the DagBag from /home/airflow/.local/lib/python3.12/site-packages/airflow/example_dags/example_sensor_decorator.py
[2025-05-01T11:17:34.365+0000] {processor.py:840} INFO - DAG(s) 'example_sensor_decorator' retrieved from /home/airflow/.local/lib/python3.12/site-packages/airflow/example_dags/example_sensor_decorator.py
[2025-05-01T11:17:34.409+0000] {logging_mixin.py:188} INFO - [2025-05-01T11:17:34.409+0000] {dag.py:3096} INFO - Sync 1 DAGs
[2025-05-01T11:17:34.436+0000] {logging_mixin.py:188} INFO - [2025-05-01T11:17:34.436+0000] {dag.py:3954} INFO - Setting next_dagrun for example_sensor_decorator to None, run_after=None
[2025-05-01T11:17:34.479+0000] {processor.py:183} INFO - Processing /home/airflow/.local/lib/python3.12/site-packages/airflow/example_dags/example_sensor_decorator.py took 0.169 seconds
[2025-05-01T11:18:04.793+0000] {processor.py:161} INFO - Started process (PID=3126) to work on /home/airflow/.local/lib/python3.12/site-packages/airflow/example_dags/example_sensor_decorator.py
[2025-05-01T11:18:04.795+0000] {processor.py:830} INFO - Processing file /home/airflow/.local/lib/python3.12/site-packages/airflow/example_dags/example_sensor_decorator.py for tasks to queue
[2025-05-01T11:18:04.800+0000] {logging_mixin.py:188} INFO - [2025-05-01T11:18:04.799+0000] {dagbag.py:545} INFO - Filling up the DagBag from /home/airflow/.local/lib/python3.12/site-packages/airflow/example_dags/example_sensor_decorator.py
[2025-05-01T11:18:04.812+0000] {processor.py:840} INFO - DAG(s) 'example_sensor_decorator' retrieved from /home/airflow/.local/lib/python3.12/site-packages/airflow/example_dags/example_sensor_decorator.py
[2025-05-01T11:18:04.861+0000] {logging_mixin.py:188} INFO - [2025-05-01T11:18:04.861+0000] {dag.py:3096} INFO - Sync 1 DAGs
[2025-05-01T11:18:04.892+0000] {logging_mixin.py:188} INFO - [2025-05-01T11:18:04.891+0000] {dag.py:3954} INFO - Setting next_dagrun for example_sensor_decorator to None, run_after=None
[2025-05-01T11:18:04.941+0000] {processor.py:183} INFO - Processing /home/airflow/.local/lib/python3.12/site-packages/airflow/example_dags/example_sensor_decorator.py took 0.161 seconds
[2025-05-01T11:18:36.209+0000] {processor.py:161} INFO - Started process (PID=3185) to work on /home/airflow/.local/lib/python3.12/site-packages/airflow/example_dags/example_sensor_decorator.py
[2025-05-01T11:18:36.212+0000] {processor.py:830} INFO - Processing file /home/airflow/.local/lib/python3.12/site-packages/airflow/example_dags/example_sensor_decorator.py for tasks to queue
[2025-05-01T11:18:36.217+0000] {logging_mixin.py:188} INFO - [2025-05-01T11:18:36.216+0000] {dagbag.py:545} INFO - Filling up the DagBag from /home/airflow/.local/lib/python3.12/site-packages/airflow/example_dags/example_sensor_decorator.py
[2025-05-01T11:18:36.232+0000] {processor.py:840} INFO - DAG(s) 'example_sensor_decorator' retrieved from /home/airflow/.local/lib/python3.12/site-packages/airflow/example_dags/example_sensor_decorator.py
[2025-05-01T11:18:36.283+0000] {logging_mixin.py:188} INFO - [2025-05-01T11:18:36.283+0000] {dag.py:3096} INFO - Sync 1 DAGs
[2025-05-01T11:18:36.315+0000] {logging_mixin.py:188} INFO - [2025-05-01T11:18:36.315+0000] {dag.py:3954} INFO - Setting next_dagrun for example_sensor_decorator to None, run_after=None
[2025-05-01T11:18:36.377+0000] {processor.py:183} INFO - Processing /home/airflow/.local/lib/python3.12/site-packages/airflow/example_dags/example_sensor_decorator.py took 0.181 seconds
[2025-05-01T11:19:07.042+0000] {processor.py:161} INFO - Started process (PID=3244) to work on /home/airflow/.local/lib/python3.12/site-packages/airflow/example_dags/example_sensor_decorator.py
[2025-05-01T11:19:07.045+0000] {processor.py:830} INFO - Processing file /home/airflow/.local/lib/python3.12/site-packages/airflow/example_dags/example_sensor_decorator.py for tasks to queue
[2025-05-01T11:19:07.050+0000] {logging_mixin.py:188} INFO - [2025-05-01T11:19:07.049+0000] {dagbag.py:545} INFO - Filling up the DagBag from /home/airflow/.local/lib/python3.12/site-packages/airflow/example_dags/example_sensor_decorator.py
[2025-05-01T11:19:07.063+0000] {processor.py:840} INFO - DAG(s) 'example_sensor_decorator' retrieved from /home/airflow/.local/lib/python3.12/site-packages/airflow/example_dags/example_sensor_decorator.py
[2025-05-01T11:19:07.114+0000] {logging_mixin.py:188} INFO - [2025-05-01T11:19:07.113+0000] {dag.py:3096} INFO - Sync 1 DAGs
[2025-05-01T11:19:07.147+0000] {logging_mixin.py:188} INFO - [2025-05-01T11:19:07.146+0000] {dag.py:3954} INFO - Setting next_dagrun for example_sensor_decorator to None, run_after=None
[2025-05-01T11:19:07.196+0000] {processor.py:183} INFO - Processing /home/airflow/.local/lib/python3.12/site-packages/airflow/example_dags/example_sensor_decorator.py took 0.167 seconds
[2025-05-01T11:19:37.365+0000] {processor.py:161} INFO - Started process (PID=3303) to work on /home/airflow/.local/lib/python3.12/site-packages/airflow/example_dags/example_sensor_decorator.py
[2025-05-01T11:19:37.367+0000] {processor.py:830} INFO - Processing file /home/airflow/.local/lib/python3.12/site-packages/airflow/example_dags/example_sensor_decorator.py for tasks to queue
[2025-05-01T11:19:37.371+0000] {logging_mixin.py:188} INFO - [2025-05-01T11:19:37.371+0000] {dagbag.py:545} INFO - Filling up the DagBag from /home/airflow/.local/lib/python3.12/site-packages/airflow/example_dags/example_sensor_decorator.py
[2025-05-01T11:19:37.384+0000] {processor.py:840} INFO - DAG(s) 'example_sensor_decorator' retrieved from /home/airflow/.local/lib/python3.12/site-packages/airflow/example_dags/example_sensor_decorator.py
[2025-05-01T11:19:37.427+0000] {logging_mixin.py:188} INFO - [2025-05-01T11:19:37.427+0000] {dag.py:3096} INFO - Sync 1 DAGs
[2025-05-01T11:19:37.454+0000] {logging_mixin.py:188} INFO - [2025-05-01T11:19:37.453+0000] {dag.py:3954} INFO - Setting next_dagrun for example_sensor_decorator to None, run_after=None
[2025-05-01T11:19:37.496+0000] {processor.py:183} INFO - Processing /home/airflow/.local/lib/python3.12/site-packages/airflow/example_dags/example_sensor_decorator.py took 0.144 seconds
[2025-05-01T11:20:08.450+0000] {processor.py:161} INFO - Started process (PID=3362) to work on /home/airflow/.local/lib/python3.12/site-packages/airflow/example_dags/example_sensor_decorator.py
[2025-05-01T11:20:08.454+0000] {processor.py:830} INFO - Processing file /home/airflow/.local/lib/python3.12/site-packages/airflow/example_dags/example_sensor_decorator.py for tasks to queue
[2025-05-01T11:20:08.459+0000] {logging_mixin.py:188} INFO - [2025-05-01T11:20:08.459+0000] {dagbag.py:545} INFO - Filling up the DagBag from /home/airflow/.local/lib/python3.12/site-packages/airflow/example_dags/example_sensor_decorator.py
[2025-05-01T11:20:08.479+0000] {processor.py:840} INFO - DAG(s) 'example_sensor_decorator' retrieved from /home/airflow/.local/lib/python3.12/site-packages/airflow/example_dags/example_sensor_decorator.py
[2025-05-01T11:20:08.533+0000] {logging_mixin.py:188} INFO - [2025-05-01T11:20:08.533+0000] {dag.py:3096} INFO - Sync 1 DAGs
[2025-05-01T11:20:08.575+0000] {logging_mixin.py:188} INFO - [2025-05-01T11:20:08.574+0000] {dag.py:3954} INFO - Setting next_dagrun for example_sensor_decorator to None, run_after=None
[2025-05-01T11:20:08.624+0000] {processor.py:183} INFO - Processing /home/airflow/.local/lib/python3.12/site-packages/airflow/example_dags/example_sensor_decorator.py took 0.194 seconds
[2025-05-01T11:20:39.482+0000] {processor.py:161} INFO - Started process (PID=3421) to work on /home/airflow/.local/lib/python3.12/site-packages/airflow/example_dags/example_sensor_decorator.py
[2025-05-01T11:20:39.485+0000] {processor.py:830} INFO - Processing file /home/airflow/.local/lib/python3.12/site-packages/airflow/example_dags/example_sensor_decorator.py for tasks to queue
[2025-05-01T11:20:39.490+0000] {logging_mixin.py:188} INFO - [2025-05-01T11:20:39.489+0000] {dagbag.py:545} INFO - Filling up the DagBag from /home/airflow/.local/lib/python3.12/site-packages/airflow/example_dags/example_sensor_decorator.py
[2025-05-01T11:20:39.504+0000] {processor.py:840} INFO - DAG(s) 'example_sensor_decorator' retrieved from /home/airflow/.local/lib/python3.12/site-packages/airflow/example_dags/example_sensor_decorator.py
[2025-05-01T11:20:39.551+0000] {logging_mixin.py:188} INFO - [2025-05-01T11:20:39.551+0000] {dag.py:3096} INFO - Sync 1 DAGs
[2025-05-01T11:20:39.581+0000] {logging_mixin.py:188} INFO - [2025-05-01T11:20:39.580+0000] {dag.py:3954} INFO - Setting next_dagrun for example_sensor_decorator to None, run_after=None
[2025-05-01T11:20:39.660+0000] {processor.py:183} INFO - Processing /home/airflow/.local/lib/python3.12/site-packages/airflow/example_dags/example_sensor_decorator.py took 0.197 seconds
[2025-05-01T11:21:09.947+0000] {processor.py:161} INFO - Started process (PID=3480) to work on /home/airflow/.local/lib/python3.12/site-packages/airflow/example_dags/example_sensor_decorator.py
[2025-05-01T11:21:09.950+0000] {processor.py:830} INFO - Processing file /home/airflow/.local/lib/python3.12/site-packages/airflow/example_dags/example_sensor_decorator.py for tasks to queue
[2025-05-01T11:21:09.954+0000] {logging_mixin.py:188} INFO - [2025-05-01T11:21:09.953+0000] {dagbag.py:545} INFO - Filling up the DagBag from /home/airflow/.local/lib/python3.12/site-packages/airflow/example_dags/example_sensor_decorator.py
[2025-05-01T11:21:09.966+0000] {processor.py:840} INFO - DAG(s) 'example_sensor_decorator' retrieved from /home/airflow/.local/lib/python3.12/site-packages/airflow/example_dags/example_sensor_decorator.py
[2025-05-01T11:21:10.012+0000] {logging_mixin.py:188} INFO - [2025-05-01T11:21:10.012+0000] {dag.py:3096} INFO - Sync 1 DAGs
[2025-05-01T11:21:10.040+0000] {logging_mixin.py:188} INFO - [2025-05-01T11:21:10.040+0000] {dag.py:3954} INFO - Setting next_dagrun for example_sensor_decorator to None, run_after=None
[2025-05-01T11:21:10.079+0000] {processor.py:183} INFO - Processing /home/airflow/.local/lib/python3.12/site-packages/airflow/example_dags/example_sensor_decorator.py took 0.143 seconds
[2025-05-01T11:21:40.427+0000] {processor.py:161} INFO - Started process (PID=3539) to work on /home/airflow/.local/lib/python3.12/site-packages/airflow/example_dags/example_sensor_decorator.py
[2025-05-01T11:21:40.430+0000] {processor.py:830} INFO - Processing file /home/airflow/.local/lib/python3.12/site-packages/airflow/example_dags/example_sensor_decorator.py for tasks to queue
[2025-05-01T11:21:40.434+0000] {logging_mixin.py:188} INFO - [2025-05-01T11:21:40.433+0000] {dagbag.py:545} INFO - Filling up the DagBag from /home/airflow/.local/lib/python3.12/site-packages/airflow/example_dags/example_sensor_decorator.py
[2025-05-01T11:21:40.446+0000] {processor.py:840} INFO - DAG(s) 'example_sensor_decorator' retrieved from /home/airflow/.local/lib/python3.12/site-packages/airflow/example_dags/example_sensor_decorator.py
[2025-05-01T11:21:40.488+0000] {logging_mixin.py:188} INFO - [2025-05-01T11:21:40.488+0000] {dag.py:3096} INFO - Sync 1 DAGs
[2025-05-01T11:21:40.515+0000] {logging_mixin.py:188} INFO - [2025-05-01T11:21:40.515+0000] {dag.py:3954} INFO - Setting next_dagrun for example_sensor_decorator to None, run_after=None
[2025-05-01T11:21:40.567+0000] {processor.py:183} INFO - Processing /home/airflow/.local/lib/python3.12/site-packages/airflow/example_dags/example_sensor_decorator.py took 0.156 seconds
[2025-05-01T11:22:11.128+0000] {processor.py:161} INFO - Started process (PID=3598) to work on /home/airflow/.local/lib/python3.12/site-packages/airflow/example_dags/example_sensor_decorator.py
[2025-05-01T11:22:11.131+0000] {processor.py:830} INFO - Processing file /home/airflow/.local/lib/python3.12/site-packages/airflow/example_dags/example_sensor_decorator.py for tasks to queue
[2025-05-01T11:22:11.136+0000] {logging_mixin.py:188} INFO - [2025-05-01T11:22:11.135+0000] {dagbag.py:545} INFO - Filling up the DagBag from /home/airflow/.local/lib/python3.12/site-packages/airflow/example_dags/example_sensor_decorator.py
[2025-05-01T11:22:11.149+0000] {processor.py:840} INFO - DAG(s) 'example_sensor_decorator' retrieved from /home/airflow/.local/lib/python3.12/site-packages/airflow/example_dags/example_sensor_decorator.py
[2025-05-01T11:22:11.197+0000] {logging_mixin.py:188} INFO - [2025-05-01T11:22:11.197+0000] {dag.py:3096} INFO - Sync 1 DAGs
[2025-05-01T11:22:11.225+0000] {logging_mixin.py:188} INFO - [2025-05-01T11:22:11.224+0000] {dag.py:3954} INFO - Setting next_dagrun for example_sensor_decorator to None, run_after=None
[2025-05-01T11:22:11.268+0000] {processor.py:183} INFO - Processing /home/airflow/.local/lib/python3.12/site-packages/airflow/example_dags/example_sensor_decorator.py took 0.153 seconds
[2025-05-01T11:22:41.588+0000] {processor.py:161} INFO - Started process (PID=3657) to work on /home/airflow/.local/lib/python3.12/site-packages/airflow/example_dags/example_sensor_decorator.py
[2025-05-01T11:22:41.591+0000] {processor.py:830} INFO - Processing file /home/airflow/.local/lib/python3.12/site-packages/airflow/example_dags/example_sensor_decorator.py for tasks to queue
[2025-05-01T11:22:41.595+0000] {logging_mixin.py:188} INFO - [2025-05-01T11:22:41.594+0000] {dagbag.py:545} INFO - Filling up the DagBag from /home/airflow/.local/lib/python3.12/site-packages/airflow/example_dags/example_sensor_decorator.py
[2025-05-01T11:22:41.607+0000] {processor.py:840} INFO - DAG(s) 'example_sensor_decorator' retrieved from /home/airflow/.local/lib/python3.12/site-packages/airflow/example_dags/example_sensor_decorator.py
[2025-05-01T11:22:41.650+0000] {logging_mixin.py:188} INFO - [2025-05-01T11:22:41.649+0000] {dag.py:3096} INFO - Sync 1 DAGs
[2025-05-01T11:22:41.680+0000] {logging_mixin.py:188} INFO - [2025-05-01T11:22:41.679+0000] {dag.py:3954} INFO - Setting next_dagrun for example_sensor_decorator to None, run_after=None
[2025-05-01T11:22:41.747+0000] {processor.py:183} INFO - Processing /home/airflow/.local/lib/python3.12/site-packages/airflow/example_dags/example_sensor_decorator.py took 0.171 seconds
[2025-05-01T11:23:12.314+0000] {processor.py:161} INFO - Started process (PID=3716) to work on /home/airflow/.local/lib/python3.12/site-packages/airflow/example_dags/example_sensor_decorator.py
[2025-05-01T11:23:12.317+0000] {processor.py:830} INFO - Processing file /home/airflow/.local/lib/python3.12/site-packages/airflow/example_dags/example_sensor_decorator.py for tasks to queue
[2025-05-01T11:23:12.323+0000] {logging_mixin.py:188} INFO - [2025-05-01T11:23:12.321+0000] {dagbag.py:545} INFO - Filling up the DagBag from /home/airflow/.local/lib/python3.12/site-packages/airflow/example_dags/example_sensor_decorator.py
[2025-05-01T11:23:12.338+0000] {processor.py:840} INFO - DAG(s) 'example_sensor_decorator' retrieved from /home/airflow/.local/lib/python3.12/site-packages/airflow/example_dags/example_sensor_decorator.py
[2025-05-01T11:23:12.398+0000] {logging_mixin.py:188} INFO - [2025-05-01T11:23:12.397+0000] {dag.py:3096} INFO - Sync 1 DAGs
[2025-05-01T11:23:12.436+0000] {logging_mixin.py:188} INFO - [2025-05-01T11:23:12.435+0000] {dag.py:3954} INFO - Setting next_dagrun for example_sensor_decorator to None, run_after=None
[2025-05-01T11:23:12.493+0000] {processor.py:183} INFO - Processing /home/airflow/.local/lib/python3.12/site-packages/airflow/example_dags/example_sensor_decorator.py took 0.192 seconds
[2025-05-01T11:23:43.338+0000] {processor.py:161} INFO - Started process (PID=3775) to work on /home/airflow/.local/lib/python3.12/site-packages/airflow/example_dags/example_sensor_decorator.py
[2025-05-01T11:23:43.342+0000] {processor.py:830} INFO - Processing file /home/airflow/.local/lib/python3.12/site-packages/airflow/example_dags/example_sensor_decorator.py for tasks to queue
[2025-05-01T11:23:43.348+0000] {logging_mixin.py:188} INFO - [2025-05-01T11:23:43.347+0000] {dagbag.py:545} INFO - Filling up the DagBag from /home/airflow/.local/lib/python3.12/site-packages/airflow/example_dags/example_sensor_decorator.py
[2025-05-01T11:23:43.367+0000] {processor.py:840} INFO - DAG(s) 'example_sensor_decorator' retrieved from /home/airflow/.local/lib/python3.12/site-packages/airflow/example_dags/example_sensor_decorator.py
[2025-05-01T11:23:43.432+0000] {logging_mixin.py:188} INFO - [2025-05-01T11:23:43.431+0000] {dag.py:3096} INFO - Sync 1 DAGs
[2025-05-01T11:23:43.485+0000] {logging_mixin.py:188} INFO - [2025-05-01T11:23:43.484+0000] {dag.py:3954} INFO - Setting next_dagrun for example_sensor_decorator to None, run_after=None
[2025-05-01T11:23:43.547+0000] {processor.py:183} INFO - Processing /home/airflow/.local/lib/python3.12/site-packages/airflow/example_dags/example_sensor_decorator.py took 0.228 seconds
[2025-05-01T11:24:14.076+0000] {processor.py:161} INFO - Started process (PID=3835) to work on /home/airflow/.local/lib/python3.12/site-packages/airflow/example_dags/example_sensor_decorator.py
[2025-05-01T11:24:14.078+0000] {processor.py:830} INFO - Processing file /home/airflow/.local/lib/python3.12/site-packages/airflow/example_dags/example_sensor_decorator.py for tasks to queue
[2025-05-01T11:24:14.083+0000] {logging_mixin.py:188} INFO - [2025-05-01T11:24:14.082+0000] {dagbag.py:545} INFO - Filling up the DagBag from /home/airflow/.local/lib/python3.12/site-packages/airflow/example_dags/example_sensor_decorator.py
[2025-05-01T11:24:14.097+0000] {processor.py:840} INFO - DAG(s) 'example_sensor_decorator' retrieved from /home/airflow/.local/lib/python3.12/site-packages/airflow/example_dags/example_sensor_decorator.py
[2025-05-01T11:24:14.149+0000] {logging_mixin.py:188} INFO - [2025-05-01T11:24:14.148+0000] {dag.py:3096} INFO - Sync 1 DAGs
[2025-05-01T11:24:14.178+0000] {logging_mixin.py:188} INFO - [2025-05-01T11:24:14.177+0000] {dag.py:3954} INFO - Setting next_dagrun for example_sensor_decorator to None, run_after=None
[2025-05-01T11:24:14.234+0000] {processor.py:183} INFO - Processing /home/airflow/.local/lib/python3.12/site-packages/airflow/example_dags/example_sensor_decorator.py took 0.178 seconds
[2025-05-01T11:24:44.593+0000] {processor.py:161} INFO - Started process (PID=3895) to work on /home/airflow/.local/lib/python3.12/site-packages/airflow/example_dags/example_sensor_decorator.py
[2025-05-01T11:24:44.596+0000] {processor.py:830} INFO - Processing file /home/airflow/.local/lib/python3.12/site-packages/airflow/example_dags/example_sensor_decorator.py for tasks to queue
[2025-05-01T11:24:44.601+0000] {logging_mixin.py:188} INFO - [2025-05-01T11:24:44.600+0000] {dagbag.py:545} INFO - Filling up the DagBag from /home/airflow/.local/lib/python3.12/site-packages/airflow/example_dags/example_sensor_decorator.py
[2025-05-01T11:24:44.614+0000] {processor.py:840} INFO - DAG(s) 'example_sensor_decorator' retrieved from /home/airflow/.local/lib/python3.12/site-packages/airflow/example_dags/example_sensor_decorator.py
[2025-05-01T11:24:44.663+0000] {logging_mixin.py:188} INFO - [2025-05-01T11:24:44.662+0000] {dag.py:3096} INFO - Sync 1 DAGs
[2025-05-01T11:24:44.691+0000] {logging_mixin.py:188} INFO - [2025-05-01T11:24:44.691+0000] {dag.py:3954} INFO - Setting next_dagrun for example_sensor_decorator to None, run_after=None
[2025-05-01T11:24:44.783+0000] {processor.py:183} INFO - Processing /home/airflow/.local/lib/python3.12/site-packages/airflow/example_dags/example_sensor_decorator.py took 0.203 seconds
[2025-05-01T11:25:14.897+0000] {processor.py:161} INFO - Started process (PID=3954) to work on /home/airflow/.local/lib/python3.12/site-packages/airflow/example_dags/example_sensor_decorator.py
[2025-05-01T11:25:14.900+0000] {processor.py:830} INFO - Processing file /home/airflow/.local/lib/python3.12/site-packages/airflow/example_dags/example_sensor_decorator.py for tasks to queue
[2025-05-01T11:25:14.906+0000] {logging_mixin.py:188} INFO - [2025-05-01T11:25:14.905+0000] {dagbag.py:545} INFO - Filling up the DagBag from /home/airflow/.local/lib/python3.12/site-packages/airflow/example_dags/example_sensor_decorator.py
[2025-05-01T11:25:14.926+0000] {processor.py:840} INFO - DAG(s) 'example_sensor_decorator' retrieved from /home/airflow/.local/lib/python3.12/site-packages/airflow/example_dags/example_sensor_decorator.py
[2025-05-01T11:25:14.975+0000] {logging_mixin.py:188} INFO - [2025-05-01T11:25:14.975+0000] {dag.py:3096} INFO - Sync 1 DAGs
[2025-05-01T11:25:15.009+0000] {logging_mixin.py:188} INFO - [2025-05-01T11:25:15.008+0000] {dag.py:3954} INFO - Setting next_dagrun for example_sensor_decorator to None, run_after=None
[2025-05-01T11:25:15.063+0000] {processor.py:183} INFO - Processing /home/airflow/.local/lib/python3.12/site-packages/airflow/example_dags/example_sensor_decorator.py took 0.180 seconds
[2025-05-01T11:25:45.448+0000] {processor.py:161} INFO - Started process (PID=4013) to work on /home/airflow/.local/lib/python3.12/site-packages/airflow/example_dags/example_sensor_decorator.py
[2025-05-01T11:25:45.450+0000] {processor.py:830} INFO - Processing file /home/airflow/.local/lib/python3.12/site-packages/airflow/example_dags/example_sensor_decorator.py for tasks to queue
[2025-05-01T11:25:45.455+0000] {logging_mixin.py:188} INFO - [2025-05-01T11:25:45.454+0000] {dagbag.py:545} INFO - Filling up the DagBag from /home/airflow/.local/lib/python3.12/site-packages/airflow/example_dags/example_sensor_decorator.py
[2025-05-01T11:25:45.470+0000] {processor.py:840} INFO - DAG(s) 'example_sensor_decorator' retrieved from /home/airflow/.local/lib/python3.12/site-packages/airflow/example_dags/example_sensor_decorator.py
[2025-05-01T11:25:45.522+0000] {logging_mixin.py:188} INFO - [2025-05-01T11:25:45.522+0000] {dag.py:3096} INFO - Sync 1 DAGs
[2025-05-01T11:25:45.562+0000] {logging_mixin.py:188} INFO - [2025-05-01T11:25:45.561+0000] {dag.py:3954} INFO - Setting next_dagrun for example_sensor_decorator to None, run_after=None
[2025-05-01T11:25:45.632+0000] {processor.py:183} INFO - Processing /home/airflow/.local/lib/python3.12/site-packages/airflow/example_dags/example_sensor_decorator.py took 0.200 seconds
[2025-05-01T11:31:53.302+0000] {processor.py:161} INFO - Started process (PID=125) to work on /home/airflow/.local/lib/python3.12/site-packages/airflow/example_dags/example_sensor_decorator.py
[2025-05-01T11:31:53.306+0000] {processor.py:830} INFO - Processing file /home/airflow/.local/lib/python3.12/site-packages/airflow/example_dags/example_sensor_decorator.py for tasks to queue
[2025-05-01T11:31:53.312+0000] {logging_mixin.py:188} INFO - [2025-05-01T11:31:53.311+0000] {dagbag.py:545} INFO - Filling up the DagBag from /home/airflow/.local/lib/python3.12/site-packages/airflow/example_dags/example_sensor_decorator.py
[2025-05-01T11:31:53.335+0000] {processor.py:840} INFO - DAG(s) 'example_sensor_decorator' retrieved from /home/airflow/.local/lib/python3.12/site-packages/airflow/example_dags/example_sensor_decorator.py
[2025-05-01T11:31:53.608+0000] {logging_mixin.py:188} INFO - [2025-05-01T11:31:53.607+0000] {dag.py:3096} INFO - Sync 1 DAGs
[2025-05-01T11:31:53.639+0000] {logging_mixin.py:188} INFO - [2025-05-01T11:31:53.639+0000] {dag.py:3954} INFO - Setting next_dagrun for example_sensor_decorator to None, run_after=None
[2025-05-01T11:31:53.688+0000] {processor.py:183} INFO - Processing /home/airflow/.local/lib/python3.12/site-packages/airflow/example_dags/example_sensor_decorator.py took 0.402 seconds
[2025-05-01T11:32:24.337+0000] {processor.py:161} INFO - Started process (PID=184) to work on /home/airflow/.local/lib/python3.12/site-packages/airflow/example_dags/example_sensor_decorator.py
[2025-05-01T11:32:24.340+0000] {processor.py:830} INFO - Processing file /home/airflow/.local/lib/python3.12/site-packages/airflow/example_dags/example_sensor_decorator.py for tasks to queue
[2025-05-01T11:32:24.344+0000] {logging_mixin.py:188} INFO - [2025-05-01T11:32:24.343+0000] {dagbag.py:545} INFO - Filling up the DagBag from /home/airflow/.local/lib/python3.12/site-packages/airflow/example_dags/example_sensor_decorator.py
[2025-05-01T11:32:24.356+0000] {processor.py:840} INFO - DAG(s) 'example_sensor_decorator' retrieved from /home/airflow/.local/lib/python3.12/site-packages/airflow/example_dags/example_sensor_decorator.py
[2025-05-01T11:32:24.397+0000] {logging_mixin.py:188} INFO - [2025-05-01T11:32:24.397+0000] {dag.py:3096} INFO - Sync 1 DAGs
[2025-05-01T11:32:24.427+0000] {logging_mixin.py:188} INFO - [2025-05-01T11:32:24.426+0000] {dag.py:3954} INFO - Setting next_dagrun for example_sensor_decorator to None, run_after=None
[2025-05-01T11:32:24.472+0000] {processor.py:183} INFO - Processing /home/airflow/.local/lib/python3.12/site-packages/airflow/example_dags/example_sensor_decorator.py took 0.145 seconds
[2025-05-01T11:32:54.985+0000] {processor.py:161} INFO - Started process (PID=243) to work on /home/airflow/.local/lib/python3.12/site-packages/airflow/example_dags/example_sensor_decorator.py
[2025-05-01T11:32:54.987+0000] {processor.py:830} INFO - Processing file /home/airflow/.local/lib/python3.12/site-packages/airflow/example_dags/example_sensor_decorator.py for tasks to queue
[2025-05-01T11:32:54.993+0000] {logging_mixin.py:188} INFO - [2025-05-01T11:32:54.992+0000] {dagbag.py:545} INFO - Filling up the DagBag from /home/airflow/.local/lib/python3.12/site-packages/airflow/example_dags/example_sensor_decorator.py
[2025-05-01T11:32:55.009+0000] {processor.py:840} INFO - DAG(s) 'example_sensor_decorator' retrieved from /home/airflow/.local/lib/python3.12/site-packages/airflow/example_dags/example_sensor_decorator.py
[2025-05-01T11:32:55.058+0000] {logging_mixin.py:188} INFO - [2025-05-01T11:32:55.058+0000] {dag.py:3096} INFO - Sync 1 DAGs
[2025-05-01T11:32:55.089+0000] {logging_mixin.py:188} INFO - [2025-05-01T11:32:55.089+0000] {dag.py:3954} INFO - Setting next_dagrun for example_sensor_decorator to None, run_after=None
[2025-05-01T11:32:55.180+0000] {processor.py:183} INFO - Processing /home/airflow/.local/lib/python3.12/site-packages/airflow/example_dags/example_sensor_decorator.py took 0.213 seconds
[2025-05-01T11:33:25.786+0000] {processor.py:161} INFO - Started process (PID=301) to work on /home/airflow/.local/lib/python3.12/site-packages/airflow/example_dags/example_sensor_decorator.py
[2025-05-01T11:33:25.789+0000] {processor.py:830} INFO - Processing file /home/airflow/.local/lib/python3.12/site-packages/airflow/example_dags/example_sensor_decorator.py for tasks to queue
[2025-05-01T11:33:25.795+0000] {logging_mixin.py:188} INFO - [2025-05-01T11:33:25.794+0000] {dagbag.py:545} INFO - Filling up the DagBag from /home/airflow/.local/lib/python3.12/site-packages/airflow/example_dags/example_sensor_decorator.py
[2025-05-01T11:33:25.811+0000] {processor.py:840} INFO - DAG(s) 'example_sensor_decorator' retrieved from /home/airflow/.local/lib/python3.12/site-packages/airflow/example_dags/example_sensor_decorator.py
[2025-05-01T11:33:25.880+0000] {logging_mixin.py:188} INFO - [2025-05-01T11:33:25.879+0000] {dag.py:3096} INFO - Sync 1 DAGs
[2025-05-01T11:33:25.918+0000] {logging_mixin.py:188} INFO - [2025-05-01T11:33:25.917+0000] {dag.py:3954} INFO - Setting next_dagrun for example_sensor_decorator to None, run_after=None
[2025-05-01T11:33:25.979+0000] {processor.py:183} INFO - Processing /home/airflow/.local/lib/python3.12/site-packages/airflow/example_dags/example_sensor_decorator.py took 0.209 seconds
[2025-05-01T11:33:56.495+0000] {processor.py:161} INFO - Started process (PID=361) to work on /home/airflow/.local/lib/python3.12/site-packages/airflow/example_dags/example_sensor_decorator.py
[2025-05-01T11:33:56.497+0000] {processor.py:830} INFO - Processing file /home/airflow/.local/lib/python3.12/site-packages/airflow/example_dags/example_sensor_decorator.py for tasks to queue
[2025-05-01T11:33:56.501+0000] {logging_mixin.py:188} INFO - [2025-05-01T11:33:56.501+0000] {dagbag.py:545} INFO - Filling up the DagBag from /home/airflow/.local/lib/python3.12/site-packages/airflow/example_dags/example_sensor_decorator.py
[2025-05-01T11:33:56.514+0000] {processor.py:840} INFO - DAG(s) 'example_sensor_decorator' retrieved from /home/airflow/.local/lib/python3.12/site-packages/airflow/example_dags/example_sensor_decorator.py
[2025-05-01T11:33:56.560+0000] {logging_mixin.py:188} INFO - [2025-05-01T11:33:56.560+0000] {dag.py:3096} INFO - Sync 1 DAGs
[2025-05-01T11:33:56.587+0000] {logging_mixin.py:188} INFO - [2025-05-01T11:33:56.586+0000] {dag.py:3954} INFO - Setting next_dagrun for example_sensor_decorator to None, run_after=None
[2025-05-01T11:33:56.644+0000] {processor.py:183} INFO - Processing /home/airflow/.local/lib/python3.12/site-packages/airflow/example_dags/example_sensor_decorator.py took 0.161 seconds
[2025-05-01T11:34:27.578+0000] {processor.py:161} INFO - Started process (PID=420) to work on /home/airflow/.local/lib/python3.12/site-packages/airflow/example_dags/example_sensor_decorator.py
[2025-05-01T11:34:27.581+0000] {processor.py:830} INFO - Processing file /home/airflow/.local/lib/python3.12/site-packages/airflow/example_dags/example_sensor_decorator.py for tasks to queue
[2025-05-01T11:34:27.585+0000] {logging_mixin.py:188} INFO - [2025-05-01T11:34:27.585+0000] {dagbag.py:545} INFO - Filling up the DagBag from /home/airflow/.local/lib/python3.12/site-packages/airflow/example_dags/example_sensor_decorator.py
[2025-05-01T11:34:27.599+0000] {processor.py:840} INFO - DAG(s) 'example_sensor_decorator' retrieved from /home/airflow/.local/lib/python3.12/site-packages/airflow/example_dags/example_sensor_decorator.py
[2025-05-01T11:34:27.679+0000] {logging_mixin.py:188} INFO - [2025-05-01T11:34:27.678+0000] {dag.py:3096} INFO - Sync 1 DAGs
[2025-05-01T11:34:27.726+0000] {logging_mixin.py:188} INFO - [2025-05-01T11:34:27.726+0000] {dag.py:3954} INFO - Setting next_dagrun for example_sensor_decorator to None, run_after=None
[2025-05-01T11:34:27.786+0000] {processor.py:183} INFO - Processing /home/airflow/.local/lib/python3.12/site-packages/airflow/example_dags/example_sensor_decorator.py took 0.222 seconds
[2025-05-01T11:34:58.218+0000] {processor.py:161} INFO - Started process (PID=479) to work on /home/airflow/.local/lib/python3.12/site-packages/airflow/example_dags/example_sensor_decorator.py
[2025-05-01T11:34:58.220+0000] {processor.py:830} INFO - Processing file /home/airflow/.local/lib/python3.12/site-packages/airflow/example_dags/example_sensor_decorator.py for tasks to queue
[2025-05-01T11:34:58.224+0000] {logging_mixin.py:188} INFO - [2025-05-01T11:34:58.224+0000] {dagbag.py:545} INFO - Filling up the DagBag from /home/airflow/.local/lib/python3.12/site-packages/airflow/example_dags/example_sensor_decorator.py
[2025-05-01T11:34:58.236+0000] {processor.py:840} INFO - DAG(s) 'example_sensor_decorator' retrieved from /home/airflow/.local/lib/python3.12/site-packages/airflow/example_dags/example_sensor_decorator.py
[2025-05-01T11:34:58.282+0000] {logging_mixin.py:188} INFO - [2025-05-01T11:34:58.282+0000] {dag.py:3096} INFO - Sync 1 DAGs
[2025-05-01T11:34:58.315+0000] {logging_mixin.py:188} INFO - [2025-05-01T11:34:58.314+0000] {dag.py:3954} INFO - Setting next_dagrun for example_sensor_decorator to None, run_after=None
[2025-05-01T11:34:58.364+0000] {processor.py:183} INFO - Processing /home/airflow/.local/lib/python3.12/site-packages/airflow/example_dags/example_sensor_decorator.py took 0.157 seconds
[2025-05-01T11:35:28.949+0000] {processor.py:161} INFO - Started process (PID=538) to work on /home/airflow/.local/lib/python3.12/site-packages/airflow/example_dags/example_sensor_decorator.py
[2025-05-01T11:35:28.953+0000] {processor.py:830} INFO - Processing file /home/airflow/.local/lib/python3.12/site-packages/airflow/example_dags/example_sensor_decorator.py for tasks to queue
[2025-05-01T11:35:28.957+0000] {logging_mixin.py:188} INFO - [2025-05-01T11:35:28.956+0000] {dagbag.py:545} INFO - Filling up the DagBag from /home/airflow/.local/lib/python3.12/site-packages/airflow/example_dags/example_sensor_decorator.py
[2025-05-01T11:35:28.969+0000] {processor.py:840} INFO - DAG(s) 'example_sensor_decorator' retrieved from /home/airflow/.local/lib/python3.12/site-packages/airflow/example_dags/example_sensor_decorator.py
[2025-05-01T11:35:29.020+0000] {logging_mixin.py:188} INFO - [2025-05-01T11:35:29.019+0000] {dag.py:3096} INFO - Sync 1 DAGs
[2025-05-01T11:35:29.046+0000] {logging_mixin.py:188} INFO - [2025-05-01T11:35:29.046+0000] {dag.py:3954} INFO - Setting next_dagrun for example_sensor_decorator to None, run_after=None
[2025-05-01T11:35:29.092+0000] {processor.py:183} INFO - Processing /home/airflow/.local/lib/python3.12/site-packages/airflow/example_dags/example_sensor_decorator.py took 0.153 seconds
[2025-05-01T11:35:59.363+0000] {processor.py:161} INFO - Started process (PID=597) to work on /home/airflow/.local/lib/python3.12/site-packages/airflow/example_dags/example_sensor_decorator.py
[2025-05-01T11:35:59.366+0000] {processor.py:830} INFO - Processing file /home/airflow/.local/lib/python3.12/site-packages/airflow/example_dags/example_sensor_decorator.py for tasks to queue
[2025-05-01T11:35:59.371+0000] {logging_mixin.py:188} INFO - [2025-05-01T11:35:59.370+0000] {dagbag.py:545} INFO - Filling up the DagBag from /home/airflow/.local/lib/python3.12/site-packages/airflow/example_dags/example_sensor_decorator.py
[2025-05-01T11:35:59.383+0000] {processor.py:840} INFO - DAG(s) 'example_sensor_decorator' retrieved from /home/airflow/.local/lib/python3.12/site-packages/airflow/example_dags/example_sensor_decorator.py
[2025-05-01T11:35:59.431+0000] {logging_mixin.py:188} INFO - [2025-05-01T11:35:59.430+0000] {dag.py:3096} INFO - Sync 1 DAGs
[2025-05-01T11:35:59.462+0000] {logging_mixin.py:188} INFO - [2025-05-01T11:35:59.461+0000] {dag.py:3954} INFO - Setting next_dagrun for example_sensor_decorator to None, run_after=None
[2025-05-01T11:35:59.552+0000] {processor.py:183} INFO - Processing /home/airflow/.local/lib/python3.12/site-packages/airflow/example_dags/example_sensor_decorator.py took 0.205 seconds
[2025-05-01T11:36:29.651+0000] {processor.py:161} INFO - Started process (PID=656) to work on /home/airflow/.local/lib/python3.12/site-packages/airflow/example_dags/example_sensor_decorator.py
[2025-05-01T11:36:29.654+0000] {processor.py:830} INFO - Processing file /home/airflow/.local/lib/python3.12/site-packages/airflow/example_dags/example_sensor_decorator.py for tasks to queue
[2025-05-01T11:36:29.660+0000] {logging_mixin.py:188} INFO - [2025-05-01T11:36:29.658+0000] {dagbag.py:545} INFO - Filling up the DagBag from /home/airflow/.local/lib/python3.12/site-packages/airflow/example_dags/example_sensor_decorator.py
[2025-05-01T11:36:29.680+0000] {processor.py:840} INFO - DAG(s) 'example_sensor_decorator' retrieved from /home/airflow/.local/lib/python3.12/site-packages/airflow/example_dags/example_sensor_decorator.py
[2025-05-01T11:36:29.730+0000] {logging_mixin.py:188} INFO - [2025-05-01T11:36:29.730+0000] {dag.py:3096} INFO - Sync 1 DAGs
[2025-05-01T11:36:29.760+0000] {logging_mixin.py:188} INFO - [2025-05-01T11:36:29.760+0000] {dag.py:3954} INFO - Setting next_dagrun for example_sensor_decorator to None, run_after=None
[2025-05-01T11:36:29.807+0000] {processor.py:183} INFO - Processing /home/airflow/.local/lib/python3.12/site-packages/airflow/example_dags/example_sensor_decorator.py took 0.169 seconds
[2025-05-01T11:37:00.436+0000] {processor.py:161} INFO - Started process (PID=715) to work on /home/airflow/.local/lib/python3.12/site-packages/airflow/example_dags/example_sensor_decorator.py
[2025-05-01T11:37:00.438+0000] {processor.py:830} INFO - Processing file /home/airflow/.local/lib/python3.12/site-packages/airflow/example_dags/example_sensor_decorator.py for tasks to queue
[2025-05-01T11:37:00.442+0000] {logging_mixin.py:188} INFO - [2025-05-01T11:37:00.442+0000] {dagbag.py:545} INFO - Filling up the DagBag from /home/airflow/.local/lib/python3.12/site-packages/airflow/example_dags/example_sensor_decorator.py
[2025-05-01T11:37:00.456+0000] {processor.py:840} INFO - DAG(s) 'example_sensor_decorator' retrieved from /home/airflow/.local/lib/python3.12/site-packages/airflow/example_dags/example_sensor_decorator.py
[2025-05-01T11:37:00.498+0000] {logging_mixin.py:188} INFO - [2025-05-01T11:37:00.497+0000] {dag.py:3096} INFO - Sync 1 DAGs
[2025-05-01T11:37:00.525+0000] {logging_mixin.py:188} INFO - [2025-05-01T11:37:00.524+0000] {dag.py:3954} INFO - Setting next_dagrun for example_sensor_decorator to None, run_after=None
[2025-05-01T11:37:00.575+0000] {processor.py:183} INFO - Processing /home/airflow/.local/lib/python3.12/site-packages/airflow/example_dags/example_sensor_decorator.py took 0.150 seconds
[2025-05-01T11:37:30.861+0000] {processor.py:161} INFO - Started process (PID=775) to work on /home/airflow/.local/lib/python3.12/site-packages/airflow/example_dags/example_sensor_decorator.py
[2025-05-01T11:37:30.863+0000] {processor.py:830} INFO - Processing file /home/airflow/.local/lib/python3.12/site-packages/airflow/example_dags/example_sensor_decorator.py for tasks to queue
[2025-05-01T11:37:30.867+0000] {logging_mixin.py:188} INFO - [2025-05-01T11:37:30.867+0000] {dagbag.py:545} INFO - Filling up the DagBag from /home/airflow/.local/lib/python3.12/site-packages/airflow/example_dags/example_sensor_decorator.py
[2025-05-01T11:37:30.880+0000] {processor.py:840} INFO - DAG(s) 'example_sensor_decorator' retrieved from /home/airflow/.local/lib/python3.12/site-packages/airflow/example_dags/example_sensor_decorator.py
[2025-05-01T11:37:30.923+0000] {logging_mixin.py:188} INFO - [2025-05-01T11:37:30.922+0000] {dag.py:3096} INFO - Sync 1 DAGs
[2025-05-01T11:37:30.951+0000] {logging_mixin.py:188} INFO - [2025-05-01T11:37:30.951+0000] {dag.py:3954} INFO - Setting next_dagrun for example_sensor_decorator to None, run_after=None
[2025-05-01T11:37:31.024+0000] {processor.py:183} INFO - Processing /home/airflow/.local/lib/python3.12/site-packages/airflow/example_dags/example_sensor_decorator.py took 0.174 seconds
[2025-05-01T11:38:01.433+0000] {processor.py:161} INFO - Started process (PID=834) to work on /home/airflow/.local/lib/python3.12/site-packages/airflow/example_dags/example_sensor_decorator.py
[2025-05-01T11:38:01.437+0000] {processor.py:830} INFO - Processing file /home/airflow/.local/lib/python3.12/site-packages/airflow/example_dags/example_sensor_decorator.py for tasks to queue
[2025-05-01T11:38:01.442+0000] {logging_mixin.py:188} INFO - [2025-05-01T11:38:01.441+0000] {dagbag.py:545} INFO - Filling up the DagBag from /home/airflow/.local/lib/python3.12/site-packages/airflow/example_dags/example_sensor_decorator.py
[2025-05-01T11:38:01.458+0000] {processor.py:840} INFO - DAG(s) 'example_sensor_decorator' retrieved from /home/airflow/.local/lib/python3.12/site-packages/airflow/example_dags/example_sensor_decorator.py
[2025-05-01T11:38:01.507+0000] {logging_mixin.py:188} INFO - [2025-05-01T11:38:01.506+0000] {dag.py:3096} INFO - Sync 1 DAGs
[2025-05-01T11:38:01.538+0000] {logging_mixin.py:188} INFO - [2025-05-01T11:38:01.538+0000] {dag.py:3954} INFO - Setting next_dagrun for example_sensor_decorator to None, run_after=None
[2025-05-01T11:38:01.588+0000] {processor.py:183} INFO - Processing /home/airflow/.local/lib/python3.12/site-packages/airflow/example_dags/example_sensor_decorator.py took 0.169 seconds
[2025-05-01T11:38:31.987+0000] {processor.py:161} INFO - Started process (PID=893) to work on /home/airflow/.local/lib/python3.12/site-packages/airflow/example_dags/example_sensor_decorator.py
[2025-05-01T11:38:31.989+0000] {processor.py:830} INFO - Processing file /home/airflow/.local/lib/python3.12/site-packages/airflow/example_dags/example_sensor_decorator.py for tasks to queue
[2025-05-01T11:38:31.994+0000] {logging_mixin.py:188} INFO - [2025-05-01T11:38:31.993+0000] {dagbag.py:545} INFO - Filling up the DagBag from /home/airflow/.local/lib/python3.12/site-packages/airflow/example_dags/example_sensor_decorator.py
[2025-05-01T11:38:32.009+0000] {processor.py:840} INFO - DAG(s) 'example_sensor_decorator' retrieved from /home/airflow/.local/lib/python3.12/site-packages/airflow/example_dags/example_sensor_decorator.py
[2025-05-01T11:38:32.060+0000] {logging_mixin.py:188} INFO - [2025-05-01T11:38:32.059+0000] {dag.py:3096} INFO - Sync 1 DAGs
[2025-05-01T11:38:32.104+0000] {logging_mixin.py:188} INFO - [2025-05-01T11:38:32.103+0000] {dag.py:3954} INFO - Setting next_dagrun for example_sensor_decorator to None, run_after=None
[2025-05-01T11:38:32.189+0000] {processor.py:183} INFO - Processing /home/airflow/.local/lib/python3.12/site-packages/airflow/example_dags/example_sensor_decorator.py took 0.216 seconds
[2025-05-01T11:39:02.763+0000] {processor.py:161} INFO - Started process (PID=951) to work on /home/airflow/.local/lib/python3.12/site-packages/airflow/example_dags/example_sensor_decorator.py
[2025-05-01T11:39:02.765+0000] {processor.py:830} INFO - Processing file /home/airflow/.local/lib/python3.12/site-packages/airflow/example_dags/example_sensor_decorator.py for tasks to queue
[2025-05-01T11:39:02.770+0000] {logging_mixin.py:188} INFO - [2025-05-01T11:39:02.769+0000] {dagbag.py:545} INFO - Filling up the DagBag from /home/airflow/.local/lib/python3.12/site-packages/airflow/example_dags/example_sensor_decorator.py
[2025-05-01T11:39:02.782+0000] {processor.py:840} INFO - DAG(s) 'example_sensor_decorator' retrieved from /home/airflow/.local/lib/python3.12/site-packages/airflow/example_dags/example_sensor_decorator.py
[2025-05-01T11:39:02.824+0000] {logging_mixin.py:188} INFO - [2025-05-01T11:39:02.824+0000] {dag.py:3096} INFO - Sync 1 DAGs
[2025-05-01T11:39:02.854+0000] {logging_mixin.py:188} INFO - [2025-05-01T11:39:02.853+0000] {dag.py:3954} INFO - Setting next_dagrun for example_sensor_decorator to None, run_after=None
[2025-05-01T11:39:02.939+0000] {processor.py:183} INFO - Processing /home/airflow/.local/lib/python3.12/site-packages/airflow/example_dags/example_sensor_decorator.py took 0.189 seconds
[2025-05-01T11:39:33.467+0000] {processor.py:161} INFO - Started process (PID=1011) to work on /home/airflow/.local/lib/python3.12/site-packages/airflow/example_dags/example_sensor_decorator.py
[2025-05-01T11:39:33.469+0000] {processor.py:830} INFO - Processing file /home/airflow/.local/lib/python3.12/site-packages/airflow/example_dags/example_sensor_decorator.py for tasks to queue
[2025-05-01T11:39:33.474+0000] {logging_mixin.py:188} INFO - [2025-05-01T11:39:33.473+0000] {dagbag.py:545} INFO - Filling up the DagBag from /home/airflow/.local/lib/python3.12/site-packages/airflow/example_dags/example_sensor_decorator.py
[2025-05-01T11:39:33.486+0000] {processor.py:840} INFO - DAG(s) 'example_sensor_decorator' retrieved from /home/airflow/.local/lib/python3.12/site-packages/airflow/example_dags/example_sensor_decorator.py
[2025-05-01T11:39:33.534+0000] {logging_mixin.py:188} INFO - [2025-05-01T11:39:33.533+0000] {dag.py:3096} INFO - Sync 1 DAGs
[2025-05-01T11:39:33.562+0000] {logging_mixin.py:188} INFO - [2025-05-01T11:39:33.561+0000] {dag.py:3954} INFO - Setting next_dagrun for example_sensor_decorator to None, run_after=None
[2025-05-01T11:39:33.612+0000] {processor.py:183} INFO - Processing /home/airflow/.local/lib/python3.12/site-packages/airflow/example_dags/example_sensor_decorator.py took 0.157 seconds
[2025-05-01T11:40:03.950+0000] {processor.py:161} INFO - Started process (PID=1070) to work on /home/airflow/.local/lib/python3.12/site-packages/airflow/example_dags/example_sensor_decorator.py
[2025-05-01T11:40:03.952+0000] {processor.py:830} INFO - Processing file /home/airflow/.local/lib/python3.12/site-packages/airflow/example_dags/example_sensor_decorator.py for tasks to queue
[2025-05-01T11:40:03.957+0000] {logging_mixin.py:188} INFO - [2025-05-01T11:40:03.956+0000] {dagbag.py:545} INFO - Filling up the DagBag from /home/airflow/.local/lib/python3.12/site-packages/airflow/example_dags/example_sensor_decorator.py
[2025-05-01T11:40:03.970+0000] {processor.py:840} INFO - DAG(s) 'example_sensor_decorator' retrieved from /home/airflow/.local/lib/python3.12/site-packages/airflow/example_dags/example_sensor_decorator.py
[2025-05-01T11:40:04.019+0000] {logging_mixin.py:188} INFO - [2025-05-01T11:40:04.018+0000] {dag.py:3096} INFO - Sync 1 DAGs
[2025-05-01T11:40:04.048+0000] {logging_mixin.py:188} INFO - [2025-05-01T11:40:04.047+0000] {dag.py:3954} INFO - Setting next_dagrun for example_sensor_decorator to None, run_after=None
[2025-05-01T11:40:04.094+0000] {processor.py:183} INFO - Processing /home/airflow/.local/lib/python3.12/site-packages/airflow/example_dags/example_sensor_decorator.py took 0.157 seconds
[2025-05-01T11:40:34.848+0000] {processor.py:161} INFO - Started process (PID=1129) to work on /home/airflow/.local/lib/python3.12/site-packages/airflow/example_dags/example_sensor_decorator.py
[2025-05-01T11:40:34.851+0000] {processor.py:830} INFO - Processing file /home/airflow/.local/lib/python3.12/site-packages/airflow/example_dags/example_sensor_decorator.py for tasks to queue
[2025-05-01T11:40:34.856+0000] {logging_mixin.py:188} INFO - [2025-05-01T11:40:34.854+0000] {dagbag.py:545} INFO - Filling up the DagBag from /home/airflow/.local/lib/python3.12/site-packages/airflow/example_dags/example_sensor_decorator.py
[2025-05-01T11:40:34.869+0000] {processor.py:840} INFO - DAG(s) 'example_sensor_decorator' retrieved from /home/airflow/.local/lib/python3.12/site-packages/airflow/example_dags/example_sensor_decorator.py
[2025-05-01T11:40:34.916+0000] {logging_mixin.py:188} INFO - [2025-05-01T11:40:34.916+0000] {dag.py:3096} INFO - Sync 1 DAGs
[2025-05-01T11:40:34.946+0000] {logging_mixin.py:188} INFO - [2025-05-01T11:40:34.945+0000] {dag.py:3954} INFO - Setting next_dagrun for example_sensor_decorator to None, run_after=None
[2025-05-01T11:40:35.009+0000] {processor.py:183} INFO - Processing /home/airflow/.local/lib/python3.12/site-packages/airflow/example_dags/example_sensor_decorator.py took 0.173 seconds
[2025-05-01T11:41:05.432+0000] {processor.py:161} INFO - Started process (PID=1188) to work on /home/airflow/.local/lib/python3.12/site-packages/airflow/example_dags/example_sensor_decorator.py
[2025-05-01T11:41:05.434+0000] {processor.py:830} INFO - Processing file /home/airflow/.local/lib/python3.12/site-packages/airflow/example_dags/example_sensor_decorator.py for tasks to queue
[2025-05-01T11:41:05.439+0000] {logging_mixin.py:188} INFO - [2025-05-01T11:41:05.438+0000] {dagbag.py:545} INFO - Filling up the DagBag from /home/airflow/.local/lib/python3.12/site-packages/airflow/example_dags/example_sensor_decorator.py
[2025-05-01T11:41:05.453+0000] {processor.py:840} INFO - DAG(s) 'example_sensor_decorator' retrieved from /home/airflow/.local/lib/python3.12/site-packages/airflow/example_dags/example_sensor_decorator.py
[2025-05-01T11:41:05.502+0000] {logging_mixin.py:188} INFO - [2025-05-01T11:41:05.501+0000] {dag.py:3096} INFO - Sync 1 DAGs
[2025-05-01T11:41:05.535+0000] {logging_mixin.py:188} INFO - [2025-05-01T11:41:05.534+0000] {dag.py:3954} INFO - Setting next_dagrun for example_sensor_decorator to None, run_after=None
[2025-05-01T11:41:05.587+0000] {processor.py:183} INFO - Processing /home/airflow/.local/lib/python3.12/site-packages/airflow/example_dags/example_sensor_decorator.py took 0.171 seconds
[2025-05-01T11:41:36.398+0000] {processor.py:161} INFO - Started process (PID=1247) to work on /home/airflow/.local/lib/python3.12/site-packages/airflow/example_dags/example_sensor_decorator.py
[2025-05-01T11:41:36.400+0000] {processor.py:830} INFO - Processing file /home/airflow/.local/lib/python3.12/site-packages/airflow/example_dags/example_sensor_decorator.py for tasks to queue
[2025-05-01T11:41:36.405+0000] {logging_mixin.py:188} INFO - [2025-05-01T11:41:36.403+0000] {dagbag.py:545} INFO - Filling up the DagBag from /home/airflow/.local/lib/python3.12/site-packages/airflow/example_dags/example_sensor_decorator.py
[2025-05-01T11:41:36.421+0000] {processor.py:840} INFO - DAG(s) 'example_sensor_decorator' retrieved from /home/airflow/.local/lib/python3.12/site-packages/airflow/example_dags/example_sensor_decorator.py
[2025-05-01T11:41:36.474+0000] {logging_mixin.py:188} INFO - [2025-05-01T11:41:36.473+0000] {dag.py:3096} INFO - Sync 1 DAGs
[2025-05-01T11:41:36.519+0000] {logging_mixin.py:188} INFO - [2025-05-01T11:41:36.518+0000] {dag.py:3954} INFO - Setting next_dagrun for example_sensor_decorator to None, run_after=None
[2025-05-01T11:41:36.580+0000] {processor.py:183} INFO - Processing /home/airflow/.local/lib/python3.12/site-packages/airflow/example_dags/example_sensor_decorator.py took 0.197 seconds
[2025-05-01T11:42:07.411+0000] {processor.py:161} INFO - Started process (PID=1307) to work on /home/airflow/.local/lib/python3.12/site-packages/airflow/example_dags/example_sensor_decorator.py
[2025-05-01T11:42:07.414+0000] {processor.py:830} INFO - Processing file /home/airflow/.local/lib/python3.12/site-packages/airflow/example_dags/example_sensor_decorator.py for tasks to queue
[2025-05-01T11:42:07.420+0000] {logging_mixin.py:188} INFO - [2025-05-01T11:42:07.419+0000] {dagbag.py:545} INFO - Filling up the DagBag from /home/airflow/.local/lib/python3.12/site-packages/airflow/example_dags/example_sensor_decorator.py
[2025-05-01T11:42:07.434+0000] {processor.py:840} INFO - DAG(s) 'example_sensor_decorator' retrieved from /home/airflow/.local/lib/python3.12/site-packages/airflow/example_dags/example_sensor_decorator.py
[2025-05-01T11:42:07.487+0000] {logging_mixin.py:188} INFO - [2025-05-01T11:42:07.487+0000] {dag.py:3096} INFO - Sync 1 DAGs
[2025-05-01T11:42:07.518+0000] {logging_mixin.py:188} INFO - [2025-05-01T11:42:07.517+0000] {dag.py:3954} INFO - Setting next_dagrun for example_sensor_decorator to None, run_after=None
[2025-05-01T11:42:07.607+0000] {processor.py:183} INFO - Processing /home/airflow/.local/lib/python3.12/site-packages/airflow/example_dags/example_sensor_decorator.py took 0.209 seconds
[2025-05-01T11:42:38.012+0000] {processor.py:161} INFO - Started process (PID=1366) to work on /home/airflow/.local/lib/python3.12/site-packages/airflow/example_dags/example_sensor_decorator.py
[2025-05-01T11:42:38.014+0000] {processor.py:830} INFO - Processing file /home/airflow/.local/lib/python3.12/site-packages/airflow/example_dags/example_sensor_decorator.py for tasks to queue
[2025-05-01T11:42:38.018+0000] {logging_mixin.py:188} INFO - [2025-05-01T11:42:38.018+0000] {dagbag.py:545} INFO - Filling up the DagBag from /home/airflow/.local/lib/python3.12/site-packages/airflow/example_dags/example_sensor_decorator.py
[2025-05-01T11:42:38.032+0000] {processor.py:840} INFO - DAG(s) 'example_sensor_decorator' retrieved from /home/airflow/.local/lib/python3.12/site-packages/airflow/example_dags/example_sensor_decorator.py
[2025-05-01T11:42:38.089+0000] {logging_mixin.py:188} INFO - [2025-05-01T11:42:38.088+0000] {dag.py:3096} INFO - Sync 1 DAGs
[2025-05-01T11:42:38.127+0000] {logging_mixin.py:188} INFO - [2025-05-01T11:42:38.126+0000] {dag.py:3954} INFO - Setting next_dagrun for example_sensor_decorator to None, run_after=None
[2025-05-01T11:42:38.216+0000] {processor.py:183} INFO - Processing /home/airflow/.local/lib/python3.12/site-packages/airflow/example_dags/example_sensor_decorator.py took 0.219 seconds
[2025-05-01T11:43:09.190+0000] {processor.py:161} INFO - Started process (PID=1425) to work on /home/airflow/.local/lib/python3.12/site-packages/airflow/example_dags/example_sensor_decorator.py
[2025-05-01T11:43:09.194+0000] {processor.py:830} INFO - Processing file /home/airflow/.local/lib/python3.12/site-packages/airflow/example_dags/example_sensor_decorator.py for tasks to queue
[2025-05-01T11:43:09.200+0000] {logging_mixin.py:188} INFO - [2025-05-01T11:43:09.198+0000] {dagbag.py:545} INFO - Filling up the DagBag from /home/airflow/.local/lib/python3.12/site-packages/airflow/example_dags/example_sensor_decorator.py
[2025-05-01T11:43:09.218+0000] {processor.py:840} INFO - DAG(s) 'example_sensor_decorator' retrieved from /home/airflow/.local/lib/python3.12/site-packages/airflow/example_dags/example_sensor_decorator.py
[2025-05-01T11:43:09.276+0000] {logging_mixin.py:188} INFO - [2025-05-01T11:43:09.275+0000] {dag.py:3096} INFO - Sync 1 DAGs
[2025-05-01T11:43:09.332+0000] {logging_mixin.py:188} INFO - [2025-05-01T11:43:09.331+0000] {dag.py:3954} INFO - Setting next_dagrun for example_sensor_decorator to None, run_after=None
[2025-05-01T11:43:09.385+0000] {processor.py:183} INFO - Processing /home/airflow/.local/lib/python3.12/site-packages/airflow/example_dags/example_sensor_decorator.py took 0.236 seconds
[2025-05-01T11:43:39.883+0000] {processor.py:161} INFO - Started process (PID=1484) to work on /home/airflow/.local/lib/python3.12/site-packages/airflow/example_dags/example_sensor_decorator.py
[2025-05-01T11:43:39.886+0000] {processor.py:830} INFO - Processing file /home/airflow/.local/lib/python3.12/site-packages/airflow/example_dags/example_sensor_decorator.py for tasks to queue
[2025-05-01T11:43:39.893+0000] {logging_mixin.py:188} INFO - [2025-05-01T11:43:39.892+0000] {dagbag.py:545} INFO - Filling up the DagBag from /home/airflow/.local/lib/python3.12/site-packages/airflow/example_dags/example_sensor_decorator.py
[2025-05-01T11:43:39.922+0000] {processor.py:840} INFO - DAG(s) 'example_sensor_decorator' retrieved from /home/airflow/.local/lib/python3.12/site-packages/airflow/example_dags/example_sensor_decorator.py
[2025-05-01T11:43:40.007+0000] {logging_mixin.py:188} INFO - [2025-05-01T11:43:40.006+0000] {dag.py:3096} INFO - Sync 1 DAGs
[2025-05-01T11:43:40.042+0000] {logging_mixin.py:188} INFO - [2025-05-01T11:43:40.042+0000] {dag.py:3954} INFO - Setting next_dagrun for example_sensor_decorator to None, run_after=None
[2025-05-01T11:43:40.096+0000] {processor.py:183} INFO - Processing /home/airflow/.local/lib/python3.12/site-packages/airflow/example_dags/example_sensor_decorator.py took 0.229 seconds
[2025-05-01T11:44:10.891+0000] {processor.py:161} INFO - Started process (PID=1543) to work on /home/airflow/.local/lib/python3.12/site-packages/airflow/example_dags/example_sensor_decorator.py
[2025-05-01T11:44:10.893+0000] {processor.py:830} INFO - Processing file /home/airflow/.local/lib/python3.12/site-packages/airflow/example_dags/example_sensor_decorator.py for tasks to queue
[2025-05-01T11:44:10.897+0000] {logging_mixin.py:188} INFO - [2025-05-01T11:44:10.896+0000] {dagbag.py:545} INFO - Filling up the DagBag from /home/airflow/.local/lib/python3.12/site-packages/airflow/example_dags/example_sensor_decorator.py
[2025-05-01T11:44:10.910+0000] {processor.py:840} INFO - DAG(s) 'example_sensor_decorator' retrieved from /home/airflow/.local/lib/python3.12/site-packages/airflow/example_dags/example_sensor_decorator.py
[2025-05-01T11:44:10.964+0000] {logging_mixin.py:188} INFO - [2025-05-01T11:44:10.963+0000] {dag.py:3096} INFO - Sync 1 DAGs
[2025-05-01T11:44:10.996+0000] {logging_mixin.py:188} INFO - [2025-05-01T11:44:10.995+0000] {dag.py:3954} INFO - Setting next_dagrun for example_sensor_decorator to None, run_after=None
[2025-05-01T11:44:11.045+0000] {processor.py:183} INFO - Processing /home/airflow/.local/lib/python3.12/site-packages/airflow/example_dags/example_sensor_decorator.py took 0.165 seconds
[2025-05-01T11:44:41.307+0000] {processor.py:161} INFO - Started process (PID=1602) to work on /home/airflow/.local/lib/python3.12/site-packages/airflow/example_dags/example_sensor_decorator.py
[2025-05-01T11:44:41.310+0000] {processor.py:830} INFO - Processing file /home/airflow/.local/lib/python3.12/site-packages/airflow/example_dags/example_sensor_decorator.py for tasks to queue
[2025-05-01T11:44:41.317+0000] {logging_mixin.py:188} INFO - [2025-05-01T11:44:41.315+0000] {dagbag.py:545} INFO - Filling up the DagBag from /home/airflow/.local/lib/python3.12/site-packages/airflow/example_dags/example_sensor_decorator.py
[2025-05-01T11:44:41.336+0000] {processor.py:840} INFO - DAG(s) 'example_sensor_decorator' retrieved from /home/airflow/.local/lib/python3.12/site-packages/airflow/example_dags/example_sensor_decorator.py
[2025-05-01T11:44:41.396+0000] {logging_mixin.py:188} INFO - [2025-05-01T11:44:41.395+0000] {dag.py:3096} INFO - Sync 1 DAGs
[2025-05-01T11:44:41.426+0000] {logging_mixin.py:188} INFO - [2025-05-01T11:44:41.426+0000] {dag.py:3954} INFO - Setting next_dagrun for example_sensor_decorator to None, run_after=None
[2025-05-01T11:44:41.473+0000] {processor.py:183} INFO - Processing /home/airflow/.local/lib/python3.12/site-packages/airflow/example_dags/example_sensor_decorator.py took 0.186 seconds
[2025-05-01T11:45:12.056+0000] {processor.py:161} INFO - Started process (PID=1661) to work on /home/airflow/.local/lib/python3.12/site-packages/airflow/example_dags/example_sensor_decorator.py
[2025-05-01T11:45:12.058+0000] {processor.py:830} INFO - Processing file /home/airflow/.local/lib/python3.12/site-packages/airflow/example_dags/example_sensor_decorator.py for tasks to queue
[2025-05-01T11:45:12.063+0000] {logging_mixin.py:188} INFO - [2025-05-01T11:45:12.062+0000] {dagbag.py:545} INFO - Filling up the DagBag from /home/airflow/.local/lib/python3.12/site-packages/airflow/example_dags/example_sensor_decorator.py
[2025-05-01T11:45:12.077+0000] {processor.py:840} INFO - DAG(s) 'example_sensor_decorator' retrieved from /home/airflow/.local/lib/python3.12/site-packages/airflow/example_dags/example_sensor_decorator.py
[2025-05-01T11:45:12.122+0000] {logging_mixin.py:188} INFO - [2025-05-01T11:45:12.121+0000] {dag.py:3096} INFO - Sync 1 DAGs
[2025-05-01T11:45:12.151+0000] {logging_mixin.py:188} INFO - [2025-05-01T11:45:12.150+0000] {dag.py:3954} INFO - Setting next_dagrun for example_sensor_decorator to None, run_after=None
[2025-05-01T11:45:12.198+0000] {processor.py:183} INFO - Processing /home/airflow/.local/lib/python3.12/site-packages/airflow/example_dags/example_sensor_decorator.py took 0.153 seconds
[2025-05-01T11:45:42.959+0000] {processor.py:161} INFO - Started process (PID=1718) to work on /home/airflow/.local/lib/python3.12/site-packages/airflow/example_dags/example_sensor_decorator.py
[2025-05-01T11:45:42.962+0000] {processor.py:830} INFO - Processing file /home/airflow/.local/lib/python3.12/site-packages/airflow/example_dags/example_sensor_decorator.py for tasks to queue
[2025-05-01T11:45:42.966+0000] {logging_mixin.py:188} INFO - [2025-05-01T11:45:42.965+0000] {dagbag.py:545} INFO - Filling up the DagBag from /home/airflow/.local/lib/python3.12/site-packages/airflow/example_dags/example_sensor_decorator.py
[2025-05-01T11:45:42.984+0000] {processor.py:840} INFO - DAG(s) 'example_sensor_decorator' retrieved from /home/airflow/.local/lib/python3.12/site-packages/airflow/example_dags/example_sensor_decorator.py
[2025-05-01T11:45:43.044+0000] {logging_mixin.py:188} INFO - [2025-05-01T11:45:43.043+0000] {dag.py:3096} INFO - Sync 1 DAGs
[2025-05-01T11:45:43.077+0000] {logging_mixin.py:188} INFO - [2025-05-01T11:45:43.077+0000] {dag.py:3954} INFO - Setting next_dagrun for example_sensor_decorator to None, run_after=None
[2025-05-01T11:45:43.172+0000] {processor.py:183} INFO - Processing /home/airflow/.local/lib/python3.12/site-packages/airflow/example_dags/example_sensor_decorator.py took 0.224 seconds
[2025-05-01T11:46:13.461+0000] {processor.py:161} INFO - Started process (PID=1777) to work on /home/airflow/.local/lib/python3.12/site-packages/airflow/example_dags/example_sensor_decorator.py
[2025-05-01T11:46:13.464+0000] {processor.py:830} INFO - Processing file /home/airflow/.local/lib/python3.12/site-packages/airflow/example_dags/example_sensor_decorator.py for tasks to queue
[2025-05-01T11:46:13.470+0000] {logging_mixin.py:188} INFO - [2025-05-01T11:46:13.468+0000] {dagbag.py:545} INFO - Filling up the DagBag from /home/airflow/.local/lib/python3.12/site-packages/airflow/example_dags/example_sensor_decorator.py
[2025-05-01T11:46:13.484+0000] {processor.py:840} INFO - DAG(s) 'example_sensor_decorator' retrieved from /home/airflow/.local/lib/python3.12/site-packages/airflow/example_dags/example_sensor_decorator.py
[2025-05-01T11:46:13.538+0000] {logging_mixin.py:188} INFO - [2025-05-01T11:46:13.537+0000] {dag.py:3096} INFO - Sync 1 DAGs
[2025-05-01T11:46:13.570+0000] {logging_mixin.py:188} INFO - [2025-05-01T11:46:13.569+0000] {dag.py:3954} INFO - Setting next_dagrun for example_sensor_decorator to None, run_after=None
[2025-05-01T11:46:13.622+0000] {processor.py:183} INFO - Processing /home/airflow/.local/lib/python3.12/site-packages/airflow/example_dags/example_sensor_decorator.py took 0.174 seconds
[2025-05-01T11:46:43.852+0000] {processor.py:161} INFO - Started process (PID=1836) to work on /home/airflow/.local/lib/python3.12/site-packages/airflow/example_dags/example_sensor_decorator.py
[2025-05-01T11:46:43.854+0000] {processor.py:830} INFO - Processing file /home/airflow/.local/lib/python3.12/site-packages/airflow/example_dags/example_sensor_decorator.py for tasks to queue
[2025-05-01T11:46:43.859+0000] {logging_mixin.py:188} INFO - [2025-05-01T11:46:43.858+0000] {dagbag.py:545} INFO - Filling up the DagBag from /home/airflow/.local/lib/python3.12/site-packages/airflow/example_dags/example_sensor_decorator.py
[2025-05-01T11:46:43.872+0000] {processor.py:840} INFO - DAG(s) 'example_sensor_decorator' retrieved from /home/airflow/.local/lib/python3.12/site-packages/airflow/example_dags/example_sensor_decorator.py
[2025-05-01T11:46:43.923+0000] {logging_mixin.py:188} INFO - [2025-05-01T11:46:43.922+0000] {dag.py:3096} INFO - Sync 1 DAGs
[2025-05-01T11:46:43.951+0000] {logging_mixin.py:188} INFO - [2025-05-01T11:46:43.950+0000] {dag.py:3954} INFO - Setting next_dagrun for example_sensor_decorator to None, run_after=None
[2025-05-01T11:46:44.042+0000] {processor.py:183} INFO - Processing /home/airflow/.local/lib/python3.12/site-packages/airflow/example_dags/example_sensor_decorator.py took 0.201 seconds
[2025-05-01T11:47:14.802+0000] {processor.py:161} INFO - Started process (PID=1895) to work on /home/airflow/.local/lib/python3.12/site-packages/airflow/example_dags/example_sensor_decorator.py
[2025-05-01T11:47:14.804+0000] {processor.py:830} INFO - Processing file /home/airflow/.local/lib/python3.12/site-packages/airflow/example_dags/example_sensor_decorator.py for tasks to queue
[2025-05-01T11:47:14.808+0000] {logging_mixin.py:188} INFO - [2025-05-01T11:47:14.807+0000] {dagbag.py:545} INFO - Filling up the DagBag from /home/airflow/.local/lib/python3.12/site-packages/airflow/example_dags/example_sensor_decorator.py
[2025-05-01T11:47:14.821+0000] {processor.py:840} INFO - DAG(s) 'example_sensor_decorator' retrieved from /home/airflow/.local/lib/python3.12/site-packages/airflow/example_dags/example_sensor_decorator.py
[2025-05-01T11:47:14.864+0000] {logging_mixin.py:188} INFO - [2025-05-01T11:47:14.863+0000] {dag.py:3096} INFO - Sync 1 DAGs
[2025-05-01T11:47:14.891+0000] {logging_mixin.py:188} INFO - [2025-05-01T11:47:14.891+0000] {dag.py:3954} INFO - Setting next_dagrun for example_sensor_decorator to None, run_after=None
[2025-05-01T11:47:15.279+0000] {processor.py:183} INFO - Processing /home/airflow/.local/lib/python3.12/site-packages/airflow/example_dags/example_sensor_decorator.py took 0.488 seconds
[2025-05-01T11:47:45.477+0000] {processor.py:161} INFO - Started process (PID=1954) to work on /home/airflow/.local/lib/python3.12/site-packages/airflow/example_dags/example_sensor_decorator.py
[2025-05-01T11:47:45.479+0000] {processor.py:830} INFO - Processing file /home/airflow/.local/lib/python3.12/site-packages/airflow/example_dags/example_sensor_decorator.py for tasks to queue
[2025-05-01T11:47:45.484+0000] {logging_mixin.py:188} INFO - [2025-05-01T11:47:45.483+0000] {dagbag.py:545} INFO - Filling up the DagBag from /home/airflow/.local/lib/python3.12/site-packages/airflow/example_dags/example_sensor_decorator.py
[2025-05-01T11:47:45.498+0000] {processor.py:840} INFO - DAG(s) 'example_sensor_decorator' retrieved from /home/airflow/.local/lib/python3.12/site-packages/airflow/example_dags/example_sensor_decorator.py
[2025-05-01T11:47:45.551+0000] {logging_mixin.py:188} INFO - [2025-05-01T11:47:45.550+0000] {dag.py:3096} INFO - Sync 1 DAGs
[2025-05-01T11:47:45.583+0000] {logging_mixin.py:188} INFO - [2025-05-01T11:47:45.583+0000] {dag.py:3954} INFO - Setting next_dagrun for example_sensor_decorator to None, run_after=None
[2025-05-01T11:47:45.709+0000] {processor.py:183} INFO - Processing /home/airflow/.local/lib/python3.12/site-packages/airflow/example_dags/example_sensor_decorator.py took 0.243 seconds
[2025-05-01T11:48:16.072+0000] {processor.py:161} INFO - Started process (PID=2012) to work on /home/airflow/.local/lib/python3.12/site-packages/airflow/example_dags/example_sensor_decorator.py
[2025-05-01T11:48:16.075+0000] {processor.py:830} INFO - Processing file /home/airflow/.local/lib/python3.12/site-packages/airflow/example_dags/example_sensor_decorator.py for tasks to queue
[2025-05-01T11:48:16.080+0000] {logging_mixin.py:188} INFO - [2025-05-01T11:48:16.079+0000] {dagbag.py:545} INFO - Filling up the DagBag from /home/airflow/.local/lib/python3.12/site-packages/airflow/example_dags/example_sensor_decorator.py
[2025-05-01T11:48:16.094+0000] {processor.py:840} INFO - DAG(s) 'example_sensor_decorator' retrieved from /home/airflow/.local/lib/python3.12/site-packages/airflow/example_dags/example_sensor_decorator.py
[2025-05-01T11:48:16.135+0000] {logging_mixin.py:188} INFO - [2025-05-01T11:48:16.135+0000] {dag.py:3096} INFO - Sync 1 DAGs
[2025-05-01T11:48:16.164+0000] {logging_mixin.py:188} INFO - [2025-05-01T11:48:16.164+0000] {dag.py:3954} INFO - Setting next_dagrun for example_sensor_decorator to None, run_after=None
[2025-05-01T11:48:16.251+0000] {processor.py:183} INFO - Processing /home/airflow/.local/lib/python3.12/site-packages/airflow/example_dags/example_sensor_decorator.py took 0.195 seconds
[2025-05-01T11:48:46.499+0000] {processor.py:161} INFO - Started process (PID=2071) to work on /home/airflow/.local/lib/python3.12/site-packages/airflow/example_dags/example_sensor_decorator.py
[2025-05-01T11:48:46.501+0000] {processor.py:830} INFO - Processing file /home/airflow/.local/lib/python3.12/site-packages/airflow/example_dags/example_sensor_decorator.py for tasks to queue
[2025-05-01T11:48:46.505+0000] {logging_mixin.py:188} INFO - [2025-05-01T11:48:46.504+0000] {dagbag.py:545} INFO - Filling up the DagBag from /home/airflow/.local/lib/python3.12/site-packages/airflow/example_dags/example_sensor_decorator.py
[2025-05-01T11:48:46.519+0000] {processor.py:840} INFO - DAG(s) 'example_sensor_decorator' retrieved from /home/airflow/.local/lib/python3.12/site-packages/airflow/example_dags/example_sensor_decorator.py
[2025-05-01T11:48:46.567+0000] {logging_mixin.py:188} INFO - [2025-05-01T11:48:46.567+0000] {dag.py:3096} INFO - Sync 1 DAGs
[2025-05-01T11:48:46.600+0000] {logging_mixin.py:188} INFO - [2025-05-01T11:48:46.599+0000] {dag.py:3954} INFO - Setting next_dagrun for example_sensor_decorator to None, run_after=None
[2025-05-01T11:48:46.685+0000] {processor.py:183} INFO - Processing /home/airflow/.local/lib/python3.12/site-packages/airflow/example_dags/example_sensor_decorator.py took 0.200 seconds
[2025-05-01T11:49:18.064+0000] {processor.py:161} INFO - Started process (PID=2131) to work on /home/airflow/.local/lib/python3.12/site-packages/airflow/example_dags/example_sensor_decorator.py
[2025-05-01T11:49:18.066+0000] {processor.py:830} INFO - Processing file /home/airflow/.local/lib/python3.12/site-packages/airflow/example_dags/example_sensor_decorator.py for tasks to queue
[2025-05-01T11:49:18.071+0000] {logging_mixin.py:188} INFO - [2025-05-01T11:49:18.070+0000] {dagbag.py:545} INFO - Filling up the DagBag from /home/airflow/.local/lib/python3.12/site-packages/airflow/example_dags/example_sensor_decorator.py
[2025-05-01T11:49:18.086+0000] {processor.py:840} INFO - DAG(s) 'example_sensor_decorator' retrieved from /home/airflow/.local/lib/python3.12/site-packages/airflow/example_dags/example_sensor_decorator.py
[2025-05-01T11:49:18.143+0000] {logging_mixin.py:188} INFO - [2025-05-01T11:49:18.143+0000] {dag.py:3096} INFO - Sync 1 DAGs
[2025-05-01T11:49:18.461+0000] {logging_mixin.py:188} INFO - [2025-05-01T11:49:18.460+0000] {dag.py:3954} INFO - Setting next_dagrun for example_sensor_decorator to None, run_after=None
[2025-05-01T11:49:18.559+0000] {processor.py:183} INFO - Processing /home/airflow/.local/lib/python3.12/site-packages/airflow/example_dags/example_sensor_decorator.py took 0.507 seconds
[2025-05-01T11:49:48.713+0000] {processor.py:161} INFO - Started process (PID=2190) to work on /home/airflow/.local/lib/python3.12/site-packages/airflow/example_dags/example_sensor_decorator.py
[2025-05-01T11:49:48.715+0000] {processor.py:830} INFO - Processing file /home/airflow/.local/lib/python3.12/site-packages/airflow/example_dags/example_sensor_decorator.py for tasks to queue
[2025-05-01T11:49:48.722+0000] {logging_mixin.py:188} INFO - [2025-05-01T11:49:48.721+0000] {dagbag.py:545} INFO - Filling up the DagBag from /home/airflow/.local/lib/python3.12/site-packages/airflow/example_dags/example_sensor_decorator.py
[2025-05-01T11:49:48.738+0000] {processor.py:840} INFO - DAG(s) 'example_sensor_decorator' retrieved from /home/airflow/.local/lib/python3.12/site-packages/airflow/example_dags/example_sensor_decorator.py
[2025-05-01T11:49:48.789+0000] {logging_mixin.py:188} INFO - [2025-05-01T11:49:48.788+0000] {dag.py:3096} INFO - Sync 1 DAGs
[2025-05-01T11:49:48.824+0000] {logging_mixin.py:188} INFO - [2025-05-01T11:49:48.823+0000] {dag.py:3954} INFO - Setting next_dagrun for example_sensor_decorator to None, run_after=None
[2025-05-01T11:49:48.919+0000] {processor.py:183} INFO - Processing /home/airflow/.local/lib/python3.12/site-packages/airflow/example_dags/example_sensor_decorator.py took 0.219 seconds
[2025-05-01T11:50:19.088+0000] {processor.py:161} INFO - Started process (PID=2249) to work on /home/airflow/.local/lib/python3.12/site-packages/airflow/example_dags/example_sensor_decorator.py
[2025-05-01T11:50:19.091+0000] {processor.py:830} INFO - Processing file /home/airflow/.local/lib/python3.12/site-packages/airflow/example_dags/example_sensor_decorator.py for tasks to queue
[2025-05-01T11:50:19.096+0000] {logging_mixin.py:188} INFO - [2025-05-01T11:50:19.095+0000] {dagbag.py:545} INFO - Filling up the DagBag from /home/airflow/.local/lib/python3.12/site-packages/airflow/example_dags/example_sensor_decorator.py
[2025-05-01T11:50:19.111+0000] {processor.py:840} INFO - DAG(s) 'example_sensor_decorator' retrieved from /home/airflow/.local/lib/python3.12/site-packages/airflow/example_dags/example_sensor_decorator.py
[2025-05-01T11:50:19.160+0000] {logging_mixin.py:188} INFO - [2025-05-01T11:50:19.159+0000] {dag.py:3096} INFO - Sync 1 DAGs
[2025-05-01T11:50:19.193+0000] {logging_mixin.py:188} INFO - [2025-05-01T11:50:19.193+0000] {dag.py:3954} INFO - Setting next_dagrun for example_sensor_decorator to None, run_after=None
[2025-05-01T11:50:19.243+0000] {processor.py:183} INFO - Processing /home/airflow/.local/lib/python3.12/site-packages/airflow/example_dags/example_sensor_decorator.py took 0.169 seconds
[2025-05-01T11:50:49.381+0000] {processor.py:161} INFO - Started process (PID=2308) to work on /home/airflow/.local/lib/python3.12/site-packages/airflow/example_dags/example_sensor_decorator.py
[2025-05-01T11:50:49.384+0000] {processor.py:830} INFO - Processing file /home/airflow/.local/lib/python3.12/site-packages/airflow/example_dags/example_sensor_decorator.py for tasks to queue
[2025-05-01T11:50:49.389+0000] {logging_mixin.py:188} INFO - [2025-05-01T11:50:49.388+0000] {dagbag.py:545} INFO - Filling up the DagBag from /home/airflow/.local/lib/python3.12/site-packages/airflow/example_dags/example_sensor_decorator.py
[2025-05-01T11:50:49.407+0000] {processor.py:840} INFO - DAG(s) 'example_sensor_decorator' retrieved from /home/airflow/.local/lib/python3.12/site-packages/airflow/example_dags/example_sensor_decorator.py
[2025-05-01T11:50:49.464+0000] {logging_mixin.py:188} INFO - [2025-05-01T11:50:49.463+0000] {dag.py:3096} INFO - Sync 1 DAGs
[2025-05-01T11:50:49.505+0000] {logging_mixin.py:188} INFO - [2025-05-01T11:50:49.504+0000] {dag.py:3954} INFO - Setting next_dagrun for example_sensor_decorator to None, run_after=None
[2025-05-01T11:50:49.603+0000] {processor.py:183} INFO - Processing /home/airflow/.local/lib/python3.12/site-packages/airflow/example_dags/example_sensor_decorator.py took 0.239 seconds
[2025-05-01T11:51:19.771+0000] {processor.py:161} INFO - Started process (PID=2367) to work on /home/airflow/.local/lib/python3.12/site-packages/airflow/example_dags/example_sensor_decorator.py
[2025-05-01T11:51:19.773+0000] {processor.py:830} INFO - Processing file /home/airflow/.local/lib/python3.12/site-packages/airflow/example_dags/example_sensor_decorator.py for tasks to queue
[2025-05-01T11:51:19.778+0000] {logging_mixin.py:188} INFO - [2025-05-01T11:51:19.777+0000] {dagbag.py:545} INFO - Filling up the DagBag from /home/airflow/.local/lib/python3.12/site-packages/airflow/example_dags/example_sensor_decorator.py
[2025-05-01T11:51:19.792+0000] {processor.py:840} INFO - DAG(s) 'example_sensor_decorator' retrieved from /home/airflow/.local/lib/python3.12/site-packages/airflow/example_dags/example_sensor_decorator.py
[2025-05-01T11:51:19.842+0000] {logging_mixin.py:188} INFO - [2025-05-01T11:51:19.841+0000] {dag.py:3096} INFO - Sync 1 DAGs
[2025-05-01T11:51:19.875+0000] {logging_mixin.py:188} INFO - [2025-05-01T11:51:19.874+0000] {dag.py:3954} INFO - Setting next_dagrun for example_sensor_decorator to None, run_after=None
[2025-05-01T11:51:19.928+0000] {processor.py:183} INFO - Processing /home/airflow/.local/lib/python3.12/site-packages/airflow/example_dags/example_sensor_decorator.py took 0.169 seconds
[2025-05-01T11:51:50.667+0000] {processor.py:161} INFO - Started process (PID=2426) to work on /home/airflow/.local/lib/python3.12/site-packages/airflow/example_dags/example_sensor_decorator.py
[2025-05-01T11:51:50.669+0000] {processor.py:830} INFO - Processing file /home/airflow/.local/lib/python3.12/site-packages/airflow/example_dags/example_sensor_decorator.py for tasks to queue
[2025-05-01T11:51:50.673+0000] {logging_mixin.py:188} INFO - [2025-05-01T11:51:50.672+0000] {dagbag.py:545} INFO - Filling up the DagBag from /home/airflow/.local/lib/python3.12/site-packages/airflow/example_dags/example_sensor_decorator.py
[2025-05-01T11:51:50.690+0000] {processor.py:840} INFO - DAG(s) 'example_sensor_decorator' retrieved from /home/airflow/.local/lib/python3.12/site-packages/airflow/example_dags/example_sensor_decorator.py
[2025-05-01T11:51:50.738+0000] {logging_mixin.py:188} INFO - [2025-05-01T11:51:50.738+0000] {dag.py:3096} INFO - Sync 1 DAGs
[2025-05-01T11:51:50.766+0000] {logging_mixin.py:188} INFO - [2025-05-01T11:51:50.765+0000] {dag.py:3954} INFO - Setting next_dagrun for example_sensor_decorator to None, run_after=None
[2025-05-01T11:51:50.847+0000] {processor.py:183} INFO - Processing /home/airflow/.local/lib/python3.12/site-packages/airflow/example_dags/example_sensor_decorator.py took 0.196 seconds
[2025-05-01T11:52:21.598+0000] {processor.py:161} INFO - Started process (PID=2485) to work on /home/airflow/.local/lib/python3.12/site-packages/airflow/example_dags/example_sensor_decorator.py
[2025-05-01T11:52:21.600+0000] {processor.py:830} INFO - Processing file /home/airflow/.local/lib/python3.12/site-packages/airflow/example_dags/example_sensor_decorator.py for tasks to queue
[2025-05-01T11:52:21.605+0000] {logging_mixin.py:188} INFO - [2025-05-01T11:52:21.604+0000] {dagbag.py:545} INFO - Filling up the DagBag from /home/airflow/.local/lib/python3.12/site-packages/airflow/example_dags/example_sensor_decorator.py
[2025-05-01T11:52:21.618+0000] {processor.py:840} INFO - DAG(s) 'example_sensor_decorator' retrieved from /home/airflow/.local/lib/python3.12/site-packages/airflow/example_dags/example_sensor_decorator.py
[2025-05-01T11:52:21.662+0000] {logging_mixin.py:188} INFO - [2025-05-01T11:52:21.662+0000] {dag.py:3096} INFO - Sync 1 DAGs
[2025-05-01T11:52:21.692+0000] {logging_mixin.py:188} INFO - [2025-05-01T11:52:21.691+0000] {dag.py:3954} INFO - Setting next_dagrun for example_sensor_decorator to None, run_after=None
[2025-05-01T11:52:21.779+0000] {processor.py:183} INFO - Processing /home/airflow/.local/lib/python3.12/site-packages/airflow/example_dags/example_sensor_decorator.py took 0.195 seconds
[2025-05-01T11:52:53.123+0000] {processor.py:161} INFO - Started process (PID=2544) to work on /home/airflow/.local/lib/python3.12/site-packages/airflow/example_dags/example_sensor_decorator.py
[2025-05-01T11:52:53.126+0000] {processor.py:830} INFO - Processing file /home/airflow/.local/lib/python3.12/site-packages/airflow/example_dags/example_sensor_decorator.py for tasks to queue
[2025-05-01T11:52:53.130+0000] {logging_mixin.py:188} INFO - [2025-05-01T11:52:53.129+0000] {dagbag.py:545} INFO - Filling up the DagBag from /home/airflow/.local/lib/python3.12/site-packages/airflow/example_dags/example_sensor_decorator.py
[2025-05-01T11:52:53.145+0000] {processor.py:840} INFO - DAG(s) 'example_sensor_decorator' retrieved from /home/airflow/.local/lib/python3.12/site-packages/airflow/example_dags/example_sensor_decorator.py
[2025-05-01T11:52:53.187+0000] {logging_mixin.py:188} INFO - [2025-05-01T11:52:53.187+0000] {dag.py:3096} INFO - Sync 1 DAGs
[2025-05-01T11:52:53.216+0000] {logging_mixin.py:188} INFO - [2025-05-01T11:52:53.215+0000] {dag.py:3954} INFO - Setting next_dagrun for example_sensor_decorator to None, run_after=None
[2025-05-01T11:52:53.299+0000] {processor.py:183} INFO - Processing /home/airflow/.local/lib/python3.12/site-packages/airflow/example_dags/example_sensor_decorator.py took 0.187 seconds
[2025-05-01T11:53:23.945+0000] {processor.py:161} INFO - Started process (PID=2603) to work on /home/airflow/.local/lib/python3.12/site-packages/airflow/example_dags/example_sensor_decorator.py
[2025-05-01T11:53:23.947+0000] {processor.py:830} INFO - Processing file /home/airflow/.local/lib/python3.12/site-packages/airflow/example_dags/example_sensor_decorator.py for tasks to queue
[2025-05-01T11:53:23.952+0000] {logging_mixin.py:188} INFO - [2025-05-01T11:53:23.952+0000] {dagbag.py:545} INFO - Filling up the DagBag from /home/airflow/.local/lib/python3.12/site-packages/airflow/example_dags/example_sensor_decorator.py
[2025-05-01T11:53:23.969+0000] {processor.py:840} INFO - DAG(s) 'example_sensor_decorator' retrieved from /home/airflow/.local/lib/python3.12/site-packages/airflow/example_dags/example_sensor_decorator.py
[2025-05-01T11:53:24.020+0000] {logging_mixin.py:188} INFO - [2025-05-01T11:53:24.020+0000] {dag.py:3096} INFO - Sync 1 DAGs
[2025-05-01T11:53:24.051+0000] {logging_mixin.py:188} INFO - [2025-05-01T11:53:24.051+0000] {dag.py:3954} INFO - Setting next_dagrun for example_sensor_decorator to None, run_after=None
[2025-05-01T11:53:24.141+0000] {processor.py:183} INFO - Processing /home/airflow/.local/lib/python3.12/site-packages/airflow/example_dags/example_sensor_decorator.py took 0.210 seconds
[2025-05-01T11:53:54.622+0000] {processor.py:161} INFO - Started process (PID=2662) to work on /home/airflow/.local/lib/python3.12/site-packages/airflow/example_dags/example_sensor_decorator.py
[2025-05-01T11:53:54.625+0000] {processor.py:830} INFO - Processing file /home/airflow/.local/lib/python3.12/site-packages/airflow/example_dags/example_sensor_decorator.py for tasks to queue
[2025-05-01T11:53:54.630+0000] {logging_mixin.py:188} INFO - [2025-05-01T11:53:54.629+0000] {dagbag.py:545} INFO - Filling up the DagBag from /home/airflow/.local/lib/python3.12/site-packages/airflow/example_dags/example_sensor_decorator.py
[2025-05-01T11:53:54.644+0000] {processor.py:840} INFO - DAG(s) 'example_sensor_decorator' retrieved from /home/airflow/.local/lib/python3.12/site-packages/airflow/example_dags/example_sensor_decorator.py
[2025-05-01T11:53:54.689+0000] {logging_mixin.py:188} INFO - [2025-05-01T11:53:54.688+0000] {dag.py:3096} INFO - Sync 1 DAGs
[2025-05-01T11:53:54.721+0000] {logging_mixin.py:188} INFO - [2025-05-01T11:53:54.720+0000] {dag.py:3954} INFO - Setting next_dagrun for example_sensor_decorator to None, run_after=None
[2025-05-01T11:53:54.809+0000] {processor.py:183} INFO - Processing /home/airflow/.local/lib/python3.12/site-packages/airflow/example_dags/example_sensor_decorator.py took 0.198 seconds
[2025-05-01T11:54:25.108+0000] {processor.py:161} INFO - Started process (PID=2721) to work on /home/airflow/.local/lib/python3.12/site-packages/airflow/example_dags/example_sensor_decorator.py
[2025-05-01T11:54:25.111+0000] {processor.py:830} INFO - Processing file /home/airflow/.local/lib/python3.12/site-packages/airflow/example_dags/example_sensor_decorator.py for tasks to queue
[2025-05-01T11:54:25.115+0000] {logging_mixin.py:188} INFO - [2025-05-01T11:54:25.114+0000] {dagbag.py:545} INFO - Filling up the DagBag from /home/airflow/.local/lib/python3.12/site-packages/airflow/example_dags/example_sensor_decorator.py
[2025-05-01T11:54:25.128+0000] {processor.py:840} INFO - DAG(s) 'example_sensor_decorator' retrieved from /home/airflow/.local/lib/python3.12/site-packages/airflow/example_dags/example_sensor_decorator.py
[2025-05-01T11:54:25.171+0000] {logging_mixin.py:188} INFO - [2025-05-01T11:54:25.171+0000] {dag.py:3096} INFO - Sync 1 DAGs
[2025-05-01T11:54:25.200+0000] {logging_mixin.py:188} INFO - [2025-05-01T11:54:25.200+0000] {dag.py:3954} INFO - Setting next_dagrun for example_sensor_decorator to None, run_after=None
[2025-05-01T11:54:25.292+0000] {processor.py:183} INFO - Processing /home/airflow/.local/lib/python3.12/site-packages/airflow/example_dags/example_sensor_decorator.py took 0.196 seconds
[2025-05-01T11:54:55.647+0000] {processor.py:161} INFO - Started process (PID=2780) to work on /home/airflow/.local/lib/python3.12/site-packages/airflow/example_dags/example_sensor_decorator.py
[2025-05-01T11:54:55.649+0000] {processor.py:830} INFO - Processing file /home/airflow/.local/lib/python3.12/site-packages/airflow/example_dags/example_sensor_decorator.py for tasks to queue
[2025-05-01T11:54:55.654+0000] {logging_mixin.py:188} INFO - [2025-05-01T11:54:55.653+0000] {dagbag.py:545} INFO - Filling up the DagBag from /home/airflow/.local/lib/python3.12/site-packages/airflow/example_dags/example_sensor_decorator.py
[2025-05-01T11:54:55.666+0000] {processor.py:840} INFO - DAG(s) 'example_sensor_decorator' retrieved from /home/airflow/.local/lib/python3.12/site-packages/airflow/example_dags/example_sensor_decorator.py
[2025-05-01T11:54:55.709+0000] {logging_mixin.py:188} INFO - [2025-05-01T11:54:55.709+0000] {dag.py:3096} INFO - Sync 1 DAGs
[2025-05-01T11:54:55.748+0000] {logging_mixin.py:188} INFO - [2025-05-01T11:54:55.748+0000] {dag.py:3954} INFO - Setting next_dagrun for example_sensor_decorator to None, run_after=None
[2025-05-01T11:54:55.835+0000] {processor.py:183} INFO - Processing /home/airflow/.local/lib/python3.12/site-packages/airflow/example_dags/example_sensor_decorator.py took 0.201 seconds
[2025-05-01T11:55:26.232+0000] {processor.py:161} INFO - Started process (PID=2839) to work on /home/airflow/.local/lib/python3.12/site-packages/airflow/example_dags/example_sensor_decorator.py
[2025-05-01T11:55:26.235+0000] {processor.py:830} INFO - Processing file /home/airflow/.local/lib/python3.12/site-packages/airflow/example_dags/example_sensor_decorator.py for tasks to queue
[2025-05-01T11:55:26.239+0000] {logging_mixin.py:188} INFO - [2025-05-01T11:55:26.239+0000] {dagbag.py:545} INFO - Filling up the DagBag from /home/airflow/.local/lib/python3.12/site-packages/airflow/example_dags/example_sensor_decorator.py
[2025-05-01T11:55:26.254+0000] {processor.py:840} INFO - DAG(s) 'example_sensor_decorator' retrieved from /home/airflow/.local/lib/python3.12/site-packages/airflow/example_dags/example_sensor_decorator.py
[2025-05-01T11:55:26.302+0000] {logging_mixin.py:188} INFO - [2025-05-01T11:55:26.301+0000] {dag.py:3096} INFO - Sync 1 DAGs
[2025-05-01T11:55:26.334+0000] {logging_mixin.py:188} INFO - [2025-05-01T11:55:26.334+0000] {dag.py:3954} INFO - Setting next_dagrun for example_sensor_decorator to None, run_after=None
[2025-05-01T11:55:26.394+0000] {processor.py:183} INFO - Processing /home/airflow/.local/lib/python3.12/site-packages/airflow/example_dags/example_sensor_decorator.py took 0.176 seconds
[2025-05-01T11:55:57.479+0000] {processor.py:161} INFO - Started process (PID=2899) to work on /home/airflow/.local/lib/python3.12/site-packages/airflow/example_dags/example_sensor_decorator.py
[2025-05-01T11:55:57.481+0000] {processor.py:830} INFO - Processing file /home/airflow/.local/lib/python3.12/site-packages/airflow/example_dags/example_sensor_decorator.py for tasks to queue
[2025-05-01T11:55:57.485+0000] {logging_mixin.py:188} INFO - [2025-05-01T11:55:57.484+0000] {dagbag.py:545} INFO - Filling up the DagBag from /home/airflow/.local/lib/python3.12/site-packages/airflow/example_dags/example_sensor_decorator.py
[2025-05-01T11:55:57.498+0000] {processor.py:840} INFO - DAG(s) 'example_sensor_decorator' retrieved from /home/airflow/.local/lib/python3.12/site-packages/airflow/example_dags/example_sensor_decorator.py
[2025-05-01T11:55:57.542+0000] {logging_mixin.py:188} INFO - [2025-05-01T11:55:57.542+0000] {dag.py:3096} INFO - Sync 1 DAGs
[2025-05-01T11:55:57.571+0000] {logging_mixin.py:188} INFO - [2025-05-01T11:55:57.570+0000] {dag.py:3954} INFO - Setting next_dagrun for example_sensor_decorator to None, run_after=None
[2025-05-01T11:55:57.655+0000] {processor.py:183} INFO - Processing /home/airflow/.local/lib/python3.12/site-packages/airflow/example_dags/example_sensor_decorator.py took 0.189 seconds
[2025-05-01T11:56:28.374+0000] {processor.py:161} INFO - Started process (PID=2959) to work on /home/airflow/.local/lib/python3.12/site-packages/airflow/example_dags/example_sensor_decorator.py
[2025-05-01T11:56:28.376+0000] {processor.py:830} INFO - Processing file /home/airflow/.local/lib/python3.12/site-packages/airflow/example_dags/example_sensor_decorator.py for tasks to queue
[2025-05-01T11:56:28.380+0000] {logging_mixin.py:188} INFO - [2025-05-01T11:56:28.379+0000] {dagbag.py:545} INFO - Filling up the DagBag from /home/airflow/.local/lib/python3.12/site-packages/airflow/example_dags/example_sensor_decorator.py
[2025-05-01T11:56:28.391+0000] {processor.py:840} INFO - DAG(s) 'example_sensor_decorator' retrieved from /home/airflow/.local/lib/python3.12/site-packages/airflow/example_dags/example_sensor_decorator.py
[2025-05-01T11:56:28.437+0000] {logging_mixin.py:188} INFO - [2025-05-01T11:56:28.437+0000] {dag.py:3096} INFO - Sync 1 DAGs
[2025-05-01T11:56:28.468+0000] {logging_mixin.py:188} INFO - [2025-05-01T11:56:28.468+0000] {dag.py:3954} INFO - Setting next_dagrun for example_sensor_decorator to None, run_after=None
[2025-05-01T11:56:28.511+0000] {processor.py:183} INFO - Processing /home/airflow/.local/lib/python3.12/site-packages/airflow/example_dags/example_sensor_decorator.py took 0.148 seconds
[2025-05-01T11:56:59.493+0000] {processor.py:161} INFO - Started process (PID=3018) to work on /home/airflow/.local/lib/python3.12/site-packages/airflow/example_dags/example_sensor_decorator.py
[2025-05-01T11:56:59.495+0000] {processor.py:830} INFO - Processing file /home/airflow/.local/lib/python3.12/site-packages/airflow/example_dags/example_sensor_decorator.py for tasks to queue
[2025-05-01T11:56:59.499+0000] {logging_mixin.py:188} INFO - [2025-05-01T11:56:59.499+0000] {dagbag.py:545} INFO - Filling up the DagBag from /home/airflow/.local/lib/python3.12/site-packages/airflow/example_dags/example_sensor_decorator.py
[2025-05-01T11:56:59.513+0000] {processor.py:840} INFO - DAG(s) 'example_sensor_decorator' retrieved from /home/airflow/.local/lib/python3.12/site-packages/airflow/example_dags/example_sensor_decorator.py
[2025-05-01T11:56:59.556+0000] {logging_mixin.py:188} INFO - [2025-05-01T11:56:59.556+0000] {dag.py:3096} INFO - Sync 1 DAGs
[2025-05-01T11:56:59.585+0000] {logging_mixin.py:188} INFO - [2025-05-01T11:56:59.585+0000] {dag.py:3954} INFO - Setting next_dagrun for example_sensor_decorator to None, run_after=None
[2025-05-01T11:56:59.668+0000] {processor.py:183} INFO - Processing /home/airflow/.local/lib/python3.12/site-packages/airflow/example_dags/example_sensor_decorator.py took 0.186 seconds
[2025-05-01T11:57:29.875+0000] {processor.py:161} INFO - Started process (PID=3077) to work on /home/airflow/.local/lib/python3.12/site-packages/airflow/example_dags/example_sensor_decorator.py
[2025-05-01T11:57:29.877+0000] {processor.py:830} INFO - Processing file /home/airflow/.local/lib/python3.12/site-packages/airflow/example_dags/example_sensor_decorator.py for tasks to queue
[2025-05-01T11:57:29.881+0000] {logging_mixin.py:188} INFO - [2025-05-01T11:57:29.880+0000] {dagbag.py:545} INFO - Filling up the DagBag from /home/airflow/.local/lib/python3.12/site-packages/airflow/example_dags/example_sensor_decorator.py
[2025-05-01T11:57:29.893+0000] {processor.py:840} INFO - DAG(s) 'example_sensor_decorator' retrieved from /home/airflow/.local/lib/python3.12/site-packages/airflow/example_dags/example_sensor_decorator.py
[2025-05-01T11:57:29.936+0000] {logging_mixin.py:188} INFO - [2025-05-01T11:57:29.935+0000] {dag.py:3096} INFO - Sync 1 DAGs
[2025-05-01T11:57:29.965+0000] {logging_mixin.py:188} INFO - [2025-05-01T11:57:29.965+0000] {dag.py:3954} INFO - Setting next_dagrun for example_sensor_decorator to None, run_after=None
[2025-05-01T11:57:30.055+0000] {processor.py:183} INFO - Processing /home/airflow/.local/lib/python3.12/site-packages/airflow/example_dags/example_sensor_decorator.py took 0.194 seconds
[2025-05-01T11:58:00.236+0000] {processor.py:161} INFO - Started process (PID=3136) to work on /home/airflow/.local/lib/python3.12/site-packages/airflow/example_dags/example_sensor_decorator.py
[2025-05-01T11:58:00.238+0000] {processor.py:830} INFO - Processing file /home/airflow/.local/lib/python3.12/site-packages/airflow/example_dags/example_sensor_decorator.py for tasks to queue
[2025-05-01T11:58:00.242+0000] {logging_mixin.py:188} INFO - [2025-05-01T11:58:00.242+0000] {dagbag.py:545} INFO - Filling up the DagBag from /home/airflow/.local/lib/python3.12/site-packages/airflow/example_dags/example_sensor_decorator.py
[2025-05-01T11:58:00.256+0000] {processor.py:840} INFO - DAG(s) 'example_sensor_decorator' retrieved from /home/airflow/.local/lib/python3.12/site-packages/airflow/example_dags/example_sensor_decorator.py
[2025-05-01T11:58:00.298+0000] {logging_mixin.py:188} INFO - [2025-05-01T11:58:00.297+0000] {dag.py:3096} INFO - Sync 1 DAGs
[2025-05-01T11:58:00.333+0000] {logging_mixin.py:188} INFO - [2025-05-01T11:58:00.332+0000] {dag.py:3954} INFO - Setting next_dagrun for example_sensor_decorator to None, run_after=None
[2025-05-01T11:58:00.429+0000] {processor.py:183} INFO - Processing /home/airflow/.local/lib/python3.12/site-packages/airflow/example_dags/example_sensor_decorator.py took 0.203 seconds
[2025-05-01T11:58:30.818+0000] {processor.py:161} INFO - Started process (PID=3195) to work on /home/airflow/.local/lib/python3.12/site-packages/airflow/example_dags/example_sensor_decorator.py
[2025-05-01T11:58:30.820+0000] {processor.py:830} INFO - Processing file /home/airflow/.local/lib/python3.12/site-packages/airflow/example_dags/example_sensor_decorator.py for tasks to queue
[2025-05-01T11:58:30.825+0000] {logging_mixin.py:188} INFO - [2025-05-01T11:58:30.824+0000] {dagbag.py:545} INFO - Filling up the DagBag from /home/airflow/.local/lib/python3.12/site-packages/airflow/example_dags/example_sensor_decorator.py
[2025-05-01T11:58:30.836+0000] {processor.py:840} INFO - DAG(s) 'example_sensor_decorator' retrieved from /home/airflow/.local/lib/python3.12/site-packages/airflow/example_dags/example_sensor_decorator.py
[2025-05-01T11:58:30.878+0000] {logging_mixin.py:188} INFO - [2025-05-01T11:58:30.877+0000] {dag.py:3096} INFO - Sync 1 DAGs
[2025-05-01T11:58:30.906+0000] {logging_mixin.py:188} INFO - [2025-05-01T11:58:30.906+0000] {dag.py:3954} INFO - Setting next_dagrun for example_sensor_decorator to None, run_after=None
[2025-05-01T11:58:30.989+0000] {processor.py:183} INFO - Processing /home/airflow/.local/lib/python3.12/site-packages/airflow/example_dags/example_sensor_decorator.py took 0.181 seconds
[2025-05-01T11:59:02.028+0000] {processor.py:161} INFO - Started process (PID=3260) to work on /home/airflow/.local/lib/python3.12/site-packages/airflow/example_dags/example_sensor_decorator.py
[2025-05-01T11:59:02.029+0000] {processor.py:830} INFO - Processing file /home/airflow/.local/lib/python3.12/site-packages/airflow/example_dags/example_sensor_decorator.py for tasks to queue
[2025-05-01T11:59:02.033+0000] {logging_mixin.py:188} INFO - [2025-05-01T11:59:02.033+0000] {dagbag.py:545} INFO - Filling up the DagBag from /home/airflow/.local/lib/python3.12/site-packages/airflow/example_dags/example_sensor_decorator.py
[2025-05-01T11:59:02.045+0000] {processor.py:840} INFO - DAG(s) 'example_sensor_decorator' retrieved from /home/airflow/.local/lib/python3.12/site-packages/airflow/example_dags/example_sensor_decorator.py
[2025-05-01T11:59:02.085+0000] {logging_mixin.py:188} INFO - [2025-05-01T11:59:02.085+0000] {dag.py:3096} INFO - Sync 1 DAGs
[2025-05-01T11:59:02.134+0000] {logging_mixin.py:188} INFO - [2025-05-01T11:59:02.134+0000] {dag.py:3954} INFO - Setting next_dagrun for example_sensor_decorator to None, run_after=None
[2025-05-01T11:59:02.218+0000] {processor.py:183} INFO - Processing /home/airflow/.local/lib/python3.12/site-packages/airflow/example_dags/example_sensor_decorator.py took 0.201 seconds
[2025-05-01T11:59:33.079+0000] {processor.py:161} INFO - Started process (PID=3319) to work on /home/airflow/.local/lib/python3.12/site-packages/airflow/example_dags/example_sensor_decorator.py
[2025-05-01T11:59:33.081+0000] {processor.py:830} INFO - Processing file /home/airflow/.local/lib/python3.12/site-packages/airflow/example_dags/example_sensor_decorator.py for tasks to queue
[2025-05-01T11:59:33.087+0000] {logging_mixin.py:188} INFO - [2025-05-01T11:59:33.086+0000] {dagbag.py:545} INFO - Filling up the DagBag from /home/airflow/.local/lib/python3.12/site-packages/airflow/example_dags/example_sensor_decorator.py
[2025-05-01T11:59:33.104+0000] {processor.py:840} INFO - DAG(s) 'example_sensor_decorator' retrieved from /home/airflow/.local/lib/python3.12/site-packages/airflow/example_dags/example_sensor_decorator.py
[2025-05-01T11:59:33.146+0000] {logging_mixin.py:188} INFO - [2025-05-01T11:59:33.146+0000] {dag.py:3096} INFO - Sync 1 DAGs
[2025-05-01T11:59:33.173+0000] {logging_mixin.py:188} INFO - [2025-05-01T11:59:33.172+0000] {dag.py:3954} INFO - Setting next_dagrun for example_sensor_decorator to None, run_after=None
[2025-05-01T11:59:33.229+0000] {processor.py:183} INFO - Processing /home/airflow/.local/lib/python3.12/site-packages/airflow/example_dags/example_sensor_decorator.py took 0.163 seconds
[2025-05-01T12:00:03.950+0000] {processor.py:161} INFO - Started process (PID=3377) to work on /home/airflow/.local/lib/python3.12/site-packages/airflow/example_dags/example_sensor_decorator.py
[2025-05-01T12:00:03.953+0000] {processor.py:830} INFO - Processing file /home/airflow/.local/lib/python3.12/site-packages/airflow/example_dags/example_sensor_decorator.py for tasks to queue
[2025-05-01T12:00:03.957+0000] {logging_mixin.py:188} INFO - [2025-05-01T12:00:03.956+0000] {dagbag.py:545} INFO - Filling up the DagBag from /home/airflow/.local/lib/python3.12/site-packages/airflow/example_dags/example_sensor_decorator.py
[2025-05-01T12:00:03.974+0000] {processor.py:840} INFO - DAG(s) 'example_sensor_decorator' retrieved from /home/airflow/.local/lib/python3.12/site-packages/airflow/example_dags/example_sensor_decorator.py
[2025-05-01T12:00:04.027+0000] {logging_mixin.py:188} INFO - [2025-05-01T12:00:04.027+0000] {dag.py:3096} INFO - Sync 1 DAGs
[2025-05-01T12:00:04.059+0000] {logging_mixin.py:188} INFO - [2025-05-01T12:00:04.058+0000] {dag.py:3954} INFO - Setting next_dagrun for example_sensor_decorator to None, run_after=None
[2025-05-01T12:00:04.150+0000] {processor.py:183} INFO - Processing /home/airflow/.local/lib/python3.12/site-packages/airflow/example_dags/example_sensor_decorator.py took 0.214 seconds
[2025-05-01T12:00:34.913+0000] {processor.py:161} INFO - Started process (PID=3435) to work on /home/airflow/.local/lib/python3.12/site-packages/airflow/example_dags/example_sensor_decorator.py
[2025-05-01T12:00:34.918+0000] {processor.py:830} INFO - Processing file /home/airflow/.local/lib/python3.12/site-packages/airflow/example_dags/example_sensor_decorator.py for tasks to queue
[2025-05-01T12:00:34.925+0000] {logging_mixin.py:188} INFO - [2025-05-01T12:00:34.924+0000] {dagbag.py:545} INFO - Filling up the DagBag from /home/airflow/.local/lib/python3.12/site-packages/airflow/example_dags/example_sensor_decorator.py
[2025-05-01T12:00:34.946+0000] {processor.py:840} INFO - DAG(s) 'example_sensor_decorator' retrieved from /home/airflow/.local/lib/python3.12/site-packages/airflow/example_dags/example_sensor_decorator.py
[2025-05-01T12:00:35.009+0000] {logging_mixin.py:188} INFO - [2025-05-01T12:00:35.008+0000] {dag.py:3096} INFO - Sync 1 DAGs
[2025-05-01T12:00:35.044+0000] {logging_mixin.py:188} INFO - [2025-05-01T12:00:35.043+0000] {dag.py:3954} INFO - Setting next_dagrun for example_sensor_decorator to None, run_after=None
[2025-05-01T12:00:35.144+0000] {processor.py:183} INFO - Processing /home/airflow/.local/lib/python3.12/site-packages/airflow/example_dags/example_sensor_decorator.py took 0.249 seconds
[2025-05-01T12:01:05.330+0000] {processor.py:161} INFO - Started process (PID=3494) to work on /home/airflow/.local/lib/python3.12/site-packages/airflow/example_dags/example_sensor_decorator.py
[2025-05-01T12:01:05.332+0000] {processor.py:830} INFO - Processing file /home/airflow/.local/lib/python3.12/site-packages/airflow/example_dags/example_sensor_decorator.py for tasks to queue
[2025-05-01T12:01:05.336+0000] {logging_mixin.py:188} INFO - [2025-05-01T12:01:05.335+0000] {dagbag.py:545} INFO - Filling up the DagBag from /home/airflow/.local/lib/python3.12/site-packages/airflow/example_dags/example_sensor_decorator.py
[2025-05-01T12:01:05.349+0000] {processor.py:840} INFO - DAG(s) 'example_sensor_decorator' retrieved from /home/airflow/.local/lib/python3.12/site-packages/airflow/example_dags/example_sensor_decorator.py
[2025-05-01T12:01:05.394+0000] {logging_mixin.py:188} INFO - [2025-05-01T12:01:05.394+0000] {dag.py:3096} INFO - Sync 1 DAGs
[2025-05-01T12:01:05.423+0000] {logging_mixin.py:188} INFO - [2025-05-01T12:01:05.423+0000] {dag.py:3954} INFO - Setting next_dagrun for example_sensor_decorator to None, run_after=None
[2025-05-01T12:01:05.478+0000] {processor.py:183} INFO - Processing /home/airflow/.local/lib/python3.12/site-packages/airflow/example_dags/example_sensor_decorator.py took 0.161 seconds
[2025-05-01T12:01:35.890+0000] {processor.py:161} INFO - Started process (PID=3554) to work on /home/airflow/.local/lib/python3.12/site-packages/airflow/example_dags/example_sensor_decorator.py
[2025-05-01T12:01:35.892+0000] {processor.py:830} INFO - Processing file /home/airflow/.local/lib/python3.12/site-packages/airflow/example_dags/example_sensor_decorator.py for tasks to queue
[2025-05-01T12:01:35.897+0000] {logging_mixin.py:188} INFO - [2025-05-01T12:01:35.896+0000] {dagbag.py:545} INFO - Filling up the DagBag from /home/airflow/.local/lib/python3.12/site-packages/airflow/example_dags/example_sensor_decorator.py
[2025-05-01T12:01:35.909+0000] {processor.py:840} INFO - DAG(s) 'example_sensor_decorator' retrieved from /home/airflow/.local/lib/python3.12/site-packages/airflow/example_dags/example_sensor_decorator.py
[2025-05-01T12:01:35.953+0000] {logging_mixin.py:188} INFO - [2025-05-01T12:01:35.952+0000] {dag.py:3096} INFO - Sync 1 DAGs
[2025-05-01T12:01:35.983+0000] {logging_mixin.py:188} INFO - [2025-05-01T12:01:35.983+0000] {dag.py:3954} INFO - Setting next_dagrun for example_sensor_decorator to None, run_after=None
[2025-05-01T12:01:36.029+0000] {processor.py:183} INFO - Processing /home/airflow/.local/lib/python3.12/site-packages/airflow/example_dags/example_sensor_decorator.py took 0.151 seconds
[2025-05-01T12:02:06.263+0000] {processor.py:161} INFO - Started process (PID=3613) to work on /home/airflow/.local/lib/python3.12/site-packages/airflow/example_dags/example_sensor_decorator.py
[2025-05-01T12:02:06.265+0000] {processor.py:830} INFO - Processing file /home/airflow/.local/lib/python3.12/site-packages/airflow/example_dags/example_sensor_decorator.py for tasks to queue
[2025-05-01T12:02:06.269+0000] {logging_mixin.py:188} INFO - [2025-05-01T12:02:06.268+0000] {dagbag.py:545} INFO - Filling up the DagBag from /home/airflow/.local/lib/python3.12/site-packages/airflow/example_dags/example_sensor_decorator.py
[2025-05-01T12:02:06.284+0000] {processor.py:840} INFO - DAG(s) 'example_sensor_decorator' retrieved from /home/airflow/.local/lib/python3.12/site-packages/airflow/example_dags/example_sensor_decorator.py
[2025-05-01T12:02:06.335+0000] {logging_mixin.py:188} INFO - [2025-05-01T12:02:06.334+0000] {dag.py:3096} INFO - Sync 1 DAGs
[2025-05-01T12:02:06.379+0000] {logging_mixin.py:188} INFO - [2025-05-01T12:02:06.378+0000] {dag.py:3954} INFO - Setting next_dagrun for example_sensor_decorator to None, run_after=None
[2025-05-01T12:02:06.442+0000] {processor.py:183} INFO - Processing /home/airflow/.local/lib/python3.12/site-packages/airflow/example_dags/example_sensor_decorator.py took 0.192 seconds
[2025-05-01T12:02:37.196+0000] {processor.py:161} INFO - Started process (PID=3672) to work on /home/airflow/.local/lib/python3.12/site-packages/airflow/example_dags/example_sensor_decorator.py
[2025-05-01T12:02:37.198+0000] {processor.py:830} INFO - Processing file /home/airflow/.local/lib/python3.12/site-packages/airflow/example_dags/example_sensor_decorator.py for tasks to queue
[2025-05-01T12:02:37.203+0000] {logging_mixin.py:188} INFO - [2025-05-01T12:02:37.203+0000] {dagbag.py:545} INFO - Filling up the DagBag from /home/airflow/.local/lib/python3.12/site-packages/airflow/example_dags/example_sensor_decorator.py
[2025-05-01T12:02:37.221+0000] {processor.py:840} INFO - DAG(s) 'example_sensor_decorator' retrieved from /home/airflow/.local/lib/python3.12/site-packages/airflow/example_dags/example_sensor_decorator.py
[2025-05-01T12:02:37.277+0000] {logging_mixin.py:188} INFO - [2025-05-01T12:02:37.276+0000] {dag.py:3096} INFO - Sync 1 DAGs
[2025-05-01T12:02:37.313+0000] {logging_mixin.py:188} INFO - [2025-05-01T12:02:37.313+0000] {dag.py:3954} INFO - Setting next_dagrun for example_sensor_decorator to None, run_after=None
[2025-05-01T12:02:37.360+0000] {processor.py:183} INFO - Processing /home/airflow/.local/lib/python3.12/site-packages/airflow/example_dags/example_sensor_decorator.py took 0.180 seconds
[2025-05-01T12:03:08.347+0000] {processor.py:161} INFO - Started process (PID=3730) to work on /home/airflow/.local/lib/python3.12/site-packages/airflow/example_dags/example_sensor_decorator.py
[2025-05-01T12:03:08.350+0000] {processor.py:830} INFO - Processing file /home/airflow/.local/lib/python3.12/site-packages/airflow/example_dags/example_sensor_decorator.py for tasks to queue
[2025-05-01T12:03:08.356+0000] {logging_mixin.py:188} INFO - [2025-05-01T12:03:08.355+0000] {dagbag.py:545} INFO - Filling up the DagBag from /home/airflow/.local/lib/python3.12/site-packages/airflow/example_dags/example_sensor_decorator.py
[2025-05-01T12:03:08.373+0000] {processor.py:840} INFO - DAG(s) 'example_sensor_decorator' retrieved from /home/airflow/.local/lib/python3.12/site-packages/airflow/example_dags/example_sensor_decorator.py
[2025-05-01T12:03:08.426+0000] {logging_mixin.py:188} INFO - [2025-05-01T12:03:08.425+0000] {dag.py:3096} INFO - Sync 1 DAGs
[2025-05-01T12:03:08.457+0000] {logging_mixin.py:188} INFO - [2025-05-01T12:03:08.457+0000] {dag.py:3954} INFO - Setting next_dagrun for example_sensor_decorator to None, run_after=None
[2025-05-01T12:03:08.550+0000] {processor.py:183} INFO - Processing /home/airflow/.local/lib/python3.12/site-packages/airflow/example_dags/example_sensor_decorator.py took 0.225 seconds
[2025-05-01T12:03:39.118+0000] {processor.py:161} INFO - Started process (PID=3789) to work on /home/airflow/.local/lib/python3.12/site-packages/airflow/example_dags/example_sensor_decorator.py
[2025-05-01T12:03:39.121+0000] {processor.py:830} INFO - Processing file /home/airflow/.local/lib/python3.12/site-packages/airflow/example_dags/example_sensor_decorator.py for tasks to queue
[2025-05-01T12:03:39.126+0000] {logging_mixin.py:188} INFO - [2025-05-01T12:03:39.124+0000] {dagbag.py:545} INFO - Filling up the DagBag from /home/airflow/.local/lib/python3.12/site-packages/airflow/example_dags/example_sensor_decorator.py
[2025-05-01T12:03:39.143+0000] {processor.py:840} INFO - DAG(s) 'example_sensor_decorator' retrieved from /home/airflow/.local/lib/python3.12/site-packages/airflow/example_dags/example_sensor_decorator.py
[2025-05-01T12:03:39.202+0000] {logging_mixin.py:188} INFO - [2025-05-01T12:03:39.201+0000] {dag.py:3096} INFO - Sync 1 DAGs
[2025-05-01T12:03:39.241+0000] {logging_mixin.py:188} INFO - [2025-05-01T12:03:39.240+0000] {dag.py:3954} INFO - Setting next_dagrun for example_sensor_decorator to None, run_after=None
[2025-05-01T12:03:39.296+0000] {processor.py:183} INFO - Processing /home/airflow/.local/lib/python3.12/site-packages/airflow/example_dags/example_sensor_decorator.py took 0.197 seconds
[2025-05-01T12:04:09.558+0000] {processor.py:161} INFO - Started process (PID=3848) to work on /home/airflow/.local/lib/python3.12/site-packages/airflow/example_dags/example_sensor_decorator.py
[2025-05-01T12:04:09.561+0000] {processor.py:830} INFO - Processing file /home/airflow/.local/lib/python3.12/site-packages/airflow/example_dags/example_sensor_decorator.py for tasks to queue
[2025-05-01T12:04:09.566+0000] {logging_mixin.py:188} INFO - [2025-05-01T12:04:09.565+0000] {dagbag.py:545} INFO - Filling up the DagBag from /home/airflow/.local/lib/python3.12/site-packages/airflow/example_dags/example_sensor_decorator.py
[2025-05-01T12:04:09.585+0000] {processor.py:840} INFO - DAG(s) 'example_sensor_decorator' retrieved from /home/airflow/.local/lib/python3.12/site-packages/airflow/example_dags/example_sensor_decorator.py
[2025-05-01T12:04:09.671+0000] {logging_mixin.py:188} INFO - [2025-05-01T12:04:09.669+0000] {dag.py:3096} INFO - Sync 1 DAGs
[2025-05-01T12:04:09.712+0000] {logging_mixin.py:188} INFO - [2025-05-01T12:04:09.711+0000] {dag.py:3954} INFO - Setting next_dagrun for example_sensor_decorator to None, run_after=None
[2025-05-01T12:04:09.813+0000] {processor.py:183} INFO - Processing /home/airflow/.local/lib/python3.12/site-packages/airflow/example_dags/example_sensor_decorator.py took 0.271 seconds
[2025-05-01T12:04:40.691+0000] {processor.py:161} INFO - Started process (PID=3907) to work on /home/airflow/.local/lib/python3.12/site-packages/airflow/example_dags/example_sensor_decorator.py
[2025-05-01T12:04:40.693+0000] {processor.py:830} INFO - Processing file /home/airflow/.local/lib/python3.12/site-packages/airflow/example_dags/example_sensor_decorator.py for tasks to queue
[2025-05-01T12:04:40.698+0000] {logging_mixin.py:188} INFO - [2025-05-01T12:04:40.697+0000] {dagbag.py:545} INFO - Filling up the DagBag from /home/airflow/.local/lib/python3.12/site-packages/airflow/example_dags/example_sensor_decorator.py
[2025-05-01T12:04:40.712+0000] {processor.py:840} INFO - DAG(s) 'example_sensor_decorator' retrieved from /home/airflow/.local/lib/python3.12/site-packages/airflow/example_dags/example_sensor_decorator.py
[2025-05-01T12:04:40.766+0000] {logging_mixin.py:188} INFO - [2025-05-01T12:04:40.765+0000] {dag.py:3096} INFO - Sync 1 DAGs
[2025-05-01T12:04:40.806+0000] {logging_mixin.py:188} INFO - [2025-05-01T12:04:40.805+0000] {dag.py:3954} INFO - Setting next_dagrun for example_sensor_decorator to None, run_after=None
[2025-05-01T12:04:40.855+0000] {processor.py:183} INFO - Processing /home/airflow/.local/lib/python3.12/site-packages/airflow/example_dags/example_sensor_decorator.py took 0.175 seconds
[2025-05-01T12:05:11.527+0000] {processor.py:161} INFO - Started process (PID=3966) to work on /home/airflow/.local/lib/python3.12/site-packages/airflow/example_dags/example_sensor_decorator.py
[2025-05-01T12:05:11.529+0000] {processor.py:830} INFO - Processing file /home/airflow/.local/lib/python3.12/site-packages/airflow/example_dags/example_sensor_decorator.py for tasks to queue
[2025-05-01T12:05:11.534+0000] {logging_mixin.py:188} INFO - [2025-05-01T12:05:11.533+0000] {dagbag.py:545} INFO - Filling up the DagBag from /home/airflow/.local/lib/python3.12/site-packages/airflow/example_dags/example_sensor_decorator.py
[2025-05-01T12:05:11.546+0000] {processor.py:840} INFO - DAG(s) 'example_sensor_decorator' retrieved from /home/airflow/.local/lib/python3.12/site-packages/airflow/example_dags/example_sensor_decorator.py
[2025-05-01T12:05:11.589+0000] {logging_mixin.py:188} INFO - [2025-05-01T12:05:11.589+0000] {dag.py:3096} INFO - Sync 1 DAGs
[2025-05-01T12:05:11.620+0000] {logging_mixin.py:188} INFO - [2025-05-01T12:05:11.620+0000] {dag.py:3954} INFO - Setting next_dagrun for example_sensor_decorator to None, run_after=None
[2025-05-01T12:05:11.718+0000] {processor.py:183} INFO - Processing /home/airflow/.local/lib/python3.12/site-packages/airflow/example_dags/example_sensor_decorator.py took 0.202 seconds
[2025-05-01T12:05:42.222+0000] {processor.py:161} INFO - Started process (PID=4026) to work on /home/airflow/.local/lib/python3.12/site-packages/airflow/example_dags/example_sensor_decorator.py
[2025-05-01T12:05:42.224+0000] {processor.py:830} INFO - Processing file /home/airflow/.local/lib/python3.12/site-packages/airflow/example_dags/example_sensor_decorator.py for tasks to queue
[2025-05-01T12:05:42.228+0000] {logging_mixin.py:188} INFO - [2025-05-01T12:05:42.227+0000] {dagbag.py:545} INFO - Filling up the DagBag from /home/airflow/.local/lib/python3.12/site-packages/airflow/example_dags/example_sensor_decorator.py
[2025-05-01T12:05:42.241+0000] {processor.py:840} INFO - DAG(s) 'example_sensor_decorator' retrieved from /home/airflow/.local/lib/python3.12/site-packages/airflow/example_dags/example_sensor_decorator.py
[2025-05-01T12:05:42.335+0000] {logging_mixin.py:188} INFO - [2025-05-01T12:05:42.334+0000] {dag.py:3096} INFO - Sync 1 DAGs
[2025-05-01T12:05:42.365+0000] {logging_mixin.py:188} INFO - [2025-05-01T12:05:42.365+0000] {dag.py:3954} INFO - Setting next_dagrun for example_sensor_decorator to None, run_after=None
[2025-05-01T12:05:42.414+0000] {processor.py:183} INFO - Processing /home/airflow/.local/lib/python3.12/site-packages/airflow/example_dags/example_sensor_decorator.py took 0.203 seconds
[2025-05-01T12:06:12.929+0000] {processor.py:161} INFO - Started process (PID=4083) to work on /home/airflow/.local/lib/python3.12/site-packages/airflow/example_dags/example_sensor_decorator.py
[2025-05-01T12:06:12.931+0000] {processor.py:830} INFO - Processing file /home/airflow/.local/lib/python3.12/site-packages/airflow/example_dags/example_sensor_decorator.py for tasks to queue
[2025-05-01T12:06:12.936+0000] {logging_mixin.py:188} INFO - [2025-05-01T12:06:12.935+0000] {dagbag.py:545} INFO - Filling up the DagBag from /home/airflow/.local/lib/python3.12/site-packages/airflow/example_dags/example_sensor_decorator.py
[2025-05-01T12:06:12.951+0000] {processor.py:840} INFO - DAG(s) 'example_sensor_decorator' retrieved from /home/airflow/.local/lib/python3.12/site-packages/airflow/example_dags/example_sensor_decorator.py
[2025-05-01T12:06:13.012+0000] {logging_mixin.py:188} INFO - [2025-05-01T12:06:13.011+0000] {dag.py:3096} INFO - Sync 1 DAGs
[2025-05-01T12:06:13.038+0000] {logging_mixin.py:188} INFO - [2025-05-01T12:06:13.037+0000] {dag.py:3954} INFO - Setting next_dagrun for example_sensor_decorator to None, run_after=None
[2025-05-01T12:06:13.120+0000] {processor.py:183} INFO - Processing /home/airflow/.local/lib/python3.12/site-packages/airflow/example_dags/example_sensor_decorator.py took 0.203 seconds
[2025-05-01T12:06:43.796+0000] {processor.py:161} INFO - Started process (PID=4143) to work on /home/airflow/.local/lib/python3.12/site-packages/airflow/example_dags/example_sensor_decorator.py
[2025-05-01T12:06:43.798+0000] {processor.py:830} INFO - Processing file /home/airflow/.local/lib/python3.12/site-packages/airflow/example_dags/example_sensor_decorator.py for tasks to queue
[2025-05-01T12:06:43.804+0000] {logging_mixin.py:188} INFO - [2025-05-01T12:06:43.803+0000] {dagbag.py:545} INFO - Filling up the DagBag from /home/airflow/.local/lib/python3.12/site-packages/airflow/example_dags/example_sensor_decorator.py
[2025-05-01T12:06:43.816+0000] {processor.py:840} INFO - DAG(s) 'example_sensor_decorator' retrieved from /home/airflow/.local/lib/python3.12/site-packages/airflow/example_dags/example_sensor_decorator.py
[2025-05-01T12:06:43.881+0000] {logging_mixin.py:188} INFO - [2025-05-01T12:06:43.881+0000] {dag.py:3096} INFO - Sync 1 DAGs
[2025-05-01T12:06:43.924+0000] {logging_mixin.py:188} INFO - [2025-05-01T12:06:43.924+0000] {dag.py:3954} INFO - Setting next_dagrun for example_sensor_decorator to None, run_after=None
[2025-05-01T12:06:44.030+0000] {processor.py:183} INFO - Processing /home/airflow/.local/lib/python3.12/site-packages/airflow/example_dags/example_sensor_decorator.py took 0.248 seconds
[2025-05-01T12:07:14.848+0000] {processor.py:161} INFO - Started process (PID=4202) to work on /home/airflow/.local/lib/python3.12/site-packages/airflow/example_dags/example_sensor_decorator.py
[2025-05-01T12:07:14.851+0000] {processor.py:830} INFO - Processing file /home/airflow/.local/lib/python3.12/site-packages/airflow/example_dags/example_sensor_decorator.py for tasks to queue
[2025-05-01T12:07:14.858+0000] {logging_mixin.py:188} INFO - [2025-05-01T12:07:14.857+0000] {dagbag.py:545} INFO - Filling up the DagBag from /home/airflow/.local/lib/python3.12/site-packages/airflow/example_dags/example_sensor_decorator.py
[2025-05-01T12:07:14.875+0000] {processor.py:840} INFO - DAG(s) 'example_sensor_decorator' retrieved from /home/airflow/.local/lib/python3.12/site-packages/airflow/example_dags/example_sensor_decorator.py
[2025-05-01T12:07:14.945+0000] {logging_mixin.py:188} INFO - [2025-05-01T12:07:14.944+0000] {dag.py:3096} INFO - Sync 1 DAGs
[2025-05-01T12:07:14.982+0000] {logging_mixin.py:188} INFO - [2025-05-01T12:07:14.982+0000] {dag.py:3954} INFO - Setting next_dagrun for example_sensor_decorator to None, run_after=None
[2025-05-01T12:07:15.044+0000] {processor.py:183} INFO - Processing /home/airflow/.local/lib/python3.12/site-packages/airflow/example_dags/example_sensor_decorator.py took 0.221 seconds
[2025-05-01T12:07:45.223+0000] {processor.py:161} INFO - Started process (PID=4261) to work on /home/airflow/.local/lib/python3.12/site-packages/airflow/example_dags/example_sensor_decorator.py
[2025-05-01T12:07:45.225+0000] {processor.py:830} INFO - Processing file /home/airflow/.local/lib/python3.12/site-packages/airflow/example_dags/example_sensor_decorator.py for tasks to queue
[2025-05-01T12:07:45.229+0000] {logging_mixin.py:188} INFO - [2025-05-01T12:07:45.229+0000] {dagbag.py:545} INFO - Filling up the DagBag from /home/airflow/.local/lib/python3.12/site-packages/airflow/example_dags/example_sensor_decorator.py
[2025-05-01T12:07:45.241+0000] {processor.py:840} INFO - DAG(s) 'example_sensor_decorator' retrieved from /home/airflow/.local/lib/python3.12/site-packages/airflow/example_dags/example_sensor_decorator.py
[2025-05-01T12:07:45.284+0000] {logging_mixin.py:188} INFO - [2025-05-01T12:07:45.283+0000] {dag.py:3096} INFO - Sync 1 DAGs
[2025-05-01T12:07:45.322+0000] {logging_mixin.py:188} INFO - [2025-05-01T12:07:45.322+0000] {dag.py:3954} INFO - Setting next_dagrun for example_sensor_decorator to None, run_after=None
[2025-05-01T12:07:45.422+0000] {processor.py:183} INFO - Processing /home/airflow/.local/lib/python3.12/site-packages/airflow/example_dags/example_sensor_decorator.py took 0.210 seconds
[2025-05-01T12:08:16.360+0000] {processor.py:161} INFO - Started process (PID=4320) to work on /home/airflow/.local/lib/python3.12/site-packages/airflow/example_dags/example_sensor_decorator.py
[2025-05-01T12:08:16.362+0000] {processor.py:830} INFO - Processing file /home/airflow/.local/lib/python3.12/site-packages/airflow/example_dags/example_sensor_decorator.py for tasks to queue
[2025-05-01T12:08:16.368+0000] {logging_mixin.py:188} INFO - [2025-05-01T12:08:16.367+0000] {dagbag.py:545} INFO - Filling up the DagBag from /home/airflow/.local/lib/python3.12/site-packages/airflow/example_dags/example_sensor_decorator.py
[2025-05-01T12:08:16.385+0000] {processor.py:840} INFO - DAG(s) 'example_sensor_decorator' retrieved from /home/airflow/.local/lib/python3.12/site-packages/airflow/example_dags/example_sensor_decorator.py
[2025-05-01T12:08:16.442+0000] {logging_mixin.py:188} INFO - [2025-05-01T12:08:16.442+0000] {dag.py:3096} INFO - Sync 1 DAGs
[2025-05-01T12:08:16.485+0000] {logging_mixin.py:188} INFO - [2025-05-01T12:08:16.484+0000] {dag.py:3954} INFO - Setting next_dagrun for example_sensor_decorator to None, run_after=None
[2025-05-01T12:08:16.593+0000] {processor.py:183} INFO - Processing /home/airflow/.local/lib/python3.12/site-packages/airflow/example_dags/example_sensor_decorator.py took 0.250 seconds
[2025-05-01T12:08:46.754+0000] {processor.py:161} INFO - Started process (PID=4379) to work on /home/airflow/.local/lib/python3.12/site-packages/airflow/example_dags/example_sensor_decorator.py
[2025-05-01T12:08:46.757+0000] {processor.py:830} INFO - Processing file /home/airflow/.local/lib/python3.12/site-packages/airflow/example_dags/example_sensor_decorator.py for tasks to queue
[2025-05-01T12:08:46.763+0000] {logging_mixin.py:188} INFO - [2025-05-01T12:08:46.762+0000] {dagbag.py:545} INFO - Filling up the DagBag from /home/airflow/.local/lib/python3.12/site-packages/airflow/example_dags/example_sensor_decorator.py
[2025-05-01T12:08:46.778+0000] {processor.py:840} INFO - DAG(s) 'example_sensor_decorator' retrieved from /home/airflow/.local/lib/python3.12/site-packages/airflow/example_dags/example_sensor_decorator.py
[2025-05-01T12:08:46.825+0000] {logging_mixin.py:188} INFO - [2025-05-01T12:08:46.825+0000] {dag.py:3096} INFO - Sync 1 DAGs
[2025-05-01T12:08:46.854+0000] {logging_mixin.py:188} INFO - [2025-05-01T12:08:46.854+0000] {dag.py:3954} INFO - Setting next_dagrun for example_sensor_decorator to None, run_after=None
[2025-05-01T12:08:46.903+0000] {processor.py:183} INFO - Processing /home/airflow/.local/lib/python3.12/site-packages/airflow/example_dags/example_sensor_decorator.py took 0.165 seconds
[2025-05-01T12:09:17.002+0000] {processor.py:161} INFO - Started process (PID=4439) to work on /home/airflow/.local/lib/python3.12/site-packages/airflow/example_dags/example_sensor_decorator.py
[2025-05-01T12:09:17.005+0000] {processor.py:830} INFO - Processing file /home/airflow/.local/lib/python3.12/site-packages/airflow/example_dags/example_sensor_decorator.py for tasks to queue
[2025-05-01T12:09:17.009+0000] {logging_mixin.py:188} INFO - [2025-05-01T12:09:17.008+0000] {dagbag.py:545} INFO - Filling up the DagBag from /home/airflow/.local/lib/python3.12/site-packages/airflow/example_dags/example_sensor_decorator.py
[2025-05-01T12:09:17.024+0000] {processor.py:840} INFO - DAG(s) 'example_sensor_decorator' retrieved from /home/airflow/.local/lib/python3.12/site-packages/airflow/example_dags/example_sensor_decorator.py
[2025-05-01T12:09:17.072+0000] {logging_mixin.py:188} INFO - [2025-05-01T12:09:17.071+0000] {dag.py:3096} INFO - Sync 1 DAGs
[2025-05-01T12:09:17.104+0000] {logging_mixin.py:188} INFO - [2025-05-01T12:09:17.103+0000] {dag.py:3954} INFO - Setting next_dagrun for example_sensor_decorator to None, run_after=None
[2025-05-01T12:09:17.196+0000] {processor.py:183} INFO - Processing /home/airflow/.local/lib/python3.12/site-packages/airflow/example_dags/example_sensor_decorator.py took 0.206 seconds
[2025-05-01T12:09:48.391+0000] {processor.py:161} INFO - Started process (PID=4498) to work on /home/airflow/.local/lib/python3.12/site-packages/airflow/example_dags/example_sensor_decorator.py
[2025-05-01T12:09:48.394+0000] {processor.py:830} INFO - Processing file /home/airflow/.local/lib/python3.12/site-packages/airflow/example_dags/example_sensor_decorator.py for tasks to queue
[2025-05-01T12:09:48.398+0000] {logging_mixin.py:188} INFO - [2025-05-01T12:09:48.398+0000] {dagbag.py:545} INFO - Filling up the DagBag from /home/airflow/.local/lib/python3.12/site-packages/airflow/example_dags/example_sensor_decorator.py
[2025-05-01T12:09:48.411+0000] {processor.py:840} INFO - DAG(s) 'example_sensor_decorator' retrieved from /home/airflow/.local/lib/python3.12/site-packages/airflow/example_dags/example_sensor_decorator.py
[2025-05-01T12:09:48.454+0000] {logging_mixin.py:188} INFO - [2025-05-01T12:09:48.454+0000] {dag.py:3096} INFO - Sync 1 DAGs
[2025-05-01T12:09:48.483+0000] {logging_mixin.py:188} INFO - [2025-05-01T12:09:48.482+0000] {dag.py:3954} INFO - Setting next_dagrun for example_sensor_decorator to None, run_after=None
[2025-05-01T12:09:48.568+0000] {processor.py:183} INFO - Processing /home/airflow/.local/lib/python3.12/site-packages/airflow/example_dags/example_sensor_decorator.py took 0.220 seconds
[2025-05-01T12:10:19.156+0000] {processor.py:161} INFO - Started process (PID=4557) to work on /home/airflow/.local/lib/python3.12/site-packages/airflow/example_dags/example_sensor_decorator.py
[2025-05-01T12:10:19.159+0000] {processor.py:830} INFO - Processing file /home/airflow/.local/lib/python3.12/site-packages/airflow/example_dags/example_sensor_decorator.py for tasks to queue
[2025-05-01T12:10:19.165+0000] {logging_mixin.py:188} INFO - [2025-05-01T12:10:19.164+0000] {dagbag.py:545} INFO - Filling up the DagBag from /home/airflow/.local/lib/python3.12/site-packages/airflow/example_dags/example_sensor_decorator.py
[2025-05-01T12:10:19.190+0000] {processor.py:840} INFO - DAG(s) 'example_sensor_decorator' retrieved from /home/airflow/.local/lib/python3.12/site-packages/airflow/example_dags/example_sensor_decorator.py
[2025-05-01T12:10:19.263+0000] {logging_mixin.py:188} INFO - [2025-05-01T12:10:19.262+0000] {dag.py:3096} INFO - Sync 1 DAGs
[2025-05-01T12:10:19.350+0000] {logging_mixin.py:188} INFO - [2025-05-01T12:10:19.349+0000] {dag.py:3954} INFO - Setting next_dagrun for example_sensor_decorator to None, run_after=None
[2025-05-01T12:10:19.426+0000] {processor.py:183} INFO - Processing /home/airflow/.local/lib/python3.12/site-packages/airflow/example_dags/example_sensor_decorator.py took 0.285 seconds
[2025-05-01T12:10:50.507+0000] {processor.py:161} INFO - Started process (PID=4616) to work on /home/airflow/.local/lib/python3.12/site-packages/airflow/example_dags/example_sensor_decorator.py
[2025-05-01T12:10:50.509+0000] {processor.py:830} INFO - Processing file /home/airflow/.local/lib/python3.12/site-packages/airflow/example_dags/example_sensor_decorator.py for tasks to queue
[2025-05-01T12:10:50.513+0000] {logging_mixin.py:188} INFO - [2025-05-01T12:10:50.512+0000] {dagbag.py:545} INFO - Filling up the DagBag from /home/airflow/.local/lib/python3.12/site-packages/airflow/example_dags/example_sensor_decorator.py
[2025-05-01T12:10:50.529+0000] {processor.py:840} INFO - DAG(s) 'example_sensor_decorator' retrieved from /home/airflow/.local/lib/python3.12/site-packages/airflow/example_dags/example_sensor_decorator.py
[2025-05-01T12:10:50.584+0000] {logging_mixin.py:188} INFO - [2025-05-01T12:10:50.583+0000] {dag.py:3096} INFO - Sync 1 DAGs
[2025-05-01T12:10:50.629+0000] {logging_mixin.py:188} INFO - [2025-05-01T12:10:50.628+0000] {dag.py:3954} INFO - Setting next_dagrun for example_sensor_decorator to None, run_after=None
[2025-05-01T12:10:50.681+0000] {processor.py:183} INFO - Processing /home/airflow/.local/lib/python3.12/site-packages/airflow/example_dags/example_sensor_decorator.py took 0.187 seconds
[2025-05-01T12:11:20.914+0000] {processor.py:161} INFO - Started process (PID=4675) to work on /home/airflow/.local/lib/python3.12/site-packages/airflow/example_dags/example_sensor_decorator.py
[2025-05-01T12:11:20.917+0000] {processor.py:830} INFO - Processing file /home/airflow/.local/lib/python3.12/site-packages/airflow/example_dags/example_sensor_decorator.py for tasks to queue
[2025-05-01T12:11:20.925+0000] {logging_mixin.py:188} INFO - [2025-05-01T12:11:20.923+0000] {dagbag.py:545} INFO - Filling up the DagBag from /home/airflow/.local/lib/python3.12/site-packages/airflow/example_dags/example_sensor_decorator.py
[2025-05-01T12:11:20.939+0000] {processor.py:840} INFO - DAG(s) 'example_sensor_decorator' retrieved from /home/airflow/.local/lib/python3.12/site-packages/airflow/example_dags/example_sensor_decorator.py
[2025-05-01T12:11:20.985+0000] {logging_mixin.py:188} INFO - [2025-05-01T12:11:20.984+0000] {dag.py:3096} INFO - Sync 1 DAGs
[2025-05-01T12:11:21.018+0000] {logging_mixin.py:188} INFO - [2025-05-01T12:11:21.017+0000] {dag.py:3954} INFO - Setting next_dagrun for example_sensor_decorator to None, run_after=None
[2025-05-01T12:11:21.064+0000] {processor.py:183} INFO - Processing /home/airflow/.local/lib/python3.12/site-packages/airflow/example_dags/example_sensor_decorator.py took 0.177 seconds
[2025-05-01T12:11:51.848+0000] {processor.py:161} INFO - Started process (PID=4734) to work on /home/airflow/.local/lib/python3.12/site-packages/airflow/example_dags/example_sensor_decorator.py
[2025-05-01T12:11:51.851+0000] {processor.py:830} INFO - Processing file /home/airflow/.local/lib/python3.12/site-packages/airflow/example_dags/example_sensor_decorator.py for tasks to queue
[2025-05-01T12:11:51.855+0000] {logging_mixin.py:188} INFO - [2025-05-01T12:11:51.854+0000] {dagbag.py:545} INFO - Filling up the DagBag from /home/airflow/.local/lib/python3.12/site-packages/airflow/example_dags/example_sensor_decorator.py
[2025-05-01T12:11:51.869+0000] {processor.py:840} INFO - DAG(s) 'example_sensor_decorator' retrieved from /home/airflow/.local/lib/python3.12/site-packages/airflow/example_dags/example_sensor_decorator.py
[2025-05-01T12:11:51.935+0000] {logging_mixin.py:188} INFO - [2025-05-01T12:11:51.934+0000] {dag.py:3096} INFO - Sync 1 DAGs
[2025-05-01T12:11:51.972+0000] {logging_mixin.py:188} INFO - [2025-05-01T12:11:51.971+0000] {dag.py:3954} INFO - Setting next_dagrun for example_sensor_decorator to None, run_after=None
[2025-05-01T12:11:52.024+0000] {processor.py:183} INFO - Processing /home/airflow/.local/lib/python3.12/site-packages/airflow/example_dags/example_sensor_decorator.py took 0.190 seconds
[2025-05-01T12:12:23.524+0000] {processor.py:161} INFO - Started process (PID=4793) to work on /home/airflow/.local/lib/python3.12/site-packages/airflow/example_dags/example_sensor_decorator.py
[2025-05-01T12:12:23.527+0000] {processor.py:830} INFO - Processing file /home/airflow/.local/lib/python3.12/site-packages/airflow/example_dags/example_sensor_decorator.py for tasks to queue
[2025-05-01T12:12:23.533+0000] {logging_mixin.py:188} INFO - [2025-05-01T12:12:23.532+0000] {dagbag.py:545} INFO - Filling up the DagBag from /home/airflow/.local/lib/python3.12/site-packages/airflow/example_dags/example_sensor_decorator.py
[2025-05-01T12:12:23.551+0000] {processor.py:840} INFO - DAG(s) 'example_sensor_decorator' retrieved from /home/airflow/.local/lib/python3.12/site-packages/airflow/example_dags/example_sensor_decorator.py
[2025-05-01T12:12:23.604+0000] {logging_mixin.py:188} INFO - [2025-05-01T12:12:23.604+0000] {dag.py:3096} INFO - Sync 1 DAGs
[2025-05-01T12:12:23.642+0000] {logging_mixin.py:188} INFO - [2025-05-01T12:12:23.642+0000] {dag.py:3954} INFO - Setting next_dagrun for example_sensor_decorator to None, run_after=None
[2025-05-01T12:12:23.733+0000] {processor.py:183} INFO - Processing /home/airflow/.local/lib/python3.12/site-packages/airflow/example_dags/example_sensor_decorator.py took 0.227 seconds
[2025-05-01T12:12:54.472+0000] {processor.py:161} INFO - Started process (PID=4854) to work on /home/airflow/.local/lib/python3.12/site-packages/airflow/example_dags/example_sensor_decorator.py
[2025-05-01T12:12:54.475+0000] {processor.py:830} INFO - Processing file /home/airflow/.local/lib/python3.12/site-packages/airflow/example_dags/example_sensor_decorator.py for tasks to queue
[2025-05-01T12:12:54.479+0000] {logging_mixin.py:188} INFO - [2025-05-01T12:12:54.478+0000] {dagbag.py:545} INFO - Filling up the DagBag from /home/airflow/.local/lib/python3.12/site-packages/airflow/example_dags/example_sensor_decorator.py
[2025-05-01T12:12:54.492+0000] {processor.py:840} INFO - DAG(s) 'example_sensor_decorator' retrieved from /home/airflow/.local/lib/python3.12/site-packages/airflow/example_dags/example_sensor_decorator.py
[2025-05-01T12:12:54.535+0000] {logging_mixin.py:188} INFO - [2025-05-01T12:12:54.535+0000] {dag.py:3096} INFO - Sync 1 DAGs
[2025-05-01T12:12:54.560+0000] {logging_mixin.py:188} INFO - [2025-05-01T12:12:54.560+0000] {dag.py:3954} INFO - Setting next_dagrun for example_sensor_decorator to None, run_after=None
[2025-05-01T12:12:54.605+0000] {processor.py:183} INFO - Processing /home/airflow/.local/lib/python3.12/site-packages/airflow/example_dags/example_sensor_decorator.py took 0.147 seconds
[2025-05-01T12:13:25.408+0000] {processor.py:161} INFO - Started process (PID=4912) to work on /home/airflow/.local/lib/python3.12/site-packages/airflow/example_dags/example_sensor_decorator.py
[2025-05-01T12:13:25.410+0000] {processor.py:830} INFO - Processing file /home/airflow/.local/lib/python3.12/site-packages/airflow/example_dags/example_sensor_decorator.py for tasks to queue
[2025-05-01T12:13:25.415+0000] {logging_mixin.py:188} INFO - [2025-05-01T12:13:25.414+0000] {dagbag.py:545} INFO - Filling up the DagBag from /home/airflow/.local/lib/python3.12/site-packages/airflow/example_dags/example_sensor_decorator.py
[2025-05-01T12:13:25.432+0000] {processor.py:840} INFO - DAG(s) 'example_sensor_decorator' retrieved from /home/airflow/.local/lib/python3.12/site-packages/airflow/example_dags/example_sensor_decorator.py
[2025-05-01T12:13:25.479+0000] {logging_mixin.py:188} INFO - [2025-05-01T12:13:25.479+0000] {dag.py:3096} INFO - Sync 1 DAGs
[2025-05-01T12:13:25.508+0000] {logging_mixin.py:188} INFO - [2025-05-01T12:13:25.507+0000] {dag.py:3954} INFO - Setting next_dagrun for example_sensor_decorator to None, run_after=None
[2025-05-01T12:13:25.596+0000] {processor.py:183} INFO - Processing /home/airflow/.local/lib/python3.12/site-packages/airflow/example_dags/example_sensor_decorator.py took 0.198 seconds
[2025-05-01T12:13:56.755+0000] {processor.py:161} INFO - Started process (PID=4971) to work on /home/airflow/.local/lib/python3.12/site-packages/airflow/example_dags/example_sensor_decorator.py
[2025-05-01T12:13:56.758+0000] {processor.py:830} INFO - Processing file /home/airflow/.local/lib/python3.12/site-packages/airflow/example_dags/example_sensor_decorator.py for tasks to queue
[2025-05-01T12:13:56.764+0000] {logging_mixin.py:188} INFO - [2025-05-01T12:13:56.763+0000] {dagbag.py:545} INFO - Filling up the DagBag from /home/airflow/.local/lib/python3.12/site-packages/airflow/example_dags/example_sensor_decorator.py
[2025-05-01T12:13:56.780+0000] {processor.py:840} INFO - DAG(s) 'example_sensor_decorator' retrieved from /home/airflow/.local/lib/python3.12/site-packages/airflow/example_dags/example_sensor_decorator.py
[2025-05-01T12:13:56.838+0000] {logging_mixin.py:188} INFO - [2025-05-01T12:13:56.837+0000] {dag.py:3096} INFO - Sync 1 DAGs
[2025-05-01T12:13:56.882+0000] {logging_mixin.py:188} INFO - [2025-05-01T12:13:56.882+0000] {dag.py:3954} INFO - Setting next_dagrun for example_sensor_decorator to None, run_after=None
[2025-05-01T12:13:56.938+0000] {processor.py:183} INFO - Processing /home/airflow/.local/lib/python3.12/site-packages/airflow/example_dags/example_sensor_decorator.py took 0.201 seconds
[2025-05-01T12:14:27.264+0000] {processor.py:161} INFO - Started process (PID=5031) to work on /home/airflow/.local/lib/python3.12/site-packages/airflow/example_dags/example_sensor_decorator.py
[2025-05-01T12:14:27.266+0000] {processor.py:830} INFO - Processing file /home/airflow/.local/lib/python3.12/site-packages/airflow/example_dags/example_sensor_decorator.py for tasks to queue
[2025-05-01T12:14:27.270+0000] {logging_mixin.py:188} INFO - [2025-05-01T12:14:27.270+0000] {dagbag.py:545} INFO - Filling up the DagBag from /home/airflow/.local/lib/python3.12/site-packages/airflow/example_dags/example_sensor_decorator.py
[2025-05-01T12:14:27.283+0000] {processor.py:840} INFO - DAG(s) 'example_sensor_decorator' retrieved from /home/airflow/.local/lib/python3.12/site-packages/airflow/example_dags/example_sensor_decorator.py
[2025-05-01T12:14:27.326+0000] {logging_mixin.py:188} INFO - [2025-05-01T12:14:27.325+0000] {dag.py:3096} INFO - Sync 1 DAGs
[2025-05-01T12:14:27.353+0000] {logging_mixin.py:188} INFO - [2025-05-01T12:14:27.353+0000] {dag.py:3954} INFO - Setting next_dagrun for example_sensor_decorator to None, run_after=None
[2025-05-01T12:14:27.399+0000] {processor.py:183} INFO - Processing /home/airflow/.local/lib/python3.12/site-packages/airflow/example_dags/example_sensor_decorator.py took 0.147 seconds
[2025-05-01T12:14:57.677+0000] {processor.py:161} INFO - Started process (PID=5090) to work on /home/airflow/.local/lib/python3.12/site-packages/airflow/example_dags/example_sensor_decorator.py
[2025-05-01T12:14:57.679+0000] {processor.py:830} INFO - Processing file /home/airflow/.local/lib/python3.12/site-packages/airflow/example_dags/example_sensor_decorator.py for tasks to queue
[2025-05-01T12:14:57.683+0000] {logging_mixin.py:188} INFO - [2025-05-01T12:14:57.683+0000] {dagbag.py:545} INFO - Filling up the DagBag from /home/airflow/.local/lib/python3.12/site-packages/airflow/example_dags/example_sensor_decorator.py
[2025-05-01T12:14:57.699+0000] {processor.py:840} INFO - DAG(s) 'example_sensor_decorator' retrieved from /home/airflow/.local/lib/python3.12/site-packages/airflow/example_dags/example_sensor_decorator.py
[2025-05-01T12:14:57.750+0000] {logging_mixin.py:188} INFO - [2025-05-01T12:14:57.749+0000] {dag.py:3096} INFO - Sync 1 DAGs
[2025-05-01T12:14:57.780+0000] {logging_mixin.py:188} INFO - [2025-05-01T12:14:57.780+0000] {dag.py:3954} INFO - Setting next_dagrun for example_sensor_decorator to None, run_after=None
[2025-05-01T12:14:57.870+0000] {processor.py:183} INFO - Processing /home/airflow/.local/lib/python3.12/site-packages/airflow/example_dags/example_sensor_decorator.py took 0.205 seconds
[2025-05-01T12:15:28.228+0000] {processor.py:161} INFO - Started process (PID=5150) to work on /home/airflow/.local/lib/python3.12/site-packages/airflow/example_dags/example_sensor_decorator.py
[2025-05-01T12:15:28.230+0000] {processor.py:830} INFO - Processing file /home/airflow/.local/lib/python3.12/site-packages/airflow/example_dags/example_sensor_decorator.py for tasks to queue
[2025-05-01T12:15:28.235+0000] {logging_mixin.py:188} INFO - [2025-05-01T12:15:28.234+0000] {dagbag.py:545} INFO - Filling up the DagBag from /home/airflow/.local/lib/python3.12/site-packages/airflow/example_dags/example_sensor_decorator.py
[2025-05-01T12:15:28.246+0000] {processor.py:840} INFO - DAG(s) 'example_sensor_decorator' retrieved from /home/airflow/.local/lib/python3.12/site-packages/airflow/example_dags/example_sensor_decorator.py
[2025-05-01T12:15:28.289+0000] {logging_mixin.py:188} INFO - [2025-05-01T12:15:28.289+0000] {dag.py:3096} INFO - Sync 1 DAGs
[2025-05-01T12:15:28.327+0000] {logging_mixin.py:188} INFO - [2025-05-01T12:15:28.327+0000] {dag.py:3954} INFO - Setting next_dagrun for example_sensor_decorator to None, run_after=None
[2025-05-01T12:15:28.373+0000] {processor.py:183} INFO - Processing /home/airflow/.local/lib/python3.12/site-packages/airflow/example_dags/example_sensor_decorator.py took 0.159 seconds
[2025-05-01T12:15:58.644+0000] {processor.py:161} INFO - Started process (PID=5209) to work on /home/airflow/.local/lib/python3.12/site-packages/airflow/example_dags/example_sensor_decorator.py
[2025-05-01T12:15:58.646+0000] {processor.py:830} INFO - Processing file /home/airflow/.local/lib/python3.12/site-packages/airflow/example_dags/example_sensor_decorator.py for tasks to queue
[2025-05-01T12:15:58.651+0000] {logging_mixin.py:188} INFO - [2025-05-01T12:15:58.650+0000] {dagbag.py:545} INFO - Filling up the DagBag from /home/airflow/.local/lib/python3.12/site-packages/airflow/example_dags/example_sensor_decorator.py
[2025-05-01T12:15:58.662+0000] {processor.py:840} INFO - DAG(s) 'example_sensor_decorator' retrieved from /home/airflow/.local/lib/python3.12/site-packages/airflow/example_dags/example_sensor_decorator.py
[2025-05-01T12:15:58.704+0000] {logging_mixin.py:188} INFO - [2025-05-01T12:15:58.704+0000] {dag.py:3096} INFO - Sync 1 DAGs
[2025-05-01T12:15:58.731+0000] {logging_mixin.py:188} INFO - [2025-05-01T12:15:58.731+0000] {dag.py:3954} INFO - Setting next_dagrun for example_sensor_decorator to None, run_after=None
[2025-05-01T12:15:58.780+0000] {processor.py:183} INFO - Processing /home/airflow/.local/lib/python3.12/site-packages/airflow/example_dags/example_sensor_decorator.py took 0.149 seconds
[2025-05-01T12:16:29.861+0000] {processor.py:161} INFO - Started process (PID=5268) to work on /home/airflow/.local/lib/python3.12/site-packages/airflow/example_dags/example_sensor_decorator.py
[2025-05-01T12:16:29.863+0000] {processor.py:830} INFO - Processing file /home/airflow/.local/lib/python3.12/site-packages/airflow/example_dags/example_sensor_decorator.py for tasks to queue
[2025-05-01T12:16:29.868+0000] {logging_mixin.py:188} INFO - [2025-05-01T12:16:29.867+0000] {dagbag.py:545} INFO - Filling up the DagBag from /home/airflow/.local/lib/python3.12/site-packages/airflow/example_dags/example_sensor_decorator.py
[2025-05-01T12:16:29.885+0000] {processor.py:840} INFO - DAG(s) 'example_sensor_decorator' retrieved from /home/airflow/.local/lib/python3.12/site-packages/airflow/example_dags/example_sensor_decorator.py
[2025-05-01T12:16:29.942+0000] {logging_mixin.py:188} INFO - [2025-05-01T12:16:29.942+0000] {dag.py:3096} INFO - Sync 1 DAGs
[2025-05-01T12:16:29.979+0000] {logging_mixin.py:188} INFO - [2025-05-01T12:16:29.979+0000] {dag.py:3954} INFO - Setting next_dagrun for example_sensor_decorator to None, run_after=None
[2025-05-01T12:16:30.036+0000] {processor.py:183} INFO - Processing /home/airflow/.local/lib/python3.12/site-packages/airflow/example_dags/example_sensor_decorator.py took 0.189 seconds
[2025-05-01T12:17:00.400+0000] {processor.py:161} INFO - Started process (PID=5328) to work on /home/airflow/.local/lib/python3.12/site-packages/airflow/example_dags/example_sensor_decorator.py
[2025-05-01T12:17:00.403+0000] {processor.py:830} INFO - Processing file /home/airflow/.local/lib/python3.12/site-packages/airflow/example_dags/example_sensor_decorator.py for tasks to queue
[2025-05-01T12:17:00.407+0000] {logging_mixin.py:188} INFO - [2025-05-01T12:17:00.406+0000] {dagbag.py:545} INFO - Filling up the DagBag from /home/airflow/.local/lib/python3.12/site-packages/airflow/example_dags/example_sensor_decorator.py
[2025-05-01T12:17:00.419+0000] {processor.py:840} INFO - DAG(s) 'example_sensor_decorator' retrieved from /home/airflow/.local/lib/python3.12/site-packages/airflow/example_dags/example_sensor_decorator.py
[2025-05-01T12:17:00.459+0000] {logging_mixin.py:188} INFO - [2025-05-01T12:17:00.459+0000] {dag.py:3096} INFO - Sync 1 DAGs
[2025-05-01T12:17:00.497+0000] {logging_mixin.py:188} INFO - [2025-05-01T12:17:00.496+0000] {dag.py:3954} INFO - Setting next_dagrun for example_sensor_decorator to None, run_after=None
[2025-05-01T12:17:00.577+0000] {processor.py:183} INFO - Processing /home/airflow/.local/lib/python3.12/site-packages/airflow/example_dags/example_sensor_decorator.py took 0.187 seconds
[2025-05-01T12:17:31.518+0000] {processor.py:161} INFO - Started process (PID=5387) to work on /home/airflow/.local/lib/python3.12/site-packages/airflow/example_dags/example_sensor_decorator.py
[2025-05-01T12:17:31.520+0000] {processor.py:830} INFO - Processing file /home/airflow/.local/lib/python3.12/site-packages/airflow/example_dags/example_sensor_decorator.py for tasks to queue
[2025-05-01T12:17:31.525+0000] {logging_mixin.py:188} INFO - [2025-05-01T12:17:31.525+0000] {dagbag.py:545} INFO - Filling up the DagBag from /home/airflow/.local/lib/python3.12/site-packages/airflow/example_dags/example_sensor_decorator.py
[2025-05-01T12:17:31.539+0000] {processor.py:840} INFO - DAG(s) 'example_sensor_decorator' retrieved from /home/airflow/.local/lib/python3.12/site-packages/airflow/example_dags/example_sensor_decorator.py
[2025-05-01T12:17:31.583+0000] {logging_mixin.py:188} INFO - [2025-05-01T12:17:31.583+0000] {dag.py:3096} INFO - Sync 1 DAGs
[2025-05-01T12:17:31.614+0000] {logging_mixin.py:188} INFO - [2025-05-01T12:17:31.614+0000] {dag.py:3954} INFO - Setting next_dagrun for example_sensor_decorator to None, run_after=None
[2025-05-01T12:17:31.659+0000] {processor.py:183} INFO - Processing /home/airflow/.local/lib/python3.12/site-packages/airflow/example_dags/example_sensor_decorator.py took 0.152 seconds
[2025-05-01T12:18:02.712+0000] {processor.py:161} INFO - Started process (PID=5447) to work on /home/airflow/.local/lib/python3.12/site-packages/airflow/example_dags/example_sensor_decorator.py
[2025-05-01T12:18:02.714+0000] {processor.py:830} INFO - Processing file /home/airflow/.local/lib/python3.12/site-packages/airflow/example_dags/example_sensor_decorator.py for tasks to queue
[2025-05-01T12:18:02.719+0000] {logging_mixin.py:188} INFO - [2025-05-01T12:18:02.719+0000] {dagbag.py:545} INFO - Filling up the DagBag from /home/airflow/.local/lib/python3.12/site-packages/airflow/example_dags/example_sensor_decorator.py
[2025-05-01T12:18:02.732+0000] {processor.py:840} INFO - DAG(s) 'example_sensor_decorator' retrieved from /home/airflow/.local/lib/python3.12/site-packages/airflow/example_dags/example_sensor_decorator.py
[2025-05-01T12:18:02.773+0000] {logging_mixin.py:188} INFO - [2025-05-01T12:18:02.772+0000] {dag.py:3096} INFO - Sync 1 DAGs
[2025-05-01T12:18:02.803+0000] {logging_mixin.py:188} INFO - [2025-05-01T12:18:02.803+0000] {dag.py:3954} INFO - Setting next_dagrun for example_sensor_decorator to None, run_after=None
[2025-05-01T12:18:02.848+0000] {processor.py:183} INFO - Processing /home/airflow/.local/lib/python3.12/site-packages/airflow/example_dags/example_sensor_decorator.py took 0.150 seconds
[2025-05-01T12:18:33.896+0000] {processor.py:161} INFO - Started process (PID=5505) to work on /home/airflow/.local/lib/python3.12/site-packages/airflow/example_dags/example_sensor_decorator.py
[2025-05-01T12:18:33.899+0000] {processor.py:830} INFO - Processing file /home/airflow/.local/lib/python3.12/site-packages/airflow/example_dags/example_sensor_decorator.py for tasks to queue
[2025-05-01T12:18:33.903+0000] {logging_mixin.py:188} INFO - [2025-05-01T12:18:33.902+0000] {dagbag.py:545} INFO - Filling up the DagBag from /home/airflow/.local/lib/python3.12/site-packages/airflow/example_dags/example_sensor_decorator.py
[2025-05-01T12:18:33.917+0000] {processor.py:840} INFO - DAG(s) 'example_sensor_decorator' retrieved from /home/airflow/.local/lib/python3.12/site-packages/airflow/example_dags/example_sensor_decorator.py
[2025-05-01T12:18:33.961+0000] {logging_mixin.py:188} INFO - [2025-05-01T12:18:33.960+0000] {dag.py:3096} INFO - Sync 1 DAGs
[2025-05-01T12:18:33.989+0000] {logging_mixin.py:188} INFO - [2025-05-01T12:18:33.988+0000] {dag.py:3954} INFO - Setting next_dagrun for example_sensor_decorator to None, run_after=None
[2025-05-01T12:18:34.074+0000] {processor.py:183} INFO - Processing /home/airflow/.local/lib/python3.12/site-packages/airflow/example_dags/example_sensor_decorator.py took 0.190 seconds
[2025-05-01T12:19:05.631+0000] {processor.py:161} INFO - Started process (PID=5564) to work on /home/airflow/.local/lib/python3.12/site-packages/airflow/example_dags/example_sensor_decorator.py
[2025-05-01T12:19:05.633+0000] {processor.py:830} INFO - Processing file /home/airflow/.local/lib/python3.12/site-packages/airflow/example_dags/example_sensor_decorator.py for tasks to queue
[2025-05-01T12:19:05.637+0000] {logging_mixin.py:188} INFO - [2025-05-01T12:19:05.637+0000] {dagbag.py:545} INFO - Filling up the DagBag from /home/airflow/.local/lib/python3.12/site-packages/airflow/example_dags/example_sensor_decorator.py
[2025-05-01T12:19:05.651+0000] {processor.py:840} INFO - DAG(s) 'example_sensor_decorator' retrieved from /home/airflow/.local/lib/python3.12/site-packages/airflow/example_dags/example_sensor_decorator.py
[2025-05-01T12:19:05.691+0000] {logging_mixin.py:188} INFO - [2025-05-01T12:19:05.691+0000] {dag.py:3096} INFO - Sync 1 DAGs
[2025-05-01T12:19:05.724+0000] {logging_mixin.py:188} INFO - [2025-05-01T12:19:05.723+0000] {dag.py:3954} INFO - Setting next_dagrun for example_sensor_decorator to None, run_after=None
[2025-05-01T12:19:05.815+0000] {processor.py:183} INFO - Processing /home/airflow/.local/lib/python3.12/site-packages/airflow/example_dags/example_sensor_decorator.py took 0.196 seconds
[2025-05-01T12:19:36.012+0000] {processor.py:161} INFO - Started process (PID=5622) to work on /home/airflow/.local/lib/python3.12/site-packages/airflow/example_dags/example_sensor_decorator.py
[2025-05-01T12:19:36.015+0000] {processor.py:830} INFO - Processing file /home/airflow/.local/lib/python3.12/site-packages/airflow/example_dags/example_sensor_decorator.py for tasks to queue
[2025-05-01T12:19:36.019+0000] {logging_mixin.py:188} INFO - [2025-05-01T12:19:36.018+0000] {dagbag.py:545} INFO - Filling up the DagBag from /home/airflow/.local/lib/python3.12/site-packages/airflow/example_dags/example_sensor_decorator.py
[2025-05-01T12:19:36.032+0000] {processor.py:840} INFO - DAG(s) 'example_sensor_decorator' retrieved from /home/airflow/.local/lib/python3.12/site-packages/airflow/example_dags/example_sensor_decorator.py
[2025-05-01T12:19:36.081+0000] {logging_mixin.py:188} INFO - [2025-05-01T12:19:36.080+0000] {dag.py:3096} INFO - Sync 1 DAGs
[2025-05-01T12:19:36.111+0000] {logging_mixin.py:188} INFO - [2025-05-01T12:19:36.111+0000] {dag.py:3954} INFO - Setting next_dagrun for example_sensor_decorator to None, run_after=None
[2025-05-01T12:19:36.195+0000] {processor.py:183} INFO - Processing /home/airflow/.local/lib/python3.12/site-packages/airflow/example_dags/example_sensor_decorator.py took 0.195 seconds
[2025-05-01T12:20:06.908+0000] {processor.py:161} INFO - Started process (PID=5681) to work on /home/airflow/.local/lib/python3.12/site-packages/airflow/example_dags/example_sensor_decorator.py
[2025-05-01T12:20:06.911+0000] {processor.py:830} INFO - Processing file /home/airflow/.local/lib/python3.12/site-packages/airflow/example_dags/example_sensor_decorator.py for tasks to queue
[2025-05-01T12:20:06.915+0000] {logging_mixin.py:188} INFO - [2025-05-01T12:20:06.914+0000] {dagbag.py:545} INFO - Filling up the DagBag from /home/airflow/.local/lib/python3.12/site-packages/airflow/example_dags/example_sensor_decorator.py
[2025-05-01T12:20:06.927+0000] {processor.py:840} INFO - DAG(s) 'example_sensor_decorator' retrieved from /home/airflow/.local/lib/python3.12/site-packages/airflow/example_dags/example_sensor_decorator.py
[2025-05-01T12:20:06.967+0000] {logging_mixin.py:188} INFO - [2025-05-01T12:20:06.967+0000] {dag.py:3096} INFO - Sync 1 DAGs
[2025-05-01T12:20:07.037+0000] {logging_mixin.py:188} INFO - [2025-05-01T12:20:07.036+0000] {dag.py:3954} INFO - Setting next_dagrun for example_sensor_decorator to None, run_after=None
[2025-05-01T12:20:07.081+0000] {processor.py:183} INFO - Processing /home/airflow/.local/lib/python3.12/site-packages/airflow/example_dags/example_sensor_decorator.py took 0.184 seconds
[2025-05-01T12:20:38.284+0000] {processor.py:161} INFO - Started process (PID=5746) to work on /home/airflow/.local/lib/python3.12/site-packages/airflow/example_dags/example_sensor_decorator.py
[2025-05-01T12:20:38.286+0000] {processor.py:830} INFO - Processing file /home/airflow/.local/lib/python3.12/site-packages/airflow/example_dags/example_sensor_decorator.py for tasks to queue
[2025-05-01T12:20:38.290+0000] {logging_mixin.py:188} INFO - [2025-05-01T12:20:38.289+0000] {dagbag.py:545} INFO - Filling up the DagBag from /home/airflow/.local/lib/python3.12/site-packages/airflow/example_dags/example_sensor_decorator.py
[2025-05-01T12:20:38.303+0000] {processor.py:840} INFO - DAG(s) 'example_sensor_decorator' retrieved from /home/airflow/.local/lib/python3.12/site-packages/airflow/example_dags/example_sensor_decorator.py
[2025-05-01T12:20:38.345+0000] {logging_mixin.py:188} INFO - [2025-05-01T12:20:38.345+0000] {dag.py:3096} INFO - Sync 1 DAGs
[2025-05-01T12:20:38.371+0000] {logging_mixin.py:188} INFO - [2025-05-01T12:20:38.371+0000] {dag.py:3954} INFO - Setting next_dagrun for example_sensor_decorator to None, run_after=None
[2025-05-01T12:20:38.412+0000] {processor.py:183} INFO - Processing /home/airflow/.local/lib/python3.12/site-packages/airflow/example_dags/example_sensor_decorator.py took 0.139 seconds
[2025-05-01T12:21:08.987+0000] {processor.py:161} INFO - Started process (PID=5805) to work on /home/airflow/.local/lib/python3.12/site-packages/airflow/example_dags/example_sensor_decorator.py
[2025-05-01T12:21:08.990+0000] {processor.py:830} INFO - Processing file /home/airflow/.local/lib/python3.12/site-packages/airflow/example_dags/example_sensor_decorator.py for tasks to queue
[2025-05-01T12:21:08.995+0000] {logging_mixin.py:188} INFO - [2025-05-01T12:21:08.994+0000] {dagbag.py:545} INFO - Filling up the DagBag from /home/airflow/.local/lib/python3.12/site-packages/airflow/example_dags/example_sensor_decorator.py
[2025-05-01T12:21:09.011+0000] {processor.py:840} INFO - DAG(s) 'example_sensor_decorator' retrieved from /home/airflow/.local/lib/python3.12/site-packages/airflow/example_dags/example_sensor_decorator.py
[2025-05-01T12:21:09.060+0000] {logging_mixin.py:188} INFO - [2025-05-01T12:21:09.059+0000] {dag.py:3096} INFO - Sync 1 DAGs
[2025-05-01T12:21:09.105+0000] {logging_mixin.py:188} INFO - [2025-05-01T12:21:09.104+0000] {dag.py:3954} INFO - Setting next_dagrun for example_sensor_decorator to None, run_after=None
[2025-05-01T12:21:09.200+0000] {processor.py:183} INFO - Processing /home/airflow/.local/lib/python3.12/site-packages/airflow/example_dags/example_sensor_decorator.py took 0.225 seconds
[2025-05-01T12:21:40.140+0000] {processor.py:161} INFO - Started process (PID=5864) to work on /home/airflow/.local/lib/python3.12/site-packages/airflow/example_dags/example_sensor_decorator.py
[2025-05-01T12:21:40.143+0000] {processor.py:830} INFO - Processing file /home/airflow/.local/lib/python3.12/site-packages/airflow/example_dags/example_sensor_decorator.py for tasks to queue
[2025-05-01T12:21:40.147+0000] {logging_mixin.py:188} INFO - [2025-05-01T12:21:40.146+0000] {dagbag.py:545} INFO - Filling up the DagBag from /home/airflow/.local/lib/python3.12/site-packages/airflow/example_dags/example_sensor_decorator.py
[2025-05-01T12:21:40.163+0000] {processor.py:840} INFO - DAG(s) 'example_sensor_decorator' retrieved from /home/airflow/.local/lib/python3.12/site-packages/airflow/example_dags/example_sensor_decorator.py
[2025-05-01T12:21:40.214+0000] {logging_mixin.py:188} INFO - [2025-05-01T12:21:40.214+0000] {dag.py:3096} INFO - Sync 1 DAGs
[2025-05-01T12:21:40.248+0000] {logging_mixin.py:188} INFO - [2025-05-01T12:21:40.247+0000] {dag.py:3954} INFO - Setting next_dagrun for example_sensor_decorator to None, run_after=None
[2025-05-01T12:21:40.347+0000] {processor.py:183} INFO - Processing /home/airflow/.local/lib/python3.12/site-packages/airflow/example_dags/example_sensor_decorator.py took 0.220 seconds
[2025-05-01T12:22:10.745+0000] {processor.py:161} INFO - Started process (PID=5923) to work on /home/airflow/.local/lib/python3.12/site-packages/airflow/example_dags/example_sensor_decorator.py
[2025-05-01T12:22:10.747+0000] {processor.py:830} INFO - Processing file /home/airflow/.local/lib/python3.12/site-packages/airflow/example_dags/example_sensor_decorator.py for tasks to queue
[2025-05-01T12:22:10.752+0000] {logging_mixin.py:188} INFO - [2025-05-01T12:22:10.751+0000] {dagbag.py:545} INFO - Filling up the DagBag from /home/airflow/.local/lib/python3.12/site-packages/airflow/example_dags/example_sensor_decorator.py
[2025-05-01T12:22:10.764+0000] {processor.py:840} INFO - DAG(s) 'example_sensor_decorator' retrieved from /home/airflow/.local/lib/python3.12/site-packages/airflow/example_dags/example_sensor_decorator.py
[2025-05-01T12:22:10.827+0000] {logging_mixin.py:188} INFO - [2025-05-01T12:22:10.826+0000] {dag.py:3096} INFO - Sync 1 DAGs
[2025-05-01T12:22:10.867+0000] {logging_mixin.py:188} INFO - [2025-05-01T12:22:10.866+0000] {dag.py:3954} INFO - Setting next_dagrun for example_sensor_decorator to None, run_after=None
[2025-05-01T12:22:10.961+0000] {processor.py:183} INFO - Processing /home/airflow/.local/lib/python3.12/site-packages/airflow/example_dags/example_sensor_decorator.py took 0.227 seconds
[2025-05-01T12:22:41.664+0000] {processor.py:161} INFO - Started process (PID=5982) to work on /home/airflow/.local/lib/python3.12/site-packages/airflow/example_dags/example_sensor_decorator.py
[2025-05-01T12:22:41.667+0000] {processor.py:830} INFO - Processing file /home/airflow/.local/lib/python3.12/site-packages/airflow/example_dags/example_sensor_decorator.py for tasks to queue
[2025-05-01T12:22:41.671+0000] {logging_mixin.py:188} INFO - [2025-05-01T12:22:41.670+0000] {dagbag.py:545} INFO - Filling up the DagBag from /home/airflow/.local/lib/python3.12/site-packages/airflow/example_dags/example_sensor_decorator.py
[2025-05-01T12:22:41.684+0000] {processor.py:840} INFO - DAG(s) 'example_sensor_decorator' retrieved from /home/airflow/.local/lib/python3.12/site-packages/airflow/example_dags/example_sensor_decorator.py
[2025-05-01T12:22:41.725+0000] {logging_mixin.py:188} INFO - [2025-05-01T12:22:41.724+0000] {dag.py:3096} INFO - Sync 1 DAGs
[2025-05-01T12:22:41.755+0000] {logging_mixin.py:188} INFO - [2025-05-01T12:22:41.755+0000] {dag.py:3954} INFO - Setting next_dagrun for example_sensor_decorator to None, run_after=None
[2025-05-01T12:22:41.842+0000] {processor.py:183} INFO - Processing /home/airflow/.local/lib/python3.12/site-packages/airflow/example_dags/example_sensor_decorator.py took 0.189 seconds
[2025-05-01T12:23:12.397+0000] {processor.py:161} INFO - Started process (PID=6041) to work on /home/airflow/.local/lib/python3.12/site-packages/airflow/example_dags/example_sensor_decorator.py
[2025-05-01T12:23:12.400+0000] {processor.py:830} INFO - Processing file /home/airflow/.local/lib/python3.12/site-packages/airflow/example_dags/example_sensor_decorator.py for tasks to queue
[2025-05-01T12:23:12.404+0000] {logging_mixin.py:188} INFO - [2025-05-01T12:23:12.403+0000] {dagbag.py:545} INFO - Filling up the DagBag from /home/airflow/.local/lib/python3.12/site-packages/airflow/example_dags/example_sensor_decorator.py
[2025-05-01T12:23:12.416+0000] {processor.py:840} INFO - DAG(s) 'example_sensor_decorator' retrieved from /home/airflow/.local/lib/python3.12/site-packages/airflow/example_dags/example_sensor_decorator.py
[2025-05-01T12:23:12.471+0000] {logging_mixin.py:188} INFO - [2025-05-01T12:23:12.470+0000] {dag.py:3096} INFO - Sync 1 DAGs
[2025-05-01T12:23:12.509+0000] {logging_mixin.py:188} INFO - [2025-05-01T12:23:12.508+0000] {dag.py:3954} INFO - Setting next_dagrun for example_sensor_decorator to None, run_after=None
[2025-05-01T12:23:12.574+0000] {processor.py:183} INFO - Processing /home/airflow/.local/lib/python3.12/site-packages/airflow/example_dags/example_sensor_decorator.py took 0.188 seconds
[2025-05-01T12:23:43.548+0000] {processor.py:161} INFO - Started process (PID=6100) to work on /home/airflow/.local/lib/python3.12/site-packages/airflow/example_dags/example_sensor_decorator.py
[2025-05-01T12:23:43.551+0000] {processor.py:830} INFO - Processing file /home/airflow/.local/lib/python3.12/site-packages/airflow/example_dags/example_sensor_decorator.py for tasks to queue
[2025-05-01T12:23:43.555+0000] {logging_mixin.py:188} INFO - [2025-05-01T12:23:43.554+0000] {dagbag.py:545} INFO - Filling up the DagBag from /home/airflow/.local/lib/python3.12/site-packages/airflow/example_dags/example_sensor_decorator.py
[2025-05-01T12:23:43.567+0000] {processor.py:840} INFO - DAG(s) 'example_sensor_decorator' retrieved from /home/airflow/.local/lib/python3.12/site-packages/airflow/example_dags/example_sensor_decorator.py
[2025-05-01T12:23:43.610+0000] {logging_mixin.py:188} INFO - [2025-05-01T12:23:43.609+0000] {dag.py:3096} INFO - Sync 1 DAGs
[2025-05-01T12:23:43.650+0000] {logging_mixin.py:188} INFO - [2025-05-01T12:23:43.649+0000] {dag.py:3954} INFO - Setting next_dagrun for example_sensor_decorator to None, run_after=None
[2025-05-01T12:23:43.742+0000] {processor.py:183} INFO - Processing /home/airflow/.local/lib/python3.12/site-packages/airflow/example_dags/example_sensor_decorator.py took 0.206 seconds
[2025-05-01T12:24:13.854+0000] {processor.py:161} INFO - Started process (PID=6159) to work on /home/airflow/.local/lib/python3.12/site-packages/airflow/example_dags/example_sensor_decorator.py
[2025-05-01T12:24:13.856+0000] {processor.py:830} INFO - Processing file /home/airflow/.local/lib/python3.12/site-packages/airflow/example_dags/example_sensor_decorator.py for tasks to queue
[2025-05-01T12:24:13.861+0000] {logging_mixin.py:188} INFO - [2025-05-01T12:24:13.860+0000] {dagbag.py:545} INFO - Filling up the DagBag from /home/airflow/.local/lib/python3.12/site-packages/airflow/example_dags/example_sensor_decorator.py
[2025-05-01T12:24:13.874+0000] {processor.py:840} INFO - DAG(s) 'example_sensor_decorator' retrieved from /home/airflow/.local/lib/python3.12/site-packages/airflow/example_dags/example_sensor_decorator.py
[2025-05-01T12:24:13.921+0000] {logging_mixin.py:188} INFO - [2025-05-01T12:24:13.921+0000] {dag.py:3096} INFO - Sync 1 DAGs
[2025-05-01T12:24:13.950+0000] {logging_mixin.py:188} INFO - [2025-05-01T12:24:13.949+0000] {dag.py:3954} INFO - Setting next_dagrun for example_sensor_decorator to None, run_after=None
[2025-05-01T12:24:13.999+0000] {processor.py:183} INFO - Processing /home/airflow/.local/lib/python3.12/site-packages/airflow/example_dags/example_sensor_decorator.py took 0.156 seconds
[2025-05-01T12:24:44.830+0000] {processor.py:161} INFO - Started process (PID=6218) to work on /home/airflow/.local/lib/python3.12/site-packages/airflow/example_dags/example_sensor_decorator.py
[2025-05-01T12:24:44.832+0000] {processor.py:830} INFO - Processing file /home/airflow/.local/lib/python3.12/site-packages/airflow/example_dags/example_sensor_decorator.py for tasks to queue
[2025-05-01T12:24:44.837+0000] {logging_mixin.py:188} INFO - [2025-05-01T12:24:44.836+0000] {dagbag.py:545} INFO - Filling up the DagBag from /home/airflow/.local/lib/python3.12/site-packages/airflow/example_dags/example_sensor_decorator.py
[2025-05-01T12:24:44.849+0000] {processor.py:840} INFO - DAG(s) 'example_sensor_decorator' retrieved from /home/airflow/.local/lib/python3.12/site-packages/airflow/example_dags/example_sensor_decorator.py
[2025-05-01T12:24:44.890+0000] {logging_mixin.py:188} INFO - [2025-05-01T12:24:44.890+0000] {dag.py:3096} INFO - Sync 1 DAGs
[2025-05-01T12:24:44.918+0000] {logging_mixin.py:188} INFO - [2025-05-01T12:24:44.917+0000] {dag.py:3954} INFO - Setting next_dagrun for example_sensor_decorator to None, run_after=None
[2025-05-01T12:24:45.001+0000] {processor.py:183} INFO - Processing /home/airflow/.local/lib/python3.12/site-packages/airflow/example_dags/example_sensor_decorator.py took 0.183 seconds
