[2025-05-01T10:49:50.963+0000] {processor.py:161} INFO - Started process (PID=83) to work on /home/airflow/.local/lib/python3.12/site-packages/airflow/example_dags/example_short_circuit_operator.py
[2025-05-01T10:49:50.965+0000] {processor.py:830} INFO - Processing file /home/airflow/.local/lib/python3.12/site-packages/airflow/example_dags/example_short_circuit_operator.py for tasks to queue
[2025-05-01T10:49:50.969+0000] {logging_mixin.py:188} INFO - [2025-05-01T10:49:50.968+0000] {dagbag.py:545} INFO - Filling up the DagBag from /home/airflow/.local/lib/python3.12/site-packages/airflow/example_dags/example_short_circuit_operator.py
[2025-05-01T10:49:50.986+0000] {processor.py:840} INFO - DAG(s) 'example_short_circuit_operator' retrieved from /home/airflow/.local/lib/python3.12/site-packages/airflow/example_dags/example_short_circuit_operator.py
[2025-05-01T10:49:51.232+0000] {logging_mixin.py:188} INFO - [2025-05-01T10:49:51.229+0000] {dag.py:3096} INFO - Sync 1 DAGs
[2025-05-01T10:49:51.280+0000] {logging_mixin.py:188} INFO - [2025-05-01T10:49:51.279+0000] {dag.py:3954} INFO - Setting next_dagrun for example_short_circuit_operator to 2025-04-30 00:00:00+00:00, run_after=2025-05-01 00:00:00+00:00
[2025-05-01T10:49:51.322+0000] {processor.py:183} INFO - Processing /home/airflow/.local/lib/python3.12/site-packages/airflow/example_dags/example_short_circuit_operator.py took 0.368 seconds
[2025-05-01T10:50:22.011+0000] {processor.py:161} INFO - Started process (PID=141) to work on /home/airflow/.local/lib/python3.12/site-packages/airflow/example_dags/example_short_circuit_operator.py
[2025-05-01T10:50:22.012+0000] {processor.py:830} INFO - Processing file /home/airflow/.local/lib/python3.12/site-packages/airflow/example_dags/example_short_circuit_operator.py for tasks to queue
[2025-05-01T10:50:22.015+0000] {logging_mixin.py:188} INFO - [2025-05-01T10:50:22.015+0000] {dagbag.py:545} INFO - Filling up the DagBag from /home/airflow/.local/lib/python3.12/site-packages/airflow/example_dags/example_short_circuit_operator.py
[2025-05-01T10:50:22.022+0000] {processor.py:840} INFO - DAG(s) 'example_short_circuit_operator' retrieved from /home/airflow/.local/lib/python3.12/site-packages/airflow/example_dags/example_short_circuit_operator.py
[2025-05-01T10:50:22.049+0000] {logging_mixin.py:188} INFO - [2025-05-01T10:50:22.048+0000] {dag.py:3096} INFO - Sync 1 DAGs
[2025-05-01T10:50:22.074+0000] {logging_mixin.py:188} INFO - [2025-05-01T10:50:22.073+0000] {dag.py:3954} INFO - Setting next_dagrun for example_short_circuit_operator to 2025-04-30 00:00:00+00:00, run_after=2025-05-01 00:00:00+00:00
[2025-05-01T10:50:22.095+0000] {processor.py:183} INFO - Processing /home/airflow/.local/lib/python3.12/site-packages/airflow/example_dags/example_short_circuit_operator.py took 0.090 seconds
[2025-05-01T10:51:49.663+0000] {processor.py:161} INFO - Started process (PID=83) to work on /home/airflow/.local/lib/python3.12/site-packages/airflow/example_dags/example_short_circuit_operator.py
[2025-05-01T10:51:49.667+0000] {processor.py:830} INFO - Processing file /home/airflow/.local/lib/python3.12/site-packages/airflow/example_dags/example_short_circuit_operator.py for tasks to queue
[2025-05-01T10:51:49.681+0000] {logging_mixin.py:188} INFO - [2025-05-01T10:51:49.680+0000] {dagbag.py:545} INFO - Filling up the DagBag from /home/airflow/.local/lib/python3.12/site-packages/airflow/example_dags/example_short_circuit_operator.py
[2025-05-01T10:51:49.700+0000] {processor.py:840} INFO - DAG(s) 'example_short_circuit_operator' retrieved from /home/airflow/.local/lib/python3.12/site-packages/airflow/example_dags/example_short_circuit_operator.py
[2025-05-01T10:51:50.008+0000] {logging_mixin.py:188} INFO - [2025-05-01T10:51:50.008+0000] {dag.py:3096} INFO - Sync 1 DAGs
[2025-05-01T10:51:50.079+0000] {logging_mixin.py:188} INFO - [2025-05-01T10:51:50.079+0000] {dag.py:3954} INFO - Setting next_dagrun for example_short_circuit_operator to 2025-04-30 00:00:00+00:00, run_after=2025-05-01 00:00:00+00:00
[2025-05-01T10:51:50.137+0000] {processor.py:183} INFO - Processing /home/airflow/.local/lib/python3.12/site-packages/airflow/example_dags/example_short_circuit_operator.py took 0.505 seconds
[2025-05-01T10:52:20.685+0000] {processor.py:161} INFO - Started process (PID=147) to work on /home/airflow/.local/lib/python3.12/site-packages/airflow/example_dags/example_short_circuit_operator.py
[2025-05-01T10:52:20.686+0000] {processor.py:830} INFO - Processing file /home/airflow/.local/lib/python3.12/site-packages/airflow/example_dags/example_short_circuit_operator.py for tasks to queue
[2025-05-01T10:52:20.689+0000] {logging_mixin.py:188} INFO - [2025-05-01T10:52:20.689+0000] {dagbag.py:545} INFO - Filling up the DagBag from /home/airflow/.local/lib/python3.12/site-packages/airflow/example_dags/example_short_circuit_operator.py
[2025-05-01T10:52:20.700+0000] {processor.py:840} INFO - DAG(s) 'example_short_circuit_operator' retrieved from /home/airflow/.local/lib/python3.12/site-packages/airflow/example_dags/example_short_circuit_operator.py
[2025-05-01T10:52:20.734+0000] {logging_mixin.py:188} INFO - [2025-05-01T10:52:20.734+0000] {dag.py:3096} INFO - Sync 1 DAGs
[2025-05-01T10:52:20.770+0000] {logging_mixin.py:188} INFO - [2025-05-01T10:52:20.769+0000] {dag.py:3954} INFO - Setting next_dagrun for example_short_circuit_operator to 2025-04-30 00:00:00+00:00, run_after=2025-05-01 00:00:00+00:00
[2025-05-01T10:52:20.805+0000] {processor.py:183} INFO - Processing /home/airflow/.local/lib/python3.12/site-packages/airflow/example_dags/example_short_circuit_operator.py took 0.128 seconds
[2025-05-01T10:52:50.871+0000] {processor.py:161} INFO - Started process (PID=205) to work on /home/airflow/.local/lib/python3.12/site-packages/airflow/example_dags/example_short_circuit_operator.py
[2025-05-01T10:52:50.872+0000] {processor.py:830} INFO - Processing file /home/airflow/.local/lib/python3.12/site-packages/airflow/example_dags/example_short_circuit_operator.py for tasks to queue
[2025-05-01T10:52:50.874+0000] {logging_mixin.py:188} INFO - [2025-05-01T10:52:50.874+0000] {dagbag.py:545} INFO - Filling up the DagBag from /home/airflow/.local/lib/python3.12/site-packages/airflow/example_dags/example_short_circuit_operator.py
[2025-05-01T10:52:50.882+0000] {processor.py:840} INFO - DAG(s) 'example_short_circuit_operator' retrieved from /home/airflow/.local/lib/python3.12/site-packages/airflow/example_dags/example_short_circuit_operator.py
[2025-05-01T10:52:50.909+0000] {logging_mixin.py:188} INFO - [2025-05-01T10:52:50.908+0000] {dag.py:3096} INFO - Sync 1 DAGs
[2025-05-01T10:52:50.934+0000] {logging_mixin.py:188} INFO - [2025-05-01T10:52:50.934+0000] {dag.py:3954} INFO - Setting next_dagrun for example_short_circuit_operator to 2025-04-30 00:00:00+00:00, run_after=2025-05-01 00:00:00+00:00
[2025-05-01T10:52:50.962+0000] {processor.py:183} INFO - Processing /home/airflow/.local/lib/python3.12/site-packages/airflow/example_dags/example_short_circuit_operator.py took 0.097 seconds
[2025-05-01T10:53:21.296+0000] {processor.py:161} INFO - Started process (PID=263) to work on /home/airflow/.local/lib/python3.12/site-packages/airflow/example_dags/example_short_circuit_operator.py
[2025-05-01T10:53:21.297+0000] {processor.py:830} INFO - Processing file /home/airflow/.local/lib/python3.12/site-packages/airflow/example_dags/example_short_circuit_operator.py for tasks to queue
[2025-05-01T10:53:21.300+0000] {logging_mixin.py:188} INFO - [2025-05-01T10:53:21.299+0000] {dagbag.py:545} INFO - Filling up the DagBag from /home/airflow/.local/lib/python3.12/site-packages/airflow/example_dags/example_short_circuit_operator.py
[2025-05-01T10:53:21.309+0000] {processor.py:840} INFO - DAG(s) 'example_short_circuit_operator' retrieved from /home/airflow/.local/lib/python3.12/site-packages/airflow/example_dags/example_short_circuit_operator.py
[2025-05-01T10:53:21.340+0000] {logging_mixin.py:188} INFO - [2025-05-01T10:53:21.339+0000] {dag.py:3096} INFO - Sync 1 DAGs
[2025-05-01T10:53:21.369+0000] {logging_mixin.py:188} INFO - [2025-05-01T10:53:21.368+0000] {dag.py:3954} INFO - Setting next_dagrun for example_short_circuit_operator to 2025-04-30 00:00:00+00:00, run_after=2025-05-01 00:00:00+00:00
[2025-05-01T10:53:21.398+0000] {processor.py:183} INFO - Processing /home/airflow/.local/lib/python3.12/site-packages/airflow/example_dags/example_short_circuit_operator.py took 0.108 seconds
[2025-05-01T10:53:51.722+0000] {processor.py:161} INFO - Started process (PID=321) to work on /home/airflow/.local/lib/python3.12/site-packages/airflow/example_dags/example_short_circuit_operator.py
[2025-05-01T10:53:51.723+0000] {processor.py:830} INFO - Processing file /home/airflow/.local/lib/python3.12/site-packages/airflow/example_dags/example_short_circuit_operator.py for tasks to queue
[2025-05-01T10:53:51.725+0000] {logging_mixin.py:188} INFO - [2025-05-01T10:53:51.725+0000] {dagbag.py:545} INFO - Filling up the DagBag from /home/airflow/.local/lib/python3.12/site-packages/airflow/example_dags/example_short_circuit_operator.py
[2025-05-01T10:53:51.735+0000] {processor.py:840} INFO - DAG(s) 'example_short_circuit_operator' retrieved from /home/airflow/.local/lib/python3.12/site-packages/airflow/example_dags/example_short_circuit_operator.py
[2025-05-01T10:53:51.763+0000] {logging_mixin.py:188} INFO - [2025-05-01T10:53:51.763+0000] {dag.py:3096} INFO - Sync 1 DAGs
[2025-05-01T10:53:51.788+0000] {logging_mixin.py:188} INFO - [2025-05-01T10:53:51.787+0000] {dag.py:3954} INFO - Setting next_dagrun for example_short_circuit_operator to 2025-04-30 00:00:00+00:00, run_after=2025-05-01 00:00:00+00:00
[2025-05-01T10:53:51.813+0000] {processor.py:183} INFO - Processing /home/airflow/.local/lib/python3.12/site-packages/airflow/example_dags/example_short_circuit_operator.py took 0.099 seconds
[2025-05-01T10:54:21.947+0000] {processor.py:161} INFO - Started process (PID=379) to work on /home/airflow/.local/lib/python3.12/site-packages/airflow/example_dags/example_short_circuit_operator.py
[2025-05-01T10:54:21.949+0000] {processor.py:830} INFO - Processing file /home/airflow/.local/lib/python3.12/site-packages/airflow/example_dags/example_short_circuit_operator.py for tasks to queue
[2025-05-01T10:54:21.951+0000] {logging_mixin.py:188} INFO - [2025-05-01T10:54:21.951+0000] {dagbag.py:545} INFO - Filling up the DagBag from /home/airflow/.local/lib/python3.12/site-packages/airflow/example_dags/example_short_circuit_operator.py
[2025-05-01T10:54:21.960+0000] {processor.py:840} INFO - DAG(s) 'example_short_circuit_operator' retrieved from /home/airflow/.local/lib/python3.12/site-packages/airflow/example_dags/example_short_circuit_operator.py
[2025-05-01T10:54:21.987+0000] {logging_mixin.py:188} INFO - [2025-05-01T10:54:21.986+0000] {dag.py:3096} INFO - Sync 1 DAGs
[2025-05-01T10:54:22.013+0000] {logging_mixin.py:188} INFO - [2025-05-01T10:54:22.013+0000] {dag.py:3954} INFO - Setting next_dagrun for example_short_circuit_operator to 2025-04-30 00:00:00+00:00, run_after=2025-05-01 00:00:00+00:00
[2025-05-01T10:54:22.038+0000] {processor.py:183} INFO - Processing /home/airflow/.local/lib/python3.12/site-packages/airflow/example_dags/example_short_circuit_operator.py took 0.097 seconds
[2025-05-01T10:54:52.537+0000] {processor.py:161} INFO - Started process (PID=437) to work on /home/airflow/.local/lib/python3.12/site-packages/airflow/example_dags/example_short_circuit_operator.py
[2025-05-01T10:54:52.538+0000] {processor.py:830} INFO - Processing file /home/airflow/.local/lib/python3.12/site-packages/airflow/example_dags/example_short_circuit_operator.py for tasks to queue
[2025-05-01T10:54:52.541+0000] {logging_mixin.py:188} INFO - [2025-05-01T10:54:52.541+0000] {dagbag.py:545} INFO - Filling up the DagBag from /home/airflow/.local/lib/python3.12/site-packages/airflow/example_dags/example_short_circuit_operator.py
[2025-05-01T10:54:52.549+0000] {processor.py:840} INFO - DAG(s) 'example_short_circuit_operator' retrieved from /home/airflow/.local/lib/python3.12/site-packages/airflow/example_dags/example_short_circuit_operator.py
[2025-05-01T10:54:52.576+0000] {logging_mixin.py:188} INFO - [2025-05-01T10:54:52.575+0000] {dag.py:3096} INFO - Sync 1 DAGs
[2025-05-01T10:54:52.600+0000] {logging_mixin.py:188} INFO - [2025-05-01T10:54:52.600+0000] {dag.py:3954} INFO - Setting next_dagrun for example_short_circuit_operator to 2025-04-30 00:00:00+00:00, run_after=2025-05-01 00:00:00+00:00
[2025-05-01T10:54:52.624+0000] {processor.py:183} INFO - Processing /home/airflow/.local/lib/python3.12/site-packages/airflow/example_dags/example_short_circuit_operator.py took 0.093 seconds
[2025-05-01T10:55:22.839+0000] {processor.py:161} INFO - Started process (PID=495) to work on /home/airflow/.local/lib/python3.12/site-packages/airflow/example_dags/example_short_circuit_operator.py
[2025-05-01T10:55:22.841+0000] {processor.py:830} INFO - Processing file /home/airflow/.local/lib/python3.12/site-packages/airflow/example_dags/example_short_circuit_operator.py for tasks to queue
[2025-05-01T10:55:22.843+0000] {logging_mixin.py:188} INFO - [2025-05-01T10:55:22.843+0000] {dagbag.py:545} INFO - Filling up the DagBag from /home/airflow/.local/lib/python3.12/site-packages/airflow/example_dags/example_short_circuit_operator.py
[2025-05-01T10:55:22.851+0000] {processor.py:840} INFO - DAG(s) 'example_short_circuit_operator' retrieved from /home/airflow/.local/lib/python3.12/site-packages/airflow/example_dags/example_short_circuit_operator.py
[2025-05-01T10:55:22.879+0000] {logging_mixin.py:188} INFO - [2025-05-01T10:55:22.879+0000] {dag.py:3096} INFO - Sync 1 DAGs
[2025-05-01T10:55:22.909+0000] {logging_mixin.py:188} INFO - [2025-05-01T10:55:22.909+0000] {dag.py:3954} INFO - Setting next_dagrun for example_short_circuit_operator to 2025-04-30 00:00:00+00:00, run_after=2025-05-01 00:00:00+00:00
[2025-05-01T10:55:22.937+0000] {processor.py:183} INFO - Processing /home/airflow/.local/lib/python3.12/site-packages/airflow/example_dags/example_short_circuit_operator.py took 0.105 seconds
[2025-05-01T10:55:53.277+0000] {processor.py:161} INFO - Started process (PID=553) to work on /home/airflow/.local/lib/python3.12/site-packages/airflow/example_dags/example_short_circuit_operator.py
[2025-05-01T10:55:53.278+0000] {processor.py:830} INFO - Processing file /home/airflow/.local/lib/python3.12/site-packages/airflow/example_dags/example_short_circuit_operator.py for tasks to queue
[2025-05-01T10:55:53.280+0000] {logging_mixin.py:188} INFO - [2025-05-01T10:55:53.280+0000] {dagbag.py:545} INFO - Filling up the DagBag from /home/airflow/.local/lib/python3.12/site-packages/airflow/example_dags/example_short_circuit_operator.py
[2025-05-01T10:55:53.287+0000] {processor.py:840} INFO - DAG(s) 'example_short_circuit_operator' retrieved from /home/airflow/.local/lib/python3.12/site-packages/airflow/example_dags/example_short_circuit_operator.py
[2025-05-01T10:55:53.313+0000] {logging_mixin.py:188} INFO - [2025-05-01T10:55:53.313+0000] {dag.py:3096} INFO - Sync 1 DAGs
[2025-05-01T10:55:53.337+0000] {logging_mixin.py:188} INFO - [2025-05-01T10:55:53.337+0000] {dag.py:3954} INFO - Setting next_dagrun for example_short_circuit_operator to 2025-04-30 00:00:00+00:00, run_after=2025-05-01 00:00:00+00:00
[2025-05-01T10:55:53.361+0000] {processor.py:183} INFO - Processing /home/airflow/.local/lib/python3.12/site-packages/airflow/example_dags/example_short_circuit_operator.py took 0.090 seconds
[2025-05-01T10:56:23.990+0000] {processor.py:161} INFO - Started process (PID=611) to work on /home/airflow/.local/lib/python3.12/site-packages/airflow/example_dags/example_short_circuit_operator.py
[2025-05-01T10:56:23.992+0000] {processor.py:830} INFO - Processing file /home/airflow/.local/lib/python3.12/site-packages/airflow/example_dags/example_short_circuit_operator.py for tasks to queue
[2025-05-01T10:56:23.994+0000] {logging_mixin.py:188} INFO - [2025-05-01T10:56:23.994+0000] {dagbag.py:545} INFO - Filling up the DagBag from /home/airflow/.local/lib/python3.12/site-packages/airflow/example_dags/example_short_circuit_operator.py
[2025-05-01T10:56:24.002+0000] {processor.py:840} INFO - DAG(s) 'example_short_circuit_operator' retrieved from /home/airflow/.local/lib/python3.12/site-packages/airflow/example_dags/example_short_circuit_operator.py
[2025-05-01T10:56:24.032+0000] {logging_mixin.py:188} INFO - [2025-05-01T10:56:24.032+0000] {dag.py:3096} INFO - Sync 1 DAGs
[2025-05-01T10:56:24.065+0000] {logging_mixin.py:188} INFO - [2025-05-01T10:56:24.065+0000] {dag.py:3954} INFO - Setting next_dagrun for example_short_circuit_operator to 2025-04-30 00:00:00+00:00, run_after=2025-05-01 00:00:00+00:00
[2025-05-01T10:56:24.092+0000] {processor.py:183} INFO - Processing /home/airflow/.local/lib/python3.12/site-packages/airflow/example_dags/example_short_circuit_operator.py took 0.108 seconds
[2025-05-01T10:56:54.606+0000] {processor.py:161} INFO - Started process (PID=670) to work on /home/airflow/.local/lib/python3.12/site-packages/airflow/example_dags/example_short_circuit_operator.py
[2025-05-01T10:56:54.608+0000] {processor.py:830} INFO - Processing file /home/airflow/.local/lib/python3.12/site-packages/airflow/example_dags/example_short_circuit_operator.py for tasks to queue
[2025-05-01T10:56:54.610+0000] {logging_mixin.py:188} INFO - [2025-05-01T10:56:54.609+0000] {dagbag.py:545} INFO - Filling up the DagBag from /home/airflow/.local/lib/python3.12/site-packages/airflow/example_dags/example_short_circuit_operator.py
[2025-05-01T10:56:54.617+0000] {processor.py:840} INFO - DAG(s) 'example_short_circuit_operator' retrieved from /home/airflow/.local/lib/python3.12/site-packages/airflow/example_dags/example_short_circuit_operator.py
[2025-05-01T10:56:54.644+0000] {logging_mixin.py:188} INFO - [2025-05-01T10:56:54.643+0000] {dag.py:3096} INFO - Sync 1 DAGs
[2025-05-01T10:56:54.667+0000] {logging_mixin.py:188} INFO - [2025-05-01T10:56:54.667+0000] {dag.py:3954} INFO - Setting next_dagrun for example_short_circuit_operator to 2025-04-30 00:00:00+00:00, run_after=2025-05-01 00:00:00+00:00
[2025-05-01T10:56:54.692+0000] {processor.py:183} INFO - Processing /home/airflow/.local/lib/python3.12/site-packages/airflow/example_dags/example_short_circuit_operator.py took 0.092 seconds
[2025-05-01T10:57:25.115+0000] {processor.py:161} INFO - Started process (PID=731) to work on /home/airflow/.local/lib/python3.12/site-packages/airflow/example_dags/example_short_circuit_operator.py
[2025-05-01T10:57:25.117+0000] {processor.py:830} INFO - Processing file /home/airflow/.local/lib/python3.12/site-packages/airflow/example_dags/example_short_circuit_operator.py for tasks to queue
[2025-05-01T10:57:25.120+0000] {logging_mixin.py:188} INFO - [2025-05-01T10:57:25.119+0000] {dagbag.py:545} INFO - Filling up the DagBag from /home/airflow/.local/lib/python3.12/site-packages/airflow/example_dags/example_short_circuit_operator.py
[2025-05-01T10:57:25.127+0000] {processor.py:840} INFO - DAG(s) 'example_short_circuit_operator' retrieved from /home/airflow/.local/lib/python3.12/site-packages/airflow/example_dags/example_short_circuit_operator.py
[2025-05-01T10:57:25.155+0000] {logging_mixin.py:188} INFO - [2025-05-01T10:57:25.154+0000] {dag.py:3096} INFO - Sync 1 DAGs
[2025-05-01T10:57:25.178+0000] {logging_mixin.py:188} INFO - [2025-05-01T10:57:25.177+0000] {dag.py:3954} INFO - Setting next_dagrun for example_short_circuit_operator to 2025-04-30 00:00:00+00:00, run_after=2025-05-01 00:00:00+00:00
[2025-05-01T10:57:25.202+0000] {processor.py:183} INFO - Processing /home/airflow/.local/lib/python3.12/site-packages/airflow/example_dags/example_short_circuit_operator.py took 0.092 seconds
[2025-05-01T10:57:55.640+0000] {processor.py:161} INFO - Started process (PID=790) to work on /home/airflow/.local/lib/python3.12/site-packages/airflow/example_dags/example_short_circuit_operator.py
[2025-05-01T10:57:55.641+0000] {processor.py:830} INFO - Processing file /home/airflow/.local/lib/python3.12/site-packages/airflow/example_dags/example_short_circuit_operator.py for tasks to queue
[2025-05-01T10:57:55.643+0000] {logging_mixin.py:188} INFO - [2025-05-01T10:57:55.643+0000] {dagbag.py:545} INFO - Filling up the DagBag from /home/airflow/.local/lib/python3.12/site-packages/airflow/example_dags/example_short_circuit_operator.py
[2025-05-01T10:57:55.651+0000] {processor.py:840} INFO - DAG(s) 'example_short_circuit_operator' retrieved from /home/airflow/.local/lib/python3.12/site-packages/airflow/example_dags/example_short_circuit_operator.py
[2025-05-01T10:57:55.677+0000] {logging_mixin.py:188} INFO - [2025-05-01T10:57:55.676+0000] {dag.py:3096} INFO - Sync 1 DAGs
[2025-05-01T10:57:55.701+0000] {logging_mixin.py:188} INFO - [2025-05-01T10:57:55.701+0000] {dag.py:3954} INFO - Setting next_dagrun for example_short_circuit_operator to 2025-04-30 00:00:00+00:00, run_after=2025-05-01 00:00:00+00:00
[2025-05-01T10:57:55.728+0000] {processor.py:183} INFO - Processing /home/airflow/.local/lib/python3.12/site-packages/airflow/example_dags/example_short_circuit_operator.py took 0.094 seconds
[2025-05-01T10:58:26.296+0000] {processor.py:161} INFO - Started process (PID=849) to work on /home/airflow/.local/lib/python3.12/site-packages/airflow/example_dags/example_short_circuit_operator.py
[2025-05-01T10:58:26.298+0000] {processor.py:830} INFO - Processing file /home/airflow/.local/lib/python3.12/site-packages/airflow/example_dags/example_short_circuit_operator.py for tasks to queue
[2025-05-01T10:58:26.301+0000] {logging_mixin.py:188} INFO - [2025-05-01T10:58:26.300+0000] {dagbag.py:545} INFO - Filling up the DagBag from /home/airflow/.local/lib/python3.12/site-packages/airflow/example_dags/example_short_circuit_operator.py
[2025-05-01T10:58:26.311+0000] {processor.py:840} INFO - DAG(s) 'example_short_circuit_operator' retrieved from /home/airflow/.local/lib/python3.12/site-packages/airflow/example_dags/example_short_circuit_operator.py
[2025-05-01T10:58:26.351+0000] {logging_mixin.py:188} INFO - [2025-05-01T10:58:26.351+0000] {dag.py:3096} INFO - Sync 1 DAGs
[2025-05-01T10:58:26.378+0000] {logging_mixin.py:188} INFO - [2025-05-01T10:58:26.378+0000] {dag.py:3954} INFO - Setting next_dagrun for example_short_circuit_operator to 2025-04-30 00:00:00+00:00, run_after=2025-05-01 00:00:00+00:00
[2025-05-01T10:58:26.406+0000] {processor.py:183} INFO - Processing /home/airflow/.local/lib/python3.12/site-packages/airflow/example_dags/example_short_circuit_operator.py took 0.117 seconds
[2025-05-01T10:58:56.692+0000] {processor.py:161} INFO - Started process (PID=908) to work on /home/airflow/.local/lib/python3.12/site-packages/airflow/example_dags/example_short_circuit_operator.py
[2025-05-01T10:58:56.693+0000] {processor.py:830} INFO - Processing file /home/airflow/.local/lib/python3.12/site-packages/airflow/example_dags/example_short_circuit_operator.py for tasks to queue
[2025-05-01T10:58:56.695+0000] {logging_mixin.py:188} INFO - [2025-05-01T10:58:56.695+0000] {dagbag.py:545} INFO - Filling up the DagBag from /home/airflow/.local/lib/python3.12/site-packages/airflow/example_dags/example_short_circuit_operator.py
[2025-05-01T10:58:56.703+0000] {processor.py:840} INFO - DAG(s) 'example_short_circuit_operator' retrieved from /home/airflow/.local/lib/python3.12/site-packages/airflow/example_dags/example_short_circuit_operator.py
[2025-05-01T10:58:56.731+0000] {logging_mixin.py:188} INFO - [2025-05-01T10:58:56.731+0000] {dag.py:3096} INFO - Sync 1 DAGs
[2025-05-01T10:58:56.755+0000] {logging_mixin.py:188} INFO - [2025-05-01T10:58:56.755+0000] {dag.py:3954} INFO - Setting next_dagrun for example_short_circuit_operator to 2025-04-30 00:00:00+00:00, run_after=2025-05-01 00:00:00+00:00
[2025-05-01T10:58:56.780+0000] {processor.py:183} INFO - Processing /home/airflow/.local/lib/python3.12/site-packages/airflow/example_dags/example_short_circuit_operator.py took 0.094 seconds
[2025-05-01T10:59:26.917+0000] {processor.py:161} INFO - Started process (PID=967) to work on /home/airflow/.local/lib/python3.12/site-packages/airflow/example_dags/example_short_circuit_operator.py
[2025-05-01T10:59:26.918+0000] {processor.py:830} INFO - Processing file /home/airflow/.local/lib/python3.12/site-packages/airflow/example_dags/example_short_circuit_operator.py for tasks to queue
[2025-05-01T10:59:26.920+0000] {logging_mixin.py:188} INFO - [2025-05-01T10:59:26.920+0000] {dagbag.py:545} INFO - Filling up the DagBag from /home/airflow/.local/lib/python3.12/site-packages/airflow/example_dags/example_short_circuit_operator.py
[2025-05-01T10:59:26.928+0000] {processor.py:840} INFO - DAG(s) 'example_short_circuit_operator' retrieved from /home/airflow/.local/lib/python3.12/site-packages/airflow/example_dags/example_short_circuit_operator.py
[2025-05-01T10:59:26.954+0000] {logging_mixin.py:188} INFO - [2025-05-01T10:59:26.954+0000] {dag.py:3096} INFO - Sync 1 DAGs
[2025-05-01T10:59:26.978+0000] {logging_mixin.py:188} INFO - [2025-05-01T10:59:26.978+0000] {dag.py:3954} INFO - Setting next_dagrun for example_short_circuit_operator to 2025-04-30 00:00:00+00:00, run_after=2025-05-01 00:00:00+00:00
[2025-05-01T10:59:27.000+0000] {processor.py:183} INFO - Processing /home/airflow/.local/lib/python3.12/site-packages/airflow/example_dags/example_short_circuit_operator.py took 0.089 seconds
[2025-05-01T10:59:57.985+0000] {processor.py:161} INFO - Started process (PID=1026) to work on /home/airflow/.local/lib/python3.12/site-packages/airflow/example_dags/example_short_circuit_operator.py
[2025-05-01T10:59:57.987+0000] {processor.py:830} INFO - Processing file /home/airflow/.local/lib/python3.12/site-packages/airflow/example_dags/example_short_circuit_operator.py for tasks to queue
[2025-05-01T10:59:57.991+0000] {logging_mixin.py:188} INFO - [2025-05-01T10:59:57.990+0000] {dagbag.py:545} INFO - Filling up the DagBag from /home/airflow/.local/lib/python3.12/site-packages/airflow/example_dags/example_short_circuit_operator.py
[2025-05-01T10:59:58.008+0000] {processor.py:840} INFO - DAG(s) 'example_short_circuit_operator' retrieved from /home/airflow/.local/lib/python3.12/site-packages/airflow/example_dags/example_short_circuit_operator.py
[2025-05-01T10:59:58.063+0000] {logging_mixin.py:188} INFO - [2025-05-01T10:59:58.063+0000] {dag.py:3096} INFO - Sync 1 DAGs
[2025-05-01T10:59:58.116+0000] {logging_mixin.py:188} INFO - [2025-05-01T10:59:58.116+0000] {dag.py:3954} INFO - Setting next_dagrun for example_short_circuit_operator to 2025-04-30 00:00:00+00:00, run_after=2025-05-01 00:00:00+00:00
[2025-05-01T10:59:58.165+0000] {processor.py:183} INFO - Processing /home/airflow/.local/lib/python3.12/site-packages/airflow/example_dags/example_short_circuit_operator.py took 0.194 seconds
[2025-05-01T11:00:28.435+0000] {processor.py:161} INFO - Started process (PID=1085) to work on /home/airflow/.local/lib/python3.12/site-packages/airflow/example_dags/example_short_circuit_operator.py
[2025-05-01T11:00:28.438+0000] {processor.py:830} INFO - Processing file /home/airflow/.local/lib/python3.12/site-packages/airflow/example_dags/example_short_circuit_operator.py for tasks to queue
[2025-05-01T11:00:28.443+0000] {logging_mixin.py:188} INFO - [2025-05-01T11:00:28.442+0000] {dagbag.py:545} INFO - Filling up the DagBag from /home/airflow/.local/lib/python3.12/site-packages/airflow/example_dags/example_short_circuit_operator.py
[2025-05-01T11:00:28.460+0000] {processor.py:840} INFO - DAG(s) 'example_short_circuit_operator' retrieved from /home/airflow/.local/lib/python3.12/site-packages/airflow/example_dags/example_short_circuit_operator.py
[2025-05-01T11:00:28.516+0000] {logging_mixin.py:188} INFO - [2025-05-01T11:00:28.515+0000] {dag.py:3096} INFO - Sync 1 DAGs
[2025-05-01T11:00:28.573+0000] {logging_mixin.py:188} INFO - [2025-05-01T11:00:28.572+0000] {dag.py:3954} INFO - Setting next_dagrun for example_short_circuit_operator to 2025-04-30 00:00:00+00:00, run_after=2025-05-01 00:00:00+00:00
[2025-05-01T11:00:28.682+0000] {processor.py:183} INFO - Processing /home/airflow/.local/lib/python3.12/site-packages/airflow/example_dags/example_short_circuit_operator.py took 0.260 seconds
[2025-05-01T11:00:59.024+0000] {processor.py:161} INFO - Started process (PID=1145) to work on /home/airflow/.local/lib/python3.12/site-packages/airflow/example_dags/example_short_circuit_operator.py
[2025-05-01T11:00:59.027+0000] {processor.py:830} INFO - Processing file /home/airflow/.local/lib/python3.12/site-packages/airflow/example_dags/example_short_circuit_operator.py for tasks to queue
[2025-05-01T11:00:59.031+0000] {logging_mixin.py:188} INFO - [2025-05-01T11:00:59.031+0000] {dagbag.py:545} INFO - Filling up the DagBag from /home/airflow/.local/lib/python3.12/site-packages/airflow/example_dags/example_short_circuit_operator.py
[2025-05-01T11:00:59.046+0000] {processor.py:840} INFO - DAG(s) 'example_short_circuit_operator' retrieved from /home/airflow/.local/lib/python3.12/site-packages/airflow/example_dags/example_short_circuit_operator.py
[2025-05-01T11:00:59.095+0000] {logging_mixin.py:188} INFO - [2025-05-01T11:00:59.094+0000] {dag.py:3096} INFO - Sync 1 DAGs
[2025-05-01T11:00:59.140+0000] {logging_mixin.py:188} INFO - [2025-05-01T11:00:59.139+0000] {dag.py:3954} INFO - Setting next_dagrun for example_short_circuit_operator to 2025-04-30 00:00:00+00:00, run_after=2025-05-01 00:00:00+00:00
[2025-05-01T11:00:59.183+0000] {processor.py:183} INFO - Processing /home/airflow/.local/lib/python3.12/site-packages/airflow/example_dags/example_short_circuit_operator.py took 0.170 seconds
[2025-05-01T11:01:29.440+0000] {processor.py:161} INFO - Started process (PID=1204) to work on /home/airflow/.local/lib/python3.12/site-packages/airflow/example_dags/example_short_circuit_operator.py
[2025-05-01T11:01:29.442+0000] {processor.py:830} INFO - Processing file /home/airflow/.local/lib/python3.12/site-packages/airflow/example_dags/example_short_circuit_operator.py for tasks to queue
[2025-05-01T11:01:29.446+0000] {logging_mixin.py:188} INFO - [2025-05-01T11:01:29.446+0000] {dagbag.py:545} INFO - Filling up the DagBag from /home/airflow/.local/lib/python3.12/site-packages/airflow/example_dags/example_short_circuit_operator.py
[2025-05-01T11:01:29.459+0000] {processor.py:840} INFO - DAG(s) 'example_short_circuit_operator' retrieved from /home/airflow/.local/lib/python3.12/site-packages/airflow/example_dags/example_short_circuit_operator.py
[2025-05-01T11:01:29.507+0000] {logging_mixin.py:188} INFO - [2025-05-01T11:01:29.506+0000] {dag.py:3096} INFO - Sync 1 DAGs
[2025-05-01T11:01:29.548+0000] {logging_mixin.py:188} INFO - [2025-05-01T11:01:29.547+0000] {dag.py:3954} INFO - Setting next_dagrun for example_short_circuit_operator to 2025-04-30 00:00:00+00:00, run_after=2025-05-01 00:00:00+00:00
[2025-05-01T11:01:29.628+0000] {processor.py:183} INFO - Processing /home/airflow/.local/lib/python3.12/site-packages/airflow/example_dags/example_short_circuit_operator.py took 0.197 seconds
[2025-05-01T11:01:59.992+0000] {processor.py:161} INFO - Started process (PID=1263) to work on /home/airflow/.local/lib/python3.12/site-packages/airflow/example_dags/example_short_circuit_operator.py
[2025-05-01T11:01:59.994+0000] {processor.py:830} INFO - Processing file /home/airflow/.local/lib/python3.12/site-packages/airflow/example_dags/example_short_circuit_operator.py for tasks to queue
[2025-05-01T11:01:59.998+0000] {logging_mixin.py:188} INFO - [2025-05-01T11:01:59.997+0000] {dagbag.py:545} INFO - Filling up the DagBag from /home/airflow/.local/lib/python3.12/site-packages/airflow/example_dags/example_short_circuit_operator.py
[2025-05-01T11:02:00.019+0000] {processor.py:840} INFO - DAG(s) 'example_short_circuit_operator' retrieved from /home/airflow/.local/lib/python3.12/site-packages/airflow/example_dags/example_short_circuit_operator.py
[2025-05-01T11:02:00.073+0000] {logging_mixin.py:188} INFO - [2025-05-01T11:02:00.072+0000] {dag.py:3096} INFO - Sync 1 DAGs
[2025-05-01T11:02:00.122+0000] {logging_mixin.py:188} INFO - [2025-05-01T11:02:00.121+0000] {dag.py:3954} INFO - Setting next_dagrun for example_short_circuit_operator to 2025-04-30 00:00:00+00:00, run_after=2025-05-01 00:00:00+00:00
[2025-05-01T11:02:00.171+0000] {processor.py:183} INFO - Processing /home/airflow/.local/lib/python3.12/site-packages/airflow/example_dags/example_short_circuit_operator.py took 0.189 seconds
[2025-05-01T11:02:30.946+0000] {processor.py:161} INFO - Started process (PID=1322) to work on /home/airflow/.local/lib/python3.12/site-packages/airflow/example_dags/example_short_circuit_operator.py
[2025-05-01T11:02:30.949+0000] {processor.py:830} INFO - Processing file /home/airflow/.local/lib/python3.12/site-packages/airflow/example_dags/example_short_circuit_operator.py for tasks to queue
[2025-05-01T11:02:30.954+0000] {logging_mixin.py:188} INFO - [2025-05-01T11:02:30.953+0000] {dagbag.py:545} INFO - Filling up the DagBag from /home/airflow/.local/lib/python3.12/site-packages/airflow/example_dags/example_short_circuit_operator.py
[2025-05-01T11:02:30.974+0000] {processor.py:840} INFO - DAG(s) 'example_short_circuit_operator' retrieved from /home/airflow/.local/lib/python3.12/site-packages/airflow/example_dags/example_short_circuit_operator.py
[2025-05-01T11:02:31.036+0000] {logging_mixin.py:188} INFO - [2025-05-01T11:02:31.036+0000] {dag.py:3096} INFO - Sync 1 DAGs
[2025-05-01T11:02:31.094+0000] {logging_mixin.py:188} INFO - [2025-05-01T11:02:31.093+0000] {dag.py:3954} INFO - Setting next_dagrun for example_short_circuit_operator to 2025-04-30 00:00:00+00:00, run_after=2025-05-01 00:00:00+00:00
[2025-05-01T11:02:31.152+0000] {processor.py:183} INFO - Processing /home/airflow/.local/lib/python3.12/site-packages/airflow/example_dags/example_short_circuit_operator.py took 0.220 seconds
[2025-05-01T11:03:02.127+0000] {processor.py:161} INFO - Started process (PID=1381) to work on /home/airflow/.local/lib/python3.12/site-packages/airflow/example_dags/example_short_circuit_operator.py
[2025-05-01T11:03:02.129+0000] {processor.py:830} INFO - Processing file /home/airflow/.local/lib/python3.12/site-packages/airflow/example_dags/example_short_circuit_operator.py for tasks to queue
[2025-05-01T11:03:02.133+0000] {logging_mixin.py:188} INFO - [2025-05-01T11:03:02.132+0000] {dagbag.py:545} INFO - Filling up the DagBag from /home/airflow/.local/lib/python3.12/site-packages/airflow/example_dags/example_short_circuit_operator.py
[2025-05-01T11:03:02.152+0000] {processor.py:840} INFO - DAG(s) 'example_short_circuit_operator' retrieved from /home/airflow/.local/lib/python3.12/site-packages/airflow/example_dags/example_short_circuit_operator.py
[2025-05-01T11:03:02.213+0000] {logging_mixin.py:188} INFO - [2025-05-01T11:03:02.213+0000] {dag.py:3096} INFO - Sync 1 DAGs
[2025-05-01T11:03:02.267+0000] {logging_mixin.py:188} INFO - [2025-05-01T11:03:02.266+0000] {dag.py:3954} INFO - Setting next_dagrun for example_short_circuit_operator to 2025-04-30 00:00:00+00:00, run_after=2025-05-01 00:00:00+00:00
[2025-05-01T11:03:02.370+0000] {processor.py:183} INFO - Processing /home/airflow/.local/lib/python3.12/site-packages/airflow/example_dags/example_short_circuit_operator.py took 0.254 seconds
[2025-05-01T11:03:32.639+0000] {processor.py:161} INFO - Started process (PID=1440) to work on /home/airflow/.local/lib/python3.12/site-packages/airflow/example_dags/example_short_circuit_operator.py
[2025-05-01T11:03:32.641+0000] {processor.py:830} INFO - Processing file /home/airflow/.local/lib/python3.12/site-packages/airflow/example_dags/example_short_circuit_operator.py for tasks to queue
[2025-05-01T11:03:32.645+0000] {logging_mixin.py:188} INFO - [2025-05-01T11:03:32.644+0000] {dagbag.py:545} INFO - Filling up the DagBag from /home/airflow/.local/lib/python3.12/site-packages/airflow/example_dags/example_short_circuit_operator.py
[2025-05-01T11:03:32.659+0000] {processor.py:840} INFO - DAG(s) 'example_short_circuit_operator' retrieved from /home/airflow/.local/lib/python3.12/site-packages/airflow/example_dags/example_short_circuit_operator.py
[2025-05-01T11:03:32.708+0000] {logging_mixin.py:188} INFO - [2025-05-01T11:03:32.708+0000] {dag.py:3096} INFO - Sync 1 DAGs
[2025-05-01T11:03:32.757+0000] {logging_mixin.py:188} INFO - [2025-05-01T11:03:32.757+0000] {dag.py:3954} INFO - Setting next_dagrun for example_short_circuit_operator to 2025-04-30 00:00:00+00:00, run_after=2025-05-01 00:00:00+00:00
[2025-05-01T11:03:32.852+0000] {processor.py:183} INFO - Processing /home/airflow/.local/lib/python3.12/site-packages/airflow/example_dags/example_short_circuit_operator.py took 0.224 seconds
[2025-05-01T11:04:03.234+0000] {processor.py:161} INFO - Started process (PID=1499) to work on /home/airflow/.local/lib/python3.12/site-packages/airflow/example_dags/example_short_circuit_operator.py
[2025-05-01T11:04:03.237+0000] {processor.py:830} INFO - Processing file /home/airflow/.local/lib/python3.12/site-packages/airflow/example_dags/example_short_circuit_operator.py for tasks to queue
[2025-05-01T11:04:03.242+0000] {logging_mixin.py:188} INFO - [2025-05-01T11:04:03.241+0000] {dagbag.py:545} INFO - Filling up the DagBag from /home/airflow/.local/lib/python3.12/site-packages/airflow/example_dags/example_short_circuit_operator.py
[2025-05-01T11:04:03.259+0000] {processor.py:840} INFO - DAG(s) 'example_short_circuit_operator' retrieved from /home/airflow/.local/lib/python3.12/site-packages/airflow/example_dags/example_short_circuit_operator.py
[2025-05-01T11:04:03.343+0000] {logging_mixin.py:188} INFO - [2025-05-01T11:04:03.342+0000] {dag.py:3096} INFO - Sync 1 DAGs
[2025-05-01T11:04:03.412+0000] {logging_mixin.py:188} INFO - [2025-05-01T11:04:03.411+0000] {dag.py:3954} INFO - Setting next_dagrun for example_short_circuit_operator to 2025-04-30 00:00:00+00:00, run_after=2025-05-01 00:00:00+00:00
[2025-05-01T11:04:03.497+0000] {processor.py:183} INFO - Processing /home/airflow/.local/lib/python3.12/site-packages/airflow/example_dags/example_short_circuit_operator.py took 0.276 seconds
[2025-05-01T11:04:33.953+0000] {processor.py:161} INFO - Started process (PID=1558) to work on /home/airflow/.local/lib/python3.12/site-packages/airflow/example_dags/example_short_circuit_operator.py
[2025-05-01T11:04:33.955+0000] {processor.py:830} INFO - Processing file /home/airflow/.local/lib/python3.12/site-packages/airflow/example_dags/example_short_circuit_operator.py for tasks to queue
[2025-05-01T11:04:33.959+0000] {logging_mixin.py:188} INFO - [2025-05-01T11:04:33.959+0000] {dagbag.py:545} INFO - Filling up the DagBag from /home/airflow/.local/lib/python3.12/site-packages/airflow/example_dags/example_short_circuit_operator.py
[2025-05-01T11:04:33.976+0000] {processor.py:840} INFO - DAG(s) 'example_short_circuit_operator' retrieved from /home/airflow/.local/lib/python3.12/site-packages/airflow/example_dags/example_short_circuit_operator.py
[2025-05-01T11:04:34.047+0000] {logging_mixin.py:188} INFO - [2025-05-01T11:04:34.047+0000] {dag.py:3096} INFO - Sync 1 DAGs
[2025-05-01T11:04:34.099+0000] {logging_mixin.py:188} INFO - [2025-05-01T11:04:34.098+0000] {dag.py:3954} INFO - Setting next_dagrun for example_short_circuit_operator to 2025-04-30 00:00:00+00:00, run_after=2025-05-01 00:00:00+00:00
[2025-05-01T11:04:34.145+0000] {processor.py:183} INFO - Processing /home/airflow/.local/lib/python3.12/site-packages/airflow/example_dags/example_short_circuit_operator.py took 0.206 seconds
[2025-05-01T11:05:04.948+0000] {processor.py:161} INFO - Started process (PID=1617) to work on /home/airflow/.local/lib/python3.12/site-packages/airflow/example_dags/example_short_circuit_operator.py
[2025-05-01T11:05:04.952+0000] {processor.py:830} INFO - Processing file /home/airflow/.local/lib/python3.12/site-packages/airflow/example_dags/example_short_circuit_operator.py for tasks to queue
[2025-05-01T11:05:04.958+0000] {logging_mixin.py:188} INFO - [2025-05-01T11:05:04.956+0000] {dagbag.py:545} INFO - Filling up the DagBag from /home/airflow/.local/lib/python3.12/site-packages/airflow/example_dags/example_short_circuit_operator.py
[2025-05-01T11:05:04.975+0000] {processor.py:840} INFO - DAG(s) 'example_short_circuit_operator' retrieved from /home/airflow/.local/lib/python3.12/site-packages/airflow/example_dags/example_short_circuit_operator.py
[2025-05-01T11:05:05.032+0000] {logging_mixin.py:188} INFO - [2025-05-01T11:05:05.032+0000] {dag.py:3096} INFO - Sync 1 DAGs
[2025-05-01T11:05:05.082+0000] {logging_mixin.py:188} INFO - [2025-05-01T11:05:05.081+0000] {dag.py:3954} INFO - Setting next_dagrun for example_short_circuit_operator to 2025-04-30 00:00:00+00:00, run_after=2025-05-01 00:00:00+00:00
[2025-05-01T11:05:05.174+0000] {processor.py:183} INFO - Processing /home/airflow/.local/lib/python3.12/site-packages/airflow/example_dags/example_short_circuit_operator.py took 0.238 seconds
[2025-05-01T11:05:35.300+0000] {processor.py:161} INFO - Started process (PID=1676) to work on /home/airflow/.local/lib/python3.12/site-packages/airflow/example_dags/example_short_circuit_operator.py
[2025-05-01T11:05:35.302+0000] {processor.py:830} INFO - Processing file /home/airflow/.local/lib/python3.12/site-packages/airflow/example_dags/example_short_circuit_operator.py for tasks to queue
[2025-05-01T11:05:35.306+0000] {logging_mixin.py:188} INFO - [2025-05-01T11:05:35.306+0000] {dagbag.py:545} INFO - Filling up the DagBag from /home/airflow/.local/lib/python3.12/site-packages/airflow/example_dags/example_short_circuit_operator.py
[2025-05-01T11:05:35.323+0000] {processor.py:840} INFO - DAG(s) 'example_short_circuit_operator' retrieved from /home/airflow/.local/lib/python3.12/site-packages/airflow/example_dags/example_short_circuit_operator.py
[2025-05-01T11:05:35.376+0000] {logging_mixin.py:188} INFO - [2025-05-01T11:05:35.376+0000] {dag.py:3096} INFO - Sync 1 DAGs
[2025-05-01T11:05:35.426+0000] {logging_mixin.py:188} INFO - [2025-05-01T11:05:35.425+0000] {dag.py:3954} INFO - Setting next_dagrun for example_short_circuit_operator to 2025-04-30 00:00:00+00:00, run_after=2025-05-01 00:00:00+00:00
[2025-05-01T11:05:35.471+0000] {processor.py:183} INFO - Processing /home/airflow/.local/lib/python3.12/site-packages/airflow/example_dags/example_short_circuit_operator.py took 0.183 seconds
[2025-05-01T11:06:06.279+0000] {processor.py:161} INFO - Started process (PID=1735) to work on /home/airflow/.local/lib/python3.12/site-packages/airflow/example_dags/example_short_circuit_operator.py
[2025-05-01T11:06:06.281+0000] {processor.py:830} INFO - Processing file /home/airflow/.local/lib/python3.12/site-packages/airflow/example_dags/example_short_circuit_operator.py for tasks to queue
[2025-05-01T11:06:06.285+0000] {logging_mixin.py:188} INFO - [2025-05-01T11:06:06.284+0000] {dagbag.py:545} INFO - Filling up the DagBag from /home/airflow/.local/lib/python3.12/site-packages/airflow/example_dags/example_short_circuit_operator.py
[2025-05-01T11:06:06.304+0000] {processor.py:840} INFO - DAG(s) 'example_short_circuit_operator' retrieved from /home/airflow/.local/lib/python3.12/site-packages/airflow/example_dags/example_short_circuit_operator.py
[2025-05-01T11:06:06.355+0000] {logging_mixin.py:188} INFO - [2025-05-01T11:06:06.355+0000] {dag.py:3096} INFO - Sync 1 DAGs
[2025-05-01T11:06:06.402+0000] {logging_mixin.py:188} INFO - [2025-05-01T11:06:06.402+0000] {dag.py:3954} INFO - Setting next_dagrun for example_short_circuit_operator to 2025-04-30 00:00:00+00:00, run_after=2025-05-01 00:00:00+00:00
[2025-05-01T11:06:06.491+0000] {processor.py:183} INFO - Processing /home/airflow/.local/lib/python3.12/site-packages/airflow/example_dags/example_short_circuit_operator.py took 0.223 seconds
[2025-05-01T11:06:38.300+0000] {processor.py:161} INFO - Started process (PID=1794) to work on /home/airflow/.local/lib/python3.12/site-packages/airflow/example_dags/example_short_circuit_operator.py
[2025-05-01T11:06:38.303+0000] {processor.py:830} INFO - Processing file /home/airflow/.local/lib/python3.12/site-packages/airflow/example_dags/example_short_circuit_operator.py for tasks to queue
[2025-05-01T11:06:38.309+0000] {logging_mixin.py:188} INFO - [2025-05-01T11:06:38.308+0000] {dagbag.py:545} INFO - Filling up the DagBag from /home/airflow/.local/lib/python3.12/site-packages/airflow/example_dags/example_short_circuit_operator.py
[2025-05-01T11:06:38.335+0000] {processor.py:840} INFO - DAG(s) 'example_short_circuit_operator' retrieved from /home/airflow/.local/lib/python3.12/site-packages/airflow/example_dags/example_short_circuit_operator.py
[2025-05-01T11:06:38.404+0000] {logging_mixin.py:188} INFO - [2025-05-01T11:06:38.404+0000] {dag.py:3096} INFO - Sync 1 DAGs
[2025-05-01T11:06:38.457+0000] {logging_mixin.py:188} INFO - [2025-05-01T11:06:38.456+0000] {dag.py:3954} INFO - Setting next_dagrun for example_short_circuit_operator to 2025-04-30 00:00:00+00:00, run_after=2025-05-01 00:00:00+00:00
[2025-05-01T11:06:38.502+0000] {processor.py:183} INFO - Processing /home/airflow/.local/lib/python3.12/site-packages/airflow/example_dags/example_short_circuit_operator.py took 0.219 seconds
[2025-05-01T11:07:09.628+0000] {processor.py:161} INFO - Started process (PID=1853) to work on /home/airflow/.local/lib/python3.12/site-packages/airflow/example_dags/example_short_circuit_operator.py
[2025-05-01T11:07:09.630+0000] {processor.py:830} INFO - Processing file /home/airflow/.local/lib/python3.12/site-packages/airflow/example_dags/example_short_circuit_operator.py for tasks to queue
[2025-05-01T11:07:09.635+0000] {logging_mixin.py:188} INFO - [2025-05-01T11:07:09.634+0000] {dagbag.py:545} INFO - Filling up the DagBag from /home/airflow/.local/lib/python3.12/site-packages/airflow/example_dags/example_short_circuit_operator.py
[2025-05-01T11:07:09.656+0000] {processor.py:840} INFO - DAG(s) 'example_short_circuit_operator' retrieved from /home/airflow/.local/lib/python3.12/site-packages/airflow/example_dags/example_short_circuit_operator.py
[2025-05-01T11:07:09.712+0000] {logging_mixin.py:188} INFO - [2025-05-01T11:07:09.711+0000] {dag.py:3096} INFO - Sync 1 DAGs
[2025-05-01T11:07:09.764+0000] {logging_mixin.py:188} INFO - [2025-05-01T11:07:09.764+0000] {dag.py:3954} INFO - Setting next_dagrun for example_short_circuit_operator to 2025-04-30 00:00:00+00:00, run_after=2025-05-01 00:00:00+00:00
[2025-05-01T11:07:09.809+0000] {processor.py:183} INFO - Processing /home/airflow/.local/lib/python3.12/site-packages/airflow/example_dags/example_short_circuit_operator.py took 0.194 seconds
[2025-05-01T11:07:41.770+0000] {processor.py:161} INFO - Started process (PID=1912) to work on /home/airflow/.local/lib/python3.12/site-packages/airflow/example_dags/example_short_circuit_operator.py
[2025-05-01T11:07:41.772+0000] {processor.py:830} INFO - Processing file /home/airflow/.local/lib/python3.12/site-packages/airflow/example_dags/example_short_circuit_operator.py for tasks to queue
[2025-05-01T11:07:41.777+0000] {logging_mixin.py:188} INFO - [2025-05-01T11:07:41.776+0000] {dagbag.py:545} INFO - Filling up the DagBag from /home/airflow/.local/lib/python3.12/site-packages/airflow/example_dags/example_short_circuit_operator.py
[2025-05-01T11:07:41.792+0000] {processor.py:840} INFO - DAG(s) 'example_short_circuit_operator' retrieved from /home/airflow/.local/lib/python3.12/site-packages/airflow/example_dags/example_short_circuit_operator.py
[2025-05-01T11:07:41.844+0000] {logging_mixin.py:188} INFO - [2025-05-01T11:07:41.843+0000] {dag.py:3096} INFO - Sync 1 DAGs
[2025-05-01T11:07:41.894+0000] {logging_mixin.py:188} INFO - [2025-05-01T11:07:41.893+0000] {dag.py:3954} INFO - Setting next_dagrun for example_short_circuit_operator to 2025-04-30 00:00:00+00:00, run_after=2025-05-01 00:00:00+00:00
[2025-05-01T11:07:42.227+0000] {processor.py:183} INFO - Processing /home/airflow/.local/lib/python3.12/site-packages/airflow/example_dags/example_short_circuit_operator.py took 0.468 seconds
[2025-05-01T11:08:12.803+0000] {processor.py:161} INFO - Started process (PID=1971) to work on /home/airflow/.local/lib/python3.12/site-packages/airflow/example_dags/example_short_circuit_operator.py
[2025-05-01T11:08:12.805+0000] {processor.py:830} INFO - Processing file /home/airflow/.local/lib/python3.12/site-packages/airflow/example_dags/example_short_circuit_operator.py for tasks to queue
[2025-05-01T11:08:12.810+0000] {logging_mixin.py:188} INFO - [2025-05-01T11:08:12.809+0000] {dagbag.py:545} INFO - Filling up the DagBag from /home/airflow/.local/lib/python3.12/site-packages/airflow/example_dags/example_short_circuit_operator.py
[2025-05-01T11:08:12.825+0000] {processor.py:840} INFO - DAG(s) 'example_short_circuit_operator' retrieved from /home/airflow/.local/lib/python3.12/site-packages/airflow/example_dags/example_short_circuit_operator.py
[2025-05-01T11:08:12.882+0000] {logging_mixin.py:188} INFO - [2025-05-01T11:08:12.882+0000] {dag.py:3096} INFO - Sync 1 DAGs
[2025-05-01T11:08:12.947+0000] {logging_mixin.py:188} INFO - [2025-05-01T11:08:12.946+0000] {dag.py:3954} INFO - Setting next_dagrun for example_short_circuit_operator to 2025-04-30 00:00:00+00:00, run_after=2025-05-01 00:00:00+00:00
[2025-05-01T11:08:13.024+0000] {processor.py:183} INFO - Processing /home/airflow/.local/lib/python3.12/site-packages/airflow/example_dags/example_short_circuit_operator.py took 0.235 seconds
[2025-05-01T11:08:43.776+0000] {processor.py:161} INFO - Started process (PID=2028) to work on /home/airflow/.local/lib/python3.12/site-packages/airflow/example_dags/example_short_circuit_operator.py
[2025-05-01T11:08:43.779+0000] {processor.py:830} INFO - Processing file /home/airflow/.local/lib/python3.12/site-packages/airflow/example_dags/example_short_circuit_operator.py for tasks to queue
[2025-05-01T11:08:43.785+0000] {logging_mixin.py:188} INFO - [2025-05-01T11:08:43.783+0000] {dagbag.py:545} INFO - Filling up the DagBag from /home/airflow/.local/lib/python3.12/site-packages/airflow/example_dags/example_short_circuit_operator.py
[2025-05-01T11:08:44.137+0000] {processor.py:840} INFO - DAG(s) 'example_short_circuit_operator' retrieved from /home/airflow/.local/lib/python3.12/site-packages/airflow/example_dags/example_short_circuit_operator.py
[2025-05-01T11:08:44.193+0000] {logging_mixin.py:188} INFO - [2025-05-01T11:08:44.193+0000] {dag.py:3096} INFO - Sync 1 DAGs
[2025-05-01T11:08:44.245+0000] {logging_mixin.py:188} INFO - [2025-05-01T11:08:44.245+0000] {dag.py:3954} INFO - Setting next_dagrun for example_short_circuit_operator to 2025-04-30 00:00:00+00:00, run_after=2025-05-01 00:00:00+00:00
[2025-05-01T11:08:44.310+0000] {processor.py:183} INFO - Processing /home/airflow/.local/lib/python3.12/site-packages/airflow/example_dags/example_short_circuit_operator.py took 0.552 seconds
[2025-05-01T11:09:14.957+0000] {processor.py:161} INFO - Started process (PID=2087) to work on /home/airflow/.local/lib/python3.12/site-packages/airflow/example_dags/example_short_circuit_operator.py
[2025-05-01T11:09:14.960+0000] {processor.py:830} INFO - Processing file /home/airflow/.local/lib/python3.12/site-packages/airflow/example_dags/example_short_circuit_operator.py for tasks to queue
[2025-05-01T11:09:14.966+0000] {logging_mixin.py:188} INFO - [2025-05-01T11:09:14.965+0000] {dagbag.py:545} INFO - Filling up the DagBag from /home/airflow/.local/lib/python3.12/site-packages/airflow/example_dags/example_short_circuit_operator.py
[2025-05-01T11:09:14.982+0000] {processor.py:840} INFO - DAG(s) 'example_short_circuit_operator' retrieved from /home/airflow/.local/lib/python3.12/site-packages/airflow/example_dags/example_short_circuit_operator.py
[2025-05-01T11:09:15.043+0000] {logging_mixin.py:188} INFO - [2025-05-01T11:09:15.043+0000] {dag.py:3096} INFO - Sync 1 DAGs
[2025-05-01T11:09:15.102+0000] {logging_mixin.py:188} INFO - [2025-05-01T11:09:15.102+0000] {dag.py:3954} INFO - Setting next_dagrun for example_short_circuit_operator to 2025-04-30 00:00:00+00:00, run_after=2025-05-01 00:00:00+00:00
[2025-05-01T11:09:15.185+0000] {processor.py:183} INFO - Processing /home/airflow/.local/lib/python3.12/site-packages/airflow/example_dags/example_short_circuit_operator.py took 0.240 seconds
[2025-05-01T11:09:45.504+0000] {processor.py:161} INFO - Started process (PID=2146) to work on /home/airflow/.local/lib/python3.12/site-packages/airflow/example_dags/example_short_circuit_operator.py
[2025-05-01T11:09:45.507+0000] {processor.py:830} INFO - Processing file /home/airflow/.local/lib/python3.12/site-packages/airflow/example_dags/example_short_circuit_operator.py for tasks to queue
[2025-05-01T11:09:45.513+0000] {logging_mixin.py:188} INFO - [2025-05-01T11:09:45.512+0000] {dagbag.py:545} INFO - Filling up the DagBag from /home/airflow/.local/lib/python3.12/site-packages/airflow/example_dags/example_short_circuit_operator.py
[2025-05-01T11:09:45.537+0000] {processor.py:840} INFO - DAG(s) 'example_short_circuit_operator' retrieved from /home/airflow/.local/lib/python3.12/site-packages/airflow/example_dags/example_short_circuit_operator.py
[2025-05-01T11:09:45.594+0000] {logging_mixin.py:188} INFO - [2025-05-01T11:09:45.593+0000] {dag.py:3096} INFO - Sync 1 DAGs
[2025-05-01T11:09:45.647+0000] {logging_mixin.py:188} INFO - [2025-05-01T11:09:45.646+0000] {dag.py:3954} INFO - Setting next_dagrun for example_short_circuit_operator to 2025-04-30 00:00:00+00:00, run_after=2025-05-01 00:00:00+00:00
[2025-05-01T11:09:45.698+0000] {processor.py:183} INFO - Processing /home/airflow/.local/lib/python3.12/site-packages/airflow/example_dags/example_short_circuit_operator.py took 0.210 seconds
[2025-05-01T11:10:16.071+0000] {processor.py:161} INFO - Started process (PID=2205) to work on /home/airflow/.local/lib/python3.12/site-packages/airflow/example_dags/example_short_circuit_operator.py
[2025-05-01T11:10:16.075+0000] {processor.py:830} INFO - Processing file /home/airflow/.local/lib/python3.12/site-packages/airflow/example_dags/example_short_circuit_operator.py for tasks to queue
[2025-05-01T11:10:16.085+0000] {logging_mixin.py:188} INFO - [2025-05-01T11:10:16.084+0000] {dagbag.py:545} INFO - Filling up the DagBag from /home/airflow/.local/lib/python3.12/site-packages/airflow/example_dags/example_short_circuit_operator.py
[2025-05-01T11:10:16.104+0000] {processor.py:840} INFO - DAG(s) 'example_short_circuit_operator' retrieved from /home/airflow/.local/lib/python3.12/site-packages/airflow/example_dags/example_short_circuit_operator.py
[2025-05-01T11:10:16.178+0000] {logging_mixin.py:188} INFO - [2025-05-01T11:10:16.177+0000] {dag.py:3096} INFO - Sync 1 DAGs
[2025-05-01T11:10:16.243+0000] {logging_mixin.py:188} INFO - [2025-05-01T11:10:16.242+0000] {dag.py:3954} INFO - Setting next_dagrun for example_short_circuit_operator to 2025-04-30 00:00:00+00:00, run_after=2025-05-01 00:00:00+00:00
[2025-05-01T11:10:16.336+0000] {processor.py:183} INFO - Processing /home/airflow/.local/lib/python3.12/site-packages/airflow/example_dags/example_short_circuit_operator.py took 0.287 seconds
[2025-05-01T11:10:46.856+0000] {processor.py:161} INFO - Started process (PID=2264) to work on /home/airflow/.local/lib/python3.12/site-packages/airflow/example_dags/example_short_circuit_operator.py
[2025-05-01T11:10:46.859+0000] {processor.py:830} INFO - Processing file /home/airflow/.local/lib/python3.12/site-packages/airflow/example_dags/example_short_circuit_operator.py for tasks to queue
[2025-05-01T11:10:46.863+0000] {logging_mixin.py:188} INFO - [2025-05-01T11:10:46.863+0000] {dagbag.py:545} INFO - Filling up the DagBag from /home/airflow/.local/lib/python3.12/site-packages/airflow/example_dags/example_short_circuit_operator.py
[2025-05-01T11:10:46.882+0000] {processor.py:840} INFO - DAG(s) 'example_short_circuit_operator' retrieved from /home/airflow/.local/lib/python3.12/site-packages/airflow/example_dags/example_short_circuit_operator.py
[2025-05-01T11:10:46.944+0000] {logging_mixin.py:188} INFO - [2025-05-01T11:10:46.943+0000] {dag.py:3096} INFO - Sync 1 DAGs
[2025-05-01T11:10:47.000+0000] {logging_mixin.py:188} INFO - [2025-05-01T11:10:46.999+0000] {dag.py:3954} INFO - Setting next_dagrun for example_short_circuit_operator to 2025-04-30 00:00:00+00:00, run_after=2025-05-01 00:00:00+00:00
[2025-05-01T11:10:47.073+0000] {processor.py:183} INFO - Processing /home/airflow/.local/lib/python3.12/site-packages/airflow/example_dags/example_short_circuit_operator.py took 0.235 seconds
[2025-05-01T11:11:17.375+0000] {processor.py:161} INFO - Started process (PID=2323) to work on /home/airflow/.local/lib/python3.12/site-packages/airflow/example_dags/example_short_circuit_operator.py
[2025-05-01T11:11:17.378+0000] {processor.py:830} INFO - Processing file /home/airflow/.local/lib/python3.12/site-packages/airflow/example_dags/example_short_circuit_operator.py for tasks to queue
[2025-05-01T11:11:17.386+0000] {logging_mixin.py:188} INFO - [2025-05-01T11:11:17.385+0000] {dagbag.py:545} INFO - Filling up the DagBag from /home/airflow/.local/lib/python3.12/site-packages/airflow/example_dags/example_short_circuit_operator.py
[2025-05-01T11:11:17.405+0000] {processor.py:840} INFO - DAG(s) 'example_short_circuit_operator' retrieved from /home/airflow/.local/lib/python3.12/site-packages/airflow/example_dags/example_short_circuit_operator.py
[2025-05-01T11:11:17.469+0000] {logging_mixin.py:188} INFO - [2025-05-01T11:11:17.468+0000] {dag.py:3096} INFO - Sync 1 DAGs
[2025-05-01T11:11:17.532+0000] {logging_mixin.py:188} INFO - [2025-05-01T11:11:17.531+0000] {dag.py:3954} INFO - Setting next_dagrun for example_short_circuit_operator to 2025-04-30 00:00:00+00:00, run_after=2025-05-01 00:00:00+00:00
[2025-05-01T11:11:17.621+0000] {processor.py:183} INFO - Processing /home/airflow/.local/lib/python3.12/site-packages/airflow/example_dags/example_short_circuit_operator.py took 0.260 seconds
[2025-05-01T11:11:47.824+0000] {processor.py:161} INFO - Started process (PID=2382) to work on /home/airflow/.local/lib/python3.12/site-packages/airflow/example_dags/example_short_circuit_operator.py
[2025-05-01T11:11:47.827+0000] {processor.py:830} INFO - Processing file /home/airflow/.local/lib/python3.12/site-packages/airflow/example_dags/example_short_circuit_operator.py for tasks to queue
[2025-05-01T11:11:47.831+0000] {logging_mixin.py:188} INFO - [2025-05-01T11:11:47.830+0000] {dagbag.py:545} INFO - Filling up the DagBag from /home/airflow/.local/lib/python3.12/site-packages/airflow/example_dags/example_short_circuit_operator.py
[2025-05-01T11:11:47.852+0000] {processor.py:840} INFO - DAG(s) 'example_short_circuit_operator' retrieved from /home/airflow/.local/lib/python3.12/site-packages/airflow/example_dags/example_short_circuit_operator.py
[2025-05-01T11:11:47.917+0000] {logging_mixin.py:188} INFO - [2025-05-01T11:11:47.916+0000] {dag.py:3096} INFO - Sync 1 DAGs
[2025-05-01T11:11:47.980+0000] {logging_mixin.py:188} INFO - [2025-05-01T11:11:47.979+0000] {dag.py:3954} INFO - Setting next_dagrun for example_short_circuit_operator to 2025-04-30 00:00:00+00:00, run_after=2025-05-01 00:00:00+00:00
[2025-05-01T11:11:48.039+0000] {processor.py:183} INFO - Processing /home/airflow/.local/lib/python3.12/site-packages/airflow/example_dags/example_short_circuit_operator.py took 0.229 seconds
[2025-05-01T11:12:18.399+0000] {processor.py:161} INFO - Started process (PID=2441) to work on /home/airflow/.local/lib/python3.12/site-packages/airflow/example_dags/example_short_circuit_operator.py
[2025-05-01T11:12:18.402+0000] {processor.py:830} INFO - Processing file /home/airflow/.local/lib/python3.12/site-packages/airflow/example_dags/example_short_circuit_operator.py for tasks to queue
[2025-05-01T11:12:18.407+0000] {logging_mixin.py:188} INFO - [2025-05-01T11:12:18.406+0000] {dagbag.py:545} INFO - Filling up the DagBag from /home/airflow/.local/lib/python3.12/site-packages/airflow/example_dags/example_short_circuit_operator.py
[2025-05-01T11:12:18.429+0000] {processor.py:840} INFO - DAG(s) 'example_short_circuit_operator' retrieved from /home/airflow/.local/lib/python3.12/site-packages/airflow/example_dags/example_short_circuit_operator.py
[2025-05-01T11:12:18.490+0000] {logging_mixin.py:188} INFO - [2025-05-01T11:12:18.490+0000] {dag.py:3096} INFO - Sync 1 DAGs
[2025-05-01T11:12:18.546+0000] {logging_mixin.py:188} INFO - [2025-05-01T11:12:18.545+0000] {dag.py:3954} INFO - Setting next_dagrun for example_short_circuit_operator to 2025-04-30 00:00:00+00:00, run_after=2025-05-01 00:00:00+00:00
[2025-05-01T11:12:18.608+0000] {processor.py:183} INFO - Processing /home/airflow/.local/lib/python3.12/site-packages/airflow/example_dags/example_short_circuit_operator.py took 0.223 seconds
[2025-05-01T11:12:48.989+0000] {processor.py:161} INFO - Started process (PID=2500) to work on /home/airflow/.local/lib/python3.12/site-packages/airflow/example_dags/example_short_circuit_operator.py
[2025-05-01T11:12:48.992+0000] {processor.py:830} INFO - Processing file /home/airflow/.local/lib/python3.12/site-packages/airflow/example_dags/example_short_circuit_operator.py for tasks to queue
[2025-05-01T11:12:49.006+0000] {logging_mixin.py:188} INFO - [2025-05-01T11:12:49.005+0000] {dagbag.py:545} INFO - Filling up the DagBag from /home/airflow/.local/lib/python3.12/site-packages/airflow/example_dags/example_short_circuit_operator.py
[2025-05-01T11:12:49.026+0000] {processor.py:840} INFO - DAG(s) 'example_short_circuit_operator' retrieved from /home/airflow/.local/lib/python3.12/site-packages/airflow/example_dags/example_short_circuit_operator.py
[2025-05-01T11:12:49.110+0000] {logging_mixin.py:188} INFO - [2025-05-01T11:12:49.109+0000] {dag.py:3096} INFO - Sync 1 DAGs
[2025-05-01T11:12:49.174+0000] {logging_mixin.py:188} INFO - [2025-05-01T11:12:49.173+0000] {dag.py:3954} INFO - Setting next_dagrun for example_short_circuit_operator to 2025-04-30 00:00:00+00:00, run_after=2025-05-01 00:00:00+00:00
[2025-05-01T11:12:49.259+0000] {processor.py:183} INFO - Processing /home/airflow/.local/lib/python3.12/site-packages/airflow/example_dags/example_short_circuit_operator.py took 0.290 seconds
[2025-05-01T11:13:19.513+0000] {processor.py:161} INFO - Started process (PID=2559) to work on /home/airflow/.local/lib/python3.12/site-packages/airflow/example_dags/example_short_circuit_operator.py
[2025-05-01T11:13:19.516+0000] {processor.py:830} INFO - Processing file /home/airflow/.local/lib/python3.12/site-packages/airflow/example_dags/example_short_circuit_operator.py for tasks to queue
[2025-05-01T11:13:19.521+0000] {logging_mixin.py:188} INFO - [2025-05-01T11:13:19.520+0000] {dagbag.py:545} INFO - Filling up the DagBag from /home/airflow/.local/lib/python3.12/site-packages/airflow/example_dags/example_short_circuit_operator.py
[2025-05-01T11:13:19.540+0000] {processor.py:840} INFO - DAG(s) 'example_short_circuit_operator' retrieved from /home/airflow/.local/lib/python3.12/site-packages/airflow/example_dags/example_short_circuit_operator.py
[2025-05-01T11:13:19.607+0000] {logging_mixin.py:188} INFO - [2025-05-01T11:13:19.605+0000] {dag.py:3096} INFO - Sync 1 DAGs
[2025-05-01T11:13:19.675+0000] {logging_mixin.py:188} INFO - [2025-05-01T11:13:19.674+0000] {dag.py:3954} INFO - Setting next_dagrun for example_short_circuit_operator to 2025-04-30 00:00:00+00:00, run_after=2025-05-01 00:00:00+00:00
[2025-05-01T11:13:19.739+0000] {processor.py:183} INFO - Processing /home/airflow/.local/lib/python3.12/site-packages/airflow/example_dags/example_short_circuit_operator.py took 0.238 seconds
[2025-05-01T11:13:50.020+0000] {processor.py:161} INFO - Started process (PID=2618) to work on /home/airflow/.local/lib/python3.12/site-packages/airflow/example_dags/example_short_circuit_operator.py
[2025-05-01T11:13:50.025+0000] {processor.py:830} INFO - Processing file /home/airflow/.local/lib/python3.12/site-packages/airflow/example_dags/example_short_circuit_operator.py for tasks to queue
[2025-05-01T11:13:50.033+0000] {logging_mixin.py:188} INFO - [2025-05-01T11:13:50.031+0000] {dagbag.py:545} INFO - Filling up the DagBag from /home/airflow/.local/lib/python3.12/site-packages/airflow/example_dags/example_short_circuit_operator.py
[2025-05-01T11:13:50.061+0000] {processor.py:840} INFO - DAG(s) 'example_short_circuit_operator' retrieved from /home/airflow/.local/lib/python3.12/site-packages/airflow/example_dags/example_short_circuit_operator.py
[2025-05-01T11:13:50.140+0000] {logging_mixin.py:188} INFO - [2025-05-01T11:13:50.139+0000] {dag.py:3096} INFO - Sync 1 DAGs
[2025-05-01T11:13:50.215+0000] {logging_mixin.py:188} INFO - [2025-05-01T11:13:50.213+0000] {dag.py:3954} INFO - Setting next_dagrun for example_short_circuit_operator to 2025-04-30 00:00:00+00:00, run_after=2025-05-01 00:00:00+00:00
[2025-05-01T11:13:50.301+0000] {processor.py:183} INFO - Processing /home/airflow/.local/lib/python3.12/site-packages/airflow/example_dags/example_short_circuit_operator.py took 0.314 seconds
[2025-05-01T11:14:20.445+0000] {processor.py:161} INFO - Started process (PID=2677) to work on /home/airflow/.local/lib/python3.12/site-packages/airflow/example_dags/example_short_circuit_operator.py
[2025-05-01T11:14:20.448+0000] {processor.py:830} INFO - Processing file /home/airflow/.local/lib/python3.12/site-packages/airflow/example_dags/example_short_circuit_operator.py for tasks to queue
[2025-05-01T11:14:20.456+0000] {logging_mixin.py:188} INFO - [2025-05-01T11:14:20.453+0000] {dagbag.py:545} INFO - Filling up the DagBag from /home/airflow/.local/lib/python3.12/site-packages/airflow/example_dags/example_short_circuit_operator.py
[2025-05-01T11:14:20.480+0000] {processor.py:840} INFO - DAG(s) 'example_short_circuit_operator' retrieved from /home/airflow/.local/lib/python3.12/site-packages/airflow/example_dags/example_short_circuit_operator.py
[2025-05-01T11:14:20.542+0000] {logging_mixin.py:188} INFO - [2025-05-01T11:14:20.541+0000] {dag.py:3096} INFO - Sync 1 DAGs
[2025-05-01T11:14:20.606+0000] {logging_mixin.py:188} INFO - [2025-05-01T11:14:20.605+0000] {dag.py:3954} INFO - Setting next_dagrun for example_short_circuit_operator to 2025-04-30 00:00:00+00:00, run_after=2025-05-01 00:00:00+00:00
[2025-05-01T11:14:20.658+0000] {processor.py:183} INFO - Processing /home/airflow/.local/lib/python3.12/site-packages/airflow/example_dags/example_short_circuit_operator.py took 0.228 seconds
[2025-05-01T11:14:51.050+0000] {processor.py:161} INFO - Started process (PID=2736) to work on /home/airflow/.local/lib/python3.12/site-packages/airflow/example_dags/example_short_circuit_operator.py
[2025-05-01T11:14:51.053+0000] {processor.py:830} INFO - Processing file /home/airflow/.local/lib/python3.12/site-packages/airflow/example_dags/example_short_circuit_operator.py for tasks to queue
[2025-05-01T11:14:51.060+0000] {logging_mixin.py:188} INFO - [2025-05-01T11:14:51.058+0000] {dagbag.py:545} INFO - Filling up the DagBag from /home/airflow/.local/lib/python3.12/site-packages/airflow/example_dags/example_short_circuit_operator.py
[2025-05-01T11:14:51.080+0000] {processor.py:840} INFO - DAG(s) 'example_short_circuit_operator' retrieved from /home/airflow/.local/lib/python3.12/site-packages/airflow/example_dags/example_short_circuit_operator.py
[2025-05-01T11:14:51.136+0000] {logging_mixin.py:188} INFO - [2025-05-01T11:14:51.135+0000] {dag.py:3096} INFO - Sync 1 DAGs
[2025-05-01T11:14:51.188+0000] {logging_mixin.py:188} INFO - [2025-05-01T11:14:51.188+0000] {dag.py:3954} INFO - Setting next_dagrun for example_short_circuit_operator to 2025-04-30 00:00:00+00:00, run_after=2025-05-01 00:00:00+00:00
[2025-05-01T11:14:51.245+0000] {processor.py:183} INFO - Processing /home/airflow/.local/lib/python3.12/site-packages/airflow/example_dags/example_short_circuit_operator.py took 0.209 seconds
[2025-05-01T11:15:21.671+0000] {processor.py:161} INFO - Started process (PID=2795) to work on /home/airflow/.local/lib/python3.12/site-packages/airflow/example_dags/example_short_circuit_operator.py
[2025-05-01T11:15:21.674+0000] {processor.py:830} INFO - Processing file /home/airflow/.local/lib/python3.12/site-packages/airflow/example_dags/example_short_circuit_operator.py for tasks to queue
[2025-05-01T11:15:21.681+0000] {logging_mixin.py:188} INFO - [2025-05-01T11:15:21.680+0000] {dagbag.py:545} INFO - Filling up the DagBag from /home/airflow/.local/lib/python3.12/site-packages/airflow/example_dags/example_short_circuit_operator.py
[2025-05-01T11:15:21.702+0000] {processor.py:840} INFO - DAG(s) 'example_short_circuit_operator' retrieved from /home/airflow/.local/lib/python3.12/site-packages/airflow/example_dags/example_short_circuit_operator.py
[2025-05-01T11:15:21.791+0000] {logging_mixin.py:188} INFO - [2025-05-01T11:15:21.790+0000] {dag.py:3096} INFO - Sync 1 DAGs
[2025-05-01T11:15:21.859+0000] {logging_mixin.py:188} INFO - [2025-05-01T11:15:21.858+0000] {dag.py:3954} INFO - Setting next_dagrun for example_short_circuit_operator to 2025-04-30 00:00:00+00:00, run_after=2025-05-01 00:00:00+00:00
[2025-05-01T11:15:21.917+0000] {processor.py:183} INFO - Processing /home/airflow/.local/lib/python3.12/site-packages/airflow/example_dags/example_short_circuit_operator.py took 0.263 seconds
[2025-05-01T11:15:52.483+0000] {processor.py:161} INFO - Started process (PID=2854) to work on /home/airflow/.local/lib/python3.12/site-packages/airflow/example_dags/example_short_circuit_operator.py
[2025-05-01T11:15:52.487+0000] {processor.py:830} INFO - Processing file /home/airflow/.local/lib/python3.12/site-packages/airflow/example_dags/example_short_circuit_operator.py for tasks to queue
[2025-05-01T11:15:52.496+0000] {logging_mixin.py:188} INFO - [2025-05-01T11:15:52.495+0000] {dagbag.py:545} INFO - Filling up the DagBag from /home/airflow/.local/lib/python3.12/site-packages/airflow/example_dags/example_short_circuit_operator.py
[2025-05-01T11:15:52.532+0000] {processor.py:840} INFO - DAG(s) 'example_short_circuit_operator' retrieved from /home/airflow/.local/lib/python3.12/site-packages/airflow/example_dags/example_short_circuit_operator.py
[2025-05-01T11:15:52.621+0000] {logging_mixin.py:188} INFO - [2025-05-01T11:15:52.620+0000] {dag.py:3096} INFO - Sync 1 DAGs
[2025-05-01T11:15:52.705+0000] {logging_mixin.py:188} INFO - [2025-05-01T11:15:52.704+0000] {dag.py:3954} INFO - Setting next_dagrun for example_short_circuit_operator to 2025-04-30 00:00:00+00:00, run_after=2025-05-01 00:00:00+00:00
[2025-05-01T11:15:52.787+0000] {processor.py:183} INFO - Processing /home/airflow/.local/lib/python3.12/site-packages/airflow/example_dags/example_short_circuit_operator.py took 0.328 seconds
[2025-05-01T11:16:23.161+0000] {processor.py:161} INFO - Started process (PID=2913) to work on /home/airflow/.local/lib/python3.12/site-packages/airflow/example_dags/example_short_circuit_operator.py
[2025-05-01T11:16:23.164+0000] {processor.py:830} INFO - Processing file /home/airflow/.local/lib/python3.12/site-packages/airflow/example_dags/example_short_circuit_operator.py for tasks to queue
[2025-05-01T11:16:23.171+0000] {logging_mixin.py:188} INFO - [2025-05-01T11:16:23.170+0000] {dagbag.py:545} INFO - Filling up the DagBag from /home/airflow/.local/lib/python3.12/site-packages/airflow/example_dags/example_short_circuit_operator.py
[2025-05-01T11:16:23.187+0000] {processor.py:840} INFO - DAG(s) 'example_short_circuit_operator' retrieved from /home/airflow/.local/lib/python3.12/site-packages/airflow/example_dags/example_short_circuit_operator.py
[2025-05-01T11:16:23.242+0000] {logging_mixin.py:188} INFO - [2025-05-01T11:16:23.241+0000] {dag.py:3096} INFO - Sync 1 DAGs
[2025-05-01T11:16:23.290+0000] {logging_mixin.py:188} INFO - [2025-05-01T11:16:23.290+0000] {dag.py:3954} INFO - Setting next_dagrun for example_short_circuit_operator to 2025-04-30 00:00:00+00:00, run_after=2025-05-01 00:00:00+00:00
[2025-05-01T11:16:23.337+0000] {processor.py:183} INFO - Processing /home/airflow/.local/lib/python3.12/site-packages/airflow/example_dags/example_short_circuit_operator.py took 0.189 seconds
[2025-05-01T11:16:54.068+0000] {processor.py:161} INFO - Started process (PID=2972) to work on /home/airflow/.local/lib/python3.12/site-packages/airflow/example_dags/example_short_circuit_operator.py
[2025-05-01T11:16:54.071+0000] {processor.py:830} INFO - Processing file /home/airflow/.local/lib/python3.12/site-packages/airflow/example_dags/example_short_circuit_operator.py for tasks to queue
[2025-05-01T11:16:54.080+0000] {logging_mixin.py:188} INFO - [2025-05-01T11:16:54.077+0000] {dagbag.py:545} INFO - Filling up the DagBag from /home/airflow/.local/lib/python3.12/site-packages/airflow/example_dags/example_short_circuit_operator.py
[2025-05-01T11:16:54.122+0000] {processor.py:840} INFO - DAG(s) 'example_short_circuit_operator' retrieved from /home/airflow/.local/lib/python3.12/site-packages/airflow/example_dags/example_short_circuit_operator.py
[2025-05-01T11:16:54.186+0000] {logging_mixin.py:188} INFO - [2025-05-01T11:16:54.185+0000] {dag.py:3096} INFO - Sync 1 DAGs
[2025-05-01T11:16:54.245+0000] {logging_mixin.py:188} INFO - [2025-05-01T11:16:54.245+0000] {dag.py:3954} INFO - Setting next_dagrun for example_short_circuit_operator to 2025-04-30 00:00:00+00:00, run_after=2025-05-01 00:00:00+00:00
[2025-05-01T11:16:54.327+0000] {processor.py:183} INFO - Processing /home/airflow/.local/lib/python3.12/site-packages/airflow/example_dags/example_short_circuit_operator.py took 0.274 seconds
[2025-05-01T11:17:24.574+0000] {processor.py:161} INFO - Started process (PID=3032) to work on /home/airflow/.local/lib/python3.12/site-packages/airflow/example_dags/example_short_circuit_operator.py
[2025-05-01T11:17:24.578+0000] {processor.py:830} INFO - Processing file /home/airflow/.local/lib/python3.12/site-packages/airflow/example_dags/example_short_circuit_operator.py for tasks to queue
[2025-05-01T11:17:24.587+0000] {logging_mixin.py:188} INFO - [2025-05-01T11:17:24.586+0000] {dagbag.py:545} INFO - Filling up the DagBag from /home/airflow/.local/lib/python3.12/site-packages/airflow/example_dags/example_short_circuit_operator.py
[2025-05-01T11:17:24.606+0000] {processor.py:840} INFO - DAG(s) 'example_short_circuit_operator' retrieved from /home/airflow/.local/lib/python3.12/site-packages/airflow/example_dags/example_short_circuit_operator.py
[2025-05-01T11:17:24.672+0000] {logging_mixin.py:188} INFO - [2025-05-01T11:17:24.671+0000] {dag.py:3096} INFO - Sync 1 DAGs
[2025-05-01T11:17:24.744+0000] {logging_mixin.py:188} INFO - [2025-05-01T11:17:24.743+0000] {dag.py:3954} INFO - Setting next_dagrun for example_short_circuit_operator to 2025-04-30 00:00:00+00:00, run_after=2025-05-01 00:00:00+00:00
[2025-05-01T11:17:24.836+0000] {processor.py:183} INFO - Processing /home/airflow/.local/lib/python3.12/site-packages/airflow/example_dags/example_short_circuit_operator.py took 0.279 seconds
[2025-05-01T11:17:55.187+0000] {processor.py:161} INFO - Started process (PID=3091) to work on /home/airflow/.local/lib/python3.12/site-packages/airflow/example_dags/example_short_circuit_operator.py
[2025-05-01T11:17:55.190+0000] {processor.py:830} INFO - Processing file /home/airflow/.local/lib/python3.12/site-packages/airflow/example_dags/example_short_circuit_operator.py for tasks to queue
[2025-05-01T11:17:55.194+0000] {logging_mixin.py:188} INFO - [2025-05-01T11:17:55.193+0000] {dagbag.py:545} INFO - Filling up the DagBag from /home/airflow/.local/lib/python3.12/site-packages/airflow/example_dags/example_short_circuit_operator.py
[2025-05-01T11:17:55.243+0000] {processor.py:840} INFO - DAG(s) 'example_short_circuit_operator' retrieved from /home/airflow/.local/lib/python3.12/site-packages/airflow/example_dags/example_short_circuit_operator.py
[2025-05-01T11:17:55.337+0000] {logging_mixin.py:188} INFO - [2025-05-01T11:17:55.336+0000] {dag.py:3096} INFO - Sync 1 DAGs
[2025-05-01T11:17:55.443+0000] {logging_mixin.py:188} INFO - [2025-05-01T11:17:55.443+0000] {dag.py:3954} INFO - Setting next_dagrun for example_short_circuit_operator to 2025-04-30 00:00:00+00:00, run_after=2025-05-01 00:00:00+00:00
[2025-05-01T11:17:55.504+0000] {processor.py:183} INFO - Processing /home/airflow/.local/lib/python3.12/site-packages/airflow/example_dags/example_short_circuit_operator.py took 0.330 seconds
[2025-05-01T11:18:25.704+0000] {processor.py:161} INFO - Started process (PID=3156) to work on /home/airflow/.local/lib/python3.12/site-packages/airflow/example_dags/example_short_circuit_operator.py
[2025-05-01T11:18:25.707+0000] {processor.py:830} INFO - Processing file /home/airflow/.local/lib/python3.12/site-packages/airflow/example_dags/example_short_circuit_operator.py for tasks to queue
[2025-05-01T11:18:25.712+0000] {logging_mixin.py:188} INFO - [2025-05-01T11:18:25.711+0000] {dagbag.py:545} INFO - Filling up the DagBag from /home/airflow/.local/lib/python3.12/site-packages/airflow/example_dags/example_short_circuit_operator.py
[2025-05-01T11:18:25.732+0000] {processor.py:840} INFO - DAG(s) 'example_short_circuit_operator' retrieved from /home/airflow/.local/lib/python3.12/site-packages/airflow/example_dags/example_short_circuit_operator.py
[2025-05-01T11:18:25.792+0000] {logging_mixin.py:188} INFO - [2025-05-01T11:18:25.791+0000] {dag.py:3096} INFO - Sync 1 DAGs
[2025-05-01T11:18:25.845+0000] {logging_mixin.py:188} INFO - [2025-05-01T11:18:25.844+0000] {dag.py:3954} INFO - Setting next_dagrun for example_short_circuit_operator to 2025-04-30 00:00:00+00:00, run_after=2025-05-01 00:00:00+00:00
[2025-05-01T11:18:25.922+0000] {processor.py:183} INFO - Processing /home/airflow/.local/lib/python3.12/site-packages/airflow/example_dags/example_short_circuit_operator.py took 0.232 seconds
[2025-05-01T11:18:56.216+0000] {processor.py:161} INFO - Started process (PID=3216) to work on /home/airflow/.local/lib/python3.12/site-packages/airflow/example_dags/example_short_circuit_operator.py
[2025-05-01T11:18:56.219+0000] {processor.py:830} INFO - Processing file /home/airflow/.local/lib/python3.12/site-packages/airflow/example_dags/example_short_circuit_operator.py for tasks to queue
[2025-05-01T11:18:56.225+0000] {logging_mixin.py:188} INFO - [2025-05-01T11:18:56.224+0000] {dagbag.py:545} INFO - Filling up the DagBag from /home/airflow/.local/lib/python3.12/site-packages/airflow/example_dags/example_short_circuit_operator.py
[2025-05-01T11:18:56.246+0000] {processor.py:840} INFO - DAG(s) 'example_short_circuit_operator' retrieved from /home/airflow/.local/lib/python3.12/site-packages/airflow/example_dags/example_short_circuit_operator.py
[2025-05-01T11:18:56.320+0000] {logging_mixin.py:188} INFO - [2025-05-01T11:18:56.320+0000] {dag.py:3096} INFO - Sync 1 DAGs
[2025-05-01T11:18:56.392+0000] {logging_mixin.py:188} INFO - [2025-05-01T11:18:56.391+0000] {dag.py:3954} INFO - Setting next_dagrun for example_short_circuit_operator to 2025-04-30 00:00:00+00:00, run_after=2025-05-01 00:00:00+00:00
[2025-05-01T11:18:56.465+0000] {processor.py:183} INFO - Processing /home/airflow/.local/lib/python3.12/site-packages/airflow/example_dags/example_short_circuit_operator.py took 0.267 seconds
[2025-05-01T11:19:26.618+0000] {processor.py:161} INFO - Started process (PID=3275) to work on /home/airflow/.local/lib/python3.12/site-packages/airflow/example_dags/example_short_circuit_operator.py
[2025-05-01T11:19:26.622+0000] {processor.py:830} INFO - Processing file /home/airflow/.local/lib/python3.12/site-packages/airflow/example_dags/example_short_circuit_operator.py for tasks to queue
[2025-05-01T11:19:26.629+0000] {logging_mixin.py:188} INFO - [2025-05-01T11:19:26.628+0000] {dagbag.py:545} INFO - Filling up the DagBag from /home/airflow/.local/lib/python3.12/site-packages/airflow/example_dags/example_short_circuit_operator.py
[2025-05-01T11:19:26.651+0000] {processor.py:840} INFO - DAG(s) 'example_short_circuit_operator' retrieved from /home/airflow/.local/lib/python3.12/site-packages/airflow/example_dags/example_short_circuit_operator.py
[2025-05-01T11:19:26.711+0000] {logging_mixin.py:188} INFO - [2025-05-01T11:19:26.711+0000] {dag.py:3096} INFO - Sync 1 DAGs
[2025-05-01T11:19:26.763+0000] {logging_mixin.py:188} INFO - [2025-05-01T11:19:26.762+0000] {dag.py:3954} INFO - Setting next_dagrun for example_short_circuit_operator to 2025-04-30 00:00:00+00:00, run_after=2025-05-01 00:00:00+00:00
[2025-05-01T11:19:26.818+0000] {processor.py:183} INFO - Processing /home/airflow/.local/lib/python3.12/site-packages/airflow/example_dags/example_short_circuit_operator.py took 0.216 seconds
[2025-05-01T11:19:57.169+0000] {processor.py:161} INFO - Started process (PID=3334) to work on /home/airflow/.local/lib/python3.12/site-packages/airflow/example_dags/example_short_circuit_operator.py
[2025-05-01T11:19:57.173+0000] {processor.py:830} INFO - Processing file /home/airflow/.local/lib/python3.12/site-packages/airflow/example_dags/example_short_circuit_operator.py for tasks to queue
[2025-05-01T11:19:57.179+0000] {logging_mixin.py:188} INFO - [2025-05-01T11:19:57.178+0000] {dagbag.py:545} INFO - Filling up the DagBag from /home/airflow/.local/lib/python3.12/site-packages/airflow/example_dags/example_short_circuit_operator.py
[2025-05-01T11:19:57.201+0000] {processor.py:840} INFO - DAG(s) 'example_short_circuit_operator' retrieved from /home/airflow/.local/lib/python3.12/site-packages/airflow/example_dags/example_short_circuit_operator.py
[2025-05-01T11:19:57.272+0000] {logging_mixin.py:188} INFO - [2025-05-01T11:19:57.271+0000] {dag.py:3096} INFO - Sync 1 DAGs
[2025-05-01T11:19:57.368+0000] {logging_mixin.py:188} INFO - [2025-05-01T11:19:57.367+0000] {dag.py:3954} INFO - Setting next_dagrun for example_short_circuit_operator to 2025-04-30 00:00:00+00:00, run_after=2025-05-01 00:00:00+00:00
[2025-05-01T11:19:57.430+0000] {processor.py:183} INFO - Processing /home/airflow/.local/lib/python3.12/site-packages/airflow/example_dags/example_short_circuit_operator.py took 0.274 seconds
[2025-05-01T11:20:27.758+0000] {processor.py:161} INFO - Started process (PID=3393) to work on /home/airflow/.local/lib/python3.12/site-packages/airflow/example_dags/example_short_circuit_operator.py
[2025-05-01T11:20:27.761+0000] {processor.py:830} INFO - Processing file /home/airflow/.local/lib/python3.12/site-packages/airflow/example_dags/example_short_circuit_operator.py for tasks to queue
[2025-05-01T11:20:27.768+0000] {logging_mixin.py:188} INFO - [2025-05-01T11:20:27.767+0000] {dagbag.py:545} INFO - Filling up the DagBag from /home/airflow/.local/lib/python3.12/site-packages/airflow/example_dags/example_short_circuit_operator.py
[2025-05-01T11:20:27.786+0000] {processor.py:840} INFO - DAG(s) 'example_short_circuit_operator' retrieved from /home/airflow/.local/lib/python3.12/site-packages/airflow/example_dags/example_short_circuit_operator.py
[2025-05-01T11:20:27.850+0000] {logging_mixin.py:188} INFO - [2025-05-01T11:20:27.850+0000] {dag.py:3096} INFO - Sync 1 DAGs
[2025-05-01T11:20:27.905+0000] {logging_mixin.py:188} INFO - [2025-05-01T11:20:27.905+0000] {dag.py:3954} INFO - Setting next_dagrun for example_short_circuit_operator to 2025-04-30 00:00:00+00:00, run_after=2025-05-01 00:00:00+00:00
[2025-05-01T11:20:27.956+0000] {processor.py:183} INFO - Processing /home/airflow/.local/lib/python3.12/site-packages/airflow/example_dags/example_short_circuit_operator.py took 0.215 seconds
[2025-05-01T11:20:58.479+0000] {processor.py:161} INFO - Started process (PID=3452) to work on /home/airflow/.local/lib/python3.12/site-packages/airflow/example_dags/example_short_circuit_operator.py
[2025-05-01T11:20:58.482+0000] {processor.py:830} INFO - Processing file /home/airflow/.local/lib/python3.12/site-packages/airflow/example_dags/example_short_circuit_operator.py for tasks to queue
[2025-05-01T11:20:58.488+0000] {logging_mixin.py:188} INFO - [2025-05-01T11:20:58.487+0000] {dagbag.py:545} INFO - Filling up the DagBag from /home/airflow/.local/lib/python3.12/site-packages/airflow/example_dags/example_short_circuit_operator.py
[2025-05-01T11:20:58.504+0000] {processor.py:840} INFO - DAG(s) 'example_short_circuit_operator' retrieved from /home/airflow/.local/lib/python3.12/site-packages/airflow/example_dags/example_short_circuit_operator.py
[2025-05-01T11:20:58.561+0000] {logging_mixin.py:188} INFO - [2025-05-01T11:20:58.560+0000] {dag.py:3096} INFO - Sync 1 DAGs
[2025-05-01T11:20:58.616+0000] {logging_mixin.py:188} INFO - [2025-05-01T11:20:58.615+0000] {dag.py:3954} INFO - Setting next_dagrun for example_short_circuit_operator to 2025-04-30 00:00:00+00:00, run_after=2025-05-01 00:00:00+00:00
[2025-05-01T11:20:58.677+0000] {processor.py:183} INFO - Processing /home/airflow/.local/lib/python3.12/site-packages/airflow/example_dags/example_short_circuit_operator.py took 0.212 seconds
[2025-05-01T11:21:29.099+0000] {processor.py:161} INFO - Started process (PID=3511) to work on /home/airflow/.local/lib/python3.12/site-packages/airflow/example_dags/example_short_circuit_operator.py
[2025-05-01T11:21:29.102+0000] {processor.py:830} INFO - Processing file /home/airflow/.local/lib/python3.12/site-packages/airflow/example_dags/example_short_circuit_operator.py for tasks to queue
[2025-05-01T11:21:29.110+0000] {logging_mixin.py:188} INFO - [2025-05-01T11:21:29.109+0000] {dagbag.py:545} INFO - Filling up the DagBag from /home/airflow/.local/lib/python3.12/site-packages/airflow/example_dags/example_short_circuit_operator.py
[2025-05-01T11:21:29.129+0000] {processor.py:840} INFO - DAG(s) 'example_short_circuit_operator' retrieved from /home/airflow/.local/lib/python3.12/site-packages/airflow/example_dags/example_short_circuit_operator.py
[2025-05-01T11:21:29.201+0000] {logging_mixin.py:188} INFO - [2025-05-01T11:21:29.201+0000] {dag.py:3096} INFO - Sync 1 DAGs
[2025-05-01T11:21:29.272+0000] {logging_mixin.py:188} INFO - [2025-05-01T11:21:29.272+0000] {dag.py:3954} INFO - Setting next_dagrun for example_short_circuit_operator to 2025-04-30 00:00:00+00:00, run_after=2025-05-01 00:00:00+00:00
[2025-05-01T11:21:29.324+0000] {processor.py:183} INFO - Processing /home/airflow/.local/lib/python3.12/site-packages/airflow/example_dags/example_short_circuit_operator.py took 0.240 seconds
[2025-05-01T11:21:59.544+0000] {processor.py:161} INFO - Started process (PID=3570) to work on /home/airflow/.local/lib/python3.12/site-packages/airflow/example_dags/example_short_circuit_operator.py
[2025-05-01T11:21:59.547+0000] {processor.py:830} INFO - Processing file /home/airflow/.local/lib/python3.12/site-packages/airflow/example_dags/example_short_circuit_operator.py for tasks to queue
[2025-05-01T11:21:59.554+0000] {logging_mixin.py:188} INFO - [2025-05-01T11:21:59.553+0000] {dagbag.py:545} INFO - Filling up the DagBag from /home/airflow/.local/lib/python3.12/site-packages/airflow/example_dags/example_short_circuit_operator.py
[2025-05-01T11:21:59.571+0000] {processor.py:840} INFO - DAG(s) 'example_short_circuit_operator' retrieved from /home/airflow/.local/lib/python3.12/site-packages/airflow/example_dags/example_short_circuit_operator.py
[2025-05-01T11:21:59.646+0000] {logging_mixin.py:188} INFO - [2025-05-01T11:21:59.645+0000] {dag.py:3096} INFO - Sync 1 DAGs
[2025-05-01T11:21:59.707+0000] {logging_mixin.py:188} INFO - [2025-05-01T11:21:59.707+0000] {dag.py:3954} INFO - Setting next_dagrun for example_short_circuit_operator to 2025-04-30 00:00:00+00:00, run_after=2025-05-01 00:00:00+00:00
[2025-05-01T11:21:59.761+0000] {processor.py:183} INFO - Processing /home/airflow/.local/lib/python3.12/site-packages/airflow/example_dags/example_short_circuit_operator.py took 0.234 seconds
[2025-05-01T11:22:30.217+0000] {processor.py:161} INFO - Started process (PID=3629) to work on /home/airflow/.local/lib/python3.12/site-packages/airflow/example_dags/example_short_circuit_operator.py
[2025-05-01T11:22:30.219+0000] {processor.py:830} INFO - Processing file /home/airflow/.local/lib/python3.12/site-packages/airflow/example_dags/example_short_circuit_operator.py for tasks to queue
[2025-05-01T11:22:30.226+0000] {logging_mixin.py:188} INFO - [2025-05-01T11:22:30.225+0000] {dagbag.py:545} INFO - Filling up the DagBag from /home/airflow/.local/lib/python3.12/site-packages/airflow/example_dags/example_short_circuit_operator.py
[2025-05-01T11:22:30.242+0000] {processor.py:840} INFO - DAG(s) 'example_short_circuit_operator' retrieved from /home/airflow/.local/lib/python3.12/site-packages/airflow/example_dags/example_short_circuit_operator.py
[2025-05-01T11:22:30.320+0000] {logging_mixin.py:188} INFO - [2025-05-01T11:22:30.319+0000] {dag.py:3096} INFO - Sync 1 DAGs
[2025-05-01T11:22:30.404+0000] {logging_mixin.py:188} INFO - [2025-05-01T11:22:30.403+0000] {dag.py:3954} INFO - Setting next_dagrun for example_short_circuit_operator to 2025-04-30 00:00:00+00:00, run_after=2025-05-01 00:00:00+00:00
[2025-05-01T11:22:30.488+0000] {processor.py:183} INFO - Processing /home/airflow/.local/lib/python3.12/site-packages/airflow/example_dags/example_short_circuit_operator.py took 0.285 seconds
[2025-05-01T11:23:00.594+0000] {processor.py:161} INFO - Started process (PID=3688) to work on /home/airflow/.local/lib/python3.12/site-packages/airflow/example_dags/example_short_circuit_operator.py
[2025-05-01T11:23:00.597+0000] {processor.py:830} INFO - Processing file /home/airflow/.local/lib/python3.12/site-packages/airflow/example_dags/example_short_circuit_operator.py for tasks to queue
[2025-05-01T11:23:00.604+0000] {logging_mixin.py:188} INFO - [2025-05-01T11:23:00.603+0000] {dagbag.py:545} INFO - Filling up the DagBag from /home/airflow/.local/lib/python3.12/site-packages/airflow/example_dags/example_short_circuit_operator.py
[2025-05-01T11:23:00.625+0000] {processor.py:840} INFO - DAG(s) 'example_short_circuit_operator' retrieved from /home/airflow/.local/lib/python3.12/site-packages/airflow/example_dags/example_short_circuit_operator.py
[2025-05-01T11:23:00.719+0000] {logging_mixin.py:188} INFO - [2025-05-01T11:23:00.718+0000] {dag.py:3096} INFO - Sync 1 DAGs
[2025-05-01T11:23:00.792+0000] {logging_mixin.py:188} INFO - [2025-05-01T11:23:00.791+0000] {dag.py:3954} INFO - Setting next_dagrun for example_short_circuit_operator to 2025-04-30 00:00:00+00:00, run_after=2025-05-01 00:00:00+00:00
[2025-05-01T11:23:00.869+0000] {processor.py:183} INFO - Processing /home/airflow/.local/lib/python3.12/site-packages/airflow/example_dags/example_short_circuit_operator.py took 0.287 seconds
[2025-05-01T11:23:31.325+0000] {processor.py:161} INFO - Started process (PID=3747) to work on /home/airflow/.local/lib/python3.12/site-packages/airflow/example_dags/example_short_circuit_operator.py
[2025-05-01T11:23:31.328+0000] {processor.py:830} INFO - Processing file /home/airflow/.local/lib/python3.12/site-packages/airflow/example_dags/example_short_circuit_operator.py for tasks to queue
[2025-05-01T11:23:31.335+0000] {logging_mixin.py:188} INFO - [2025-05-01T11:23:31.334+0000] {dagbag.py:545} INFO - Filling up the DagBag from /home/airflow/.local/lib/python3.12/site-packages/airflow/example_dags/example_short_circuit_operator.py
[2025-05-01T11:23:31.351+0000] {processor.py:840} INFO - DAG(s) 'example_short_circuit_operator' retrieved from /home/airflow/.local/lib/python3.12/site-packages/airflow/example_dags/example_short_circuit_operator.py
[2025-05-01T11:23:31.417+0000] {logging_mixin.py:188} INFO - [2025-05-01T11:23:31.416+0000] {dag.py:3096} INFO - Sync 1 DAGs
[2025-05-01T11:23:31.471+0000] {logging_mixin.py:188} INFO - [2025-05-01T11:23:31.470+0000] {dag.py:3954} INFO - Setting next_dagrun for example_short_circuit_operator to 2025-04-30 00:00:00+00:00, run_after=2025-05-01 00:00:00+00:00
[2025-05-01T11:23:31.542+0000] {processor.py:183} INFO - Processing /home/airflow/.local/lib/python3.12/site-packages/airflow/example_dags/example_short_circuit_operator.py took 0.243 seconds
[2025-05-01T11:24:01.790+0000] {processor.py:161} INFO - Started process (PID=3806) to work on /home/airflow/.local/lib/python3.12/site-packages/airflow/example_dags/example_short_circuit_operator.py
[2025-05-01T11:24:01.793+0000] {processor.py:830} INFO - Processing file /home/airflow/.local/lib/python3.12/site-packages/airflow/example_dags/example_short_circuit_operator.py for tasks to queue
[2025-05-01T11:24:01.798+0000] {logging_mixin.py:188} INFO - [2025-05-01T11:24:01.797+0000] {dagbag.py:545} INFO - Filling up the DagBag from /home/airflow/.local/lib/python3.12/site-packages/airflow/example_dags/example_short_circuit_operator.py
[2025-05-01T11:24:01.813+0000] {processor.py:840} INFO - DAG(s) 'example_short_circuit_operator' retrieved from /home/airflow/.local/lib/python3.12/site-packages/airflow/example_dags/example_short_circuit_operator.py
[2025-05-01T11:24:01.869+0000] {logging_mixin.py:188} INFO - [2025-05-01T11:24:01.868+0000] {dag.py:3096} INFO - Sync 1 DAGs
[2025-05-01T11:24:01.928+0000] {logging_mixin.py:188} INFO - [2025-05-01T11:24:01.928+0000] {dag.py:3954} INFO - Setting next_dagrun for example_short_circuit_operator to 2025-04-30 00:00:00+00:00, run_after=2025-05-01 00:00:00+00:00
[2025-05-01T11:24:02.018+0000] {processor.py:183} INFO - Processing /home/airflow/.local/lib/python3.12/site-packages/airflow/example_dags/example_short_circuit_operator.py took 0.243 seconds
[2025-05-01T11:24:32.323+0000] {processor.py:161} INFO - Started process (PID=3868) to work on /home/airflow/.local/lib/python3.12/site-packages/airflow/example_dags/example_short_circuit_operator.py
[2025-05-01T11:24:32.327+0000] {processor.py:830} INFO - Processing file /home/airflow/.local/lib/python3.12/site-packages/airflow/example_dags/example_short_circuit_operator.py for tasks to queue
[2025-05-01T11:24:32.335+0000] {logging_mixin.py:188} INFO - [2025-05-01T11:24:32.334+0000] {dagbag.py:545} INFO - Filling up the DagBag from /home/airflow/.local/lib/python3.12/site-packages/airflow/example_dags/example_short_circuit_operator.py
[2025-05-01T11:24:32.359+0000] {processor.py:840} INFO - DAG(s) 'example_short_circuit_operator' retrieved from /home/airflow/.local/lib/python3.12/site-packages/airflow/example_dags/example_short_circuit_operator.py
[2025-05-01T11:24:32.433+0000] {logging_mixin.py:188} INFO - [2025-05-01T11:24:32.432+0000] {dag.py:3096} INFO - Sync 1 DAGs
[2025-05-01T11:24:32.495+0000] {logging_mixin.py:188} INFO - [2025-05-01T11:24:32.494+0000] {dag.py:3954} INFO - Setting next_dagrun for example_short_circuit_operator to 2025-04-30 00:00:00+00:00, run_after=2025-05-01 00:00:00+00:00
[2025-05-01T11:24:32.575+0000] {processor.py:183} INFO - Processing /home/airflow/.local/lib/python3.12/site-packages/airflow/example_dags/example_short_circuit_operator.py took 0.277 seconds
[2025-05-01T11:25:02.838+0000] {processor.py:161} INFO - Started process (PID=3927) to work on /home/airflow/.local/lib/python3.12/site-packages/airflow/example_dags/example_short_circuit_operator.py
[2025-05-01T11:25:02.841+0000] {processor.py:830} INFO - Processing file /home/airflow/.local/lib/python3.12/site-packages/airflow/example_dags/example_short_circuit_operator.py for tasks to queue
[2025-05-01T11:25:02.852+0000] {logging_mixin.py:188} INFO - [2025-05-01T11:25:02.850+0000] {dagbag.py:545} INFO - Filling up the DagBag from /home/airflow/.local/lib/python3.12/site-packages/airflow/example_dags/example_short_circuit_operator.py
[2025-05-01T11:25:02.910+0000] {processor.py:840} INFO - DAG(s) 'example_short_circuit_operator' retrieved from /home/airflow/.local/lib/python3.12/site-packages/airflow/example_dags/example_short_circuit_operator.py
[2025-05-01T11:25:03.007+0000] {logging_mixin.py:188} INFO - [2025-05-01T11:25:03.006+0000] {dag.py:3096} INFO - Sync 1 DAGs
[2025-05-01T11:25:03.109+0000] {logging_mixin.py:188} INFO - [2025-05-01T11:25:03.108+0000] {dag.py:3954} INFO - Setting next_dagrun for example_short_circuit_operator to 2025-04-30 00:00:00+00:00, run_after=2025-05-01 00:00:00+00:00
[2025-05-01T11:25:03.209+0000] {processor.py:183} INFO - Processing /home/airflow/.local/lib/python3.12/site-packages/airflow/example_dags/example_short_circuit_operator.py took 0.394 seconds
[2025-05-01T11:25:33.660+0000] {processor.py:161} INFO - Started process (PID=3986) to work on /home/airflow/.local/lib/python3.12/site-packages/airflow/example_dags/example_short_circuit_operator.py
[2025-05-01T11:25:33.663+0000] {processor.py:830} INFO - Processing file /home/airflow/.local/lib/python3.12/site-packages/airflow/example_dags/example_short_circuit_operator.py for tasks to queue
[2025-05-01T11:25:33.668+0000] {logging_mixin.py:188} INFO - [2025-05-01T11:25:33.667+0000] {dagbag.py:545} INFO - Filling up the DagBag from /home/airflow/.local/lib/python3.12/site-packages/airflow/example_dags/example_short_circuit_operator.py
[2025-05-01T11:25:33.683+0000] {processor.py:840} INFO - DAG(s) 'example_short_circuit_operator' retrieved from /home/airflow/.local/lib/python3.12/site-packages/airflow/example_dags/example_short_circuit_operator.py
[2025-05-01T11:25:33.747+0000] {logging_mixin.py:188} INFO - [2025-05-01T11:25:33.747+0000] {dag.py:3096} INFO - Sync 1 DAGs
[2025-05-01T11:25:33.812+0000] {logging_mixin.py:188} INFO - [2025-05-01T11:25:33.812+0000] {dag.py:3954} INFO - Setting next_dagrun for example_short_circuit_operator to 2025-04-30 00:00:00+00:00, run_after=2025-05-01 00:00:00+00:00
[2025-05-01T11:25:33.891+0000] {processor.py:183} INFO - Processing /home/airflow/.local/lib/python3.12/site-packages/airflow/example_dags/example_short_circuit_operator.py took 0.243 seconds
[2025-05-01T11:26:04.090+0000] {processor.py:161} INFO - Started process (PID=4044) to work on /home/airflow/.local/lib/python3.12/site-packages/airflow/example_dags/example_short_circuit_operator.py
[2025-05-01T11:26:04.092+0000] {processor.py:830} INFO - Processing file /home/airflow/.local/lib/python3.12/site-packages/airflow/example_dags/example_short_circuit_operator.py for tasks to queue
[2025-05-01T11:26:04.098+0000] {logging_mixin.py:188} INFO - [2025-05-01T11:26:04.097+0000] {dagbag.py:545} INFO - Filling up the DagBag from /home/airflow/.local/lib/python3.12/site-packages/airflow/example_dags/example_short_circuit_operator.py
[2025-05-01T11:26:04.115+0000] {processor.py:840} INFO - DAG(s) 'example_short_circuit_operator' retrieved from /home/airflow/.local/lib/python3.12/site-packages/airflow/example_dags/example_short_circuit_operator.py
[2025-05-01T11:26:04.166+0000] {logging_mixin.py:188} INFO - [2025-05-01T11:26:04.166+0000] {dag.py:3096} INFO - Sync 1 DAGs
[2025-05-01T11:26:04.213+0000] {logging_mixin.py:188} INFO - [2025-05-01T11:26:04.213+0000] {dag.py:3954} INFO - Setting next_dagrun for example_short_circuit_operator to 2025-04-30 00:00:00+00:00, run_after=2025-05-01 00:00:00+00:00
[2025-05-01T11:26:04.300+0000] {processor.py:183} INFO - Processing /home/airflow/.local/lib/python3.12/site-packages/airflow/example_dags/example_short_circuit_operator.py took 0.222 seconds
[2025-05-01T11:31:44.067+0000] {processor.py:161} INFO - Started process (PID=90) to work on /home/airflow/.local/lib/python3.12/site-packages/airflow/example_dags/example_short_circuit_operator.py
[2025-05-01T11:31:44.069+0000] {processor.py:830} INFO - Processing file /home/airflow/.local/lib/python3.12/site-packages/airflow/example_dags/example_short_circuit_operator.py for tasks to queue
[2025-05-01T11:31:44.074+0000] {logging_mixin.py:188} INFO - [2025-05-01T11:31:44.073+0000] {dagbag.py:545} INFO - Filling up the DagBag from /home/airflow/.local/lib/python3.12/site-packages/airflow/example_dags/example_short_circuit_operator.py
[2025-05-01T11:31:44.093+0000] {processor.py:840} INFO - DAG(s) 'example_short_circuit_operator' retrieved from /home/airflow/.local/lib/python3.12/site-packages/airflow/example_dags/example_short_circuit_operator.py
[2025-05-01T11:31:44.330+0000] {logging_mixin.py:188} INFO - [2025-05-01T11:31:44.329+0000] {dag.py:3096} INFO - Sync 1 DAGs
[2025-05-01T11:31:44.385+0000] {logging_mixin.py:188} INFO - [2025-05-01T11:31:44.384+0000] {dag.py:3954} INFO - Setting next_dagrun for example_short_circuit_operator to 2025-04-30 00:00:00+00:00, run_after=2025-05-01 00:00:00+00:00
[2025-05-01T11:31:44.476+0000] {processor.py:183} INFO - Processing /home/airflow/.local/lib/python3.12/site-packages/airflow/example_dags/example_short_circuit_operator.py took 0.422 seconds
[2025-05-01T11:32:14.766+0000] {processor.py:161} INFO - Started process (PID=149) to work on /home/airflow/.local/lib/python3.12/site-packages/airflow/example_dags/example_short_circuit_operator.py
[2025-05-01T11:32:14.768+0000] {processor.py:830} INFO - Processing file /home/airflow/.local/lib/python3.12/site-packages/airflow/example_dags/example_short_circuit_operator.py for tasks to queue
[2025-05-01T11:32:14.772+0000] {logging_mixin.py:188} INFO - [2025-05-01T11:32:14.771+0000] {dagbag.py:545} INFO - Filling up the DagBag from /home/airflow/.local/lib/python3.12/site-packages/airflow/example_dags/example_short_circuit_operator.py
[2025-05-01T11:32:14.786+0000] {processor.py:840} INFO - DAG(s) 'example_short_circuit_operator' retrieved from /home/airflow/.local/lib/python3.12/site-packages/airflow/example_dags/example_short_circuit_operator.py
[2025-05-01T11:32:14.834+0000] {logging_mixin.py:188} INFO - [2025-05-01T11:32:14.834+0000] {dag.py:3096} INFO - Sync 1 DAGs
[2025-05-01T11:32:14.885+0000] {logging_mixin.py:188} INFO - [2025-05-01T11:32:14.885+0000] {dag.py:3954} INFO - Setting next_dagrun for example_short_circuit_operator to 2025-04-30 00:00:00+00:00, run_after=2025-05-01 00:00:00+00:00
[2025-05-01T11:32:14.929+0000] {processor.py:183} INFO - Processing /home/airflow/.local/lib/python3.12/site-packages/airflow/example_dags/example_short_circuit_operator.py took 0.174 seconds
[2025-05-01T11:32:45.187+0000] {processor.py:161} INFO - Started process (PID=208) to work on /home/airflow/.local/lib/python3.12/site-packages/airflow/example_dags/example_short_circuit_operator.py
[2025-05-01T11:32:45.189+0000] {processor.py:830} INFO - Processing file /home/airflow/.local/lib/python3.12/site-packages/airflow/example_dags/example_short_circuit_operator.py for tasks to queue
[2025-05-01T11:32:45.194+0000] {logging_mixin.py:188} INFO - [2025-05-01T11:32:45.193+0000] {dagbag.py:545} INFO - Filling up the DagBag from /home/airflow/.local/lib/python3.12/site-packages/airflow/example_dags/example_short_circuit_operator.py
[2025-05-01T11:32:45.209+0000] {processor.py:840} INFO - DAG(s) 'example_short_circuit_operator' retrieved from /home/airflow/.local/lib/python3.12/site-packages/airflow/example_dags/example_short_circuit_operator.py
[2025-05-01T11:32:45.259+0000] {logging_mixin.py:188} INFO - [2025-05-01T11:32:45.259+0000] {dag.py:3096} INFO - Sync 1 DAGs
[2025-05-01T11:32:45.317+0000] {logging_mixin.py:188} INFO - [2025-05-01T11:32:45.316+0000] {dag.py:3954} INFO - Setting next_dagrun for example_short_circuit_operator to 2025-04-30 00:00:00+00:00, run_after=2025-05-01 00:00:00+00:00
[2025-05-01T11:32:45.370+0000] {processor.py:183} INFO - Processing /home/airflow/.local/lib/python3.12/site-packages/airflow/example_dags/example_short_circuit_operator.py took 0.194 seconds
[2025-05-01T11:33:16.446+0000] {processor.py:161} INFO - Started process (PID=267) to work on /home/airflow/.local/lib/python3.12/site-packages/airflow/example_dags/example_short_circuit_operator.py
[2025-05-01T11:33:16.449+0000] {processor.py:830} INFO - Processing file /home/airflow/.local/lib/python3.12/site-packages/airflow/example_dags/example_short_circuit_operator.py for tasks to queue
[2025-05-01T11:33:16.453+0000] {logging_mixin.py:188} INFO - [2025-05-01T11:33:16.452+0000] {dagbag.py:545} INFO - Filling up the DagBag from /home/airflow/.local/lib/python3.12/site-packages/airflow/example_dags/example_short_circuit_operator.py
[2025-05-01T11:33:16.472+0000] {processor.py:840} INFO - DAG(s) 'example_short_circuit_operator' retrieved from /home/airflow/.local/lib/python3.12/site-packages/airflow/example_dags/example_short_circuit_operator.py
[2025-05-01T11:33:16.532+0000] {logging_mixin.py:188} INFO - [2025-05-01T11:33:16.531+0000] {dag.py:3096} INFO - Sync 1 DAGs
[2025-05-01T11:33:16.591+0000] {logging_mixin.py:188} INFO - [2025-05-01T11:33:16.590+0000] {dag.py:3954} INFO - Setting next_dagrun for example_short_circuit_operator to 2025-04-30 00:00:00+00:00, run_after=2025-05-01 00:00:00+00:00
[2025-05-01T11:33:16.683+0000] {processor.py:183} INFO - Processing /home/airflow/.local/lib/python3.12/site-packages/airflow/example_dags/example_short_circuit_operator.py took 0.249 seconds
[2025-05-01T11:33:47.257+0000] {processor.py:161} INFO - Started process (PID=325) to work on /home/airflow/.local/lib/python3.12/site-packages/airflow/example_dags/example_short_circuit_operator.py
[2025-05-01T11:33:47.259+0000] {processor.py:830} INFO - Processing file /home/airflow/.local/lib/python3.12/site-packages/airflow/example_dags/example_short_circuit_operator.py for tasks to queue
[2025-05-01T11:33:47.263+0000] {logging_mixin.py:188} INFO - [2025-05-01T11:33:47.262+0000] {dagbag.py:545} INFO - Filling up the DagBag from /home/airflow/.local/lib/python3.12/site-packages/airflow/example_dags/example_short_circuit_operator.py
[2025-05-01T11:33:47.288+0000] {processor.py:840} INFO - DAG(s) 'example_short_circuit_operator' retrieved from /home/airflow/.local/lib/python3.12/site-packages/airflow/example_dags/example_short_circuit_operator.py
[2025-05-01T11:33:47.351+0000] {logging_mixin.py:188} INFO - [2025-05-01T11:33:47.350+0000] {dag.py:3096} INFO - Sync 1 DAGs
[2025-05-01T11:33:47.425+0000] {logging_mixin.py:188} INFO - [2025-05-01T11:33:47.424+0000] {dag.py:3954} INFO - Setting next_dagrun for example_short_circuit_operator to 2025-04-30 00:00:00+00:00, run_after=2025-05-01 00:00:00+00:00
[2025-05-01T11:33:47.492+0000] {processor.py:183} INFO - Processing /home/airflow/.local/lib/python3.12/site-packages/airflow/example_dags/example_short_circuit_operator.py took 0.250 seconds
[2025-05-01T11:34:18.458+0000] {processor.py:161} INFO - Started process (PID=385) to work on /home/airflow/.local/lib/python3.12/site-packages/airflow/example_dags/example_short_circuit_operator.py
[2025-05-01T11:34:18.460+0000] {processor.py:830} INFO - Processing file /home/airflow/.local/lib/python3.12/site-packages/airflow/example_dags/example_short_circuit_operator.py for tasks to queue
[2025-05-01T11:34:18.464+0000] {logging_mixin.py:188} INFO - [2025-05-01T11:34:18.464+0000] {dagbag.py:545} INFO - Filling up the DagBag from /home/airflow/.local/lib/python3.12/site-packages/airflow/example_dags/example_short_circuit_operator.py
[2025-05-01T11:34:18.484+0000] {processor.py:840} INFO - DAG(s) 'example_short_circuit_operator' retrieved from /home/airflow/.local/lib/python3.12/site-packages/airflow/example_dags/example_short_circuit_operator.py
[2025-05-01T11:34:18.546+0000] {logging_mixin.py:188} INFO - [2025-05-01T11:34:18.546+0000] {dag.py:3096} INFO - Sync 1 DAGs
[2025-05-01T11:34:18.596+0000] {logging_mixin.py:188} INFO - [2025-05-01T11:34:18.595+0000] {dag.py:3954} INFO - Setting next_dagrun for example_short_circuit_operator to 2025-04-30 00:00:00+00:00, run_after=2025-05-01 00:00:00+00:00
[2025-05-01T11:34:18.672+0000] {processor.py:183} INFO - Processing /home/airflow/.local/lib/python3.12/site-packages/airflow/example_dags/example_short_circuit_operator.py took 0.224 seconds
[2025-05-01T11:34:48.930+0000] {processor.py:161} INFO - Started process (PID=444) to work on /home/airflow/.local/lib/python3.12/site-packages/airflow/example_dags/example_short_circuit_operator.py
[2025-05-01T11:34:48.932+0000] {processor.py:830} INFO - Processing file /home/airflow/.local/lib/python3.12/site-packages/airflow/example_dags/example_short_circuit_operator.py for tasks to queue
[2025-05-01T11:34:48.937+0000] {logging_mixin.py:188} INFO - [2025-05-01T11:34:48.936+0000] {dagbag.py:545} INFO - Filling up the DagBag from /home/airflow/.local/lib/python3.12/site-packages/airflow/example_dags/example_short_circuit_operator.py
[2025-05-01T11:34:48.953+0000] {processor.py:840} INFO - DAG(s) 'example_short_circuit_operator' retrieved from /home/airflow/.local/lib/python3.12/site-packages/airflow/example_dags/example_short_circuit_operator.py
[2025-05-01T11:34:49.015+0000] {logging_mixin.py:188} INFO - [2025-05-01T11:34:49.015+0000] {dag.py:3096} INFO - Sync 1 DAGs
[2025-05-01T11:34:49.064+0000] {logging_mixin.py:188} INFO - [2025-05-01T11:34:49.064+0000] {dag.py:3954} INFO - Setting next_dagrun for example_short_circuit_operator to 2025-04-30 00:00:00+00:00, run_after=2025-05-01 00:00:00+00:00
[2025-05-01T11:34:49.115+0000] {processor.py:183} INFO - Processing /home/airflow/.local/lib/python3.12/site-packages/airflow/example_dags/example_short_circuit_operator.py took 0.197 seconds
[2025-05-01T11:35:19.523+0000] {processor.py:161} INFO - Started process (PID=503) to work on /home/airflow/.local/lib/python3.12/site-packages/airflow/example_dags/example_short_circuit_operator.py
[2025-05-01T11:35:19.526+0000] {processor.py:830} INFO - Processing file /home/airflow/.local/lib/python3.12/site-packages/airflow/example_dags/example_short_circuit_operator.py for tasks to queue
[2025-05-01T11:35:19.532+0000] {logging_mixin.py:188} INFO - [2025-05-01T11:35:19.531+0000] {dagbag.py:545} INFO - Filling up the DagBag from /home/airflow/.local/lib/python3.12/site-packages/airflow/example_dags/example_short_circuit_operator.py
[2025-05-01T11:35:19.555+0000] {processor.py:840} INFO - DAG(s) 'example_short_circuit_operator' retrieved from /home/airflow/.local/lib/python3.12/site-packages/airflow/example_dags/example_short_circuit_operator.py
[2025-05-01T11:35:19.627+0000] {logging_mixin.py:188} INFO - [2025-05-01T11:35:19.626+0000] {dag.py:3096} INFO - Sync 1 DAGs
[2025-05-01T11:35:19.674+0000] {logging_mixin.py:188} INFO - [2025-05-01T11:35:19.674+0000] {dag.py:3954} INFO - Setting next_dagrun for example_short_circuit_operator to 2025-04-30 00:00:00+00:00, run_after=2025-05-01 00:00:00+00:00
[2025-05-01T11:35:19.721+0000] {processor.py:183} INFO - Processing /home/airflow/.local/lib/python3.12/site-packages/airflow/example_dags/example_short_circuit_operator.py took 0.216 seconds
[2025-05-01T11:35:50.319+0000] {processor.py:161} INFO - Started process (PID=562) to work on /home/airflow/.local/lib/python3.12/site-packages/airflow/example_dags/example_short_circuit_operator.py
[2025-05-01T11:35:50.322+0000] {processor.py:830} INFO - Processing file /home/airflow/.local/lib/python3.12/site-packages/airflow/example_dags/example_short_circuit_operator.py for tasks to queue
[2025-05-01T11:35:50.326+0000] {logging_mixin.py:188} INFO - [2025-05-01T11:35:50.325+0000] {dagbag.py:545} INFO - Filling up the DagBag from /home/airflow/.local/lib/python3.12/site-packages/airflow/example_dags/example_short_circuit_operator.py
[2025-05-01T11:35:50.344+0000] {processor.py:840} INFO - DAG(s) 'example_short_circuit_operator' retrieved from /home/airflow/.local/lib/python3.12/site-packages/airflow/example_dags/example_short_circuit_operator.py
[2025-05-01T11:35:50.396+0000] {logging_mixin.py:188} INFO - [2025-05-01T11:35:50.395+0000] {dag.py:3096} INFO - Sync 1 DAGs
[2025-05-01T11:35:50.447+0000] {logging_mixin.py:188} INFO - [2025-05-01T11:35:50.446+0000] {dag.py:3954} INFO - Setting next_dagrun for example_short_circuit_operator to 2025-04-30 00:00:00+00:00, run_after=2025-05-01 00:00:00+00:00
[2025-05-01T11:35:50.498+0000] {processor.py:183} INFO - Processing /home/airflow/.local/lib/python3.12/site-packages/airflow/example_dags/example_short_circuit_operator.py took 0.192 seconds
[2025-05-01T11:36:20.828+0000] {processor.py:161} INFO - Started process (PID=621) to work on /home/airflow/.local/lib/python3.12/site-packages/airflow/example_dags/example_short_circuit_operator.py
[2025-05-01T11:36:20.830+0000] {processor.py:830} INFO - Processing file /home/airflow/.local/lib/python3.12/site-packages/airflow/example_dags/example_short_circuit_operator.py for tasks to queue
[2025-05-01T11:36:20.835+0000] {logging_mixin.py:188} INFO - [2025-05-01T11:36:20.834+0000] {dagbag.py:545} INFO - Filling up the DagBag from /home/airflow/.local/lib/python3.12/site-packages/airflow/example_dags/example_short_circuit_operator.py
[2025-05-01T11:36:20.850+0000] {processor.py:840} INFO - DAG(s) 'example_short_circuit_operator' retrieved from /home/airflow/.local/lib/python3.12/site-packages/airflow/example_dags/example_short_circuit_operator.py
[2025-05-01T11:36:20.908+0000] {logging_mixin.py:188} INFO - [2025-05-01T11:36:20.907+0000] {dag.py:3096} INFO - Sync 1 DAGs
[2025-05-01T11:36:20.962+0000] {logging_mixin.py:188} INFO - [2025-05-01T11:36:20.962+0000] {dag.py:3954} INFO - Setting next_dagrun for example_short_circuit_operator to 2025-04-30 00:00:00+00:00, run_after=2025-05-01 00:00:00+00:00
[2025-05-01T11:36:21.019+0000] {processor.py:183} INFO - Processing /home/airflow/.local/lib/python3.12/site-packages/airflow/example_dags/example_short_circuit_operator.py took 0.202 seconds
[2025-05-01T11:36:51.294+0000] {processor.py:161} INFO - Started process (PID=680) to work on /home/airflow/.local/lib/python3.12/site-packages/airflow/example_dags/example_short_circuit_operator.py
[2025-05-01T11:36:51.296+0000] {processor.py:830} INFO - Processing file /home/airflow/.local/lib/python3.12/site-packages/airflow/example_dags/example_short_circuit_operator.py for tasks to queue
[2025-05-01T11:36:51.302+0000] {logging_mixin.py:188} INFO - [2025-05-01T11:36:51.301+0000] {dagbag.py:545} INFO - Filling up the DagBag from /home/airflow/.local/lib/python3.12/site-packages/airflow/example_dags/example_short_circuit_operator.py
[2025-05-01T11:36:51.319+0000] {processor.py:840} INFO - DAG(s) 'example_short_circuit_operator' retrieved from /home/airflow/.local/lib/python3.12/site-packages/airflow/example_dags/example_short_circuit_operator.py
[2025-05-01T11:36:51.375+0000] {logging_mixin.py:188} INFO - [2025-05-01T11:36:51.375+0000] {dag.py:3096} INFO - Sync 1 DAGs
[2025-05-01T11:36:51.433+0000] {logging_mixin.py:188} INFO - [2025-05-01T11:36:51.432+0000] {dag.py:3954} INFO - Setting next_dagrun for example_short_circuit_operator to 2025-04-30 00:00:00+00:00, run_after=2025-05-01 00:00:00+00:00
[2025-05-01T11:36:51.495+0000] {processor.py:183} INFO - Processing /home/airflow/.local/lib/python3.12/site-packages/airflow/example_dags/example_short_circuit_operator.py took 0.216 seconds
[2025-05-01T11:37:22.131+0000] {processor.py:161} INFO - Started process (PID=739) to work on /home/airflow/.local/lib/python3.12/site-packages/airflow/example_dags/example_short_circuit_operator.py
[2025-05-01T11:37:22.134+0000] {processor.py:830} INFO - Processing file /home/airflow/.local/lib/python3.12/site-packages/airflow/example_dags/example_short_circuit_operator.py for tasks to queue
[2025-05-01T11:37:22.138+0000] {logging_mixin.py:188} INFO - [2025-05-01T11:37:22.137+0000] {dagbag.py:545} INFO - Filling up the DagBag from /home/airflow/.local/lib/python3.12/site-packages/airflow/example_dags/example_short_circuit_operator.py
[2025-05-01T11:37:22.157+0000] {processor.py:840} INFO - DAG(s) 'example_short_circuit_operator' retrieved from /home/airflow/.local/lib/python3.12/site-packages/airflow/example_dags/example_short_circuit_operator.py
[2025-05-01T11:37:22.256+0000] {logging_mixin.py:188} INFO - [2025-05-01T11:37:22.255+0000] {dag.py:3096} INFO - Sync 1 DAGs
[2025-05-01T11:37:22.319+0000] {logging_mixin.py:188} INFO - [2025-05-01T11:37:22.318+0000] {dag.py:3954} INFO - Setting next_dagrun for example_short_circuit_operator to 2025-04-30 00:00:00+00:00, run_after=2025-05-01 00:00:00+00:00
[2025-05-01T11:37:22.389+0000] {processor.py:183} INFO - Processing /home/airflow/.local/lib/python3.12/site-packages/airflow/example_dags/example_short_circuit_operator.py took 0.274 seconds
[2025-05-01T11:37:52.681+0000] {processor.py:161} INFO - Started process (PID=799) to work on /home/airflow/.local/lib/python3.12/site-packages/airflow/example_dags/example_short_circuit_operator.py
[2025-05-01T11:37:52.683+0000] {processor.py:830} INFO - Processing file /home/airflow/.local/lib/python3.12/site-packages/airflow/example_dags/example_short_circuit_operator.py for tasks to queue
[2025-05-01T11:37:52.687+0000] {logging_mixin.py:188} INFO - [2025-05-01T11:37:52.686+0000] {dagbag.py:545} INFO - Filling up the DagBag from /home/airflow/.local/lib/python3.12/site-packages/airflow/example_dags/example_short_circuit_operator.py
[2025-05-01T11:37:52.701+0000] {processor.py:840} INFO - DAG(s) 'example_short_circuit_operator' retrieved from /home/airflow/.local/lib/python3.12/site-packages/airflow/example_dags/example_short_circuit_operator.py
[2025-05-01T11:37:52.756+0000] {logging_mixin.py:188} INFO - [2025-05-01T11:37:52.755+0000] {dag.py:3096} INFO - Sync 1 DAGs
[2025-05-01T11:37:52.803+0000] {logging_mixin.py:188} INFO - [2025-05-01T11:37:52.803+0000] {dag.py:3954} INFO - Setting next_dagrun for example_short_circuit_operator to 2025-04-30 00:00:00+00:00, run_after=2025-05-01 00:00:00+00:00
[2025-05-01T11:37:52.851+0000] {processor.py:183} INFO - Processing /home/airflow/.local/lib/python3.12/site-packages/airflow/example_dags/example_short_circuit_operator.py took 0.181 seconds
[2025-05-01T11:38:23.289+0000] {processor.py:161} INFO - Started process (PID=858) to work on /home/airflow/.local/lib/python3.12/site-packages/airflow/example_dags/example_short_circuit_operator.py
[2025-05-01T11:38:23.291+0000] {processor.py:830} INFO - Processing file /home/airflow/.local/lib/python3.12/site-packages/airflow/example_dags/example_short_circuit_operator.py for tasks to queue
[2025-05-01T11:38:23.295+0000] {logging_mixin.py:188} INFO - [2025-05-01T11:38:23.294+0000] {dagbag.py:545} INFO - Filling up the DagBag from /home/airflow/.local/lib/python3.12/site-packages/airflow/example_dags/example_short_circuit_operator.py
[2025-05-01T11:38:23.311+0000] {processor.py:840} INFO - DAG(s) 'example_short_circuit_operator' retrieved from /home/airflow/.local/lib/python3.12/site-packages/airflow/example_dags/example_short_circuit_operator.py
[2025-05-01T11:38:23.360+0000] {logging_mixin.py:188} INFO - [2025-05-01T11:38:23.360+0000] {dag.py:3096} INFO - Sync 1 DAGs
[2025-05-01T11:38:23.406+0000] {logging_mixin.py:188} INFO - [2025-05-01T11:38:23.406+0000] {dag.py:3954} INFO - Setting next_dagrun for example_short_circuit_operator to 2025-04-30 00:00:00+00:00, run_after=2025-05-01 00:00:00+00:00
[2025-05-01T11:38:23.456+0000] {processor.py:183} INFO - Processing /home/airflow/.local/lib/python3.12/site-packages/airflow/example_dags/example_short_circuit_operator.py took 0.178 seconds
[2025-05-01T11:38:54.383+0000] {processor.py:161} INFO - Started process (PID=917) to work on /home/airflow/.local/lib/python3.12/site-packages/airflow/example_dags/example_short_circuit_operator.py
[2025-05-01T11:38:54.385+0000] {processor.py:830} INFO - Processing file /home/airflow/.local/lib/python3.12/site-packages/airflow/example_dags/example_short_circuit_operator.py for tasks to queue
[2025-05-01T11:38:54.390+0000] {logging_mixin.py:188} INFO - [2025-05-01T11:38:54.389+0000] {dagbag.py:545} INFO - Filling up the DagBag from /home/airflow/.local/lib/python3.12/site-packages/airflow/example_dags/example_short_circuit_operator.py
[2025-05-01T11:38:54.406+0000] {processor.py:840} INFO - DAG(s) 'example_short_circuit_operator' retrieved from /home/airflow/.local/lib/python3.12/site-packages/airflow/example_dags/example_short_circuit_operator.py
[2025-05-01T11:38:54.467+0000] {logging_mixin.py:188} INFO - [2025-05-01T11:38:54.467+0000] {dag.py:3096} INFO - Sync 1 DAGs
[2025-05-01T11:38:54.528+0000] {logging_mixin.py:188} INFO - [2025-05-01T11:38:54.528+0000] {dag.py:3954} INFO - Setting next_dagrun for example_short_circuit_operator to 2025-04-30 00:00:00+00:00, run_after=2025-05-01 00:00:00+00:00
[2025-05-01T11:38:54.580+0000] {processor.py:183} INFO - Processing /home/airflow/.local/lib/python3.12/site-packages/airflow/example_dags/example_short_circuit_operator.py took 0.212 seconds
[2025-05-01T11:39:24.784+0000] {processor.py:161} INFO - Started process (PID=976) to work on /home/airflow/.local/lib/python3.12/site-packages/airflow/example_dags/example_short_circuit_operator.py
[2025-05-01T11:39:24.786+0000] {processor.py:830} INFO - Processing file /home/airflow/.local/lib/python3.12/site-packages/airflow/example_dags/example_short_circuit_operator.py for tasks to queue
[2025-05-01T11:39:24.791+0000] {logging_mixin.py:188} INFO - [2025-05-01T11:39:24.790+0000] {dagbag.py:545} INFO - Filling up the DagBag from /home/airflow/.local/lib/python3.12/site-packages/airflow/example_dags/example_short_circuit_operator.py
[2025-05-01T11:39:24.813+0000] {processor.py:840} INFO - DAG(s) 'example_short_circuit_operator' retrieved from /home/airflow/.local/lib/python3.12/site-packages/airflow/example_dags/example_short_circuit_operator.py
[2025-05-01T11:39:24.867+0000] {logging_mixin.py:188} INFO - [2025-05-01T11:39:24.867+0000] {dag.py:3096} INFO - Sync 1 DAGs
[2025-05-01T11:39:24.944+0000] {logging_mixin.py:188} INFO - [2025-05-01T11:39:24.943+0000] {dag.py:3954} INFO - Setting next_dagrun for example_short_circuit_operator to 2025-04-30 00:00:00+00:00, run_after=2025-05-01 00:00:00+00:00
[2025-05-01T11:39:25.113+0000] {processor.py:183} INFO - Processing /home/airflow/.local/lib/python3.12/site-packages/airflow/example_dags/example_short_circuit_operator.py took 0.345 seconds
[2025-05-01T11:39:55.661+0000] {processor.py:161} INFO - Started process (PID=1042) to work on /home/airflow/.local/lib/python3.12/site-packages/airflow/example_dags/example_short_circuit_operator.py
[2025-05-01T11:39:55.663+0000] {processor.py:830} INFO - Processing file /home/airflow/.local/lib/python3.12/site-packages/airflow/example_dags/example_short_circuit_operator.py for tasks to queue
[2025-05-01T11:39:55.668+0000] {logging_mixin.py:188} INFO - [2025-05-01T11:39:55.667+0000] {dagbag.py:545} INFO - Filling up the DagBag from /home/airflow/.local/lib/python3.12/site-packages/airflow/example_dags/example_short_circuit_operator.py
[2025-05-01T11:39:55.683+0000] {processor.py:840} INFO - DAG(s) 'example_short_circuit_operator' retrieved from /home/airflow/.local/lib/python3.12/site-packages/airflow/example_dags/example_short_circuit_operator.py
[2025-05-01T11:39:55.735+0000] {logging_mixin.py:188} INFO - [2025-05-01T11:39:55.735+0000] {dag.py:3096} INFO - Sync 1 DAGs
[2025-05-01T11:39:55.784+0000] {logging_mixin.py:188} INFO - [2025-05-01T11:39:55.784+0000] {dag.py:3954} INFO - Setting next_dagrun for example_short_circuit_operator to 2025-04-30 00:00:00+00:00, run_after=2025-05-01 00:00:00+00:00
[2025-05-01T11:39:55.885+0000] {processor.py:183} INFO - Processing /home/airflow/.local/lib/python3.12/site-packages/airflow/example_dags/example_short_circuit_operator.py took 0.235 seconds
[2025-05-01T11:40:26.763+0000] {processor.py:161} INFO - Started process (PID=1101) to work on /home/airflow/.local/lib/python3.12/site-packages/airflow/example_dags/example_short_circuit_operator.py
[2025-05-01T11:40:26.766+0000] {processor.py:830} INFO - Processing file /home/airflow/.local/lib/python3.12/site-packages/airflow/example_dags/example_short_circuit_operator.py for tasks to queue
[2025-05-01T11:40:26.770+0000] {logging_mixin.py:188} INFO - [2025-05-01T11:40:26.769+0000] {dagbag.py:545} INFO - Filling up the DagBag from /home/airflow/.local/lib/python3.12/site-packages/airflow/example_dags/example_short_circuit_operator.py
[2025-05-01T11:40:26.785+0000] {processor.py:840} INFO - DAG(s) 'example_short_circuit_operator' retrieved from /home/airflow/.local/lib/python3.12/site-packages/airflow/example_dags/example_short_circuit_operator.py
[2025-05-01T11:40:26.838+0000] {logging_mixin.py:188} INFO - [2025-05-01T11:40:26.838+0000] {dag.py:3096} INFO - Sync 1 DAGs
[2025-05-01T11:40:26.886+0000] {logging_mixin.py:188} INFO - [2025-05-01T11:40:26.885+0000] {dag.py:3954} INFO - Setting next_dagrun for example_short_circuit_operator to 2025-04-30 00:00:00+00:00, run_after=2025-05-01 00:00:00+00:00
[2025-05-01T11:40:26.933+0000] {processor.py:183} INFO - Processing /home/airflow/.local/lib/python3.12/site-packages/airflow/example_dags/example_short_circuit_operator.py took 0.180 seconds
[2025-05-01T11:40:57.365+0000] {processor.py:161} INFO - Started process (PID=1158) to work on /home/airflow/.local/lib/python3.12/site-packages/airflow/example_dags/example_short_circuit_operator.py
[2025-05-01T11:40:57.367+0000] {processor.py:830} INFO - Processing file /home/airflow/.local/lib/python3.12/site-packages/airflow/example_dags/example_short_circuit_operator.py for tasks to queue
[2025-05-01T11:40:57.371+0000] {logging_mixin.py:188} INFO - [2025-05-01T11:40:57.371+0000] {dagbag.py:545} INFO - Filling up the DagBag from /home/airflow/.local/lib/python3.12/site-packages/airflow/example_dags/example_short_circuit_operator.py
[2025-05-01T11:40:57.385+0000] {processor.py:840} INFO - DAG(s) 'example_short_circuit_operator' retrieved from /home/airflow/.local/lib/python3.12/site-packages/airflow/example_dags/example_short_circuit_operator.py
[2025-05-01T11:40:57.434+0000] {logging_mixin.py:188} INFO - [2025-05-01T11:40:57.433+0000] {dag.py:3096} INFO - Sync 1 DAGs
[2025-05-01T11:40:57.482+0000] {logging_mixin.py:188} INFO - [2025-05-01T11:40:57.482+0000] {dag.py:3954} INFO - Setting next_dagrun for example_short_circuit_operator to 2025-04-30 00:00:00+00:00, run_after=2025-05-01 00:00:00+00:00
[2025-05-01T11:40:57.533+0000] {processor.py:183} INFO - Processing /home/airflow/.local/lib/python3.12/site-packages/airflow/example_dags/example_short_circuit_operator.py took 0.178 seconds
[2025-05-01T11:41:28.263+0000] {processor.py:161} INFO - Started process (PID=1217) to work on /home/airflow/.local/lib/python3.12/site-packages/airflow/example_dags/example_short_circuit_operator.py
[2025-05-01T11:41:28.267+0000] {processor.py:830} INFO - Processing file /home/airflow/.local/lib/python3.12/site-packages/airflow/example_dags/example_short_circuit_operator.py for tasks to queue
[2025-05-01T11:41:28.274+0000] {logging_mixin.py:188} INFO - [2025-05-01T11:41:28.273+0000] {dagbag.py:545} INFO - Filling up the DagBag from /home/airflow/.local/lib/python3.12/site-packages/airflow/example_dags/example_short_circuit_operator.py
[2025-05-01T11:41:28.322+0000] {processor.py:840} INFO - DAG(s) 'example_short_circuit_operator' retrieved from /home/airflow/.local/lib/python3.12/site-packages/airflow/example_dags/example_short_circuit_operator.py
[2025-05-01T11:41:28.408+0000] {logging_mixin.py:188} INFO - [2025-05-01T11:41:28.407+0000] {dag.py:3096} INFO - Sync 1 DAGs
[2025-05-01T11:41:28.485+0000] {logging_mixin.py:188} INFO - [2025-05-01T11:41:28.485+0000] {dag.py:3954} INFO - Setting next_dagrun for example_short_circuit_operator to 2025-04-30 00:00:00+00:00, run_after=2025-05-01 00:00:00+00:00
[2025-05-01T11:41:28.568+0000] {processor.py:183} INFO - Processing /home/airflow/.local/lib/python3.12/site-packages/airflow/example_dags/example_short_circuit_operator.py took 0.328 seconds
[2025-05-01T11:41:59.200+0000] {processor.py:161} INFO - Started process (PID=1278) to work on /home/airflow/.local/lib/python3.12/site-packages/airflow/example_dags/example_short_circuit_operator.py
[2025-05-01T11:41:59.202+0000] {processor.py:830} INFO - Processing file /home/airflow/.local/lib/python3.12/site-packages/airflow/example_dags/example_short_circuit_operator.py for tasks to queue
[2025-05-01T11:41:59.207+0000] {logging_mixin.py:188} INFO - [2025-05-01T11:41:59.206+0000] {dagbag.py:545} INFO - Filling up the DagBag from /home/airflow/.local/lib/python3.12/site-packages/airflow/example_dags/example_short_circuit_operator.py
[2025-05-01T11:41:59.221+0000] {processor.py:840} INFO - DAG(s) 'example_short_circuit_operator' retrieved from /home/airflow/.local/lib/python3.12/site-packages/airflow/example_dags/example_short_circuit_operator.py
[2025-05-01T11:41:59.274+0000] {logging_mixin.py:188} INFO - [2025-05-01T11:41:59.273+0000] {dag.py:3096} INFO - Sync 1 DAGs
[2025-05-01T11:41:59.320+0000] {logging_mixin.py:188} INFO - [2025-05-01T11:41:59.320+0000] {dag.py:3954} INFO - Setting next_dagrun for example_short_circuit_operator to 2025-04-30 00:00:00+00:00, run_after=2025-05-01 00:00:00+00:00
[2025-05-01T11:41:59.414+0000] {processor.py:183} INFO - Processing /home/airflow/.local/lib/python3.12/site-packages/airflow/example_dags/example_short_circuit_operator.py took 0.227 seconds
[2025-05-01T11:42:30.022+0000] {processor.py:161} INFO - Started process (PID=1336) to work on /home/airflow/.local/lib/python3.12/site-packages/airflow/example_dags/example_short_circuit_operator.py
[2025-05-01T11:42:30.024+0000] {processor.py:830} INFO - Processing file /home/airflow/.local/lib/python3.12/site-packages/airflow/example_dags/example_short_circuit_operator.py for tasks to queue
[2025-05-01T11:42:30.028+0000] {logging_mixin.py:188} INFO - [2025-05-01T11:42:30.027+0000] {dagbag.py:545} INFO - Filling up the DagBag from /home/airflow/.local/lib/python3.12/site-packages/airflow/example_dags/example_short_circuit_operator.py
[2025-05-01T11:42:30.044+0000] {processor.py:840} INFO - DAG(s) 'example_short_circuit_operator' retrieved from /home/airflow/.local/lib/python3.12/site-packages/airflow/example_dags/example_short_circuit_operator.py
[2025-05-01T11:42:30.096+0000] {logging_mixin.py:188} INFO - [2025-05-01T11:42:30.095+0000] {dag.py:3096} INFO - Sync 1 DAGs
[2025-05-01T11:42:30.147+0000] {logging_mixin.py:188} INFO - [2025-05-01T11:42:30.147+0000] {dag.py:3954} INFO - Setting next_dagrun for example_short_circuit_operator to 2025-04-30 00:00:00+00:00, run_after=2025-05-01 00:00:00+00:00
[2025-05-01T11:42:30.206+0000] {processor.py:183} INFO - Processing /home/airflow/.local/lib/python3.12/site-packages/airflow/example_dags/example_short_circuit_operator.py took 0.196 seconds
[2025-05-01T11:43:01.077+0000] {processor.py:161} INFO - Started process (PID=1395) to work on /home/airflow/.local/lib/python3.12/site-packages/airflow/example_dags/example_short_circuit_operator.py
[2025-05-01T11:43:01.080+0000] {processor.py:830} INFO - Processing file /home/airflow/.local/lib/python3.12/site-packages/airflow/example_dags/example_short_circuit_operator.py for tasks to queue
[2025-05-01T11:43:01.086+0000] {logging_mixin.py:188} INFO - [2025-05-01T11:43:01.085+0000] {dagbag.py:545} INFO - Filling up the DagBag from /home/airflow/.local/lib/python3.12/site-packages/airflow/example_dags/example_short_circuit_operator.py
[2025-05-01T11:43:01.108+0000] {processor.py:840} INFO - DAG(s) 'example_short_circuit_operator' retrieved from /home/airflow/.local/lib/python3.12/site-packages/airflow/example_dags/example_short_circuit_operator.py
[2025-05-01T11:43:01.176+0000] {logging_mixin.py:188} INFO - [2025-05-01T11:43:01.175+0000] {dag.py:3096} INFO - Sync 1 DAGs
[2025-05-01T11:43:01.230+0000] {logging_mixin.py:188} INFO - [2025-05-01T11:43:01.229+0000] {dag.py:3954} INFO - Setting next_dagrun for example_short_circuit_operator to 2025-04-30 00:00:00+00:00, run_after=2025-05-01 00:00:00+00:00
[2025-05-01T11:43:01.291+0000] {processor.py:183} INFO - Processing /home/airflow/.local/lib/python3.12/site-packages/airflow/example_dags/example_short_circuit_operator.py took 0.227 seconds
[2025-05-01T11:43:32.392+0000] {processor.py:161} INFO - Started process (PID=1454) to work on /home/airflow/.local/lib/python3.12/site-packages/airflow/example_dags/example_short_circuit_operator.py
[2025-05-01T11:43:32.395+0000] {processor.py:830} INFO - Processing file /home/airflow/.local/lib/python3.12/site-packages/airflow/example_dags/example_short_circuit_operator.py for tasks to queue
[2025-05-01T11:43:32.400+0000] {logging_mixin.py:188} INFO - [2025-05-01T11:43:32.399+0000] {dagbag.py:545} INFO - Filling up the DagBag from /home/airflow/.local/lib/python3.12/site-packages/airflow/example_dags/example_short_circuit_operator.py
[2025-05-01T11:43:32.425+0000] {processor.py:840} INFO - DAG(s) 'example_short_circuit_operator' retrieved from /home/airflow/.local/lib/python3.12/site-packages/airflow/example_dags/example_short_circuit_operator.py
[2025-05-01T11:43:32.493+0000] {logging_mixin.py:188} INFO - [2025-05-01T11:43:32.492+0000] {dag.py:3096} INFO - Sync 1 DAGs
[2025-05-01T11:43:32.551+0000] {logging_mixin.py:188} INFO - [2025-05-01T11:43:32.550+0000] {dag.py:3954} INFO - Setting next_dagrun for example_short_circuit_operator to 2025-04-30 00:00:00+00:00, run_after=2025-05-01 00:00:00+00:00
[2025-05-01T11:43:32.608+0000] {processor.py:183} INFO - Processing /home/airflow/.local/lib/python3.12/site-packages/airflow/example_dags/example_short_circuit_operator.py took 0.234 seconds
[2025-05-01T11:44:02.759+0000] {processor.py:161} INFO - Started process (PID=1513) to work on /home/airflow/.local/lib/python3.12/site-packages/airflow/example_dags/example_short_circuit_operator.py
[2025-05-01T11:44:02.761+0000] {processor.py:830} INFO - Processing file /home/airflow/.local/lib/python3.12/site-packages/airflow/example_dags/example_short_circuit_operator.py for tasks to queue
[2025-05-01T11:44:02.764+0000] {logging_mixin.py:188} INFO - [2025-05-01T11:44:02.764+0000] {dagbag.py:545} INFO - Filling up the DagBag from /home/airflow/.local/lib/python3.12/site-packages/airflow/example_dags/example_short_circuit_operator.py
[2025-05-01T11:44:02.778+0000] {processor.py:840} INFO - DAG(s) 'example_short_circuit_operator' retrieved from /home/airflow/.local/lib/python3.12/site-packages/airflow/example_dags/example_short_circuit_operator.py
[2025-05-01T11:44:02.830+0000] {logging_mixin.py:188} INFO - [2025-05-01T11:44:02.829+0000] {dag.py:3096} INFO - Sync 1 DAGs
[2025-05-01T11:44:02.881+0000] {logging_mixin.py:188} INFO - [2025-05-01T11:44:02.881+0000] {dag.py:3954} INFO - Setting next_dagrun for example_short_circuit_operator to 2025-04-30 00:00:00+00:00, run_after=2025-05-01 00:00:00+00:00
[2025-05-01T11:44:02.929+0000] {processor.py:183} INFO - Processing /home/airflow/.local/lib/python3.12/site-packages/airflow/example_dags/example_short_circuit_operator.py took 0.181 seconds
[2025-05-01T11:44:33.446+0000] {processor.py:161} INFO - Started process (PID=1572) to work on /home/airflow/.local/lib/python3.12/site-packages/airflow/example_dags/example_short_circuit_operator.py
[2025-05-01T11:44:33.449+0000] {processor.py:830} INFO - Processing file /home/airflow/.local/lib/python3.12/site-packages/airflow/example_dags/example_short_circuit_operator.py for tasks to queue
[2025-05-01T11:44:33.454+0000] {logging_mixin.py:188} INFO - [2025-05-01T11:44:33.453+0000] {dagbag.py:545} INFO - Filling up the DagBag from /home/airflow/.local/lib/python3.12/site-packages/airflow/example_dags/example_short_circuit_operator.py
[2025-05-01T11:44:33.475+0000] {processor.py:840} INFO - DAG(s) 'example_short_circuit_operator' retrieved from /home/airflow/.local/lib/python3.12/site-packages/airflow/example_dags/example_short_circuit_operator.py
[2025-05-01T11:44:33.540+0000] {logging_mixin.py:188} INFO - [2025-05-01T11:44:33.539+0000] {dag.py:3096} INFO - Sync 1 DAGs
[2025-05-01T11:44:33.607+0000] {logging_mixin.py:188} INFO - [2025-05-01T11:44:33.607+0000] {dag.py:3954} INFO - Setting next_dagrun for example_short_circuit_operator to 2025-04-30 00:00:00+00:00, run_after=2025-05-01 00:00:00+00:00
[2025-05-01T11:44:33.658+0000] {processor.py:183} INFO - Processing /home/airflow/.local/lib/python3.12/site-packages/airflow/example_dags/example_short_circuit_operator.py took 0.225 seconds
[2025-05-01T11:45:03.891+0000] {processor.py:161} INFO - Started process (PID=1631) to work on /home/airflow/.local/lib/python3.12/site-packages/airflow/example_dags/example_short_circuit_operator.py
[2025-05-01T11:45:03.893+0000] {processor.py:830} INFO - Processing file /home/airflow/.local/lib/python3.12/site-packages/airflow/example_dags/example_short_circuit_operator.py for tasks to queue
[2025-05-01T11:45:03.897+0000] {logging_mixin.py:188} INFO - [2025-05-01T11:45:03.896+0000] {dagbag.py:545} INFO - Filling up the DagBag from /home/airflow/.local/lib/python3.12/site-packages/airflow/example_dags/example_short_circuit_operator.py
[2025-05-01T11:45:03.913+0000] {processor.py:840} INFO - DAG(s) 'example_short_circuit_operator' retrieved from /home/airflow/.local/lib/python3.12/site-packages/airflow/example_dags/example_short_circuit_operator.py
[2025-05-01T11:45:03.979+0000] {logging_mixin.py:188} INFO - [2025-05-01T11:45:03.979+0000] {dag.py:3096} INFO - Sync 1 DAGs
[2025-05-01T11:45:04.041+0000] {logging_mixin.py:188} INFO - [2025-05-01T11:45:04.040+0000] {dag.py:3954} INFO - Setting next_dagrun for example_short_circuit_operator to 2025-04-30 00:00:00+00:00, run_after=2025-05-01 00:00:00+00:00
[2025-05-01T11:45:04.103+0000] {processor.py:183} INFO - Processing /home/airflow/.local/lib/python3.12/site-packages/airflow/example_dags/example_short_circuit_operator.py took 0.225 seconds
[2025-05-01T11:45:34.362+0000] {processor.py:161} INFO - Started process (PID=1690) to work on /home/airflow/.local/lib/python3.12/site-packages/airflow/example_dags/example_short_circuit_operator.py
[2025-05-01T11:45:34.365+0000] {processor.py:830} INFO - Processing file /home/airflow/.local/lib/python3.12/site-packages/airflow/example_dags/example_short_circuit_operator.py for tasks to queue
[2025-05-01T11:45:34.370+0000] {logging_mixin.py:188} INFO - [2025-05-01T11:45:34.369+0000] {dagbag.py:545} INFO - Filling up the DagBag from /home/airflow/.local/lib/python3.12/site-packages/airflow/example_dags/example_short_circuit_operator.py
[2025-05-01T11:45:34.390+0000] {processor.py:840} INFO - DAG(s) 'example_short_circuit_operator' retrieved from /home/airflow/.local/lib/python3.12/site-packages/airflow/example_dags/example_short_circuit_operator.py
[2025-05-01T11:45:34.455+0000] {logging_mixin.py:188} INFO - [2025-05-01T11:45:34.454+0000] {dag.py:3096} INFO - Sync 1 DAGs
[2025-05-01T11:45:34.513+0000] {logging_mixin.py:188} INFO - [2025-05-01T11:45:34.512+0000] {dag.py:3954} INFO - Setting next_dagrun for example_short_circuit_operator to 2025-04-30 00:00:00+00:00, run_after=2025-05-01 00:00:00+00:00
[2025-05-01T11:45:34.566+0000] {processor.py:183} INFO - Processing /home/airflow/.local/lib/python3.12/site-packages/airflow/example_dags/example_short_circuit_operator.py took 0.219 seconds
[2025-05-01T11:46:05.263+0000] {processor.py:161} INFO - Started process (PID=1749) to work on /home/airflow/.local/lib/python3.12/site-packages/airflow/example_dags/example_short_circuit_operator.py
[2025-05-01T11:46:05.266+0000] {processor.py:830} INFO - Processing file /home/airflow/.local/lib/python3.12/site-packages/airflow/example_dags/example_short_circuit_operator.py for tasks to queue
[2025-05-01T11:46:05.270+0000] {logging_mixin.py:188} INFO - [2025-05-01T11:46:05.269+0000] {dagbag.py:545} INFO - Filling up the DagBag from /home/airflow/.local/lib/python3.12/site-packages/airflow/example_dags/example_short_circuit_operator.py
[2025-05-01T11:46:05.286+0000] {processor.py:840} INFO - DAG(s) 'example_short_circuit_operator' retrieved from /home/airflow/.local/lib/python3.12/site-packages/airflow/example_dags/example_short_circuit_operator.py
[2025-05-01T11:46:05.340+0000] {logging_mixin.py:188} INFO - [2025-05-01T11:46:05.340+0000] {dag.py:3096} INFO - Sync 1 DAGs
[2025-05-01T11:46:05.390+0000] {logging_mixin.py:188} INFO - [2025-05-01T11:46:05.390+0000] {dag.py:3954} INFO - Setting next_dagrun for example_short_circuit_operator to 2025-04-30 00:00:00+00:00, run_after=2025-05-01 00:00:00+00:00
[2025-05-01T11:46:05.477+0000] {processor.py:183} INFO - Processing /home/airflow/.local/lib/python3.12/site-packages/airflow/example_dags/example_short_circuit_operator.py took 0.225 seconds
[2025-05-01T11:46:35.683+0000] {processor.py:161} INFO - Started process (PID=1808) to work on /home/airflow/.local/lib/python3.12/site-packages/airflow/example_dags/example_short_circuit_operator.py
[2025-05-01T11:46:35.685+0000] {processor.py:830} INFO - Processing file /home/airflow/.local/lib/python3.12/site-packages/airflow/example_dags/example_short_circuit_operator.py for tasks to queue
[2025-05-01T11:46:35.690+0000] {logging_mixin.py:188} INFO - [2025-05-01T11:46:35.689+0000] {dagbag.py:545} INFO - Filling up the DagBag from /home/airflow/.local/lib/python3.12/site-packages/airflow/example_dags/example_short_circuit_operator.py
[2025-05-01T11:46:35.707+0000] {processor.py:840} INFO - DAG(s) 'example_short_circuit_operator' retrieved from /home/airflow/.local/lib/python3.12/site-packages/airflow/example_dags/example_short_circuit_operator.py
[2025-05-01T11:46:35.765+0000] {logging_mixin.py:188} INFO - [2025-05-01T11:46:35.764+0000] {dag.py:3096} INFO - Sync 1 DAGs
[2025-05-01T11:46:35.824+0000] {logging_mixin.py:188} INFO - [2025-05-01T11:46:35.824+0000] {dag.py:3954} INFO - Setting next_dagrun for example_short_circuit_operator to 2025-04-30 00:00:00+00:00, run_after=2025-05-01 00:00:00+00:00
[2025-05-01T11:46:35.886+0000] {processor.py:183} INFO - Processing /home/airflow/.local/lib/python3.12/site-packages/airflow/example_dags/example_short_circuit_operator.py took 0.216 seconds
[2025-05-01T11:47:06.047+0000] {processor.py:161} INFO - Started process (PID=1867) to work on /home/airflow/.local/lib/python3.12/site-packages/airflow/example_dags/example_short_circuit_operator.py
[2025-05-01T11:47:06.050+0000] {processor.py:830} INFO - Processing file /home/airflow/.local/lib/python3.12/site-packages/airflow/example_dags/example_short_circuit_operator.py for tasks to queue
[2025-05-01T11:47:06.055+0000] {logging_mixin.py:188} INFO - [2025-05-01T11:47:06.054+0000] {dagbag.py:545} INFO - Filling up the DagBag from /home/airflow/.local/lib/python3.12/site-packages/airflow/example_dags/example_short_circuit_operator.py
[2025-05-01T11:47:06.073+0000] {processor.py:840} INFO - DAG(s) 'example_short_circuit_operator' retrieved from /home/airflow/.local/lib/python3.12/site-packages/airflow/example_dags/example_short_circuit_operator.py
[2025-05-01T11:47:06.133+0000] {logging_mixin.py:188} INFO - [2025-05-01T11:47:06.132+0000] {dag.py:3096} INFO - Sync 1 DAGs
[2025-05-01T11:47:06.192+0000] {logging_mixin.py:188} INFO - [2025-05-01T11:47:06.191+0000] {dag.py:3954} INFO - Setting next_dagrun for example_short_circuit_operator to 2025-04-30 00:00:00+00:00, run_after=2025-05-01 00:00:00+00:00
[2025-05-01T11:47:06.252+0000] {processor.py:183} INFO - Processing /home/airflow/.local/lib/python3.12/site-packages/airflow/example_dags/example_short_circuit_operator.py took 0.220 seconds
[2025-05-01T11:47:36.518+0000] {processor.py:161} INFO - Started process (PID=1926) to work on /home/airflow/.local/lib/python3.12/site-packages/airflow/example_dags/example_short_circuit_operator.py
[2025-05-01T11:47:36.521+0000] {processor.py:830} INFO - Processing file /home/airflow/.local/lib/python3.12/site-packages/airflow/example_dags/example_short_circuit_operator.py for tasks to queue
[2025-05-01T11:47:36.526+0000] {logging_mixin.py:188} INFO - [2025-05-01T11:47:36.525+0000] {dagbag.py:545} INFO - Filling up the DagBag from /home/airflow/.local/lib/python3.12/site-packages/airflow/example_dags/example_short_circuit_operator.py
[2025-05-01T11:47:36.544+0000] {processor.py:840} INFO - DAG(s) 'example_short_circuit_operator' retrieved from /home/airflow/.local/lib/python3.12/site-packages/airflow/example_dags/example_short_circuit_operator.py
[2025-05-01T11:47:36.602+0000] {logging_mixin.py:188} INFO - [2025-05-01T11:47:36.602+0000] {dag.py:3096} INFO - Sync 1 DAGs
[2025-05-01T11:47:36.652+0000] {logging_mixin.py:188} INFO - [2025-05-01T11:47:36.651+0000] {dag.py:3954} INFO - Setting next_dagrun for example_short_circuit_operator to 2025-04-30 00:00:00+00:00, run_after=2025-05-01 00:00:00+00:00
[2025-05-01T11:47:36.710+0000] {processor.py:183} INFO - Processing /home/airflow/.local/lib/python3.12/site-packages/airflow/example_dags/example_short_circuit_operator.py took 0.209 seconds
[2025-05-01T11:48:07.664+0000] {processor.py:161} INFO - Started process (PID=1985) to work on /home/airflow/.local/lib/python3.12/site-packages/airflow/example_dags/example_short_circuit_operator.py
[2025-05-01T11:48:07.666+0000] {processor.py:830} INFO - Processing file /home/airflow/.local/lib/python3.12/site-packages/airflow/example_dags/example_short_circuit_operator.py for tasks to queue
[2025-05-01T11:48:07.671+0000] {logging_mixin.py:188} INFO - [2025-05-01T11:48:07.670+0000] {dagbag.py:545} INFO - Filling up the DagBag from /home/airflow/.local/lib/python3.12/site-packages/airflow/example_dags/example_short_circuit_operator.py
[2025-05-01T11:48:07.688+0000] {processor.py:840} INFO - DAG(s) 'example_short_circuit_operator' retrieved from /home/airflow/.local/lib/python3.12/site-packages/airflow/example_dags/example_short_circuit_operator.py
[2025-05-01T11:48:07.742+0000] {logging_mixin.py:188} INFO - [2025-05-01T11:48:07.742+0000] {dag.py:3096} INFO - Sync 1 DAGs
[2025-05-01T11:48:08.018+0000] {logging_mixin.py:188} INFO - [2025-05-01T11:48:08.017+0000] {dag.py:3954} INFO - Setting next_dagrun for example_short_circuit_operator to 2025-04-30 00:00:00+00:00, run_after=2025-05-01 00:00:00+00:00
[2025-05-01T11:48:08.112+0000] {processor.py:183} INFO - Processing /home/airflow/.local/lib/python3.12/site-packages/airflow/example_dags/example_short_circuit_operator.py took 0.463 seconds
[2025-05-01T11:48:38.958+0000] {processor.py:161} INFO - Started process (PID=2044) to work on /home/airflow/.local/lib/python3.12/site-packages/airflow/example_dags/example_short_circuit_operator.py
[2025-05-01T11:48:38.960+0000] {processor.py:830} INFO - Processing file /home/airflow/.local/lib/python3.12/site-packages/airflow/example_dags/example_short_circuit_operator.py for tasks to queue
[2025-05-01T11:48:38.965+0000] {logging_mixin.py:188} INFO - [2025-05-01T11:48:38.964+0000] {dagbag.py:545} INFO - Filling up the DagBag from /home/airflow/.local/lib/python3.12/site-packages/airflow/example_dags/example_short_circuit_operator.py
[2025-05-01T11:48:38.984+0000] {processor.py:840} INFO - DAG(s) 'example_short_circuit_operator' retrieved from /home/airflow/.local/lib/python3.12/site-packages/airflow/example_dags/example_short_circuit_operator.py
[2025-05-01T11:48:39.040+0000] {logging_mixin.py:188} INFO - [2025-05-01T11:48:39.040+0000] {dag.py:3096} INFO - Sync 1 DAGs
[2025-05-01T11:48:39.087+0000] {logging_mixin.py:188} INFO - [2025-05-01T11:48:39.087+0000] {dag.py:3954} INFO - Setting next_dagrun for example_short_circuit_operator to 2025-04-30 00:00:00+00:00, run_after=2025-05-01 00:00:00+00:00
[2025-05-01T11:48:39.404+0000] {processor.py:183} INFO - Processing /home/airflow/.local/lib/python3.12/site-packages/airflow/example_dags/example_short_circuit_operator.py took 0.458 seconds
[2025-05-01T11:49:09.704+0000] {processor.py:161} INFO - Started process (PID=2104) to work on /home/airflow/.local/lib/python3.12/site-packages/airflow/example_dags/example_short_circuit_operator.py
[2025-05-01T11:49:09.706+0000] {processor.py:830} INFO - Processing file /home/airflow/.local/lib/python3.12/site-packages/airflow/example_dags/example_short_circuit_operator.py for tasks to queue
[2025-05-01T11:49:09.711+0000] {logging_mixin.py:188} INFO - [2025-05-01T11:49:09.710+0000] {dagbag.py:545} INFO - Filling up the DagBag from /home/airflow/.local/lib/python3.12/site-packages/airflow/example_dags/example_short_circuit_operator.py
[2025-05-01T11:49:09.727+0000] {processor.py:840} INFO - DAG(s) 'example_short_circuit_operator' retrieved from /home/airflow/.local/lib/python3.12/site-packages/airflow/example_dags/example_short_circuit_operator.py
[2025-05-01T11:49:09.796+0000] {logging_mixin.py:188} INFO - [2025-05-01T11:49:09.795+0000] {dag.py:3096} INFO - Sync 1 DAGs
[2025-05-01T11:49:09.871+0000] {logging_mixin.py:188} INFO - [2025-05-01T11:49:09.871+0000] {dag.py:3954} INFO - Setting next_dagrun for example_short_circuit_operator to 2025-04-30 00:00:00+00:00, run_after=2025-05-01 00:00:00+00:00
[2025-05-01T11:49:09.954+0000] {processor.py:183} INFO - Processing /home/airflow/.local/lib/python3.12/site-packages/airflow/example_dags/example_short_circuit_operator.py took 0.262 seconds
[2025-05-01T11:49:40.529+0000] {processor.py:161} INFO - Started process (PID=2163) to work on /home/airflow/.local/lib/python3.12/site-packages/airflow/example_dags/example_short_circuit_operator.py
[2025-05-01T11:49:40.532+0000] {processor.py:830} INFO - Processing file /home/airflow/.local/lib/python3.12/site-packages/airflow/example_dags/example_short_circuit_operator.py for tasks to queue
[2025-05-01T11:49:40.537+0000] {logging_mixin.py:188} INFO - [2025-05-01T11:49:40.537+0000] {dagbag.py:545} INFO - Filling up the DagBag from /home/airflow/.local/lib/python3.12/site-packages/airflow/example_dags/example_short_circuit_operator.py
[2025-05-01T11:49:40.556+0000] {processor.py:840} INFO - DAG(s) 'example_short_circuit_operator' retrieved from /home/airflow/.local/lib/python3.12/site-packages/airflow/example_dags/example_short_circuit_operator.py
[2025-05-01T11:49:40.613+0000] {logging_mixin.py:188} INFO - [2025-05-01T11:49:40.612+0000] {dag.py:3096} INFO - Sync 1 DAGs
[2025-05-01T11:49:40.667+0000] {logging_mixin.py:188} INFO - [2025-05-01T11:49:40.666+0000] {dag.py:3954} INFO - Setting next_dagrun for example_short_circuit_operator to 2025-04-30 00:00:00+00:00, run_after=2025-05-01 00:00:00+00:00
[2025-05-01T11:49:40.756+0000] {processor.py:183} INFO - Processing /home/airflow/.local/lib/python3.12/site-packages/airflow/example_dags/example_short_circuit_operator.py took 0.243 seconds
[2025-05-01T11:50:11.223+0000] {processor.py:161} INFO - Started process (PID=2222) to work on /home/airflow/.local/lib/python3.12/site-packages/airflow/example_dags/example_short_circuit_operator.py
[2025-05-01T11:50:11.225+0000] {processor.py:830} INFO - Processing file /home/airflow/.local/lib/python3.12/site-packages/airflow/example_dags/example_short_circuit_operator.py for tasks to queue
[2025-05-01T11:50:11.229+0000] {logging_mixin.py:188} INFO - [2025-05-01T11:50:11.228+0000] {dagbag.py:545} INFO - Filling up the DagBag from /home/airflow/.local/lib/python3.12/site-packages/airflow/example_dags/example_short_circuit_operator.py
[2025-05-01T11:50:11.243+0000] {processor.py:840} INFO - DAG(s) 'example_short_circuit_operator' retrieved from /home/airflow/.local/lib/python3.12/site-packages/airflow/example_dags/example_short_circuit_operator.py
[2025-05-01T11:50:11.295+0000] {logging_mixin.py:188} INFO - [2025-05-01T11:50:11.294+0000] {dag.py:3096} INFO - Sync 1 DAGs
[2025-05-01T11:50:11.342+0000] {logging_mixin.py:188} INFO - [2025-05-01T11:50:11.342+0000] {dag.py:3954} INFO - Setting next_dagrun for example_short_circuit_operator to 2025-04-30 00:00:00+00:00, run_after=2025-05-01 00:00:00+00:00
[2025-05-01T11:50:11.424+0000] {processor.py:183} INFO - Processing /home/airflow/.local/lib/python3.12/site-packages/airflow/example_dags/example_short_circuit_operator.py took 0.212 seconds
[2025-05-01T11:50:42.059+0000] {processor.py:161} INFO - Started process (PID=2281) to work on /home/airflow/.local/lib/python3.12/site-packages/airflow/example_dags/example_short_circuit_operator.py
[2025-05-01T11:50:42.061+0000] {processor.py:830} INFO - Processing file /home/airflow/.local/lib/python3.12/site-packages/airflow/example_dags/example_short_circuit_operator.py for tasks to queue
[2025-05-01T11:50:42.065+0000] {logging_mixin.py:188} INFO - [2025-05-01T11:50:42.064+0000] {dagbag.py:545} INFO - Filling up the DagBag from /home/airflow/.local/lib/python3.12/site-packages/airflow/example_dags/example_short_circuit_operator.py
[2025-05-01T11:50:42.081+0000] {processor.py:840} INFO - DAG(s) 'example_short_circuit_operator' retrieved from /home/airflow/.local/lib/python3.12/site-packages/airflow/example_dags/example_short_circuit_operator.py
[2025-05-01T11:50:42.137+0000] {logging_mixin.py:188} INFO - [2025-05-01T11:50:42.137+0000] {dag.py:3096} INFO - Sync 1 DAGs
[2025-05-01T11:50:42.197+0000] {logging_mixin.py:188} INFO - [2025-05-01T11:50:42.196+0000] {dag.py:3954} INFO - Setting next_dagrun for example_short_circuit_operator to 2025-04-30 00:00:00+00:00, run_after=2025-05-01 00:00:00+00:00
[2025-05-01T11:50:42.283+0000] {processor.py:183} INFO - Processing /home/airflow/.local/lib/python3.12/site-packages/airflow/example_dags/example_short_circuit_operator.py took 0.235 seconds
[2025-05-01T11:51:12.900+0000] {processor.py:161} INFO - Started process (PID=2340) to work on /home/airflow/.local/lib/python3.12/site-packages/airflow/example_dags/example_short_circuit_operator.py
[2025-05-01T11:51:12.902+0000] {processor.py:830} INFO - Processing file /home/airflow/.local/lib/python3.12/site-packages/airflow/example_dags/example_short_circuit_operator.py for tasks to queue
[2025-05-01T11:51:12.906+0000] {logging_mixin.py:188} INFO - [2025-05-01T11:51:12.906+0000] {dagbag.py:545} INFO - Filling up the DagBag from /home/airflow/.local/lib/python3.12/site-packages/airflow/example_dags/example_short_circuit_operator.py
[2025-05-01T11:51:12.922+0000] {processor.py:840} INFO - DAG(s) 'example_short_circuit_operator' retrieved from /home/airflow/.local/lib/python3.12/site-packages/airflow/example_dags/example_short_circuit_operator.py
[2025-05-01T11:51:12.977+0000] {logging_mixin.py:188} INFO - [2025-05-01T11:51:12.977+0000] {dag.py:3096} INFO - Sync 1 DAGs
[2025-05-01T11:51:13.031+0000] {logging_mixin.py:188} INFO - [2025-05-01T11:51:13.031+0000] {dag.py:3954} INFO - Setting next_dagrun for example_short_circuit_operator to 2025-04-30 00:00:00+00:00, run_after=2025-05-01 00:00:00+00:00
[2025-05-01T11:51:13.088+0000] {processor.py:183} INFO - Processing /home/airflow/.local/lib/python3.12/site-packages/airflow/example_dags/example_short_circuit_operator.py took 0.200 seconds
[2025-05-01T11:51:43.406+0000] {processor.py:161} INFO - Started process (PID=2399) to work on /home/airflow/.local/lib/python3.12/site-packages/airflow/example_dags/example_short_circuit_operator.py
[2025-05-01T11:51:43.409+0000] {processor.py:830} INFO - Processing file /home/airflow/.local/lib/python3.12/site-packages/airflow/example_dags/example_short_circuit_operator.py for tasks to queue
[2025-05-01T11:51:43.414+0000] {logging_mixin.py:188} INFO - [2025-05-01T11:51:43.413+0000] {dagbag.py:545} INFO - Filling up the DagBag from /home/airflow/.local/lib/python3.12/site-packages/airflow/example_dags/example_short_circuit_operator.py
[2025-05-01T11:51:43.437+0000] {processor.py:840} INFO - DAG(s) 'example_short_circuit_operator' retrieved from /home/airflow/.local/lib/python3.12/site-packages/airflow/example_dags/example_short_circuit_operator.py
[2025-05-01T11:51:43.501+0000] {logging_mixin.py:188} INFO - [2025-05-01T11:51:43.500+0000] {dag.py:3096} INFO - Sync 1 DAGs
[2025-05-01T11:51:43.564+0000] {logging_mixin.py:188} INFO - [2025-05-01T11:51:43.563+0000] {dag.py:3954} INFO - Setting next_dagrun for example_short_circuit_operator to 2025-04-30 00:00:00+00:00, run_after=2025-05-01 00:00:00+00:00
[2025-05-01T11:51:43.660+0000] {processor.py:183} INFO - Processing /home/airflow/.local/lib/python3.12/site-packages/airflow/example_dags/example_short_circuit_operator.py took 0.268 seconds
[2025-05-01T11:52:14.485+0000] {processor.py:161} INFO - Started process (PID=2458) to work on /home/airflow/.local/lib/python3.12/site-packages/airflow/example_dags/example_short_circuit_operator.py
[2025-05-01T11:52:14.488+0000] {processor.py:830} INFO - Processing file /home/airflow/.local/lib/python3.12/site-packages/airflow/example_dags/example_short_circuit_operator.py for tasks to queue
[2025-05-01T11:52:14.494+0000] {logging_mixin.py:188} INFO - [2025-05-01T11:52:14.494+0000] {dagbag.py:545} INFO - Filling up the DagBag from /home/airflow/.local/lib/python3.12/site-packages/airflow/example_dags/example_short_circuit_operator.py
[2025-05-01T11:52:14.514+0000] {processor.py:840} INFO - DAG(s) 'example_short_circuit_operator' retrieved from /home/airflow/.local/lib/python3.12/site-packages/airflow/example_dags/example_short_circuit_operator.py
[2025-05-01T11:52:14.579+0000] {logging_mixin.py:188} INFO - [2025-05-01T11:52:14.578+0000] {dag.py:3096} INFO - Sync 1 DAGs
[2025-05-01T11:52:14.657+0000] {logging_mixin.py:188} INFO - [2025-05-01T11:52:14.656+0000] {dag.py:3954} INFO - Setting next_dagrun for example_short_circuit_operator to 2025-04-30 00:00:00+00:00, run_after=2025-05-01 00:00:00+00:00
[2025-05-01T11:52:14.753+0000] {processor.py:183} INFO - Processing /home/airflow/.local/lib/python3.12/site-packages/airflow/example_dags/example_short_circuit_operator.py took 0.284 seconds
[2025-05-01T11:52:45.556+0000] {processor.py:161} INFO - Started process (PID=2517) to work on /home/airflow/.local/lib/python3.12/site-packages/airflow/example_dags/example_short_circuit_operator.py
[2025-05-01T11:52:45.564+0000] {processor.py:830} INFO - Processing file /home/airflow/.local/lib/python3.12/site-packages/airflow/example_dags/example_short_circuit_operator.py for tasks to queue
[2025-05-01T11:52:45.575+0000] {logging_mixin.py:188} INFO - [2025-05-01T11:52:45.574+0000] {dagbag.py:545} INFO - Filling up the DagBag from /home/airflow/.local/lib/python3.12/site-packages/airflow/example_dags/example_short_circuit_operator.py
[2025-05-01T11:52:45.596+0000] {processor.py:840} INFO - DAG(s) 'example_short_circuit_operator' retrieved from /home/airflow/.local/lib/python3.12/site-packages/airflow/example_dags/example_short_circuit_operator.py
[2025-05-01T11:52:45.646+0000] {logging_mixin.py:188} INFO - [2025-05-01T11:52:45.646+0000] {dag.py:3096} INFO - Sync 1 DAGs
[2025-05-01T11:52:45.694+0000] {logging_mixin.py:188} INFO - [2025-05-01T11:52:45.693+0000] {dag.py:3954} INFO - Setting next_dagrun for example_short_circuit_operator to 2025-04-30 00:00:00+00:00, run_after=2025-05-01 00:00:00+00:00
[2025-05-01T11:52:45.774+0000] {processor.py:183} INFO - Processing /home/airflow/.local/lib/python3.12/site-packages/airflow/example_dags/example_short_circuit_operator.py took 0.242 seconds
[2025-05-01T11:53:16.616+0000] {processor.py:161} INFO - Started process (PID=2576) to work on /home/airflow/.local/lib/python3.12/site-packages/airflow/example_dags/example_short_circuit_operator.py
[2025-05-01T11:53:16.619+0000] {processor.py:830} INFO - Processing file /home/airflow/.local/lib/python3.12/site-packages/airflow/example_dags/example_short_circuit_operator.py for tasks to queue
[2025-05-01T11:53:16.626+0000] {logging_mixin.py:188} INFO - [2025-05-01T11:53:16.625+0000] {dagbag.py:545} INFO - Filling up the DagBag from /home/airflow/.local/lib/python3.12/site-packages/airflow/example_dags/example_short_circuit_operator.py
[2025-05-01T11:53:16.649+0000] {processor.py:840} INFO - DAG(s) 'example_short_circuit_operator' retrieved from /home/airflow/.local/lib/python3.12/site-packages/airflow/example_dags/example_short_circuit_operator.py
[2025-05-01T11:53:16.719+0000] {logging_mixin.py:188} INFO - [2025-05-01T11:53:16.718+0000] {dag.py:3096} INFO - Sync 1 DAGs
[2025-05-01T11:53:16.771+0000] {logging_mixin.py:188} INFO - [2025-05-01T11:53:16.770+0000] {dag.py:3954} INFO - Setting next_dagrun for example_short_circuit_operator to 2025-04-30 00:00:00+00:00, run_after=2025-05-01 00:00:00+00:00
[2025-05-01T11:53:16.861+0000] {processor.py:183} INFO - Processing /home/airflow/.local/lib/python3.12/site-packages/airflow/example_dags/example_short_circuit_operator.py took 0.257 seconds
[2025-05-01T11:53:47.175+0000] {processor.py:161} INFO - Started process (PID=2635) to work on /home/airflow/.local/lib/python3.12/site-packages/airflow/example_dags/example_short_circuit_operator.py
[2025-05-01T11:53:47.180+0000] {processor.py:830} INFO - Processing file /home/airflow/.local/lib/python3.12/site-packages/airflow/example_dags/example_short_circuit_operator.py for tasks to queue
[2025-05-01T11:53:47.186+0000] {logging_mixin.py:188} INFO - [2025-05-01T11:53:47.185+0000] {dagbag.py:545} INFO - Filling up the DagBag from /home/airflow/.local/lib/python3.12/site-packages/airflow/example_dags/example_short_circuit_operator.py
[2025-05-01T11:53:47.202+0000] {processor.py:840} INFO - DAG(s) 'example_short_circuit_operator' retrieved from /home/airflow/.local/lib/python3.12/site-packages/airflow/example_dags/example_short_circuit_operator.py
[2025-05-01T11:53:47.263+0000] {logging_mixin.py:188} INFO - [2025-05-01T11:53:47.262+0000] {dag.py:3096} INFO - Sync 1 DAGs
[2025-05-01T11:53:47.322+0000] {logging_mixin.py:188} INFO - [2025-05-01T11:53:47.321+0000] {dag.py:3954} INFO - Setting next_dagrun for example_short_circuit_operator to 2025-04-30 00:00:00+00:00, run_after=2025-05-01 00:00:00+00:00
[2025-05-01T11:53:47.416+0000] {processor.py:183} INFO - Processing /home/airflow/.local/lib/python3.12/site-packages/airflow/example_dags/example_short_circuit_operator.py took 0.257 seconds
[2025-05-01T11:54:18.088+0000] {processor.py:161} INFO - Started process (PID=2694) to work on /home/airflow/.local/lib/python3.12/site-packages/airflow/example_dags/example_short_circuit_operator.py
[2025-05-01T11:54:18.090+0000] {processor.py:830} INFO - Processing file /home/airflow/.local/lib/python3.12/site-packages/airflow/example_dags/example_short_circuit_operator.py for tasks to queue
[2025-05-01T11:54:18.096+0000] {logging_mixin.py:188} INFO - [2025-05-01T11:54:18.095+0000] {dagbag.py:545} INFO - Filling up the DagBag from /home/airflow/.local/lib/python3.12/site-packages/airflow/example_dags/example_short_circuit_operator.py
[2025-05-01T11:54:18.117+0000] {processor.py:840} INFO - DAG(s) 'example_short_circuit_operator' retrieved from /home/airflow/.local/lib/python3.12/site-packages/airflow/example_dags/example_short_circuit_operator.py
[2025-05-01T11:54:18.193+0000] {logging_mixin.py:188} INFO - [2025-05-01T11:54:18.192+0000] {dag.py:3096} INFO - Sync 1 DAGs
[2025-05-01T11:54:18.267+0000] {logging_mixin.py:188} INFO - [2025-05-01T11:54:18.266+0000] {dag.py:3954} INFO - Setting next_dagrun for example_short_circuit_operator to 2025-04-30 00:00:00+00:00, run_after=2025-05-01 00:00:00+00:00
[2025-05-01T11:54:18.352+0000] {processor.py:183} INFO - Processing /home/airflow/.local/lib/python3.12/site-packages/airflow/example_dags/example_short_circuit_operator.py took 0.281 seconds
[2025-05-01T11:54:48.596+0000] {processor.py:161} INFO - Started process (PID=2753) to work on /home/airflow/.local/lib/python3.12/site-packages/airflow/example_dags/example_short_circuit_operator.py
[2025-05-01T11:54:48.599+0000] {processor.py:830} INFO - Processing file /home/airflow/.local/lib/python3.12/site-packages/airflow/example_dags/example_short_circuit_operator.py for tasks to queue
[2025-05-01T11:54:48.605+0000] {logging_mixin.py:188} INFO - [2025-05-01T11:54:48.604+0000] {dagbag.py:545} INFO - Filling up the DagBag from /home/airflow/.local/lib/python3.12/site-packages/airflow/example_dags/example_short_circuit_operator.py
[2025-05-01T11:54:48.632+0000] {processor.py:840} INFO - DAG(s) 'example_short_circuit_operator' retrieved from /home/airflow/.local/lib/python3.12/site-packages/airflow/example_dags/example_short_circuit_operator.py
[2025-05-01T11:54:48.730+0000] {logging_mixin.py:188} INFO - [2025-05-01T11:54:48.729+0000] {dag.py:3096} INFO - Sync 1 DAGs
[2025-05-01T11:54:48.816+0000] {logging_mixin.py:188} INFO - [2025-05-01T11:54:48.815+0000] {dag.py:3954} INFO - Setting next_dagrun for example_short_circuit_operator to 2025-04-30 00:00:00+00:00, run_after=2025-05-01 00:00:00+00:00
[2025-05-01T11:54:48.891+0000] {processor.py:183} INFO - Processing /home/airflow/.local/lib/python3.12/site-packages/airflow/example_dags/example_short_circuit_operator.py took 0.315 seconds
[2025-05-01T11:55:19.754+0000] {processor.py:161} INFO - Started process (PID=2812) to work on /home/airflow/.local/lib/python3.12/site-packages/airflow/example_dags/example_short_circuit_operator.py
[2025-05-01T11:55:19.757+0000] {processor.py:830} INFO - Processing file /home/airflow/.local/lib/python3.12/site-packages/airflow/example_dags/example_short_circuit_operator.py for tasks to queue
[2025-05-01T11:55:19.762+0000] {logging_mixin.py:188} INFO - [2025-05-01T11:55:19.761+0000] {dagbag.py:545} INFO - Filling up the DagBag from /home/airflow/.local/lib/python3.12/site-packages/airflow/example_dags/example_short_circuit_operator.py
[2025-05-01T11:55:19.777+0000] {processor.py:840} INFO - DAG(s) 'example_short_circuit_operator' retrieved from /home/airflow/.local/lib/python3.12/site-packages/airflow/example_dags/example_short_circuit_operator.py
[2025-05-01T11:55:19.825+0000] {logging_mixin.py:188} INFO - [2025-05-01T11:55:19.825+0000] {dag.py:3096} INFO - Sync 1 DAGs
[2025-05-01T11:55:19.872+0000] {logging_mixin.py:188} INFO - [2025-05-01T11:55:19.871+0000] {dag.py:3954} INFO - Setting next_dagrun for example_short_circuit_operator to 2025-04-30 00:00:00+00:00, run_after=2025-05-01 00:00:00+00:00
[2025-05-01T11:55:19.959+0000] {processor.py:183} INFO - Processing /home/airflow/.local/lib/python3.12/site-packages/airflow/example_dags/example_short_circuit_operator.py took 0.233 seconds
[2025-05-01T11:55:50.435+0000] {processor.py:161} INFO - Started process (PID=2871) to work on /home/airflow/.local/lib/python3.12/site-packages/airflow/example_dags/example_short_circuit_operator.py
[2025-05-01T11:55:50.437+0000] {processor.py:830} INFO - Processing file /home/airflow/.local/lib/python3.12/site-packages/airflow/example_dags/example_short_circuit_operator.py for tasks to queue
[2025-05-01T11:55:50.444+0000] {logging_mixin.py:188} INFO - [2025-05-01T11:55:50.443+0000] {dagbag.py:545} INFO - Filling up the DagBag from /home/airflow/.local/lib/python3.12/site-packages/airflow/example_dags/example_short_circuit_operator.py
[2025-05-01T11:55:50.461+0000] {processor.py:840} INFO - DAG(s) 'example_short_circuit_operator' retrieved from /home/airflow/.local/lib/python3.12/site-packages/airflow/example_dags/example_short_circuit_operator.py
[2025-05-01T11:55:50.526+0000] {logging_mixin.py:188} INFO - [2025-05-01T11:55:50.525+0000] {dag.py:3096} INFO - Sync 1 DAGs
[2025-05-01T11:55:50.582+0000] {logging_mixin.py:188} INFO - [2025-05-01T11:55:50.582+0000] {dag.py:3954} INFO - Setting next_dagrun for example_short_circuit_operator to 2025-04-30 00:00:00+00:00, run_after=2025-05-01 00:00:00+00:00
[2025-05-01T11:55:50.673+0000] {processor.py:183} INFO - Processing /home/airflow/.local/lib/python3.12/site-packages/airflow/example_dags/example_short_circuit_operator.py took 0.253 seconds
[2025-05-01T11:56:21.444+0000] {processor.py:161} INFO - Started process (PID=2930) to work on /home/airflow/.local/lib/python3.12/site-packages/airflow/example_dags/example_short_circuit_operator.py
[2025-05-01T11:56:21.446+0000] {processor.py:830} INFO - Processing file /home/airflow/.local/lib/python3.12/site-packages/airflow/example_dags/example_short_circuit_operator.py for tasks to queue
[2025-05-01T11:56:21.450+0000] {logging_mixin.py:188} INFO - [2025-05-01T11:56:21.449+0000] {dagbag.py:545} INFO - Filling up the DagBag from /home/airflow/.local/lib/python3.12/site-packages/airflow/example_dags/example_short_circuit_operator.py
[2025-05-01T11:56:21.471+0000] {processor.py:840} INFO - DAG(s) 'example_short_circuit_operator' retrieved from /home/airflow/.local/lib/python3.12/site-packages/airflow/example_dags/example_short_circuit_operator.py
[2025-05-01T11:56:21.524+0000] {logging_mixin.py:188} INFO - [2025-05-01T11:56:21.524+0000] {dag.py:3096} INFO - Sync 1 DAGs
[2025-05-01T11:56:21.571+0000] {logging_mixin.py:188} INFO - [2025-05-01T11:56:21.570+0000] {dag.py:3954} INFO - Setting next_dagrun for example_short_circuit_operator to 2025-04-30 00:00:00+00:00, run_after=2025-05-01 00:00:00+00:00
[2025-05-01T11:56:21.623+0000] {processor.py:183} INFO - Processing /home/airflow/.local/lib/python3.12/site-packages/airflow/example_dags/example_short_circuit_operator.py took 0.191 seconds
[2025-05-01T11:56:52.212+0000] {processor.py:161} INFO - Started process (PID=2989) to work on /home/airflow/.local/lib/python3.12/site-packages/airflow/example_dags/example_short_circuit_operator.py
[2025-05-01T11:56:52.215+0000] {processor.py:830} INFO - Processing file /home/airflow/.local/lib/python3.12/site-packages/airflow/example_dags/example_short_circuit_operator.py for tasks to queue
[2025-05-01T11:56:52.221+0000] {logging_mixin.py:188} INFO - [2025-05-01T11:56:52.219+0000] {dagbag.py:545} INFO - Filling up the DagBag from /home/airflow/.local/lib/python3.12/site-packages/airflow/example_dags/example_short_circuit_operator.py
[2025-05-01T11:56:52.242+0000] {processor.py:840} INFO - DAG(s) 'example_short_circuit_operator' retrieved from /home/airflow/.local/lib/python3.12/site-packages/airflow/example_dags/example_short_circuit_operator.py
[2025-05-01T11:56:52.315+0000] {logging_mixin.py:188} INFO - [2025-05-01T11:56:52.314+0000] {dag.py:3096} INFO - Sync 1 DAGs
[2025-05-01T11:56:52.370+0000] {logging_mixin.py:188} INFO - [2025-05-01T11:56:52.369+0000] {dag.py:3954} INFO - Setting next_dagrun for example_short_circuit_operator to 2025-04-30 00:00:00+00:00, run_after=2025-05-01 00:00:00+00:00
[2025-05-01T11:56:52.464+0000] {processor.py:183} INFO - Processing /home/airflow/.local/lib/python3.12/site-packages/airflow/example_dags/example_short_circuit_operator.py took 0.265 seconds
[2025-05-01T11:57:22.796+0000] {processor.py:161} INFO - Started process (PID=3048) to work on /home/airflow/.local/lib/python3.12/site-packages/airflow/example_dags/example_short_circuit_operator.py
[2025-05-01T11:57:22.798+0000] {processor.py:830} INFO - Processing file /home/airflow/.local/lib/python3.12/site-packages/airflow/example_dags/example_short_circuit_operator.py for tasks to queue
[2025-05-01T11:57:22.804+0000] {logging_mixin.py:188} INFO - [2025-05-01T11:57:22.803+0000] {dagbag.py:545} INFO - Filling up the DagBag from /home/airflow/.local/lib/python3.12/site-packages/airflow/example_dags/example_short_circuit_operator.py
[2025-05-01T11:57:22.822+0000] {processor.py:840} INFO - DAG(s) 'example_short_circuit_operator' retrieved from /home/airflow/.local/lib/python3.12/site-packages/airflow/example_dags/example_short_circuit_operator.py
[2025-05-01T11:57:22.887+0000] {logging_mixin.py:188} INFO - [2025-05-01T11:57:22.886+0000] {dag.py:3096} INFO - Sync 1 DAGs
[2025-05-01T11:57:22.951+0000] {logging_mixin.py:188} INFO - [2025-05-01T11:57:22.951+0000] {dag.py:3954} INFO - Setting next_dagrun for example_short_circuit_operator to 2025-04-30 00:00:00+00:00, run_after=2025-05-01 00:00:00+00:00
[2025-05-01T11:57:23.006+0000] {processor.py:183} INFO - Processing /home/airflow/.local/lib/python3.12/site-packages/airflow/example_dags/example_short_circuit_operator.py took 0.223 seconds
[2025-05-01T11:57:53.255+0000] {processor.py:161} INFO - Started process (PID=3107) to work on /home/airflow/.local/lib/python3.12/site-packages/airflow/example_dags/example_short_circuit_operator.py
[2025-05-01T11:57:53.258+0000] {processor.py:830} INFO - Processing file /home/airflow/.local/lib/python3.12/site-packages/airflow/example_dags/example_short_circuit_operator.py for tasks to queue
[2025-05-01T11:57:53.264+0000] {logging_mixin.py:188} INFO - [2025-05-01T11:57:53.263+0000] {dagbag.py:545} INFO - Filling up the DagBag from /home/airflow/.local/lib/python3.12/site-packages/airflow/example_dags/example_short_circuit_operator.py
[2025-05-01T11:57:53.283+0000] {processor.py:840} INFO - DAG(s) 'example_short_circuit_operator' retrieved from /home/airflow/.local/lib/python3.12/site-packages/airflow/example_dags/example_short_circuit_operator.py
[2025-05-01T11:57:53.349+0000] {logging_mixin.py:188} INFO - [2025-05-01T11:57:53.348+0000] {dag.py:3096} INFO - Sync 1 DAGs
[2025-05-01T11:57:53.409+0000] {logging_mixin.py:188} INFO - [2025-05-01T11:57:53.409+0000] {dag.py:3954} INFO - Setting next_dagrun for example_short_circuit_operator to 2025-04-30 00:00:00+00:00, run_after=2025-05-01 00:00:00+00:00
[2025-05-01T11:57:53.504+0000] {processor.py:183} INFO - Processing /home/airflow/.local/lib/python3.12/site-packages/airflow/example_dags/example_short_circuit_operator.py took 0.262 seconds
[2025-05-01T11:58:23.883+0000] {processor.py:161} INFO - Started process (PID=3166) to work on /home/airflow/.local/lib/python3.12/site-packages/airflow/example_dags/example_short_circuit_operator.py
[2025-05-01T11:58:23.885+0000] {processor.py:830} INFO - Processing file /home/airflow/.local/lib/python3.12/site-packages/airflow/example_dags/example_short_circuit_operator.py for tasks to queue
[2025-05-01T11:58:23.890+0000] {logging_mixin.py:188} INFO - [2025-05-01T11:58:23.889+0000] {dagbag.py:545} INFO - Filling up the DagBag from /home/airflow/.local/lib/python3.12/site-packages/airflow/example_dags/example_short_circuit_operator.py
[2025-05-01T11:58:23.906+0000] {processor.py:840} INFO - DAG(s) 'example_short_circuit_operator' retrieved from /home/airflow/.local/lib/python3.12/site-packages/airflow/example_dags/example_short_circuit_operator.py
[2025-05-01T11:58:23.963+0000] {logging_mixin.py:188} INFO - [2025-05-01T11:58:23.962+0000] {dag.py:3096} INFO - Sync 1 DAGs
[2025-05-01T11:58:24.024+0000] {logging_mixin.py:188} INFO - [2025-05-01T11:58:24.024+0000] {dag.py:3954} INFO - Setting next_dagrun for example_short_circuit_operator to 2025-04-30 00:00:00+00:00, run_after=2025-05-01 00:00:00+00:00
[2025-05-01T11:58:24.079+0000] {processor.py:183} INFO - Processing /home/airflow/.local/lib/python3.12/site-packages/airflow/example_dags/example_short_circuit_operator.py took 0.211 seconds
[2025-05-01T11:58:54.454+0000] {processor.py:161} INFO - Started process (PID=3225) to work on /home/airflow/.local/lib/python3.12/site-packages/airflow/example_dags/example_short_circuit_operator.py
[2025-05-01T11:58:54.456+0000] {processor.py:830} INFO - Processing file /home/airflow/.local/lib/python3.12/site-packages/airflow/example_dags/example_short_circuit_operator.py for tasks to queue
[2025-05-01T11:58:54.461+0000] {logging_mixin.py:188} INFO - [2025-05-01T11:58:54.460+0000] {dagbag.py:545} INFO - Filling up the DagBag from /home/airflow/.local/lib/python3.12/site-packages/airflow/example_dags/example_short_circuit_operator.py
[2025-05-01T11:58:54.478+0000] {processor.py:840} INFO - DAG(s) 'example_short_circuit_operator' retrieved from /home/airflow/.local/lib/python3.12/site-packages/airflow/example_dags/example_short_circuit_operator.py
[2025-05-01T11:58:54.544+0000] {logging_mixin.py:188} INFO - [2025-05-01T11:58:54.543+0000] {dag.py:3096} INFO - Sync 1 DAGs
[2025-05-01T11:58:54.608+0000] {logging_mixin.py:188} INFO - [2025-05-01T11:58:54.607+0000] {dag.py:3954} INFO - Setting next_dagrun for example_short_circuit_operator to 2025-04-30 00:00:00+00:00, run_after=2025-05-01 00:00:00+00:00
[2025-05-01T11:58:54.672+0000] {processor.py:183} INFO - Processing /home/airflow/.local/lib/python3.12/site-packages/airflow/example_dags/example_short_circuit_operator.py took 0.232 seconds
[2025-05-01T11:59:25.081+0000] {processor.py:161} INFO - Started process (PID=3284) to work on /home/airflow/.local/lib/python3.12/site-packages/airflow/example_dags/example_short_circuit_operator.py
[2025-05-01T11:59:25.084+0000] {processor.py:830} INFO - Processing file /home/airflow/.local/lib/python3.12/site-packages/airflow/example_dags/example_short_circuit_operator.py for tasks to queue
[2025-05-01T11:59:25.088+0000] {logging_mixin.py:188} INFO - [2025-05-01T11:59:25.087+0000] {dagbag.py:545} INFO - Filling up the DagBag from /home/airflow/.local/lib/python3.12/site-packages/airflow/example_dags/example_short_circuit_operator.py
[2025-05-01T11:59:25.112+0000] {processor.py:840} INFO - DAG(s) 'example_short_circuit_operator' retrieved from /home/airflow/.local/lib/python3.12/site-packages/airflow/example_dags/example_short_circuit_operator.py
[2025-05-01T11:59:25.176+0000] {logging_mixin.py:188} INFO - [2025-05-01T11:59:25.175+0000] {dag.py:3096} INFO - Sync 1 DAGs
[2025-05-01T11:59:25.231+0000] {logging_mixin.py:188} INFO - [2025-05-01T11:59:25.231+0000] {dag.py:3954} INFO - Setting next_dagrun for example_short_circuit_operator to 2025-04-30 00:00:00+00:00, run_after=2025-05-01 00:00:00+00:00
[2025-05-01T11:59:25.321+0000] {processor.py:183} INFO - Processing /home/airflow/.local/lib/python3.12/site-packages/airflow/example_dags/example_short_circuit_operator.py took 0.251 seconds
[2025-05-01T11:59:56.338+0000] {processor.py:161} INFO - Started process (PID=3343) to work on /home/airflow/.local/lib/python3.12/site-packages/airflow/example_dags/example_short_circuit_operator.py
[2025-05-01T11:59:56.341+0000] {processor.py:830} INFO - Processing file /home/airflow/.local/lib/python3.12/site-packages/airflow/example_dags/example_short_circuit_operator.py for tasks to queue
[2025-05-01T11:59:56.345+0000] {logging_mixin.py:188} INFO - [2025-05-01T11:59:56.344+0000] {dagbag.py:545} INFO - Filling up the DagBag from /home/airflow/.local/lib/python3.12/site-packages/airflow/example_dags/example_short_circuit_operator.py
[2025-05-01T11:59:56.375+0000] {processor.py:840} INFO - DAG(s) 'example_short_circuit_operator' retrieved from /home/airflow/.local/lib/python3.12/site-packages/airflow/example_dags/example_short_circuit_operator.py
[2025-05-01T11:59:56.426+0000] {logging_mixin.py:188} INFO - [2025-05-01T11:59:56.426+0000] {dag.py:3096} INFO - Sync 1 DAGs
[2025-05-01T11:59:56.474+0000] {logging_mixin.py:188} INFO - [2025-05-01T11:59:56.474+0000] {dag.py:3954} INFO - Setting next_dagrun for example_short_circuit_operator to 2025-04-30 00:00:00+00:00, run_after=2025-05-01 00:00:00+00:00
[2025-05-01T11:59:56.522+0000] {processor.py:183} INFO - Processing /home/airflow/.local/lib/python3.12/site-packages/airflow/example_dags/example_short_circuit_operator.py took 0.198 seconds
[2025-05-01T12:00:26.711+0000] {processor.py:161} INFO - Started process (PID=3399) to work on /home/airflow/.local/lib/python3.12/site-packages/airflow/example_dags/example_short_circuit_operator.py
[2025-05-01T12:00:26.714+0000] {processor.py:830} INFO - Processing file /home/airflow/.local/lib/python3.12/site-packages/airflow/example_dags/example_short_circuit_operator.py for tasks to queue
[2025-05-01T12:00:26.720+0000] {logging_mixin.py:188} INFO - [2025-05-01T12:00:26.719+0000] {dagbag.py:545} INFO - Filling up the DagBag from /home/airflow/.local/lib/python3.12/site-packages/airflow/example_dags/example_short_circuit_operator.py
[2025-05-01T12:00:26.744+0000] {processor.py:840} INFO - DAG(s) 'example_short_circuit_operator' retrieved from /home/airflow/.local/lib/python3.12/site-packages/airflow/example_dags/example_short_circuit_operator.py
[2025-05-01T12:00:26.848+0000] {logging_mixin.py:188} INFO - [2025-05-01T12:00:26.847+0000] {dag.py:3096} INFO - Sync 1 DAGs
[2025-05-01T12:00:26.907+0000] {logging_mixin.py:188} INFO - [2025-05-01T12:00:26.906+0000] {dag.py:3954} INFO - Setting next_dagrun for example_short_circuit_operator to 2025-04-30 00:00:00+00:00, run_after=2025-05-01 00:00:00+00:00
[2025-05-01T12:00:26.965+0000] {processor.py:183} INFO - Processing /home/airflow/.local/lib/python3.12/site-packages/airflow/example_dags/example_short_circuit_operator.py took 0.269 seconds
[2025-05-01T12:00:57.979+0000] {processor.py:161} INFO - Started process (PID=3457) to work on /home/airflow/.local/lib/python3.12/site-packages/airflow/example_dags/example_short_circuit_operator.py
[2025-05-01T12:00:57.982+0000] {processor.py:830} INFO - Processing file /home/airflow/.local/lib/python3.12/site-packages/airflow/example_dags/example_short_circuit_operator.py for tasks to queue
[2025-05-01T12:00:57.987+0000] {logging_mixin.py:188} INFO - [2025-05-01T12:00:57.986+0000] {dagbag.py:545} INFO - Filling up the DagBag from /home/airflow/.local/lib/python3.12/site-packages/airflow/example_dags/example_short_circuit_operator.py
[2025-05-01T12:00:58.007+0000] {processor.py:840} INFO - DAG(s) 'example_short_circuit_operator' retrieved from /home/airflow/.local/lib/python3.12/site-packages/airflow/example_dags/example_short_circuit_operator.py
[2025-05-01T12:00:58.080+0000] {logging_mixin.py:188} INFO - [2025-05-01T12:00:58.079+0000] {dag.py:3096} INFO - Sync 1 DAGs
[2025-05-01T12:00:58.142+0000] {logging_mixin.py:188} INFO - [2025-05-01T12:00:58.142+0000] {dag.py:3954} INFO - Setting next_dagrun for example_short_circuit_operator to 2025-04-30 00:00:00+00:00, run_after=2025-05-01 00:00:00+00:00
[2025-05-01T12:00:58.195+0000] {processor.py:183} INFO - Processing /home/airflow/.local/lib/python3.12/site-packages/airflow/example_dags/example_short_circuit_operator.py took 0.231 seconds
[2025-05-01T12:01:28.428+0000] {processor.py:161} INFO - Started process (PID=3516) to work on /home/airflow/.local/lib/python3.12/site-packages/airflow/example_dags/example_short_circuit_operator.py
[2025-05-01T12:01:28.430+0000] {processor.py:830} INFO - Processing file /home/airflow/.local/lib/python3.12/site-packages/airflow/example_dags/example_short_circuit_operator.py for tasks to queue
[2025-05-01T12:01:28.434+0000] {logging_mixin.py:188} INFO - [2025-05-01T12:01:28.433+0000] {dagbag.py:545} INFO - Filling up the DagBag from /home/airflow/.local/lib/python3.12/site-packages/airflow/example_dags/example_short_circuit_operator.py
[2025-05-01T12:01:28.449+0000] {processor.py:840} INFO - DAG(s) 'example_short_circuit_operator' retrieved from /home/airflow/.local/lib/python3.12/site-packages/airflow/example_dags/example_short_circuit_operator.py
[2025-05-01T12:01:28.510+0000] {logging_mixin.py:188} INFO - [2025-05-01T12:01:28.510+0000] {dag.py:3096} INFO - Sync 1 DAGs
[2025-05-01T12:01:28.565+0000] {logging_mixin.py:188} INFO - [2025-05-01T12:01:28.564+0000] {dag.py:3954} INFO - Setting next_dagrun for example_short_circuit_operator to 2025-04-30 00:00:00+00:00, run_after=2025-05-01 00:00:00+00:00
[2025-05-01T12:01:28.662+0000] {processor.py:183} INFO - Processing /home/airflow/.local/lib/python3.12/site-packages/airflow/example_dags/example_short_circuit_operator.py took 0.245 seconds
[2025-05-01T12:01:58.800+0000] {processor.py:161} INFO - Started process (PID=3576) to work on /home/airflow/.local/lib/python3.12/site-packages/airflow/example_dags/example_short_circuit_operator.py
[2025-05-01T12:01:58.802+0000] {processor.py:830} INFO - Processing file /home/airflow/.local/lib/python3.12/site-packages/airflow/example_dags/example_short_circuit_operator.py for tasks to queue
[2025-05-01T12:01:58.806+0000] {logging_mixin.py:188} INFO - [2025-05-01T12:01:58.805+0000] {dagbag.py:545} INFO - Filling up the DagBag from /home/airflow/.local/lib/python3.12/site-packages/airflow/example_dags/example_short_circuit_operator.py
[2025-05-01T12:01:58.824+0000] {processor.py:840} INFO - DAG(s) 'example_short_circuit_operator' retrieved from /home/airflow/.local/lib/python3.12/site-packages/airflow/example_dags/example_short_circuit_operator.py
[2025-05-01T12:01:58.888+0000] {logging_mixin.py:188} INFO - [2025-05-01T12:01:58.887+0000] {dag.py:3096} INFO - Sync 1 DAGs
[2025-05-01T12:01:58.950+0000] {logging_mixin.py:188} INFO - [2025-05-01T12:01:58.949+0000] {dag.py:3954} INFO - Setting next_dagrun for example_short_circuit_operator to 2025-04-30 00:00:00+00:00, run_after=2025-05-01 00:00:00+00:00
[2025-05-01T12:01:59.012+0000] {processor.py:183} INFO - Processing /home/airflow/.local/lib/python3.12/site-packages/airflow/example_dags/example_short_circuit_operator.py took 0.227 seconds
[2025-05-01T12:02:29.664+0000] {processor.py:161} INFO - Started process (PID=3635) to work on /home/airflow/.local/lib/python3.12/site-packages/airflow/example_dags/example_short_circuit_operator.py
[2025-05-01T12:02:29.667+0000] {processor.py:830} INFO - Processing file /home/airflow/.local/lib/python3.12/site-packages/airflow/example_dags/example_short_circuit_operator.py for tasks to queue
[2025-05-01T12:02:29.671+0000] {logging_mixin.py:188} INFO - [2025-05-01T12:02:29.671+0000] {dagbag.py:545} INFO - Filling up the DagBag from /home/airflow/.local/lib/python3.12/site-packages/airflow/example_dags/example_short_circuit_operator.py
[2025-05-01T12:02:29.686+0000] {processor.py:840} INFO - DAG(s) 'example_short_circuit_operator' retrieved from /home/airflow/.local/lib/python3.12/site-packages/airflow/example_dags/example_short_circuit_operator.py
[2025-05-01T12:02:29.738+0000] {logging_mixin.py:188} INFO - [2025-05-01T12:02:29.737+0000] {dag.py:3096} INFO - Sync 1 DAGs
[2025-05-01T12:02:29.803+0000] {logging_mixin.py:188} INFO - [2025-05-01T12:02:29.803+0000] {dag.py:3954} INFO - Setting next_dagrun for example_short_circuit_operator to 2025-04-30 00:00:00+00:00, run_after=2025-05-01 00:00:00+00:00
[2025-05-01T12:02:29.892+0000] {processor.py:183} INFO - Processing /home/airflow/.local/lib/python3.12/site-packages/airflow/example_dags/example_short_circuit_operator.py took 0.239 seconds
[2025-05-01T12:03:00.332+0000] {processor.py:161} INFO - Started process (PID=3694) to work on /home/airflow/.local/lib/python3.12/site-packages/airflow/example_dags/example_short_circuit_operator.py
[2025-05-01T12:03:00.334+0000] {processor.py:830} INFO - Processing file /home/airflow/.local/lib/python3.12/site-packages/airflow/example_dags/example_short_circuit_operator.py for tasks to queue
[2025-05-01T12:03:00.338+0000] {logging_mixin.py:188} INFO - [2025-05-01T12:03:00.338+0000] {dagbag.py:545} INFO - Filling up the DagBag from /home/airflow/.local/lib/python3.12/site-packages/airflow/example_dags/example_short_circuit_operator.py
[2025-05-01T12:03:00.355+0000] {processor.py:840} INFO - DAG(s) 'example_short_circuit_operator' retrieved from /home/airflow/.local/lib/python3.12/site-packages/airflow/example_dags/example_short_circuit_operator.py
[2025-05-01T12:03:00.425+0000] {logging_mixin.py:188} INFO - [2025-05-01T12:03:00.424+0000] {dag.py:3096} INFO - Sync 1 DAGs
[2025-05-01T12:03:00.481+0000] {logging_mixin.py:188} INFO - [2025-05-01T12:03:00.481+0000] {dag.py:3954} INFO - Setting next_dagrun for example_short_circuit_operator to 2025-04-30 00:00:00+00:00, run_after=2025-05-01 00:00:00+00:00
[2025-05-01T12:03:00.532+0000] {processor.py:183} INFO - Processing /home/airflow/.local/lib/python3.12/site-packages/airflow/example_dags/example_short_circuit_operator.py took 0.214 seconds
[2025-05-01T12:03:31.184+0000] {processor.py:161} INFO - Started process (PID=3752) to work on /home/airflow/.local/lib/python3.12/site-packages/airflow/example_dags/example_short_circuit_operator.py
[2025-05-01T12:03:31.186+0000] {processor.py:830} INFO - Processing file /home/airflow/.local/lib/python3.12/site-packages/airflow/example_dags/example_short_circuit_operator.py for tasks to queue
[2025-05-01T12:03:31.191+0000] {logging_mixin.py:188} INFO - [2025-05-01T12:03:31.191+0000] {dagbag.py:545} INFO - Filling up the DagBag from /home/airflow/.local/lib/python3.12/site-packages/airflow/example_dags/example_short_circuit_operator.py
[2025-05-01T12:03:31.208+0000] {processor.py:840} INFO - DAG(s) 'example_short_circuit_operator' retrieved from /home/airflow/.local/lib/python3.12/site-packages/airflow/example_dags/example_short_circuit_operator.py
[2025-05-01T12:03:31.270+0000] {logging_mixin.py:188} INFO - [2025-05-01T12:03:31.270+0000] {dag.py:3096} INFO - Sync 1 DAGs
[2025-05-01T12:03:31.351+0000] {logging_mixin.py:188} INFO - [2025-05-01T12:03:31.350+0000] {dag.py:3954} INFO - Setting next_dagrun for example_short_circuit_operator to 2025-04-30 00:00:00+00:00, run_after=2025-05-01 00:00:00+00:00
[2025-05-01T12:03:31.423+0000] {processor.py:183} INFO - Processing /home/airflow/.local/lib/python3.12/site-packages/airflow/example_dags/example_short_circuit_operator.py took 0.255 seconds
[2025-05-01T12:04:01.833+0000] {processor.py:161} INFO - Started process (PID=3811) to work on /home/airflow/.local/lib/python3.12/site-packages/airflow/example_dags/example_short_circuit_operator.py
[2025-05-01T12:04:01.835+0000] {processor.py:830} INFO - Processing file /home/airflow/.local/lib/python3.12/site-packages/airflow/example_dags/example_short_circuit_operator.py for tasks to queue
[2025-05-01T12:04:01.839+0000] {logging_mixin.py:188} INFO - [2025-05-01T12:04:01.839+0000] {dagbag.py:545} INFO - Filling up the DagBag from /home/airflow/.local/lib/python3.12/site-packages/airflow/example_dags/example_short_circuit_operator.py
[2025-05-01T12:04:01.854+0000] {processor.py:840} INFO - DAG(s) 'example_short_circuit_operator' retrieved from /home/airflow/.local/lib/python3.12/site-packages/airflow/example_dags/example_short_circuit_operator.py
[2025-05-01T12:04:01.905+0000] {logging_mixin.py:188} INFO - [2025-05-01T12:04:01.904+0000] {dag.py:3096} INFO - Sync 1 DAGs
[2025-05-01T12:04:01.952+0000] {logging_mixin.py:188} INFO - [2025-05-01T12:04:01.952+0000] {dag.py:3954} INFO - Setting next_dagrun for example_short_circuit_operator to 2025-04-30 00:00:00+00:00, run_after=2025-05-01 00:00:00+00:00
[2025-05-01T12:04:02.035+0000] {processor.py:183} INFO - Processing /home/airflow/.local/lib/python3.12/site-packages/airflow/example_dags/example_short_circuit_operator.py took 0.217 seconds
[2025-05-01T12:04:32.581+0000] {processor.py:161} INFO - Started process (PID=3869) to work on /home/airflow/.local/lib/python3.12/site-packages/airflow/example_dags/example_short_circuit_operator.py
[2025-05-01T12:04:32.583+0000] {processor.py:830} INFO - Processing file /home/airflow/.local/lib/python3.12/site-packages/airflow/example_dags/example_short_circuit_operator.py for tasks to queue
[2025-05-01T12:04:32.587+0000] {logging_mixin.py:188} INFO - [2025-05-01T12:04:32.586+0000] {dagbag.py:545} INFO - Filling up the DagBag from /home/airflow/.local/lib/python3.12/site-packages/airflow/example_dags/example_short_circuit_operator.py
[2025-05-01T12:04:32.602+0000] {processor.py:840} INFO - DAG(s) 'example_short_circuit_operator' retrieved from /home/airflow/.local/lib/python3.12/site-packages/airflow/example_dags/example_short_circuit_operator.py
[2025-05-01T12:04:32.665+0000] {logging_mixin.py:188} INFO - [2025-05-01T12:04:32.665+0000] {dag.py:3096} INFO - Sync 1 DAGs
[2025-05-01T12:04:32.715+0000] {logging_mixin.py:188} INFO - [2025-05-01T12:04:32.715+0000] {dag.py:3954} INFO - Setting next_dagrun for example_short_circuit_operator to 2025-04-30 00:00:00+00:00, run_after=2025-05-01 00:00:00+00:00
[2025-05-01T12:04:32.772+0000] {processor.py:183} INFO - Processing /home/airflow/.local/lib/python3.12/site-packages/airflow/example_dags/example_short_circuit_operator.py took 0.203 seconds
[2025-05-01T12:05:03.784+0000] {processor.py:161} INFO - Started process (PID=3934) to work on /home/airflow/.local/lib/python3.12/site-packages/airflow/example_dags/example_short_circuit_operator.py
[2025-05-01T12:05:03.786+0000] {processor.py:830} INFO - Processing file /home/airflow/.local/lib/python3.12/site-packages/airflow/example_dags/example_short_circuit_operator.py for tasks to queue
[2025-05-01T12:05:03.799+0000] {logging_mixin.py:188} INFO - [2025-05-01T12:05:03.798+0000] {dagbag.py:545} INFO - Filling up the DagBag from /home/airflow/.local/lib/python3.12/site-packages/airflow/example_dags/example_short_circuit_operator.py
[2025-05-01T12:05:03.838+0000] {processor.py:840} INFO - DAG(s) 'example_short_circuit_operator' retrieved from /home/airflow/.local/lib/python3.12/site-packages/airflow/example_dags/example_short_circuit_operator.py
[2025-05-01T12:05:03.891+0000] {logging_mixin.py:188} INFO - [2025-05-01T12:05:03.891+0000] {dag.py:3096} INFO - Sync 1 DAGs
[2025-05-01T12:05:03.959+0000] {logging_mixin.py:188} INFO - [2025-05-01T12:05:03.959+0000] {dag.py:3954} INFO - Setting next_dagrun for example_short_circuit_operator to 2025-04-30 00:00:00+00:00, run_after=2025-05-01 00:00:00+00:00
[2025-05-01T12:05:04.002+0000] {processor.py:183} INFO - Processing /home/airflow/.local/lib/python3.12/site-packages/airflow/example_dags/example_short_circuit_operator.py took 0.230 seconds
[2025-05-01T12:05:34.211+0000] {processor.py:161} INFO - Started process (PID=3994) to work on /home/airflow/.local/lib/python3.12/site-packages/airflow/example_dags/example_short_circuit_operator.py
[2025-05-01T12:05:34.213+0000] {processor.py:830} INFO - Processing file /home/airflow/.local/lib/python3.12/site-packages/airflow/example_dags/example_short_circuit_operator.py for tasks to queue
[2025-05-01T12:05:34.218+0000] {logging_mixin.py:188} INFO - [2025-05-01T12:05:34.217+0000] {dagbag.py:545} INFO - Filling up the DagBag from /home/airflow/.local/lib/python3.12/site-packages/airflow/example_dags/example_short_circuit_operator.py
[2025-05-01T12:05:34.238+0000] {processor.py:840} INFO - DAG(s) 'example_short_circuit_operator' retrieved from /home/airflow/.local/lib/python3.12/site-packages/airflow/example_dags/example_short_circuit_operator.py
[2025-05-01T12:05:34.295+0000] {logging_mixin.py:188} INFO - [2025-05-01T12:05:34.294+0000] {dag.py:3096} INFO - Sync 1 DAGs
[2025-05-01T12:05:34.349+0000] {logging_mixin.py:188} INFO - [2025-05-01T12:05:34.349+0000] {dag.py:3954} INFO - Setting next_dagrun for example_short_circuit_operator to 2025-04-30 00:00:00+00:00, run_after=2025-05-01 00:00:00+00:00
[2025-05-01T12:05:34.400+0000] {processor.py:183} INFO - Processing /home/airflow/.local/lib/python3.12/site-packages/airflow/example_dags/example_short_circuit_operator.py took 0.202 seconds
[2025-05-01T12:06:05.109+0000] {processor.py:161} INFO - Started process (PID=4053) to work on /home/airflow/.local/lib/python3.12/site-packages/airflow/example_dags/example_short_circuit_operator.py
[2025-05-01T12:06:05.111+0000] {processor.py:830} INFO - Processing file /home/airflow/.local/lib/python3.12/site-packages/airflow/example_dags/example_short_circuit_operator.py for tasks to queue
[2025-05-01T12:06:05.117+0000] {logging_mixin.py:188} INFO - [2025-05-01T12:06:05.116+0000] {dagbag.py:545} INFO - Filling up the DagBag from /home/airflow/.local/lib/python3.12/site-packages/airflow/example_dags/example_short_circuit_operator.py
[2025-05-01T12:06:05.138+0000] {processor.py:840} INFO - DAG(s) 'example_short_circuit_operator' retrieved from /home/airflow/.local/lib/python3.12/site-packages/airflow/example_dags/example_short_circuit_operator.py
[2025-05-01T12:06:05.192+0000] {logging_mixin.py:188} INFO - [2025-05-01T12:06:05.191+0000] {dag.py:3096} INFO - Sync 1 DAGs
[2025-05-01T12:06:05.240+0000] {logging_mixin.py:188} INFO - [2025-05-01T12:06:05.239+0000] {dag.py:3954} INFO - Setting next_dagrun for example_short_circuit_operator to 2025-04-30 00:00:00+00:00, run_after=2025-05-01 00:00:00+00:00
[2025-05-01T12:06:05.285+0000] {processor.py:183} INFO - Processing /home/airflow/.local/lib/python3.12/site-packages/airflow/example_dags/example_short_circuit_operator.py took 0.188 seconds
[2025-05-01T12:06:36.189+0000] {processor.py:161} INFO - Started process (PID=4113) to work on /home/airflow/.local/lib/python3.12/site-packages/airflow/example_dags/example_short_circuit_operator.py
[2025-05-01T12:06:36.192+0000] {processor.py:830} INFO - Processing file /home/airflow/.local/lib/python3.12/site-packages/airflow/example_dags/example_short_circuit_operator.py for tasks to queue
[2025-05-01T12:06:36.198+0000] {logging_mixin.py:188} INFO - [2025-05-01T12:06:36.197+0000] {dagbag.py:545} INFO - Filling up the DagBag from /home/airflow/.local/lib/python3.12/site-packages/airflow/example_dags/example_short_circuit_operator.py
[2025-05-01T12:06:36.221+0000] {processor.py:840} INFO - DAG(s) 'example_short_circuit_operator' retrieved from /home/airflow/.local/lib/python3.12/site-packages/airflow/example_dags/example_short_circuit_operator.py
[2025-05-01T12:06:36.285+0000] {logging_mixin.py:188} INFO - [2025-05-01T12:06:36.285+0000] {dag.py:3096} INFO - Sync 1 DAGs
[2025-05-01T12:06:36.356+0000] {logging_mixin.py:188} INFO - [2025-05-01T12:06:36.356+0000] {dag.py:3954} INFO - Setting next_dagrun for example_short_circuit_operator to 2025-04-30 00:00:00+00:00, run_after=2025-05-01 00:00:00+00:00
[2025-05-01T12:06:36.451+0000] {processor.py:183} INFO - Processing /home/airflow/.local/lib/python3.12/site-packages/airflow/example_dags/example_short_circuit_operator.py took 0.278 seconds
[2025-05-01T12:07:07.242+0000] {processor.py:161} INFO - Started process (PID=4172) to work on /home/airflow/.local/lib/python3.12/site-packages/airflow/example_dags/example_short_circuit_operator.py
[2025-05-01T12:07:07.244+0000] {processor.py:830} INFO - Processing file /home/airflow/.local/lib/python3.12/site-packages/airflow/example_dags/example_short_circuit_operator.py for tasks to queue
[2025-05-01T12:07:07.249+0000] {logging_mixin.py:188} INFO - [2025-05-01T12:07:07.248+0000] {dagbag.py:545} INFO - Filling up the DagBag from /home/airflow/.local/lib/python3.12/site-packages/airflow/example_dags/example_short_circuit_operator.py
[2025-05-01T12:07:07.263+0000] {processor.py:840} INFO - DAG(s) 'example_short_circuit_operator' retrieved from /home/airflow/.local/lib/python3.12/site-packages/airflow/example_dags/example_short_circuit_operator.py
[2025-05-01T12:07:07.356+0000] {logging_mixin.py:188} INFO - [2025-05-01T12:07:07.355+0000] {dag.py:3096} INFO - Sync 1 DAGs
[2025-05-01T12:07:07.435+0000] {logging_mixin.py:188} INFO - [2025-05-01T12:07:07.435+0000] {dag.py:3954} INFO - Setting next_dagrun for example_short_circuit_operator to 2025-04-30 00:00:00+00:00, run_after=2025-05-01 00:00:00+00:00
[2025-05-01T12:07:07.495+0000] {processor.py:183} INFO - Processing /home/airflow/.local/lib/python3.12/site-packages/airflow/example_dags/example_short_circuit_operator.py took 0.265 seconds
[2025-05-01T12:07:37.989+0000] {processor.py:161} INFO - Started process (PID=4231) to work on /home/airflow/.local/lib/python3.12/site-packages/airflow/example_dags/example_short_circuit_operator.py
[2025-05-01T12:07:37.991+0000] {processor.py:830} INFO - Processing file /home/airflow/.local/lib/python3.12/site-packages/airflow/example_dags/example_short_circuit_operator.py for tasks to queue
[2025-05-01T12:07:37.996+0000] {logging_mixin.py:188} INFO - [2025-05-01T12:07:37.995+0000] {dagbag.py:545} INFO - Filling up the DagBag from /home/airflow/.local/lib/python3.12/site-packages/airflow/example_dags/example_short_circuit_operator.py
[2025-05-01T12:07:38.012+0000] {processor.py:840} INFO - DAG(s) 'example_short_circuit_operator' retrieved from /home/airflow/.local/lib/python3.12/site-packages/airflow/example_dags/example_short_circuit_operator.py
[2025-05-01T12:07:38.063+0000] {logging_mixin.py:188} INFO - [2025-05-01T12:07:38.063+0000] {dag.py:3096} INFO - Sync 1 DAGs
[2025-05-01T12:07:38.113+0000] {logging_mixin.py:188} INFO - [2025-05-01T12:07:38.112+0000] {dag.py:3954} INFO - Setting next_dagrun for example_short_circuit_operator to 2025-04-30 00:00:00+00:00, run_after=2025-05-01 00:00:00+00:00
[2025-05-01T12:07:38.196+0000] {processor.py:183} INFO - Processing /home/airflow/.local/lib/python3.12/site-packages/airflow/example_dags/example_short_circuit_operator.py took 0.219 seconds
[2025-05-01T12:08:08.674+0000] {processor.py:161} INFO - Started process (PID=4290) to work on /home/airflow/.local/lib/python3.12/site-packages/airflow/example_dags/example_short_circuit_operator.py
[2025-05-01T12:08:08.688+0000] {processor.py:830} INFO - Processing file /home/airflow/.local/lib/python3.12/site-packages/airflow/example_dags/example_short_circuit_operator.py for tasks to queue
[2025-05-01T12:08:08.702+0000] {logging_mixin.py:188} INFO - [2025-05-01T12:08:08.701+0000] {dagbag.py:545} INFO - Filling up the DagBag from /home/airflow/.local/lib/python3.12/site-packages/airflow/example_dags/example_short_circuit_operator.py
[2025-05-01T12:08:08.748+0000] {processor.py:840} INFO - DAG(s) 'example_short_circuit_operator' retrieved from /home/airflow/.local/lib/python3.12/site-packages/airflow/example_dags/example_short_circuit_operator.py
[2025-05-01T12:08:08.799+0000] {logging_mixin.py:188} INFO - [2025-05-01T12:08:08.798+0000] {dag.py:3096} INFO - Sync 1 DAGs
[2025-05-01T12:08:08.846+0000] {logging_mixin.py:188} INFO - [2025-05-01T12:08:08.846+0000] {dag.py:3954} INFO - Setting next_dagrun for example_short_circuit_operator to 2025-04-30 00:00:00+00:00, run_after=2025-05-01 00:00:00+00:00
[2025-05-01T12:08:08.915+0000] {processor.py:183} INFO - Processing /home/airflow/.local/lib/python3.12/site-packages/airflow/example_dags/example_short_circuit_operator.py took 0.282 seconds
[2025-05-01T12:08:39.793+0000] {processor.py:161} INFO - Started process (PID=4349) to work on /home/airflow/.local/lib/python3.12/site-packages/airflow/example_dags/example_short_circuit_operator.py
[2025-05-01T12:08:39.795+0000] {processor.py:830} INFO - Processing file /home/airflow/.local/lib/python3.12/site-packages/airflow/example_dags/example_short_circuit_operator.py for tasks to queue
[2025-05-01T12:08:39.799+0000] {logging_mixin.py:188} INFO - [2025-05-01T12:08:39.799+0000] {dagbag.py:545} INFO - Filling up the DagBag from /home/airflow/.local/lib/python3.12/site-packages/airflow/example_dags/example_short_circuit_operator.py
[2025-05-01T12:08:39.814+0000] {processor.py:840} INFO - DAG(s) 'example_short_circuit_operator' retrieved from /home/airflow/.local/lib/python3.12/site-packages/airflow/example_dags/example_short_circuit_operator.py
[2025-05-01T12:08:39.862+0000] {logging_mixin.py:188} INFO - [2025-05-01T12:08:39.862+0000] {dag.py:3096} INFO - Sync 1 DAGs
[2025-05-01T12:08:39.906+0000] {logging_mixin.py:188} INFO - [2025-05-01T12:08:39.905+0000] {dag.py:3954} INFO - Setting next_dagrun for example_short_circuit_operator to 2025-04-30 00:00:00+00:00, run_after=2025-05-01 00:00:00+00:00
[2025-05-01T12:08:39.971+0000] {processor.py:183} INFO - Processing /home/airflow/.local/lib/python3.12/site-packages/airflow/example_dags/example_short_circuit_operator.py took 0.190 seconds
[2025-05-01T12:09:10.169+0000] {processor.py:161} INFO - Started process (PID=4409) to work on /home/airflow/.local/lib/python3.12/site-packages/airflow/example_dags/example_short_circuit_operator.py
[2025-05-01T12:09:10.171+0000] {processor.py:830} INFO - Processing file /home/airflow/.local/lib/python3.12/site-packages/airflow/example_dags/example_short_circuit_operator.py for tasks to queue
[2025-05-01T12:09:10.175+0000] {logging_mixin.py:188} INFO - [2025-05-01T12:09:10.175+0000] {dagbag.py:545} INFO - Filling up the DagBag from /home/airflow/.local/lib/python3.12/site-packages/airflow/example_dags/example_short_circuit_operator.py
[2025-05-01T12:09:10.190+0000] {processor.py:840} INFO - DAG(s) 'example_short_circuit_operator' retrieved from /home/airflow/.local/lib/python3.12/site-packages/airflow/example_dags/example_short_circuit_operator.py
[2025-05-01T12:09:10.240+0000] {logging_mixin.py:188} INFO - [2025-05-01T12:09:10.240+0000] {dag.py:3096} INFO - Sync 1 DAGs
[2025-05-01T12:09:10.299+0000] {logging_mixin.py:188} INFO - [2025-05-01T12:09:10.298+0000] {dag.py:3954} INFO - Setting next_dagrun for example_short_circuit_operator to 2025-04-30 00:00:00+00:00, run_after=2025-05-01 00:00:00+00:00
[2025-05-01T12:09:10.352+0000] {processor.py:183} INFO - Processing /home/airflow/.local/lib/python3.12/site-packages/airflow/example_dags/example_short_circuit_operator.py took 0.194 seconds
[2025-05-01T12:09:40.759+0000] {processor.py:161} INFO - Started process (PID=4468) to work on /home/airflow/.local/lib/python3.12/site-packages/airflow/example_dags/example_short_circuit_operator.py
[2025-05-01T12:09:40.761+0000] {processor.py:830} INFO - Processing file /home/airflow/.local/lib/python3.12/site-packages/airflow/example_dags/example_short_circuit_operator.py for tasks to queue
[2025-05-01T12:09:40.766+0000] {logging_mixin.py:188} INFO - [2025-05-01T12:09:40.765+0000] {dagbag.py:545} INFO - Filling up the DagBag from /home/airflow/.local/lib/python3.12/site-packages/airflow/example_dags/example_short_circuit_operator.py
[2025-05-01T12:09:40.782+0000] {processor.py:840} INFO - DAG(s) 'example_short_circuit_operator' retrieved from /home/airflow/.local/lib/python3.12/site-packages/airflow/example_dags/example_short_circuit_operator.py
[2025-05-01T12:09:40.853+0000] {logging_mixin.py:188} INFO - [2025-05-01T12:09:40.852+0000] {dag.py:3096} INFO - Sync 1 DAGs
[2025-05-01T12:09:40.907+0000] {logging_mixin.py:188} INFO - [2025-05-01T12:09:40.906+0000] {dag.py:3954} INFO - Setting next_dagrun for example_short_circuit_operator to 2025-04-30 00:00:00+00:00, run_after=2025-05-01 00:00:00+00:00
[2025-05-01T12:09:40.997+0000] {processor.py:183} INFO - Processing /home/airflow/.local/lib/python3.12/site-packages/airflow/example_dags/example_short_circuit_operator.py took 0.249 seconds
[2025-05-01T12:10:11.253+0000] {processor.py:161} INFO - Started process (PID=4527) to work on /home/airflow/.local/lib/python3.12/site-packages/airflow/example_dags/example_short_circuit_operator.py
[2025-05-01T12:10:11.256+0000] {processor.py:830} INFO - Processing file /home/airflow/.local/lib/python3.12/site-packages/airflow/example_dags/example_short_circuit_operator.py for tasks to queue
[2025-05-01T12:10:11.260+0000] {logging_mixin.py:188} INFO - [2025-05-01T12:10:11.259+0000] {dagbag.py:545} INFO - Filling up the DagBag from /home/airflow/.local/lib/python3.12/site-packages/airflow/example_dags/example_short_circuit_operator.py
[2025-05-01T12:10:11.278+0000] {processor.py:840} INFO - DAG(s) 'example_short_circuit_operator' retrieved from /home/airflow/.local/lib/python3.12/site-packages/airflow/example_dags/example_short_circuit_operator.py
[2025-05-01T12:10:11.332+0000] {logging_mixin.py:188} INFO - [2025-05-01T12:10:11.331+0000] {dag.py:3096} INFO - Sync 1 DAGs
[2025-05-01T12:10:11.384+0000] {logging_mixin.py:188} INFO - [2025-05-01T12:10:11.383+0000] {dag.py:3954} INFO - Setting next_dagrun for example_short_circuit_operator to 2025-04-30 00:00:00+00:00, run_after=2025-05-01 00:00:00+00:00
[2025-05-01T12:10:11.434+0000] {processor.py:183} INFO - Processing /home/airflow/.local/lib/python3.12/site-packages/airflow/example_dags/example_short_circuit_operator.py took 0.192 seconds
[2025-05-01T12:10:41.586+0000] {processor.py:161} INFO - Started process (PID=4586) to work on /home/airflow/.local/lib/python3.12/site-packages/airflow/example_dags/example_short_circuit_operator.py
[2025-05-01T12:10:41.588+0000] {processor.py:830} INFO - Processing file /home/airflow/.local/lib/python3.12/site-packages/airflow/example_dags/example_short_circuit_operator.py for tasks to queue
[2025-05-01T12:10:41.592+0000] {logging_mixin.py:188} INFO - [2025-05-01T12:10:41.592+0000] {dagbag.py:545} INFO - Filling up the DagBag from /home/airflow/.local/lib/python3.12/site-packages/airflow/example_dags/example_short_circuit_operator.py
[2025-05-01T12:10:41.606+0000] {processor.py:840} INFO - DAG(s) 'example_short_circuit_operator' retrieved from /home/airflow/.local/lib/python3.12/site-packages/airflow/example_dags/example_short_circuit_operator.py
[2025-05-01T12:10:41.653+0000] {logging_mixin.py:188} INFO - [2025-05-01T12:10:41.652+0000] {dag.py:3096} INFO - Sync 1 DAGs
[2025-05-01T12:10:41.696+0000] {logging_mixin.py:188} INFO - [2025-05-01T12:10:41.695+0000] {dag.py:3954} INFO - Setting next_dagrun for example_short_circuit_operator to 2025-04-30 00:00:00+00:00, run_after=2025-05-01 00:00:00+00:00
[2025-05-01T12:10:41.737+0000] {processor.py:183} INFO - Processing /home/airflow/.local/lib/python3.12/site-packages/airflow/example_dags/example_short_circuit_operator.py took 0.162 seconds
[2025-05-01T12:11:12.557+0000] {processor.py:161} INFO - Started process (PID=4645) to work on /home/airflow/.local/lib/python3.12/site-packages/airflow/example_dags/example_short_circuit_operator.py
[2025-05-01T12:11:12.559+0000] {processor.py:830} INFO - Processing file /home/airflow/.local/lib/python3.12/site-packages/airflow/example_dags/example_short_circuit_operator.py for tasks to queue
[2025-05-01T12:11:12.565+0000] {logging_mixin.py:188} INFO - [2025-05-01T12:11:12.564+0000] {dagbag.py:545} INFO - Filling up the DagBag from /home/airflow/.local/lib/python3.12/site-packages/airflow/example_dags/example_short_circuit_operator.py
[2025-05-01T12:11:12.583+0000] {processor.py:840} INFO - DAG(s) 'example_short_circuit_operator' retrieved from /home/airflow/.local/lib/python3.12/site-packages/airflow/example_dags/example_short_circuit_operator.py
[2025-05-01T12:11:12.645+0000] {logging_mixin.py:188} INFO - [2025-05-01T12:11:12.644+0000] {dag.py:3096} INFO - Sync 1 DAGs
[2025-05-01T12:11:12.700+0000] {logging_mixin.py:188} INFO - [2025-05-01T12:11:12.699+0000] {dag.py:3954} INFO - Setting next_dagrun for example_short_circuit_operator to 2025-04-30 00:00:00+00:00, run_after=2025-05-01 00:00:00+00:00
[2025-05-01T12:11:12.750+0000] {processor.py:183} INFO - Processing /home/airflow/.local/lib/python3.12/site-packages/airflow/example_dags/example_short_circuit_operator.py took 0.210 seconds
[2025-05-01T12:11:43.401+0000] {processor.py:161} INFO - Started process (PID=4704) to work on /home/airflow/.local/lib/python3.12/site-packages/airflow/example_dags/example_short_circuit_operator.py
[2025-05-01T12:11:43.403+0000] {processor.py:830} INFO - Processing file /home/airflow/.local/lib/python3.12/site-packages/airflow/example_dags/example_short_circuit_operator.py for tasks to queue
[2025-05-01T12:11:43.407+0000] {logging_mixin.py:188} INFO - [2025-05-01T12:11:43.406+0000] {dagbag.py:545} INFO - Filling up the DagBag from /home/airflow/.local/lib/python3.12/site-packages/airflow/example_dags/example_short_circuit_operator.py
[2025-05-01T12:11:43.422+0000] {processor.py:840} INFO - DAG(s) 'example_short_circuit_operator' retrieved from /home/airflow/.local/lib/python3.12/site-packages/airflow/example_dags/example_short_circuit_operator.py
[2025-05-01T12:11:43.473+0000] {logging_mixin.py:188} INFO - [2025-05-01T12:11:43.473+0000] {dag.py:3096} INFO - Sync 1 DAGs
[2025-05-01T12:11:43.522+0000] {logging_mixin.py:188} INFO - [2025-05-01T12:11:43.521+0000] {dag.py:3954} INFO - Setting next_dagrun for example_short_circuit_operator to 2025-04-30 00:00:00+00:00, run_after=2025-05-01 00:00:00+00:00
[2025-05-01T12:11:43.604+0000] {processor.py:183} INFO - Processing /home/airflow/.local/lib/python3.12/site-packages/airflow/example_dags/example_short_circuit_operator.py took 0.215 seconds
[2025-05-01T12:12:14.109+0000] {processor.py:161} INFO - Started process (PID=4763) to work on /home/airflow/.local/lib/python3.12/site-packages/airflow/example_dags/example_short_circuit_operator.py
[2025-05-01T12:12:14.111+0000] {processor.py:830} INFO - Processing file /home/airflow/.local/lib/python3.12/site-packages/airflow/example_dags/example_short_circuit_operator.py for tasks to queue
[2025-05-01T12:12:14.116+0000] {logging_mixin.py:188} INFO - [2025-05-01T12:12:14.115+0000] {dagbag.py:545} INFO - Filling up the DagBag from /home/airflow/.local/lib/python3.12/site-packages/airflow/example_dags/example_short_circuit_operator.py
[2025-05-01T12:12:14.138+0000] {processor.py:840} INFO - DAG(s) 'example_short_circuit_operator' retrieved from /home/airflow/.local/lib/python3.12/site-packages/airflow/example_dags/example_short_circuit_operator.py
[2025-05-01T12:12:14.208+0000] {logging_mixin.py:188} INFO - [2025-05-01T12:12:14.207+0000] {dag.py:3096} INFO - Sync 1 DAGs
[2025-05-01T12:12:14.269+0000] {logging_mixin.py:188} INFO - [2025-05-01T12:12:14.268+0000] {dag.py:3954} INFO - Setting next_dagrun for example_short_circuit_operator to 2025-04-30 00:00:00+00:00, run_after=2025-05-01 00:00:00+00:00
[2025-05-01T12:12:14.359+0000] {processor.py:183} INFO - Processing /home/airflow/.local/lib/python3.12/site-packages/airflow/example_dags/example_short_circuit_operator.py took 0.266 seconds
[2025-05-01T12:12:44.761+0000] {processor.py:161} INFO - Started process (PID=4823) to work on /home/airflow/.local/lib/python3.12/site-packages/airflow/example_dags/example_short_circuit_operator.py
[2025-05-01T12:12:44.763+0000] {processor.py:830} INFO - Processing file /home/airflow/.local/lib/python3.12/site-packages/airflow/example_dags/example_short_circuit_operator.py for tasks to queue
[2025-05-01T12:12:44.767+0000] {logging_mixin.py:188} INFO - [2025-05-01T12:12:44.767+0000] {dagbag.py:545} INFO - Filling up the DagBag from /home/airflow/.local/lib/python3.12/site-packages/airflow/example_dags/example_short_circuit_operator.py
[2025-05-01T12:12:44.789+0000] {processor.py:840} INFO - DAG(s) 'example_short_circuit_operator' retrieved from /home/airflow/.local/lib/python3.12/site-packages/airflow/example_dags/example_short_circuit_operator.py
[2025-05-01T12:12:44.845+0000] {logging_mixin.py:188} INFO - [2025-05-01T12:12:44.844+0000] {dag.py:3096} INFO - Sync 1 DAGs
[2025-05-01T12:12:44.896+0000] {logging_mixin.py:188} INFO - [2025-05-01T12:12:44.895+0000] {dag.py:3954} INFO - Setting next_dagrun for example_short_circuit_operator to 2025-04-30 00:00:00+00:00, run_after=2025-05-01 00:00:00+00:00
[2025-05-01T12:12:45.040+0000] {processor.py:183} INFO - Processing /home/airflow/.local/lib/python3.12/site-packages/airflow/example_dags/example_short_circuit_operator.py took 0.292 seconds
[2025-05-01T12:13:16.093+0000] {processor.py:161} INFO - Started process (PID=4882) to work on /home/airflow/.local/lib/python3.12/site-packages/airflow/example_dags/example_short_circuit_operator.py
[2025-05-01T12:13:16.095+0000] {processor.py:830} INFO - Processing file /home/airflow/.local/lib/python3.12/site-packages/airflow/example_dags/example_short_circuit_operator.py for tasks to queue
[2025-05-01T12:13:16.099+0000] {logging_mixin.py:188} INFO - [2025-05-01T12:13:16.098+0000] {dagbag.py:545} INFO - Filling up the DagBag from /home/airflow/.local/lib/python3.12/site-packages/airflow/example_dags/example_short_circuit_operator.py
[2025-05-01T12:13:16.120+0000] {processor.py:840} INFO - DAG(s) 'example_short_circuit_operator' retrieved from /home/airflow/.local/lib/python3.12/site-packages/airflow/example_dags/example_short_circuit_operator.py
[2025-05-01T12:13:16.188+0000] {logging_mixin.py:188} INFO - [2025-05-01T12:13:16.187+0000] {dag.py:3096} INFO - Sync 1 DAGs
[2025-05-01T12:13:16.265+0000] {logging_mixin.py:188} INFO - [2025-05-01T12:13:16.265+0000] {dag.py:3954} INFO - Setting next_dagrun for example_short_circuit_operator to 2025-04-30 00:00:00+00:00, run_after=2025-05-01 00:00:00+00:00
[2025-05-01T12:13:16.355+0000] {processor.py:183} INFO - Processing /home/airflow/.local/lib/python3.12/site-packages/airflow/example_dags/example_short_circuit_operator.py took 0.275 seconds
[2025-05-01T12:13:47.058+0000] {processor.py:161} INFO - Started process (PID=4941) to work on /home/airflow/.local/lib/python3.12/site-packages/airflow/example_dags/example_short_circuit_operator.py
[2025-05-01T12:13:47.060+0000] {processor.py:830} INFO - Processing file /home/airflow/.local/lib/python3.12/site-packages/airflow/example_dags/example_short_circuit_operator.py for tasks to queue
[2025-05-01T12:13:47.069+0000] {logging_mixin.py:188} INFO - [2025-05-01T12:13:47.068+0000] {dagbag.py:545} INFO - Filling up the DagBag from /home/airflow/.local/lib/python3.12/site-packages/airflow/example_dags/example_short_circuit_operator.py
[2025-05-01T12:13:47.088+0000] {processor.py:840} INFO - DAG(s) 'example_short_circuit_operator' retrieved from /home/airflow/.local/lib/python3.12/site-packages/airflow/example_dags/example_short_circuit_operator.py
[2025-05-01T12:13:47.139+0000] {logging_mixin.py:188} INFO - [2025-05-01T12:13:47.139+0000] {dag.py:3096} INFO - Sync 1 DAGs
[2025-05-01T12:13:47.201+0000] {logging_mixin.py:188} INFO - [2025-05-01T12:13:47.201+0000] {dag.py:3954} INFO - Setting next_dagrun for example_short_circuit_operator to 2025-04-30 00:00:00+00:00, run_after=2025-05-01 00:00:00+00:00
[2025-05-01T12:13:47.256+0000] {processor.py:183} INFO - Processing /home/airflow/.local/lib/python3.12/site-packages/airflow/example_dags/example_short_circuit_operator.py took 0.213 seconds
[2025-05-01T12:14:18.115+0000] {processor.py:161} INFO - Started process (PID=5001) to work on /home/airflow/.local/lib/python3.12/site-packages/airflow/example_dags/example_short_circuit_operator.py
[2025-05-01T12:14:18.117+0000] {processor.py:830} INFO - Processing file /home/airflow/.local/lib/python3.12/site-packages/airflow/example_dags/example_short_circuit_operator.py for tasks to queue
[2025-05-01T12:14:18.122+0000] {logging_mixin.py:188} INFO - [2025-05-01T12:14:18.121+0000] {dagbag.py:545} INFO - Filling up the DagBag from /home/airflow/.local/lib/python3.12/site-packages/airflow/example_dags/example_short_circuit_operator.py
[2025-05-01T12:14:18.142+0000] {processor.py:840} INFO - DAG(s) 'example_short_circuit_operator' retrieved from /home/airflow/.local/lib/python3.12/site-packages/airflow/example_dags/example_short_circuit_operator.py
[2025-05-01T12:14:18.206+0000] {logging_mixin.py:188} INFO - [2025-05-01T12:14:18.205+0000] {dag.py:3096} INFO - Sync 1 DAGs
[2025-05-01T12:14:18.265+0000] {logging_mixin.py:188} INFO - [2025-05-01T12:14:18.265+0000] {dag.py:3954} INFO - Setting next_dagrun for example_short_circuit_operator to 2025-04-30 00:00:00+00:00, run_after=2025-05-01 00:00:00+00:00
[2025-05-01T12:14:18.319+0000] {processor.py:183} INFO - Processing /home/airflow/.local/lib/python3.12/site-packages/airflow/example_dags/example_short_circuit_operator.py took 0.217 seconds
[2025-05-01T12:14:48.594+0000] {processor.py:161} INFO - Started process (PID=5060) to work on /home/airflow/.local/lib/python3.12/site-packages/airflow/example_dags/example_short_circuit_operator.py
[2025-05-01T12:14:48.597+0000] {processor.py:830} INFO - Processing file /home/airflow/.local/lib/python3.12/site-packages/airflow/example_dags/example_short_circuit_operator.py for tasks to queue
[2025-05-01T12:14:48.602+0000] {logging_mixin.py:188} INFO - [2025-05-01T12:14:48.601+0000] {dagbag.py:545} INFO - Filling up the DagBag from /home/airflow/.local/lib/python3.12/site-packages/airflow/example_dags/example_short_circuit_operator.py
[2025-05-01T12:14:48.619+0000] {processor.py:840} INFO - DAG(s) 'example_short_circuit_operator' retrieved from /home/airflow/.local/lib/python3.12/site-packages/airflow/example_dags/example_short_circuit_operator.py
[2025-05-01T12:14:48.676+0000] {logging_mixin.py:188} INFO - [2025-05-01T12:14:48.675+0000] {dag.py:3096} INFO - Sync 1 DAGs
[2025-05-01T12:14:48.732+0000] {logging_mixin.py:188} INFO - [2025-05-01T12:14:48.731+0000] {dag.py:3954} INFO - Setting next_dagrun for example_short_circuit_operator to 2025-04-30 00:00:00+00:00, run_after=2025-05-01 00:00:00+00:00
[2025-05-01T12:14:48.822+0000] {processor.py:183} INFO - Processing /home/airflow/.local/lib/python3.12/site-packages/airflow/example_dags/example_short_circuit_operator.py took 0.241 seconds
[2025-05-01T12:15:19.141+0000] {processor.py:161} INFO - Started process (PID=5120) to work on /home/airflow/.local/lib/python3.12/site-packages/airflow/example_dags/example_short_circuit_operator.py
[2025-05-01T12:15:19.143+0000] {processor.py:830} INFO - Processing file /home/airflow/.local/lib/python3.12/site-packages/airflow/example_dags/example_short_circuit_operator.py for tasks to queue
[2025-05-01T12:15:19.148+0000] {logging_mixin.py:188} INFO - [2025-05-01T12:15:19.147+0000] {dagbag.py:545} INFO - Filling up the DagBag from /home/airflow/.local/lib/python3.12/site-packages/airflow/example_dags/example_short_circuit_operator.py
[2025-05-01T12:15:19.165+0000] {processor.py:840} INFO - DAG(s) 'example_short_circuit_operator' retrieved from /home/airflow/.local/lib/python3.12/site-packages/airflow/example_dags/example_short_circuit_operator.py
[2025-05-01T12:15:19.224+0000] {logging_mixin.py:188} INFO - [2025-05-01T12:15:19.223+0000] {dag.py:3096} INFO - Sync 1 DAGs
[2025-05-01T12:15:19.277+0000] {logging_mixin.py:188} INFO - [2025-05-01T12:15:19.277+0000] {dag.py:3954} INFO - Setting next_dagrun for example_short_circuit_operator to 2025-04-30 00:00:00+00:00, run_after=2025-05-01 00:00:00+00:00
[2025-05-01T12:15:19.364+0000] {processor.py:183} INFO - Processing /home/airflow/.local/lib/python3.12/site-packages/airflow/example_dags/example_short_circuit_operator.py took 0.237 seconds
[2025-05-01T12:15:49.565+0000] {processor.py:161} INFO - Started process (PID=5179) to work on /home/airflow/.local/lib/python3.12/site-packages/airflow/example_dags/example_short_circuit_operator.py
[2025-05-01T12:15:49.567+0000] {processor.py:830} INFO - Processing file /home/airflow/.local/lib/python3.12/site-packages/airflow/example_dags/example_short_circuit_operator.py for tasks to queue
[2025-05-01T12:15:49.572+0000] {logging_mixin.py:188} INFO - [2025-05-01T12:15:49.571+0000] {dagbag.py:545} INFO - Filling up the DagBag from /home/airflow/.local/lib/python3.12/site-packages/airflow/example_dags/example_short_circuit_operator.py
[2025-05-01T12:15:49.594+0000] {processor.py:840} INFO - DAG(s) 'example_short_circuit_operator' retrieved from /home/airflow/.local/lib/python3.12/site-packages/airflow/example_dags/example_short_circuit_operator.py
[2025-05-01T12:15:49.674+0000] {logging_mixin.py:188} INFO - [2025-05-01T12:15:49.673+0000] {dag.py:3096} INFO - Sync 1 DAGs
[2025-05-01T12:15:49.734+0000] {logging_mixin.py:188} INFO - [2025-05-01T12:15:49.734+0000] {dag.py:3954} INFO - Setting next_dagrun for example_short_circuit_operator to 2025-04-30 00:00:00+00:00, run_after=2025-05-01 00:00:00+00:00
[2025-05-01T12:15:49.786+0000] {processor.py:183} INFO - Processing /home/airflow/.local/lib/python3.12/site-packages/airflow/example_dags/example_short_circuit_operator.py took 0.236 seconds
[2025-05-01T12:16:20.177+0000] {processor.py:161} INFO - Started process (PID=5238) to work on /home/airflow/.local/lib/python3.12/site-packages/airflow/example_dags/example_short_circuit_operator.py
[2025-05-01T12:16:20.180+0000] {processor.py:830} INFO - Processing file /home/airflow/.local/lib/python3.12/site-packages/airflow/example_dags/example_short_circuit_operator.py for tasks to queue
[2025-05-01T12:16:20.188+0000] {logging_mixin.py:188} INFO - [2025-05-01T12:16:20.187+0000] {dagbag.py:545} INFO - Filling up the DagBag from /home/airflow/.local/lib/python3.12/site-packages/airflow/example_dags/example_short_circuit_operator.py
[2025-05-01T12:16:20.213+0000] {processor.py:840} INFO - DAG(s) 'example_short_circuit_operator' retrieved from /home/airflow/.local/lib/python3.12/site-packages/airflow/example_dags/example_short_circuit_operator.py
[2025-05-01T12:16:20.300+0000] {logging_mixin.py:188} INFO - [2025-05-01T12:16:20.300+0000] {dag.py:3096} INFO - Sync 1 DAGs
[2025-05-01T12:16:20.361+0000] {logging_mixin.py:188} INFO - [2025-05-01T12:16:20.361+0000] {dag.py:3954} INFO - Setting next_dagrun for example_short_circuit_operator to 2025-04-30 00:00:00+00:00, run_after=2025-05-01 00:00:00+00:00
[2025-05-01T12:16:20.447+0000] {processor.py:183} INFO - Processing /home/airflow/.local/lib/python3.12/site-packages/airflow/example_dags/example_short_circuit_operator.py took 0.290 seconds
[2025-05-01T12:16:50.715+0000] {processor.py:161} INFO - Started process (PID=5298) to work on /home/airflow/.local/lib/python3.12/site-packages/airflow/example_dags/example_short_circuit_operator.py
[2025-05-01T12:16:50.717+0000] {processor.py:830} INFO - Processing file /home/airflow/.local/lib/python3.12/site-packages/airflow/example_dags/example_short_circuit_operator.py for tasks to queue
[2025-05-01T12:16:50.722+0000] {logging_mixin.py:188} INFO - [2025-05-01T12:16:50.721+0000] {dagbag.py:545} INFO - Filling up the DagBag from /home/airflow/.local/lib/python3.12/site-packages/airflow/example_dags/example_short_circuit_operator.py
[2025-05-01T12:16:50.744+0000] {processor.py:840} INFO - DAG(s) 'example_short_circuit_operator' retrieved from /home/airflow/.local/lib/python3.12/site-packages/airflow/example_dags/example_short_circuit_operator.py
[2025-05-01T12:16:50.810+0000] {logging_mixin.py:188} INFO - [2025-05-01T12:16:50.809+0000] {dag.py:3096} INFO - Sync 1 DAGs
[2025-05-01T12:16:50.871+0000] {logging_mixin.py:188} INFO - [2025-05-01T12:16:50.870+0000] {dag.py:3954} INFO - Setting next_dagrun for example_short_circuit_operator to 2025-04-30 00:00:00+00:00, run_after=2025-05-01 00:00:00+00:00
[2025-05-01T12:16:50.945+0000] {processor.py:183} INFO - Processing /home/airflow/.local/lib/python3.12/site-packages/airflow/example_dags/example_short_circuit_operator.py took 0.245 seconds
[2025-05-01T12:17:21.288+0000] {processor.py:161} INFO - Started process (PID=5357) to work on /home/airflow/.local/lib/python3.12/site-packages/airflow/example_dags/example_short_circuit_operator.py
[2025-05-01T12:17:21.291+0000] {processor.py:830} INFO - Processing file /home/airflow/.local/lib/python3.12/site-packages/airflow/example_dags/example_short_circuit_operator.py for tasks to queue
[2025-05-01T12:17:21.297+0000] {logging_mixin.py:188} INFO - [2025-05-01T12:17:21.296+0000] {dagbag.py:545} INFO - Filling up the DagBag from /home/airflow/.local/lib/python3.12/site-packages/airflow/example_dags/example_short_circuit_operator.py
[2025-05-01T12:17:21.322+0000] {processor.py:840} INFO - DAG(s) 'example_short_circuit_operator' retrieved from /home/airflow/.local/lib/python3.12/site-packages/airflow/example_dags/example_short_circuit_operator.py
[2025-05-01T12:17:21.404+0000] {logging_mixin.py:188} INFO - [2025-05-01T12:17:21.404+0000] {dag.py:3096} INFO - Sync 1 DAGs
[2025-05-01T12:17:21.465+0000] {logging_mixin.py:188} INFO - [2025-05-01T12:17:21.465+0000] {dag.py:3954} INFO - Setting next_dagrun for example_short_circuit_operator to 2025-04-30 00:00:00+00:00, run_after=2025-05-01 00:00:00+00:00
[2025-05-01T12:17:21.563+0000] {processor.py:183} INFO - Processing /home/airflow/.local/lib/python3.12/site-packages/airflow/example_dags/example_short_circuit_operator.py took 0.294 seconds
[2025-05-01T12:17:52.170+0000] {processor.py:161} INFO - Started process (PID=5416) to work on /home/airflow/.local/lib/python3.12/site-packages/airflow/example_dags/example_short_circuit_operator.py
[2025-05-01T12:17:52.172+0000] {processor.py:830} INFO - Processing file /home/airflow/.local/lib/python3.12/site-packages/airflow/example_dags/example_short_circuit_operator.py for tasks to queue
[2025-05-01T12:17:52.177+0000] {logging_mixin.py:188} INFO - [2025-05-01T12:17:52.176+0000] {dagbag.py:545} INFO - Filling up the DagBag from /home/airflow/.local/lib/python3.12/site-packages/airflow/example_dags/example_short_circuit_operator.py
[2025-05-01T12:17:52.193+0000] {processor.py:840} INFO - DAG(s) 'example_short_circuit_operator' retrieved from /home/airflow/.local/lib/python3.12/site-packages/airflow/example_dags/example_short_circuit_operator.py
[2025-05-01T12:17:52.249+0000] {logging_mixin.py:188} INFO - [2025-05-01T12:17:52.249+0000] {dag.py:3096} INFO - Sync 1 DAGs
[2025-05-01T12:17:52.310+0000] {logging_mixin.py:188} INFO - [2025-05-01T12:17:52.310+0000] {dag.py:3954} INFO - Setting next_dagrun for example_short_circuit_operator to 2025-04-30 00:00:00+00:00, run_after=2025-05-01 00:00:00+00:00
[2025-05-01T12:17:52.414+0000] {processor.py:183} INFO - Processing /home/airflow/.local/lib/python3.12/site-packages/airflow/example_dags/example_short_circuit_operator.py took 0.257 seconds
[2025-05-01T12:18:22.714+0000] {processor.py:161} INFO - Started process (PID=5475) to work on /home/airflow/.local/lib/python3.12/site-packages/airflow/example_dags/example_short_circuit_operator.py
[2025-05-01T12:18:22.717+0000] {processor.py:830} INFO - Processing file /home/airflow/.local/lib/python3.12/site-packages/airflow/example_dags/example_short_circuit_operator.py for tasks to queue
[2025-05-01T12:18:22.724+0000] {logging_mixin.py:188} INFO - [2025-05-01T12:18:22.723+0000] {dagbag.py:545} INFO - Filling up the DagBag from /home/airflow/.local/lib/python3.12/site-packages/airflow/example_dags/example_short_circuit_operator.py
[2025-05-01T12:18:22.753+0000] {processor.py:840} INFO - DAG(s) 'example_short_circuit_operator' retrieved from /home/airflow/.local/lib/python3.12/site-packages/airflow/example_dags/example_short_circuit_operator.py
[2025-05-01T12:18:22.826+0000] {logging_mixin.py:188} INFO - [2025-05-01T12:18:22.825+0000] {dag.py:3096} INFO - Sync 1 DAGs
[2025-05-01T12:18:22.903+0000] {logging_mixin.py:188} INFO - [2025-05-01T12:18:22.902+0000] {dag.py:3954} INFO - Setting next_dagrun for example_short_circuit_operator to 2025-04-30 00:00:00+00:00, run_after=2025-05-01 00:00:00+00:00
[2025-05-01T12:18:23.019+0000] {processor.py:183} INFO - Processing /home/airflow/.local/lib/python3.12/site-packages/airflow/example_dags/example_short_circuit_operator.py took 0.322 seconds
[2025-05-01T12:18:53.214+0000] {processor.py:161} INFO - Started process (PID=5534) to work on /home/airflow/.local/lib/python3.12/site-packages/airflow/example_dags/example_short_circuit_operator.py
[2025-05-01T12:18:53.216+0000] {processor.py:830} INFO - Processing file /home/airflow/.local/lib/python3.12/site-packages/airflow/example_dags/example_short_circuit_operator.py for tasks to queue
[2025-05-01T12:18:53.220+0000] {logging_mixin.py:188} INFO - [2025-05-01T12:18:53.220+0000] {dagbag.py:545} INFO - Filling up the DagBag from /home/airflow/.local/lib/python3.12/site-packages/airflow/example_dags/example_short_circuit_operator.py
[2025-05-01T12:18:53.235+0000] {processor.py:840} INFO - DAG(s) 'example_short_circuit_operator' retrieved from /home/airflow/.local/lib/python3.12/site-packages/airflow/example_dags/example_short_circuit_operator.py
[2025-05-01T12:18:53.282+0000] {logging_mixin.py:188} INFO - [2025-05-01T12:18:53.282+0000] {dag.py:3096} INFO - Sync 1 DAGs
[2025-05-01T12:18:53.326+0000] {logging_mixin.py:188} INFO - [2025-05-01T12:18:53.326+0000] {dag.py:3954} INFO - Setting next_dagrun for example_short_circuit_operator to 2025-04-30 00:00:00+00:00, run_after=2025-05-01 00:00:00+00:00
[2025-05-01T12:18:53.411+0000] {processor.py:183} INFO - Processing /home/airflow/.local/lib/python3.12/site-packages/airflow/example_dags/example_short_circuit_operator.py took 0.208 seconds
[2025-05-01T12:19:24.113+0000] {processor.py:161} INFO - Started process (PID=5592) to work on /home/airflow/.local/lib/python3.12/site-packages/airflow/example_dags/example_short_circuit_operator.py
[2025-05-01T12:19:24.115+0000] {processor.py:830} INFO - Processing file /home/airflow/.local/lib/python3.12/site-packages/airflow/example_dags/example_short_circuit_operator.py for tasks to queue
[2025-05-01T12:19:24.120+0000] {logging_mixin.py:188} INFO - [2025-05-01T12:19:24.120+0000] {dagbag.py:545} INFO - Filling up the DagBag from /home/airflow/.local/lib/python3.12/site-packages/airflow/example_dags/example_short_circuit_operator.py
[2025-05-01T12:19:24.135+0000] {processor.py:840} INFO - DAG(s) 'example_short_circuit_operator' retrieved from /home/airflow/.local/lib/python3.12/site-packages/airflow/example_dags/example_short_circuit_operator.py
[2025-05-01T12:19:24.191+0000] {logging_mixin.py:188} INFO - [2025-05-01T12:19:24.191+0000] {dag.py:3096} INFO - Sync 1 DAGs
[2025-05-01T12:19:24.239+0000] {logging_mixin.py:188} INFO - [2025-05-01T12:19:24.239+0000] {dag.py:3954} INFO - Setting next_dagrun for example_short_circuit_operator to 2025-04-30 00:00:00+00:00, run_after=2025-05-01 00:00:00+00:00
[2025-05-01T12:19:24.310+0000] {processor.py:183} INFO - Processing /home/airflow/.local/lib/python3.12/site-packages/airflow/example_dags/example_short_circuit_operator.py took 0.208 seconds
[2025-05-01T12:19:54.528+0000] {processor.py:161} INFO - Started process (PID=5651) to work on /home/airflow/.local/lib/python3.12/site-packages/airflow/example_dags/example_short_circuit_operator.py
[2025-05-01T12:19:54.531+0000] {processor.py:830} INFO - Processing file /home/airflow/.local/lib/python3.12/site-packages/airflow/example_dags/example_short_circuit_operator.py for tasks to queue
[2025-05-01T12:19:54.538+0000] {logging_mixin.py:188} INFO - [2025-05-01T12:19:54.537+0000] {dagbag.py:545} INFO - Filling up the DagBag from /home/airflow/.local/lib/python3.12/site-packages/airflow/example_dags/example_short_circuit_operator.py
[2025-05-01T12:19:54.555+0000] {processor.py:840} INFO - DAG(s) 'example_short_circuit_operator' retrieved from /home/airflow/.local/lib/python3.12/site-packages/airflow/example_dags/example_short_circuit_operator.py
[2025-05-01T12:19:54.616+0000] {logging_mixin.py:188} INFO - [2025-05-01T12:19:54.615+0000] {dag.py:3096} INFO - Sync 1 DAGs
[2025-05-01T12:19:54.673+0000] {logging_mixin.py:188} INFO - [2025-05-01T12:19:54.673+0000] {dag.py:3954} INFO - Setting next_dagrun for example_short_circuit_operator to 2025-04-30 00:00:00+00:00, run_after=2025-05-01 00:00:00+00:00
[2025-05-01T12:19:54.727+0000] {processor.py:183} INFO - Processing /home/airflow/.local/lib/python3.12/site-packages/airflow/example_dags/example_short_circuit_operator.py took 0.219 seconds
[2025-05-01T12:20:25.294+0000] {processor.py:161} INFO - Started process (PID=5710) to work on /home/airflow/.local/lib/python3.12/site-packages/airflow/example_dags/example_short_circuit_operator.py
[2025-05-01T12:20:25.336+0000] {processor.py:830} INFO - Processing file /home/airflow/.local/lib/python3.12/site-packages/airflow/example_dags/example_short_circuit_operator.py for tasks to queue
[2025-05-01T12:20:25.345+0000] {logging_mixin.py:188} INFO - [2025-05-01T12:20:25.342+0000] {dagbag.py:545} INFO - Filling up the DagBag from /home/airflow/.local/lib/python3.12/site-packages/airflow/example_dags/example_short_circuit_operator.py
[2025-05-01T12:20:25.367+0000] {processor.py:840} INFO - DAG(s) 'example_short_circuit_operator' retrieved from /home/airflow/.local/lib/python3.12/site-packages/airflow/example_dags/example_short_circuit_operator.py
[2025-05-01T12:20:25.441+0000] {logging_mixin.py:188} INFO - [2025-05-01T12:20:25.441+0000] {dag.py:3096} INFO - Sync 1 DAGs
[2025-05-01T12:20:25.498+0000] {logging_mixin.py:188} INFO - [2025-05-01T12:20:25.498+0000] {dag.py:3954} INFO - Setting next_dagrun for example_short_circuit_operator to 2025-04-30 00:00:00+00:00, run_after=2025-05-01 00:00:00+00:00
[2025-05-01T12:20:25.613+0000] {processor.py:183} INFO - Processing /home/airflow/.local/lib/python3.12/site-packages/airflow/example_dags/example_short_circuit_operator.py took 0.339 seconds
[2025-05-01T12:20:55.800+0000] {processor.py:161} INFO - Started process (PID=5767) to work on /home/airflow/.local/lib/python3.12/site-packages/airflow/example_dags/example_short_circuit_operator.py
[2025-05-01T12:20:55.803+0000] {processor.py:830} INFO - Processing file /home/airflow/.local/lib/python3.12/site-packages/airflow/example_dags/example_short_circuit_operator.py for tasks to queue
[2025-05-01T12:20:55.808+0000] {logging_mixin.py:188} INFO - [2025-05-01T12:20:55.808+0000] {dagbag.py:545} INFO - Filling up the DagBag from /home/airflow/.local/lib/python3.12/site-packages/airflow/example_dags/example_short_circuit_operator.py
[2025-05-01T12:20:55.827+0000] {processor.py:840} INFO - DAG(s) 'example_short_circuit_operator' retrieved from /home/airflow/.local/lib/python3.12/site-packages/airflow/example_dags/example_short_circuit_operator.py
[2025-05-01T12:20:55.910+0000] {logging_mixin.py:188} INFO - [2025-05-01T12:20:55.908+0000] {dag.py:3096} INFO - Sync 1 DAGs
[2025-05-01T12:20:56.068+0000] {logging_mixin.py:188} INFO - [2025-05-01T12:20:56.067+0000] {dag.py:3954} INFO - Setting next_dagrun for example_short_circuit_operator to 2025-04-30 00:00:00+00:00, run_after=2025-05-01 00:00:00+00:00
[2025-05-01T12:20:56.133+0000] {processor.py:183} INFO - Processing /home/airflow/.local/lib/python3.12/site-packages/airflow/example_dags/example_short_circuit_operator.py took 0.352 seconds
[2025-05-01T12:21:26.412+0000] {processor.py:161} INFO - Started process (PID=5826) to work on /home/airflow/.local/lib/python3.12/site-packages/airflow/example_dags/example_short_circuit_operator.py
[2025-05-01T12:21:26.414+0000] {processor.py:830} INFO - Processing file /home/airflow/.local/lib/python3.12/site-packages/airflow/example_dags/example_short_circuit_operator.py for tasks to queue
[2025-05-01T12:21:26.418+0000] {logging_mixin.py:188} INFO - [2025-05-01T12:21:26.417+0000] {dagbag.py:545} INFO - Filling up the DagBag from /home/airflow/.local/lib/python3.12/site-packages/airflow/example_dags/example_short_circuit_operator.py
[2025-05-01T12:21:26.432+0000] {processor.py:840} INFO - DAG(s) 'example_short_circuit_operator' retrieved from /home/airflow/.local/lib/python3.12/site-packages/airflow/example_dags/example_short_circuit_operator.py
[2025-05-01T12:21:26.482+0000] {logging_mixin.py:188} INFO - [2025-05-01T12:21:26.481+0000] {dag.py:3096} INFO - Sync 1 DAGs
[2025-05-01T12:21:26.528+0000] {logging_mixin.py:188} INFO - [2025-05-01T12:21:26.528+0000] {dag.py:3954} INFO - Setting next_dagrun for example_short_circuit_operator to 2025-04-30 00:00:00+00:00, run_after=2025-05-01 00:00:00+00:00
[2025-05-01T12:21:26.608+0000] {processor.py:183} INFO - Processing /home/airflow/.local/lib/python3.12/site-packages/airflow/example_dags/example_short_circuit_operator.py took 0.207 seconds
[2025-05-01T12:21:56.885+0000] {processor.py:161} INFO - Started process (PID=5885) to work on /home/airflow/.local/lib/python3.12/site-packages/airflow/example_dags/example_short_circuit_operator.py
[2025-05-01T12:21:56.888+0000] {processor.py:830} INFO - Processing file /home/airflow/.local/lib/python3.12/site-packages/airflow/example_dags/example_short_circuit_operator.py for tasks to queue
[2025-05-01T12:21:56.892+0000] {logging_mixin.py:188} INFO - [2025-05-01T12:21:56.891+0000] {dagbag.py:545} INFO - Filling up the DagBag from /home/airflow/.local/lib/python3.12/site-packages/airflow/example_dags/example_short_circuit_operator.py
[2025-05-01T12:21:56.911+0000] {processor.py:840} INFO - DAG(s) 'example_short_circuit_operator' retrieved from /home/airflow/.local/lib/python3.12/site-packages/airflow/example_dags/example_short_circuit_operator.py
[2025-05-01T12:21:56.977+0000] {logging_mixin.py:188} INFO - [2025-05-01T12:21:56.977+0000] {dag.py:3096} INFO - Sync 1 DAGs
[2025-05-01T12:21:57.037+0000] {logging_mixin.py:188} INFO - [2025-05-01T12:21:57.037+0000] {dag.py:3954} INFO - Setting next_dagrun for example_short_circuit_operator to 2025-04-30 00:00:00+00:00, run_after=2025-05-01 00:00:00+00:00
[2025-05-01T12:21:57.081+0000] {processor.py:183} INFO - Processing /home/airflow/.local/lib/python3.12/site-packages/airflow/example_dags/example_short_circuit_operator.py took 0.209 seconds
[2025-05-01T12:22:27.594+0000] {processor.py:161} INFO - Started process (PID=5944) to work on /home/airflow/.local/lib/python3.12/site-packages/airflow/example_dags/example_short_circuit_operator.py
[2025-05-01T12:22:27.598+0000] {processor.py:830} INFO - Processing file /home/airflow/.local/lib/python3.12/site-packages/airflow/example_dags/example_short_circuit_operator.py for tasks to queue
[2025-05-01T12:22:27.612+0000] {logging_mixin.py:188} INFO - [2025-05-01T12:22:27.610+0000] {dagbag.py:545} INFO - Filling up the DagBag from /home/airflow/.local/lib/python3.12/site-packages/airflow/example_dags/example_short_circuit_operator.py
[2025-05-01T12:22:27.664+0000] {processor.py:840} INFO - DAG(s) 'example_short_circuit_operator' retrieved from /home/airflow/.local/lib/python3.12/site-packages/airflow/example_dags/example_short_circuit_operator.py
[2025-05-01T12:22:27.749+0000] {logging_mixin.py:188} INFO - [2025-05-01T12:22:27.748+0000] {dag.py:3096} INFO - Sync 1 DAGs
[2025-05-01T12:22:27.805+0000] {logging_mixin.py:188} INFO - [2025-05-01T12:22:27.804+0000] {dag.py:3954} INFO - Setting next_dagrun for example_short_circuit_operator to 2025-04-30 00:00:00+00:00, run_after=2025-05-01 00:00:00+00:00
[2025-05-01T12:22:27.869+0000] {processor.py:183} INFO - Processing /home/airflow/.local/lib/python3.12/site-packages/airflow/example_dags/example_short_circuit_operator.py took 0.297 seconds
[2025-05-01T12:22:58.204+0000] {processor.py:161} INFO - Started process (PID=6003) to work on /home/airflow/.local/lib/python3.12/site-packages/airflow/example_dags/example_short_circuit_operator.py
[2025-05-01T12:22:58.206+0000] {processor.py:830} INFO - Processing file /home/airflow/.local/lib/python3.12/site-packages/airflow/example_dags/example_short_circuit_operator.py for tasks to queue
[2025-05-01T12:22:58.212+0000] {logging_mixin.py:188} INFO - [2025-05-01T12:22:58.211+0000] {dagbag.py:545} INFO - Filling up the DagBag from /home/airflow/.local/lib/python3.12/site-packages/airflow/example_dags/example_short_circuit_operator.py
[2025-05-01T12:22:58.242+0000] {processor.py:840} INFO - DAG(s) 'example_short_circuit_operator' retrieved from /home/airflow/.local/lib/python3.12/site-packages/airflow/example_dags/example_short_circuit_operator.py
[2025-05-01T12:22:58.312+0000] {logging_mixin.py:188} INFO - [2025-05-01T12:22:58.311+0000] {dag.py:3096} INFO - Sync 1 DAGs
[2025-05-01T12:22:58.385+0000] {logging_mixin.py:188} INFO - [2025-05-01T12:22:58.384+0000] {dag.py:3954} INFO - Setting next_dagrun for example_short_circuit_operator to 2025-04-30 00:00:00+00:00, run_after=2025-05-01 00:00:00+00:00
[2025-05-01T12:22:58.480+0000] {processor.py:183} INFO - Processing /home/airflow/.local/lib/python3.12/site-packages/airflow/example_dags/example_short_circuit_operator.py took 0.294 seconds
[2025-05-01T12:23:28.945+0000] {processor.py:161} INFO - Started process (PID=6062) to work on /home/airflow/.local/lib/python3.12/site-packages/airflow/example_dags/example_short_circuit_operator.py
[2025-05-01T12:23:28.948+0000] {processor.py:830} INFO - Processing file /home/airflow/.local/lib/python3.12/site-packages/airflow/example_dags/example_short_circuit_operator.py for tasks to queue
[2025-05-01T12:23:28.952+0000] {logging_mixin.py:188} INFO - [2025-05-01T12:23:28.952+0000] {dagbag.py:545} INFO - Filling up the DagBag from /home/airflow/.local/lib/python3.12/site-packages/airflow/example_dags/example_short_circuit_operator.py
[2025-05-01T12:23:28.970+0000] {processor.py:840} INFO - DAG(s) 'example_short_circuit_operator' retrieved from /home/airflow/.local/lib/python3.12/site-packages/airflow/example_dags/example_short_circuit_operator.py
[2025-05-01T12:23:29.028+0000] {logging_mixin.py:188} INFO - [2025-05-01T12:23:29.028+0000] {dag.py:3096} INFO - Sync 1 DAGs
[2025-05-01T12:23:29.085+0000] {logging_mixin.py:188} INFO - [2025-05-01T12:23:29.085+0000] {dag.py:3954} INFO - Setting next_dagrun for example_short_circuit_operator to 2025-04-30 00:00:00+00:00, run_after=2025-05-01 00:00:00+00:00
[2025-05-01T12:23:29.181+0000] {processor.py:183} INFO - Processing /home/airflow/.local/lib/python3.12/site-packages/airflow/example_dags/example_short_circuit_operator.py took 0.250 seconds
[2025-05-01T12:23:59.963+0000] {processor.py:161} INFO - Started process (PID=6121) to work on /home/airflow/.local/lib/python3.12/site-packages/airflow/example_dags/example_short_circuit_operator.py
[2025-05-01T12:23:59.966+0000] {processor.py:830} INFO - Processing file /home/airflow/.local/lib/python3.12/site-packages/airflow/example_dags/example_short_circuit_operator.py for tasks to queue
[2025-05-01T12:23:59.972+0000] {logging_mixin.py:188} INFO - [2025-05-01T12:23:59.971+0000] {dagbag.py:545} INFO - Filling up the DagBag from /home/airflow/.local/lib/python3.12/site-packages/airflow/example_dags/example_short_circuit_operator.py
[2025-05-01T12:23:59.993+0000] {processor.py:840} INFO - DAG(s) 'example_short_circuit_operator' retrieved from /home/airflow/.local/lib/python3.12/site-packages/airflow/example_dags/example_short_circuit_operator.py
[2025-05-01T12:24:00.064+0000] {logging_mixin.py:188} INFO - [2025-05-01T12:24:00.063+0000] {dag.py:3096} INFO - Sync 1 DAGs
[2025-05-01T12:24:00.123+0000] {logging_mixin.py:188} INFO - [2025-05-01T12:24:00.122+0000] {dag.py:3954} INFO - Setting next_dagrun for example_short_circuit_operator to 2025-04-30 00:00:00+00:00, run_after=2025-05-01 00:00:00+00:00
[2025-05-01T12:24:00.170+0000] {processor.py:183} INFO - Processing /home/airflow/.local/lib/python3.12/site-packages/airflow/example_dags/example_short_circuit_operator.py took 0.227 seconds
[2025-05-01T12:24:30.755+0000] {processor.py:161} INFO - Started process (PID=6180) to work on /home/airflow/.local/lib/python3.12/site-packages/airflow/example_dags/example_short_circuit_operator.py
[2025-05-01T12:24:30.757+0000] {processor.py:830} INFO - Processing file /home/airflow/.local/lib/python3.12/site-packages/airflow/example_dags/example_short_circuit_operator.py for tasks to queue
[2025-05-01T12:24:30.761+0000] {logging_mixin.py:188} INFO - [2025-05-01T12:24:30.760+0000] {dagbag.py:545} INFO - Filling up the DagBag from /home/airflow/.local/lib/python3.12/site-packages/airflow/example_dags/example_short_circuit_operator.py
[2025-05-01T12:24:30.776+0000] {processor.py:840} INFO - DAG(s) 'example_short_circuit_operator' retrieved from /home/airflow/.local/lib/python3.12/site-packages/airflow/example_dags/example_short_circuit_operator.py
[2025-05-01T12:24:30.834+0000] {logging_mixin.py:188} INFO - [2025-05-01T12:24:30.833+0000] {dag.py:3096} INFO - Sync 1 DAGs
[2025-05-01T12:24:30.894+0000] {logging_mixin.py:188} INFO - [2025-05-01T12:24:30.893+0000] {dag.py:3954} INFO - Setting next_dagrun for example_short_circuit_operator to 2025-04-30 00:00:00+00:00, run_after=2025-05-01 00:00:00+00:00
[2025-05-01T12:24:30.972+0000] {processor.py:183} INFO - Processing /home/airflow/.local/lib/python3.12/site-packages/airflow/example_dags/example_short_circuit_operator.py took 0.228 seconds
[2025-05-01T12:25:01.233+0000] {processor.py:161} INFO - Started process (PID=6239) to work on /home/airflow/.local/lib/python3.12/site-packages/airflow/example_dags/example_short_circuit_operator.py
[2025-05-01T12:25:01.236+0000] {processor.py:830} INFO - Processing file /home/airflow/.local/lib/python3.12/site-packages/airflow/example_dags/example_short_circuit_operator.py for tasks to queue
[2025-05-01T12:25:01.243+0000] {logging_mixin.py:188} INFO - [2025-05-01T12:25:01.241+0000] {dagbag.py:545} INFO - Filling up the DagBag from /home/airflow/.local/lib/python3.12/site-packages/airflow/example_dags/example_short_circuit_operator.py
[2025-05-01T12:25:01.272+0000] {processor.py:840} INFO - DAG(s) 'example_short_circuit_operator' retrieved from /home/airflow/.local/lib/python3.12/site-packages/airflow/example_dags/example_short_circuit_operator.py
[2025-05-01T12:25:01.338+0000] {logging_mixin.py:188} INFO - [2025-05-01T12:25:01.337+0000] {dag.py:3096} INFO - Sync 1 DAGs
[2025-05-01T12:25:01.396+0000] {logging_mixin.py:188} INFO - [2025-05-01T12:25:01.396+0000] {dag.py:3954} INFO - Setting next_dagrun for example_short_circuit_operator to 2025-04-30 00:00:00+00:00, run_after=2025-05-01 00:00:00+00:00
[2025-05-01T12:25:01.470+0000] {processor.py:183} INFO - Processing /home/airflow/.local/lib/python3.12/site-packages/airflow/example_dags/example_short_circuit_operator.py took 0.256 seconds
