[2025-05-01T10:49:55.946+0000] {processor.py:161} INFO - Started process (PID=110) to work on /home/airflow/.local/lib/python3.12/site-packages/airflow/example_dags/example_display_name.py
[2025-05-01T10:49:55.947+0000] {processor.py:830} INFO - Processing file /home/airflow/.local/lib/python3.12/site-packages/airflow/example_dags/example_display_name.py for tasks to queue
[2025-05-01T10:49:55.949+0000] {logging_mixin.py:188} INFO - [2025-05-01T10:49:55.949+0000] {dagbag.py:545} INFO - Filling up the DagBag from /home/airflow/.local/lib/python3.12/site-packages/airflow/example_dags/example_display_name.py
[2025-05-01T10:49:55.956+0000] {processor.py:840} INFO - DAG(s) 'example_display_name' retrieved from /home/airflow/.local/lib/python3.12/site-packages/airflow/example_dags/example_display_name.py
[2025-05-01T10:49:56.069+0000] {logging_mixin.py:188} INFO - [2025-05-01T10:49:56.069+0000] {dag.py:3096} INFO - Sync 1 DAGs
[2025-05-01T10:49:56.081+0000] {logging_mixin.py:188} INFO - [2025-05-01T10:49:56.081+0000] {dag.py:3954} INFO - Setting next_dagrun for example_display_name to None, run_after=None
[2025-05-01T10:49:56.108+0000] {processor.py:183} INFO - Processing /home/airflow/.local/lib/python3.12/site-packages/airflow/example_dags/example_display_name.py took 0.168 seconds
[2025-05-01T10:50:26.144+0000] {processor.py:161} INFO - Started process (PID=168) to work on /home/airflow/.local/lib/python3.12/site-packages/airflow/example_dags/example_display_name.py
[2025-05-01T10:50:26.146+0000] {processor.py:830} INFO - Processing file /home/airflow/.local/lib/python3.12/site-packages/airflow/example_dags/example_display_name.py for tasks to queue
[2025-05-01T10:50:26.148+0000] {logging_mixin.py:188} INFO - [2025-05-01T10:50:26.148+0000] {dagbag.py:545} INFO - Filling up the DagBag from /home/airflow/.local/lib/python3.12/site-packages/airflow/example_dags/example_display_name.py
[2025-05-01T10:50:26.155+0000] {processor.py:840} INFO - DAG(s) 'example_display_name' retrieved from /home/airflow/.local/lib/python3.12/site-packages/airflow/example_dags/example_display_name.py
[2025-05-01T10:50:26.179+0000] {logging_mixin.py:188} INFO - [2025-05-01T10:50:26.178+0000] {dag.py:3096} INFO - Sync 1 DAGs
[2025-05-01T10:50:26.194+0000] {logging_mixin.py:188} INFO - [2025-05-01T10:50:26.194+0000] {dag.py:3954} INFO - Setting next_dagrun for example_display_name to None, run_after=None
[2025-05-01T10:50:26.219+0000] {processor.py:183} INFO - Processing /home/airflow/.local/lib/python3.12/site-packages/airflow/example_dags/example_display_name.py took 0.081 seconds
[2025-05-01T10:51:55.595+0000] {processor.py:161} INFO - Started process (PID=116) to work on /home/airflow/.local/lib/python3.12/site-packages/airflow/example_dags/example_display_name.py
[2025-05-01T10:51:55.596+0000] {processor.py:830} INFO - Processing file /home/airflow/.local/lib/python3.12/site-packages/airflow/example_dags/example_display_name.py for tasks to queue
[2025-05-01T10:51:55.599+0000] {logging_mixin.py:188} INFO - [2025-05-01T10:51:55.598+0000] {dagbag.py:545} INFO - Filling up the DagBag from /home/airflow/.local/lib/python3.12/site-packages/airflow/example_dags/example_display_name.py
[2025-05-01T10:51:55.607+0000] {processor.py:840} INFO - DAG(s) 'example_display_name' retrieved from /home/airflow/.local/lib/python3.12/site-packages/airflow/example_dags/example_display_name.py
[2025-05-01T10:51:55.750+0000] {logging_mixin.py:188} INFO - [2025-05-01T10:51:55.749+0000] {dag.py:3096} INFO - Sync 1 DAGs
[2025-05-01T10:51:55.762+0000] {logging_mixin.py:188} INFO - [2025-05-01T10:51:55.762+0000] {dag.py:3954} INFO - Setting next_dagrun for example_display_name to None, run_after=None
[2025-05-01T10:51:55.791+0000] {processor.py:183} INFO - Processing /home/airflow/.local/lib/python3.12/site-packages/airflow/example_dags/example_display_name.py took 0.203 seconds
[2025-05-01T10:52:26.227+0000] {processor.py:161} INFO - Started process (PID=174) to work on /home/airflow/.local/lib/python3.12/site-packages/airflow/example_dags/example_display_name.py
[2025-05-01T10:52:26.228+0000] {processor.py:830} INFO - Processing file /home/airflow/.local/lib/python3.12/site-packages/airflow/example_dags/example_display_name.py for tasks to queue
[2025-05-01T10:52:26.231+0000] {logging_mixin.py:188} INFO - [2025-05-01T10:52:26.231+0000] {dagbag.py:545} INFO - Filling up the DagBag from /home/airflow/.local/lib/python3.12/site-packages/airflow/example_dags/example_display_name.py
[2025-05-01T10:52:26.238+0000] {processor.py:840} INFO - DAG(s) 'example_display_name' retrieved from /home/airflow/.local/lib/python3.12/site-packages/airflow/example_dags/example_display_name.py
[2025-05-01T10:52:26.262+0000] {logging_mixin.py:188} INFO - [2025-05-01T10:52:26.262+0000] {dag.py:3096} INFO - Sync 1 DAGs
[2025-05-01T10:52:26.279+0000] {logging_mixin.py:188} INFO - [2025-05-01T10:52:26.279+0000] {dag.py:3954} INFO - Setting next_dagrun for example_display_name to None, run_after=None
[2025-05-01T10:52:26.305+0000] {processor.py:183} INFO - Processing /home/airflow/.local/lib/python3.12/site-packages/airflow/example_dags/example_display_name.py took 0.084 seconds
[2025-05-01T10:52:56.438+0000] {processor.py:161} INFO - Started process (PID=232) to work on /home/airflow/.local/lib/python3.12/site-packages/airflow/example_dags/example_display_name.py
[2025-05-01T10:52:56.439+0000] {processor.py:830} INFO - Processing file /home/airflow/.local/lib/python3.12/site-packages/airflow/example_dags/example_display_name.py for tasks to queue
[2025-05-01T10:52:56.442+0000] {logging_mixin.py:188} INFO - [2025-05-01T10:52:56.441+0000] {dagbag.py:545} INFO - Filling up the DagBag from /home/airflow/.local/lib/python3.12/site-packages/airflow/example_dags/example_display_name.py
[2025-05-01T10:52:56.449+0000] {processor.py:840} INFO - DAG(s) 'example_display_name' retrieved from /home/airflow/.local/lib/python3.12/site-packages/airflow/example_dags/example_display_name.py
[2025-05-01T10:52:56.476+0000] {logging_mixin.py:188} INFO - [2025-05-01T10:52:56.475+0000] {dag.py:3096} INFO - Sync 1 DAGs
[2025-05-01T10:52:56.493+0000] {logging_mixin.py:188} INFO - [2025-05-01T10:52:56.493+0000] {dag.py:3954} INFO - Setting next_dagrun for example_display_name to None, run_after=None
[2025-05-01T10:52:56.523+0000] {processor.py:183} INFO - Processing /home/airflow/.local/lib/python3.12/site-packages/airflow/example_dags/example_display_name.py took 0.092 seconds
[2025-05-01T10:53:27.628+0000] {processor.py:161} INFO - Started process (PID=290) to work on /home/airflow/.local/lib/python3.12/site-packages/airflow/example_dags/example_display_name.py
[2025-05-01T10:53:27.629+0000] {processor.py:830} INFO - Processing file /home/airflow/.local/lib/python3.12/site-packages/airflow/example_dags/example_display_name.py for tasks to queue
[2025-05-01T10:53:27.632+0000] {logging_mixin.py:188} INFO - [2025-05-01T10:53:27.631+0000] {dagbag.py:545} INFO - Filling up the DagBag from /home/airflow/.local/lib/python3.12/site-packages/airflow/example_dags/example_display_name.py
[2025-05-01T10:53:27.639+0000] {processor.py:840} INFO - DAG(s) 'example_display_name' retrieved from /home/airflow/.local/lib/python3.12/site-packages/airflow/example_dags/example_display_name.py
[2025-05-01T10:53:27.664+0000] {logging_mixin.py:188} INFO - [2025-05-01T10:53:27.664+0000] {dag.py:3096} INFO - Sync 1 DAGs
[2025-05-01T10:53:27.681+0000] {logging_mixin.py:188} INFO - [2025-05-01T10:53:27.681+0000] {dag.py:3954} INFO - Setting next_dagrun for example_display_name to None, run_after=None
[2025-05-01T10:53:27.715+0000] {processor.py:183} INFO - Processing /home/airflow/.local/lib/python3.12/site-packages/airflow/example_dags/example_display_name.py took 0.093 seconds
[2025-05-01T10:53:58.663+0000] {processor.py:161} INFO - Started process (PID=348) to work on /home/airflow/.local/lib/python3.12/site-packages/airflow/example_dags/example_display_name.py
[2025-05-01T10:53:58.665+0000] {processor.py:830} INFO - Processing file /home/airflow/.local/lib/python3.12/site-packages/airflow/example_dags/example_display_name.py for tasks to queue
[2025-05-01T10:53:58.668+0000] {logging_mixin.py:188} INFO - [2025-05-01T10:53:58.667+0000] {dagbag.py:545} INFO - Filling up the DagBag from /home/airflow/.local/lib/python3.12/site-packages/airflow/example_dags/example_display_name.py
[2025-05-01T10:53:58.674+0000] {processor.py:840} INFO - DAG(s) 'example_display_name' retrieved from /home/airflow/.local/lib/python3.12/site-packages/airflow/example_dags/example_display_name.py
[2025-05-01T10:53:58.696+0000] {logging_mixin.py:188} INFO - [2025-05-01T10:53:58.696+0000] {dag.py:3096} INFO - Sync 1 DAGs
[2025-05-01T10:53:58.710+0000] {logging_mixin.py:188} INFO - [2025-05-01T10:53:58.710+0000] {dag.py:3954} INFO - Setting next_dagrun for example_display_name to None, run_after=None
[2025-05-01T10:53:58.735+0000] {processor.py:183} INFO - Processing /home/airflow/.local/lib/python3.12/site-packages/airflow/example_dags/example_display_name.py took 0.077 seconds
[2025-05-01T10:54:29.142+0000] {processor.py:161} INFO - Started process (PID=406) to work on /home/airflow/.local/lib/python3.12/site-packages/airflow/example_dags/example_display_name.py
[2025-05-01T10:54:29.143+0000] {processor.py:830} INFO - Processing file /home/airflow/.local/lib/python3.12/site-packages/airflow/example_dags/example_display_name.py for tasks to queue
[2025-05-01T10:54:29.146+0000] {logging_mixin.py:188} INFO - [2025-05-01T10:54:29.145+0000] {dagbag.py:545} INFO - Filling up the DagBag from /home/airflow/.local/lib/python3.12/site-packages/airflow/example_dags/example_display_name.py
[2025-05-01T10:54:29.152+0000] {processor.py:840} INFO - DAG(s) 'example_display_name' retrieved from /home/airflow/.local/lib/python3.12/site-packages/airflow/example_dags/example_display_name.py
[2025-05-01T10:54:29.172+0000] {logging_mixin.py:188} INFO - [2025-05-01T10:54:29.172+0000] {dag.py:3096} INFO - Sync 1 DAGs
[2025-05-01T10:54:29.187+0000] {logging_mixin.py:188} INFO - [2025-05-01T10:54:29.187+0000] {dag.py:3954} INFO - Setting next_dagrun for example_display_name to None, run_after=None
[2025-05-01T10:54:29.211+0000] {processor.py:183} INFO - Processing /home/airflow/.local/lib/python3.12/site-packages/airflow/example_dags/example_display_name.py took 0.076 seconds
[2025-05-01T10:54:59.611+0000] {processor.py:161} INFO - Started process (PID=464) to work on /home/airflow/.local/lib/python3.12/site-packages/airflow/example_dags/example_display_name.py
[2025-05-01T10:54:59.613+0000] {processor.py:830} INFO - Processing file /home/airflow/.local/lib/python3.12/site-packages/airflow/example_dags/example_display_name.py for tasks to queue
[2025-05-01T10:54:59.615+0000] {logging_mixin.py:188} INFO - [2025-05-01T10:54:59.615+0000] {dagbag.py:545} INFO - Filling up the DagBag from /home/airflow/.local/lib/python3.12/site-packages/airflow/example_dags/example_display_name.py
[2025-05-01T10:54:59.621+0000] {processor.py:840} INFO - DAG(s) 'example_display_name' retrieved from /home/airflow/.local/lib/python3.12/site-packages/airflow/example_dags/example_display_name.py
[2025-05-01T10:54:59.642+0000] {logging_mixin.py:188} INFO - [2025-05-01T10:54:59.642+0000] {dag.py:3096} INFO - Sync 1 DAGs
[2025-05-01T10:54:59.656+0000] {logging_mixin.py:188} INFO - [2025-05-01T10:54:59.656+0000] {dag.py:3954} INFO - Setting next_dagrun for example_display_name to None, run_after=None
[2025-05-01T10:54:59.684+0000] {processor.py:183} INFO - Processing /home/airflow/.local/lib/python3.12/site-packages/airflow/example_dags/example_display_name.py took 0.078 seconds
[2025-05-01T10:55:30.089+0000] {processor.py:161} INFO - Started process (PID=522) to work on /home/airflow/.local/lib/python3.12/site-packages/airflow/example_dags/example_display_name.py
[2025-05-01T10:55:30.091+0000] {processor.py:830} INFO - Processing file /home/airflow/.local/lib/python3.12/site-packages/airflow/example_dags/example_display_name.py for tasks to queue
[2025-05-01T10:55:30.093+0000] {logging_mixin.py:188} INFO - [2025-05-01T10:55:30.092+0000] {dagbag.py:545} INFO - Filling up the DagBag from /home/airflow/.local/lib/python3.12/site-packages/airflow/example_dags/example_display_name.py
[2025-05-01T10:55:30.099+0000] {processor.py:840} INFO - DAG(s) 'example_display_name' retrieved from /home/airflow/.local/lib/python3.12/site-packages/airflow/example_dags/example_display_name.py
[2025-05-01T10:55:30.120+0000] {logging_mixin.py:188} INFO - [2025-05-01T10:55:30.120+0000] {dag.py:3096} INFO - Sync 1 DAGs
[2025-05-01T10:55:30.135+0000] {logging_mixin.py:188} INFO - [2025-05-01T10:55:30.134+0000] {dag.py:3954} INFO - Setting next_dagrun for example_display_name to None, run_after=None
[2025-05-01T10:55:30.159+0000] {processor.py:183} INFO - Processing /home/airflow/.local/lib/python3.12/site-packages/airflow/example_dags/example_display_name.py took 0.075 seconds
[2025-05-01T10:56:00.245+0000] {processor.py:161} INFO - Started process (PID=580) to work on /home/airflow/.local/lib/python3.12/site-packages/airflow/example_dags/example_display_name.py
[2025-05-01T10:56:00.246+0000] {processor.py:830} INFO - Processing file /home/airflow/.local/lib/python3.12/site-packages/airflow/example_dags/example_display_name.py for tasks to queue
[2025-05-01T10:56:00.249+0000] {logging_mixin.py:188} INFO - [2025-05-01T10:56:00.249+0000] {dagbag.py:545} INFO - Filling up the DagBag from /home/airflow/.local/lib/python3.12/site-packages/airflow/example_dags/example_display_name.py
[2025-05-01T10:56:00.255+0000] {processor.py:840} INFO - DAG(s) 'example_display_name' retrieved from /home/airflow/.local/lib/python3.12/site-packages/airflow/example_dags/example_display_name.py
[2025-05-01T10:56:00.278+0000] {logging_mixin.py:188} INFO - [2025-05-01T10:56:00.278+0000] {dag.py:3096} INFO - Sync 1 DAGs
[2025-05-01T10:56:00.293+0000] {logging_mixin.py:188} INFO - [2025-05-01T10:56:00.292+0000] {dag.py:3954} INFO - Setting next_dagrun for example_display_name to None, run_after=None
[2025-05-01T10:56:00.317+0000] {processor.py:183} INFO - Processing /home/airflow/.local/lib/python3.12/site-packages/airflow/example_dags/example_display_name.py took 0.078 seconds
[2025-05-01T10:56:30.836+0000] {processor.py:161} INFO - Started process (PID=638) to work on /home/airflow/.local/lib/python3.12/site-packages/airflow/example_dags/example_display_name.py
[2025-05-01T10:56:30.837+0000] {processor.py:830} INFO - Processing file /home/airflow/.local/lib/python3.12/site-packages/airflow/example_dags/example_display_name.py for tasks to queue
[2025-05-01T10:56:30.839+0000] {logging_mixin.py:188} INFO - [2025-05-01T10:56:30.839+0000] {dagbag.py:545} INFO - Filling up the DagBag from /home/airflow/.local/lib/python3.12/site-packages/airflow/example_dags/example_display_name.py
[2025-05-01T10:56:30.845+0000] {processor.py:840} INFO - DAG(s) 'example_display_name' retrieved from /home/airflow/.local/lib/python3.12/site-packages/airflow/example_dags/example_display_name.py
[2025-05-01T10:56:30.869+0000] {logging_mixin.py:188} INFO - [2025-05-01T10:56:30.869+0000] {dag.py:3096} INFO - Sync 1 DAGs
[2025-05-01T10:56:30.885+0000] {logging_mixin.py:188} INFO - [2025-05-01T10:56:30.885+0000] {dag.py:3954} INFO - Setting next_dagrun for example_display_name to None, run_after=None
[2025-05-01T10:56:30.912+0000] {processor.py:183} INFO - Processing /home/airflow/.local/lib/python3.12/site-packages/airflow/example_dags/example_display_name.py took 0.082 seconds
[2025-05-01T10:57:01.635+0000] {processor.py:161} INFO - Started process (PID=697) to work on /home/airflow/.local/lib/python3.12/site-packages/airflow/example_dags/example_display_name.py
[2025-05-01T10:57:01.637+0000] {processor.py:830} INFO - Processing file /home/airflow/.local/lib/python3.12/site-packages/airflow/example_dags/example_display_name.py for tasks to queue
[2025-05-01T10:57:01.640+0000] {logging_mixin.py:188} INFO - [2025-05-01T10:57:01.639+0000] {dagbag.py:545} INFO - Filling up the DagBag from /home/airflow/.local/lib/python3.12/site-packages/airflow/example_dags/example_display_name.py
[2025-05-01T10:57:01.649+0000] {processor.py:840} INFO - DAG(s) 'example_display_name' retrieved from /home/airflow/.local/lib/python3.12/site-packages/airflow/example_dags/example_display_name.py
[2025-05-01T10:57:01.679+0000] {logging_mixin.py:188} INFO - [2025-05-01T10:57:01.679+0000] {dag.py:3096} INFO - Sync 1 DAGs
[2025-05-01T10:57:01.699+0000] {logging_mixin.py:188} INFO - [2025-05-01T10:57:01.698+0000] {dag.py:3954} INFO - Setting next_dagrun for example_display_name to None, run_after=None
[2025-05-01T10:57:01.731+0000] {processor.py:183} INFO - Processing /home/airflow/.local/lib/python3.12/site-packages/airflow/example_dags/example_display_name.py took 0.104 seconds
[2025-05-01T10:57:32.125+0000] {processor.py:161} INFO - Started process (PID=758) to work on /home/airflow/.local/lib/python3.12/site-packages/airflow/example_dags/example_display_name.py
[2025-05-01T10:57:32.126+0000] {processor.py:830} INFO - Processing file /home/airflow/.local/lib/python3.12/site-packages/airflow/example_dags/example_display_name.py for tasks to queue
[2025-05-01T10:57:32.129+0000] {logging_mixin.py:188} INFO - [2025-05-01T10:57:32.128+0000] {dagbag.py:545} INFO - Filling up the DagBag from /home/airflow/.local/lib/python3.12/site-packages/airflow/example_dags/example_display_name.py
[2025-05-01T10:57:32.135+0000] {processor.py:840} INFO - DAG(s) 'example_display_name' retrieved from /home/airflow/.local/lib/python3.12/site-packages/airflow/example_dags/example_display_name.py
[2025-05-01T10:57:32.158+0000] {logging_mixin.py:188} INFO - [2025-05-01T10:57:32.158+0000] {dag.py:3096} INFO - Sync 1 DAGs
[2025-05-01T10:57:32.173+0000] {logging_mixin.py:188} INFO - [2025-05-01T10:57:32.173+0000] {dag.py:3954} INFO - Setting next_dagrun for example_display_name to None, run_after=None
[2025-05-01T10:57:32.197+0000] {processor.py:183} INFO - Processing /home/airflow/.local/lib/python3.12/site-packages/airflow/example_dags/example_display_name.py took 0.078 seconds
[2025-05-01T10:58:02.489+0000] {processor.py:161} INFO - Started process (PID=817) to work on /home/airflow/.local/lib/python3.12/site-packages/airflow/example_dags/example_display_name.py
[2025-05-01T10:58:02.490+0000] {processor.py:830} INFO - Processing file /home/airflow/.local/lib/python3.12/site-packages/airflow/example_dags/example_display_name.py for tasks to queue
[2025-05-01T10:58:02.493+0000] {logging_mixin.py:188} INFO - [2025-05-01T10:58:02.492+0000] {dagbag.py:545} INFO - Filling up the DagBag from /home/airflow/.local/lib/python3.12/site-packages/airflow/example_dags/example_display_name.py
[2025-05-01T10:58:02.499+0000] {processor.py:840} INFO - DAG(s) 'example_display_name' retrieved from /home/airflow/.local/lib/python3.12/site-packages/airflow/example_dags/example_display_name.py
[2025-05-01T10:58:02.521+0000] {logging_mixin.py:188} INFO - [2025-05-01T10:58:02.521+0000] {dag.py:3096} INFO - Sync 1 DAGs
[2025-05-01T10:58:02.536+0000] {logging_mixin.py:188} INFO - [2025-05-01T10:58:02.536+0000] {dag.py:3954} INFO - Setting next_dagrun for example_display_name to None, run_after=None
[2025-05-01T10:58:02.562+0000] {processor.py:183} INFO - Processing /home/airflow/.local/lib/python3.12/site-packages/airflow/example_dags/example_display_name.py took 0.079 seconds
[2025-05-01T10:58:33.395+0000] {processor.py:161} INFO - Started process (PID=876) to work on /home/airflow/.local/lib/python3.12/site-packages/airflow/example_dags/example_display_name.py
[2025-05-01T10:58:33.397+0000] {processor.py:830} INFO - Processing file /home/airflow/.local/lib/python3.12/site-packages/airflow/example_dags/example_display_name.py for tasks to queue
[2025-05-01T10:58:33.399+0000] {logging_mixin.py:188} INFO - [2025-05-01T10:58:33.399+0000] {dagbag.py:545} INFO - Filling up the DagBag from /home/airflow/.local/lib/python3.12/site-packages/airflow/example_dags/example_display_name.py
[2025-05-01T10:58:33.406+0000] {processor.py:840} INFO - DAG(s) 'example_display_name' retrieved from /home/airflow/.local/lib/python3.12/site-packages/airflow/example_dags/example_display_name.py
[2025-05-01T10:58:33.431+0000] {logging_mixin.py:188} INFO - [2025-05-01T10:58:33.430+0000] {dag.py:3096} INFO - Sync 1 DAGs
[2025-05-01T10:58:33.447+0000] {logging_mixin.py:188} INFO - [2025-05-01T10:58:33.447+0000] {dag.py:3954} INFO - Setting next_dagrun for example_display_name to None, run_after=None
[2025-05-01T10:58:33.473+0000] {processor.py:183} INFO - Processing /home/airflow/.local/lib/python3.12/site-packages/airflow/example_dags/example_display_name.py took 0.083 seconds
[2025-05-01T10:59:03.517+0000] {processor.py:161} INFO - Started process (PID=935) to work on /home/airflow/.local/lib/python3.12/site-packages/airflow/example_dags/example_display_name.py
[2025-05-01T10:59:03.519+0000] {processor.py:830} INFO - Processing file /home/airflow/.local/lib/python3.12/site-packages/airflow/example_dags/example_display_name.py for tasks to queue
[2025-05-01T10:59:03.521+0000] {logging_mixin.py:188} INFO - [2025-05-01T10:59:03.521+0000] {dagbag.py:545} INFO - Filling up the DagBag from /home/airflow/.local/lib/python3.12/site-packages/airflow/example_dags/example_display_name.py
[2025-05-01T10:59:03.534+0000] {processor.py:840} INFO - DAG(s) 'example_display_name' retrieved from /home/airflow/.local/lib/python3.12/site-packages/airflow/example_dags/example_display_name.py
[2025-05-01T10:59:03.558+0000] {logging_mixin.py:188} INFO - [2025-05-01T10:59:03.557+0000] {dag.py:3096} INFO - Sync 1 DAGs
[2025-05-01T10:59:03.573+0000] {logging_mixin.py:188} INFO - [2025-05-01T10:59:03.573+0000] {dag.py:3954} INFO - Setting next_dagrun for example_display_name to None, run_after=None
[2025-05-01T10:59:03.597+0000] {processor.py:183} INFO - Processing /home/airflow/.local/lib/python3.12/site-packages/airflow/example_dags/example_display_name.py took 0.086 seconds
[2025-05-01T10:59:33.847+0000] {processor.py:161} INFO - Started process (PID=994) to work on /home/airflow/.local/lib/python3.12/site-packages/airflow/example_dags/example_display_name.py
[2025-05-01T10:59:33.848+0000] {processor.py:830} INFO - Processing file /home/airflow/.local/lib/python3.12/site-packages/airflow/example_dags/example_display_name.py for tasks to queue
[2025-05-01T10:59:33.850+0000] {logging_mixin.py:188} INFO - [2025-05-01T10:59:33.850+0000] {dagbag.py:545} INFO - Filling up the DagBag from /home/airflow/.local/lib/python3.12/site-packages/airflow/example_dags/example_display_name.py
[2025-05-01T10:59:33.857+0000] {processor.py:840} INFO - DAG(s) 'example_display_name' retrieved from /home/airflow/.local/lib/python3.12/site-packages/airflow/example_dags/example_display_name.py
[2025-05-01T10:59:33.886+0000] {logging_mixin.py:188} INFO - [2025-05-01T10:59:33.886+0000] {dag.py:3096} INFO - Sync 1 DAGs
[2025-05-01T10:59:33.901+0000] {logging_mixin.py:188} INFO - [2025-05-01T10:59:33.900+0000] {dag.py:3954} INFO - Setting next_dagrun for example_display_name to None, run_after=None
[2025-05-01T10:59:33.925+0000] {processor.py:183} INFO - Processing /home/airflow/.local/lib/python3.12/site-packages/airflow/example_dags/example_display_name.py took 0.084 seconds
[2025-05-01T11:00:05.665+0000] {processor.py:161} INFO - Started process (PID=1053) to work on /home/airflow/.local/lib/python3.12/site-packages/airflow/example_dags/example_display_name.py
[2025-05-01T11:00:05.667+0000] {processor.py:830} INFO - Processing file /home/airflow/.local/lib/python3.12/site-packages/airflow/example_dags/example_display_name.py for tasks to queue
[2025-05-01T11:00:05.671+0000] {logging_mixin.py:188} INFO - [2025-05-01T11:00:05.670+0000] {dagbag.py:545} INFO - Filling up the DagBag from /home/airflow/.local/lib/python3.12/site-packages/airflow/example_dags/example_display_name.py
[2025-05-01T11:00:05.685+0000] {processor.py:840} INFO - DAG(s) 'example_display_name' retrieved from /home/airflow/.local/lib/python3.12/site-packages/airflow/example_dags/example_display_name.py
[2025-05-01T11:00:05.729+0000] {logging_mixin.py:188} INFO - [2025-05-01T11:00:05.729+0000] {dag.py:3096} INFO - Sync 1 DAGs
[2025-05-01T11:00:05.757+0000] {logging_mixin.py:188} INFO - [2025-05-01T11:00:05.756+0000] {dag.py:3954} INFO - Setting next_dagrun for example_display_name to None, run_after=None
[2025-05-01T11:00:05.801+0000] {processor.py:183} INFO - Processing /home/airflow/.local/lib/python3.12/site-packages/airflow/example_dags/example_display_name.py took 0.147 seconds
[2025-05-01T11:00:36.579+0000] {processor.py:161} INFO - Started process (PID=1112) to work on /home/airflow/.local/lib/python3.12/site-packages/airflow/example_dags/example_display_name.py
[2025-05-01T11:00:36.582+0000] {processor.py:830} INFO - Processing file /home/airflow/.local/lib/python3.12/site-packages/airflow/example_dags/example_display_name.py for tasks to queue
[2025-05-01T11:00:36.587+0000] {logging_mixin.py:188} INFO - [2025-05-01T11:00:36.586+0000] {dagbag.py:545} INFO - Filling up the DagBag from /home/airflow/.local/lib/python3.12/site-packages/airflow/example_dags/example_display_name.py
[2025-05-01T11:00:36.600+0000] {processor.py:840} INFO - DAG(s) 'example_display_name' retrieved from /home/airflow/.local/lib/python3.12/site-packages/airflow/example_dags/example_display_name.py
[2025-05-01T11:00:36.648+0000] {logging_mixin.py:188} INFO - [2025-05-01T11:00:36.647+0000] {dag.py:3096} INFO - Sync 1 DAGs
[2025-05-01T11:00:36.679+0000] {logging_mixin.py:188} INFO - [2025-05-01T11:00:36.679+0000] {dag.py:3954} INFO - Setting next_dagrun for example_display_name to None, run_after=None
[2025-05-01T11:00:36.768+0000] {processor.py:183} INFO - Processing /home/airflow/.local/lib/python3.12/site-packages/airflow/example_dags/example_display_name.py took 0.201 seconds
[2025-05-01T11:01:07.191+0000] {processor.py:161} INFO - Started process (PID=1172) to work on /home/airflow/.local/lib/python3.12/site-packages/airflow/example_dags/example_display_name.py
[2025-05-01T11:01:07.193+0000] {processor.py:830} INFO - Processing file /home/airflow/.local/lib/python3.12/site-packages/airflow/example_dags/example_display_name.py for tasks to queue
[2025-05-01T11:01:07.198+0000] {logging_mixin.py:188} INFO - [2025-05-01T11:01:07.197+0000] {dagbag.py:545} INFO - Filling up the DagBag from /home/airflow/.local/lib/python3.12/site-packages/airflow/example_dags/example_display_name.py
[2025-05-01T11:01:07.211+0000] {processor.py:840} INFO - DAG(s) 'example_display_name' retrieved from /home/airflow/.local/lib/python3.12/site-packages/airflow/example_dags/example_display_name.py
[2025-05-01T11:01:07.260+0000] {logging_mixin.py:188} INFO - [2025-05-01T11:01:07.259+0000] {dag.py:3096} INFO - Sync 1 DAGs
[2025-05-01T11:01:07.293+0000] {logging_mixin.py:188} INFO - [2025-05-01T11:01:07.292+0000] {dag.py:3954} INFO - Setting next_dagrun for example_display_name to None, run_after=None
[2025-05-01T11:01:07.361+0000] {processor.py:183} INFO - Processing /home/airflow/.local/lib/python3.12/site-packages/airflow/example_dags/example_display_name.py took 0.183 seconds
[2025-05-01T11:01:37.854+0000] {processor.py:161} INFO - Started process (PID=1231) to work on /home/airflow/.local/lib/python3.12/site-packages/airflow/example_dags/example_display_name.py
[2025-05-01T11:01:37.857+0000] {processor.py:830} INFO - Processing file /home/airflow/.local/lib/python3.12/site-packages/airflow/example_dags/example_display_name.py for tasks to queue
[2025-05-01T11:01:37.861+0000] {logging_mixin.py:188} INFO - [2025-05-01T11:01:37.860+0000] {dagbag.py:545} INFO - Filling up the DagBag from /home/airflow/.local/lib/python3.12/site-packages/airflow/example_dags/example_display_name.py
[2025-05-01T11:01:37.876+0000] {processor.py:840} INFO - DAG(s) 'example_display_name' retrieved from /home/airflow/.local/lib/python3.12/site-packages/airflow/example_dags/example_display_name.py
[2025-05-01T11:01:37.929+0000] {logging_mixin.py:188} INFO - [2025-05-01T11:01:37.928+0000] {dag.py:3096} INFO - Sync 1 DAGs
[2025-05-01T11:01:37.960+0000] {logging_mixin.py:188} INFO - [2025-05-01T11:01:37.960+0000] {dag.py:3954} INFO - Setting next_dagrun for example_display_name to None, run_after=None
[2025-05-01T11:01:38.047+0000] {processor.py:183} INFO - Processing /home/airflow/.local/lib/python3.12/site-packages/airflow/example_dags/example_display_name.py took 0.206 seconds
[2025-05-01T11:02:08.275+0000] {processor.py:161} INFO - Started process (PID=1289) to work on /home/airflow/.local/lib/python3.12/site-packages/airflow/example_dags/example_display_name.py
[2025-05-01T11:02:08.278+0000] {processor.py:830} INFO - Processing file /home/airflow/.local/lib/python3.12/site-packages/airflow/example_dags/example_display_name.py for tasks to queue
[2025-05-01T11:02:08.282+0000] {logging_mixin.py:188} INFO - [2025-05-01T11:02:08.281+0000] {dagbag.py:545} INFO - Filling up the DagBag from /home/airflow/.local/lib/python3.12/site-packages/airflow/example_dags/example_display_name.py
[2025-05-01T11:02:08.296+0000] {processor.py:840} INFO - DAG(s) 'example_display_name' retrieved from /home/airflow/.local/lib/python3.12/site-packages/airflow/example_dags/example_display_name.py
[2025-05-01T11:02:08.349+0000] {logging_mixin.py:188} INFO - [2025-05-01T11:02:08.348+0000] {dag.py:3096} INFO - Sync 1 DAGs
[2025-05-01T11:02:08.380+0000] {logging_mixin.py:188} INFO - [2025-05-01T11:02:08.380+0000] {dag.py:3954} INFO - Setting next_dagrun for example_display_name to None, run_after=None
[2025-05-01T11:02:08.439+0000] {processor.py:183} INFO - Processing /home/airflow/.local/lib/python3.12/site-packages/airflow/example_dags/example_display_name.py took 0.176 seconds
[2025-05-01T11:02:38.669+0000] {processor.py:161} INFO - Started process (PID=1348) to work on /home/airflow/.local/lib/python3.12/site-packages/airflow/example_dags/example_display_name.py
[2025-05-01T11:02:38.672+0000] {processor.py:830} INFO - Processing file /home/airflow/.local/lib/python3.12/site-packages/airflow/example_dags/example_display_name.py for tasks to queue
[2025-05-01T11:02:38.677+0000] {logging_mixin.py:188} INFO - [2025-05-01T11:02:38.676+0000] {dagbag.py:545} INFO - Filling up the DagBag from /home/airflow/.local/lib/python3.12/site-packages/airflow/example_dags/example_display_name.py
[2025-05-01T11:02:38.689+0000] {processor.py:840} INFO - DAG(s) 'example_display_name' retrieved from /home/airflow/.local/lib/python3.12/site-packages/airflow/example_dags/example_display_name.py
[2025-05-01T11:02:38.763+0000] {logging_mixin.py:188} INFO - [2025-05-01T11:02:38.762+0000] {dag.py:3096} INFO - Sync 1 DAGs
[2025-05-01T11:02:38.813+0000] {logging_mixin.py:188} INFO - [2025-05-01T11:02:38.812+0000] {dag.py:3954} INFO - Setting next_dagrun for example_display_name to None, run_after=None
[2025-05-01T11:02:38.864+0000] {processor.py:183} INFO - Processing /home/airflow/.local/lib/python3.12/site-packages/airflow/example_dags/example_display_name.py took 0.212 seconds
[2025-05-01T11:03:09.502+0000] {processor.py:161} INFO - Started process (PID=1407) to work on /home/airflow/.local/lib/python3.12/site-packages/airflow/example_dags/example_display_name.py
[2025-05-01T11:03:09.505+0000] {processor.py:830} INFO - Processing file /home/airflow/.local/lib/python3.12/site-packages/airflow/example_dags/example_display_name.py for tasks to queue
[2025-05-01T11:03:09.511+0000] {logging_mixin.py:188} INFO - [2025-05-01T11:03:09.510+0000] {dagbag.py:545} INFO - Filling up the DagBag from /home/airflow/.local/lib/python3.12/site-packages/airflow/example_dags/example_display_name.py
[2025-05-01T11:03:09.528+0000] {processor.py:840} INFO - DAG(s) 'example_display_name' retrieved from /home/airflow/.local/lib/python3.12/site-packages/airflow/example_dags/example_display_name.py
[2025-05-01T11:03:09.584+0000] {logging_mixin.py:188} INFO - [2025-05-01T11:03:09.583+0000] {dag.py:3096} INFO - Sync 1 DAGs
[2025-05-01T11:03:09.613+0000] {logging_mixin.py:188} INFO - [2025-05-01T11:03:09.612+0000] {dag.py:3954} INFO - Setting next_dagrun for example_display_name to None, run_after=None
[2025-05-01T11:03:09.660+0000] {processor.py:183} INFO - Processing /home/airflow/.local/lib/python3.12/site-packages/airflow/example_dags/example_display_name.py took 0.171 seconds
[2025-05-01T11:03:39.917+0000] {processor.py:161} INFO - Started process (PID=1466) to work on /home/airflow/.local/lib/python3.12/site-packages/airflow/example_dags/example_display_name.py
[2025-05-01T11:03:39.920+0000] {processor.py:830} INFO - Processing file /home/airflow/.local/lib/python3.12/site-packages/airflow/example_dags/example_display_name.py for tasks to queue
[2025-05-01T11:03:39.924+0000] {logging_mixin.py:188} INFO - [2025-05-01T11:03:39.923+0000] {dagbag.py:545} INFO - Filling up the DagBag from /home/airflow/.local/lib/python3.12/site-packages/airflow/example_dags/example_display_name.py
[2025-05-01T11:03:39.934+0000] {processor.py:840} INFO - DAG(s) 'example_display_name' retrieved from /home/airflow/.local/lib/python3.12/site-packages/airflow/example_dags/example_display_name.py
[2025-05-01T11:03:39.983+0000] {logging_mixin.py:188} INFO - [2025-05-01T11:03:39.983+0000] {dag.py:3096} INFO - Sync 1 DAGs
[2025-05-01T11:03:40.010+0000] {logging_mixin.py:188} INFO - [2025-05-01T11:03:40.010+0000] {dag.py:3954} INFO - Setting next_dagrun for example_display_name to None, run_after=None
[2025-05-01T11:03:40.052+0000] {processor.py:183} INFO - Processing /home/airflow/.local/lib/python3.12/site-packages/airflow/example_dags/example_display_name.py took 0.146 seconds
[2025-05-01T11:04:10.841+0000] {processor.py:161} INFO - Started process (PID=1525) to work on /home/airflow/.local/lib/python3.12/site-packages/airflow/example_dags/example_display_name.py
[2025-05-01T11:04:10.843+0000] {processor.py:830} INFO - Processing file /home/airflow/.local/lib/python3.12/site-packages/airflow/example_dags/example_display_name.py for tasks to queue
[2025-05-01T11:04:10.847+0000] {logging_mixin.py:188} INFO - [2025-05-01T11:04:10.847+0000] {dagbag.py:545} INFO - Filling up the DagBag from /home/airflow/.local/lib/python3.12/site-packages/airflow/example_dags/example_display_name.py
[2025-05-01T11:04:10.860+0000] {processor.py:840} INFO - DAG(s) 'example_display_name' retrieved from /home/airflow/.local/lib/python3.12/site-packages/airflow/example_dags/example_display_name.py
[2025-05-01T11:04:10.903+0000] {logging_mixin.py:188} INFO - [2025-05-01T11:04:10.903+0000] {dag.py:3096} INFO - Sync 1 DAGs
[2025-05-01T11:04:10.937+0000] {logging_mixin.py:188} INFO - [2025-05-01T11:04:10.937+0000] {dag.py:3954} INFO - Setting next_dagrun for example_display_name to None, run_after=None
[2025-05-01T11:04:10.980+0000] {processor.py:183} INFO - Processing /home/airflow/.local/lib/python3.12/site-packages/airflow/example_dags/example_display_name.py took 0.149 seconds
[2025-05-01T11:04:41.797+0000] {processor.py:161} INFO - Started process (PID=1584) to work on /home/airflow/.local/lib/python3.12/site-packages/airflow/example_dags/example_display_name.py
[2025-05-01T11:04:41.799+0000] {processor.py:830} INFO - Processing file /home/airflow/.local/lib/python3.12/site-packages/airflow/example_dags/example_display_name.py for tasks to queue
[2025-05-01T11:04:41.805+0000] {logging_mixin.py:188} INFO - [2025-05-01T11:04:41.803+0000] {dagbag.py:545} INFO - Filling up the DagBag from /home/airflow/.local/lib/python3.12/site-packages/airflow/example_dags/example_display_name.py
[2025-05-01T11:04:41.820+0000] {processor.py:840} INFO - DAG(s) 'example_display_name' retrieved from /home/airflow/.local/lib/python3.12/site-packages/airflow/example_dags/example_display_name.py
[2025-05-01T11:04:41.892+0000] {logging_mixin.py:188} INFO - [2025-05-01T11:04:41.891+0000] {dag.py:3096} INFO - Sync 1 DAGs
[2025-05-01T11:04:41.942+0000] {logging_mixin.py:188} INFO - [2025-05-01T11:04:41.941+0000] {dag.py:3954} INFO - Setting next_dagrun for example_display_name to None, run_after=None
[2025-05-01T11:04:42.005+0000] {processor.py:183} INFO - Processing /home/airflow/.local/lib/python3.12/site-packages/airflow/example_dags/example_display_name.py took 0.224 seconds
[2025-05-01T11:05:12.733+0000] {processor.py:161} INFO - Started process (PID=1643) to work on /home/airflow/.local/lib/python3.12/site-packages/airflow/example_dags/example_display_name.py
[2025-05-01T11:05:12.735+0000] {processor.py:830} INFO - Processing file /home/airflow/.local/lib/python3.12/site-packages/airflow/example_dags/example_display_name.py for tasks to queue
[2025-05-01T11:05:12.743+0000] {logging_mixin.py:188} INFO - [2025-05-01T11:05:12.742+0000] {dagbag.py:545} INFO - Filling up the DagBag from /home/airflow/.local/lib/python3.12/site-packages/airflow/example_dags/example_display_name.py
[2025-05-01T11:05:12.755+0000] {processor.py:840} INFO - DAG(s) 'example_display_name' retrieved from /home/airflow/.local/lib/python3.12/site-packages/airflow/example_dags/example_display_name.py
[2025-05-01T11:05:12.801+0000] {logging_mixin.py:188} INFO - [2025-05-01T11:05:12.801+0000] {dag.py:3096} INFO - Sync 1 DAGs
[2025-05-01T11:05:12.833+0000] {logging_mixin.py:188} INFO - [2025-05-01T11:05:12.833+0000] {dag.py:3954} INFO - Setting next_dagrun for example_display_name to None, run_after=None
[2025-05-01T11:05:12.888+0000] {processor.py:183} INFO - Processing /home/airflow/.local/lib/python3.12/site-packages/airflow/example_dags/example_display_name.py took 0.166 seconds
[2025-05-01T11:05:43.375+0000] {processor.py:161} INFO - Started process (PID=1702) to work on /home/airflow/.local/lib/python3.12/site-packages/airflow/example_dags/example_display_name.py
[2025-05-01T11:05:43.378+0000] {processor.py:830} INFO - Processing file /home/airflow/.local/lib/python3.12/site-packages/airflow/example_dags/example_display_name.py for tasks to queue
[2025-05-01T11:05:43.382+0000] {logging_mixin.py:188} INFO - [2025-05-01T11:05:43.382+0000] {dagbag.py:545} INFO - Filling up the DagBag from /home/airflow/.local/lib/python3.12/site-packages/airflow/example_dags/example_display_name.py
[2025-05-01T11:05:43.395+0000] {processor.py:840} INFO - DAG(s) 'example_display_name' retrieved from /home/airflow/.local/lib/python3.12/site-packages/airflow/example_dags/example_display_name.py
[2025-05-01T11:05:43.438+0000] {logging_mixin.py:188} INFO - [2025-05-01T11:05:43.438+0000] {dag.py:3096} INFO - Sync 1 DAGs
[2025-05-01T11:05:43.469+0000] {logging_mixin.py:188} INFO - [2025-05-01T11:05:43.468+0000] {dag.py:3954} INFO - Setting next_dagrun for example_display_name to None, run_after=None
[2025-05-01T11:05:43.526+0000] {processor.py:183} INFO - Processing /home/airflow/.local/lib/python3.12/site-packages/airflow/example_dags/example_display_name.py took 0.161 seconds
[2025-05-01T11:06:14.281+0000] {processor.py:161} INFO - Started process (PID=1761) to work on /home/airflow/.local/lib/python3.12/site-packages/airflow/example_dags/example_display_name.py
[2025-05-01T11:06:14.284+0000] {processor.py:830} INFO - Processing file /home/airflow/.local/lib/python3.12/site-packages/airflow/example_dags/example_display_name.py for tasks to queue
[2025-05-01T11:06:14.288+0000] {logging_mixin.py:188} INFO - [2025-05-01T11:06:14.287+0000] {dagbag.py:545} INFO - Filling up the DagBag from /home/airflow/.local/lib/python3.12/site-packages/airflow/example_dags/example_display_name.py
[2025-05-01T11:06:14.302+0000] {processor.py:840} INFO - DAG(s) 'example_display_name' retrieved from /home/airflow/.local/lib/python3.12/site-packages/airflow/example_dags/example_display_name.py
[2025-05-01T11:06:14.348+0000] {logging_mixin.py:188} INFO - [2025-05-01T11:06:14.347+0000] {dag.py:3096} INFO - Sync 1 DAGs
[2025-05-01T11:06:14.382+0000] {logging_mixin.py:188} INFO - [2025-05-01T11:06:14.381+0000] {dag.py:3954} INFO - Setting next_dagrun for example_display_name to None, run_after=None
[2025-05-01T11:06:14.451+0000] {processor.py:183} INFO - Processing /home/airflow/.local/lib/python3.12/site-packages/airflow/example_dags/example_display_name.py took 0.181 seconds
[2025-05-01T11:06:45.248+0000] {processor.py:161} INFO - Started process (PID=1820) to work on /home/airflow/.local/lib/python3.12/site-packages/airflow/example_dags/example_display_name.py
[2025-05-01T11:06:45.250+0000] {processor.py:830} INFO - Processing file /home/airflow/.local/lib/python3.12/site-packages/airflow/example_dags/example_display_name.py for tasks to queue
[2025-05-01T11:06:45.254+0000] {logging_mixin.py:188} INFO - [2025-05-01T11:06:45.253+0000] {dagbag.py:545} INFO - Filling up the DagBag from /home/airflow/.local/lib/python3.12/site-packages/airflow/example_dags/example_display_name.py
[2025-05-01T11:06:45.266+0000] {processor.py:840} INFO - DAG(s) 'example_display_name' retrieved from /home/airflow/.local/lib/python3.12/site-packages/airflow/example_dags/example_display_name.py
[2025-05-01T11:06:45.313+0000] {logging_mixin.py:188} INFO - [2025-05-01T11:06:45.312+0000] {dag.py:3096} INFO - Sync 1 DAGs
[2025-05-01T11:06:45.347+0000] {logging_mixin.py:188} INFO - [2025-05-01T11:06:45.347+0000] {dag.py:3954} INFO - Setting next_dagrun for example_display_name to None, run_after=None
[2025-05-01T11:06:45.441+0000] {processor.py:183} INFO - Processing /home/airflow/.local/lib/python3.12/site-packages/airflow/example_dags/example_display_name.py took 0.205 seconds
[2025-05-01T11:07:15.577+0000] {processor.py:161} INFO - Started process (PID=1879) to work on /home/airflow/.local/lib/python3.12/site-packages/airflow/example_dags/example_display_name.py
[2025-05-01T11:07:15.579+0000] {processor.py:830} INFO - Processing file /home/airflow/.local/lib/python3.12/site-packages/airflow/example_dags/example_display_name.py for tasks to queue
[2025-05-01T11:07:15.583+0000] {logging_mixin.py:188} INFO - [2025-05-01T11:07:15.582+0000] {dagbag.py:545} INFO - Filling up the DagBag from /home/airflow/.local/lib/python3.12/site-packages/airflow/example_dags/example_display_name.py
[2025-05-01T11:07:15.593+0000] {processor.py:840} INFO - DAG(s) 'example_display_name' retrieved from /home/airflow/.local/lib/python3.12/site-packages/airflow/example_dags/example_display_name.py
[2025-05-01T11:07:15.634+0000] {logging_mixin.py:188} INFO - [2025-05-01T11:07:15.634+0000] {dag.py:3096} INFO - Sync 1 DAGs
[2025-05-01T11:07:15.662+0000] {logging_mixin.py:188} INFO - [2025-05-01T11:07:15.662+0000] {dag.py:3954} INFO - Setting next_dagrun for example_display_name to None, run_after=None
[2025-05-01T11:07:15.735+0000] {processor.py:183} INFO - Processing /home/airflow/.local/lib/python3.12/site-packages/airflow/example_dags/example_display_name.py took 0.169 seconds
[2025-05-01T11:07:47.184+0000] {processor.py:161} INFO - Started process (PID=1938) to work on /home/airflow/.local/lib/python3.12/site-packages/airflow/example_dags/example_display_name.py
[2025-05-01T11:07:47.187+0000] {processor.py:830} INFO - Processing file /home/airflow/.local/lib/python3.12/site-packages/airflow/example_dags/example_display_name.py for tasks to queue
[2025-05-01T11:07:47.191+0000] {logging_mixin.py:188} INFO - [2025-05-01T11:07:47.190+0000] {dagbag.py:545} INFO - Filling up the DagBag from /home/airflow/.local/lib/python3.12/site-packages/airflow/example_dags/example_display_name.py
[2025-05-01T11:07:47.202+0000] {processor.py:840} INFO - DAG(s) 'example_display_name' retrieved from /home/airflow/.local/lib/python3.12/site-packages/airflow/example_dags/example_display_name.py
[2025-05-01T11:07:47.244+0000] {logging_mixin.py:188} INFO - [2025-05-01T11:07:47.244+0000] {dag.py:3096} INFO - Sync 1 DAGs
[2025-05-01T11:07:47.276+0000] {logging_mixin.py:188} INFO - [2025-05-01T11:07:47.275+0000] {dag.py:3954} INFO - Setting next_dagrun for example_display_name to None, run_after=None
[2025-05-01T11:07:47.359+0000] {processor.py:183} INFO - Processing /home/airflow/.local/lib/python3.12/site-packages/airflow/example_dags/example_display_name.py took 0.185 seconds
[2025-05-01T11:08:20.190+0000] {processor.py:161} INFO - Started process (PID=1997) to work on /home/airflow/.local/lib/python3.12/site-packages/airflow/example_dags/example_display_name.py
[2025-05-01T11:08:20.193+0000] {processor.py:830} INFO - Processing file /home/airflow/.local/lib/python3.12/site-packages/airflow/example_dags/example_display_name.py for tasks to queue
[2025-05-01T11:08:20.199+0000] {logging_mixin.py:188} INFO - [2025-05-01T11:08:20.197+0000] {dagbag.py:545} INFO - Filling up the DagBag from /home/airflow/.local/lib/python3.12/site-packages/airflow/example_dags/example_display_name.py
[2025-05-01T11:08:20.214+0000] {processor.py:840} INFO - DAG(s) 'example_display_name' retrieved from /home/airflow/.local/lib/python3.12/site-packages/airflow/example_dags/example_display_name.py
[2025-05-01T11:08:20.266+0000] {logging_mixin.py:188} INFO - [2025-05-01T11:08:20.265+0000] {dag.py:3096} INFO - Sync 1 DAGs
[2025-05-01T11:08:20.535+0000] {logging_mixin.py:188} INFO - [2025-05-01T11:08:20.535+0000] {dag.py:3954} INFO - Setting next_dagrun for example_display_name to None, run_after=None
[2025-05-01T11:08:20.575+0000] {processor.py:183} INFO - Processing /home/airflow/.local/lib/python3.12/site-packages/airflow/example_dags/example_display_name.py took 0.396 seconds
[2025-05-01T11:08:51.300+0000] {processor.py:161} INFO - Started process (PID=2056) to work on /home/airflow/.local/lib/python3.12/site-packages/airflow/example_dags/example_display_name.py
[2025-05-01T11:08:51.303+0000] {processor.py:830} INFO - Processing file /home/airflow/.local/lib/python3.12/site-packages/airflow/example_dags/example_display_name.py for tasks to queue
[2025-05-01T11:08:51.310+0000] {logging_mixin.py:188} INFO - [2025-05-01T11:08:51.309+0000] {dagbag.py:545} INFO - Filling up the DagBag from /home/airflow/.local/lib/python3.12/site-packages/airflow/example_dags/example_display_name.py
[2025-05-01T11:08:51.323+0000] {processor.py:840} INFO - DAG(s) 'example_display_name' retrieved from /home/airflow/.local/lib/python3.12/site-packages/airflow/example_dags/example_display_name.py
[2025-05-01T11:08:51.373+0000] {logging_mixin.py:188} INFO - [2025-05-01T11:08:51.373+0000] {dag.py:3096} INFO - Sync 1 DAGs
[2025-05-01T11:08:51.406+0000] {logging_mixin.py:188} INFO - [2025-05-01T11:08:51.405+0000] {dag.py:3954} INFO - Setting next_dagrun for example_display_name to None, run_after=None
[2025-05-01T11:08:51.502+0000] {processor.py:183} INFO - Processing /home/airflow/.local/lib/python3.12/site-packages/airflow/example_dags/example_display_name.py took 0.217 seconds
[2025-05-01T11:09:21.737+0000] {processor.py:161} INFO - Started process (PID=2115) to work on /home/airflow/.local/lib/python3.12/site-packages/airflow/example_dags/example_display_name.py
[2025-05-01T11:09:21.739+0000] {processor.py:830} INFO - Processing file /home/airflow/.local/lib/python3.12/site-packages/airflow/example_dags/example_display_name.py for tasks to queue
[2025-05-01T11:09:21.744+0000] {logging_mixin.py:188} INFO - [2025-05-01T11:09:21.743+0000] {dagbag.py:545} INFO - Filling up the DagBag from /home/airflow/.local/lib/python3.12/site-packages/airflow/example_dags/example_display_name.py
[2025-05-01T11:09:21.757+0000] {processor.py:840} INFO - DAG(s) 'example_display_name' retrieved from /home/airflow/.local/lib/python3.12/site-packages/airflow/example_dags/example_display_name.py
[2025-05-01T11:09:21.809+0000] {logging_mixin.py:188} INFO - [2025-05-01T11:09:21.808+0000] {dag.py:3096} INFO - Sync 1 DAGs
[2025-05-01T11:09:21.837+0000] {logging_mixin.py:188} INFO - [2025-05-01T11:09:21.836+0000] {dag.py:3954} INFO - Setting next_dagrun for example_display_name to None, run_after=None
[2025-05-01T11:09:21.881+0000] {processor.py:183} INFO - Processing /home/airflow/.local/lib/python3.12/site-packages/airflow/example_dags/example_display_name.py took 0.156 seconds
[2025-05-01T11:09:52.537+0000] {processor.py:161} INFO - Started process (PID=2174) to work on /home/airflow/.local/lib/python3.12/site-packages/airflow/example_dags/example_display_name.py
[2025-05-01T11:09:52.540+0000] {processor.py:830} INFO - Processing file /home/airflow/.local/lib/python3.12/site-packages/airflow/example_dags/example_display_name.py for tasks to queue
[2025-05-01T11:09:52.545+0000] {logging_mixin.py:188} INFO - [2025-05-01T11:09:52.544+0000] {dagbag.py:545} INFO - Filling up the DagBag from /home/airflow/.local/lib/python3.12/site-packages/airflow/example_dags/example_display_name.py
[2025-05-01T11:09:52.561+0000] {processor.py:840} INFO - DAG(s) 'example_display_name' retrieved from /home/airflow/.local/lib/python3.12/site-packages/airflow/example_dags/example_display_name.py
[2025-05-01T11:09:52.615+0000] {logging_mixin.py:188} INFO - [2025-05-01T11:09:52.614+0000] {dag.py:3096} INFO - Sync 1 DAGs
[2025-05-01T11:09:52.652+0000] {logging_mixin.py:188} INFO - [2025-05-01T11:09:52.651+0000] {dag.py:3954} INFO - Setting next_dagrun for example_display_name to None, run_after=None
[2025-05-01T11:09:52.703+0000] {processor.py:183} INFO - Processing /home/airflow/.local/lib/python3.12/site-packages/airflow/example_dags/example_display_name.py took 0.179 seconds
[2025-05-01T11:10:23.593+0000] {processor.py:161} INFO - Started process (PID=2233) to work on /home/airflow/.local/lib/python3.12/site-packages/airflow/example_dags/example_display_name.py
[2025-05-01T11:10:23.595+0000] {processor.py:830} INFO - Processing file /home/airflow/.local/lib/python3.12/site-packages/airflow/example_dags/example_display_name.py for tasks to queue
[2025-05-01T11:10:23.599+0000] {logging_mixin.py:188} INFO - [2025-05-01T11:10:23.598+0000] {dagbag.py:545} INFO - Filling up the DagBag from /home/airflow/.local/lib/python3.12/site-packages/airflow/example_dags/example_display_name.py
[2025-05-01T11:10:23.612+0000] {processor.py:840} INFO - DAG(s) 'example_display_name' retrieved from /home/airflow/.local/lib/python3.12/site-packages/airflow/example_dags/example_display_name.py
[2025-05-01T11:10:23.684+0000] {logging_mixin.py:188} INFO - [2025-05-01T11:10:23.683+0000] {dag.py:3096} INFO - Sync 1 DAGs
[2025-05-01T11:10:23.781+0000] {logging_mixin.py:188} INFO - [2025-05-01T11:10:23.780+0000] {dag.py:3954} INFO - Setting next_dagrun for example_display_name to None, run_after=None
[2025-05-01T11:10:23.832+0000] {processor.py:183} INFO - Processing /home/airflow/.local/lib/python3.12/site-packages/airflow/example_dags/example_display_name.py took 0.250 seconds
[2025-05-01T11:10:54.348+0000] {processor.py:161} INFO - Started process (PID=2298) to work on /home/airflow/.local/lib/python3.12/site-packages/airflow/example_dags/example_display_name.py
[2025-05-01T11:10:54.350+0000] {processor.py:830} INFO - Processing file /home/airflow/.local/lib/python3.12/site-packages/airflow/example_dags/example_display_name.py for tasks to queue
[2025-05-01T11:10:54.354+0000] {logging_mixin.py:188} INFO - [2025-05-01T11:10:54.354+0000] {dagbag.py:545} INFO - Filling up the DagBag from /home/airflow/.local/lib/python3.12/site-packages/airflow/example_dags/example_display_name.py
[2025-05-01T11:10:54.365+0000] {processor.py:840} INFO - DAG(s) 'example_display_name' retrieved from /home/airflow/.local/lib/python3.12/site-packages/airflow/example_dags/example_display_name.py
[2025-05-01T11:10:54.425+0000] {logging_mixin.py:188} INFO - [2025-05-01T11:10:54.425+0000] {dag.py:3096} INFO - Sync 1 DAGs
[2025-05-01T11:10:54.461+0000] {logging_mixin.py:188} INFO - [2025-05-01T11:10:54.460+0000] {dag.py:3954} INFO - Setting next_dagrun for example_display_name to None, run_after=None
[2025-05-01T11:10:54.514+0000] {processor.py:183} INFO - Processing /home/airflow/.local/lib/python3.12/site-packages/airflow/example_dags/example_display_name.py took 0.178 seconds
[2025-05-01T11:11:25.425+0000] {processor.py:161} INFO - Started process (PID=2357) to work on /home/airflow/.local/lib/python3.12/site-packages/airflow/example_dags/example_display_name.py
[2025-05-01T11:11:25.428+0000] {processor.py:830} INFO - Processing file /home/airflow/.local/lib/python3.12/site-packages/airflow/example_dags/example_display_name.py for tasks to queue
[2025-05-01T11:11:25.432+0000] {logging_mixin.py:188} INFO - [2025-05-01T11:11:25.431+0000] {dagbag.py:545} INFO - Filling up the DagBag from /home/airflow/.local/lib/python3.12/site-packages/airflow/example_dags/example_display_name.py
[2025-05-01T11:11:25.444+0000] {processor.py:840} INFO - DAG(s) 'example_display_name' retrieved from /home/airflow/.local/lib/python3.12/site-packages/airflow/example_dags/example_display_name.py
[2025-05-01T11:11:25.527+0000] {logging_mixin.py:188} INFO - [2025-05-01T11:11:25.526+0000] {dag.py:3096} INFO - Sync 1 DAGs
[2025-05-01T11:11:25.555+0000] {logging_mixin.py:188} INFO - [2025-05-01T11:11:25.555+0000] {dag.py:3954} INFO - Setting next_dagrun for example_display_name to None, run_after=None
[2025-05-01T11:11:25.606+0000] {processor.py:183} INFO - Processing /home/airflow/.local/lib/python3.12/site-packages/airflow/example_dags/example_display_name.py took 0.193 seconds
[2025-05-01T11:11:56.151+0000] {processor.py:161} INFO - Started process (PID=2417) to work on /home/airflow/.local/lib/python3.12/site-packages/airflow/example_dags/example_display_name.py
[2025-05-01T11:11:56.154+0000] {processor.py:830} INFO - Processing file /home/airflow/.local/lib/python3.12/site-packages/airflow/example_dags/example_display_name.py for tasks to queue
[2025-05-01T11:11:56.159+0000] {logging_mixin.py:188} INFO - [2025-05-01T11:11:56.159+0000] {dagbag.py:545} INFO - Filling up the DagBag from /home/airflow/.local/lib/python3.12/site-packages/airflow/example_dags/example_display_name.py
[2025-05-01T11:11:56.176+0000] {processor.py:840} INFO - DAG(s) 'example_display_name' retrieved from /home/airflow/.local/lib/python3.12/site-packages/airflow/example_dags/example_display_name.py
[2025-05-01T11:11:56.223+0000] {logging_mixin.py:188} INFO - [2025-05-01T11:11:56.222+0000] {dag.py:3096} INFO - Sync 1 DAGs
[2025-05-01T11:11:56.260+0000] {logging_mixin.py:188} INFO - [2025-05-01T11:11:56.259+0000] {dag.py:3954} INFO - Setting next_dagrun for example_display_name to None, run_after=None
[2025-05-01T11:11:56.346+0000] {processor.py:183} INFO - Processing /home/airflow/.local/lib/python3.12/site-packages/airflow/example_dags/example_display_name.py took 0.206 seconds
[2025-05-01T11:12:26.577+0000] {processor.py:161} INFO - Started process (PID=2476) to work on /home/airflow/.local/lib/python3.12/site-packages/airflow/example_dags/example_display_name.py
[2025-05-01T11:12:26.579+0000] {processor.py:830} INFO - Processing file /home/airflow/.local/lib/python3.12/site-packages/airflow/example_dags/example_display_name.py for tasks to queue
[2025-05-01T11:12:26.584+0000] {logging_mixin.py:188} INFO - [2025-05-01T11:12:26.583+0000] {dagbag.py:545} INFO - Filling up the DagBag from /home/airflow/.local/lib/python3.12/site-packages/airflow/example_dags/example_display_name.py
[2025-05-01T11:12:26.594+0000] {processor.py:840} INFO - DAG(s) 'example_display_name' retrieved from /home/airflow/.local/lib/python3.12/site-packages/airflow/example_dags/example_display_name.py
[2025-05-01T11:12:26.635+0000] {logging_mixin.py:188} INFO - [2025-05-01T11:12:26.635+0000] {dag.py:3096} INFO - Sync 1 DAGs
[2025-05-01T11:12:26.663+0000] {logging_mixin.py:188} INFO - [2025-05-01T11:12:26.662+0000] {dag.py:3954} INFO - Setting next_dagrun for example_display_name to None, run_after=None
[2025-05-01T11:12:26.713+0000] {processor.py:183} INFO - Processing /home/airflow/.local/lib/python3.12/site-packages/airflow/example_dags/example_display_name.py took 0.148 seconds
[2025-05-01T11:12:57.343+0000] {processor.py:161} INFO - Started process (PID=2535) to work on /home/airflow/.local/lib/python3.12/site-packages/airflow/example_dags/example_display_name.py
[2025-05-01T11:12:57.345+0000] {processor.py:830} INFO - Processing file /home/airflow/.local/lib/python3.12/site-packages/airflow/example_dags/example_display_name.py for tasks to queue
[2025-05-01T11:12:57.349+0000] {logging_mixin.py:188} INFO - [2025-05-01T11:12:57.349+0000] {dagbag.py:545} INFO - Filling up the DagBag from /home/airflow/.local/lib/python3.12/site-packages/airflow/example_dags/example_display_name.py
[2025-05-01T11:12:57.361+0000] {processor.py:840} INFO - DAG(s) 'example_display_name' retrieved from /home/airflow/.local/lib/python3.12/site-packages/airflow/example_dags/example_display_name.py
[2025-05-01T11:12:57.407+0000] {logging_mixin.py:188} INFO - [2025-05-01T11:12:57.407+0000] {dag.py:3096} INFO - Sync 1 DAGs
[2025-05-01T11:12:57.443+0000] {logging_mixin.py:188} INFO - [2025-05-01T11:12:57.442+0000] {dag.py:3954} INFO - Setting next_dagrun for example_display_name to None, run_after=None
[2025-05-01T11:12:57.492+0000] {processor.py:183} INFO - Processing /home/airflow/.local/lib/python3.12/site-packages/airflow/example_dags/example_display_name.py took 0.160 seconds
[2025-05-01T11:13:28.170+0000] {processor.py:161} INFO - Started process (PID=2594) to work on /home/airflow/.local/lib/python3.12/site-packages/airflow/example_dags/example_display_name.py
[2025-05-01T11:13:28.173+0000] {processor.py:830} INFO - Processing file /home/airflow/.local/lib/python3.12/site-packages/airflow/example_dags/example_display_name.py for tasks to queue
[2025-05-01T11:13:28.177+0000] {logging_mixin.py:188} INFO - [2025-05-01T11:13:28.176+0000] {dagbag.py:545} INFO - Filling up the DagBag from /home/airflow/.local/lib/python3.12/site-packages/airflow/example_dags/example_display_name.py
[2025-05-01T11:13:28.192+0000] {processor.py:840} INFO - DAG(s) 'example_display_name' retrieved from /home/airflow/.local/lib/python3.12/site-packages/airflow/example_dags/example_display_name.py
[2025-05-01T11:13:28.242+0000] {logging_mixin.py:188} INFO - [2025-05-01T11:13:28.241+0000] {dag.py:3096} INFO - Sync 1 DAGs
[2025-05-01T11:13:28.292+0000] {logging_mixin.py:188} INFO - [2025-05-01T11:13:28.292+0000] {dag.py:3954} INFO - Setting next_dagrun for example_display_name to None, run_after=None
[2025-05-01T11:13:28.381+0000] {processor.py:183} INFO - Processing /home/airflow/.local/lib/python3.12/site-packages/airflow/example_dags/example_display_name.py took 0.223 seconds
[2025-05-01T11:13:58.803+0000] {processor.py:161} INFO - Started process (PID=2651) to work on /home/airflow/.local/lib/python3.12/site-packages/airflow/example_dags/example_display_name.py
[2025-05-01T11:13:58.806+0000] {processor.py:830} INFO - Processing file /home/airflow/.local/lib/python3.12/site-packages/airflow/example_dags/example_display_name.py for tasks to queue
[2025-05-01T11:13:58.811+0000] {logging_mixin.py:188} INFO - [2025-05-01T11:13:58.810+0000] {dagbag.py:545} INFO - Filling up the DagBag from /home/airflow/.local/lib/python3.12/site-packages/airflow/example_dags/example_display_name.py
[2025-05-01T11:13:58.825+0000] {processor.py:840} INFO - DAG(s) 'example_display_name' retrieved from /home/airflow/.local/lib/python3.12/site-packages/airflow/example_dags/example_display_name.py
[2025-05-01T11:13:58.874+0000] {logging_mixin.py:188} INFO - [2025-05-01T11:13:58.873+0000] {dag.py:3096} INFO - Sync 1 DAGs
[2025-05-01T11:13:58.908+0000] {logging_mixin.py:188} INFO - [2025-05-01T11:13:58.907+0000] {dag.py:3954} INFO - Setting next_dagrun for example_display_name to None, run_after=None
[2025-05-01T11:13:58.956+0000] {processor.py:183} INFO - Processing /home/airflow/.local/lib/python3.12/site-packages/airflow/example_dags/example_display_name.py took 0.172 seconds
[2025-05-01T11:14:29.193+0000] {processor.py:161} INFO - Started process (PID=2710) to work on /home/airflow/.local/lib/python3.12/site-packages/airflow/example_dags/example_display_name.py
[2025-05-01T11:14:29.196+0000] {processor.py:830} INFO - Processing file /home/airflow/.local/lib/python3.12/site-packages/airflow/example_dags/example_display_name.py for tasks to queue
[2025-05-01T11:14:29.202+0000] {logging_mixin.py:188} INFO - [2025-05-01T11:14:29.201+0000] {dagbag.py:545} INFO - Filling up the DagBag from /home/airflow/.local/lib/python3.12/site-packages/airflow/example_dags/example_display_name.py
[2025-05-01T11:14:29.215+0000] {processor.py:840} INFO - DAG(s) 'example_display_name' retrieved from /home/airflow/.local/lib/python3.12/site-packages/airflow/example_dags/example_display_name.py
[2025-05-01T11:14:29.264+0000] {logging_mixin.py:188} INFO - [2025-05-01T11:14:29.264+0000] {dag.py:3096} INFO - Sync 1 DAGs
[2025-05-01T11:14:29.297+0000] {logging_mixin.py:188} INFO - [2025-05-01T11:14:29.297+0000] {dag.py:3954} INFO - Setting next_dagrun for example_display_name to None, run_after=None
[2025-05-01T11:14:29.381+0000] {processor.py:183} INFO - Processing /home/airflow/.local/lib/python3.12/site-packages/airflow/example_dags/example_display_name.py took 0.207 seconds
[2025-05-01T11:15:00.030+0000] {processor.py:161} INFO - Started process (PID=2769) to work on /home/airflow/.local/lib/python3.12/site-packages/airflow/example_dags/example_display_name.py
[2025-05-01T11:15:00.032+0000] {processor.py:830} INFO - Processing file /home/airflow/.local/lib/python3.12/site-packages/airflow/example_dags/example_display_name.py for tasks to queue
[2025-05-01T11:15:00.038+0000] {logging_mixin.py:188} INFO - [2025-05-01T11:15:00.037+0000] {dagbag.py:545} INFO - Filling up the DagBag from /home/airflow/.local/lib/python3.12/site-packages/airflow/example_dags/example_display_name.py
[2025-05-01T11:15:00.053+0000] {processor.py:840} INFO - DAG(s) 'example_display_name' retrieved from /home/airflow/.local/lib/python3.12/site-packages/airflow/example_dags/example_display_name.py
[2025-05-01T11:15:00.106+0000] {logging_mixin.py:188} INFO - [2025-05-01T11:15:00.106+0000] {dag.py:3096} INFO - Sync 1 DAGs
[2025-05-01T11:15:00.135+0000] {logging_mixin.py:188} INFO - [2025-05-01T11:15:00.135+0000] {dag.py:3954} INFO - Setting next_dagrun for example_display_name to None, run_after=None
[2025-05-01T11:15:00.180+0000] {processor.py:183} INFO - Processing /home/airflow/.local/lib/python3.12/site-packages/airflow/example_dags/example_display_name.py took 0.161 seconds
[2025-05-01T11:15:30.776+0000] {processor.py:161} INFO - Started process (PID=2828) to work on /home/airflow/.local/lib/python3.12/site-packages/airflow/example_dags/example_display_name.py
[2025-05-01T11:15:30.779+0000] {processor.py:830} INFO - Processing file /home/airflow/.local/lib/python3.12/site-packages/airflow/example_dags/example_display_name.py for tasks to queue
[2025-05-01T11:15:30.783+0000] {logging_mixin.py:188} INFO - [2025-05-01T11:15:30.782+0000] {dagbag.py:545} INFO - Filling up the DagBag from /home/airflow/.local/lib/python3.12/site-packages/airflow/example_dags/example_display_name.py
[2025-05-01T11:15:30.796+0000] {processor.py:840} INFO - DAG(s) 'example_display_name' retrieved from /home/airflow/.local/lib/python3.12/site-packages/airflow/example_dags/example_display_name.py
[2025-05-01T11:15:30.839+0000] {logging_mixin.py:188} INFO - [2025-05-01T11:15:30.838+0000] {dag.py:3096} INFO - Sync 1 DAGs
[2025-05-01T11:15:30.871+0000] {logging_mixin.py:188} INFO - [2025-05-01T11:15:30.871+0000] {dag.py:3954} INFO - Setting next_dagrun for example_display_name to None, run_after=None
[2025-05-01T11:15:30.949+0000] {processor.py:183} INFO - Processing /home/airflow/.local/lib/python3.12/site-packages/airflow/example_dags/example_display_name.py took 0.185 seconds
[2025-05-01T11:16:01.697+0000] {processor.py:161} INFO - Started process (PID=2887) to work on /home/airflow/.local/lib/python3.12/site-packages/airflow/example_dags/example_display_name.py
[2025-05-01T11:16:01.699+0000] {processor.py:830} INFO - Processing file /home/airflow/.local/lib/python3.12/site-packages/airflow/example_dags/example_display_name.py for tasks to queue
[2025-05-01T11:16:01.704+0000] {logging_mixin.py:188} INFO - [2025-05-01T11:16:01.703+0000] {dagbag.py:545} INFO - Filling up the DagBag from /home/airflow/.local/lib/python3.12/site-packages/airflow/example_dags/example_display_name.py
[2025-05-01T11:16:01.719+0000] {processor.py:840} INFO - DAG(s) 'example_display_name' retrieved from /home/airflow/.local/lib/python3.12/site-packages/airflow/example_dags/example_display_name.py
[2025-05-01T11:16:01.768+0000] {logging_mixin.py:188} INFO - [2025-05-01T11:16:01.767+0000] {dag.py:3096} INFO - Sync 1 DAGs
[2025-05-01T11:16:01.804+0000] {logging_mixin.py:188} INFO - [2025-05-01T11:16:01.803+0000] {dag.py:3954} INFO - Setting next_dagrun for example_display_name to None, run_after=None
[2025-05-01T11:16:01.861+0000] {processor.py:183} INFO - Processing /home/airflow/.local/lib/python3.12/site-packages/airflow/example_dags/example_display_name.py took 0.178 seconds
[2025-05-01T11:16:32.399+0000] {processor.py:161} INFO - Started process (PID=2946) to work on /home/airflow/.local/lib/python3.12/site-packages/airflow/example_dags/example_display_name.py
[2025-05-01T11:16:32.401+0000] {processor.py:830} INFO - Processing file /home/airflow/.local/lib/python3.12/site-packages/airflow/example_dags/example_display_name.py for tasks to queue
[2025-05-01T11:16:32.406+0000] {logging_mixin.py:188} INFO - [2025-05-01T11:16:32.405+0000] {dagbag.py:545} INFO - Filling up the DagBag from /home/airflow/.local/lib/python3.12/site-packages/airflow/example_dags/example_display_name.py
[2025-05-01T11:16:32.421+0000] {processor.py:840} INFO - DAG(s) 'example_display_name' retrieved from /home/airflow/.local/lib/python3.12/site-packages/airflow/example_dags/example_display_name.py
[2025-05-01T11:16:32.467+0000] {logging_mixin.py:188} INFO - [2025-05-01T11:16:32.466+0000] {dag.py:3096} INFO - Sync 1 DAGs
[2025-05-01T11:16:32.498+0000] {logging_mixin.py:188} INFO - [2025-05-01T11:16:32.498+0000] {dag.py:3954} INFO - Setting next_dagrun for example_display_name to None, run_after=None
[2025-05-01T11:16:32.586+0000] {processor.py:183} INFO - Processing /home/airflow/.local/lib/python3.12/site-packages/airflow/example_dags/example_display_name.py took 0.199 seconds
[2025-05-01T11:17:03.188+0000] {processor.py:161} INFO - Started process (PID=3006) to work on /home/airflow/.local/lib/python3.12/site-packages/airflow/example_dags/example_display_name.py
[2025-05-01T11:17:03.191+0000] {processor.py:830} INFO - Processing file /home/airflow/.local/lib/python3.12/site-packages/airflow/example_dags/example_display_name.py for tasks to queue
[2025-05-01T11:17:03.195+0000] {logging_mixin.py:188} INFO - [2025-05-01T11:17:03.194+0000] {dagbag.py:545} INFO - Filling up the DagBag from /home/airflow/.local/lib/python3.12/site-packages/airflow/example_dags/example_display_name.py
[2025-05-01T11:17:03.206+0000] {processor.py:840} INFO - DAG(s) 'example_display_name' retrieved from /home/airflow/.local/lib/python3.12/site-packages/airflow/example_dags/example_display_name.py
[2025-05-01T11:17:03.254+0000] {logging_mixin.py:188} INFO - [2025-05-01T11:17:03.253+0000] {dag.py:3096} INFO - Sync 1 DAGs
[2025-05-01T11:17:03.280+0000] {logging_mixin.py:188} INFO - [2025-05-01T11:17:03.279+0000] {dag.py:3954} INFO - Setting next_dagrun for example_display_name to None, run_after=None
[2025-05-01T11:17:03.366+0000] {processor.py:183} INFO - Processing /home/airflow/.local/lib/python3.12/site-packages/airflow/example_dags/example_display_name.py took 0.193 seconds
[2025-05-01T11:17:34.092+0000] {processor.py:161} INFO - Started process (PID=3065) to work on /home/airflow/.local/lib/python3.12/site-packages/airflow/example_dags/example_display_name.py
[2025-05-01T11:17:34.094+0000] {processor.py:830} INFO - Processing file /home/airflow/.local/lib/python3.12/site-packages/airflow/example_dags/example_display_name.py for tasks to queue
[2025-05-01T11:17:34.098+0000] {logging_mixin.py:188} INFO - [2025-05-01T11:17:34.098+0000] {dagbag.py:545} INFO - Filling up the DagBag from /home/airflow/.local/lib/python3.12/site-packages/airflow/example_dags/example_display_name.py
[2025-05-01T11:17:34.110+0000] {processor.py:840} INFO - DAG(s) 'example_display_name' retrieved from /home/airflow/.local/lib/python3.12/site-packages/airflow/example_dags/example_display_name.py
[2025-05-01T11:17:34.153+0000] {logging_mixin.py:188} INFO - [2025-05-01T11:17:34.152+0000] {dag.py:3096} INFO - Sync 1 DAGs
[2025-05-01T11:17:34.183+0000] {logging_mixin.py:188} INFO - [2025-05-01T11:17:34.183+0000] {dag.py:3954} INFO - Setting next_dagrun for example_display_name to None, run_after=None
[2025-05-01T11:17:34.231+0000] {processor.py:183} INFO - Processing /home/airflow/.local/lib/python3.12/site-packages/airflow/example_dags/example_display_name.py took 0.150 seconds
[2025-05-01T11:18:04.589+0000] {processor.py:161} INFO - Started process (PID=3124) to work on /home/airflow/.local/lib/python3.12/site-packages/airflow/example_dags/example_display_name.py
[2025-05-01T11:18:04.591+0000] {processor.py:830} INFO - Processing file /home/airflow/.local/lib/python3.12/site-packages/airflow/example_dags/example_display_name.py for tasks to queue
[2025-05-01T11:18:04.595+0000] {logging_mixin.py:188} INFO - [2025-05-01T11:18:04.594+0000] {dagbag.py:545} INFO - Filling up the DagBag from /home/airflow/.local/lib/python3.12/site-packages/airflow/example_dags/example_display_name.py
[2025-05-01T11:18:04.607+0000] {processor.py:840} INFO - DAG(s) 'example_display_name' retrieved from /home/airflow/.local/lib/python3.12/site-packages/airflow/example_dags/example_display_name.py
[2025-05-01T11:18:04.651+0000] {logging_mixin.py:188} INFO - [2025-05-01T11:18:04.650+0000] {dag.py:3096} INFO - Sync 1 DAGs
[2025-05-01T11:18:04.678+0000] {logging_mixin.py:188} INFO - [2025-05-01T11:18:04.677+0000] {dag.py:3954} INFO - Setting next_dagrun for example_display_name to None, run_after=None
[2025-05-01T11:18:04.721+0000] {processor.py:183} INFO - Processing /home/airflow/.local/lib/python3.12/site-packages/airflow/example_dags/example_display_name.py took 0.144 seconds
[2025-05-01T11:18:35.915+0000] {processor.py:161} INFO - Started process (PID=3183) to work on /home/airflow/.local/lib/python3.12/site-packages/airflow/example_dags/example_display_name.py
[2025-05-01T11:18:35.918+0000] {processor.py:830} INFO - Processing file /home/airflow/.local/lib/python3.12/site-packages/airflow/example_dags/example_display_name.py for tasks to queue
[2025-05-01T11:18:35.923+0000] {logging_mixin.py:188} INFO - [2025-05-01T11:18:35.922+0000] {dagbag.py:545} INFO - Filling up the DagBag from /home/airflow/.local/lib/python3.12/site-packages/airflow/example_dags/example_display_name.py
[2025-05-01T11:18:35.936+0000] {processor.py:840} INFO - DAG(s) 'example_display_name' retrieved from /home/airflow/.local/lib/python3.12/site-packages/airflow/example_dags/example_display_name.py
[2025-05-01T11:18:35.989+0000] {logging_mixin.py:188} INFO - [2025-05-01T11:18:35.988+0000] {dag.py:3096} INFO - Sync 1 DAGs
[2025-05-01T11:18:36.021+0000] {logging_mixin.py:188} INFO - [2025-05-01T11:18:36.020+0000] {dag.py:3954} INFO - Setting next_dagrun for example_display_name to None, run_after=None
[2025-05-01T11:18:36.113+0000] {processor.py:183} INFO - Processing /home/airflow/.local/lib/python3.12/site-packages/airflow/example_dags/example_display_name.py took 0.210 seconds
[2025-05-01T11:19:06.793+0000] {processor.py:161} INFO - Started process (PID=3243) to work on /home/airflow/.local/lib/python3.12/site-packages/airflow/example_dags/example_display_name.py
[2025-05-01T11:19:06.796+0000] {processor.py:830} INFO - Processing file /home/airflow/.local/lib/python3.12/site-packages/airflow/example_dags/example_display_name.py for tasks to queue
[2025-05-01T11:19:06.801+0000] {logging_mixin.py:188} INFO - [2025-05-01T11:19:06.800+0000] {dagbag.py:545} INFO - Filling up the DagBag from /home/airflow/.local/lib/python3.12/site-packages/airflow/example_dags/example_display_name.py
[2025-05-01T11:19:06.814+0000] {processor.py:840} INFO - DAG(s) 'example_display_name' retrieved from /home/airflow/.local/lib/python3.12/site-packages/airflow/example_dags/example_display_name.py
[2025-05-01T11:19:06.861+0000] {logging_mixin.py:188} INFO - [2025-05-01T11:19:06.861+0000] {dag.py:3096} INFO - Sync 1 DAGs
[2025-05-01T11:19:06.894+0000] {logging_mixin.py:188} INFO - [2025-05-01T11:19:06.893+0000] {dag.py:3954} INFO - Setting next_dagrun for example_display_name to None, run_after=None
[2025-05-01T11:19:06.946+0000] {processor.py:183} INFO - Processing /home/airflow/.local/lib/python3.12/site-packages/airflow/example_dags/example_display_name.py took 0.166 seconds
[2025-05-01T11:19:37.324+0000] {processor.py:161} INFO - Started process (PID=3302) to work on /home/airflow/.local/lib/python3.12/site-packages/airflow/example_dags/example_display_name.py
[2025-05-01T11:19:37.326+0000] {processor.py:830} INFO - Processing file /home/airflow/.local/lib/python3.12/site-packages/airflow/example_dags/example_display_name.py for tasks to queue
[2025-05-01T11:19:37.330+0000] {logging_mixin.py:188} INFO - [2025-05-01T11:19:37.329+0000] {dagbag.py:545} INFO - Filling up the DagBag from /home/airflow/.local/lib/python3.12/site-packages/airflow/example_dags/example_display_name.py
[2025-05-01T11:19:37.342+0000] {processor.py:840} INFO - DAG(s) 'example_display_name' retrieved from /home/airflow/.local/lib/python3.12/site-packages/airflow/example_dags/example_display_name.py
[2025-05-01T11:19:37.386+0000] {logging_mixin.py:188} INFO - [2025-05-01T11:19:37.385+0000] {dag.py:3096} INFO - Sync 1 DAGs
[2025-05-01T11:19:37.418+0000] {logging_mixin.py:188} INFO - [2025-05-01T11:19:37.417+0000] {dag.py:3954} INFO - Setting next_dagrun for example_display_name to None, run_after=None
[2025-05-01T11:19:37.460+0000] {processor.py:183} INFO - Processing /home/airflow/.local/lib/python3.12/site-packages/airflow/example_dags/example_display_name.py took 0.150 seconds
[2025-05-01T11:20:08.189+0000] {processor.py:161} INFO - Started process (PID=3361) to work on /home/airflow/.local/lib/python3.12/site-packages/airflow/example_dags/example_display_name.py
[2025-05-01T11:20:08.191+0000] {processor.py:830} INFO - Processing file /home/airflow/.local/lib/python3.12/site-packages/airflow/example_dags/example_display_name.py for tasks to queue
[2025-05-01T11:20:08.196+0000] {logging_mixin.py:188} INFO - [2025-05-01T11:20:08.195+0000] {dagbag.py:545} INFO - Filling up the DagBag from /home/airflow/.local/lib/python3.12/site-packages/airflow/example_dags/example_display_name.py
[2025-05-01T11:20:08.209+0000] {processor.py:840} INFO - DAG(s) 'example_display_name' retrieved from /home/airflow/.local/lib/python3.12/site-packages/airflow/example_dags/example_display_name.py
[2025-05-01T11:20:08.256+0000] {logging_mixin.py:188} INFO - [2025-05-01T11:20:08.256+0000] {dag.py:3096} INFO - Sync 1 DAGs
[2025-05-01T11:20:08.294+0000] {logging_mixin.py:188} INFO - [2025-05-01T11:20:08.294+0000] {dag.py:3954} INFO - Setting next_dagrun for example_display_name to None, run_after=None
[2025-05-01T11:20:08.348+0000] {processor.py:183} INFO - Processing /home/airflow/.local/lib/python3.12/site-packages/airflow/example_dags/example_display_name.py took 0.171 seconds
[2025-05-01T11:20:39.140+0000] {processor.py:161} INFO - Started process (PID=3420) to work on /home/airflow/.local/lib/python3.12/site-packages/airflow/example_dags/example_display_name.py
[2025-05-01T11:20:39.144+0000] {processor.py:830} INFO - Processing file /home/airflow/.local/lib/python3.12/site-packages/airflow/example_dags/example_display_name.py for tasks to queue
[2025-05-01T11:20:39.149+0000] {logging_mixin.py:188} INFO - [2025-05-01T11:20:39.148+0000] {dagbag.py:545} INFO - Filling up the DagBag from /home/airflow/.local/lib/python3.12/site-packages/airflow/example_dags/example_display_name.py
[2025-05-01T11:20:39.166+0000] {processor.py:840} INFO - DAG(s) 'example_display_name' retrieved from /home/airflow/.local/lib/python3.12/site-packages/airflow/example_dags/example_display_name.py
[2025-05-01T11:20:39.216+0000] {logging_mixin.py:188} INFO - [2025-05-01T11:20:39.215+0000] {dag.py:3096} INFO - Sync 1 DAGs
[2025-05-01T11:20:39.246+0000] {logging_mixin.py:188} INFO - [2025-05-01T11:20:39.246+0000] {dag.py:3954} INFO - Setting next_dagrun for example_display_name to None, run_after=None
[2025-05-01T11:20:39.374+0000] {processor.py:183} INFO - Processing /home/airflow/.local/lib/python3.12/site-packages/airflow/example_dags/example_display_name.py took 0.249 seconds
[2025-05-01T11:21:09.648+0000] {processor.py:161} INFO - Started process (PID=3479) to work on /home/airflow/.local/lib/python3.12/site-packages/airflow/example_dags/example_display_name.py
[2025-05-01T11:21:09.650+0000] {processor.py:830} INFO - Processing file /home/airflow/.local/lib/python3.12/site-packages/airflow/example_dags/example_display_name.py for tasks to queue
[2025-05-01T11:21:09.654+0000] {logging_mixin.py:188} INFO - [2025-05-01T11:21:09.654+0000] {dagbag.py:545} INFO - Filling up the DagBag from /home/airflow/.local/lib/python3.12/site-packages/airflow/example_dags/example_display_name.py
[2025-05-01T11:21:09.666+0000] {processor.py:840} INFO - DAG(s) 'example_display_name' retrieved from /home/airflow/.local/lib/python3.12/site-packages/airflow/example_dags/example_display_name.py
[2025-05-01T11:21:09.708+0000] {logging_mixin.py:188} INFO - [2025-05-01T11:21:09.707+0000] {dag.py:3096} INFO - Sync 1 DAGs
[2025-05-01T11:21:09.736+0000] {logging_mixin.py:188} INFO - [2025-05-01T11:21:09.735+0000] {dag.py:3954} INFO - Setting next_dagrun for example_display_name to None, run_after=None
[2025-05-01T11:21:09.828+0000] {processor.py:183} INFO - Processing /home/airflow/.local/lib/python3.12/site-packages/airflow/example_dags/example_display_name.py took 0.192 seconds
[2025-05-01T11:21:40.386+0000] {processor.py:161} INFO - Started process (PID=3538) to work on /home/airflow/.local/lib/python3.12/site-packages/airflow/example_dags/example_display_name.py
[2025-05-01T11:21:40.388+0000] {processor.py:830} INFO - Processing file /home/airflow/.local/lib/python3.12/site-packages/airflow/example_dags/example_display_name.py for tasks to queue
[2025-05-01T11:21:40.392+0000] {logging_mixin.py:188} INFO - [2025-05-01T11:21:40.391+0000] {dagbag.py:545} INFO - Filling up the DagBag from /home/airflow/.local/lib/python3.12/site-packages/airflow/example_dags/example_display_name.py
[2025-05-01T11:21:40.403+0000] {processor.py:840} INFO - DAG(s) 'example_display_name' retrieved from /home/airflow/.local/lib/python3.12/site-packages/airflow/example_dags/example_display_name.py
[2025-05-01T11:21:40.450+0000] {logging_mixin.py:188} INFO - [2025-05-01T11:21:40.449+0000] {dag.py:3096} INFO - Sync 1 DAGs
[2025-05-01T11:21:40.476+0000] {logging_mixin.py:188} INFO - [2025-05-01T11:21:40.476+0000] {dag.py:3954} INFO - Setting next_dagrun for example_display_name to None, run_after=None
[2025-05-01T11:21:40.524+0000] {processor.py:183} INFO - Processing /home/airflow/.local/lib/python3.12/site-packages/airflow/example_dags/example_display_name.py took 0.150 seconds
[2025-05-01T11:22:11.079+0000] {processor.py:161} INFO - Started process (PID=3597) to work on /home/airflow/.local/lib/python3.12/site-packages/airflow/example_dags/example_display_name.py
[2025-05-01T11:22:11.082+0000] {processor.py:830} INFO - Processing file /home/airflow/.local/lib/python3.12/site-packages/airflow/example_dags/example_display_name.py for tasks to queue
[2025-05-01T11:22:11.087+0000] {logging_mixin.py:188} INFO - [2025-05-01T11:22:11.086+0000] {dagbag.py:545} INFO - Filling up the DagBag from /home/airflow/.local/lib/python3.12/site-packages/airflow/example_dags/example_display_name.py
[2025-05-01T11:22:11.100+0000] {processor.py:840} INFO - DAG(s) 'example_display_name' retrieved from /home/airflow/.local/lib/python3.12/site-packages/airflow/example_dags/example_display_name.py
[2025-05-01T11:22:11.143+0000] {logging_mixin.py:188} INFO - [2025-05-01T11:22:11.142+0000] {dag.py:3096} INFO - Sync 1 DAGs
[2025-05-01T11:22:11.173+0000] {logging_mixin.py:188} INFO - [2025-05-01T11:22:11.172+0000] {dag.py:3954} INFO - Setting next_dagrun for example_display_name to None, run_after=None
[2025-05-01T11:22:11.256+0000] {processor.py:183} INFO - Processing /home/airflow/.local/lib/python3.12/site-packages/airflow/example_dags/example_display_name.py took 0.190 seconds
[2025-05-01T11:22:41.588+0000] {processor.py:161} INFO - Started process (PID=3656) to work on /home/airflow/.local/lib/python3.12/site-packages/airflow/example_dags/example_display_name.py
[2025-05-01T11:22:41.590+0000] {processor.py:830} INFO - Processing file /home/airflow/.local/lib/python3.12/site-packages/airflow/example_dags/example_display_name.py for tasks to queue
[2025-05-01T11:22:41.595+0000] {logging_mixin.py:188} INFO - [2025-05-01T11:22:41.594+0000] {dagbag.py:545} INFO - Filling up the DagBag from /home/airflow/.local/lib/python3.12/site-packages/airflow/example_dags/example_display_name.py
[2025-05-01T11:22:41.606+0000] {processor.py:840} INFO - DAG(s) 'example_display_name' retrieved from /home/airflow/.local/lib/python3.12/site-packages/airflow/example_dags/example_display_name.py
[2025-05-01T11:22:41.652+0000] {logging_mixin.py:188} INFO - [2025-05-01T11:22:41.651+0000] {dag.py:3096} INFO - Sync 1 DAGs
[2025-05-01T11:22:41.683+0000] {logging_mixin.py:188} INFO - [2025-05-01T11:22:41.682+0000] {dag.py:3954} INFO - Setting next_dagrun for example_display_name to None, run_after=None
[2025-05-01T11:22:41.747+0000] {processor.py:183} INFO - Processing /home/airflow/.local/lib/python3.12/site-packages/airflow/example_dags/example_display_name.py took 0.171 seconds
[2025-05-01T11:23:12.081+0000] {processor.py:161} INFO - Started process (PID=3715) to work on /home/airflow/.local/lib/python3.12/site-packages/airflow/example_dags/example_display_name.py
[2025-05-01T11:23:12.083+0000] {processor.py:830} INFO - Processing file /home/airflow/.local/lib/python3.12/site-packages/airflow/example_dags/example_display_name.py for tasks to queue
[2025-05-01T11:23:12.088+0000] {logging_mixin.py:188} INFO - [2025-05-01T11:23:12.087+0000] {dagbag.py:545} INFO - Filling up the DagBag from /home/airflow/.local/lib/python3.12/site-packages/airflow/example_dags/example_display_name.py
[2025-05-01T11:23:12.100+0000] {processor.py:840} INFO - DAG(s) 'example_display_name' retrieved from /home/airflow/.local/lib/python3.12/site-packages/airflow/example_dags/example_display_name.py
[2025-05-01T11:23:12.145+0000] {logging_mixin.py:188} INFO - [2025-05-01T11:23:12.145+0000] {dag.py:3096} INFO - Sync 1 DAGs
[2025-05-01T11:23:12.177+0000] {logging_mixin.py:188} INFO - [2025-05-01T11:23:12.176+0000] {dag.py:3954} INFO - Setting next_dagrun for example_display_name to None, run_after=None
[2025-05-01T11:23:12.228+0000] {processor.py:183} INFO - Processing /home/airflow/.local/lib/python3.12/site-packages/airflow/example_dags/example_display_name.py took 0.160 seconds
[2025-05-01T11:23:43.338+0000] {processor.py:161} INFO - Started process (PID=3774) to work on /home/airflow/.local/lib/python3.12/site-packages/airflow/example_dags/example_display_name.py
[2025-05-01T11:23:43.342+0000] {processor.py:830} INFO - Processing file /home/airflow/.local/lib/python3.12/site-packages/airflow/example_dags/example_display_name.py for tasks to queue
[2025-05-01T11:23:43.348+0000] {logging_mixin.py:188} INFO - [2025-05-01T11:23:43.347+0000] {dagbag.py:545} INFO - Filling up the DagBag from /home/airflow/.local/lib/python3.12/site-packages/airflow/example_dags/example_display_name.py
[2025-05-01T11:23:43.367+0000] {processor.py:840} INFO - DAG(s) 'example_display_name' retrieved from /home/airflow/.local/lib/python3.12/site-packages/airflow/example_dags/example_display_name.py
[2025-05-01T11:23:43.431+0000] {logging_mixin.py:188} INFO - [2025-05-01T11:23:43.430+0000] {dag.py:3096} INFO - Sync 1 DAGs
[2025-05-01T11:23:43.485+0000] {logging_mixin.py:188} INFO - [2025-05-01T11:23:43.484+0000] {dag.py:3954} INFO - Setting next_dagrun for example_display_name to None, run_after=None
[2025-05-01T11:23:43.549+0000] {processor.py:183} INFO - Processing /home/airflow/.local/lib/python3.12/site-packages/airflow/example_dags/example_display_name.py took 0.230 seconds
[2025-05-01T11:24:14.065+0000] {processor.py:161} INFO - Started process (PID=3834) to work on /home/airflow/.local/lib/python3.12/site-packages/airflow/example_dags/example_display_name.py
[2025-05-01T11:24:14.069+0000] {processor.py:830} INFO - Processing file /home/airflow/.local/lib/python3.12/site-packages/airflow/example_dags/example_display_name.py for tasks to queue
[2025-05-01T11:24:14.074+0000] {logging_mixin.py:188} INFO - [2025-05-01T11:24:14.073+0000] {dagbag.py:545} INFO - Filling up the DagBag from /home/airflow/.local/lib/python3.12/site-packages/airflow/example_dags/example_display_name.py
[2025-05-01T11:24:14.086+0000] {processor.py:840} INFO - DAG(s) 'example_display_name' retrieved from /home/airflow/.local/lib/python3.12/site-packages/airflow/example_dags/example_display_name.py
[2025-05-01T11:24:14.138+0000] {logging_mixin.py:188} INFO - [2025-05-01T11:24:14.137+0000] {dag.py:3096} INFO - Sync 1 DAGs
[2025-05-01T11:24:14.169+0000] {logging_mixin.py:188} INFO - [2025-05-01T11:24:14.169+0000] {dag.py:3954} INFO - Setting next_dagrun for example_display_name to None, run_after=None
[2025-05-01T11:24:14.227+0000] {processor.py:183} INFO - Processing /home/airflow/.local/lib/python3.12/site-packages/airflow/example_dags/example_display_name.py took 0.176 seconds
[2025-05-01T11:24:44.593+0000] {processor.py:161} INFO - Started process (PID=3894) to work on /home/airflow/.local/lib/python3.12/site-packages/airflow/example_dags/example_display_name.py
[2025-05-01T11:24:44.596+0000] {processor.py:830} INFO - Processing file /home/airflow/.local/lib/python3.12/site-packages/airflow/example_dags/example_display_name.py for tasks to queue
[2025-05-01T11:24:44.601+0000] {logging_mixin.py:188} INFO - [2025-05-01T11:24:44.600+0000] {dagbag.py:545} INFO - Filling up the DagBag from /home/airflow/.local/lib/python3.12/site-packages/airflow/example_dags/example_display_name.py
[2025-05-01T11:24:44.614+0000] {processor.py:840} INFO - DAG(s) 'example_display_name' retrieved from /home/airflow/.local/lib/python3.12/site-packages/airflow/example_dags/example_display_name.py
[2025-05-01T11:24:44.663+0000] {logging_mixin.py:188} INFO - [2025-05-01T11:24:44.662+0000] {dag.py:3096} INFO - Sync 1 DAGs
[2025-05-01T11:24:44.691+0000] {logging_mixin.py:188} INFO - [2025-05-01T11:24:44.691+0000] {dag.py:3954} INFO - Setting next_dagrun for example_display_name to None, run_after=None
[2025-05-01T11:24:44.783+0000] {processor.py:183} INFO - Processing /home/airflow/.local/lib/python3.12/site-packages/airflow/example_dags/example_display_name.py took 0.202 seconds
[2025-05-01T11:25:14.895+0000] {processor.py:161} INFO - Started process (PID=3953) to work on /home/airflow/.local/lib/python3.12/site-packages/airflow/example_dags/example_display_name.py
[2025-05-01T11:25:14.898+0000] {processor.py:830} INFO - Processing file /home/airflow/.local/lib/python3.12/site-packages/airflow/example_dags/example_display_name.py for tasks to queue
[2025-05-01T11:25:14.903+0000] {logging_mixin.py:188} INFO - [2025-05-01T11:25:14.902+0000] {dagbag.py:545} INFO - Filling up the DagBag from /home/airflow/.local/lib/python3.12/site-packages/airflow/example_dags/example_display_name.py
[2025-05-01T11:25:14.922+0000] {processor.py:840} INFO - DAG(s) 'example_display_name' retrieved from /home/airflow/.local/lib/python3.12/site-packages/airflow/example_dags/example_display_name.py
[2025-05-01T11:25:14.975+0000] {logging_mixin.py:188} INFO - [2025-05-01T11:25:14.975+0000] {dag.py:3096} INFO - Sync 1 DAGs
[2025-05-01T11:25:15.009+0000] {logging_mixin.py:188} INFO - [2025-05-01T11:25:15.008+0000] {dag.py:3954} INFO - Setting next_dagrun for example_display_name to None, run_after=None
[2025-05-01T11:25:15.063+0000] {processor.py:183} INFO - Processing /home/airflow/.local/lib/python3.12/site-packages/airflow/example_dags/example_display_name.py took 0.184 seconds
[2025-05-01T11:25:45.447+0000] {processor.py:161} INFO - Started process (PID=4012) to work on /home/airflow/.local/lib/python3.12/site-packages/airflow/example_dags/example_display_name.py
[2025-05-01T11:25:45.449+0000] {processor.py:830} INFO - Processing file /home/airflow/.local/lib/python3.12/site-packages/airflow/example_dags/example_display_name.py for tasks to queue
[2025-05-01T11:25:45.453+0000] {logging_mixin.py:188} INFO - [2025-05-01T11:25:45.452+0000] {dagbag.py:545} INFO - Filling up the DagBag from /home/airflow/.local/lib/python3.12/site-packages/airflow/example_dags/example_display_name.py
[2025-05-01T11:25:45.467+0000] {processor.py:840} INFO - DAG(s) 'example_display_name' retrieved from /home/airflow/.local/lib/python3.12/site-packages/airflow/example_dags/example_display_name.py
[2025-05-01T11:25:45.524+0000] {logging_mixin.py:188} INFO - [2025-05-01T11:25:45.523+0000] {dag.py:3096} INFO - Sync 1 DAGs
[2025-05-01T11:25:45.564+0000] {logging_mixin.py:188} INFO - [2025-05-01T11:25:45.563+0000] {dag.py:3954} INFO - Setting next_dagrun for example_display_name to None, run_after=None
[2025-05-01T11:25:45.632+0000] {processor.py:183} INFO - Processing /home/airflow/.local/lib/python3.12/site-packages/airflow/example_dags/example_display_name.py took 0.200 seconds
[2025-05-01T11:31:52.697+0000] {processor.py:161} INFO - Started process (PID=117) to work on /home/airflow/.local/lib/python3.12/site-packages/airflow/example_dags/example_display_name.py
[2025-05-01T11:31:52.700+0000] {processor.py:830} INFO - Processing file /home/airflow/.local/lib/python3.12/site-packages/airflow/example_dags/example_display_name.py for tasks to queue
[2025-05-01T11:31:52.705+0000] {logging_mixin.py:188} INFO - [2025-05-01T11:31:52.704+0000] {dagbag.py:545} INFO - Filling up the DagBag from /home/airflow/.local/lib/python3.12/site-packages/airflow/example_dags/example_display_name.py
[2025-05-01T11:31:52.719+0000] {processor.py:840} INFO - DAG(s) 'example_display_name' retrieved from /home/airflow/.local/lib/python3.12/site-packages/airflow/example_dags/example_display_name.py
[2025-05-01T11:31:53.069+0000] {logging_mixin.py:188} INFO - [2025-05-01T11:31:53.068+0000] {dag.py:3096} INFO - Sync 1 DAGs
[2025-05-01T11:31:53.100+0000] {logging_mixin.py:188} INFO - [2025-05-01T11:31:53.100+0000] {dag.py:3954} INFO - Setting next_dagrun for example_display_name to None, run_after=None
[2025-05-01T11:31:53.175+0000] {processor.py:183} INFO - Processing /home/airflow/.local/lib/python3.12/site-packages/airflow/example_dags/example_display_name.py took 0.490 seconds
[2025-05-01T11:32:23.616+0000] {processor.py:161} INFO - Started process (PID=182) to work on /home/airflow/.local/lib/python3.12/site-packages/airflow/example_dags/example_display_name.py
[2025-05-01T11:32:23.618+0000] {processor.py:830} INFO - Processing file /home/airflow/.local/lib/python3.12/site-packages/airflow/example_dags/example_display_name.py for tasks to queue
[2025-05-01T11:32:23.622+0000] {logging_mixin.py:188} INFO - [2025-05-01T11:32:23.622+0000] {dagbag.py:545} INFO - Filling up the DagBag from /home/airflow/.local/lib/python3.12/site-packages/airflow/example_dags/example_display_name.py
[2025-05-01T11:32:23.640+0000] {processor.py:840} INFO - DAG(s) 'example_display_name' retrieved from /home/airflow/.local/lib/python3.12/site-packages/airflow/example_dags/example_display_name.py
[2025-05-01T11:32:23.691+0000] {logging_mixin.py:188} INFO - [2025-05-01T11:32:23.691+0000] {dag.py:3096} INFO - Sync 1 DAGs
[2025-05-01T11:32:23.723+0000] {logging_mixin.py:188} INFO - [2025-05-01T11:32:23.723+0000] {dag.py:3954} INFO - Setting next_dagrun for example_display_name to None, run_after=None
[2025-05-01T11:32:23.778+0000] {processor.py:183} INFO - Processing /home/airflow/.local/lib/python3.12/site-packages/airflow/example_dags/example_display_name.py took 0.178 seconds
[2025-05-01T11:32:53.938+0000] {processor.py:161} INFO - Started process (PID=241) to work on /home/airflow/.local/lib/python3.12/site-packages/airflow/example_dags/example_display_name.py
[2025-05-01T11:32:53.940+0000] {processor.py:830} INFO - Processing file /home/airflow/.local/lib/python3.12/site-packages/airflow/example_dags/example_display_name.py for tasks to queue
[2025-05-01T11:32:53.944+0000] {logging_mixin.py:188} INFO - [2025-05-01T11:32:53.943+0000] {dagbag.py:545} INFO - Filling up the DagBag from /home/airflow/.local/lib/python3.12/site-packages/airflow/example_dags/example_display_name.py
[2025-05-01T11:32:53.955+0000] {processor.py:840} INFO - DAG(s) 'example_display_name' retrieved from /home/airflow/.local/lib/python3.12/site-packages/airflow/example_dags/example_display_name.py
[2025-05-01T11:32:54.009+0000] {logging_mixin.py:188} INFO - [2025-05-01T11:32:54.008+0000] {dag.py:3096} INFO - Sync 1 DAGs
[2025-05-01T11:32:54.038+0000] {logging_mixin.py:188} INFO - [2025-05-01T11:32:54.038+0000] {dag.py:3954} INFO - Setting next_dagrun for example_display_name to None, run_after=None
[2025-05-01T11:32:54.126+0000] {processor.py:183} INFO - Processing /home/airflow/.local/lib/python3.12/site-packages/airflow/example_dags/example_display_name.py took 0.200 seconds
[2025-05-01T11:33:24.509+0000] {processor.py:161} INFO - Started process (PID=299) to work on /home/airflow/.local/lib/python3.12/site-packages/airflow/example_dags/example_display_name.py
[2025-05-01T11:33:24.512+0000] {processor.py:830} INFO - Processing file /home/airflow/.local/lib/python3.12/site-packages/airflow/example_dags/example_display_name.py for tasks to queue
[2025-05-01T11:33:24.516+0000] {logging_mixin.py:188} INFO - [2025-05-01T11:33:24.515+0000] {dagbag.py:545} INFO - Filling up the DagBag from /home/airflow/.local/lib/python3.12/site-packages/airflow/example_dags/example_display_name.py
[2025-05-01T11:33:24.527+0000] {processor.py:840} INFO - DAG(s) 'example_display_name' retrieved from /home/airflow/.local/lib/python3.12/site-packages/airflow/example_dags/example_display_name.py
[2025-05-01T11:33:24.576+0000] {logging_mixin.py:188} INFO - [2025-05-01T11:33:24.576+0000] {dag.py:3096} INFO - Sync 1 DAGs
[2025-05-01T11:33:24.616+0000] {logging_mixin.py:188} INFO - [2025-05-01T11:33:24.615+0000] {dag.py:3954} INFO - Setting next_dagrun for example_display_name to None, run_after=None
[2025-05-01T11:33:24.671+0000] {processor.py:183} INFO - Processing /home/airflow/.local/lib/python3.12/site-packages/airflow/example_dags/example_display_name.py took 0.190 seconds
[2025-05-01T11:33:56.222+0000] {processor.py:161} INFO - Started process (PID=359) to work on /home/airflow/.local/lib/python3.12/site-packages/airflow/example_dags/example_display_name.py
[2025-05-01T11:33:56.224+0000] {processor.py:830} INFO - Processing file /home/airflow/.local/lib/python3.12/site-packages/airflow/example_dags/example_display_name.py for tasks to queue
[2025-05-01T11:33:56.228+0000] {logging_mixin.py:188} INFO - [2025-05-01T11:33:56.227+0000] {dagbag.py:545} INFO - Filling up the DagBag from /home/airflow/.local/lib/python3.12/site-packages/airflow/example_dags/example_display_name.py
[2025-05-01T11:33:56.243+0000] {processor.py:840} INFO - DAG(s) 'example_display_name' retrieved from /home/airflow/.local/lib/python3.12/site-packages/airflow/example_dags/example_display_name.py
[2025-05-01T11:33:56.306+0000] {logging_mixin.py:188} INFO - [2025-05-01T11:33:56.306+0000] {dag.py:3096} INFO - Sync 1 DAGs
[2025-05-01T11:33:56.372+0000] {logging_mixin.py:188} INFO - [2025-05-01T11:33:56.372+0000] {dag.py:3954} INFO - Setting next_dagrun for example_display_name to None, run_after=None
[2025-05-01T11:33:56.431+0000] {processor.py:183} INFO - Processing /home/airflow/.local/lib/python3.12/site-packages/airflow/example_dags/example_display_name.py took 0.226 seconds
[2025-05-01T11:34:27.336+0000] {processor.py:161} INFO - Started process (PID=418) to work on /home/airflow/.local/lib/python3.12/site-packages/airflow/example_dags/example_display_name.py
[2025-05-01T11:34:27.339+0000] {processor.py:830} INFO - Processing file /home/airflow/.local/lib/python3.12/site-packages/airflow/example_dags/example_display_name.py for tasks to queue
[2025-05-01T11:34:27.344+0000] {logging_mixin.py:188} INFO - [2025-05-01T11:34:27.343+0000] {dagbag.py:545} INFO - Filling up the DagBag from /home/airflow/.local/lib/python3.12/site-packages/airflow/example_dags/example_display_name.py
[2025-05-01T11:34:27.356+0000] {processor.py:840} INFO - DAG(s) 'example_display_name' retrieved from /home/airflow/.local/lib/python3.12/site-packages/airflow/example_dags/example_display_name.py
[2025-05-01T11:34:27.401+0000] {logging_mixin.py:188} INFO - [2025-05-01T11:34:27.400+0000] {dag.py:3096} INFO - Sync 1 DAGs
[2025-05-01T11:34:27.441+0000] {logging_mixin.py:188} INFO - [2025-05-01T11:34:27.440+0000] {dag.py:3954} INFO - Setting next_dagrun for example_display_name to None, run_after=None
[2025-05-01T11:34:27.499+0000] {processor.py:183} INFO - Processing /home/airflow/.local/lib/python3.12/site-packages/airflow/example_dags/example_display_name.py took 0.177 seconds
[2025-05-01T11:34:57.984+0000] {processor.py:161} INFO - Started process (PID=477) to work on /home/airflow/.local/lib/python3.12/site-packages/airflow/example_dags/example_display_name.py
[2025-05-01T11:34:57.986+0000] {processor.py:830} INFO - Processing file /home/airflow/.local/lib/python3.12/site-packages/airflow/example_dags/example_display_name.py for tasks to queue
[2025-05-01T11:34:57.991+0000] {logging_mixin.py:188} INFO - [2025-05-01T11:34:57.990+0000] {dagbag.py:545} INFO - Filling up the DagBag from /home/airflow/.local/lib/python3.12/site-packages/airflow/example_dags/example_display_name.py
[2025-05-01T11:34:58.010+0000] {processor.py:840} INFO - DAG(s) 'example_display_name' retrieved from /home/airflow/.local/lib/python3.12/site-packages/airflow/example_dags/example_display_name.py
[2025-05-01T11:34:58.061+0000] {logging_mixin.py:188} INFO - [2025-05-01T11:34:58.060+0000] {dag.py:3096} INFO - Sync 1 DAGs
[2025-05-01T11:34:58.112+0000] {logging_mixin.py:188} INFO - [2025-05-01T11:34:58.112+0000] {dag.py:3954} INFO - Setting next_dagrun for example_display_name to None, run_after=None
[2025-05-01T11:34:58.155+0000] {processor.py:183} INFO - Processing /home/airflow/.local/lib/python3.12/site-packages/airflow/example_dags/example_display_name.py took 0.187 seconds
[2025-05-01T11:35:28.413+0000] {processor.py:161} INFO - Started process (PID=536) to work on /home/airflow/.local/lib/python3.12/site-packages/airflow/example_dags/example_display_name.py
[2025-05-01T11:35:28.415+0000] {processor.py:830} INFO - Processing file /home/airflow/.local/lib/python3.12/site-packages/airflow/example_dags/example_display_name.py for tasks to queue
[2025-05-01T11:35:28.420+0000] {logging_mixin.py:188} INFO - [2025-05-01T11:35:28.419+0000] {dagbag.py:545} INFO - Filling up the DagBag from /home/airflow/.local/lib/python3.12/site-packages/airflow/example_dags/example_display_name.py
[2025-05-01T11:35:28.431+0000] {processor.py:840} INFO - DAG(s) 'example_display_name' retrieved from /home/airflow/.local/lib/python3.12/site-packages/airflow/example_dags/example_display_name.py
[2025-05-01T11:35:28.471+0000] {logging_mixin.py:188} INFO - [2025-05-01T11:35:28.470+0000] {dag.py:3096} INFO - Sync 1 DAGs
[2025-05-01T11:35:28.496+0000] {logging_mixin.py:188} INFO - [2025-05-01T11:35:28.496+0000] {dag.py:3954} INFO - Setting next_dagrun for example_display_name to None, run_after=None
[2025-05-01T11:35:28.580+0000] {processor.py:183} INFO - Processing /home/airflow/.local/lib/python3.12/site-packages/airflow/example_dags/example_display_name.py took 0.177 seconds
[2025-05-01T11:35:58.867+0000] {processor.py:161} INFO - Started process (PID=595) to work on /home/airflow/.local/lib/python3.12/site-packages/airflow/example_dags/example_display_name.py
[2025-05-01T11:35:58.870+0000] {processor.py:830} INFO - Processing file /home/airflow/.local/lib/python3.12/site-packages/airflow/example_dags/example_display_name.py for tasks to queue
[2025-05-01T11:35:58.874+0000] {logging_mixin.py:188} INFO - [2025-05-01T11:35:58.873+0000] {dagbag.py:545} INFO - Filling up the DagBag from /home/airflow/.local/lib/python3.12/site-packages/airflow/example_dags/example_display_name.py
[2025-05-01T11:35:58.885+0000] {processor.py:840} INFO - DAG(s) 'example_display_name' retrieved from /home/airflow/.local/lib/python3.12/site-packages/airflow/example_dags/example_display_name.py
[2025-05-01T11:35:58.927+0000] {logging_mixin.py:188} INFO - [2025-05-01T11:35:58.927+0000] {dag.py:3096} INFO - Sync 1 DAGs
[2025-05-01T11:35:58.953+0000] {logging_mixin.py:188} INFO - [2025-05-01T11:35:58.952+0000] {dag.py:3954} INFO - Setting next_dagrun for example_display_name to None, run_after=None
[2025-05-01T11:35:58.997+0000] {processor.py:183} INFO - Processing /home/airflow/.local/lib/python3.12/site-packages/airflow/example_dags/example_display_name.py took 0.141 seconds
[2025-05-01T11:36:29.287+0000] {processor.py:161} INFO - Started process (PID=654) to work on /home/airflow/.local/lib/python3.12/site-packages/airflow/example_dags/example_display_name.py
[2025-05-01T11:36:29.289+0000] {processor.py:830} INFO - Processing file /home/airflow/.local/lib/python3.12/site-packages/airflow/example_dags/example_display_name.py for tasks to queue
[2025-05-01T11:36:29.294+0000] {logging_mixin.py:188} INFO - [2025-05-01T11:36:29.293+0000] {dagbag.py:545} INFO - Filling up the DagBag from /home/airflow/.local/lib/python3.12/site-packages/airflow/example_dags/example_display_name.py
[2025-05-01T11:36:29.309+0000] {processor.py:840} INFO - DAG(s) 'example_display_name' retrieved from /home/airflow/.local/lib/python3.12/site-packages/airflow/example_dags/example_display_name.py
[2025-05-01T11:36:29.352+0000] {logging_mixin.py:188} INFO - [2025-05-01T11:36:29.351+0000] {dag.py:3096} INFO - Sync 1 DAGs
[2025-05-01T11:36:29.387+0000] {logging_mixin.py:188} INFO - [2025-05-01T11:36:29.387+0000] {dag.py:3954} INFO - Setting next_dagrun for example_display_name to None, run_after=None
[2025-05-01T11:36:29.438+0000] {processor.py:183} INFO - Processing /home/airflow/.local/lib/python3.12/site-packages/airflow/example_dags/example_display_name.py took 0.163 seconds
[2025-05-01T11:37:00.088+0000] {processor.py:161} INFO - Started process (PID=713) to work on /home/airflow/.local/lib/python3.12/site-packages/airflow/example_dags/example_display_name.py
[2025-05-01T11:37:00.090+0000] {processor.py:830} INFO - Processing file /home/airflow/.local/lib/python3.12/site-packages/airflow/example_dags/example_display_name.py for tasks to queue
[2025-05-01T11:37:00.093+0000] {logging_mixin.py:188} INFO - [2025-05-01T11:37:00.093+0000] {dagbag.py:545} INFO - Filling up the DagBag from /home/airflow/.local/lib/python3.12/site-packages/airflow/example_dags/example_display_name.py
[2025-05-01T11:37:00.105+0000] {processor.py:840} INFO - DAG(s) 'example_display_name' retrieved from /home/airflow/.local/lib/python3.12/site-packages/airflow/example_dags/example_display_name.py
[2025-05-01T11:37:00.144+0000] {logging_mixin.py:188} INFO - [2025-05-01T11:37:00.144+0000] {dag.py:3096} INFO - Sync 1 DAGs
[2025-05-01T11:37:00.172+0000] {logging_mixin.py:188} INFO - [2025-05-01T11:37:00.171+0000] {dag.py:3954} INFO - Setting next_dagrun for example_display_name to None, run_after=None
[2025-05-01T11:37:00.216+0000] {processor.py:183} INFO - Processing /home/airflow/.local/lib/python3.12/site-packages/airflow/example_dags/example_display_name.py took 0.139 seconds
[2025-05-01T11:37:30.394+0000] {processor.py:161} INFO - Started process (PID=772) to work on /home/airflow/.local/lib/python3.12/site-packages/airflow/example_dags/example_display_name.py
[2025-05-01T11:37:30.397+0000] {processor.py:830} INFO - Processing file /home/airflow/.local/lib/python3.12/site-packages/airflow/example_dags/example_display_name.py for tasks to queue
[2025-05-01T11:37:30.401+0000] {logging_mixin.py:188} INFO - [2025-05-01T11:37:30.400+0000] {dagbag.py:545} INFO - Filling up the DagBag from /home/airflow/.local/lib/python3.12/site-packages/airflow/example_dags/example_display_name.py
[2025-05-01T11:37:30.411+0000] {processor.py:840} INFO - DAG(s) 'example_display_name' retrieved from /home/airflow/.local/lib/python3.12/site-packages/airflow/example_dags/example_display_name.py
[2025-05-01T11:37:30.454+0000] {logging_mixin.py:188} INFO - [2025-05-01T11:37:30.454+0000] {dag.py:3096} INFO - Sync 1 DAGs
[2025-05-01T11:37:30.480+0000] {logging_mixin.py:188} INFO - [2025-05-01T11:37:30.480+0000] {dag.py:3954} INFO - Setting next_dagrun for example_display_name to None, run_after=None
[2025-05-01T11:37:30.524+0000] {processor.py:183} INFO - Processing /home/airflow/.local/lib/python3.12/site-packages/airflow/example_dags/example_display_name.py took 0.140 seconds
[2025-05-01T11:38:00.920+0000] {processor.py:161} INFO - Started process (PID=831) to work on /home/airflow/.local/lib/python3.12/site-packages/airflow/example_dags/example_display_name.py
[2025-05-01T11:38:00.923+0000] {processor.py:830} INFO - Processing file /home/airflow/.local/lib/python3.12/site-packages/airflow/example_dags/example_display_name.py for tasks to queue
[2025-05-01T11:38:00.927+0000] {logging_mixin.py:188} INFO - [2025-05-01T11:38:00.927+0000] {dagbag.py:545} INFO - Filling up the DagBag from /home/airflow/.local/lib/python3.12/site-packages/airflow/example_dags/example_display_name.py
[2025-05-01T11:38:00.938+0000] {processor.py:840} INFO - DAG(s) 'example_display_name' retrieved from /home/airflow/.local/lib/python3.12/site-packages/airflow/example_dags/example_display_name.py
[2025-05-01T11:38:00.982+0000] {logging_mixin.py:188} INFO - [2025-05-01T11:38:00.981+0000] {dag.py:3096} INFO - Sync 1 DAGs
[2025-05-01T11:38:01.010+0000] {logging_mixin.py:188} INFO - [2025-05-01T11:38:01.010+0000] {dag.py:3954} INFO - Setting next_dagrun for example_display_name to None, run_after=None
[2025-05-01T11:38:01.067+0000] {processor.py:183} INFO - Processing /home/airflow/.local/lib/python3.12/site-packages/airflow/example_dags/example_display_name.py took 0.159 seconds
[2025-05-01T11:38:31.636+0000] {processor.py:161} INFO - Started process (PID=890) to work on /home/airflow/.local/lib/python3.12/site-packages/airflow/example_dags/example_display_name.py
[2025-05-01T11:38:31.639+0000] {processor.py:830} INFO - Processing file /home/airflow/.local/lib/python3.12/site-packages/airflow/example_dags/example_display_name.py for tasks to queue
[2025-05-01T11:38:31.644+0000] {logging_mixin.py:188} INFO - [2025-05-01T11:38:31.643+0000] {dagbag.py:545} INFO - Filling up the DagBag from /home/airflow/.local/lib/python3.12/site-packages/airflow/example_dags/example_display_name.py
[2025-05-01T11:38:31.656+0000] {processor.py:840} INFO - DAG(s) 'example_display_name' retrieved from /home/airflow/.local/lib/python3.12/site-packages/airflow/example_dags/example_display_name.py
[2025-05-01T11:38:31.706+0000] {logging_mixin.py:188} INFO - [2025-05-01T11:38:31.705+0000] {dag.py:3096} INFO - Sync 1 DAGs
[2025-05-01T11:38:31.736+0000] {logging_mixin.py:188} INFO - [2025-05-01T11:38:31.736+0000] {dag.py:3954} INFO - Setting next_dagrun for example_display_name to None, run_after=None
[2025-05-01T11:38:31.791+0000] {processor.py:183} INFO - Processing /home/airflow/.local/lib/python3.12/site-packages/airflow/example_dags/example_display_name.py took 0.168 seconds
[2025-05-01T11:39:02.120+0000] {processor.py:161} INFO - Started process (PID=949) to work on /home/airflow/.local/lib/python3.12/site-packages/airflow/example_dags/example_display_name.py
[2025-05-01T11:39:02.123+0000] {processor.py:830} INFO - Processing file /home/airflow/.local/lib/python3.12/site-packages/airflow/example_dags/example_display_name.py for tasks to queue
[2025-05-01T11:39:02.127+0000] {logging_mixin.py:188} INFO - [2025-05-01T11:39:02.126+0000] {dagbag.py:545} INFO - Filling up the DagBag from /home/airflow/.local/lib/python3.12/site-packages/airflow/example_dags/example_display_name.py
[2025-05-01T11:39:02.141+0000] {processor.py:840} INFO - DAG(s) 'example_display_name' retrieved from /home/airflow/.local/lib/python3.12/site-packages/airflow/example_dags/example_display_name.py
[2025-05-01T11:39:02.193+0000] {logging_mixin.py:188} INFO - [2025-05-01T11:39:02.193+0000] {dag.py:3096} INFO - Sync 1 DAGs
[2025-05-01T11:39:02.229+0000] {logging_mixin.py:188} INFO - [2025-05-01T11:39:02.228+0000] {dag.py:3954} INFO - Setting next_dagrun for example_display_name to None, run_after=None
[2025-05-01T11:39:02.328+0000] {processor.py:183} INFO - Processing /home/airflow/.local/lib/python3.12/site-packages/airflow/example_dags/example_display_name.py took 0.221 seconds
[2025-05-01T11:39:32.937+0000] {processor.py:161} INFO - Started process (PID=1009) to work on /home/airflow/.local/lib/python3.12/site-packages/airflow/example_dags/example_display_name.py
[2025-05-01T11:39:32.939+0000] {processor.py:830} INFO - Processing file /home/airflow/.local/lib/python3.12/site-packages/airflow/example_dags/example_display_name.py for tasks to queue
[2025-05-01T11:39:32.943+0000] {logging_mixin.py:188} INFO - [2025-05-01T11:39:32.943+0000] {dagbag.py:545} INFO - Filling up the DagBag from /home/airflow/.local/lib/python3.12/site-packages/airflow/example_dags/example_display_name.py
[2025-05-01T11:39:32.960+0000] {processor.py:840} INFO - DAG(s) 'example_display_name' retrieved from /home/airflow/.local/lib/python3.12/site-packages/airflow/example_dags/example_display_name.py
[2025-05-01T11:39:33.011+0000] {logging_mixin.py:188} INFO - [2025-05-01T11:39:33.010+0000] {dag.py:3096} INFO - Sync 1 DAGs
[2025-05-01T11:39:33.042+0000] {logging_mixin.py:188} INFO - [2025-05-01T11:39:33.041+0000] {dag.py:3954} INFO - Setting next_dagrun for example_display_name to None, run_after=None
[2025-05-01T11:39:33.089+0000] {processor.py:183} INFO - Processing /home/airflow/.local/lib/python3.12/site-packages/airflow/example_dags/example_display_name.py took 0.167 seconds
[2025-05-01T11:40:03.724+0000] {processor.py:161} INFO - Started process (PID=1068) to work on /home/airflow/.local/lib/python3.12/site-packages/airflow/example_dags/example_display_name.py
[2025-05-01T11:40:03.726+0000] {processor.py:830} INFO - Processing file /home/airflow/.local/lib/python3.12/site-packages/airflow/example_dags/example_display_name.py for tasks to queue
[2025-05-01T11:40:03.730+0000] {logging_mixin.py:188} INFO - [2025-05-01T11:40:03.729+0000] {dagbag.py:545} INFO - Filling up the DagBag from /home/airflow/.local/lib/python3.12/site-packages/airflow/example_dags/example_display_name.py
[2025-05-01T11:40:03.741+0000] {processor.py:840} INFO - DAG(s) 'example_display_name' retrieved from /home/airflow/.local/lib/python3.12/site-packages/airflow/example_dags/example_display_name.py
[2025-05-01T11:40:03.785+0000] {logging_mixin.py:188} INFO - [2025-05-01T11:40:03.784+0000] {dag.py:3096} INFO - Sync 1 DAGs
[2025-05-01T11:40:03.823+0000] {logging_mixin.py:188} INFO - [2025-05-01T11:40:03.822+0000] {dag.py:3954} INFO - Setting next_dagrun for example_display_name to None, run_after=None
[2025-05-01T11:40:03.878+0000] {processor.py:183} INFO - Processing /home/airflow/.local/lib/python3.12/site-packages/airflow/example_dags/example_display_name.py took 0.165 seconds
[2025-05-01T11:40:34.617+0000] {processor.py:161} INFO - Started process (PID=1127) to work on /home/airflow/.local/lib/python3.12/site-packages/airflow/example_dags/example_display_name.py
[2025-05-01T11:40:34.619+0000] {processor.py:830} INFO - Processing file /home/airflow/.local/lib/python3.12/site-packages/airflow/example_dags/example_display_name.py for tasks to queue
[2025-05-01T11:40:34.623+0000] {logging_mixin.py:188} INFO - [2025-05-01T11:40:34.623+0000] {dagbag.py:545} INFO - Filling up the DagBag from /home/airflow/.local/lib/python3.12/site-packages/airflow/example_dags/example_display_name.py
[2025-05-01T11:40:34.639+0000] {processor.py:840} INFO - DAG(s) 'example_display_name' retrieved from /home/airflow/.local/lib/python3.12/site-packages/airflow/example_dags/example_display_name.py
[2025-05-01T11:40:34.687+0000] {logging_mixin.py:188} INFO - [2025-05-01T11:40:34.686+0000] {dag.py:3096} INFO - Sync 1 DAGs
[2025-05-01T11:40:34.714+0000] {logging_mixin.py:188} INFO - [2025-05-01T11:40:34.714+0000] {dag.py:3954} INFO - Setting next_dagrun for example_display_name to None, run_after=None
[2025-05-01T11:40:34.772+0000] {processor.py:183} INFO - Processing /home/airflow/.local/lib/python3.12/site-packages/airflow/example_dags/example_display_name.py took 0.167 seconds
[2025-05-01T11:41:05.154+0000] {processor.py:161} INFO - Started process (PID=1186) to work on /home/airflow/.local/lib/python3.12/site-packages/airflow/example_dags/example_display_name.py
[2025-05-01T11:41:05.157+0000] {processor.py:830} INFO - Processing file /home/airflow/.local/lib/python3.12/site-packages/airflow/example_dags/example_display_name.py for tasks to queue
[2025-05-01T11:41:05.162+0000] {logging_mixin.py:188} INFO - [2025-05-01T11:41:05.161+0000] {dagbag.py:545} INFO - Filling up the DagBag from /home/airflow/.local/lib/python3.12/site-packages/airflow/example_dags/example_display_name.py
[2025-05-01T11:41:05.177+0000] {processor.py:840} INFO - DAG(s) 'example_display_name' retrieved from /home/airflow/.local/lib/python3.12/site-packages/airflow/example_dags/example_display_name.py
[2025-05-01T11:41:05.230+0000] {logging_mixin.py:188} INFO - [2025-05-01T11:41:05.230+0000] {dag.py:3096} INFO - Sync 1 DAGs
[2025-05-01T11:41:05.259+0000] {logging_mixin.py:188} INFO - [2025-05-01T11:41:05.259+0000] {dag.py:3954} INFO - Setting next_dagrun for example_display_name to None, run_after=None
[2025-05-01T11:41:05.343+0000] {processor.py:183} INFO - Processing /home/airflow/.local/lib/python3.12/site-packages/airflow/example_dags/example_display_name.py took 0.206 seconds
[2025-05-01T11:41:36.144+0000] {processor.py:161} INFO - Started process (PID=1245) to work on /home/airflow/.local/lib/python3.12/site-packages/airflow/example_dags/example_display_name.py
[2025-05-01T11:41:36.146+0000] {processor.py:830} INFO - Processing file /home/airflow/.local/lib/python3.12/site-packages/airflow/example_dags/example_display_name.py for tasks to queue
[2025-05-01T11:41:36.150+0000] {logging_mixin.py:188} INFO - [2025-05-01T11:41:36.150+0000] {dagbag.py:545} INFO - Filling up the DagBag from /home/airflow/.local/lib/python3.12/site-packages/airflow/example_dags/example_display_name.py
[2025-05-01T11:41:36.163+0000] {processor.py:840} INFO - DAG(s) 'example_display_name' retrieved from /home/airflow/.local/lib/python3.12/site-packages/airflow/example_dags/example_display_name.py
[2025-05-01T11:41:36.209+0000] {logging_mixin.py:188} INFO - [2025-05-01T11:41:36.208+0000] {dag.py:3096} INFO - Sync 1 DAGs
[2025-05-01T11:41:36.239+0000] {logging_mixin.py:188} INFO - [2025-05-01T11:41:36.238+0000] {dag.py:3954} INFO - Setting next_dagrun for example_display_name to None, run_after=None
[2025-05-01T11:41:36.295+0000] {processor.py:183} INFO - Processing /home/airflow/.local/lib/python3.12/site-packages/airflow/example_dags/example_display_name.py took 0.164 seconds
[2025-05-01T11:42:06.833+0000] {processor.py:161} INFO - Started process (PID=1305) to work on /home/airflow/.local/lib/python3.12/site-packages/airflow/example_dags/example_display_name.py
[2025-05-01T11:42:06.836+0000] {processor.py:830} INFO - Processing file /home/airflow/.local/lib/python3.12/site-packages/airflow/example_dags/example_display_name.py for tasks to queue
[2025-05-01T11:42:06.841+0000] {logging_mixin.py:188} INFO - [2025-05-01T11:42:06.840+0000] {dagbag.py:545} INFO - Filling up the DagBag from /home/airflow/.local/lib/python3.12/site-packages/airflow/example_dags/example_display_name.py
[2025-05-01T11:42:06.857+0000] {processor.py:840} INFO - DAG(s) 'example_display_name' retrieved from /home/airflow/.local/lib/python3.12/site-packages/airflow/example_dags/example_display_name.py
[2025-05-01T11:42:06.908+0000] {logging_mixin.py:188} INFO - [2025-05-01T11:42:06.907+0000] {dag.py:3096} INFO - Sync 1 DAGs
[2025-05-01T11:42:06.939+0000] {logging_mixin.py:188} INFO - [2025-05-01T11:42:06.939+0000] {dag.py:3954} INFO - Setting next_dagrun for example_display_name to None, run_after=None
[2025-05-01T11:42:06.995+0000] {processor.py:183} INFO - Processing /home/airflow/.local/lib/python3.12/site-packages/airflow/example_dags/example_display_name.py took 0.176 seconds
[2025-05-01T11:42:37.576+0000] {processor.py:161} INFO - Started process (PID=1364) to work on /home/airflow/.local/lib/python3.12/site-packages/airflow/example_dags/example_display_name.py
[2025-05-01T11:42:37.578+0000] {processor.py:830} INFO - Processing file /home/airflow/.local/lib/python3.12/site-packages/airflow/example_dags/example_display_name.py for tasks to queue
[2025-05-01T11:42:37.584+0000] {logging_mixin.py:188} INFO - [2025-05-01T11:42:37.583+0000] {dagbag.py:545} INFO - Filling up the DagBag from /home/airflow/.local/lib/python3.12/site-packages/airflow/example_dags/example_display_name.py
[2025-05-01T11:42:37.604+0000] {processor.py:840} INFO - DAG(s) 'example_display_name' retrieved from /home/airflow/.local/lib/python3.12/site-packages/airflow/example_dags/example_display_name.py
[2025-05-01T11:42:37.667+0000] {logging_mixin.py:188} INFO - [2025-05-01T11:42:37.666+0000] {dag.py:3096} INFO - Sync 1 DAGs
[2025-05-01T11:42:37.731+0000] {logging_mixin.py:188} INFO - [2025-05-01T11:42:37.730+0000] {dag.py:3954} INFO - Setting next_dagrun for example_display_name to None, run_after=None
[2025-05-01T11:42:37.839+0000] {processor.py:183} INFO - Processing /home/airflow/.local/lib/python3.12/site-packages/airflow/example_dags/example_display_name.py took 0.279 seconds
[2025-05-01T11:43:08.802+0000] {processor.py:161} INFO - Started process (PID=1423) to work on /home/airflow/.local/lib/python3.12/site-packages/airflow/example_dags/example_display_name.py
[2025-05-01T11:43:08.805+0000] {processor.py:830} INFO - Processing file /home/airflow/.local/lib/python3.12/site-packages/airflow/example_dags/example_display_name.py for tasks to queue
[2025-05-01T11:43:08.812+0000] {logging_mixin.py:188} INFO - [2025-05-01T11:43:08.811+0000] {dagbag.py:545} INFO - Filling up the DagBag from /home/airflow/.local/lib/python3.12/site-packages/airflow/example_dags/example_display_name.py
[2025-05-01T11:43:08.831+0000] {processor.py:840} INFO - DAG(s) 'example_display_name' retrieved from /home/airflow/.local/lib/python3.12/site-packages/airflow/example_dags/example_display_name.py
[2025-05-01T11:43:08.896+0000] {logging_mixin.py:188} INFO - [2025-05-01T11:43:08.895+0000] {dag.py:3096} INFO - Sync 1 DAGs
[2025-05-01T11:43:08.927+0000] {logging_mixin.py:188} INFO - [2025-05-01T11:43:08.927+0000] {dag.py:3954} INFO - Setting next_dagrun for example_display_name to None, run_after=None
[2025-05-01T11:43:09.028+0000] {processor.py:183} INFO - Processing /home/airflow/.local/lib/python3.12/site-packages/airflow/example_dags/example_display_name.py took 0.242 seconds
[2025-05-01T11:43:39.562+0000] {processor.py:161} INFO - Started process (PID=1482) to work on /home/airflow/.local/lib/python3.12/site-packages/airflow/example_dags/example_display_name.py
[2025-05-01T11:43:39.565+0000] {processor.py:830} INFO - Processing file /home/airflow/.local/lib/python3.12/site-packages/airflow/example_dags/example_display_name.py for tasks to queue
[2025-05-01T11:43:39.569+0000] {logging_mixin.py:188} INFO - [2025-05-01T11:43:39.568+0000] {dagbag.py:545} INFO - Filling up the DagBag from /home/airflow/.local/lib/python3.12/site-packages/airflow/example_dags/example_display_name.py
[2025-05-01T11:43:39.582+0000] {processor.py:840} INFO - DAG(s) 'example_display_name' retrieved from /home/airflow/.local/lib/python3.12/site-packages/airflow/example_dags/example_display_name.py
[2025-05-01T11:43:39.640+0000] {logging_mixin.py:188} INFO - [2025-05-01T11:43:39.640+0000] {dag.py:3096} INFO - Sync 1 DAGs
[2025-05-01T11:43:39.677+0000] {logging_mixin.py:188} INFO - [2025-05-01T11:43:39.677+0000] {dag.py:3954} INFO - Setting next_dagrun for example_display_name to None, run_after=None
[2025-05-01T11:43:39.769+0000] {processor.py:183} INFO - Processing /home/airflow/.local/lib/python3.12/site-packages/airflow/example_dags/example_display_name.py took 0.219 seconds
[2025-05-01T11:44:10.609+0000] {processor.py:161} INFO - Started process (PID=1541) to work on /home/airflow/.local/lib/python3.12/site-packages/airflow/example_dags/example_display_name.py
[2025-05-01T11:44:10.612+0000] {processor.py:830} INFO - Processing file /home/airflow/.local/lib/python3.12/site-packages/airflow/example_dags/example_display_name.py for tasks to queue
[2025-05-01T11:44:10.620+0000] {logging_mixin.py:188} INFO - [2025-05-01T11:44:10.619+0000] {dagbag.py:545} INFO - Filling up the DagBag from /home/airflow/.local/lib/python3.12/site-packages/airflow/example_dags/example_display_name.py
[2025-05-01T11:44:10.643+0000] {processor.py:840} INFO - DAG(s) 'example_display_name' retrieved from /home/airflow/.local/lib/python3.12/site-packages/airflow/example_dags/example_display_name.py
[2025-05-01T11:44:10.718+0000] {logging_mixin.py:188} INFO - [2025-05-01T11:44:10.717+0000] {dag.py:3096} INFO - Sync 1 DAGs
[2025-05-01T11:44:10.765+0000] {logging_mixin.py:188} INFO - [2025-05-01T11:44:10.764+0000] {dag.py:3954} INFO - Setting next_dagrun for example_display_name to None, run_after=None
[2025-05-01T11:44:10.808+0000] {processor.py:183} INFO - Processing /home/airflow/.local/lib/python3.12/site-packages/airflow/example_dags/example_display_name.py took 0.218 seconds
[2025-05-01T11:44:41.072+0000] {processor.py:161} INFO - Started process (PID=1600) to work on /home/airflow/.local/lib/python3.12/site-packages/airflow/example_dags/example_display_name.py
[2025-05-01T11:44:41.074+0000] {processor.py:830} INFO - Processing file /home/airflow/.local/lib/python3.12/site-packages/airflow/example_dags/example_display_name.py for tasks to queue
[2025-05-01T11:44:41.078+0000] {logging_mixin.py:188} INFO - [2025-05-01T11:44:41.078+0000] {dagbag.py:545} INFO - Filling up the DagBag from /home/airflow/.local/lib/python3.12/site-packages/airflow/example_dags/example_display_name.py
[2025-05-01T11:44:41.091+0000] {processor.py:840} INFO - DAG(s) 'example_display_name' retrieved from /home/airflow/.local/lib/python3.12/site-packages/airflow/example_dags/example_display_name.py
[2025-05-01T11:44:41.133+0000] {logging_mixin.py:188} INFO - [2025-05-01T11:44:41.132+0000] {dag.py:3096} INFO - Sync 1 DAGs
[2025-05-01T11:44:41.162+0000] {logging_mixin.py:188} INFO - [2025-05-01T11:44:41.162+0000] {dag.py:3954} INFO - Setting next_dagrun for example_display_name to None, run_after=None
[2025-05-01T11:44:41.207+0000] {processor.py:183} INFO - Processing /home/airflow/.local/lib/python3.12/site-packages/airflow/example_dags/example_display_name.py took 0.146 seconds
[2025-05-01T11:45:11.844+0000] {processor.py:161} INFO - Started process (PID=1659) to work on /home/airflow/.local/lib/python3.12/site-packages/airflow/example_dags/example_display_name.py
[2025-05-01T11:45:11.846+0000] {processor.py:830} INFO - Processing file /home/airflow/.local/lib/python3.12/site-packages/airflow/example_dags/example_display_name.py for tasks to queue
[2025-05-01T11:45:11.850+0000] {logging_mixin.py:188} INFO - [2025-05-01T11:45:11.850+0000] {dagbag.py:545} INFO - Filling up the DagBag from /home/airflow/.local/lib/python3.12/site-packages/airflow/example_dags/example_display_name.py
[2025-05-01T11:45:11.862+0000] {processor.py:840} INFO - DAG(s) 'example_display_name' retrieved from /home/airflow/.local/lib/python3.12/site-packages/airflow/example_dags/example_display_name.py
[2025-05-01T11:45:11.905+0000] {logging_mixin.py:188} INFO - [2025-05-01T11:45:11.904+0000] {dag.py:3096} INFO - Sync 1 DAGs
[2025-05-01T11:45:11.938+0000] {logging_mixin.py:188} INFO - [2025-05-01T11:45:11.938+0000] {dag.py:3954} INFO - Setting next_dagrun for example_display_name to None, run_after=None
[2025-05-01T11:45:11.987+0000] {processor.py:183} INFO - Processing /home/airflow/.local/lib/python3.12/site-packages/airflow/example_dags/example_display_name.py took 0.153 seconds
[2025-05-01T11:45:42.713+0000] {processor.py:161} INFO - Started process (PID=1716) to work on /home/airflow/.local/lib/python3.12/site-packages/airflow/example_dags/example_display_name.py
[2025-05-01T11:45:42.716+0000] {processor.py:830} INFO - Processing file /home/airflow/.local/lib/python3.12/site-packages/airflow/example_dags/example_display_name.py for tasks to queue
[2025-05-01T11:45:42.720+0000] {logging_mixin.py:188} INFO - [2025-05-01T11:45:42.719+0000] {dagbag.py:545} INFO - Filling up the DagBag from /home/airflow/.local/lib/python3.12/site-packages/airflow/example_dags/example_display_name.py
[2025-05-01T11:45:42.732+0000] {processor.py:840} INFO - DAG(s) 'example_display_name' retrieved from /home/airflow/.local/lib/python3.12/site-packages/airflow/example_dags/example_display_name.py
[2025-05-01T11:45:42.774+0000] {logging_mixin.py:188} INFO - [2025-05-01T11:45:42.773+0000] {dag.py:3096} INFO - Sync 1 DAGs
[2025-05-01T11:45:42.803+0000] {logging_mixin.py:188} INFO - [2025-05-01T11:45:42.803+0000] {dag.py:3954} INFO - Setting next_dagrun for example_display_name to None, run_after=None
[2025-05-01T11:45:42.889+0000] {processor.py:183} INFO - Processing /home/airflow/.local/lib/python3.12/site-packages/airflow/example_dags/example_display_name.py took 0.191 seconds
[2025-05-01T11:46:13.173+0000] {processor.py:161} INFO - Started process (PID=1775) to work on /home/airflow/.local/lib/python3.12/site-packages/airflow/example_dags/example_display_name.py
[2025-05-01T11:46:13.176+0000] {processor.py:830} INFO - Processing file /home/airflow/.local/lib/python3.12/site-packages/airflow/example_dags/example_display_name.py for tasks to queue
[2025-05-01T11:46:13.180+0000] {logging_mixin.py:188} INFO - [2025-05-01T11:46:13.180+0000] {dagbag.py:545} INFO - Filling up the DagBag from /home/airflow/.local/lib/python3.12/site-packages/airflow/example_dags/example_display_name.py
[2025-05-01T11:46:13.194+0000] {processor.py:840} INFO - DAG(s) 'example_display_name' retrieved from /home/airflow/.local/lib/python3.12/site-packages/airflow/example_dags/example_display_name.py
[2025-05-01T11:46:13.240+0000] {logging_mixin.py:188} INFO - [2025-05-01T11:46:13.240+0000] {dag.py:3096} INFO - Sync 1 DAGs
[2025-05-01T11:46:13.271+0000] {logging_mixin.py:188} INFO - [2025-05-01T11:46:13.271+0000] {dag.py:3954} INFO - Setting next_dagrun for example_display_name to None, run_after=None
[2025-05-01T11:46:13.365+0000] {processor.py:183} INFO - Processing /home/airflow/.local/lib/python3.12/site-packages/airflow/example_dags/example_display_name.py took 0.205 seconds
[2025-05-01T11:46:43.580+0000] {processor.py:161} INFO - Started process (PID=1834) to work on /home/airflow/.local/lib/python3.12/site-packages/airflow/example_dags/example_display_name.py
[2025-05-01T11:46:43.583+0000] {processor.py:830} INFO - Processing file /home/airflow/.local/lib/python3.12/site-packages/airflow/example_dags/example_display_name.py for tasks to queue
[2025-05-01T11:46:43.591+0000] {logging_mixin.py:188} INFO - [2025-05-01T11:46:43.590+0000] {dagbag.py:545} INFO - Filling up the DagBag from /home/airflow/.local/lib/python3.12/site-packages/airflow/example_dags/example_display_name.py
[2025-05-01T11:46:43.604+0000] {processor.py:840} INFO - DAG(s) 'example_display_name' retrieved from /home/airflow/.local/lib/python3.12/site-packages/airflow/example_dags/example_display_name.py
[2025-05-01T11:46:43.656+0000] {logging_mixin.py:188} INFO - [2025-05-01T11:46:43.655+0000] {dag.py:3096} INFO - Sync 1 DAGs
[2025-05-01T11:46:43.685+0000] {logging_mixin.py:188} INFO - [2025-05-01T11:46:43.684+0000] {dag.py:3954} INFO - Setting next_dagrun for example_display_name to None, run_after=None
[2025-05-01T11:46:43.767+0000] {processor.py:183} INFO - Processing /home/airflow/.local/lib/python3.12/site-packages/airflow/example_dags/example_display_name.py took 0.203 seconds
[2025-05-01T11:47:14.281+0000] {processor.py:161} INFO - Started process (PID=1893) to work on /home/airflow/.local/lib/python3.12/site-packages/airflow/example_dags/example_display_name.py
[2025-05-01T11:47:14.284+0000] {processor.py:830} INFO - Processing file /home/airflow/.local/lib/python3.12/site-packages/airflow/example_dags/example_display_name.py for tasks to queue
[2025-05-01T11:47:14.288+0000] {logging_mixin.py:188} INFO - [2025-05-01T11:47:14.287+0000] {dagbag.py:545} INFO - Filling up the DagBag from /home/airflow/.local/lib/python3.12/site-packages/airflow/example_dags/example_display_name.py
[2025-05-01T11:47:14.304+0000] {processor.py:840} INFO - DAG(s) 'example_display_name' retrieved from /home/airflow/.local/lib/python3.12/site-packages/airflow/example_dags/example_display_name.py
[2025-05-01T11:47:14.351+0000] {logging_mixin.py:188} INFO - [2025-05-01T11:47:14.350+0000] {dag.py:3096} INFO - Sync 1 DAGs
[2025-05-01T11:47:14.380+0000] {logging_mixin.py:188} INFO - [2025-05-01T11:47:14.379+0000] {dag.py:3954} INFO - Setting next_dagrun for example_display_name to None, run_after=None
[2025-05-01T11:47:14.727+0000] {processor.py:183} INFO - Processing /home/airflow/.local/lib/python3.12/site-packages/airflow/example_dags/example_display_name.py took 0.457 seconds
[2025-05-01T11:47:45.246+0000] {processor.py:161} INFO - Started process (PID=1952) to work on /home/airflow/.local/lib/python3.12/site-packages/airflow/example_dags/example_display_name.py
[2025-05-01T11:47:45.248+0000] {processor.py:830} INFO - Processing file /home/airflow/.local/lib/python3.12/site-packages/airflow/example_dags/example_display_name.py for tasks to queue
[2025-05-01T11:47:45.252+0000] {logging_mixin.py:188} INFO - [2025-05-01T11:47:45.252+0000] {dagbag.py:545} INFO - Filling up the DagBag from /home/airflow/.local/lib/python3.12/site-packages/airflow/example_dags/example_display_name.py
[2025-05-01T11:47:45.264+0000] {processor.py:840} INFO - DAG(s) 'example_display_name' retrieved from /home/airflow/.local/lib/python3.12/site-packages/airflow/example_dags/example_display_name.py
[2025-05-01T11:47:45.305+0000] {logging_mixin.py:188} INFO - [2025-05-01T11:47:45.305+0000] {dag.py:3096} INFO - Sync 1 DAGs
[2025-05-01T11:47:45.337+0000] {logging_mixin.py:188} INFO - [2025-05-01T11:47:45.336+0000] {dag.py:3954} INFO - Setting next_dagrun for example_display_name to None, run_after=None
[2025-05-01T11:47:45.381+0000] {processor.py:183} INFO - Processing /home/airflow/.local/lib/python3.12/site-packages/airflow/example_dags/example_display_name.py took 0.146 seconds
[2025-05-01T11:48:15.790+0000] {processor.py:161} INFO - Started process (PID=2011) to work on /home/airflow/.local/lib/python3.12/site-packages/airflow/example_dags/example_display_name.py
[2025-05-01T11:48:15.793+0000] {processor.py:830} INFO - Processing file /home/airflow/.local/lib/python3.12/site-packages/airflow/example_dags/example_display_name.py for tasks to queue
[2025-05-01T11:48:15.798+0000] {logging_mixin.py:188} INFO - [2025-05-01T11:48:15.797+0000] {dagbag.py:545} INFO - Filling up the DagBag from /home/airflow/.local/lib/python3.12/site-packages/airflow/example_dags/example_display_name.py
[2025-05-01T11:48:15.811+0000] {processor.py:840} INFO - DAG(s) 'example_display_name' retrieved from /home/airflow/.local/lib/python3.12/site-packages/airflow/example_dags/example_display_name.py
[2025-05-01T11:48:15.870+0000] {logging_mixin.py:188} INFO - [2025-05-01T11:48:15.869+0000] {dag.py:3096} INFO - Sync 1 DAGs
[2025-05-01T11:48:15.914+0000] {logging_mixin.py:188} INFO - [2025-05-01T11:48:15.913+0000] {dag.py:3954} INFO - Setting next_dagrun for example_display_name to None, run_after=None
[2025-05-01T11:48:15.987+0000] {processor.py:183} INFO - Processing /home/airflow/.local/lib/python3.12/site-packages/airflow/example_dags/example_display_name.py took 0.211 seconds
[2025-05-01T11:48:46.218+0000] {processor.py:161} INFO - Started process (PID=2070) to work on /home/airflow/.local/lib/python3.12/site-packages/airflow/example_dags/example_display_name.py
[2025-05-01T11:48:46.220+0000] {processor.py:830} INFO - Processing file /home/airflow/.local/lib/python3.12/site-packages/airflow/example_dags/example_display_name.py for tasks to queue
[2025-05-01T11:48:46.225+0000] {logging_mixin.py:188} INFO - [2025-05-01T11:48:46.224+0000] {dagbag.py:545} INFO - Filling up the DagBag from /home/airflow/.local/lib/python3.12/site-packages/airflow/example_dags/example_display_name.py
[2025-05-01T11:48:46.239+0000] {processor.py:840} INFO - DAG(s) 'example_display_name' retrieved from /home/airflow/.local/lib/python3.12/site-packages/airflow/example_dags/example_display_name.py
[2025-05-01T11:48:46.285+0000] {logging_mixin.py:188} INFO - [2025-05-01T11:48:46.284+0000] {dag.py:3096} INFO - Sync 1 DAGs
[2025-05-01T11:48:46.314+0000] {logging_mixin.py:188} INFO - [2025-05-01T11:48:46.314+0000] {dag.py:3954} INFO - Setting next_dagrun for example_display_name to None, run_after=None
[2025-05-01T11:48:46.402+0000] {processor.py:183} INFO - Processing /home/airflow/.local/lib/python3.12/site-packages/airflow/example_dags/example_display_name.py took 0.196 seconds
[2025-05-01T11:49:17.795+0000] {processor.py:161} INFO - Started process (PID=2130) to work on /home/airflow/.local/lib/python3.12/site-packages/airflow/example_dags/example_display_name.py
[2025-05-01T11:49:17.797+0000] {processor.py:830} INFO - Processing file /home/airflow/.local/lib/python3.12/site-packages/airflow/example_dags/example_display_name.py for tasks to queue
[2025-05-01T11:49:17.802+0000] {logging_mixin.py:188} INFO - [2025-05-01T11:49:17.801+0000] {dagbag.py:545} INFO - Filling up the DagBag from /home/airflow/.local/lib/python3.12/site-packages/airflow/example_dags/example_display_name.py
[2025-05-01T11:49:17.814+0000] {processor.py:840} INFO - DAG(s) 'example_display_name' retrieved from /home/airflow/.local/lib/python3.12/site-packages/airflow/example_dags/example_display_name.py
[2025-05-01T11:49:17.861+0000] {logging_mixin.py:188} INFO - [2025-05-01T11:49:17.860+0000] {dag.py:3096} INFO - Sync 1 DAGs
[2025-05-01T11:49:18.107+0000] {logging_mixin.py:188} INFO - [2025-05-01T11:49:18.106+0000] {dag.py:3954} INFO - Setting next_dagrun for example_display_name to None, run_after=None
[2025-05-01T11:49:18.198+0000] {processor.py:183} INFO - Processing /home/airflow/.local/lib/python3.12/site-packages/airflow/example_dags/example_display_name.py took 0.416 seconds
[2025-05-01T11:49:48.415+0000] {processor.py:161} INFO - Started process (PID=2189) to work on /home/airflow/.local/lib/python3.12/site-packages/airflow/example_dags/example_display_name.py
[2025-05-01T11:49:48.417+0000] {processor.py:830} INFO - Processing file /home/airflow/.local/lib/python3.12/site-packages/airflow/example_dags/example_display_name.py for tasks to queue
[2025-05-01T11:49:48.423+0000] {logging_mixin.py:188} INFO - [2025-05-01T11:49:48.422+0000] {dagbag.py:545} INFO - Filling up the DagBag from /home/airflow/.local/lib/python3.12/site-packages/airflow/example_dags/example_display_name.py
[2025-05-01T11:49:48.440+0000] {processor.py:840} INFO - DAG(s) 'example_display_name' retrieved from /home/airflow/.local/lib/python3.12/site-packages/airflow/example_dags/example_display_name.py
[2025-05-01T11:49:48.496+0000] {logging_mixin.py:188} INFO - [2025-05-01T11:49:48.496+0000] {dag.py:3096} INFO - Sync 1 DAGs
[2025-05-01T11:49:48.537+0000] {logging_mixin.py:188} INFO - [2025-05-01T11:49:48.536+0000] {dag.py:3954} INFO - Setting next_dagrun for example_display_name to None, run_after=None
[2025-05-01T11:49:48.601+0000] {processor.py:183} INFO - Processing /home/airflow/.local/lib/python3.12/site-packages/airflow/example_dags/example_display_name.py took 0.200 seconds
[2025-05-01T11:50:18.851+0000] {processor.py:161} INFO - Started process (PID=2248) to work on /home/airflow/.local/lib/python3.12/site-packages/airflow/example_dags/example_display_name.py
[2025-05-01T11:50:18.853+0000] {processor.py:830} INFO - Processing file /home/airflow/.local/lib/python3.12/site-packages/airflow/example_dags/example_display_name.py for tasks to queue
[2025-05-01T11:50:18.858+0000] {logging_mixin.py:188} INFO - [2025-05-01T11:50:18.857+0000] {dagbag.py:545} INFO - Filling up the DagBag from /home/airflow/.local/lib/python3.12/site-packages/airflow/example_dags/example_display_name.py
[2025-05-01T11:50:18.870+0000] {processor.py:840} INFO - DAG(s) 'example_display_name' retrieved from /home/airflow/.local/lib/python3.12/site-packages/airflow/example_dags/example_display_name.py
[2025-05-01T11:50:18.918+0000] {logging_mixin.py:188} INFO - [2025-05-01T11:50:18.917+0000] {dag.py:3096} INFO - Sync 1 DAGs
[2025-05-01T11:50:18.946+0000] {logging_mixin.py:188} INFO - [2025-05-01T11:50:18.945+0000] {dag.py:3954} INFO - Setting next_dagrun for example_display_name to None, run_after=None
[2025-05-01T11:50:18.997+0000] {processor.py:183} INFO - Processing /home/airflow/.local/lib/python3.12/site-packages/airflow/example_dags/example_display_name.py took 0.157 seconds
[2025-05-01T11:50:49.104+0000] {processor.py:161} INFO - Started process (PID=2307) to work on /home/airflow/.local/lib/python3.12/site-packages/airflow/example_dags/example_display_name.py
[2025-05-01T11:50:49.107+0000] {processor.py:830} INFO - Processing file /home/airflow/.local/lib/python3.12/site-packages/airflow/example_dags/example_display_name.py for tasks to queue
[2025-05-01T11:50:49.112+0000] {logging_mixin.py:188} INFO - [2025-05-01T11:50:49.111+0000] {dagbag.py:545} INFO - Filling up the DagBag from /home/airflow/.local/lib/python3.12/site-packages/airflow/example_dags/example_display_name.py
[2025-05-01T11:50:49.124+0000] {processor.py:840} INFO - DAG(s) 'example_display_name' retrieved from /home/airflow/.local/lib/python3.12/site-packages/airflow/example_dags/example_display_name.py
[2025-05-01T11:50:49.168+0000] {logging_mixin.py:188} INFO - [2025-05-01T11:50:49.167+0000] {dag.py:3096} INFO - Sync 1 DAGs
[2025-05-01T11:50:49.197+0000] {logging_mixin.py:188} INFO - [2025-05-01T11:50:49.197+0000] {dag.py:3954} INFO - Setting next_dagrun for example_display_name to None, run_after=None
[2025-05-01T11:50:49.283+0000] {processor.py:183} INFO - Processing /home/airflow/.local/lib/python3.12/site-packages/airflow/example_dags/example_display_name.py took 0.192 seconds
[2025-05-01T11:51:19.547+0000] {processor.py:161} INFO - Started process (PID=2366) to work on /home/airflow/.local/lib/python3.12/site-packages/airflow/example_dags/example_display_name.py
[2025-05-01T11:51:19.549+0000] {processor.py:830} INFO - Processing file /home/airflow/.local/lib/python3.12/site-packages/airflow/example_dags/example_display_name.py for tasks to queue
[2025-05-01T11:51:19.554+0000] {logging_mixin.py:188} INFO - [2025-05-01T11:51:19.554+0000] {dagbag.py:545} INFO - Filling up the DagBag from /home/airflow/.local/lib/python3.12/site-packages/airflow/example_dags/example_display_name.py
[2025-05-01T11:51:19.568+0000] {processor.py:840} INFO - DAG(s) 'example_display_name' retrieved from /home/airflow/.local/lib/python3.12/site-packages/airflow/example_dags/example_display_name.py
[2025-05-01T11:51:19.611+0000] {logging_mixin.py:188} INFO - [2025-05-01T11:51:19.611+0000] {dag.py:3096} INFO - Sync 1 DAGs
[2025-05-01T11:51:19.642+0000] {logging_mixin.py:188} INFO - [2025-05-01T11:51:19.641+0000] {dag.py:3954} INFO - Setting next_dagrun for example_display_name to None, run_after=None
[2025-05-01T11:51:19.688+0000] {processor.py:183} INFO - Processing /home/airflow/.local/lib/python3.12/site-packages/airflow/example_dags/example_display_name.py took 0.155 seconds
[2025-05-01T11:51:50.381+0000] {processor.py:161} INFO - Started process (PID=2425) to work on /home/airflow/.local/lib/python3.12/site-packages/airflow/example_dags/example_display_name.py
[2025-05-01T11:51:50.383+0000] {processor.py:830} INFO - Processing file /home/airflow/.local/lib/python3.12/site-packages/airflow/example_dags/example_display_name.py for tasks to queue
[2025-05-01T11:51:50.388+0000] {logging_mixin.py:188} INFO - [2025-05-01T11:51:50.387+0000] {dagbag.py:545} INFO - Filling up the DagBag from /home/airflow/.local/lib/python3.12/site-packages/airflow/example_dags/example_display_name.py
[2025-05-01T11:51:50.400+0000] {processor.py:840} INFO - DAG(s) 'example_display_name' retrieved from /home/airflow/.local/lib/python3.12/site-packages/airflow/example_dags/example_display_name.py
[2025-05-01T11:51:50.448+0000] {logging_mixin.py:188} INFO - [2025-05-01T11:51:50.447+0000] {dag.py:3096} INFO - Sync 1 DAGs
[2025-05-01T11:51:50.478+0000] {logging_mixin.py:188} INFO - [2025-05-01T11:51:50.478+0000] {dag.py:3954} INFO - Setting next_dagrun for example_display_name to None, run_after=None
[2025-05-01T11:51:50.563+0000] {processor.py:183} INFO - Processing /home/airflow/.local/lib/python3.12/site-packages/airflow/example_dags/example_display_name.py took 0.196 seconds
[2025-05-01T11:52:21.394+0000] {processor.py:161} INFO - Started process (PID=2484) to work on /home/airflow/.local/lib/python3.12/site-packages/airflow/example_dags/example_display_name.py
[2025-05-01T11:52:21.396+0000] {processor.py:830} INFO - Processing file /home/airflow/.local/lib/python3.12/site-packages/airflow/example_dags/example_display_name.py for tasks to queue
[2025-05-01T11:52:21.400+0000] {logging_mixin.py:188} INFO - [2025-05-01T11:52:21.400+0000] {dagbag.py:545} INFO - Filling up the DagBag from /home/airflow/.local/lib/python3.12/site-packages/airflow/example_dags/example_display_name.py
[2025-05-01T11:52:21.412+0000] {processor.py:840} INFO - DAG(s) 'example_display_name' retrieved from /home/airflow/.local/lib/python3.12/site-packages/airflow/example_dags/example_display_name.py
[2025-05-01T11:52:21.464+0000] {logging_mixin.py:188} INFO - [2025-05-01T11:52:21.464+0000] {dag.py:3096} INFO - Sync 1 DAGs
[2025-05-01T11:52:21.499+0000] {logging_mixin.py:188} INFO - [2025-05-01T11:52:21.499+0000] {dag.py:3954} INFO - Setting next_dagrun for example_display_name to None, run_after=None
[2025-05-01T11:52:21.558+0000] {processor.py:183} INFO - Processing /home/airflow/.local/lib/python3.12/site-packages/airflow/example_dags/example_display_name.py took 0.176 seconds
[2025-05-01T11:52:52.893+0000] {processor.py:161} INFO - Started process (PID=2543) to work on /home/airflow/.local/lib/python3.12/site-packages/airflow/example_dags/example_display_name.py
[2025-05-01T11:52:52.896+0000] {processor.py:830} INFO - Processing file /home/airflow/.local/lib/python3.12/site-packages/airflow/example_dags/example_display_name.py for tasks to queue
[2025-05-01T11:52:52.902+0000] {logging_mixin.py:188} INFO - [2025-05-01T11:52:52.901+0000] {dagbag.py:545} INFO - Filling up the DagBag from /home/airflow/.local/lib/python3.12/site-packages/airflow/example_dags/example_display_name.py
[2025-05-01T11:52:52.918+0000] {processor.py:840} INFO - DAG(s) 'example_display_name' retrieved from /home/airflow/.local/lib/python3.12/site-packages/airflow/example_dags/example_display_name.py
[2025-05-01T11:52:52.965+0000] {logging_mixin.py:188} INFO - [2025-05-01T11:52:52.964+0000] {dag.py:3096} INFO - Sync 1 DAGs
[2025-05-01T11:52:52.992+0000] {logging_mixin.py:188} INFO - [2025-05-01T11:52:52.991+0000] {dag.py:3954} INFO - Setting next_dagrun for example_display_name to None, run_after=None
[2025-05-01T11:52:53.036+0000] {processor.py:183} INFO - Processing /home/airflow/.local/lib/python3.12/site-packages/airflow/example_dags/example_display_name.py took 0.160 seconds
[2025-05-01T11:53:23.675+0000] {processor.py:161} INFO - Started process (PID=2602) to work on /home/airflow/.local/lib/python3.12/site-packages/airflow/example_dags/example_display_name.py
[2025-05-01T11:53:23.676+0000] {processor.py:830} INFO - Processing file /home/airflow/.local/lib/python3.12/site-packages/airflow/example_dags/example_display_name.py for tasks to queue
[2025-05-01T11:53:23.681+0000] {logging_mixin.py:188} INFO - [2025-05-01T11:53:23.680+0000] {dagbag.py:545} INFO - Filling up the DagBag from /home/airflow/.local/lib/python3.12/site-packages/airflow/example_dags/example_display_name.py
[2025-05-01T11:53:23.692+0000] {processor.py:840} INFO - DAG(s) 'example_display_name' retrieved from /home/airflow/.local/lib/python3.12/site-packages/airflow/example_dags/example_display_name.py
[2025-05-01T11:53:23.739+0000] {logging_mixin.py:188} INFO - [2025-05-01T11:53:23.738+0000] {dag.py:3096} INFO - Sync 1 DAGs
[2025-05-01T11:53:23.767+0000] {logging_mixin.py:188} INFO - [2025-05-01T11:53:23.767+0000] {dag.py:3954} INFO - Setting next_dagrun for example_display_name to None, run_after=None
[2025-05-01T11:53:23.853+0000] {processor.py:183} INFO - Processing /home/airflow/.local/lib/python3.12/site-packages/airflow/example_dags/example_display_name.py took 0.189 seconds
[2025-05-01T11:53:54.345+0000] {processor.py:161} INFO - Started process (PID=2661) to work on /home/airflow/.local/lib/python3.12/site-packages/airflow/example_dags/example_display_name.py
[2025-05-01T11:53:54.347+0000] {processor.py:830} INFO - Processing file /home/airflow/.local/lib/python3.12/site-packages/airflow/example_dags/example_display_name.py for tasks to queue
[2025-05-01T11:53:54.351+0000] {logging_mixin.py:188} INFO - [2025-05-01T11:53:54.350+0000] {dagbag.py:545} INFO - Filling up the DagBag from /home/airflow/.local/lib/python3.12/site-packages/airflow/example_dags/example_display_name.py
[2025-05-01T11:53:54.362+0000] {processor.py:840} INFO - DAG(s) 'example_display_name' retrieved from /home/airflow/.local/lib/python3.12/site-packages/airflow/example_dags/example_display_name.py
[2025-05-01T11:53:54.408+0000] {logging_mixin.py:188} INFO - [2025-05-01T11:53:54.408+0000] {dag.py:3096} INFO - Sync 1 DAGs
[2025-05-01T11:53:54.438+0000] {logging_mixin.py:188} INFO - [2025-05-01T11:53:54.437+0000] {dag.py:3954} INFO - Setting next_dagrun for example_display_name to None, run_after=None
[2025-05-01T11:53:54.532+0000] {processor.py:183} INFO - Processing /home/airflow/.local/lib/python3.12/site-packages/airflow/example_dags/example_display_name.py took 0.198 seconds
[2025-05-01T11:54:24.871+0000] {processor.py:161} INFO - Started process (PID=2720) to work on /home/airflow/.local/lib/python3.12/site-packages/airflow/example_dags/example_display_name.py
[2025-05-01T11:54:24.874+0000] {processor.py:830} INFO - Processing file /home/airflow/.local/lib/python3.12/site-packages/airflow/example_dags/example_display_name.py for tasks to queue
[2025-05-01T11:54:24.878+0000] {logging_mixin.py:188} INFO - [2025-05-01T11:54:24.877+0000] {dagbag.py:545} INFO - Filling up the DagBag from /home/airflow/.local/lib/python3.12/site-packages/airflow/example_dags/example_display_name.py
[2025-05-01T11:54:24.890+0000] {processor.py:840} INFO - DAG(s) 'example_display_name' retrieved from /home/airflow/.local/lib/python3.12/site-packages/airflow/example_dags/example_display_name.py
[2025-05-01T11:54:24.934+0000] {logging_mixin.py:188} INFO - [2025-05-01T11:54:24.933+0000] {dag.py:3096} INFO - Sync 1 DAGs
[2025-05-01T11:54:24.966+0000] {logging_mixin.py:188} INFO - [2025-05-01T11:54:24.965+0000] {dag.py:3954} INFO - Setting next_dagrun for example_display_name to None, run_after=None
[2025-05-01T11:54:25.016+0000] {processor.py:183} INFO - Processing /home/airflow/.local/lib/python3.12/site-packages/airflow/example_dags/example_display_name.py took 0.158 seconds
[2025-05-01T11:54:55.380+0000] {processor.py:161} INFO - Started process (PID=2779) to work on /home/airflow/.local/lib/python3.12/site-packages/airflow/example_dags/example_display_name.py
[2025-05-01T11:54:55.382+0000] {processor.py:830} INFO - Processing file /home/airflow/.local/lib/python3.12/site-packages/airflow/example_dags/example_display_name.py for tasks to queue
[2025-05-01T11:54:55.387+0000] {logging_mixin.py:188} INFO - [2025-05-01T11:54:55.386+0000] {dagbag.py:545} INFO - Filling up the DagBag from /home/airflow/.local/lib/python3.12/site-packages/airflow/example_dags/example_display_name.py
[2025-05-01T11:54:55.399+0000] {processor.py:840} INFO - DAG(s) 'example_display_name' retrieved from /home/airflow/.local/lib/python3.12/site-packages/airflow/example_dags/example_display_name.py
[2025-05-01T11:54:55.441+0000] {logging_mixin.py:188} INFO - [2025-05-01T11:54:55.440+0000] {dag.py:3096} INFO - Sync 1 DAGs
[2025-05-01T11:54:55.470+0000] {logging_mixin.py:188} INFO - [2025-05-01T11:54:55.469+0000] {dag.py:3954} INFO - Setting next_dagrun for example_display_name to None, run_after=None
[2025-05-01T11:54:55.556+0000] {processor.py:183} INFO - Processing /home/airflow/.local/lib/python3.12/site-packages/airflow/example_dags/example_display_name.py took 0.189 seconds
[2025-05-01T11:55:26.191+0000] {processor.py:161} INFO - Started process (PID=2838) to work on /home/airflow/.local/lib/python3.12/site-packages/airflow/example_dags/example_display_name.py
[2025-05-01T11:55:26.195+0000] {processor.py:830} INFO - Processing file /home/airflow/.local/lib/python3.12/site-packages/airflow/example_dags/example_display_name.py for tasks to queue
[2025-05-01T11:55:26.201+0000] {logging_mixin.py:188} INFO - [2025-05-01T11:55:26.200+0000] {dagbag.py:545} INFO - Filling up the DagBag from /home/airflow/.local/lib/python3.12/site-packages/airflow/example_dags/example_display_name.py
[2025-05-01T11:55:26.217+0000] {processor.py:840} INFO - DAG(s) 'example_display_name' retrieved from /home/airflow/.local/lib/python3.12/site-packages/airflow/example_dags/example_display_name.py
[2025-05-01T11:55:26.262+0000] {logging_mixin.py:188} INFO - [2025-05-01T11:55:26.262+0000] {dag.py:3096} INFO - Sync 1 DAGs
[2025-05-01T11:55:26.295+0000] {logging_mixin.py:188} INFO - [2025-05-01T11:55:26.294+0000] {dag.py:3954} INFO - Setting next_dagrun for example_display_name to None, run_after=None
[2025-05-01T11:55:26.394+0000] {processor.py:183} INFO - Processing /home/airflow/.local/lib/python3.12/site-packages/airflow/example_dags/example_display_name.py took 0.221 seconds
[2025-05-01T11:55:57.250+0000] {processor.py:161} INFO - Started process (PID=2898) to work on /home/airflow/.local/lib/python3.12/site-packages/airflow/example_dags/example_display_name.py
[2025-05-01T11:55:57.252+0000] {processor.py:830} INFO - Processing file /home/airflow/.local/lib/python3.12/site-packages/airflow/example_dags/example_display_name.py for tasks to queue
[2025-05-01T11:55:57.257+0000] {logging_mixin.py:188} INFO - [2025-05-01T11:55:57.256+0000] {dagbag.py:545} INFO - Filling up the DagBag from /home/airflow/.local/lib/python3.12/site-packages/airflow/example_dags/example_display_name.py
[2025-05-01T11:55:57.268+0000] {processor.py:840} INFO - DAG(s) 'example_display_name' retrieved from /home/airflow/.local/lib/python3.12/site-packages/airflow/example_dags/example_display_name.py
[2025-05-01T11:55:57.316+0000] {logging_mixin.py:188} INFO - [2025-05-01T11:55:57.315+0000] {dag.py:3096} INFO - Sync 1 DAGs
[2025-05-01T11:55:57.344+0000] {logging_mixin.py:188} INFO - [2025-05-01T11:55:57.344+0000] {dag.py:3954} INFO - Setting next_dagrun for example_display_name to None, run_after=None
[2025-05-01T11:55:57.392+0000] {processor.py:183} INFO - Processing /home/airflow/.local/lib/python3.12/site-packages/airflow/example_dags/example_display_name.py took 0.154 seconds
[2025-05-01T11:56:28.115+0000] {processor.py:161} INFO - Started process (PID=2957) to work on /home/airflow/.local/lib/python3.12/site-packages/airflow/example_dags/example_display_name.py
[2025-05-01T11:56:28.117+0000] {processor.py:830} INFO - Processing file /home/airflow/.local/lib/python3.12/site-packages/airflow/example_dags/example_display_name.py for tasks to queue
[2025-05-01T11:56:28.122+0000] {logging_mixin.py:188} INFO - [2025-05-01T11:56:28.122+0000] {dagbag.py:545} INFO - Filling up the DagBag from /home/airflow/.local/lib/python3.12/site-packages/airflow/example_dags/example_display_name.py
[2025-05-01T11:56:28.138+0000] {processor.py:840} INFO - DAG(s) 'example_display_name' retrieved from /home/airflow/.local/lib/python3.12/site-packages/airflow/example_dags/example_display_name.py
[2025-05-01T11:56:28.185+0000] {logging_mixin.py:188} INFO - [2025-05-01T11:56:28.184+0000] {dag.py:3096} INFO - Sync 1 DAGs
[2025-05-01T11:56:28.235+0000] {logging_mixin.py:188} INFO - [2025-05-01T11:56:28.234+0000] {dag.py:3954} INFO - Setting next_dagrun for example_display_name to None, run_after=None
[2025-05-01T11:56:28.300+0000] {processor.py:183} INFO - Processing /home/airflow/.local/lib/python3.12/site-packages/airflow/example_dags/example_display_name.py took 0.201 seconds
[2025-05-01T11:56:58.899+0000] {processor.py:161} INFO - Started process (PID=3016) to work on /home/airflow/.local/lib/python3.12/site-packages/airflow/example_dags/example_display_name.py
[2025-05-01T11:56:58.901+0000] {processor.py:830} INFO - Processing file /home/airflow/.local/lib/python3.12/site-packages/airflow/example_dags/example_display_name.py for tasks to queue
[2025-05-01T11:56:58.906+0000] {logging_mixin.py:188} INFO - [2025-05-01T11:56:58.905+0000] {dagbag.py:545} INFO - Filling up the DagBag from /home/airflow/.local/lib/python3.12/site-packages/airflow/example_dags/example_display_name.py
[2025-05-01T11:56:58.919+0000] {processor.py:840} INFO - DAG(s) 'example_display_name' retrieved from /home/airflow/.local/lib/python3.12/site-packages/airflow/example_dags/example_display_name.py
[2025-05-01T11:56:58.966+0000] {logging_mixin.py:188} INFO - [2025-05-01T11:56:58.965+0000] {dag.py:3096} INFO - Sync 1 DAGs
[2025-05-01T11:56:58.995+0000] {logging_mixin.py:188} INFO - [2025-05-01T11:56:58.994+0000] {dag.py:3954} INFO - Setting next_dagrun for example_display_name to None, run_after=None
[2025-05-01T11:56:59.082+0000] {processor.py:183} INFO - Processing /home/airflow/.local/lib/python3.12/site-packages/airflow/example_dags/example_display_name.py took 0.198 seconds
[2025-05-01T11:57:29.600+0000] {processor.py:161} INFO - Started process (PID=3075) to work on /home/airflow/.local/lib/python3.12/site-packages/airflow/example_dags/example_display_name.py
[2025-05-01T11:57:29.602+0000] {processor.py:830} INFO - Processing file /home/airflow/.local/lib/python3.12/site-packages/airflow/example_dags/example_display_name.py for tasks to queue
[2025-05-01T11:57:29.607+0000] {logging_mixin.py:188} INFO - [2025-05-01T11:57:29.606+0000] {dagbag.py:545} INFO - Filling up the DagBag from /home/airflow/.local/lib/python3.12/site-packages/airflow/example_dags/example_display_name.py
[2025-05-01T11:57:29.620+0000] {processor.py:840} INFO - DAG(s) 'example_display_name' retrieved from /home/airflow/.local/lib/python3.12/site-packages/airflow/example_dags/example_display_name.py
[2025-05-01T11:57:29.664+0000] {logging_mixin.py:188} INFO - [2025-05-01T11:57:29.664+0000] {dag.py:3096} INFO - Sync 1 DAGs
[2025-05-01T11:57:29.695+0000] {logging_mixin.py:188} INFO - [2025-05-01T11:57:29.694+0000] {dag.py:3954} INFO - Setting next_dagrun for example_display_name to None, run_after=None
[2025-05-01T11:57:29.779+0000] {processor.py:183} INFO - Processing /home/airflow/.local/lib/python3.12/site-packages/airflow/example_dags/example_display_name.py took 0.191 seconds
[2025-05-01T11:57:59.996+0000] {processor.py:161} INFO - Started process (PID=3134) to work on /home/airflow/.local/lib/python3.12/site-packages/airflow/example_dags/example_display_name.py
[2025-05-01T11:57:59.998+0000] {processor.py:830} INFO - Processing file /home/airflow/.local/lib/python3.12/site-packages/airflow/example_dags/example_display_name.py for tasks to queue
[2025-05-01T11:58:00.003+0000] {logging_mixin.py:188} INFO - [2025-05-01T11:58:00.002+0000] {dagbag.py:545} INFO - Filling up the DagBag from /home/airflow/.local/lib/python3.12/site-packages/airflow/example_dags/example_display_name.py
[2025-05-01T11:58:00.025+0000] {processor.py:840} INFO - DAG(s) 'example_display_name' retrieved from /home/airflow/.local/lib/python3.12/site-packages/airflow/example_dags/example_display_name.py
[2025-05-01T11:58:00.073+0000] {logging_mixin.py:188} INFO - [2025-05-01T11:58:00.072+0000] {dag.py:3096} INFO - Sync 1 DAGs
[2025-05-01T11:58:00.100+0000] {logging_mixin.py:188} INFO - [2025-05-01T11:58:00.100+0000] {dag.py:3954} INFO - Setting next_dagrun for example_display_name to None, run_after=None
[2025-05-01T11:58:00.152+0000] {processor.py:183} INFO - Processing /home/airflow/.local/lib/python3.12/site-packages/airflow/example_dags/example_display_name.py took 0.168 seconds
[2025-05-01T11:58:30.591+0000] {processor.py:161} INFO - Started process (PID=3193) to work on /home/airflow/.local/lib/python3.12/site-packages/airflow/example_dags/example_display_name.py
[2025-05-01T11:58:30.594+0000] {processor.py:830} INFO - Processing file /home/airflow/.local/lib/python3.12/site-packages/airflow/example_dags/example_display_name.py for tasks to queue
[2025-05-01T11:58:30.600+0000] {logging_mixin.py:188} INFO - [2025-05-01T11:58:30.599+0000] {dagbag.py:545} INFO - Filling up the DagBag from /home/airflow/.local/lib/python3.12/site-packages/airflow/example_dags/example_display_name.py
[2025-05-01T11:58:30.615+0000] {processor.py:840} INFO - DAG(s) 'example_display_name' retrieved from /home/airflow/.local/lib/python3.12/site-packages/airflow/example_dags/example_display_name.py
[2025-05-01T11:58:30.661+0000] {logging_mixin.py:188} INFO - [2025-05-01T11:58:30.661+0000] {dag.py:3096} INFO - Sync 1 DAGs
[2025-05-01T11:58:30.688+0000] {logging_mixin.py:188} INFO - [2025-05-01T11:58:30.688+0000] {dag.py:3954} INFO - Setting next_dagrun for example_display_name to None, run_after=None
[2025-05-01T11:58:30.732+0000] {processor.py:183} INFO - Processing /home/airflow/.local/lib/python3.12/site-packages/airflow/example_dags/example_display_name.py took 0.161 seconds
[2025-05-01T11:59:01.832+0000] {processor.py:161} INFO - Started process (PID=3258) to work on /home/airflow/.local/lib/python3.12/site-packages/airflow/example_dags/example_display_name.py
[2025-05-01T11:59:01.834+0000] {processor.py:830} INFO - Processing file /home/airflow/.local/lib/python3.12/site-packages/airflow/example_dags/example_display_name.py for tasks to queue
[2025-05-01T11:59:01.838+0000] {logging_mixin.py:188} INFO - [2025-05-01T11:59:01.837+0000] {dagbag.py:545} INFO - Filling up the DagBag from /home/airflow/.local/lib/python3.12/site-packages/airflow/example_dags/example_display_name.py
[2025-05-01T11:59:01.848+0000] {processor.py:840} INFO - DAG(s) 'example_display_name' retrieved from /home/airflow/.local/lib/python3.12/site-packages/airflow/example_dags/example_display_name.py
[2025-05-01T11:59:01.887+0000] {logging_mixin.py:188} INFO - [2025-05-01T11:59:01.887+0000] {dag.py:3096} INFO - Sync 1 DAGs
[2025-05-01T11:59:01.913+0000] {logging_mixin.py:188} INFO - [2025-05-01T11:59:01.913+0000] {dag.py:3954} INFO - Setting next_dagrun for example_display_name to None, run_after=None
[2025-05-01T11:59:01.953+0000] {processor.py:183} INFO - Processing /home/airflow/.local/lib/python3.12/site-packages/airflow/example_dags/example_display_name.py took 0.132 seconds
[2025-05-01T11:59:32.839+0000] {processor.py:161} INFO - Started process (PID=3317) to work on /home/airflow/.local/lib/python3.12/site-packages/airflow/example_dags/example_display_name.py
[2025-05-01T11:59:32.842+0000] {processor.py:830} INFO - Processing file /home/airflow/.local/lib/python3.12/site-packages/airflow/example_dags/example_display_name.py for tasks to queue
[2025-05-01T11:59:32.846+0000] {logging_mixin.py:188} INFO - [2025-05-01T11:59:32.845+0000] {dagbag.py:545} INFO - Filling up the DagBag from /home/airflow/.local/lib/python3.12/site-packages/airflow/example_dags/example_display_name.py
[2025-05-01T11:59:32.858+0000] {processor.py:840} INFO - DAG(s) 'example_display_name' retrieved from /home/airflow/.local/lib/python3.12/site-packages/airflow/example_dags/example_display_name.py
[2025-05-01T11:59:32.899+0000] {logging_mixin.py:188} INFO - [2025-05-01T11:59:32.898+0000] {dag.py:3096} INFO - Sync 1 DAGs
[2025-05-01T11:59:32.923+0000] {logging_mixin.py:188} INFO - [2025-05-01T11:59:32.923+0000] {dag.py:3954} INFO - Setting next_dagrun for example_display_name to None, run_after=None
[2025-05-01T11:59:33.009+0000] {processor.py:183} INFO - Processing /home/airflow/.local/lib/python3.12/site-packages/airflow/example_dags/example_display_name.py took 0.181 seconds
[2025-05-01T12:00:03.687+0000] {processor.py:161} INFO - Started process (PID=3375) to work on /home/airflow/.local/lib/python3.12/site-packages/airflow/example_dags/example_display_name.py
[2025-05-01T12:00:03.689+0000] {processor.py:830} INFO - Processing file /home/airflow/.local/lib/python3.12/site-packages/airflow/example_dags/example_display_name.py for tasks to queue
[2025-05-01T12:00:03.693+0000] {logging_mixin.py:188} INFO - [2025-05-01T12:00:03.692+0000] {dagbag.py:545} INFO - Filling up the DagBag from /home/airflow/.local/lib/python3.12/site-packages/airflow/example_dags/example_display_name.py
[2025-05-01T12:00:03.704+0000] {processor.py:840} INFO - DAG(s) 'example_display_name' retrieved from /home/airflow/.local/lib/python3.12/site-packages/airflow/example_dags/example_display_name.py
[2025-05-01T12:00:03.747+0000] {logging_mixin.py:188} INFO - [2025-05-01T12:00:03.746+0000] {dag.py:3096} INFO - Sync 1 DAGs
[2025-05-01T12:00:03.779+0000] {logging_mixin.py:188} INFO - [2025-05-01T12:00:03.779+0000] {dag.py:3954} INFO - Setting next_dagrun for example_display_name to None, run_after=None
[2025-05-01T12:00:03.868+0000] {processor.py:183} INFO - Processing /home/airflow/.local/lib/python3.12/site-packages/airflow/example_dags/example_display_name.py took 0.198 seconds
[2025-05-01T12:00:34.161+0000] {processor.py:161} INFO - Started process (PID=3433) to work on /home/airflow/.local/lib/python3.12/site-packages/airflow/example_dags/example_display_name.py
[2025-05-01T12:00:34.164+0000] {processor.py:830} INFO - Processing file /home/airflow/.local/lib/python3.12/site-packages/airflow/example_dags/example_display_name.py for tasks to queue
[2025-05-01T12:00:34.169+0000] {logging_mixin.py:188} INFO - [2025-05-01T12:00:34.169+0000] {dagbag.py:545} INFO - Filling up the DagBag from /home/airflow/.local/lib/python3.12/site-packages/airflow/example_dags/example_display_name.py
[2025-05-01T12:00:34.183+0000] {processor.py:840} INFO - DAG(s) 'example_display_name' retrieved from /home/airflow/.local/lib/python3.12/site-packages/airflow/example_dags/example_display_name.py
[2025-05-01T12:00:34.234+0000] {logging_mixin.py:188} INFO - [2025-05-01T12:00:34.233+0000] {dag.py:3096} INFO - Sync 1 DAGs
[2025-05-01T12:00:34.267+0000] {logging_mixin.py:188} INFO - [2025-05-01T12:00:34.266+0000] {dag.py:3954} INFO - Setting next_dagrun for example_display_name to None, run_after=None
[2025-05-01T12:00:34.360+0000] {processor.py:183} INFO - Processing /home/airflow/.local/lib/python3.12/site-packages/airflow/example_dags/example_display_name.py took 0.212 seconds
[2025-05-01T12:01:04.688+0000] {processor.py:161} INFO - Started process (PID=3492) to work on /home/airflow/.local/lib/python3.12/site-packages/airflow/example_dags/example_display_name.py
[2025-05-01T12:01:04.691+0000] {processor.py:830} INFO - Processing file /home/airflow/.local/lib/python3.12/site-packages/airflow/example_dags/example_display_name.py for tasks to queue
[2025-05-01T12:01:04.696+0000] {logging_mixin.py:188} INFO - [2025-05-01T12:01:04.695+0000] {dagbag.py:545} INFO - Filling up the DagBag from /home/airflow/.local/lib/python3.12/site-packages/airflow/example_dags/example_display_name.py
[2025-05-01T12:01:04.711+0000] {processor.py:840} INFO - DAG(s) 'example_display_name' retrieved from /home/airflow/.local/lib/python3.12/site-packages/airflow/example_dags/example_display_name.py
[2025-05-01T12:01:04.766+0000] {logging_mixin.py:188} INFO - [2025-05-01T12:01:04.765+0000] {dag.py:3096} INFO - Sync 1 DAGs
[2025-05-01T12:01:04.805+0000] {logging_mixin.py:188} INFO - [2025-05-01T12:01:04.804+0000] {dag.py:3954} INFO - Setting next_dagrun for example_display_name to None, run_after=None
[2025-05-01T12:01:04.861+0000] {processor.py:183} INFO - Processing /home/airflow/.local/lib/python3.12/site-packages/airflow/example_dags/example_display_name.py took 0.186 seconds
[2025-05-01T12:01:35.617+0000] {processor.py:161} INFO - Started process (PID=3552) to work on /home/airflow/.local/lib/python3.12/site-packages/airflow/example_dags/example_display_name.py
[2025-05-01T12:01:35.620+0000] {processor.py:830} INFO - Processing file /home/airflow/.local/lib/python3.12/site-packages/airflow/example_dags/example_display_name.py for tasks to queue
[2025-05-01T12:01:35.625+0000] {logging_mixin.py:188} INFO - [2025-05-01T12:01:35.624+0000] {dagbag.py:545} INFO - Filling up the DagBag from /home/airflow/.local/lib/python3.12/site-packages/airflow/example_dags/example_display_name.py
[2025-05-01T12:01:35.640+0000] {processor.py:840} INFO - DAG(s) 'example_display_name' retrieved from /home/airflow/.local/lib/python3.12/site-packages/airflow/example_dags/example_display_name.py
[2025-05-01T12:01:35.695+0000] {logging_mixin.py:188} INFO - [2025-05-01T12:01:35.694+0000] {dag.py:3096} INFO - Sync 1 DAGs
[2025-05-01T12:01:35.728+0000] {logging_mixin.py:188} INFO - [2025-05-01T12:01:35.728+0000] {dag.py:3954} INFO - Setting next_dagrun for example_display_name to None, run_after=None
[2025-05-01T12:01:35.822+0000] {processor.py:183} INFO - Processing /home/airflow/.local/lib/python3.12/site-packages/airflow/example_dags/example_display_name.py took 0.220 seconds
[2025-05-01T12:02:06.054+0000] {processor.py:161} INFO - Started process (PID=3611) to work on /home/airflow/.local/lib/python3.12/site-packages/airflow/example_dags/example_display_name.py
[2025-05-01T12:02:06.056+0000] {processor.py:830} INFO - Processing file /home/airflow/.local/lib/python3.12/site-packages/airflow/example_dags/example_display_name.py for tasks to queue
[2025-05-01T12:02:06.060+0000] {logging_mixin.py:188} INFO - [2025-05-01T12:02:06.059+0000] {dagbag.py:545} INFO - Filling up the DagBag from /home/airflow/.local/lib/python3.12/site-packages/airflow/example_dags/example_display_name.py
[2025-05-01T12:02:06.073+0000] {processor.py:840} INFO - DAG(s) 'example_display_name' retrieved from /home/airflow/.local/lib/python3.12/site-packages/airflow/example_dags/example_display_name.py
[2025-05-01T12:02:06.116+0000] {logging_mixin.py:188} INFO - [2025-05-01T12:02:06.116+0000] {dag.py:3096} INFO - Sync 1 DAGs
[2025-05-01T12:02:06.145+0000] {logging_mixin.py:188} INFO - [2025-05-01T12:02:06.144+0000] {dag.py:3954} INFO - Setting next_dagrun for example_display_name to None, run_after=None
[2025-05-01T12:02:06.191+0000] {processor.py:183} INFO - Processing /home/airflow/.local/lib/python3.12/site-packages/airflow/example_dags/example_display_name.py took 0.151 seconds
[2025-05-01T12:02:36.948+0000] {processor.py:161} INFO - Started process (PID=3670) to work on /home/airflow/.local/lib/python3.12/site-packages/airflow/example_dags/example_display_name.py
[2025-05-01T12:02:36.951+0000] {processor.py:830} INFO - Processing file /home/airflow/.local/lib/python3.12/site-packages/airflow/example_dags/example_display_name.py for tasks to queue
[2025-05-01T12:02:36.956+0000] {logging_mixin.py:188} INFO - [2025-05-01T12:02:36.955+0000] {dagbag.py:545} INFO - Filling up the DagBag from /home/airflow/.local/lib/python3.12/site-packages/airflow/example_dags/example_display_name.py
[2025-05-01T12:02:36.969+0000] {processor.py:840} INFO - DAG(s) 'example_display_name' retrieved from /home/airflow/.local/lib/python3.12/site-packages/airflow/example_dags/example_display_name.py
[2025-05-01T12:02:37.013+0000] {logging_mixin.py:188} INFO - [2025-05-01T12:02:37.012+0000] {dag.py:3096} INFO - Sync 1 DAGs
[2025-05-01T12:02:37.049+0000] {logging_mixin.py:188} INFO - [2025-05-01T12:02:37.048+0000] {dag.py:3954} INFO - Setting next_dagrun for example_display_name to None, run_after=None
[2025-05-01T12:02:37.109+0000] {processor.py:183} INFO - Processing /home/airflow/.local/lib/python3.12/site-packages/airflow/example_dags/example_display_name.py took 0.178 seconds
[2025-05-01T12:03:08.026+0000] {processor.py:161} INFO - Started process (PID=3728) to work on /home/airflow/.local/lib/python3.12/site-packages/airflow/example_dags/example_display_name.py
[2025-05-01T12:03:08.030+0000] {processor.py:830} INFO - Processing file /home/airflow/.local/lib/python3.12/site-packages/airflow/example_dags/example_display_name.py for tasks to queue
[2025-05-01T12:03:08.037+0000] {logging_mixin.py:188} INFO - [2025-05-01T12:03:08.035+0000] {dagbag.py:545} INFO - Filling up the DagBag from /home/airflow/.local/lib/python3.12/site-packages/airflow/example_dags/example_display_name.py
[2025-05-01T12:03:08.054+0000] {processor.py:840} INFO - DAG(s) 'example_display_name' retrieved from /home/airflow/.local/lib/python3.12/site-packages/airflow/example_dags/example_display_name.py
[2025-05-01T12:03:08.111+0000] {logging_mixin.py:188} INFO - [2025-05-01T12:03:08.110+0000] {dag.py:3096} INFO - Sync 1 DAGs
[2025-05-01T12:03:08.149+0000] {logging_mixin.py:188} INFO - [2025-05-01T12:03:08.149+0000] {dag.py:3954} INFO - Setting next_dagrun for example_display_name to None, run_after=None
[2025-05-01T12:03:08.247+0000] {processor.py:183} INFO - Processing /home/airflow/.local/lib/python3.12/site-packages/airflow/example_dags/example_display_name.py took 0.239 seconds
[2025-05-01T12:03:38.784+0000] {processor.py:161} INFO - Started process (PID=3787) to work on /home/airflow/.local/lib/python3.12/site-packages/airflow/example_dags/example_display_name.py
[2025-05-01T12:03:38.787+0000] {processor.py:830} INFO - Processing file /home/airflow/.local/lib/python3.12/site-packages/airflow/example_dags/example_display_name.py for tasks to queue
[2025-05-01T12:03:38.791+0000] {logging_mixin.py:188} INFO - [2025-05-01T12:03:38.790+0000] {dagbag.py:545} INFO - Filling up the DagBag from /home/airflow/.local/lib/python3.12/site-packages/airflow/example_dags/example_display_name.py
[2025-05-01T12:03:38.808+0000] {processor.py:840} INFO - DAG(s) 'example_display_name' retrieved from /home/airflow/.local/lib/python3.12/site-packages/airflow/example_dags/example_display_name.py
[2025-05-01T12:03:38.860+0000] {logging_mixin.py:188} INFO - [2025-05-01T12:03:38.859+0000] {dag.py:3096} INFO - Sync 1 DAGs
[2025-05-01T12:03:38.908+0000] {logging_mixin.py:188} INFO - [2025-05-01T12:03:38.907+0000] {dag.py:3954} INFO - Setting next_dagrun for example_display_name to None, run_after=None
[2025-05-01T12:03:39.020+0000] {processor.py:183} INFO - Processing /home/airflow/.local/lib/python3.12/site-packages/airflow/example_dags/example_display_name.py took 0.253 seconds
[2025-05-01T12:04:09.223+0000] {processor.py:161} INFO - Started process (PID=3846) to work on /home/airflow/.local/lib/python3.12/site-packages/airflow/example_dags/example_display_name.py
[2025-05-01T12:04:09.228+0000] {processor.py:830} INFO - Processing file /home/airflow/.local/lib/python3.12/site-packages/airflow/example_dags/example_display_name.py for tasks to queue
[2025-05-01T12:04:09.235+0000] {logging_mixin.py:188} INFO - [2025-05-01T12:04:09.233+0000] {dagbag.py:545} INFO - Filling up the DagBag from /home/airflow/.local/lib/python3.12/site-packages/airflow/example_dags/example_display_name.py
[2025-05-01T12:04:09.257+0000] {processor.py:840} INFO - DAG(s) 'example_display_name' retrieved from /home/airflow/.local/lib/python3.12/site-packages/airflow/example_dags/example_display_name.py
[2025-05-01T12:04:09.332+0000] {logging_mixin.py:188} INFO - [2025-05-01T12:04:09.331+0000] {dag.py:3096} INFO - Sync 1 DAGs
[2025-05-01T12:04:09.397+0000] {logging_mixin.py:188} INFO - [2025-05-01T12:04:09.396+0000] {dag.py:3954} INFO - Setting next_dagrun for example_display_name to None, run_after=None
[2025-05-01T12:04:09.462+0000] {processor.py:183} INFO - Processing /home/airflow/.local/lib/python3.12/site-packages/airflow/example_dags/example_display_name.py took 0.262 seconds
[2025-05-01T12:04:40.445+0000] {processor.py:161} INFO - Started process (PID=3905) to work on /home/airflow/.local/lib/python3.12/site-packages/airflow/example_dags/example_display_name.py
[2025-05-01T12:04:40.448+0000] {processor.py:830} INFO - Processing file /home/airflow/.local/lib/python3.12/site-packages/airflow/example_dags/example_display_name.py for tasks to queue
[2025-05-01T12:04:40.452+0000] {logging_mixin.py:188} INFO - [2025-05-01T12:04:40.451+0000] {dagbag.py:545} INFO - Filling up the DagBag from /home/airflow/.local/lib/python3.12/site-packages/airflow/example_dags/example_display_name.py
[2025-05-01T12:04:40.464+0000] {processor.py:840} INFO - DAG(s) 'example_display_name' retrieved from /home/airflow/.local/lib/python3.12/site-packages/airflow/example_dags/example_display_name.py
[2025-05-01T12:04:40.511+0000] {logging_mixin.py:188} INFO - [2025-05-01T12:04:40.510+0000] {dag.py:3096} INFO - Sync 1 DAGs
[2025-05-01T12:04:40.543+0000] {logging_mixin.py:188} INFO - [2025-05-01T12:04:40.542+0000] {dag.py:3954} INFO - Setting next_dagrun for example_display_name to None, run_after=None
[2025-05-01T12:04:40.603+0000] {processor.py:183} INFO - Processing /home/airflow/.local/lib/python3.12/site-packages/airflow/example_dags/example_display_name.py took 0.170 seconds
[2025-05-01T12:05:11.306+0000] {processor.py:161} INFO - Started process (PID=3964) to work on /home/airflow/.local/lib/python3.12/site-packages/airflow/example_dags/example_display_name.py
[2025-05-01T12:05:11.309+0000] {processor.py:830} INFO - Processing file /home/airflow/.local/lib/python3.12/site-packages/airflow/example_dags/example_display_name.py for tasks to queue
[2025-05-01T12:05:11.312+0000] {logging_mixin.py:188} INFO - [2025-05-01T12:05:11.312+0000] {dagbag.py:545} INFO - Filling up the DagBag from /home/airflow/.local/lib/python3.12/site-packages/airflow/example_dags/example_display_name.py
[2025-05-01T12:05:11.324+0000] {processor.py:840} INFO - DAG(s) 'example_display_name' retrieved from /home/airflow/.local/lib/python3.12/site-packages/airflow/example_dags/example_display_name.py
[2025-05-01T12:05:11.367+0000] {logging_mixin.py:188} INFO - [2025-05-01T12:05:11.366+0000] {dag.py:3096} INFO - Sync 1 DAGs
[2025-05-01T12:05:11.395+0000] {logging_mixin.py:188} INFO - [2025-05-01T12:05:11.395+0000] {dag.py:3954} INFO - Setting next_dagrun for example_display_name to None, run_after=None
[2025-05-01T12:05:11.445+0000] {processor.py:183} INFO - Processing /home/airflow/.local/lib/python3.12/site-packages/airflow/example_dags/example_display_name.py took 0.149 seconds
[2025-05-01T12:05:41.675+0000] {processor.py:161} INFO - Started process (PID=4024) to work on /home/airflow/.local/lib/python3.12/site-packages/airflow/example_dags/example_display_name.py
[2025-05-01T12:05:41.677+0000] {processor.py:830} INFO - Processing file /home/airflow/.local/lib/python3.12/site-packages/airflow/example_dags/example_display_name.py for tasks to queue
[2025-05-01T12:05:41.683+0000] {logging_mixin.py:188} INFO - [2025-05-01T12:05:41.682+0000] {dagbag.py:545} INFO - Filling up the DagBag from /home/airflow/.local/lib/python3.12/site-packages/airflow/example_dags/example_display_name.py
[2025-05-01T12:05:41.696+0000] {processor.py:840} INFO - DAG(s) 'example_display_name' retrieved from /home/airflow/.local/lib/python3.12/site-packages/airflow/example_dags/example_display_name.py
[2025-05-01T12:05:41.748+0000] {logging_mixin.py:188} INFO - [2025-05-01T12:05:41.747+0000] {dag.py:3096} INFO - Sync 1 DAGs
[2025-05-01T12:05:41.785+0000] {logging_mixin.py:188} INFO - [2025-05-01T12:05:41.785+0000] {dag.py:3954} INFO - Setting next_dagrun for example_display_name to None, run_after=None
[2025-05-01T12:05:41.841+0000] {processor.py:183} INFO - Processing /home/airflow/.local/lib/python3.12/site-packages/airflow/example_dags/example_display_name.py took 0.180 seconds
[2025-05-01T12:06:12.665+0000] {processor.py:161} INFO - Started process (PID=4081) to work on /home/airflow/.local/lib/python3.12/site-packages/airflow/example_dags/example_display_name.py
[2025-05-01T12:06:12.668+0000] {processor.py:830} INFO - Processing file /home/airflow/.local/lib/python3.12/site-packages/airflow/example_dags/example_display_name.py for tasks to queue
[2025-05-01T12:06:12.673+0000] {logging_mixin.py:188} INFO - [2025-05-01T12:06:12.672+0000] {dagbag.py:545} INFO - Filling up the DagBag from /home/airflow/.local/lib/python3.12/site-packages/airflow/example_dags/example_display_name.py
[2025-05-01T12:06:12.689+0000] {processor.py:840} INFO - DAG(s) 'example_display_name' retrieved from /home/airflow/.local/lib/python3.12/site-packages/airflow/example_dags/example_display_name.py
[2025-05-01T12:06:12.735+0000] {logging_mixin.py:188} INFO - [2025-05-01T12:06:12.735+0000] {dag.py:3096} INFO - Sync 1 DAGs
[2025-05-01T12:06:12.765+0000] {logging_mixin.py:188} INFO - [2025-05-01T12:06:12.765+0000] {dag.py:3954} INFO - Setting next_dagrun for example_display_name to None, run_after=None
[2025-05-01T12:06:12.812+0000] {processor.py:183} INFO - Processing /home/airflow/.local/lib/python3.12/site-packages/airflow/example_dags/example_display_name.py took 0.159 seconds
[2025-05-01T12:06:43.089+0000] {processor.py:161} INFO - Started process (PID=4141) to work on /home/airflow/.local/lib/python3.12/site-packages/airflow/example_dags/example_display_name.py
[2025-05-01T12:06:43.091+0000] {processor.py:830} INFO - Processing file /home/airflow/.local/lib/python3.12/site-packages/airflow/example_dags/example_display_name.py for tasks to queue
[2025-05-01T12:06:43.096+0000] {logging_mixin.py:188} INFO - [2025-05-01T12:06:43.095+0000] {dagbag.py:545} INFO - Filling up the DagBag from /home/airflow/.local/lib/python3.12/site-packages/airflow/example_dags/example_display_name.py
[2025-05-01T12:06:43.110+0000] {processor.py:840} INFO - DAG(s) 'example_display_name' retrieved from /home/airflow/.local/lib/python3.12/site-packages/airflow/example_dags/example_display_name.py
[2025-05-01T12:06:43.159+0000] {logging_mixin.py:188} INFO - [2025-05-01T12:06:43.158+0000] {dag.py:3096} INFO - Sync 1 DAGs
[2025-05-01T12:06:43.193+0000] {logging_mixin.py:188} INFO - [2025-05-01T12:06:43.192+0000] {dag.py:3954} INFO - Setting next_dagrun for example_display_name to None, run_after=None
[2025-05-01T12:06:43.281+0000] {processor.py:183} INFO - Processing /home/airflow/.local/lib/python3.12/site-packages/airflow/example_dags/example_display_name.py took 0.205 seconds
[2025-05-01T12:07:13.532+0000] {processor.py:161} INFO - Started process (PID=4200) to work on /home/airflow/.local/lib/python3.12/site-packages/airflow/example_dags/example_display_name.py
[2025-05-01T12:07:13.534+0000] {processor.py:830} INFO - Processing file /home/airflow/.local/lib/python3.12/site-packages/airflow/example_dags/example_display_name.py for tasks to queue
[2025-05-01T12:07:13.538+0000] {logging_mixin.py:188} INFO - [2025-05-01T12:07:13.537+0000] {dagbag.py:545} INFO - Filling up the DagBag from /home/airflow/.local/lib/python3.12/site-packages/airflow/example_dags/example_display_name.py
[2025-05-01T12:07:13.548+0000] {processor.py:840} INFO - DAG(s) 'example_display_name' retrieved from /home/airflow/.local/lib/python3.12/site-packages/airflow/example_dags/example_display_name.py
[2025-05-01T12:07:13.589+0000] {logging_mixin.py:188} INFO - [2025-05-01T12:07:13.588+0000] {dag.py:3096} INFO - Sync 1 DAGs
[2025-05-01T12:07:13.617+0000] {logging_mixin.py:188} INFO - [2025-05-01T12:07:13.616+0000] {dag.py:3954} INFO - Setting next_dagrun for example_display_name to None, run_after=None
[2025-05-01T12:07:13.704+0000] {processor.py:183} INFO - Processing /home/airflow/.local/lib/python3.12/site-packages/airflow/example_dags/example_display_name.py took 0.185 seconds
[2025-05-01T12:07:43.971+0000] {processor.py:161} INFO - Started process (PID=4259) to work on /home/airflow/.local/lib/python3.12/site-packages/airflow/example_dags/example_display_name.py
[2025-05-01T12:07:43.973+0000] {processor.py:830} INFO - Processing file /home/airflow/.local/lib/python3.12/site-packages/airflow/example_dags/example_display_name.py for tasks to queue
[2025-05-01T12:07:43.977+0000] {logging_mixin.py:188} INFO - [2025-05-01T12:07:43.977+0000] {dagbag.py:545} INFO - Filling up the DagBag from /home/airflow/.local/lib/python3.12/site-packages/airflow/example_dags/example_display_name.py
[2025-05-01T12:07:43.989+0000] {processor.py:840} INFO - DAG(s) 'example_display_name' retrieved from /home/airflow/.local/lib/python3.12/site-packages/airflow/example_dags/example_display_name.py
[2025-05-01T12:07:44.032+0000] {logging_mixin.py:188} INFO - [2025-05-01T12:07:44.032+0000] {dag.py:3096} INFO - Sync 1 DAGs
[2025-05-01T12:07:44.060+0000] {logging_mixin.py:188} INFO - [2025-05-01T12:07:44.059+0000] {dag.py:3954} INFO - Setting next_dagrun for example_display_name to None, run_after=None
[2025-05-01T12:07:44.106+0000] {processor.py:183} INFO - Processing /home/airflow/.local/lib/python3.12/site-packages/airflow/example_dags/example_display_name.py took 0.148 seconds
[2025-05-01T12:08:14.990+0000] {processor.py:161} INFO - Started process (PID=4318) to work on /home/airflow/.local/lib/python3.12/site-packages/airflow/example_dags/example_display_name.py
[2025-05-01T12:08:14.992+0000] {processor.py:830} INFO - Processing file /home/airflow/.local/lib/python3.12/site-packages/airflow/example_dags/example_display_name.py for tasks to queue
[2025-05-01T12:08:14.997+0000] {logging_mixin.py:188} INFO - [2025-05-01T12:08:14.996+0000] {dagbag.py:545} INFO - Filling up the DagBag from /home/airflow/.local/lib/python3.12/site-packages/airflow/example_dags/example_display_name.py
[2025-05-01T12:08:15.013+0000] {processor.py:840} INFO - DAG(s) 'example_display_name' retrieved from /home/airflow/.local/lib/python3.12/site-packages/airflow/example_dags/example_display_name.py
[2025-05-01T12:08:15.062+0000] {logging_mixin.py:188} INFO - [2025-05-01T12:08:15.061+0000] {dag.py:3096} INFO - Sync 1 DAGs
[2025-05-01T12:08:15.125+0000] {logging_mixin.py:188} INFO - [2025-05-01T12:08:15.124+0000] {dag.py:3954} INFO - Setting next_dagrun for example_display_name to None, run_after=None
[2025-05-01T12:08:15.233+0000] {processor.py:183} INFO - Processing /home/airflow/.local/lib/python3.12/site-packages/airflow/example_dags/example_display_name.py took 0.258 seconds
[2025-05-01T12:08:46.145+0000] {processor.py:161} INFO - Started process (PID=4377) to work on /home/airflow/.local/lib/python3.12/site-packages/airflow/example_dags/example_display_name.py
[2025-05-01T12:08:46.147+0000] {processor.py:830} INFO - Processing file /home/airflow/.local/lib/python3.12/site-packages/airflow/example_dags/example_display_name.py for tasks to queue
[2025-05-01T12:08:46.151+0000] {logging_mixin.py:188} INFO - [2025-05-01T12:08:46.150+0000] {dagbag.py:545} INFO - Filling up the DagBag from /home/airflow/.local/lib/python3.12/site-packages/airflow/example_dags/example_display_name.py
[2025-05-01T12:08:46.163+0000] {processor.py:840} INFO - DAG(s) 'example_display_name' retrieved from /home/airflow/.local/lib/python3.12/site-packages/airflow/example_dags/example_display_name.py
[2025-05-01T12:08:46.208+0000] {logging_mixin.py:188} INFO - [2025-05-01T12:08:46.207+0000] {dag.py:3096} INFO - Sync 1 DAGs
[2025-05-01T12:08:46.236+0000] {logging_mixin.py:188} INFO - [2025-05-01T12:08:46.236+0000] {dag.py:3954} INFO - Setting next_dagrun for example_display_name to None, run_after=None
[2025-05-01T12:08:46.321+0000] {processor.py:183} INFO - Processing /home/airflow/.local/lib/python3.12/site-packages/airflow/example_dags/example_display_name.py took 0.187 seconds
[2025-05-01T12:09:16.727+0000] {processor.py:161} INFO - Started process (PID=4437) to work on /home/airflow/.local/lib/python3.12/site-packages/airflow/example_dags/example_display_name.py
[2025-05-01T12:09:16.729+0000] {processor.py:830} INFO - Processing file /home/airflow/.local/lib/python3.12/site-packages/airflow/example_dags/example_display_name.py for tasks to queue
[2025-05-01T12:09:16.733+0000] {logging_mixin.py:188} INFO - [2025-05-01T12:09:16.733+0000] {dagbag.py:545} INFO - Filling up the DagBag from /home/airflow/.local/lib/python3.12/site-packages/airflow/example_dags/example_display_name.py
[2025-05-01T12:09:16.745+0000] {processor.py:840} INFO - DAG(s) 'example_display_name' retrieved from /home/airflow/.local/lib/python3.12/site-packages/airflow/example_dags/example_display_name.py
[2025-05-01T12:09:16.788+0000] {logging_mixin.py:188} INFO - [2025-05-01T12:09:16.787+0000] {dag.py:3096} INFO - Sync 1 DAGs
[2025-05-01T12:09:16.817+0000] {logging_mixin.py:188} INFO - [2025-05-01T12:09:16.816+0000] {dag.py:3954} INFO - Setting next_dagrun for example_display_name to None, run_after=None
[2025-05-01T12:09:16.906+0000] {processor.py:183} INFO - Processing /home/airflow/.local/lib/python3.12/site-packages/airflow/example_dags/example_display_name.py took 0.192 seconds
[2025-05-01T12:09:47.723+0000] {processor.py:161} INFO - Started process (PID=4496) to work on /home/airflow/.local/lib/python3.12/site-packages/airflow/example_dags/example_display_name.py
[2025-05-01T12:09:47.726+0000] {processor.py:830} INFO - Processing file /home/airflow/.local/lib/python3.12/site-packages/airflow/example_dags/example_display_name.py for tasks to queue
[2025-05-01T12:09:47.731+0000] {logging_mixin.py:188} INFO - [2025-05-01T12:09:47.730+0000] {dagbag.py:545} INFO - Filling up the DagBag from /home/airflow/.local/lib/python3.12/site-packages/airflow/example_dags/example_display_name.py
[2025-05-01T12:09:47.746+0000] {processor.py:840} INFO - DAG(s) 'example_display_name' retrieved from /home/airflow/.local/lib/python3.12/site-packages/airflow/example_dags/example_display_name.py
[2025-05-01T12:09:47.801+0000] {logging_mixin.py:188} INFO - [2025-05-01T12:09:47.800+0000] {dag.py:3096} INFO - Sync 1 DAGs
[2025-05-01T12:09:47.841+0000] {logging_mixin.py:188} INFO - [2025-05-01T12:09:47.841+0000] {dag.py:3954} INFO - Setting next_dagrun for example_display_name to None, run_after=None
[2025-05-01T12:09:47.938+0000] {processor.py:183} INFO - Processing /home/airflow/.local/lib/python3.12/site-packages/airflow/example_dags/example_display_name.py took 0.229 seconds
