[2025-05-01T10:49:53.222+0000] {processor.py:161} INFO - Started process (PID=93) to work on /home/airflow/.local/lib/python3.12/site-packages/airflow/example_dags/example_params_trigger_ui.py
[2025-05-01T10:49:53.224+0000] {processor.py:830} INFO - Processing file /home/airflow/.local/lib/python3.12/site-packages/airflow/example_dags/example_params_trigger_ui.py for tasks to queue
[2025-05-01T10:49:53.227+0000] {logging_mixin.py:188} INFO - [2025-05-01T10:49:53.227+0000] {dagbag.py:545} INFO - Filling up the DagBag from /home/airflow/.local/lib/python3.12/site-packages/airflow/example_dags/example_params_trigger_ui.py
[2025-05-01T10:49:53.252+0000] {processor.py:840} INFO - DAG(s) 'example_params_trigger_ui' retrieved from /home/airflow/.local/lib/python3.12/site-packages/airflow/example_dags/example_params_trigger_ui.py
[2025-05-01T10:49:53.456+0000] {logging_mixin.py:188} INFO - [2025-05-01T10:49:53.456+0000] {dag.py:3096} INFO - Sync 1 DAGs
[2025-05-01T10:49:53.473+0000] {logging_mixin.py:188} INFO - [2025-05-01T10:49:53.473+0000] {dag.py:3954} INFO - Setting next_dagrun for example_params_trigger_ui to None, run_after=None
[2025-05-01T10:49:53.504+0000] {processor.py:183} INFO - Processing /home/airflow/.local/lib/python3.12/site-packages/airflow/example_dags/example_params_trigger_ui.py took 0.290 seconds
[2025-05-01T10:50:23.778+0000] {processor.py:161} INFO - Started process (PID=151) to work on /home/airflow/.local/lib/python3.12/site-packages/airflow/example_dags/example_params_trigger_ui.py
[2025-05-01T10:50:23.779+0000] {processor.py:830} INFO - Processing file /home/airflow/.local/lib/python3.12/site-packages/airflow/example_dags/example_params_trigger_ui.py for tasks to queue
[2025-05-01T10:50:23.781+0000] {logging_mixin.py:188} INFO - [2025-05-01T10:50:23.781+0000] {dagbag.py:545} INFO - Filling up the DagBag from /home/airflow/.local/lib/python3.12/site-packages/airflow/example_dags/example_params_trigger_ui.py
[2025-05-01T10:50:23.797+0000] {processor.py:840} INFO - DAG(s) 'example_params_trigger_ui' retrieved from /home/airflow/.local/lib/python3.12/site-packages/airflow/example_dags/example_params_trigger_ui.py
[2025-05-01T10:50:23.845+0000] {logging_mixin.py:188} INFO - [2025-05-01T10:50:23.844+0000] {dag.py:3096} INFO - Sync 1 DAGs
[2025-05-01T10:50:23.858+0000] {logging_mixin.py:188} INFO - [2025-05-01T10:50:23.857+0000] {dag.py:3954} INFO - Setting next_dagrun for example_params_trigger_ui to None, run_after=None
[2025-05-01T10:50:23.881+0000] {processor.py:183} INFO - Processing /home/airflow/.local/lib/python3.12/site-packages/airflow/example_dags/example_params_trigger_ui.py took 0.109 seconds
[2025-05-01T10:51:52.430+0000] {processor.py:161} INFO - Started process (PID=99) to work on /home/airflow/.local/lib/python3.12/site-packages/airflow/example_dags/example_params_trigger_ui.py
[2025-05-01T10:51:52.432+0000] {processor.py:830} INFO - Processing file /home/airflow/.local/lib/python3.12/site-packages/airflow/example_dags/example_params_trigger_ui.py for tasks to queue
[2025-05-01T10:51:52.434+0000] {logging_mixin.py:188} INFO - [2025-05-01T10:51:52.434+0000] {dagbag.py:545} INFO - Filling up the DagBag from /home/airflow/.local/lib/python3.12/site-packages/airflow/example_dags/example_params_trigger_ui.py
[2025-05-01T10:51:52.451+0000] {processor.py:840} INFO - DAG(s) 'example_params_trigger_ui' retrieved from /home/airflow/.local/lib/python3.12/site-packages/airflow/example_dags/example_params_trigger_ui.py
[2025-05-01T10:51:52.639+0000] {logging_mixin.py:188} INFO - [2025-05-01T10:51:52.638+0000] {dag.py:3096} INFO - Sync 1 DAGs
[2025-05-01T10:51:52.655+0000] {logging_mixin.py:188} INFO - [2025-05-01T10:51:52.654+0000] {dag.py:3954} INFO - Setting next_dagrun for example_params_trigger_ui to None, run_after=None
[2025-05-01T10:51:52.688+0000] {processor.py:183} INFO - Processing /home/airflow/.local/lib/python3.12/site-packages/airflow/example_dags/example_params_trigger_ui.py took 0.264 seconds
[2025-05-01T10:52:23.455+0000] {processor.py:161} INFO - Started process (PID=157) to work on /home/airflow/.local/lib/python3.12/site-packages/airflow/example_dags/example_params_trigger_ui.py
[2025-05-01T10:52:23.457+0000] {processor.py:830} INFO - Processing file /home/airflow/.local/lib/python3.12/site-packages/airflow/example_dags/example_params_trigger_ui.py for tasks to queue
[2025-05-01T10:52:23.460+0000] {logging_mixin.py:188} INFO - [2025-05-01T10:52:23.460+0000] {dagbag.py:545} INFO - Filling up the DagBag from /home/airflow/.local/lib/python3.12/site-packages/airflow/example_dags/example_params_trigger_ui.py
[2025-05-01T10:52:23.480+0000] {processor.py:840} INFO - DAG(s) 'example_params_trigger_ui' retrieved from /home/airflow/.local/lib/python3.12/site-packages/airflow/example_dags/example_params_trigger_ui.py
[2025-05-01T10:52:23.569+0000] {logging_mixin.py:188} INFO - [2025-05-01T10:52:23.569+0000] {dag.py:3096} INFO - Sync 1 DAGs
[2025-05-01T10:52:23.593+0000] {logging_mixin.py:188} INFO - [2025-05-01T10:52:23.592+0000] {dag.py:3954} INFO - Setting next_dagrun for example_params_trigger_ui to None, run_after=None
[2025-05-01T10:52:23.640+0000] {processor.py:183} INFO - Processing /home/airflow/.local/lib/python3.12/site-packages/airflow/example_dags/example_params_trigger_ui.py took 0.194 seconds
[2025-05-01T10:52:53.693+0000] {processor.py:161} INFO - Started process (PID=215) to work on /home/airflow/.local/lib/python3.12/site-packages/airflow/example_dags/example_params_trigger_ui.py
[2025-05-01T10:52:53.694+0000] {processor.py:830} INFO - Processing file /home/airflow/.local/lib/python3.12/site-packages/airflow/example_dags/example_params_trigger_ui.py for tasks to queue
[2025-05-01T10:52:53.697+0000] {logging_mixin.py:188} INFO - [2025-05-01T10:52:53.696+0000] {dagbag.py:545} INFO - Filling up the DagBag from /home/airflow/.local/lib/python3.12/site-packages/airflow/example_dags/example_params_trigger_ui.py
[2025-05-01T10:52:53.712+0000] {processor.py:840} INFO - DAG(s) 'example_params_trigger_ui' retrieved from /home/airflow/.local/lib/python3.12/site-packages/airflow/example_dags/example_params_trigger_ui.py
[2025-05-01T10:52:53.765+0000] {logging_mixin.py:188} INFO - [2025-05-01T10:52:53.765+0000] {dag.py:3096} INFO - Sync 1 DAGs
[2025-05-01T10:52:53.779+0000] {logging_mixin.py:188} INFO - [2025-05-01T10:52:53.779+0000] {dag.py:3954} INFO - Setting next_dagrun for example_params_trigger_ui to None, run_after=None
[2025-05-01T10:52:53.805+0000] {processor.py:183} INFO - Processing /home/airflow/.local/lib/python3.12/site-packages/airflow/example_dags/example_params_trigger_ui.py took 0.119 seconds
[2025-05-01T10:53:23.914+0000] {processor.py:161} INFO - Started process (PID=273) to work on /home/airflow/.local/lib/python3.12/site-packages/airflow/example_dags/example_params_trigger_ui.py
[2025-05-01T10:53:23.916+0000] {processor.py:830} INFO - Processing file /home/airflow/.local/lib/python3.12/site-packages/airflow/example_dags/example_params_trigger_ui.py for tasks to queue
[2025-05-01T10:53:23.918+0000] {logging_mixin.py:188} INFO - [2025-05-01T10:53:23.918+0000] {dagbag.py:545} INFO - Filling up the DagBag from /home/airflow/.local/lib/python3.12/site-packages/airflow/example_dags/example_params_trigger_ui.py
[2025-05-01T10:53:23.934+0000] {processor.py:840} INFO - DAG(s) 'example_params_trigger_ui' retrieved from /home/airflow/.local/lib/python3.12/site-packages/airflow/example_dags/example_params_trigger_ui.py
[2025-05-01T10:53:23.985+0000] {logging_mixin.py:188} INFO - [2025-05-01T10:53:23.984+0000] {dag.py:3096} INFO - Sync 1 DAGs
[2025-05-01T10:53:24.000+0000] {logging_mixin.py:188} INFO - [2025-05-01T10:53:24.000+0000] {dag.py:3954} INFO - Setting next_dagrun for example_params_trigger_ui to None, run_after=None
[2025-05-01T10:53:24.029+0000] {processor.py:183} INFO - Processing /home/airflow/.local/lib/python3.12/site-packages/airflow/example_dags/example_params_trigger_ui.py took 0.120 seconds
[2025-05-01T10:53:54.387+0000] {processor.py:161} INFO - Started process (PID=331) to work on /home/airflow/.local/lib/python3.12/site-packages/airflow/example_dags/example_params_trigger_ui.py
[2025-05-01T10:53:54.389+0000] {processor.py:830} INFO - Processing file /home/airflow/.local/lib/python3.12/site-packages/airflow/example_dags/example_params_trigger_ui.py for tasks to queue
[2025-05-01T10:53:54.392+0000] {logging_mixin.py:188} INFO - [2025-05-01T10:53:54.391+0000] {dagbag.py:545} INFO - Filling up the DagBag from /home/airflow/.local/lib/python3.12/site-packages/airflow/example_dags/example_params_trigger_ui.py
[2025-05-01T10:53:54.404+0000] {processor.py:840} INFO - DAG(s) 'example_params_trigger_ui' retrieved from /home/airflow/.local/lib/python3.12/site-packages/airflow/example_dags/example_params_trigger_ui.py
[2025-05-01T10:53:54.460+0000] {logging_mixin.py:188} INFO - [2025-05-01T10:53:54.460+0000] {dag.py:3096} INFO - Sync 1 DAGs
[2025-05-01T10:53:54.488+0000] {logging_mixin.py:188} INFO - [2025-05-01T10:53:54.488+0000] {dag.py:3954} INFO - Setting next_dagrun for example_params_trigger_ui to None, run_after=None
[2025-05-01T10:53:54.527+0000] {processor.py:183} INFO - Processing /home/airflow/.local/lib/python3.12/site-packages/airflow/example_dags/example_params_trigger_ui.py took 0.145 seconds
[2025-05-01T10:54:24.823+0000] {processor.py:161} INFO - Started process (PID=389) to work on /home/airflow/.local/lib/python3.12/site-packages/airflow/example_dags/example_params_trigger_ui.py
[2025-05-01T10:54:24.824+0000] {processor.py:830} INFO - Processing file /home/airflow/.local/lib/python3.12/site-packages/airflow/example_dags/example_params_trigger_ui.py for tasks to queue
[2025-05-01T10:54:24.826+0000] {logging_mixin.py:188} INFO - [2025-05-01T10:54:24.826+0000] {dagbag.py:545} INFO - Filling up the DagBag from /home/airflow/.local/lib/python3.12/site-packages/airflow/example_dags/example_params_trigger_ui.py
[2025-05-01T10:54:24.841+0000] {processor.py:840} INFO - DAG(s) 'example_params_trigger_ui' retrieved from /home/airflow/.local/lib/python3.12/site-packages/airflow/example_dags/example_params_trigger_ui.py
[2025-05-01T10:54:24.894+0000] {logging_mixin.py:188} INFO - [2025-05-01T10:54:24.893+0000] {dag.py:3096} INFO - Sync 1 DAGs
[2025-05-01T10:54:24.908+0000] {logging_mixin.py:188} INFO - [2025-05-01T10:54:24.908+0000] {dag.py:3954} INFO - Setting next_dagrun for example_params_trigger_ui to None, run_after=None
[2025-05-01T10:54:24.933+0000] {processor.py:183} INFO - Processing /home/airflow/.local/lib/python3.12/site-packages/airflow/example_dags/example_params_trigger_ui.py took 0.117 seconds
[2025-05-01T10:54:55.179+0000] {processor.py:161} INFO - Started process (PID=447) to work on /home/airflow/.local/lib/python3.12/site-packages/airflow/example_dags/example_params_trigger_ui.py
[2025-05-01T10:54:55.181+0000] {processor.py:830} INFO - Processing file /home/airflow/.local/lib/python3.12/site-packages/airflow/example_dags/example_params_trigger_ui.py for tasks to queue
[2025-05-01T10:54:55.184+0000] {logging_mixin.py:188} INFO - [2025-05-01T10:54:55.184+0000] {dagbag.py:545} INFO - Filling up the DagBag from /home/airflow/.local/lib/python3.12/site-packages/airflow/example_dags/example_params_trigger_ui.py
[2025-05-01T10:54:55.198+0000] {processor.py:840} INFO - DAG(s) 'example_params_trigger_ui' retrieved from /home/airflow/.local/lib/python3.12/site-packages/airflow/example_dags/example_params_trigger_ui.py
[2025-05-01T10:54:55.248+0000] {logging_mixin.py:188} INFO - [2025-05-01T10:54:55.247+0000] {dag.py:3096} INFO - Sync 1 DAGs
[2025-05-01T10:54:55.263+0000] {logging_mixin.py:188} INFO - [2025-05-01T10:54:55.262+0000] {dag.py:3954} INFO - Setting next_dagrun for example_params_trigger_ui to None, run_after=None
[2025-05-01T10:54:55.286+0000] {processor.py:183} INFO - Processing /home/airflow/.local/lib/python3.12/site-packages/airflow/example_dags/example_params_trigger_ui.py took 0.112 seconds
[2025-05-01T10:55:25.590+0000] {processor.py:161} INFO - Started process (PID=505) to work on /home/airflow/.local/lib/python3.12/site-packages/airflow/example_dags/example_params_trigger_ui.py
[2025-05-01T10:55:25.592+0000] {processor.py:830} INFO - Processing file /home/airflow/.local/lib/python3.12/site-packages/airflow/example_dags/example_params_trigger_ui.py for tasks to queue
[2025-05-01T10:55:25.594+0000] {logging_mixin.py:188} INFO - [2025-05-01T10:55:25.594+0000] {dagbag.py:545} INFO - Filling up the DagBag from /home/airflow/.local/lib/python3.12/site-packages/airflow/example_dags/example_params_trigger_ui.py
[2025-05-01T10:55:25.607+0000] {processor.py:840} INFO - DAG(s) 'example_params_trigger_ui' retrieved from /home/airflow/.local/lib/python3.12/site-packages/airflow/example_dags/example_params_trigger_ui.py
[2025-05-01T10:55:25.658+0000] {logging_mixin.py:188} INFO - [2025-05-01T10:55:25.657+0000] {dag.py:3096} INFO - Sync 1 DAGs
[2025-05-01T10:55:25.671+0000] {logging_mixin.py:188} INFO - [2025-05-01T10:55:25.671+0000] {dag.py:3954} INFO - Setting next_dagrun for example_params_trigger_ui to None, run_after=None
[2025-05-01T10:55:25.694+0000] {processor.py:183} INFO - Processing /home/airflow/.local/lib/python3.12/site-packages/airflow/example_dags/example_params_trigger_ui.py took 0.109 seconds
[2025-05-01T10:55:55.925+0000] {processor.py:161} INFO - Started process (PID=563) to work on /home/airflow/.local/lib/python3.12/site-packages/airflow/example_dags/example_params_trigger_ui.py
[2025-05-01T10:55:55.927+0000] {processor.py:830} INFO - Processing file /home/airflow/.local/lib/python3.12/site-packages/airflow/example_dags/example_params_trigger_ui.py for tasks to queue
[2025-05-01T10:55:55.930+0000] {logging_mixin.py:188} INFO - [2025-05-01T10:55:55.930+0000] {dagbag.py:545} INFO - Filling up the DagBag from /home/airflow/.local/lib/python3.12/site-packages/airflow/example_dags/example_params_trigger_ui.py
[2025-05-01T10:55:55.962+0000] {processor.py:840} INFO - DAG(s) 'example_params_trigger_ui' retrieved from /home/airflow/.local/lib/python3.12/site-packages/airflow/example_dags/example_params_trigger_ui.py
[2025-05-01T10:55:56.027+0000] {logging_mixin.py:188} INFO - [2025-05-01T10:55:56.027+0000] {dag.py:3096} INFO - Sync 1 DAGs
[2025-05-01T10:55:56.043+0000] {logging_mixin.py:188} INFO - [2025-05-01T10:55:56.043+0000] {dag.py:3954} INFO - Setting next_dagrun for example_params_trigger_ui to None, run_after=None
[2025-05-01T10:55:56.071+0000] {processor.py:183} INFO - Processing /home/airflow/.local/lib/python3.12/site-packages/airflow/example_dags/example_params_trigger_ui.py took 0.155 seconds
[2025-05-01T10:56:26.613+0000] {processor.py:161} INFO - Started process (PID=621) to work on /home/airflow/.local/lib/python3.12/site-packages/airflow/example_dags/example_params_trigger_ui.py
[2025-05-01T10:56:26.615+0000] {processor.py:830} INFO - Processing file /home/airflow/.local/lib/python3.12/site-packages/airflow/example_dags/example_params_trigger_ui.py for tasks to queue
[2025-05-01T10:56:26.617+0000] {logging_mixin.py:188} INFO - [2025-05-01T10:56:26.616+0000] {dagbag.py:545} INFO - Filling up the DagBag from /home/airflow/.local/lib/python3.12/site-packages/airflow/example_dags/example_params_trigger_ui.py
[2025-05-01T10:56:26.631+0000] {processor.py:840} INFO - DAG(s) 'example_params_trigger_ui' retrieved from /home/airflow/.local/lib/python3.12/site-packages/airflow/example_dags/example_params_trigger_ui.py
[2025-05-01T10:56:26.680+0000] {logging_mixin.py:188} INFO - [2025-05-01T10:56:26.680+0000] {dag.py:3096} INFO - Sync 1 DAGs
[2025-05-01T10:56:26.693+0000] {logging_mixin.py:188} INFO - [2025-05-01T10:56:26.693+0000] {dag.py:3954} INFO - Setting next_dagrun for example_params_trigger_ui to None, run_after=None
[2025-05-01T10:56:26.718+0000] {processor.py:183} INFO - Processing /home/airflow/.local/lib/python3.12/site-packages/airflow/example_dags/example_params_trigger_ui.py took 0.111 seconds
[2025-05-01T10:56:57.306+0000] {processor.py:161} INFO - Started process (PID=680) to work on /home/airflow/.local/lib/python3.12/site-packages/airflow/example_dags/example_params_trigger_ui.py
[2025-05-01T10:56:57.307+0000] {processor.py:830} INFO - Processing file /home/airflow/.local/lib/python3.12/site-packages/airflow/example_dags/example_params_trigger_ui.py for tasks to queue
[2025-05-01T10:56:57.309+0000] {logging_mixin.py:188} INFO - [2025-05-01T10:56:57.309+0000] {dagbag.py:545} INFO - Filling up the DagBag from /home/airflow/.local/lib/python3.12/site-packages/airflow/example_dags/example_params_trigger_ui.py
[2025-05-01T10:56:57.323+0000] {processor.py:840} INFO - DAG(s) 'example_params_trigger_ui' retrieved from /home/airflow/.local/lib/python3.12/site-packages/airflow/example_dags/example_params_trigger_ui.py
[2025-05-01T10:56:57.371+0000] {logging_mixin.py:188} INFO - [2025-05-01T10:56:57.371+0000] {dag.py:3096} INFO - Sync 1 DAGs
[2025-05-01T10:56:57.385+0000] {logging_mixin.py:188} INFO - [2025-05-01T10:56:57.385+0000] {dag.py:3954} INFO - Setting next_dagrun for example_params_trigger_ui to None, run_after=None
[2025-05-01T10:56:57.412+0000] {processor.py:183} INFO - Processing /home/airflow/.local/lib/python3.12/site-packages/airflow/example_dags/example_params_trigger_ui.py took 0.113 seconds
[2025-05-01T10:57:27.752+0000] {processor.py:161} INFO - Started process (PID=741) to work on /home/airflow/.local/lib/python3.12/site-packages/airflow/example_dags/example_params_trigger_ui.py
[2025-05-01T10:57:27.753+0000] {processor.py:830} INFO - Processing file /home/airflow/.local/lib/python3.12/site-packages/airflow/example_dags/example_params_trigger_ui.py for tasks to queue
[2025-05-01T10:57:27.755+0000] {logging_mixin.py:188} INFO - [2025-05-01T10:57:27.755+0000] {dagbag.py:545} INFO - Filling up the DagBag from /home/airflow/.local/lib/python3.12/site-packages/airflow/example_dags/example_params_trigger_ui.py
[2025-05-01T10:57:27.769+0000] {processor.py:840} INFO - DAG(s) 'example_params_trigger_ui' retrieved from /home/airflow/.local/lib/python3.12/site-packages/airflow/example_dags/example_params_trigger_ui.py
[2025-05-01T10:57:27.816+0000] {logging_mixin.py:188} INFO - [2025-05-01T10:57:27.816+0000] {dag.py:3096} INFO - Sync 1 DAGs
[2025-05-01T10:57:27.831+0000] {logging_mixin.py:188} INFO - [2025-05-01T10:57:27.830+0000] {dag.py:3954} INFO - Setting next_dagrun for example_params_trigger_ui to None, run_after=None
[2025-05-01T10:57:27.858+0000] {processor.py:183} INFO - Processing /home/airflow/.local/lib/python3.12/site-packages/airflow/example_dags/example_params_trigger_ui.py took 0.111 seconds
[2025-05-01T10:57:58.269+0000] {processor.py:161} INFO - Started process (PID=800) to work on /home/airflow/.local/lib/python3.12/site-packages/airflow/example_dags/example_params_trigger_ui.py
[2025-05-01T10:57:58.270+0000] {processor.py:830} INFO - Processing file /home/airflow/.local/lib/python3.12/site-packages/airflow/example_dags/example_params_trigger_ui.py for tasks to queue
[2025-05-01T10:57:58.273+0000] {logging_mixin.py:188} INFO - [2025-05-01T10:57:58.272+0000] {dagbag.py:545} INFO - Filling up the DagBag from /home/airflow/.local/lib/python3.12/site-packages/airflow/example_dags/example_params_trigger_ui.py
[2025-05-01T10:57:58.287+0000] {processor.py:840} INFO - DAG(s) 'example_params_trigger_ui' retrieved from /home/airflow/.local/lib/python3.12/site-packages/airflow/example_dags/example_params_trigger_ui.py
[2025-05-01T10:57:58.338+0000] {logging_mixin.py:188} INFO - [2025-05-01T10:57:58.338+0000] {dag.py:3096} INFO - Sync 1 DAGs
[2025-05-01T10:57:58.352+0000] {logging_mixin.py:188} INFO - [2025-05-01T10:57:58.351+0000] {dag.py:3954} INFO - Setting next_dagrun for example_params_trigger_ui to None, run_after=None
[2025-05-01T10:57:58.374+0000] {processor.py:183} INFO - Processing /home/airflow/.local/lib/python3.12/site-packages/airflow/example_dags/example_params_trigger_ui.py took 0.112 seconds
[2025-05-01T10:58:28.921+0000] {processor.py:161} INFO - Started process (PID=859) to work on /home/airflow/.local/lib/python3.12/site-packages/airflow/example_dags/example_params_trigger_ui.py
[2025-05-01T10:58:28.922+0000] {processor.py:830} INFO - Processing file /home/airflow/.local/lib/python3.12/site-packages/airflow/example_dags/example_params_trigger_ui.py for tasks to queue
[2025-05-01T10:58:28.924+0000] {logging_mixin.py:188} INFO - [2025-05-01T10:58:28.924+0000] {dagbag.py:545} INFO - Filling up the DagBag from /home/airflow/.local/lib/python3.12/site-packages/airflow/example_dags/example_params_trigger_ui.py
[2025-05-01T10:58:28.938+0000] {processor.py:840} INFO - DAG(s) 'example_params_trigger_ui' retrieved from /home/airflow/.local/lib/python3.12/site-packages/airflow/example_dags/example_params_trigger_ui.py
[2025-05-01T10:58:28.994+0000] {logging_mixin.py:188} INFO - [2025-05-01T10:58:28.994+0000] {dag.py:3096} INFO - Sync 1 DAGs
[2025-05-01T10:58:29.012+0000] {logging_mixin.py:188} INFO - [2025-05-01T10:58:29.011+0000] {dag.py:3954} INFO - Setting next_dagrun for example_params_trigger_ui to None, run_after=None
[2025-05-01T10:58:29.035+0000] {processor.py:183} INFO - Processing /home/airflow/.local/lib/python3.12/site-packages/airflow/example_dags/example_params_trigger_ui.py took 0.119 seconds
[2025-05-01T10:58:59.367+0000] {processor.py:161} INFO - Started process (PID=918) to work on /home/airflow/.local/lib/python3.12/site-packages/airflow/example_dags/example_params_trigger_ui.py
[2025-05-01T10:58:59.368+0000] {processor.py:830} INFO - Processing file /home/airflow/.local/lib/python3.12/site-packages/airflow/example_dags/example_params_trigger_ui.py for tasks to queue
[2025-05-01T10:58:59.371+0000] {logging_mixin.py:188} INFO - [2025-05-01T10:58:59.371+0000] {dagbag.py:545} INFO - Filling up the DagBag from /home/airflow/.local/lib/python3.12/site-packages/airflow/example_dags/example_params_trigger_ui.py
[2025-05-01T10:58:59.384+0000] {processor.py:840} INFO - DAG(s) 'example_params_trigger_ui' retrieved from /home/airflow/.local/lib/python3.12/site-packages/airflow/example_dags/example_params_trigger_ui.py
[2025-05-01T10:58:59.432+0000] {logging_mixin.py:188} INFO - [2025-05-01T10:58:59.431+0000] {dag.py:3096} INFO - Sync 1 DAGs
[2025-05-01T10:58:59.445+0000] {logging_mixin.py:188} INFO - [2025-05-01T10:58:59.445+0000] {dag.py:3954} INFO - Setting next_dagrun for example_params_trigger_ui to None, run_after=None
[2025-05-01T10:58:59.467+0000] {processor.py:183} INFO - Processing /home/airflow/.local/lib/python3.12/site-packages/airflow/example_dags/example_params_trigger_ui.py took 0.105 seconds
[2025-05-01T10:59:29.581+0000] {processor.py:161} INFO - Started process (PID=977) to work on /home/airflow/.local/lib/python3.12/site-packages/airflow/example_dags/example_params_trigger_ui.py
[2025-05-01T10:59:29.582+0000] {processor.py:830} INFO - Processing file /home/airflow/.local/lib/python3.12/site-packages/airflow/example_dags/example_params_trigger_ui.py for tasks to queue
[2025-05-01T10:59:29.585+0000] {logging_mixin.py:188} INFO - [2025-05-01T10:59:29.584+0000] {dagbag.py:545} INFO - Filling up the DagBag from /home/airflow/.local/lib/python3.12/site-packages/airflow/example_dags/example_params_trigger_ui.py
[2025-05-01T10:59:29.598+0000] {processor.py:840} INFO - DAG(s) 'example_params_trigger_ui' retrieved from /home/airflow/.local/lib/python3.12/site-packages/airflow/example_dags/example_params_trigger_ui.py
[2025-05-01T10:59:29.648+0000] {logging_mixin.py:188} INFO - [2025-05-01T10:59:29.648+0000] {dag.py:3096} INFO - Sync 1 DAGs
[2025-05-01T10:59:29.663+0000] {logging_mixin.py:188} INFO - [2025-05-01T10:59:29.663+0000] {dag.py:3954} INFO - Setting next_dagrun for example_params_trigger_ui to None, run_after=None
[2025-05-01T10:59:29.689+0000] {processor.py:183} INFO - Processing /home/airflow/.local/lib/python3.12/site-packages/airflow/example_dags/example_params_trigger_ui.py took 0.113 seconds
[2025-05-01T11:00:00.621+0000] {processor.py:161} INFO - Started process (PID=1036) to work on /home/airflow/.local/lib/python3.12/site-packages/airflow/example_dags/example_params_trigger_ui.py
[2025-05-01T11:00:00.624+0000] {processor.py:830} INFO - Processing file /home/airflow/.local/lib/python3.12/site-packages/airflow/example_dags/example_params_trigger_ui.py for tasks to queue
[2025-05-01T11:00:00.629+0000] {logging_mixin.py:188} INFO - [2025-05-01T11:00:00.628+0000] {dagbag.py:545} INFO - Filling up the DagBag from /home/airflow/.local/lib/python3.12/site-packages/airflow/example_dags/example_params_trigger_ui.py
[2025-05-01T11:00:00.665+0000] {processor.py:840} INFO - DAG(s) 'example_params_trigger_ui' retrieved from /home/airflow/.local/lib/python3.12/site-packages/airflow/example_dags/example_params_trigger_ui.py
[2025-05-01T11:00:00.797+0000] {logging_mixin.py:188} INFO - [2025-05-01T11:00:00.797+0000] {dag.py:3096} INFO - Sync 1 DAGs
[2025-05-01T11:00:00.833+0000] {logging_mixin.py:188} INFO - [2025-05-01T11:00:00.832+0000] {dag.py:3954} INFO - Setting next_dagrun for example_params_trigger_ui to None, run_after=None
[2025-05-01T11:00:00.893+0000] {processor.py:183} INFO - Processing /home/airflow/.local/lib/python3.12/site-packages/airflow/example_dags/example_params_trigger_ui.py took 0.286 seconds
[2025-05-01T11:00:31.361+0000] {processor.py:161} INFO - Started process (PID=1095) to work on /home/airflow/.local/lib/python3.12/site-packages/airflow/example_dags/example_params_trigger_ui.py
[2025-05-01T11:00:31.363+0000] {processor.py:830} INFO - Processing file /home/airflow/.local/lib/python3.12/site-packages/airflow/example_dags/example_params_trigger_ui.py for tasks to queue
[2025-05-01T11:00:31.367+0000] {logging_mixin.py:188} INFO - [2025-05-01T11:00:31.366+0000] {dagbag.py:545} INFO - Filling up the DagBag from /home/airflow/.local/lib/python3.12/site-packages/airflow/example_dags/example_params_trigger_ui.py
[2025-05-01T11:00:31.394+0000] {processor.py:840} INFO - DAG(s) 'example_params_trigger_ui' retrieved from /home/airflow/.local/lib/python3.12/site-packages/airflow/example_dags/example_params_trigger_ui.py
[2025-05-01T11:00:31.496+0000] {logging_mixin.py:188} INFO - [2025-05-01T11:00:31.495+0000] {dag.py:3096} INFO - Sync 1 DAGs
[2025-05-01T11:00:31.530+0000] {logging_mixin.py:188} INFO - [2025-05-01T11:00:31.529+0000] {dag.py:3954} INFO - Setting next_dagrun for example_params_trigger_ui to None, run_after=None
[2025-05-01T11:00:31.629+0000] {processor.py:183} INFO - Processing /home/airflow/.local/lib/python3.12/site-packages/airflow/example_dags/example_params_trigger_ui.py took 0.280 seconds
[2025-05-01T11:01:01.921+0000] {processor.py:161} INFO - Started process (PID=1155) to work on /home/airflow/.local/lib/python3.12/site-packages/airflow/example_dags/example_params_trigger_ui.py
[2025-05-01T11:01:01.924+0000] {processor.py:830} INFO - Processing file /home/airflow/.local/lib/python3.12/site-packages/airflow/example_dags/example_params_trigger_ui.py for tasks to queue
[2025-05-01T11:01:01.929+0000] {logging_mixin.py:188} INFO - [2025-05-01T11:01:01.928+0000] {dagbag.py:545} INFO - Filling up the DagBag from /home/airflow/.local/lib/python3.12/site-packages/airflow/example_dags/example_params_trigger_ui.py
[2025-05-01T11:01:01.964+0000] {processor.py:840} INFO - DAG(s) 'example_params_trigger_ui' retrieved from /home/airflow/.local/lib/python3.12/site-packages/airflow/example_dags/example_params_trigger_ui.py
[2025-05-01T11:01:02.094+0000] {logging_mixin.py:188} INFO - [2025-05-01T11:01:02.092+0000] {dag.py:3096} INFO - Sync 1 DAGs
[2025-05-01T11:01:02.134+0000] {logging_mixin.py:188} INFO - [2025-05-01T11:01:02.133+0000] {dag.py:3954} INFO - Setting next_dagrun for example_params_trigger_ui to None, run_after=None
[2025-05-01T11:01:02.245+0000] {processor.py:183} INFO - Processing /home/airflow/.local/lib/python3.12/site-packages/airflow/example_dags/example_params_trigger_ui.py took 0.338 seconds
[2025-05-01T11:01:32.487+0000] {processor.py:161} INFO - Started process (PID=1214) to work on /home/airflow/.local/lib/python3.12/site-packages/airflow/example_dags/example_params_trigger_ui.py
[2025-05-01T11:01:32.490+0000] {processor.py:830} INFO - Processing file /home/airflow/.local/lib/python3.12/site-packages/airflow/example_dags/example_params_trigger_ui.py for tasks to queue
[2025-05-01T11:01:32.495+0000] {logging_mixin.py:188} INFO - [2025-05-01T11:01:32.494+0000] {dagbag.py:545} INFO - Filling up the DagBag from /home/airflow/.local/lib/python3.12/site-packages/airflow/example_dags/example_params_trigger_ui.py
[2025-05-01T11:01:32.524+0000] {processor.py:840} INFO - DAG(s) 'example_params_trigger_ui' retrieved from /home/airflow/.local/lib/python3.12/site-packages/airflow/example_dags/example_params_trigger_ui.py
[2025-05-01T11:01:32.629+0000] {logging_mixin.py:188} INFO - [2025-05-01T11:01:32.628+0000] {dag.py:3096} INFO - Sync 1 DAGs
[2025-05-01T11:01:32.657+0000] {logging_mixin.py:188} INFO - [2025-05-01T11:01:32.656+0000] {dag.py:3954} INFO - Setting next_dagrun for example_params_trigger_ui to None, run_after=None
[2025-05-01T11:01:32.744+0000] {processor.py:183} INFO - Processing /home/airflow/.local/lib/python3.12/site-packages/airflow/example_dags/example_params_trigger_ui.py took 0.271 seconds
[2025-05-01T11:02:03.002+0000] {processor.py:161} INFO - Started process (PID=1273) to work on /home/airflow/.local/lib/python3.12/site-packages/airflow/example_dags/example_params_trigger_ui.py
[2025-05-01T11:02:03.004+0000] {processor.py:830} INFO - Processing file /home/airflow/.local/lib/python3.12/site-packages/airflow/example_dags/example_params_trigger_ui.py for tasks to queue
[2025-05-01T11:02:03.008+0000] {logging_mixin.py:188} INFO - [2025-05-01T11:02:03.007+0000] {dagbag.py:545} INFO - Filling up the DagBag from /home/airflow/.local/lib/python3.12/site-packages/airflow/example_dags/example_params_trigger_ui.py
[2025-05-01T11:02:03.036+0000] {processor.py:840} INFO - DAG(s) 'example_params_trigger_ui' retrieved from /home/airflow/.local/lib/python3.12/site-packages/airflow/example_dags/example_params_trigger_ui.py
[2025-05-01T11:02:03.147+0000] {logging_mixin.py:188} INFO - [2025-05-01T11:02:03.147+0000] {dag.py:3096} INFO - Sync 1 DAGs
[2025-05-01T11:02:03.176+0000] {logging_mixin.py:188} INFO - [2025-05-01T11:02:03.176+0000] {dag.py:3954} INFO - Setting next_dagrun for example_params_trigger_ui to None, run_after=None
[2025-05-01T11:02:03.221+0000] {processor.py:183} INFO - Processing /home/airflow/.local/lib/python3.12/site-packages/airflow/example_dags/example_params_trigger_ui.py took 0.230 seconds
[2025-05-01T11:02:33.905+0000] {processor.py:161} INFO - Started process (PID=1332) to work on /home/airflow/.local/lib/python3.12/site-packages/airflow/example_dags/example_params_trigger_ui.py
[2025-05-01T11:02:33.908+0000] {processor.py:830} INFO - Processing file /home/airflow/.local/lib/python3.12/site-packages/airflow/example_dags/example_params_trigger_ui.py for tasks to queue
[2025-05-01T11:02:33.913+0000] {logging_mixin.py:188} INFO - [2025-05-01T11:02:33.912+0000] {dagbag.py:545} INFO - Filling up the DagBag from /home/airflow/.local/lib/python3.12/site-packages/airflow/example_dags/example_params_trigger_ui.py
[2025-05-01T11:02:33.944+0000] {processor.py:840} INFO - DAG(s) 'example_params_trigger_ui' retrieved from /home/airflow/.local/lib/python3.12/site-packages/airflow/example_dags/example_params_trigger_ui.py
[2025-05-01T11:02:34.056+0000] {logging_mixin.py:188} INFO - [2025-05-01T11:02:34.056+0000] {dag.py:3096} INFO - Sync 1 DAGs
[2025-05-01T11:02:34.086+0000] {logging_mixin.py:188} INFO - [2025-05-01T11:02:34.086+0000] {dag.py:3954} INFO - Setting next_dagrun for example_params_trigger_ui to None, run_after=None
[2025-05-01T11:02:34.137+0000] {processor.py:183} INFO - Processing /home/airflow/.local/lib/python3.12/site-packages/airflow/example_dags/example_params_trigger_ui.py took 0.245 seconds
[2025-05-01T11:03:04.883+0000] {processor.py:161} INFO - Started process (PID=1391) to work on /home/airflow/.local/lib/python3.12/site-packages/airflow/example_dags/example_params_trigger_ui.py
[2025-05-01T11:03:04.885+0000] {processor.py:830} INFO - Processing file /home/airflow/.local/lib/python3.12/site-packages/airflow/example_dags/example_params_trigger_ui.py for tasks to queue
[2025-05-01T11:03:04.890+0000] {logging_mixin.py:188} INFO - [2025-05-01T11:03:04.889+0000] {dagbag.py:545} INFO - Filling up the DagBag from /home/airflow/.local/lib/python3.12/site-packages/airflow/example_dags/example_params_trigger_ui.py
[2025-05-01T11:03:04.916+0000] {processor.py:840} INFO - DAG(s) 'example_params_trigger_ui' retrieved from /home/airflow/.local/lib/python3.12/site-packages/airflow/example_dags/example_params_trigger_ui.py
[2025-05-01T11:03:05.023+0000] {logging_mixin.py:188} INFO - [2025-05-01T11:03:05.022+0000] {dag.py:3096} INFO - Sync 1 DAGs
[2025-05-01T11:03:05.052+0000] {logging_mixin.py:188} INFO - [2025-05-01T11:03:05.052+0000] {dag.py:3954} INFO - Setting next_dagrun for example_params_trigger_ui to None, run_after=None
[2025-05-01T11:03:05.136+0000] {processor.py:183} INFO - Processing /home/airflow/.local/lib/python3.12/site-packages/airflow/example_dags/example_params_trigger_ui.py took 0.264 seconds
[2025-05-01T11:03:35.652+0000] {processor.py:161} INFO - Started process (PID=1450) to work on /home/airflow/.local/lib/python3.12/site-packages/airflow/example_dags/example_params_trigger_ui.py
[2025-05-01T11:03:35.654+0000] {processor.py:830} INFO - Processing file /home/airflow/.local/lib/python3.12/site-packages/airflow/example_dags/example_params_trigger_ui.py for tasks to queue
[2025-05-01T11:03:35.659+0000] {logging_mixin.py:188} INFO - [2025-05-01T11:03:35.658+0000] {dagbag.py:545} INFO - Filling up the DagBag from /home/airflow/.local/lib/python3.12/site-packages/airflow/example_dags/example_params_trigger_ui.py
[2025-05-01T11:03:35.693+0000] {processor.py:840} INFO - DAG(s) 'example_params_trigger_ui' retrieved from /home/airflow/.local/lib/python3.12/site-packages/airflow/example_dags/example_params_trigger_ui.py
[2025-05-01T11:03:35.815+0000] {logging_mixin.py:188} INFO - [2025-05-01T11:03:35.814+0000] {dag.py:3096} INFO - Sync 1 DAGs
[2025-05-01T11:03:35.841+0000] {logging_mixin.py:188} INFO - [2025-05-01T11:03:35.840+0000] {dag.py:3954} INFO - Setting next_dagrun for example_params_trigger_ui to None, run_after=None
[2025-05-01T11:03:35.925+0000] {processor.py:183} INFO - Processing /home/airflow/.local/lib/python3.12/site-packages/airflow/example_dags/example_params_trigger_ui.py took 0.285 seconds
[2025-05-01T11:04:06.198+0000] {processor.py:161} INFO - Started process (PID=1509) to work on /home/airflow/.local/lib/python3.12/site-packages/airflow/example_dags/example_params_trigger_ui.py
[2025-05-01T11:04:06.200+0000] {processor.py:830} INFO - Processing file /home/airflow/.local/lib/python3.12/site-packages/airflow/example_dags/example_params_trigger_ui.py for tasks to queue
[2025-05-01T11:04:06.206+0000] {logging_mixin.py:188} INFO - [2025-05-01T11:04:06.204+0000] {dagbag.py:545} INFO - Filling up the DagBag from /home/airflow/.local/lib/python3.12/site-packages/airflow/example_dags/example_params_trigger_ui.py
[2025-05-01T11:04:06.237+0000] {processor.py:840} INFO - DAG(s) 'example_params_trigger_ui' retrieved from /home/airflow/.local/lib/python3.12/site-packages/airflow/example_dags/example_params_trigger_ui.py
[2025-05-01T11:04:06.349+0000] {logging_mixin.py:188} INFO - [2025-05-01T11:04:06.348+0000] {dag.py:3096} INFO - Sync 1 DAGs
[2025-05-01T11:04:06.378+0000] {logging_mixin.py:188} INFO - [2025-05-01T11:04:06.378+0000] {dag.py:3954} INFO - Setting next_dagrun for example_params_trigger_ui to None, run_after=None
[2025-05-01T11:04:06.469+0000] {processor.py:183} INFO - Processing /home/airflow/.local/lib/python3.12/site-packages/airflow/example_dags/example_params_trigger_ui.py took 0.283 seconds
[2025-05-01T11:04:37.100+0000] {processor.py:161} INFO - Started process (PID=1568) to work on /home/airflow/.local/lib/python3.12/site-packages/airflow/example_dags/example_params_trigger_ui.py
[2025-05-01T11:04:37.103+0000] {processor.py:830} INFO - Processing file /home/airflow/.local/lib/python3.12/site-packages/airflow/example_dags/example_params_trigger_ui.py for tasks to queue
[2025-05-01T11:04:37.109+0000] {logging_mixin.py:188} INFO - [2025-05-01T11:04:37.108+0000] {dagbag.py:545} INFO - Filling up the DagBag from /home/airflow/.local/lib/python3.12/site-packages/airflow/example_dags/example_params_trigger_ui.py
[2025-05-01T11:04:37.142+0000] {processor.py:840} INFO - DAG(s) 'example_params_trigger_ui' retrieved from /home/airflow/.local/lib/python3.12/site-packages/airflow/example_dags/example_params_trigger_ui.py
[2025-05-01T11:04:37.266+0000] {logging_mixin.py:188} INFO - [2025-05-01T11:04:37.264+0000] {dag.py:3096} INFO - Sync 1 DAGs
[2025-05-01T11:04:37.315+0000] {logging_mixin.py:188} INFO - [2025-05-01T11:04:37.315+0000] {dag.py:3954} INFO - Setting next_dagrun for example_params_trigger_ui to None, run_after=None
[2025-05-01T11:04:37.372+0000] {processor.py:183} INFO - Processing /home/airflow/.local/lib/python3.12/site-packages/airflow/example_dags/example_params_trigger_ui.py took 0.291 seconds
[2025-05-01T11:05:07.924+0000] {processor.py:161} INFO - Started process (PID=1627) to work on /home/airflow/.local/lib/python3.12/site-packages/airflow/example_dags/example_params_trigger_ui.py
[2025-05-01T11:05:07.926+0000] {processor.py:830} INFO - Processing file /home/airflow/.local/lib/python3.12/site-packages/airflow/example_dags/example_params_trigger_ui.py for tasks to queue
[2025-05-01T11:05:07.931+0000] {logging_mixin.py:188} INFO - [2025-05-01T11:05:07.930+0000] {dagbag.py:545} INFO - Filling up the DagBag from /home/airflow/.local/lib/python3.12/site-packages/airflow/example_dags/example_params_trigger_ui.py
[2025-05-01T11:05:07.967+0000] {processor.py:840} INFO - DAG(s) 'example_params_trigger_ui' retrieved from /home/airflow/.local/lib/python3.12/site-packages/airflow/example_dags/example_params_trigger_ui.py
[2025-05-01T11:05:08.081+0000] {logging_mixin.py:188} INFO - [2025-05-01T11:05:08.080+0000] {dag.py:3096} INFO - Sync 1 DAGs
[2025-05-01T11:05:08.111+0000] {logging_mixin.py:188} INFO - [2025-05-01T11:05:08.111+0000] {dag.py:3954} INFO - Setting next_dagrun for example_params_trigger_ui to None, run_after=None
[2025-05-01T11:05:08.178+0000] {processor.py:183} INFO - Processing /home/airflow/.local/lib/python3.12/site-packages/airflow/example_dags/example_params_trigger_ui.py took 0.267 seconds
[2025-05-01T11:05:38.329+0000] {processor.py:161} INFO - Started process (PID=1686) to work on /home/airflow/.local/lib/python3.12/site-packages/airflow/example_dags/example_params_trigger_ui.py
[2025-05-01T11:05:38.332+0000] {processor.py:830} INFO - Processing file /home/airflow/.local/lib/python3.12/site-packages/airflow/example_dags/example_params_trigger_ui.py for tasks to queue
[2025-05-01T11:05:38.337+0000] {logging_mixin.py:188} INFO - [2025-05-01T11:05:38.336+0000] {dagbag.py:545} INFO - Filling up the DagBag from /home/airflow/.local/lib/python3.12/site-packages/airflow/example_dags/example_params_trigger_ui.py
[2025-05-01T11:05:38.367+0000] {processor.py:840} INFO - DAG(s) 'example_params_trigger_ui' retrieved from /home/airflow/.local/lib/python3.12/site-packages/airflow/example_dags/example_params_trigger_ui.py
[2025-05-01T11:05:38.478+0000] {logging_mixin.py:188} INFO - [2025-05-01T11:05:38.477+0000] {dag.py:3096} INFO - Sync 1 DAGs
[2025-05-01T11:05:38.504+0000] {logging_mixin.py:188} INFO - [2025-05-01T11:05:38.504+0000] {dag.py:3954} INFO - Setting next_dagrun for example_params_trigger_ui to None, run_after=None
[2025-05-01T11:05:38.592+0000] {processor.py:183} INFO - Processing /home/airflow/.local/lib/python3.12/site-packages/airflow/example_dags/example_params_trigger_ui.py took 0.279 seconds
[2025-05-01T11:06:09.224+0000] {processor.py:161} INFO - Started process (PID=1745) to work on /home/airflow/.local/lib/python3.12/site-packages/airflow/example_dags/example_params_trigger_ui.py
[2025-05-01T11:06:09.227+0000] {processor.py:830} INFO - Processing file /home/airflow/.local/lib/python3.12/site-packages/airflow/example_dags/example_params_trigger_ui.py for tasks to queue
[2025-05-01T11:06:09.231+0000] {logging_mixin.py:188} INFO - [2025-05-01T11:06:09.230+0000] {dagbag.py:545} INFO - Filling up the DagBag from /home/airflow/.local/lib/python3.12/site-packages/airflow/example_dags/example_params_trigger_ui.py
[2025-05-01T11:06:09.259+0000] {processor.py:840} INFO - DAG(s) 'example_params_trigger_ui' retrieved from /home/airflow/.local/lib/python3.12/site-packages/airflow/example_dags/example_params_trigger_ui.py
[2025-05-01T11:06:09.378+0000] {logging_mixin.py:188} INFO - [2025-05-01T11:06:09.378+0000] {dag.py:3096} INFO - Sync 1 DAGs
[2025-05-01T11:06:09.420+0000] {logging_mixin.py:188} INFO - [2025-05-01T11:06:09.418+0000] {dag.py:3954} INFO - Setting next_dagrun for example_params_trigger_ui to None, run_after=None
[2025-05-01T11:06:09.473+0000] {processor.py:183} INFO - Processing /home/airflow/.local/lib/python3.12/site-packages/airflow/example_dags/example_params_trigger_ui.py took 0.262 seconds
[2025-05-01T11:06:39.888+0000] {processor.py:161} INFO - Started process (PID=1804) to work on /home/airflow/.local/lib/python3.12/site-packages/airflow/example_dags/example_params_trigger_ui.py
[2025-05-01T11:06:39.890+0000] {processor.py:830} INFO - Processing file /home/airflow/.local/lib/python3.12/site-packages/airflow/example_dags/example_params_trigger_ui.py for tasks to queue
[2025-05-01T11:06:39.894+0000] {logging_mixin.py:188} INFO - [2025-05-01T11:06:39.893+0000] {dagbag.py:545} INFO - Filling up the DagBag from /home/airflow/.local/lib/python3.12/site-packages/airflow/example_dags/example_params_trigger_ui.py
[2025-05-01T11:06:39.926+0000] {processor.py:840} INFO - DAG(s) 'example_params_trigger_ui' retrieved from /home/airflow/.local/lib/python3.12/site-packages/airflow/example_dags/example_params_trigger_ui.py
[2025-05-01T11:06:40.028+0000] {logging_mixin.py:188} INFO - [2025-05-01T11:06:40.028+0000] {dag.py:3096} INFO - Sync 1 DAGs
[2025-05-01T11:06:40.059+0000] {logging_mixin.py:188} INFO - [2025-05-01T11:06:40.058+0000] {dag.py:3954} INFO - Setting next_dagrun for example_params_trigger_ui to None, run_after=None
[2025-05-01T11:06:40.109+0000] {processor.py:183} INFO - Processing /home/airflow/.local/lib/python3.12/site-packages/airflow/example_dags/example_params_trigger_ui.py took 0.232 seconds
[2025-05-01T11:07:11.904+0000] {processor.py:161} INFO - Started process (PID=1863) to work on /home/airflow/.local/lib/python3.12/site-packages/airflow/example_dags/example_params_trigger_ui.py
[2025-05-01T11:07:11.906+0000] {processor.py:830} INFO - Processing file /home/airflow/.local/lib/python3.12/site-packages/airflow/example_dags/example_params_trigger_ui.py for tasks to queue
[2025-05-01T11:07:11.910+0000] {logging_mixin.py:188} INFO - [2025-05-01T11:07:11.910+0000] {dagbag.py:545} INFO - Filling up the DagBag from /home/airflow/.local/lib/python3.12/site-packages/airflow/example_dags/example_params_trigger_ui.py
[2025-05-01T11:07:11.939+0000] {processor.py:840} INFO - DAG(s) 'example_params_trigger_ui' retrieved from /home/airflow/.local/lib/python3.12/site-packages/airflow/example_dags/example_params_trigger_ui.py
[2025-05-01T11:07:12.090+0000] {logging_mixin.py:188} INFO - [2025-05-01T11:07:12.090+0000] {dag.py:3096} INFO - Sync 1 DAGs
[2025-05-01T11:07:12.125+0000] {logging_mixin.py:188} INFO - [2025-05-01T11:07:12.124+0000] {dag.py:3954} INFO - Setting next_dagrun for example_params_trigger_ui to None, run_after=None
[2025-05-01T11:07:12.184+0000] {processor.py:183} INFO - Processing /home/airflow/.local/lib/python3.12/site-packages/airflow/example_dags/example_params_trigger_ui.py took 0.291 seconds
[2025-05-01T11:07:44.656+0000] {processor.py:161} INFO - Started process (PID=1922) to work on /home/airflow/.local/lib/python3.12/site-packages/airflow/example_dags/example_params_trigger_ui.py
[2025-05-01T11:07:44.659+0000] {processor.py:830} INFO - Processing file /home/airflow/.local/lib/python3.12/site-packages/airflow/example_dags/example_params_trigger_ui.py for tasks to queue
[2025-05-01T11:07:44.663+0000] {logging_mixin.py:188} INFO - [2025-05-01T11:07:44.662+0000] {dagbag.py:545} INFO - Filling up the DagBag from /home/airflow/.local/lib/python3.12/site-packages/airflow/example_dags/example_params_trigger_ui.py
[2025-05-01T11:07:44.694+0000] {processor.py:840} INFO - DAG(s) 'example_params_trigger_ui' retrieved from /home/airflow/.local/lib/python3.12/site-packages/airflow/example_dags/example_params_trigger_ui.py
[2025-05-01T11:07:44.802+0000] {logging_mixin.py:188} INFO - [2025-05-01T11:07:44.802+0000] {dag.py:3096} INFO - Sync 1 DAGs
[2025-05-01T11:07:44.836+0000] {logging_mixin.py:188} INFO - [2025-05-01T11:07:44.836+0000] {dag.py:3954} INFO - Setting next_dagrun for example_params_trigger_ui to None, run_after=None
[2025-05-01T11:07:44.924+0000] {processor.py:183} INFO - Processing /home/airflow/.local/lib/python3.12/site-packages/airflow/example_dags/example_params_trigger_ui.py took 0.294 seconds
[2025-05-01T11:08:15.839+0000] {processor.py:161} INFO - Started process (PID=1981) to work on /home/airflow/.local/lib/python3.12/site-packages/airflow/example_dags/example_params_trigger_ui.py
[2025-05-01T11:08:15.841+0000] {processor.py:830} INFO - Processing file /home/airflow/.local/lib/python3.12/site-packages/airflow/example_dags/example_params_trigger_ui.py for tasks to queue
[2025-05-01T11:08:15.845+0000] {logging_mixin.py:188} INFO - [2025-05-01T11:08:15.844+0000] {dagbag.py:545} INFO - Filling up the DagBag from /home/airflow/.local/lib/python3.12/site-packages/airflow/example_dags/example_params_trigger_ui.py
[2025-05-01T11:08:15.872+0000] {processor.py:840} INFO - DAG(s) 'example_params_trigger_ui' retrieved from /home/airflow/.local/lib/python3.12/site-packages/airflow/example_dags/example_params_trigger_ui.py
[2025-05-01T11:08:15.991+0000] {logging_mixin.py:188} INFO - [2025-05-01T11:08:15.990+0000] {dag.py:3096} INFO - Sync 1 DAGs
[2025-05-01T11:08:16.234+0000] {logging_mixin.py:188} INFO - [2025-05-01T11:08:16.233+0000] {dag.py:3954} INFO - Setting next_dagrun for example_params_trigger_ui to None, run_after=None
[2025-05-01T11:08:16.318+0000] {processor.py:183} INFO - Processing /home/airflow/.local/lib/python3.12/site-packages/airflow/example_dags/example_params_trigger_ui.py took 0.491 seconds
[2025-05-01T11:08:46.501+0000] {processor.py:161} INFO - Started process (PID=2040) to work on /home/airflow/.local/lib/python3.12/site-packages/airflow/example_dags/example_params_trigger_ui.py
[2025-05-01T11:08:46.503+0000] {processor.py:830} INFO - Processing file /home/airflow/.local/lib/python3.12/site-packages/airflow/example_dags/example_params_trigger_ui.py for tasks to queue
[2025-05-01T11:08:46.507+0000] {logging_mixin.py:188} INFO - [2025-05-01T11:08:46.507+0000] {dagbag.py:545} INFO - Filling up the DagBag from /home/airflow/.local/lib/python3.12/site-packages/airflow/example_dags/example_params_trigger_ui.py
[2025-05-01T11:08:46.535+0000] {processor.py:840} INFO - DAG(s) 'example_params_trigger_ui' retrieved from /home/airflow/.local/lib/python3.12/site-packages/airflow/example_dags/example_params_trigger_ui.py
[2025-05-01T11:08:46.637+0000] {logging_mixin.py:188} INFO - [2025-05-01T11:08:46.637+0000] {dag.py:3096} INFO - Sync 1 DAGs
[2025-05-01T11:08:46.663+0000] {logging_mixin.py:188} INFO - [2025-05-01T11:08:46.663+0000] {dag.py:3954} INFO - Setting next_dagrun for example_params_trigger_ui to None, run_after=None
[2025-05-01T11:08:46.707+0000] {processor.py:183} INFO - Processing /home/airflow/.local/lib/python3.12/site-packages/airflow/example_dags/example_params_trigger_ui.py took 0.217 seconds
[2025-05-01T11:09:18.036+0000] {processor.py:161} INFO - Started process (PID=2099) to work on /home/airflow/.local/lib/python3.12/site-packages/airflow/example_dags/example_params_trigger_ui.py
[2025-05-01T11:09:18.039+0000] {processor.py:830} INFO - Processing file /home/airflow/.local/lib/python3.12/site-packages/airflow/example_dags/example_params_trigger_ui.py for tasks to queue
[2025-05-01T11:09:18.044+0000] {logging_mixin.py:188} INFO - [2025-05-01T11:09:18.043+0000] {dagbag.py:545} INFO - Filling up the DagBag from /home/airflow/.local/lib/python3.12/site-packages/airflow/example_dags/example_params_trigger_ui.py
[2025-05-01T11:09:18.082+0000] {processor.py:840} INFO - DAG(s) 'example_params_trigger_ui' retrieved from /home/airflow/.local/lib/python3.12/site-packages/airflow/example_dags/example_params_trigger_ui.py
[2025-05-01T11:09:18.207+0000] {logging_mixin.py:188} INFO - [2025-05-01T11:09:18.206+0000] {dag.py:3096} INFO - Sync 1 DAGs
[2025-05-01T11:09:18.242+0000] {logging_mixin.py:188} INFO - [2025-05-01T11:09:18.241+0000] {dag.py:3954} INFO - Setting next_dagrun for example_params_trigger_ui to None, run_after=None
[2025-05-01T11:09:18.334+0000] {processor.py:183} INFO - Processing /home/airflow/.local/lib/python3.12/site-packages/airflow/example_dags/example_params_trigger_ui.py took 0.312 seconds
[2025-05-01T11:09:49.119+0000] {processor.py:161} INFO - Started process (PID=2158) to work on /home/airflow/.local/lib/python3.12/site-packages/airflow/example_dags/example_params_trigger_ui.py
[2025-05-01T11:09:49.121+0000] {processor.py:830} INFO - Processing file /home/airflow/.local/lib/python3.12/site-packages/airflow/example_dags/example_params_trigger_ui.py for tasks to queue
[2025-05-01T11:09:49.125+0000] {logging_mixin.py:188} INFO - [2025-05-01T11:09:49.124+0000] {dagbag.py:545} INFO - Filling up the DagBag from /home/airflow/.local/lib/python3.12/site-packages/airflow/example_dags/example_params_trigger_ui.py
[2025-05-01T11:09:49.153+0000] {processor.py:840} INFO - DAG(s) 'example_params_trigger_ui' retrieved from /home/airflow/.local/lib/python3.12/site-packages/airflow/example_dags/example_params_trigger_ui.py
[2025-05-01T11:09:49.256+0000] {logging_mixin.py:188} INFO - [2025-05-01T11:09:49.255+0000] {dag.py:3096} INFO - Sync 1 DAGs
[2025-05-01T11:09:49.285+0000] {logging_mixin.py:188} INFO - [2025-05-01T11:09:49.285+0000] {dag.py:3954} INFO - Setting next_dagrun for example_params_trigger_ui to None, run_after=None
[2025-05-01T11:09:49.328+0000] {processor.py:183} INFO - Processing /home/airflow/.local/lib/python3.12/site-packages/airflow/example_dags/example_params_trigger_ui.py took 0.220 seconds
[2025-05-01T11:10:19.654+0000] {processor.py:161} INFO - Started process (PID=2215) to work on /home/airflow/.local/lib/python3.12/site-packages/airflow/example_dags/example_params_trigger_ui.py
[2025-05-01T11:10:19.656+0000] {processor.py:830} INFO - Processing file /home/airflow/.local/lib/python3.12/site-packages/airflow/example_dags/example_params_trigger_ui.py for tasks to queue
[2025-05-01T11:10:19.660+0000] {logging_mixin.py:188} INFO - [2025-05-01T11:10:19.660+0000] {dagbag.py:545} INFO - Filling up the DagBag from /home/airflow/.local/lib/python3.12/site-packages/airflow/example_dags/example_params_trigger_ui.py
[2025-05-01T11:10:19.687+0000] {processor.py:840} INFO - DAG(s) 'example_params_trigger_ui' retrieved from /home/airflow/.local/lib/python3.12/site-packages/airflow/example_dags/example_params_trigger_ui.py
[2025-05-01T11:10:19.805+0000] {logging_mixin.py:188} INFO - [2025-05-01T11:10:19.805+0000] {dag.py:3096} INFO - Sync 1 DAGs
[2025-05-01T11:10:19.842+0000] {logging_mixin.py:188} INFO - [2025-05-01T11:10:19.842+0000] {dag.py:3954} INFO - Setting next_dagrun for example_params_trigger_ui to None, run_after=None
[2025-05-01T11:10:19.893+0000] {processor.py:183} INFO - Processing /home/airflow/.local/lib/python3.12/site-packages/airflow/example_dags/example_params_trigger_ui.py took 0.250 seconds
[2025-05-01T11:10:50.397+0000] {processor.py:161} INFO - Started process (PID=2274) to work on /home/airflow/.local/lib/python3.12/site-packages/airflow/example_dags/example_params_trigger_ui.py
[2025-05-01T11:10:50.400+0000] {processor.py:830} INFO - Processing file /home/airflow/.local/lib/python3.12/site-packages/airflow/example_dags/example_params_trigger_ui.py for tasks to queue
[2025-05-01T11:10:50.407+0000] {logging_mixin.py:188} INFO - [2025-05-01T11:10:50.406+0000] {dagbag.py:545} INFO - Filling up the DagBag from /home/airflow/.local/lib/python3.12/site-packages/airflow/example_dags/example_params_trigger_ui.py
[2025-05-01T11:10:50.435+0000] {processor.py:840} INFO - DAG(s) 'example_params_trigger_ui' retrieved from /home/airflow/.local/lib/python3.12/site-packages/airflow/example_dags/example_params_trigger_ui.py
[2025-05-01T11:10:50.545+0000] {logging_mixin.py:188} INFO - [2025-05-01T11:10:50.544+0000] {dag.py:3096} INFO - Sync 1 DAGs
[2025-05-01T11:10:50.569+0000] {logging_mixin.py:188} INFO - [2025-05-01T11:10:50.569+0000] {dag.py:3954} INFO - Setting next_dagrun for example_params_trigger_ui to None, run_after=None
[2025-05-01T11:10:50.616+0000] {processor.py:183} INFO - Processing /home/airflow/.local/lib/python3.12/site-packages/airflow/example_dags/example_params_trigger_ui.py took 0.232 seconds
[2025-05-01T11:11:21.105+0000] {processor.py:161} INFO - Started process (PID=2333) to work on /home/airflow/.local/lib/python3.12/site-packages/airflow/example_dags/example_params_trigger_ui.py
[2025-05-01T11:11:21.108+0000] {processor.py:830} INFO - Processing file /home/airflow/.local/lib/python3.12/site-packages/airflow/example_dags/example_params_trigger_ui.py for tasks to queue
[2025-05-01T11:11:21.113+0000] {logging_mixin.py:188} INFO - [2025-05-01T11:11:21.112+0000] {dagbag.py:545} INFO - Filling up the DagBag from /home/airflow/.local/lib/python3.12/site-packages/airflow/example_dags/example_params_trigger_ui.py
[2025-05-01T11:11:21.146+0000] {processor.py:840} INFO - DAG(s) 'example_params_trigger_ui' retrieved from /home/airflow/.local/lib/python3.12/site-packages/airflow/example_dags/example_params_trigger_ui.py
[2025-05-01T11:11:21.295+0000] {logging_mixin.py:188} INFO - [2025-05-01T11:11:21.294+0000] {dag.py:3096} INFO - Sync 1 DAGs
[2025-05-01T11:11:21.344+0000] {logging_mixin.py:188} INFO - [2025-05-01T11:11:21.343+0000] {dag.py:3954} INFO - Setting next_dagrun for example_params_trigger_ui to None, run_after=None
[2025-05-01T11:11:21.413+0000] {processor.py:183} INFO - Processing /home/airflow/.local/lib/python3.12/site-packages/airflow/example_dags/example_params_trigger_ui.py took 0.321 seconds
[2025-05-01T11:11:51.751+0000] {processor.py:161} INFO - Started process (PID=2392) to work on /home/airflow/.local/lib/python3.12/site-packages/airflow/example_dags/example_params_trigger_ui.py
[2025-05-01T11:11:51.754+0000] {processor.py:830} INFO - Processing file /home/airflow/.local/lib/python3.12/site-packages/airflow/example_dags/example_params_trigger_ui.py for tasks to queue
[2025-05-01T11:11:51.759+0000] {logging_mixin.py:188} INFO - [2025-05-01T11:11:51.758+0000] {dagbag.py:545} INFO - Filling up the DagBag from /home/airflow/.local/lib/python3.12/site-packages/airflow/example_dags/example_params_trigger_ui.py
[2025-05-01T11:11:51.800+0000] {processor.py:840} INFO - DAG(s) 'example_params_trigger_ui' retrieved from /home/airflow/.local/lib/python3.12/site-packages/airflow/example_dags/example_params_trigger_ui.py
[2025-05-01T11:11:51.936+0000] {logging_mixin.py:188} INFO - [2025-05-01T11:11:51.936+0000] {dag.py:3096} INFO - Sync 1 DAGs
[2025-05-01T11:11:51.970+0000] {logging_mixin.py:188} INFO - [2025-05-01T11:11:51.969+0000] {dag.py:3954} INFO - Setting next_dagrun for example_params_trigger_ui to None, run_after=None
[2025-05-01T11:11:52.037+0000] {processor.py:183} INFO - Processing /home/airflow/.local/lib/python3.12/site-packages/airflow/example_dags/example_params_trigger_ui.py took 0.300 seconds
[2025-05-01T11:12:22.347+0000] {processor.py:161} INFO - Started process (PID=2451) to work on /home/airflow/.local/lib/python3.12/site-packages/airflow/example_dags/example_params_trigger_ui.py
[2025-05-01T11:12:22.352+0000] {processor.py:830} INFO - Processing file /home/airflow/.local/lib/python3.12/site-packages/airflow/example_dags/example_params_trigger_ui.py for tasks to queue
[2025-05-01T11:12:22.363+0000] {logging_mixin.py:188} INFO - [2025-05-01T11:12:22.362+0000] {dagbag.py:545} INFO - Filling up the DagBag from /home/airflow/.local/lib/python3.12/site-packages/airflow/example_dags/example_params_trigger_ui.py
[2025-05-01T11:12:22.407+0000] {processor.py:840} INFO - DAG(s) 'example_params_trigger_ui' retrieved from /home/airflow/.local/lib/python3.12/site-packages/airflow/example_dags/example_params_trigger_ui.py
[2025-05-01T11:12:22.556+0000] {logging_mixin.py:188} INFO - [2025-05-01T11:12:22.556+0000] {dag.py:3096} INFO - Sync 1 DAGs
[2025-05-01T11:12:22.591+0000] {logging_mixin.py:188} INFO - [2025-05-01T11:12:22.591+0000] {dag.py:3954} INFO - Setting next_dagrun for example_params_trigger_ui to None, run_after=None
[2025-05-01T11:12:22.655+0000] {processor.py:183} INFO - Processing /home/airflow/.local/lib/python3.12/site-packages/airflow/example_dags/example_params_trigger_ui.py took 0.341 seconds
[2025-05-01T11:12:53.180+0000] {processor.py:161} INFO - Started process (PID=2510) to work on /home/airflow/.local/lib/python3.12/site-packages/airflow/example_dags/example_params_trigger_ui.py
[2025-05-01T11:12:53.183+0000] {processor.py:830} INFO - Processing file /home/airflow/.local/lib/python3.12/site-packages/airflow/example_dags/example_params_trigger_ui.py for tasks to queue
[2025-05-01T11:12:53.188+0000] {logging_mixin.py:188} INFO - [2025-05-01T11:12:53.187+0000] {dagbag.py:545} INFO - Filling up the DagBag from /home/airflow/.local/lib/python3.12/site-packages/airflow/example_dags/example_params_trigger_ui.py
[2025-05-01T11:12:53.219+0000] {processor.py:840} INFO - DAG(s) 'example_params_trigger_ui' retrieved from /home/airflow/.local/lib/python3.12/site-packages/airflow/example_dags/example_params_trigger_ui.py
[2025-05-01T11:12:53.335+0000] {logging_mixin.py:188} INFO - [2025-05-01T11:12:53.334+0000] {dag.py:3096} INFO - Sync 1 DAGs
[2025-05-01T11:12:53.368+0000] {logging_mixin.py:188} INFO - [2025-05-01T11:12:53.367+0000] {dag.py:3954} INFO - Setting next_dagrun for example_params_trigger_ui to None, run_after=None
[2025-05-01T11:12:53.414+0000] {processor.py:183} INFO - Processing /home/airflow/.local/lib/python3.12/site-packages/airflow/example_dags/example_params_trigger_ui.py took 0.247 seconds
[2025-05-01T11:13:24.084+0000] {processor.py:161} INFO - Started process (PID=2569) to work on /home/airflow/.local/lib/python3.12/site-packages/airflow/example_dags/example_params_trigger_ui.py
[2025-05-01T11:13:24.087+0000] {processor.py:830} INFO - Processing file /home/airflow/.local/lib/python3.12/site-packages/airflow/example_dags/example_params_trigger_ui.py for tasks to queue
[2025-05-01T11:13:24.094+0000] {logging_mixin.py:188} INFO - [2025-05-01T11:13:24.093+0000] {dagbag.py:545} INFO - Filling up the DagBag from /home/airflow/.local/lib/python3.12/site-packages/airflow/example_dags/example_params_trigger_ui.py
[2025-05-01T11:13:24.130+0000] {processor.py:840} INFO - DAG(s) 'example_params_trigger_ui' retrieved from /home/airflow/.local/lib/python3.12/site-packages/airflow/example_dags/example_params_trigger_ui.py
[2025-05-01T11:13:24.333+0000] {logging_mixin.py:188} INFO - [2025-05-01T11:13:24.332+0000] {dag.py:3096} INFO - Sync 1 DAGs
[2025-05-01T11:13:24.379+0000] {logging_mixin.py:188} INFO - [2025-05-01T11:13:24.379+0000] {dag.py:3954} INFO - Setting next_dagrun for example_params_trigger_ui to None, run_after=None
[2025-05-01T11:13:24.434+0000] {processor.py:183} INFO - Processing /home/airflow/.local/lib/python3.12/site-packages/airflow/example_dags/example_params_trigger_ui.py took 0.365 seconds
[2025-05-01T11:13:54.794+0000] {processor.py:161} INFO - Started process (PID=2634) to work on /home/airflow/.local/lib/python3.12/site-packages/airflow/example_dags/example_params_trigger_ui.py
[2025-05-01T11:13:54.797+0000] {processor.py:830} INFO - Processing file /home/airflow/.local/lib/python3.12/site-packages/airflow/example_dags/example_params_trigger_ui.py for tasks to queue
[2025-05-01T11:13:54.802+0000] {logging_mixin.py:188} INFO - [2025-05-01T11:13:54.801+0000] {dagbag.py:545} INFO - Filling up the DagBag from /home/airflow/.local/lib/python3.12/site-packages/airflow/example_dags/example_params_trigger_ui.py
[2025-05-01T11:13:54.835+0000] {processor.py:840} INFO - DAG(s) 'example_params_trigger_ui' retrieved from /home/airflow/.local/lib/python3.12/site-packages/airflow/example_dags/example_params_trigger_ui.py
[2025-05-01T11:13:54.966+0000] {logging_mixin.py:188} INFO - [2025-05-01T11:13:54.965+0000] {dag.py:3096} INFO - Sync 1 DAGs
[2025-05-01T11:13:55.008+0000] {logging_mixin.py:188} INFO - [2025-05-01T11:13:55.007+0000] {dag.py:3954} INFO - Setting next_dagrun for example_params_trigger_ui to None, run_after=None
[2025-05-01T11:13:55.099+0000] {processor.py:183} INFO - Processing /home/airflow/.local/lib/python3.12/site-packages/airflow/example_dags/example_params_trigger_ui.py took 0.317 seconds
[2025-05-01T11:14:25.328+0000] {processor.py:161} INFO - Started process (PID=2693) to work on /home/airflow/.local/lib/python3.12/site-packages/airflow/example_dags/example_params_trigger_ui.py
[2025-05-01T11:14:25.331+0000] {processor.py:830} INFO - Processing file /home/airflow/.local/lib/python3.12/site-packages/airflow/example_dags/example_params_trigger_ui.py for tasks to queue
[2025-05-01T11:14:25.336+0000] {logging_mixin.py:188} INFO - [2025-05-01T11:14:25.336+0000] {dagbag.py:545} INFO - Filling up the DagBag from /home/airflow/.local/lib/python3.12/site-packages/airflow/example_dags/example_params_trigger_ui.py
[2025-05-01T11:14:25.370+0000] {processor.py:840} INFO - DAG(s) 'example_params_trigger_ui' retrieved from /home/airflow/.local/lib/python3.12/site-packages/airflow/example_dags/example_params_trigger_ui.py
[2025-05-01T11:14:25.482+0000] {logging_mixin.py:188} INFO - [2025-05-01T11:14:25.482+0000] {dag.py:3096} INFO - Sync 1 DAGs
[2025-05-01T11:14:25.516+0000] {logging_mixin.py:188} INFO - [2025-05-01T11:14:25.515+0000] {dag.py:3954} INFO - Setting next_dagrun for example_params_trigger_ui to None, run_after=None
[2025-05-01T11:14:25.591+0000] {processor.py:183} INFO - Processing /home/airflow/.local/lib/python3.12/site-packages/airflow/example_dags/example_params_trigger_ui.py took 0.280 seconds
[2025-05-01T11:14:56.185+0000] {processor.py:161} INFO - Started process (PID=2752) to work on /home/airflow/.local/lib/python3.12/site-packages/airflow/example_dags/example_params_trigger_ui.py
[2025-05-01T11:14:56.190+0000] {processor.py:830} INFO - Processing file /home/airflow/.local/lib/python3.12/site-packages/airflow/example_dags/example_params_trigger_ui.py for tasks to queue
[2025-05-01T11:14:56.198+0000] {logging_mixin.py:188} INFO - [2025-05-01T11:14:56.196+0000] {dagbag.py:545} INFO - Filling up the DagBag from /home/airflow/.local/lib/python3.12/site-packages/airflow/example_dags/example_params_trigger_ui.py
[2025-05-01T11:14:56.266+0000] {processor.py:840} INFO - DAG(s) 'example_params_trigger_ui' retrieved from /home/airflow/.local/lib/python3.12/site-packages/airflow/example_dags/example_params_trigger_ui.py
[2025-05-01T11:14:56.385+0000] {logging_mixin.py:188} INFO - [2025-05-01T11:14:56.384+0000] {dag.py:3096} INFO - Sync 1 DAGs
[2025-05-01T11:14:56.441+0000] {logging_mixin.py:188} INFO - [2025-05-01T11:14:56.440+0000] {dag.py:3954} INFO - Setting next_dagrun for example_params_trigger_ui to None, run_after=None
[2025-05-01T11:14:56.527+0000] {processor.py:183} INFO - Processing /home/airflow/.local/lib/python3.12/site-packages/airflow/example_dags/example_params_trigger_ui.py took 0.361 seconds
[2025-05-01T11:15:26.813+0000] {processor.py:161} INFO - Started process (PID=2811) to work on /home/airflow/.local/lib/python3.12/site-packages/airflow/example_dags/example_params_trigger_ui.py
[2025-05-01T11:15:26.817+0000] {processor.py:830} INFO - Processing file /home/airflow/.local/lib/python3.12/site-packages/airflow/example_dags/example_params_trigger_ui.py for tasks to queue
[2025-05-01T11:15:26.821+0000] {logging_mixin.py:188} INFO - [2025-05-01T11:15:26.820+0000] {dagbag.py:545} INFO - Filling up the DagBag from /home/airflow/.local/lib/python3.12/site-packages/airflow/example_dags/example_params_trigger_ui.py
[2025-05-01T11:15:26.853+0000] {processor.py:840} INFO - DAG(s) 'example_params_trigger_ui' retrieved from /home/airflow/.local/lib/python3.12/site-packages/airflow/example_dags/example_params_trigger_ui.py
[2025-05-01T11:15:26.968+0000] {logging_mixin.py:188} INFO - [2025-05-01T11:15:26.968+0000] {dag.py:3096} INFO - Sync 1 DAGs
[2025-05-01T11:15:27.001+0000] {logging_mixin.py:188} INFO - [2025-05-01T11:15:27.001+0000] {dag.py:3954} INFO - Setting next_dagrun for example_params_trigger_ui to None, run_after=None
[2025-05-01T11:15:27.057+0000] {processor.py:183} INFO - Processing /home/airflow/.local/lib/python3.12/site-packages/airflow/example_dags/example_params_trigger_ui.py took 0.275 seconds
[2025-05-01T11:15:57.192+0000] {processor.py:161} INFO - Started process (PID=2870) to work on /home/airflow/.local/lib/python3.12/site-packages/airflow/example_dags/example_params_trigger_ui.py
[2025-05-01T11:15:57.195+0000] {processor.py:830} INFO - Processing file /home/airflow/.local/lib/python3.12/site-packages/airflow/example_dags/example_params_trigger_ui.py for tasks to queue
[2025-05-01T11:15:57.200+0000] {logging_mixin.py:188} INFO - [2025-05-01T11:15:57.199+0000] {dagbag.py:545} INFO - Filling up the DagBag from /home/airflow/.local/lib/python3.12/site-packages/airflow/example_dags/example_params_trigger_ui.py
[2025-05-01T11:15:57.232+0000] {processor.py:840} INFO - DAG(s) 'example_params_trigger_ui' retrieved from /home/airflow/.local/lib/python3.12/site-packages/airflow/example_dags/example_params_trigger_ui.py
[2025-05-01T11:15:57.342+0000] {logging_mixin.py:188} INFO - [2025-05-01T11:15:57.342+0000] {dag.py:3096} INFO - Sync 1 DAGs
[2025-05-01T11:15:57.377+0000] {logging_mixin.py:188} INFO - [2025-05-01T11:15:57.376+0000] {dag.py:3954} INFO - Setting next_dagrun for example_params_trigger_ui to None, run_after=None
[2025-05-01T11:15:57.436+0000] {processor.py:183} INFO - Processing /home/airflow/.local/lib/python3.12/site-packages/airflow/example_dags/example_params_trigger_ui.py took 0.258 seconds
[2025-05-01T11:16:27.845+0000] {processor.py:161} INFO - Started process (PID=2929) to work on /home/airflow/.local/lib/python3.12/site-packages/airflow/example_dags/example_params_trigger_ui.py
[2025-05-01T11:16:27.848+0000] {processor.py:830} INFO - Processing file /home/airflow/.local/lib/python3.12/site-packages/airflow/example_dags/example_params_trigger_ui.py for tasks to queue
[2025-05-01T11:16:27.853+0000] {logging_mixin.py:188} INFO - [2025-05-01T11:16:27.853+0000] {dagbag.py:545} INFO - Filling up the DagBag from /home/airflow/.local/lib/python3.12/site-packages/airflow/example_dags/example_params_trigger_ui.py
[2025-05-01T11:16:27.891+0000] {processor.py:840} INFO - DAG(s) 'example_params_trigger_ui' retrieved from /home/airflow/.local/lib/python3.12/site-packages/airflow/example_dags/example_params_trigger_ui.py
[2025-05-01T11:16:28.013+0000] {logging_mixin.py:188} INFO - [2025-05-01T11:16:28.013+0000] {dag.py:3096} INFO - Sync 1 DAGs
[2025-05-01T11:16:28.047+0000] {logging_mixin.py:188} INFO - [2025-05-01T11:16:28.046+0000] {dag.py:3954} INFO - Setting next_dagrun for example_params_trigger_ui to None, run_after=None
[2025-05-01T11:16:28.094+0000] {processor.py:183} INFO - Processing /home/airflow/.local/lib/python3.12/site-packages/airflow/example_dags/example_params_trigger_ui.py took 0.267 seconds
[2025-05-01T11:16:58.309+0000] {processor.py:161} INFO - Started process (PID=2989) to work on /home/airflow/.local/lib/python3.12/site-packages/airflow/example_dags/example_params_trigger_ui.py
[2025-05-01T11:16:58.313+0000] {processor.py:830} INFO - Processing file /home/airflow/.local/lib/python3.12/site-packages/airflow/example_dags/example_params_trigger_ui.py for tasks to queue
[2025-05-01T11:16:58.321+0000] {logging_mixin.py:188} INFO - [2025-05-01T11:16:58.319+0000] {dagbag.py:545} INFO - Filling up the DagBag from /home/airflow/.local/lib/python3.12/site-packages/airflow/example_dags/example_params_trigger_ui.py
[2025-05-01T11:16:58.359+0000] {processor.py:840} INFO - DAG(s) 'example_params_trigger_ui' retrieved from /home/airflow/.local/lib/python3.12/site-packages/airflow/example_dags/example_params_trigger_ui.py
[2025-05-01T11:16:58.501+0000] {logging_mixin.py:188} INFO - [2025-05-01T11:16:58.500+0000] {dag.py:3096} INFO - Sync 1 DAGs
[2025-05-01T11:16:58.533+0000] {logging_mixin.py:188} INFO - [2025-05-01T11:16:58.533+0000] {dag.py:3954} INFO - Setting next_dagrun for example_params_trigger_ui to None, run_after=None
[2025-05-01T11:16:58.591+0000] {processor.py:183} INFO - Processing /home/airflow/.local/lib/python3.12/site-packages/airflow/example_dags/example_params_trigger_ui.py took 0.306 seconds
[2025-05-01T11:17:29.190+0000] {processor.py:161} INFO - Started process (PID=3048) to work on /home/airflow/.local/lib/python3.12/site-packages/airflow/example_dags/example_params_trigger_ui.py
[2025-05-01T11:17:29.193+0000] {processor.py:830} INFO - Processing file /home/airflow/.local/lib/python3.12/site-packages/airflow/example_dags/example_params_trigger_ui.py for tasks to queue
[2025-05-01T11:17:29.198+0000] {logging_mixin.py:188} INFO - [2025-05-01T11:17:29.197+0000] {dagbag.py:545} INFO - Filling up the DagBag from /home/airflow/.local/lib/python3.12/site-packages/airflow/example_dags/example_params_trigger_ui.py
[2025-05-01T11:17:29.232+0000] {processor.py:840} INFO - DAG(s) 'example_params_trigger_ui' retrieved from /home/airflow/.local/lib/python3.12/site-packages/airflow/example_dags/example_params_trigger_ui.py
[2025-05-01T11:17:29.350+0000] {logging_mixin.py:188} INFO - [2025-05-01T11:17:29.349+0000] {dag.py:3096} INFO - Sync 1 DAGs
[2025-05-01T11:17:29.380+0000] {logging_mixin.py:188} INFO - [2025-05-01T11:17:29.379+0000] {dag.py:3954} INFO - Setting next_dagrun for example_params_trigger_ui to None, run_after=None
[2025-05-01T11:17:29.431+0000] {processor.py:183} INFO - Processing /home/airflow/.local/lib/python3.12/site-packages/airflow/example_dags/example_params_trigger_ui.py took 0.254 seconds
[2025-05-01T11:17:59.614+0000] {processor.py:161} INFO - Started process (PID=3107) to work on /home/airflow/.local/lib/python3.12/site-packages/airflow/example_dags/example_params_trigger_ui.py
[2025-05-01T11:17:59.617+0000] {processor.py:830} INFO - Processing file /home/airflow/.local/lib/python3.12/site-packages/airflow/example_dags/example_params_trigger_ui.py for tasks to queue
[2025-05-01T11:17:59.622+0000] {logging_mixin.py:188} INFO - [2025-05-01T11:17:59.621+0000] {dagbag.py:545} INFO - Filling up the DagBag from /home/airflow/.local/lib/python3.12/site-packages/airflow/example_dags/example_params_trigger_ui.py
[2025-05-01T11:17:59.658+0000] {processor.py:840} INFO - DAG(s) 'example_params_trigger_ui' retrieved from /home/airflow/.local/lib/python3.12/site-packages/airflow/example_dags/example_params_trigger_ui.py
[2025-05-01T11:17:59.801+0000] {logging_mixin.py:188} INFO - [2025-05-01T11:17:59.800+0000] {dag.py:3096} INFO - Sync 1 DAGs
[2025-05-01T11:17:59.837+0000] {logging_mixin.py:188} INFO - [2025-05-01T11:17:59.836+0000] {dag.py:3954} INFO - Setting next_dagrun for example_params_trigger_ui to None, run_after=None
[2025-05-01T11:17:59.893+0000] {processor.py:183} INFO - Processing /home/airflow/.local/lib/python3.12/site-packages/airflow/example_dags/example_params_trigger_ui.py took 0.298 seconds
[2025-05-01T11:18:30.071+0000] {processor.py:161} INFO - Started process (PID=3166) to work on /home/airflow/.local/lib/python3.12/site-packages/airflow/example_dags/example_params_trigger_ui.py
[2025-05-01T11:18:30.073+0000] {processor.py:830} INFO - Processing file /home/airflow/.local/lib/python3.12/site-packages/airflow/example_dags/example_params_trigger_ui.py for tasks to queue
[2025-05-01T11:18:30.078+0000] {logging_mixin.py:188} INFO - [2025-05-01T11:18:30.077+0000] {dagbag.py:545} INFO - Filling up the DagBag from /home/airflow/.local/lib/python3.12/site-packages/airflow/example_dags/example_params_trigger_ui.py
[2025-05-01T11:18:30.108+0000] {processor.py:840} INFO - DAG(s) 'example_params_trigger_ui' retrieved from /home/airflow/.local/lib/python3.12/site-packages/airflow/example_dags/example_params_trigger_ui.py
[2025-05-01T11:18:30.233+0000] {logging_mixin.py:188} INFO - [2025-05-01T11:18:30.232+0000] {dag.py:3096} INFO - Sync 1 DAGs
[2025-05-01T11:18:30.265+0000] {logging_mixin.py:188} INFO - [2025-05-01T11:18:30.264+0000] {dag.py:3954} INFO - Setting next_dagrun for example_params_trigger_ui to None, run_after=None
[2025-05-01T11:18:30.329+0000] {processor.py:183} INFO - Processing /home/airflow/.local/lib/python3.12/site-packages/airflow/example_dags/example_params_trigger_ui.py took 0.271 seconds
[2025-05-01T11:19:01.044+0000] {processor.py:161} INFO - Started process (PID=3226) to work on /home/airflow/.local/lib/python3.12/site-packages/airflow/example_dags/example_params_trigger_ui.py
[2025-05-01T11:19:01.047+0000] {processor.py:830} INFO - Processing file /home/airflow/.local/lib/python3.12/site-packages/airflow/example_dags/example_params_trigger_ui.py for tasks to queue
[2025-05-01T11:19:01.052+0000] {logging_mixin.py:188} INFO - [2025-05-01T11:19:01.051+0000] {dagbag.py:545} INFO - Filling up the DagBag from /home/airflow/.local/lib/python3.12/site-packages/airflow/example_dags/example_params_trigger_ui.py
[2025-05-01T11:19:01.085+0000] {processor.py:840} INFO - DAG(s) 'example_params_trigger_ui' retrieved from /home/airflow/.local/lib/python3.12/site-packages/airflow/example_dags/example_params_trigger_ui.py
[2025-05-01T11:19:01.251+0000] {logging_mixin.py:188} INFO - [2025-05-01T11:19:01.250+0000] {dag.py:3096} INFO - Sync 1 DAGs
[2025-05-01T11:19:01.285+0000] {logging_mixin.py:188} INFO - [2025-05-01T11:19:01.284+0000] {dag.py:3954} INFO - Setting next_dagrun for example_params_trigger_ui to None, run_after=None
[2025-05-01T11:19:01.346+0000] {processor.py:183} INFO - Processing /home/airflow/.local/lib/python3.12/site-packages/airflow/example_dags/example_params_trigger_ui.py took 0.314 seconds
[2025-05-01T11:19:31.862+0000] {processor.py:161} INFO - Started process (PID=3285) to work on /home/airflow/.local/lib/python3.12/site-packages/airflow/example_dags/example_params_trigger_ui.py
[2025-05-01T11:19:31.865+0000] {processor.py:830} INFO - Processing file /home/airflow/.local/lib/python3.12/site-packages/airflow/example_dags/example_params_trigger_ui.py for tasks to queue
[2025-05-01T11:19:31.871+0000] {logging_mixin.py:188} INFO - [2025-05-01T11:19:31.870+0000] {dagbag.py:545} INFO - Filling up the DagBag from /home/airflow/.local/lib/python3.12/site-packages/airflow/example_dags/example_params_trigger_ui.py
[2025-05-01T11:19:31.927+0000] {processor.py:840} INFO - DAG(s) 'example_params_trigger_ui' retrieved from /home/airflow/.local/lib/python3.12/site-packages/airflow/example_dags/example_params_trigger_ui.py
[2025-05-01T11:19:32.088+0000] {logging_mixin.py:188} INFO - [2025-05-01T11:19:32.088+0000] {dag.py:3096} INFO - Sync 1 DAGs
[2025-05-01T11:19:32.117+0000] {logging_mixin.py:188} INFO - [2025-05-01T11:19:32.116+0000] {dag.py:3954} INFO - Setting next_dagrun for example_params_trigger_ui to None, run_after=None
[2025-05-01T11:19:32.166+0000] {processor.py:183} INFO - Processing /home/airflow/.local/lib/python3.12/site-packages/airflow/example_dags/example_params_trigger_ui.py took 0.324 seconds
[2025-05-01T11:20:02.825+0000] {processor.py:161} INFO - Started process (PID=3344) to work on /home/airflow/.local/lib/python3.12/site-packages/airflow/example_dags/example_params_trigger_ui.py
[2025-05-01T11:20:02.828+0000] {processor.py:830} INFO - Processing file /home/airflow/.local/lib/python3.12/site-packages/airflow/example_dags/example_params_trigger_ui.py for tasks to queue
[2025-05-01T11:20:02.833+0000] {logging_mixin.py:188} INFO - [2025-05-01T11:20:02.832+0000] {dagbag.py:545} INFO - Filling up the DagBag from /home/airflow/.local/lib/python3.12/site-packages/airflow/example_dags/example_params_trigger_ui.py
[2025-05-01T11:20:02.886+0000] {processor.py:840} INFO - DAG(s) 'example_params_trigger_ui' retrieved from /home/airflow/.local/lib/python3.12/site-packages/airflow/example_dags/example_params_trigger_ui.py
[2025-05-01T11:20:03.045+0000] {logging_mixin.py:188} INFO - [2025-05-01T11:20:03.044+0000] {dag.py:3096} INFO - Sync 1 DAGs
[2025-05-01T11:20:03.086+0000] {logging_mixin.py:188} INFO - [2025-05-01T11:20:03.085+0000] {dag.py:3954} INFO - Setting next_dagrun for example_params_trigger_ui to None, run_after=None
[2025-05-01T11:20:03.154+0000] {processor.py:183} INFO - Processing /home/airflow/.local/lib/python3.12/site-packages/airflow/example_dags/example_params_trigger_ui.py took 0.349 seconds
[2025-05-01T11:20:33.505+0000] {processor.py:161} INFO - Started process (PID=3403) to work on /home/airflow/.local/lib/python3.12/site-packages/airflow/example_dags/example_params_trigger_ui.py
[2025-05-01T11:20:33.508+0000] {processor.py:830} INFO - Processing file /home/airflow/.local/lib/python3.12/site-packages/airflow/example_dags/example_params_trigger_ui.py for tasks to queue
[2025-05-01T11:20:33.513+0000] {logging_mixin.py:188} INFO - [2025-05-01T11:20:33.512+0000] {dagbag.py:545} INFO - Filling up the DagBag from /home/airflow/.local/lib/python3.12/site-packages/airflow/example_dags/example_params_trigger_ui.py
[2025-05-01T11:20:33.545+0000] {processor.py:840} INFO - DAG(s) 'example_params_trigger_ui' retrieved from /home/airflow/.local/lib/python3.12/site-packages/airflow/example_dags/example_params_trigger_ui.py
[2025-05-01T11:20:33.692+0000] {logging_mixin.py:188} INFO - [2025-05-01T11:20:33.691+0000] {dag.py:3096} INFO - Sync 1 DAGs
[2025-05-01T11:20:33.734+0000] {logging_mixin.py:188} INFO - [2025-05-01T11:20:33.733+0000] {dag.py:3954} INFO - Setting next_dagrun for example_params_trigger_ui to None, run_after=None
[2025-05-01T11:20:33.797+0000] {processor.py:183} INFO - Processing /home/airflow/.local/lib/python3.12/site-packages/airflow/example_dags/example_params_trigger_ui.py took 0.304 seconds
[2025-05-01T11:21:03.992+0000] {processor.py:161} INFO - Started process (PID=3462) to work on /home/airflow/.local/lib/python3.12/site-packages/airflow/example_dags/example_params_trigger_ui.py
[2025-05-01T11:21:03.995+0000] {processor.py:830} INFO - Processing file /home/airflow/.local/lib/python3.12/site-packages/airflow/example_dags/example_params_trigger_ui.py for tasks to queue
[2025-05-01T11:21:04.000+0000] {logging_mixin.py:188} INFO - [2025-05-01T11:21:03.999+0000] {dagbag.py:545} INFO - Filling up the DagBag from /home/airflow/.local/lib/python3.12/site-packages/airflow/example_dags/example_params_trigger_ui.py
[2025-05-01T11:21:04.033+0000] {processor.py:840} INFO - DAG(s) 'example_params_trigger_ui' retrieved from /home/airflow/.local/lib/python3.12/site-packages/airflow/example_dags/example_params_trigger_ui.py
[2025-05-01T11:21:04.159+0000] {logging_mixin.py:188} INFO - [2025-05-01T11:21:04.158+0000] {dag.py:3096} INFO - Sync 1 DAGs
[2025-05-01T11:21:04.199+0000] {logging_mixin.py:188} INFO - [2025-05-01T11:21:04.198+0000] {dag.py:3954} INFO - Setting next_dagrun for example_params_trigger_ui to None, run_after=None
[2025-05-01T11:21:04.259+0000] {processor.py:183} INFO - Processing /home/airflow/.local/lib/python3.12/site-packages/airflow/example_dags/example_params_trigger_ui.py took 0.280 seconds
[2025-05-01T11:21:34.443+0000] {processor.py:161} INFO - Started process (PID=3521) to work on /home/airflow/.local/lib/python3.12/site-packages/airflow/example_dags/example_params_trigger_ui.py
[2025-05-01T11:21:34.445+0000] {processor.py:830} INFO - Processing file /home/airflow/.local/lib/python3.12/site-packages/airflow/example_dags/example_params_trigger_ui.py for tasks to queue
[2025-05-01T11:21:34.449+0000] {logging_mixin.py:188} INFO - [2025-05-01T11:21:34.448+0000] {dagbag.py:545} INFO - Filling up the DagBag from /home/airflow/.local/lib/python3.12/site-packages/airflow/example_dags/example_params_trigger_ui.py
[2025-05-01T11:21:34.479+0000] {processor.py:840} INFO - DAG(s) 'example_params_trigger_ui' retrieved from /home/airflow/.local/lib/python3.12/site-packages/airflow/example_dags/example_params_trigger_ui.py
[2025-05-01T11:21:34.582+0000] {logging_mixin.py:188} INFO - [2025-05-01T11:21:34.581+0000] {dag.py:3096} INFO - Sync 1 DAGs
[2025-05-01T11:21:34.613+0000] {logging_mixin.py:188} INFO - [2025-05-01T11:21:34.612+0000] {dag.py:3954} INFO - Setting next_dagrun for example_params_trigger_ui to None, run_after=None
[2025-05-01T11:21:34.756+0000] {processor.py:183} INFO - Processing /home/airflow/.local/lib/python3.12/site-packages/airflow/example_dags/example_params_trigger_ui.py took 0.327 seconds
[2025-05-01T11:22:05.797+0000] {processor.py:161} INFO - Started process (PID=3580) to work on /home/airflow/.local/lib/python3.12/site-packages/airflow/example_dags/example_params_trigger_ui.py
[2025-05-01T11:22:05.800+0000] {processor.py:830} INFO - Processing file /home/airflow/.local/lib/python3.12/site-packages/airflow/example_dags/example_params_trigger_ui.py for tasks to queue
[2025-05-01T11:22:05.805+0000] {logging_mixin.py:188} INFO - [2025-05-01T11:22:05.804+0000] {dagbag.py:545} INFO - Filling up the DagBag from /home/airflow/.local/lib/python3.12/site-packages/airflow/example_dags/example_params_trigger_ui.py
[2025-05-01T11:22:05.837+0000] {processor.py:840} INFO - DAG(s) 'example_params_trigger_ui' retrieved from /home/airflow/.local/lib/python3.12/site-packages/airflow/example_dags/example_params_trigger_ui.py
[2025-05-01T11:22:06.001+0000] {logging_mixin.py:188} INFO - [2025-05-01T11:22:06.000+0000] {dag.py:3096} INFO - Sync 1 DAGs
[2025-05-01T11:22:06.040+0000] {logging_mixin.py:188} INFO - [2025-05-01T11:22:06.039+0000] {dag.py:3954} INFO - Setting next_dagrun for example_params_trigger_ui to None, run_after=None
[2025-05-01T11:22:06.092+0000] {processor.py:183} INFO - Processing /home/airflow/.local/lib/python3.12/site-packages/airflow/example_dags/example_params_trigger_ui.py took 0.313 seconds
[2025-05-01T11:22:36.473+0000] {processor.py:161} INFO - Started process (PID=3639) to work on /home/airflow/.local/lib/python3.12/site-packages/airflow/example_dags/example_params_trigger_ui.py
[2025-05-01T11:22:36.476+0000] {processor.py:830} INFO - Processing file /home/airflow/.local/lib/python3.12/site-packages/airflow/example_dags/example_params_trigger_ui.py for tasks to queue
[2025-05-01T11:22:36.481+0000] {logging_mixin.py:188} INFO - [2025-05-01T11:22:36.480+0000] {dagbag.py:545} INFO - Filling up the DagBag from /home/airflow/.local/lib/python3.12/site-packages/airflow/example_dags/example_params_trigger_ui.py
[2025-05-01T11:22:36.513+0000] {processor.py:840} INFO - DAG(s) 'example_params_trigger_ui' retrieved from /home/airflow/.local/lib/python3.12/site-packages/airflow/example_dags/example_params_trigger_ui.py
[2025-05-01T11:22:36.633+0000] {logging_mixin.py:188} INFO - [2025-05-01T11:22:36.633+0000] {dag.py:3096} INFO - Sync 1 DAGs
[2025-05-01T11:22:36.666+0000] {logging_mixin.py:188} INFO - [2025-05-01T11:22:36.666+0000] {dag.py:3954} INFO - Setting next_dagrun for example_params_trigger_ui to None, run_after=None
[2025-05-01T11:22:36.762+0000] {processor.py:183} INFO - Processing /home/airflow/.local/lib/python3.12/site-packages/airflow/example_dags/example_params_trigger_ui.py took 0.303 seconds
[2025-05-01T11:23:07.025+0000] {processor.py:161} INFO - Started process (PID=3698) to work on /home/airflow/.local/lib/python3.12/site-packages/airflow/example_dags/example_params_trigger_ui.py
[2025-05-01T11:23:07.028+0000] {processor.py:830} INFO - Processing file /home/airflow/.local/lib/python3.12/site-packages/airflow/example_dags/example_params_trigger_ui.py for tasks to queue
[2025-05-01T11:23:07.034+0000] {logging_mixin.py:188} INFO - [2025-05-01T11:23:07.033+0000] {dagbag.py:545} INFO - Filling up the DagBag from /home/airflow/.local/lib/python3.12/site-packages/airflow/example_dags/example_params_trigger_ui.py
[2025-05-01T11:23:07.072+0000] {processor.py:840} INFO - DAG(s) 'example_params_trigger_ui' retrieved from /home/airflow/.local/lib/python3.12/site-packages/airflow/example_dags/example_params_trigger_ui.py
[2025-05-01T11:23:07.210+0000] {logging_mixin.py:188} INFO - [2025-05-01T11:23:07.209+0000] {dag.py:3096} INFO - Sync 1 DAGs
[2025-05-01T11:23:07.251+0000] {logging_mixin.py:188} INFO - [2025-05-01T11:23:07.251+0000] {dag.py:3954} INFO - Setting next_dagrun for example_params_trigger_ui to None, run_after=None
[2025-05-01T11:23:07.344+0000] {processor.py:183} INFO - Processing /home/airflow/.local/lib/python3.12/site-packages/airflow/example_dags/example_params_trigger_ui.py took 0.333 seconds
[2025-05-01T11:23:37.536+0000] {processor.py:161} INFO - Started process (PID=3756) to work on /home/airflow/.local/lib/python3.12/site-packages/airflow/example_dags/example_params_trigger_ui.py
[2025-05-01T11:23:37.538+0000] {processor.py:830} INFO - Processing file /home/airflow/.local/lib/python3.12/site-packages/airflow/example_dags/example_params_trigger_ui.py for tasks to queue
[2025-05-01T11:23:37.543+0000] {logging_mixin.py:188} INFO - [2025-05-01T11:23:37.542+0000] {dagbag.py:545} INFO - Filling up the DagBag from /home/airflow/.local/lib/python3.12/site-packages/airflow/example_dags/example_params_trigger_ui.py
[2025-05-01T11:23:37.573+0000] {processor.py:840} INFO - DAG(s) 'example_params_trigger_ui' retrieved from /home/airflow/.local/lib/python3.12/site-packages/airflow/example_dags/example_params_trigger_ui.py
[2025-05-01T11:23:37.692+0000] {logging_mixin.py:188} INFO - [2025-05-01T11:23:37.691+0000] {dag.py:3096} INFO - Sync 1 DAGs
[2025-05-01T11:23:37.722+0000] {logging_mixin.py:188} INFO - [2025-05-01T11:23:37.722+0000] {dag.py:3954} INFO - Setting next_dagrun for example_params_trigger_ui to None, run_after=None
[2025-05-01T11:23:37.818+0000] {processor.py:183} INFO - Processing /home/airflow/.local/lib/python3.12/site-packages/airflow/example_dags/example_params_trigger_ui.py took 0.295 seconds
[2025-05-01T11:24:08.474+0000] {processor.py:161} INFO - Started process (PID=3817) to work on /home/airflow/.local/lib/python3.12/site-packages/airflow/example_dags/example_params_trigger_ui.py
[2025-05-01T11:24:08.477+0000] {processor.py:830} INFO - Processing file /home/airflow/.local/lib/python3.12/site-packages/airflow/example_dags/example_params_trigger_ui.py for tasks to queue
[2025-05-01T11:24:08.481+0000] {logging_mixin.py:188} INFO - [2025-05-01T11:24:08.480+0000] {dagbag.py:545} INFO - Filling up the DagBag from /home/airflow/.local/lib/python3.12/site-packages/airflow/example_dags/example_params_trigger_ui.py
[2025-05-01T11:24:08.515+0000] {processor.py:840} INFO - DAG(s) 'example_params_trigger_ui' retrieved from /home/airflow/.local/lib/python3.12/site-packages/airflow/example_dags/example_params_trigger_ui.py
[2025-05-01T11:24:08.678+0000] {logging_mixin.py:188} INFO - [2025-05-01T11:24:08.677+0000] {dag.py:3096} INFO - Sync 1 DAGs
[2025-05-01T11:24:08.723+0000] {logging_mixin.py:188} INFO - [2025-05-01T11:24:08.723+0000] {dag.py:3954} INFO - Setting next_dagrun for example_params_trigger_ui to None, run_after=None
[2025-05-01T11:24:08.791+0000] {processor.py:183} INFO - Processing /home/airflow/.local/lib/python3.12/site-packages/airflow/example_dags/example_params_trigger_ui.py took 0.328 seconds
[2025-05-01T11:24:39.038+0000] {processor.py:161} INFO - Started process (PID=3877) to work on /home/airflow/.local/lib/python3.12/site-packages/airflow/example_dags/example_params_trigger_ui.py
[2025-05-01T11:24:39.043+0000] {processor.py:830} INFO - Processing file /home/airflow/.local/lib/python3.12/site-packages/airflow/example_dags/example_params_trigger_ui.py for tasks to queue
[2025-05-01T11:24:39.048+0000] {logging_mixin.py:188} INFO - [2025-05-01T11:24:39.047+0000] {dagbag.py:545} INFO - Filling up the DagBag from /home/airflow/.local/lib/python3.12/site-packages/airflow/example_dags/example_params_trigger_ui.py
[2025-05-01T11:24:39.096+0000] {processor.py:840} INFO - DAG(s) 'example_params_trigger_ui' retrieved from /home/airflow/.local/lib/python3.12/site-packages/airflow/example_dags/example_params_trigger_ui.py
[2025-05-01T11:24:39.228+0000] {logging_mixin.py:188} INFO - [2025-05-01T11:24:39.227+0000] {dag.py:3096} INFO - Sync 1 DAGs
[2025-05-01T11:24:39.262+0000] {logging_mixin.py:188} INFO - [2025-05-01T11:24:39.262+0000] {dag.py:3954} INFO - Setting next_dagrun for example_params_trigger_ui to None, run_after=None
[2025-05-01T11:24:39.328+0000] {processor.py:183} INFO - Processing /home/airflow/.local/lib/python3.12/site-packages/airflow/example_dags/example_params_trigger_ui.py took 0.307 seconds
[2025-05-01T11:25:09.560+0000] {processor.py:161} INFO - Started process (PID=3936) to work on /home/airflow/.local/lib/python3.12/site-packages/airflow/example_dags/example_params_trigger_ui.py
[2025-05-01T11:25:09.563+0000] {processor.py:830} INFO - Processing file /home/airflow/.local/lib/python3.12/site-packages/airflow/example_dags/example_params_trigger_ui.py for tasks to queue
[2025-05-01T11:25:09.568+0000] {logging_mixin.py:188} INFO - [2025-05-01T11:25:09.567+0000] {dagbag.py:545} INFO - Filling up the DagBag from /home/airflow/.local/lib/python3.12/site-packages/airflow/example_dags/example_params_trigger_ui.py
[2025-05-01T11:25:09.604+0000] {processor.py:840} INFO - DAG(s) 'example_params_trigger_ui' retrieved from /home/airflow/.local/lib/python3.12/site-packages/airflow/example_dags/example_params_trigger_ui.py
[2025-05-01T11:25:09.735+0000] {logging_mixin.py:188} INFO - [2025-05-01T11:25:09.734+0000] {dag.py:3096} INFO - Sync 1 DAGs
[2025-05-01T11:25:09.774+0000] {logging_mixin.py:188} INFO - [2025-05-01T11:25:09.772+0000] {dag.py:3954} INFO - Setting next_dagrun for example_params_trigger_ui to None, run_after=None
[2025-05-01T11:25:09.864+0000] {processor.py:183} INFO - Processing /home/airflow/.local/lib/python3.12/site-packages/airflow/example_dags/example_params_trigger_ui.py took 0.318 seconds
[2025-05-01T11:25:39.996+0000] {processor.py:161} INFO - Started process (PID=3995) to work on /home/airflow/.local/lib/python3.12/site-packages/airflow/example_dags/example_params_trigger_ui.py
[2025-05-01T11:25:39.998+0000] {processor.py:830} INFO - Processing file /home/airflow/.local/lib/python3.12/site-packages/airflow/example_dags/example_params_trigger_ui.py for tasks to queue
[2025-05-01T11:25:40.003+0000] {logging_mixin.py:188} INFO - [2025-05-01T11:25:40.002+0000] {dagbag.py:545} INFO - Filling up the DagBag from /home/airflow/.local/lib/python3.12/site-packages/airflow/example_dags/example_params_trigger_ui.py
[2025-05-01T11:25:40.038+0000] {processor.py:840} INFO - DAG(s) 'example_params_trigger_ui' retrieved from /home/airflow/.local/lib/python3.12/site-packages/airflow/example_dags/example_params_trigger_ui.py
[2025-05-01T11:25:40.173+0000] {logging_mixin.py:188} INFO - [2025-05-01T11:25:40.172+0000] {dag.py:3096} INFO - Sync 1 DAGs
[2025-05-01T11:25:40.226+0000] {logging_mixin.py:188} INFO - [2025-05-01T11:25:40.226+0000] {dag.py:3954} INFO - Setting next_dagrun for example_params_trigger_ui to None, run_after=None
[2025-05-01T11:25:40.319+0000] {processor.py:183} INFO - Processing /home/airflow/.local/lib/python3.12/site-packages/airflow/example_dags/example_params_trigger_ui.py took 0.348 seconds
[2025-05-01T11:31:47.378+0000] {processor.py:161} INFO - Started process (PID=100) to work on /home/airflow/.local/lib/python3.12/site-packages/airflow/example_dags/example_params_trigger_ui.py
[2025-05-01T11:31:47.381+0000] {processor.py:830} INFO - Processing file /home/airflow/.local/lib/python3.12/site-packages/airflow/example_dags/example_params_trigger_ui.py for tasks to queue
[2025-05-01T11:31:47.387+0000] {logging_mixin.py:188} INFO - [2025-05-01T11:31:47.386+0000] {dagbag.py:545} INFO - Filling up the DagBag from /home/airflow/.local/lib/python3.12/site-packages/airflow/example_dags/example_params_trigger_ui.py
[2025-05-01T11:31:47.422+0000] {processor.py:840} INFO - DAG(s) 'example_params_trigger_ui' retrieved from /home/airflow/.local/lib/python3.12/site-packages/airflow/example_dags/example_params_trigger_ui.py
[2025-05-01T11:31:47.794+0000] {logging_mixin.py:188} INFO - [2025-05-01T11:31:47.794+0000] {dag.py:3096} INFO - Sync 1 DAGs
[2025-05-01T11:31:47.819+0000] {logging_mixin.py:188} INFO - [2025-05-01T11:31:47.818+0000] {dag.py:3954} INFO - Setting next_dagrun for example_params_trigger_ui to None, run_after=None
[2025-05-01T11:31:47.911+0000] {processor.py:183} INFO - Processing /home/airflow/.local/lib/python3.12/site-packages/airflow/example_dags/example_params_trigger_ui.py took 0.550 seconds
[2025-05-01T11:32:18.258+0000] {processor.py:161} INFO - Started process (PID=159) to work on /home/airflow/.local/lib/python3.12/site-packages/airflow/example_dags/example_params_trigger_ui.py
[2025-05-01T11:32:18.260+0000] {processor.py:830} INFO - Processing file /home/airflow/.local/lib/python3.12/site-packages/airflow/example_dags/example_params_trigger_ui.py for tasks to queue
[2025-05-01T11:32:18.264+0000] {logging_mixin.py:188} INFO - [2025-05-01T11:32:18.264+0000] {dagbag.py:545} INFO - Filling up the DagBag from /home/airflow/.local/lib/python3.12/site-packages/airflow/example_dags/example_params_trigger_ui.py
[2025-05-01T11:32:18.291+0000] {processor.py:840} INFO - DAG(s) 'example_params_trigger_ui' retrieved from /home/airflow/.local/lib/python3.12/site-packages/airflow/example_dags/example_params_trigger_ui.py
[2025-05-01T11:32:18.389+0000] {logging_mixin.py:188} INFO - [2025-05-01T11:32:18.388+0000] {dag.py:3096} INFO - Sync 1 DAGs
[2025-05-01T11:32:18.425+0000] {logging_mixin.py:188} INFO - [2025-05-01T11:32:18.424+0000] {dag.py:3954} INFO - Setting next_dagrun for example_params_trigger_ui to None, run_after=None
[2025-05-01T11:32:18.475+0000] {processor.py:183} INFO - Processing /home/airflow/.local/lib/python3.12/site-packages/airflow/example_dags/example_params_trigger_ui.py took 0.228 seconds
[2025-05-01T11:32:48.802+0000] {processor.py:161} INFO - Started process (PID=218) to work on /home/airflow/.local/lib/python3.12/site-packages/airflow/example_dags/example_params_trigger_ui.py
[2025-05-01T11:32:48.805+0000] {processor.py:830} INFO - Processing file /home/airflow/.local/lib/python3.12/site-packages/airflow/example_dags/example_params_trigger_ui.py for tasks to queue
[2025-05-01T11:32:48.808+0000] {logging_mixin.py:188} INFO - [2025-05-01T11:32:48.808+0000] {dagbag.py:545} INFO - Filling up the DagBag from /home/airflow/.local/lib/python3.12/site-packages/airflow/example_dags/example_params_trigger_ui.py
[2025-05-01T11:32:48.835+0000] {processor.py:840} INFO - DAG(s) 'example_params_trigger_ui' retrieved from /home/airflow/.local/lib/python3.12/site-packages/airflow/example_dags/example_params_trigger_ui.py
[2025-05-01T11:32:48.967+0000] {logging_mixin.py:188} INFO - [2025-05-01T11:32:48.966+0000] {dag.py:3096} INFO - Sync 1 DAGs
[2025-05-01T11:32:48.994+0000] {logging_mixin.py:188} INFO - [2025-05-01T11:32:48.994+0000] {dag.py:3954} INFO - Setting next_dagrun for example_params_trigger_ui to None, run_after=None
[2025-05-01T11:32:49.035+0000] {processor.py:183} INFO - Processing /home/airflow/.local/lib/python3.12/site-packages/airflow/example_dags/example_params_trigger_ui.py took 0.244 seconds
[2025-05-01T11:33:19.480+0000] {processor.py:161} INFO - Started process (PID=277) to work on /home/airflow/.local/lib/python3.12/site-packages/airflow/example_dags/example_params_trigger_ui.py
[2025-05-01T11:33:19.483+0000] {processor.py:830} INFO - Processing file /home/airflow/.local/lib/python3.12/site-packages/airflow/example_dags/example_params_trigger_ui.py for tasks to queue
[2025-05-01T11:33:19.487+0000] {logging_mixin.py:188} INFO - [2025-05-01T11:33:19.486+0000] {dagbag.py:545} INFO - Filling up the DagBag from /home/airflow/.local/lib/python3.12/site-packages/airflow/example_dags/example_params_trigger_ui.py
[2025-05-01T11:33:19.521+0000] {processor.py:840} INFO - DAG(s) 'example_params_trigger_ui' retrieved from /home/airflow/.local/lib/python3.12/site-packages/airflow/example_dags/example_params_trigger_ui.py
[2025-05-01T11:33:19.644+0000] {logging_mixin.py:188} INFO - [2025-05-01T11:33:19.644+0000] {dag.py:3096} INFO - Sync 1 DAGs
[2025-05-01T11:33:19.672+0000] {logging_mixin.py:188} INFO - [2025-05-01T11:33:19.672+0000] {dag.py:3954} INFO - Setting next_dagrun for example_params_trigger_ui to None, run_after=None
[2025-05-01T11:33:19.720+0000] {processor.py:183} INFO - Processing /home/airflow/.local/lib/python3.12/site-packages/airflow/example_dags/example_params_trigger_ui.py took 0.254 seconds
[2025-05-01T11:33:50.112+0000] {processor.py:161} INFO - Started process (PID=335) to work on /home/airflow/.local/lib/python3.12/site-packages/airflow/example_dags/example_params_trigger_ui.py
[2025-05-01T11:33:50.116+0000] {processor.py:830} INFO - Processing file /home/airflow/.local/lib/python3.12/site-packages/airflow/example_dags/example_params_trigger_ui.py for tasks to queue
[2025-05-01T11:33:50.126+0000] {logging_mixin.py:188} INFO - [2025-05-01T11:33:50.124+0000] {dagbag.py:545} INFO - Filling up the DagBag from /home/airflow/.local/lib/python3.12/site-packages/airflow/example_dags/example_params_trigger_ui.py
[2025-05-01T11:33:50.165+0000] {processor.py:840} INFO - DAG(s) 'example_params_trigger_ui' retrieved from /home/airflow/.local/lib/python3.12/site-packages/airflow/example_dags/example_params_trigger_ui.py
[2025-05-01T11:33:50.269+0000] {logging_mixin.py:188} INFO - [2025-05-01T11:33:50.268+0000] {dag.py:3096} INFO - Sync 1 DAGs
[2025-05-01T11:33:50.297+0000] {logging_mixin.py:188} INFO - [2025-05-01T11:33:50.296+0000] {dag.py:3954} INFO - Setting next_dagrun for example_params_trigger_ui to None, run_after=None
[2025-05-01T11:33:50.380+0000] {processor.py:183} INFO - Processing /home/airflow/.local/lib/python3.12/site-packages/airflow/example_dags/example_params_trigger_ui.py took 0.280 seconds
[2025-05-01T11:34:21.120+0000] {processor.py:161} INFO - Started process (PID=395) to work on /home/airflow/.local/lib/python3.12/site-packages/airflow/example_dags/example_params_trigger_ui.py
[2025-05-01T11:34:21.123+0000] {processor.py:830} INFO - Processing file /home/airflow/.local/lib/python3.12/site-packages/airflow/example_dags/example_params_trigger_ui.py for tasks to queue
[2025-05-01T11:34:21.128+0000] {logging_mixin.py:188} INFO - [2025-05-01T11:34:21.127+0000] {dagbag.py:545} INFO - Filling up the DagBag from /home/airflow/.local/lib/python3.12/site-packages/airflow/example_dags/example_params_trigger_ui.py
[2025-05-01T11:34:21.163+0000] {processor.py:840} INFO - DAG(s) 'example_params_trigger_ui' retrieved from /home/airflow/.local/lib/python3.12/site-packages/airflow/example_dags/example_params_trigger_ui.py
[2025-05-01T11:34:21.286+0000] {logging_mixin.py:188} INFO - [2025-05-01T11:34:21.285+0000] {dag.py:3096} INFO - Sync 1 DAGs
[2025-05-01T11:34:21.315+0000] {logging_mixin.py:188} INFO - [2025-05-01T11:34:21.314+0000] {dag.py:3954} INFO - Setting next_dagrun for example_params_trigger_ui to None, run_after=None
[2025-05-01T11:34:21.362+0000] {processor.py:183} INFO - Processing /home/airflow/.local/lib/python3.12/site-packages/airflow/example_dags/example_params_trigger_ui.py took 0.256 seconds
[2025-05-01T11:34:52.093+0000] {processor.py:161} INFO - Started process (PID=454) to work on /home/airflow/.local/lib/python3.12/site-packages/airflow/example_dags/example_params_trigger_ui.py
[2025-05-01T11:34:52.096+0000] {processor.py:830} INFO - Processing file /home/airflow/.local/lib/python3.12/site-packages/airflow/example_dags/example_params_trigger_ui.py for tasks to queue
[2025-05-01T11:34:52.101+0000] {logging_mixin.py:188} INFO - [2025-05-01T11:34:52.100+0000] {dagbag.py:545} INFO - Filling up the DagBag from /home/airflow/.local/lib/python3.12/site-packages/airflow/example_dags/example_params_trigger_ui.py
[2025-05-01T11:34:52.130+0000] {processor.py:840} INFO - DAG(s) 'example_params_trigger_ui' retrieved from /home/airflow/.local/lib/python3.12/site-packages/airflow/example_dags/example_params_trigger_ui.py
[2025-05-01T11:34:52.241+0000] {logging_mixin.py:188} INFO - [2025-05-01T11:34:52.240+0000] {dag.py:3096} INFO - Sync 1 DAGs
[2025-05-01T11:34:52.273+0000] {logging_mixin.py:188} INFO - [2025-05-01T11:34:52.273+0000] {dag.py:3954} INFO - Setting next_dagrun for example_params_trigger_ui to None, run_after=None
[2025-05-01T11:34:52.369+0000] {processor.py:183} INFO - Processing /home/airflow/.local/lib/python3.12/site-packages/airflow/example_dags/example_params_trigger_ui.py took 0.289 seconds
[2025-05-01T11:35:22.663+0000] {processor.py:161} INFO - Started process (PID=513) to work on /home/airflow/.local/lib/python3.12/site-packages/airflow/example_dags/example_params_trigger_ui.py
[2025-05-01T11:35:22.665+0000] {processor.py:830} INFO - Processing file /home/airflow/.local/lib/python3.12/site-packages/airflow/example_dags/example_params_trigger_ui.py for tasks to queue
[2025-05-01T11:35:22.669+0000] {logging_mixin.py:188} INFO - [2025-05-01T11:35:22.668+0000] {dagbag.py:545} INFO - Filling up the DagBag from /home/airflow/.local/lib/python3.12/site-packages/airflow/example_dags/example_params_trigger_ui.py
[2025-05-01T11:35:22.700+0000] {processor.py:840} INFO - DAG(s) 'example_params_trigger_ui' retrieved from /home/airflow/.local/lib/python3.12/site-packages/airflow/example_dags/example_params_trigger_ui.py
[2025-05-01T11:35:22.811+0000] {logging_mixin.py:188} INFO - [2025-05-01T11:35:22.810+0000] {dag.py:3096} INFO - Sync 1 DAGs
[2025-05-01T11:35:22.839+0000] {logging_mixin.py:188} INFO - [2025-05-01T11:35:22.838+0000] {dag.py:3954} INFO - Setting next_dagrun for example_params_trigger_ui to None, run_after=None
[2025-05-01T11:35:22.924+0000] {processor.py:183} INFO - Processing /home/airflow/.local/lib/python3.12/site-packages/airflow/example_dags/example_params_trigger_ui.py took 0.273 seconds
[2025-05-01T11:35:53.330+0000] {processor.py:161} INFO - Started process (PID=572) to work on /home/airflow/.local/lib/python3.12/site-packages/airflow/example_dags/example_params_trigger_ui.py
[2025-05-01T11:35:53.333+0000] {processor.py:830} INFO - Processing file /home/airflow/.local/lib/python3.12/site-packages/airflow/example_dags/example_params_trigger_ui.py for tasks to queue
[2025-05-01T11:35:53.338+0000] {logging_mixin.py:188} INFO - [2025-05-01T11:35:53.336+0000] {dagbag.py:545} INFO - Filling up the DagBag from /home/airflow/.local/lib/python3.12/site-packages/airflow/example_dags/example_params_trigger_ui.py
[2025-05-01T11:35:53.374+0000] {processor.py:840} INFO - DAG(s) 'example_params_trigger_ui' retrieved from /home/airflow/.local/lib/python3.12/site-packages/airflow/example_dags/example_params_trigger_ui.py
[2025-05-01T11:35:53.490+0000] {logging_mixin.py:188} INFO - [2025-05-01T11:35:53.489+0000] {dag.py:3096} INFO - Sync 1 DAGs
[2025-05-01T11:35:53.514+0000] {logging_mixin.py:188} INFO - [2025-05-01T11:35:53.514+0000] {dag.py:3954} INFO - Setting next_dagrun for example_params_trigger_ui to None, run_after=None
[2025-05-01T11:35:53.598+0000] {processor.py:183} INFO - Processing /home/airflow/.local/lib/python3.12/site-packages/airflow/example_dags/example_params_trigger_ui.py took 0.279 seconds
[2025-05-01T11:36:24.510+0000] {processor.py:161} INFO - Started process (PID=637) to work on /home/airflow/.local/lib/python3.12/site-packages/airflow/example_dags/example_params_trigger_ui.py
[2025-05-01T11:36:24.512+0000] {processor.py:830} INFO - Processing file /home/airflow/.local/lib/python3.12/site-packages/airflow/example_dags/example_params_trigger_ui.py for tasks to queue
[2025-05-01T11:36:24.517+0000] {logging_mixin.py:188} INFO - [2025-05-01T11:36:24.516+0000] {dagbag.py:545} INFO - Filling up the DagBag from /home/airflow/.local/lib/python3.12/site-packages/airflow/example_dags/example_params_trigger_ui.py
[2025-05-01T11:36:24.543+0000] {processor.py:840} INFO - DAG(s) 'example_params_trigger_ui' retrieved from /home/airflow/.local/lib/python3.12/site-packages/airflow/example_dags/example_params_trigger_ui.py
[2025-05-01T11:36:24.657+0000] {logging_mixin.py:188} INFO - [2025-05-01T11:36:24.656+0000] {dag.py:3096} INFO - Sync 1 DAGs
[2025-05-01T11:36:24.690+0000] {logging_mixin.py:188} INFO - [2025-05-01T11:36:24.690+0000] {dag.py:3954} INFO - Setting next_dagrun for example_params_trigger_ui to None, run_after=None
[2025-05-01T11:36:24.742+0000] {processor.py:183} INFO - Processing /home/airflow/.local/lib/python3.12/site-packages/airflow/example_dags/example_params_trigger_ui.py took 0.244 seconds
[2025-05-01T11:36:54.872+0000] {processor.py:161} INFO - Started process (PID=696) to work on /home/airflow/.local/lib/python3.12/site-packages/airflow/example_dags/example_params_trigger_ui.py
[2025-05-01T11:36:54.874+0000] {processor.py:830} INFO - Processing file /home/airflow/.local/lib/python3.12/site-packages/airflow/example_dags/example_params_trigger_ui.py for tasks to queue
[2025-05-01T11:36:54.879+0000] {logging_mixin.py:188} INFO - [2025-05-01T11:36:54.878+0000] {dagbag.py:545} INFO - Filling up the DagBag from /home/airflow/.local/lib/python3.12/site-packages/airflow/example_dags/example_params_trigger_ui.py
[2025-05-01T11:36:54.908+0000] {processor.py:840} INFO - DAG(s) 'example_params_trigger_ui' retrieved from /home/airflow/.local/lib/python3.12/site-packages/airflow/example_dags/example_params_trigger_ui.py
[2025-05-01T11:36:55.072+0000] {logging_mixin.py:188} INFO - [2025-05-01T11:36:55.072+0000] {dag.py:3096} INFO - Sync 1 DAGs
[2025-05-01T11:36:55.128+0000] {logging_mixin.py:188} INFO - [2025-05-01T11:36:55.128+0000] {dag.py:3954} INFO - Setting next_dagrun for example_params_trigger_ui to None, run_after=None
[2025-05-01T11:36:55.185+0000] {processor.py:183} INFO - Processing /home/airflow/.local/lib/python3.12/site-packages/airflow/example_dags/example_params_trigger_ui.py took 0.325 seconds
[2025-05-01T11:37:25.868+0000] {processor.py:161} INFO - Started process (PID=756) to work on /home/airflow/.local/lib/python3.12/site-packages/airflow/example_dags/example_params_trigger_ui.py
[2025-05-01T11:37:25.871+0000] {processor.py:830} INFO - Processing file /home/airflow/.local/lib/python3.12/site-packages/airflow/example_dags/example_params_trigger_ui.py for tasks to queue
[2025-05-01T11:37:25.875+0000] {logging_mixin.py:188} INFO - [2025-05-01T11:37:25.874+0000] {dagbag.py:545} INFO - Filling up the DagBag from /home/airflow/.local/lib/python3.12/site-packages/airflow/example_dags/example_params_trigger_ui.py
[2025-05-01T11:37:25.901+0000] {processor.py:840} INFO - DAG(s) 'example_params_trigger_ui' retrieved from /home/airflow/.local/lib/python3.12/site-packages/airflow/example_dags/example_params_trigger_ui.py
[2025-05-01T11:37:26.011+0000] {logging_mixin.py:188} INFO - [2025-05-01T11:37:26.010+0000] {dag.py:3096} INFO - Sync 1 DAGs
[2025-05-01T11:37:26.040+0000] {logging_mixin.py:188} INFO - [2025-05-01T11:37:26.040+0000] {dag.py:3954} INFO - Setting next_dagrun for example_params_trigger_ui to None, run_after=None
[2025-05-01T11:37:26.124+0000] {processor.py:183} INFO - Processing /home/airflow/.local/lib/python3.12/site-packages/airflow/example_dags/example_params_trigger_ui.py took 0.266 seconds
[2025-05-01T11:37:56.479+0000] {processor.py:161} INFO - Started process (PID=815) to work on /home/airflow/.local/lib/python3.12/site-packages/airflow/example_dags/example_params_trigger_ui.py
[2025-05-01T11:37:56.481+0000] {processor.py:830} INFO - Processing file /home/airflow/.local/lib/python3.12/site-packages/airflow/example_dags/example_params_trigger_ui.py for tasks to queue
[2025-05-01T11:37:56.486+0000] {logging_mixin.py:188} INFO - [2025-05-01T11:37:56.485+0000] {dagbag.py:545} INFO - Filling up the DagBag from /home/airflow/.local/lib/python3.12/site-packages/airflow/example_dags/example_params_trigger_ui.py
[2025-05-01T11:37:56.523+0000] {processor.py:840} INFO - DAG(s) 'example_params_trigger_ui' retrieved from /home/airflow/.local/lib/python3.12/site-packages/airflow/example_dags/example_params_trigger_ui.py
[2025-05-01T11:37:56.643+0000] {logging_mixin.py:188} INFO - [2025-05-01T11:37:56.642+0000] {dag.py:3096} INFO - Sync 1 DAGs
[2025-05-01T11:37:56.673+0000] {logging_mixin.py:188} INFO - [2025-05-01T11:37:56.672+0000] {dag.py:3954} INFO - Setting next_dagrun for example_params_trigger_ui to None, run_after=None
[2025-05-01T11:37:56.766+0000] {processor.py:183} INFO - Processing /home/airflow/.local/lib/python3.12/site-packages/airflow/example_dags/example_params_trigger_ui.py took 0.299 seconds
[2025-05-01T11:38:27.086+0000] {processor.py:161} INFO - Started process (PID=874) to work on /home/airflow/.local/lib/python3.12/site-packages/airflow/example_dags/example_params_trigger_ui.py
[2025-05-01T11:38:27.089+0000] {processor.py:830} INFO - Processing file /home/airflow/.local/lib/python3.12/site-packages/airflow/example_dags/example_params_trigger_ui.py for tasks to queue
[2025-05-01T11:38:27.094+0000] {logging_mixin.py:188} INFO - [2025-05-01T11:38:27.093+0000] {dagbag.py:545} INFO - Filling up the DagBag from /home/airflow/.local/lib/python3.12/site-packages/airflow/example_dags/example_params_trigger_ui.py
[2025-05-01T11:38:27.123+0000] {processor.py:840} INFO - DAG(s) 'example_params_trigger_ui' retrieved from /home/airflow/.local/lib/python3.12/site-packages/airflow/example_dags/example_params_trigger_ui.py
[2025-05-01T11:38:27.230+0000] {logging_mixin.py:188} INFO - [2025-05-01T11:38:27.229+0000] {dag.py:3096} INFO - Sync 1 DAGs
[2025-05-01T11:38:27.261+0000] {logging_mixin.py:188} INFO - [2025-05-01T11:38:27.260+0000] {dag.py:3954} INFO - Setting next_dagrun for example_params_trigger_ui to None, run_after=None
[2025-05-01T11:38:27.350+0000] {processor.py:183} INFO - Processing /home/airflow/.local/lib/python3.12/site-packages/airflow/example_dags/example_params_trigger_ui.py took 0.277 seconds
[2025-05-01T11:38:57.499+0000] {processor.py:161} INFO - Started process (PID=933) to work on /home/airflow/.local/lib/python3.12/site-packages/airflow/example_dags/example_params_trigger_ui.py
[2025-05-01T11:38:57.502+0000] {processor.py:830} INFO - Processing file /home/airflow/.local/lib/python3.12/site-packages/airflow/example_dags/example_params_trigger_ui.py for tasks to queue
[2025-05-01T11:38:57.506+0000] {logging_mixin.py:188} INFO - [2025-05-01T11:38:57.505+0000] {dagbag.py:545} INFO - Filling up the DagBag from /home/airflow/.local/lib/python3.12/site-packages/airflow/example_dags/example_params_trigger_ui.py
[2025-05-01T11:38:57.534+0000] {processor.py:840} INFO - DAG(s) 'example_params_trigger_ui' retrieved from /home/airflow/.local/lib/python3.12/site-packages/airflow/example_dags/example_params_trigger_ui.py
[2025-05-01T11:38:57.649+0000] {logging_mixin.py:188} INFO - [2025-05-01T11:38:57.648+0000] {dag.py:3096} INFO - Sync 1 DAGs
[2025-05-01T11:38:57.695+0000] {logging_mixin.py:188} INFO - [2025-05-01T11:38:57.694+0000] {dag.py:3954} INFO - Setting next_dagrun for example_params_trigger_ui to None, run_after=None
[2025-05-01T11:38:57.749+0000] {processor.py:183} INFO - Processing /home/airflow/.local/lib/python3.12/site-packages/airflow/example_dags/example_params_trigger_ui.py took 0.261 seconds
[2025-05-01T11:39:28.074+0000] {processor.py:161} INFO - Started process (PID=993) to work on /home/airflow/.local/lib/python3.12/site-packages/airflow/example_dags/example_params_trigger_ui.py
[2025-05-01T11:39:28.077+0000] {processor.py:830} INFO - Processing file /home/airflow/.local/lib/python3.12/site-packages/airflow/example_dags/example_params_trigger_ui.py for tasks to queue
[2025-05-01T11:39:28.082+0000] {logging_mixin.py:188} INFO - [2025-05-01T11:39:28.081+0000] {dagbag.py:545} INFO - Filling up the DagBag from /home/airflow/.local/lib/python3.12/site-packages/airflow/example_dags/example_params_trigger_ui.py
[2025-05-01T11:39:28.116+0000] {processor.py:840} INFO - DAG(s) 'example_params_trigger_ui' retrieved from /home/airflow/.local/lib/python3.12/site-packages/airflow/example_dags/example_params_trigger_ui.py
[2025-05-01T11:39:28.255+0000] {logging_mixin.py:188} INFO - [2025-05-01T11:39:28.254+0000] {dag.py:3096} INFO - Sync 1 DAGs
[2025-05-01T11:39:28.290+0000] {logging_mixin.py:188} INFO - [2025-05-01T11:39:28.289+0000] {dag.py:3954} INFO - Setting next_dagrun for example_params_trigger_ui to None, run_after=None
[2025-05-01T11:39:28.357+0000] {processor.py:183} INFO - Processing /home/airflow/.local/lib/python3.12/site-packages/airflow/example_dags/example_params_trigger_ui.py took 0.301 seconds
[2025-05-01T11:39:58.512+0000] {processor.py:161} INFO - Started process (PID=1052) to work on /home/airflow/.local/lib/python3.12/site-packages/airflow/example_dags/example_params_trigger_ui.py
[2025-05-01T11:39:58.514+0000] {processor.py:830} INFO - Processing file /home/airflow/.local/lib/python3.12/site-packages/airflow/example_dags/example_params_trigger_ui.py for tasks to queue
[2025-05-01T11:39:58.518+0000] {logging_mixin.py:188} INFO - [2025-05-01T11:39:58.517+0000] {dagbag.py:545} INFO - Filling up the DagBag from /home/airflow/.local/lib/python3.12/site-packages/airflow/example_dags/example_params_trigger_ui.py
[2025-05-01T11:39:58.551+0000] {processor.py:840} INFO - DAG(s) 'example_params_trigger_ui' retrieved from /home/airflow/.local/lib/python3.12/site-packages/airflow/example_dags/example_params_trigger_ui.py
[2025-05-01T11:39:58.654+0000] {logging_mixin.py:188} INFO - [2025-05-01T11:39:58.653+0000] {dag.py:3096} INFO - Sync 1 DAGs
[2025-05-01T11:39:58.683+0000] {logging_mixin.py:188} INFO - [2025-05-01T11:39:58.683+0000] {dag.py:3954} INFO - Setting next_dagrun for example_params_trigger_ui to None, run_after=None
[2025-05-01T11:39:58.768+0000] {processor.py:183} INFO - Processing /home/airflow/.local/lib/python3.12/site-packages/airflow/example_dags/example_params_trigger_ui.py took 0.268 seconds
[2025-05-01T11:40:29.160+0000] {processor.py:161} INFO - Started process (PID=1111) to work on /home/airflow/.local/lib/python3.12/site-packages/airflow/example_dags/example_params_trigger_ui.py
[2025-05-01T11:40:29.162+0000] {processor.py:830} INFO - Processing file /home/airflow/.local/lib/python3.12/site-packages/airflow/example_dags/example_params_trigger_ui.py for tasks to queue
[2025-05-01T11:40:29.167+0000] {logging_mixin.py:188} INFO - [2025-05-01T11:40:29.166+0000] {dagbag.py:545} INFO - Filling up the DagBag from /home/airflow/.local/lib/python3.12/site-packages/airflow/example_dags/example_params_trigger_ui.py
[2025-05-01T11:40:29.201+0000] {processor.py:840} INFO - DAG(s) 'example_params_trigger_ui' retrieved from /home/airflow/.local/lib/python3.12/site-packages/airflow/example_dags/example_params_trigger_ui.py
[2025-05-01T11:40:29.339+0000] {logging_mixin.py:188} INFO - [2025-05-01T11:40:29.338+0000] {dag.py:3096} INFO - Sync 1 DAGs
[2025-05-01T11:40:29.381+0000] {logging_mixin.py:188} INFO - [2025-05-01T11:40:29.381+0000] {dag.py:3954} INFO - Setting next_dagrun for example_params_trigger_ui to None, run_after=None
[2025-05-01T11:40:29.441+0000] {processor.py:183} INFO - Processing /home/airflow/.local/lib/python3.12/site-packages/airflow/example_dags/example_params_trigger_ui.py took 0.292 seconds
[2025-05-01T11:40:59.812+0000] {processor.py:161} INFO - Started process (PID=1170) to work on /home/airflow/.local/lib/python3.12/site-packages/airflow/example_dags/example_params_trigger_ui.py
[2025-05-01T11:40:59.814+0000] {processor.py:830} INFO - Processing file /home/airflow/.local/lib/python3.12/site-packages/airflow/example_dags/example_params_trigger_ui.py for tasks to queue
[2025-05-01T11:40:59.819+0000] {logging_mixin.py:188} INFO - [2025-05-01T11:40:59.818+0000] {dagbag.py:545} INFO - Filling up the DagBag from /home/airflow/.local/lib/python3.12/site-packages/airflow/example_dags/example_params_trigger_ui.py
[2025-05-01T11:40:59.852+0000] {processor.py:840} INFO - DAG(s) 'example_params_trigger_ui' retrieved from /home/airflow/.local/lib/python3.12/site-packages/airflow/example_dags/example_params_trigger_ui.py
[2025-05-01T11:40:59.961+0000] {logging_mixin.py:188} INFO - [2025-05-01T11:40:59.960+0000] {dag.py:3096} INFO - Sync 1 DAGs
[2025-05-01T11:40:59.992+0000] {logging_mixin.py:188} INFO - [2025-05-01T11:40:59.992+0000] {dag.py:3954} INFO - Setting next_dagrun for example_params_trigger_ui to None, run_after=None
[2025-05-01T11:41:00.047+0000] {processor.py:183} INFO - Processing /home/airflow/.local/lib/python3.12/site-packages/airflow/example_dags/example_params_trigger_ui.py took 0.253 seconds
[2025-05-01T11:41:31.459+0000] {processor.py:161} INFO - Started process (PID=1229) to work on /home/airflow/.local/lib/python3.12/site-packages/airflow/example_dags/example_params_trigger_ui.py
[2025-05-01T11:41:31.462+0000] {processor.py:830} INFO - Processing file /home/airflow/.local/lib/python3.12/site-packages/airflow/example_dags/example_params_trigger_ui.py for tasks to queue
[2025-05-01T11:41:31.467+0000] {logging_mixin.py:188} INFO - [2025-05-01T11:41:31.467+0000] {dagbag.py:545} INFO - Filling up the DagBag from /home/airflow/.local/lib/python3.12/site-packages/airflow/example_dags/example_params_trigger_ui.py
[2025-05-01T11:41:31.494+0000] {processor.py:840} INFO - DAG(s) 'example_params_trigger_ui' retrieved from /home/airflow/.local/lib/python3.12/site-packages/airflow/example_dags/example_params_trigger_ui.py
[2025-05-01T11:41:31.597+0000] {logging_mixin.py:188} INFO - [2025-05-01T11:41:31.597+0000] {dag.py:3096} INFO - Sync 1 DAGs
[2025-05-01T11:41:31.628+0000] {logging_mixin.py:188} INFO - [2025-05-01T11:41:31.627+0000] {dag.py:3954} INFO - Setting next_dagrun for example_params_trigger_ui to None, run_after=None
[2025-05-01T11:41:31.684+0000] {processor.py:183} INFO - Processing /home/airflow/.local/lib/python3.12/site-packages/airflow/example_dags/example_params_trigger_ui.py took 0.239 seconds
[2025-05-01T11:42:02.405+0000] {processor.py:161} INFO - Started process (PID=1289) to work on /home/airflow/.local/lib/python3.12/site-packages/airflow/example_dags/example_params_trigger_ui.py
[2025-05-01T11:42:02.407+0000] {processor.py:830} INFO - Processing file /home/airflow/.local/lib/python3.12/site-packages/airflow/example_dags/example_params_trigger_ui.py for tasks to queue
[2025-05-01T11:42:02.411+0000] {logging_mixin.py:188} INFO - [2025-05-01T11:42:02.411+0000] {dagbag.py:545} INFO - Filling up the DagBag from /home/airflow/.local/lib/python3.12/site-packages/airflow/example_dags/example_params_trigger_ui.py
[2025-05-01T11:42:02.438+0000] {processor.py:840} INFO - DAG(s) 'example_params_trigger_ui' retrieved from /home/airflow/.local/lib/python3.12/site-packages/airflow/example_dags/example_params_trigger_ui.py
[2025-05-01T11:42:02.548+0000] {logging_mixin.py:188} INFO - [2025-05-01T11:42:02.548+0000] {dag.py:3096} INFO - Sync 1 DAGs
[2025-05-01T11:42:02.577+0000] {logging_mixin.py:188} INFO - [2025-05-01T11:42:02.577+0000] {dag.py:3954} INFO - Setting next_dagrun for example_params_trigger_ui to None, run_after=None
[2025-05-01T11:42:02.674+0000] {processor.py:183} INFO - Processing /home/airflow/.local/lib/python3.12/site-packages/airflow/example_dags/example_params_trigger_ui.py took 0.280 seconds
[2025-05-01T11:42:32.945+0000] {processor.py:161} INFO - Started process (PID=1348) to work on /home/airflow/.local/lib/python3.12/site-packages/airflow/example_dags/example_params_trigger_ui.py
[2025-05-01T11:42:32.947+0000] {processor.py:830} INFO - Processing file /home/airflow/.local/lib/python3.12/site-packages/airflow/example_dags/example_params_trigger_ui.py for tasks to queue
[2025-05-01T11:42:32.952+0000] {logging_mixin.py:188} INFO - [2025-05-01T11:42:32.951+0000] {dagbag.py:545} INFO - Filling up the DagBag from /home/airflow/.local/lib/python3.12/site-packages/airflow/example_dags/example_params_trigger_ui.py
[2025-05-01T11:42:32.983+0000] {processor.py:840} INFO - DAG(s) 'example_params_trigger_ui' retrieved from /home/airflow/.local/lib/python3.12/site-packages/airflow/example_dags/example_params_trigger_ui.py
[2025-05-01T11:42:33.093+0000] {logging_mixin.py:188} INFO - [2025-05-01T11:42:33.092+0000] {dag.py:3096} INFO - Sync 1 DAGs
[2025-05-01T11:42:33.120+0000] {logging_mixin.py:188} INFO - [2025-05-01T11:42:33.120+0000] {dag.py:3954} INFO - Setting next_dagrun for example_params_trigger_ui to None, run_after=None
[2025-05-01T11:42:33.178+0000] {processor.py:183} INFO - Processing /home/airflow/.local/lib/python3.12/site-packages/airflow/example_dags/example_params_trigger_ui.py took 0.245 seconds
[2025-05-01T11:43:03.694+0000] {processor.py:161} INFO - Started process (PID=1405) to work on /home/airflow/.local/lib/python3.12/site-packages/airflow/example_dags/example_params_trigger_ui.py
[2025-05-01T11:43:03.697+0000] {processor.py:830} INFO - Processing file /home/airflow/.local/lib/python3.12/site-packages/airflow/example_dags/example_params_trigger_ui.py for tasks to queue
[2025-05-01T11:43:03.703+0000] {logging_mixin.py:188} INFO - [2025-05-01T11:43:03.702+0000] {dagbag.py:545} INFO - Filling up the DagBag from /home/airflow/.local/lib/python3.12/site-packages/airflow/example_dags/example_params_trigger_ui.py
[2025-05-01T11:43:03.738+0000] {processor.py:840} INFO - DAG(s) 'example_params_trigger_ui' retrieved from /home/airflow/.local/lib/python3.12/site-packages/airflow/example_dags/example_params_trigger_ui.py
[2025-05-01T11:43:03.891+0000] {logging_mixin.py:188} INFO - [2025-05-01T11:43:03.890+0000] {dag.py:3096} INFO - Sync 1 DAGs
[2025-05-01T11:43:03.929+0000] {logging_mixin.py:188} INFO - [2025-05-01T11:43:03.928+0000] {dag.py:3954} INFO - Setting next_dagrun for example_params_trigger_ui to None, run_after=None
[2025-05-01T11:43:04.021+0000] {processor.py:183} INFO - Processing /home/airflow/.local/lib/python3.12/site-packages/airflow/example_dags/example_params_trigger_ui.py took 0.340 seconds
[2025-05-01T11:43:34.285+0000] {processor.py:161} INFO - Started process (PID=1464) to work on /home/airflow/.local/lib/python3.12/site-packages/airflow/example_dags/example_params_trigger_ui.py
[2025-05-01T11:43:34.287+0000] {processor.py:830} INFO - Processing file /home/airflow/.local/lib/python3.12/site-packages/airflow/example_dags/example_params_trigger_ui.py for tasks to queue
[2025-05-01T11:43:34.291+0000] {logging_mixin.py:188} INFO - [2025-05-01T11:43:34.290+0000] {dagbag.py:545} INFO - Filling up the DagBag from /home/airflow/.local/lib/python3.12/site-packages/airflow/example_dags/example_params_trigger_ui.py
[2025-05-01T11:43:34.336+0000] {processor.py:840} INFO - DAG(s) 'example_params_trigger_ui' retrieved from /home/airflow/.local/lib/python3.12/site-packages/airflow/example_dags/example_params_trigger_ui.py
[2025-05-01T11:43:34.444+0000] {logging_mixin.py:188} INFO - [2025-05-01T11:43:34.444+0000] {dag.py:3096} INFO - Sync 1 DAGs
[2025-05-01T11:43:34.471+0000] {logging_mixin.py:188} INFO - [2025-05-01T11:43:34.471+0000] {dag.py:3954} INFO - Setting next_dagrun for example_params_trigger_ui to None, run_after=None
[2025-05-01T11:43:34.516+0000] {processor.py:183} INFO - Processing /home/airflow/.local/lib/python3.12/site-packages/airflow/example_dags/example_params_trigger_ui.py took 0.243 seconds
[2025-05-01T11:44:05.006+0000] {processor.py:161} INFO - Started process (PID=1523) to work on /home/airflow/.local/lib/python3.12/site-packages/airflow/example_dags/example_params_trigger_ui.py
[2025-05-01T11:44:05.008+0000] {processor.py:830} INFO - Processing file /home/airflow/.local/lib/python3.12/site-packages/airflow/example_dags/example_params_trigger_ui.py for tasks to queue
[2025-05-01T11:44:05.015+0000] {logging_mixin.py:188} INFO - [2025-05-01T11:44:05.013+0000] {dagbag.py:545} INFO - Filling up the DagBag from /home/airflow/.local/lib/python3.12/site-packages/airflow/example_dags/example_params_trigger_ui.py
[2025-05-01T11:44:05.050+0000] {processor.py:840} INFO - DAG(s) 'example_params_trigger_ui' retrieved from /home/airflow/.local/lib/python3.12/site-packages/airflow/example_dags/example_params_trigger_ui.py
[2025-05-01T11:44:05.177+0000] {logging_mixin.py:188} INFO - [2025-05-01T11:44:05.176+0000] {dag.py:3096} INFO - Sync 1 DAGs
[2025-05-01T11:44:05.211+0000] {logging_mixin.py:188} INFO - [2025-05-01T11:44:05.210+0000] {dag.py:3954} INFO - Setting next_dagrun for example_params_trigger_ui to None, run_after=None
[2025-05-01T11:44:05.266+0000] {processor.py:183} INFO - Processing /home/airflow/.local/lib/python3.12/site-packages/airflow/example_dags/example_params_trigger_ui.py took 0.273 seconds
[2025-05-01T11:44:35.457+0000] {processor.py:161} INFO - Started process (PID=1582) to work on /home/airflow/.local/lib/python3.12/site-packages/airflow/example_dags/example_params_trigger_ui.py
[2025-05-01T11:44:35.460+0000] {processor.py:830} INFO - Processing file /home/airflow/.local/lib/python3.12/site-packages/airflow/example_dags/example_params_trigger_ui.py for tasks to queue
[2025-05-01T11:44:35.465+0000] {logging_mixin.py:188} INFO - [2025-05-01T11:44:35.464+0000] {dagbag.py:545} INFO - Filling up the DagBag from /home/airflow/.local/lib/python3.12/site-packages/airflow/example_dags/example_params_trigger_ui.py
[2025-05-01T11:44:35.500+0000] {processor.py:840} INFO - DAG(s) 'example_params_trigger_ui' retrieved from /home/airflow/.local/lib/python3.12/site-packages/airflow/example_dags/example_params_trigger_ui.py
[2025-05-01T11:44:35.638+0000] {logging_mixin.py:188} INFO - [2025-05-01T11:44:35.637+0000] {dag.py:3096} INFO - Sync 1 DAGs
[2025-05-01T11:44:35.678+0000] {logging_mixin.py:188} INFO - [2025-05-01T11:44:35.678+0000] {dag.py:3954} INFO - Setting next_dagrun for example_params_trigger_ui to None, run_after=None
[2025-05-01T11:44:35.726+0000] {processor.py:183} INFO - Processing /home/airflow/.local/lib/python3.12/site-packages/airflow/example_dags/example_params_trigger_ui.py took 0.280 seconds
[2025-05-01T11:45:06.148+0000] {processor.py:161} INFO - Started process (PID=1641) to work on /home/airflow/.local/lib/python3.12/site-packages/airflow/example_dags/example_params_trigger_ui.py
[2025-05-01T11:45:06.151+0000] {processor.py:830} INFO - Processing file /home/airflow/.local/lib/python3.12/site-packages/airflow/example_dags/example_params_trigger_ui.py for tasks to queue
[2025-05-01T11:45:06.155+0000] {logging_mixin.py:188} INFO - [2025-05-01T11:45:06.154+0000] {dagbag.py:545} INFO - Filling up the DagBag from /home/airflow/.local/lib/python3.12/site-packages/airflow/example_dags/example_params_trigger_ui.py
[2025-05-01T11:45:06.189+0000] {processor.py:840} INFO - DAG(s) 'example_params_trigger_ui' retrieved from /home/airflow/.local/lib/python3.12/site-packages/airflow/example_dags/example_params_trigger_ui.py
[2025-05-01T11:45:06.339+0000] {logging_mixin.py:188} INFO - [2025-05-01T11:45:06.338+0000] {dag.py:3096} INFO - Sync 1 DAGs
[2025-05-01T11:45:06.377+0000] {logging_mixin.py:188} INFO - [2025-05-01T11:45:06.377+0000] {dag.py:3954} INFO - Setting next_dagrun for example_params_trigger_ui to None, run_after=None
[2025-05-01T11:45:06.458+0000] {processor.py:183} INFO - Processing /home/airflow/.local/lib/python3.12/site-packages/airflow/example_dags/example_params_trigger_ui.py took 0.322 seconds
[2025-05-01T11:45:36.883+0000] {processor.py:161} INFO - Started process (PID=1700) to work on /home/airflow/.local/lib/python3.12/site-packages/airflow/example_dags/example_params_trigger_ui.py
[2025-05-01T11:45:36.885+0000] {processor.py:830} INFO - Processing file /home/airflow/.local/lib/python3.12/site-packages/airflow/example_dags/example_params_trigger_ui.py for tasks to queue
[2025-05-01T11:45:36.890+0000] {logging_mixin.py:188} INFO - [2025-05-01T11:45:36.889+0000] {dagbag.py:545} INFO - Filling up the DagBag from /home/airflow/.local/lib/python3.12/site-packages/airflow/example_dags/example_params_trigger_ui.py
[2025-05-01T11:45:36.917+0000] {processor.py:840} INFO - DAG(s) 'example_params_trigger_ui' retrieved from /home/airflow/.local/lib/python3.12/site-packages/airflow/example_dags/example_params_trigger_ui.py
[2025-05-01T11:45:37.023+0000] {logging_mixin.py:188} INFO - [2025-05-01T11:45:37.023+0000] {dag.py:3096} INFO - Sync 1 DAGs
[2025-05-01T11:45:37.051+0000] {logging_mixin.py:188} INFO - [2025-05-01T11:45:37.050+0000] {dag.py:3954} INFO - Setting next_dagrun for example_params_trigger_ui to None, run_after=None
[2025-05-01T11:45:37.123+0000] {processor.py:183} INFO - Processing /home/airflow/.local/lib/python3.12/site-packages/airflow/example_dags/example_params_trigger_ui.py took 0.251 seconds
[2025-05-01T11:46:07.689+0000] {processor.py:161} INFO - Started process (PID=1759) to work on /home/airflow/.local/lib/python3.12/site-packages/airflow/example_dags/example_params_trigger_ui.py
[2025-05-01T11:46:07.691+0000] {processor.py:830} INFO - Processing file /home/airflow/.local/lib/python3.12/site-packages/airflow/example_dags/example_params_trigger_ui.py for tasks to queue
[2025-05-01T11:46:07.695+0000] {logging_mixin.py:188} INFO - [2025-05-01T11:46:07.694+0000] {dagbag.py:545} INFO - Filling up the DagBag from /home/airflow/.local/lib/python3.12/site-packages/airflow/example_dags/example_params_trigger_ui.py
[2025-05-01T11:46:07.721+0000] {processor.py:840} INFO - DAG(s) 'example_params_trigger_ui' retrieved from /home/airflow/.local/lib/python3.12/site-packages/airflow/example_dags/example_params_trigger_ui.py
[2025-05-01T11:46:07.832+0000] {logging_mixin.py:188} INFO - [2025-05-01T11:46:07.832+0000] {dag.py:3096} INFO - Sync 1 DAGs
[2025-05-01T11:46:07.860+0000] {logging_mixin.py:188} INFO - [2025-05-01T11:46:07.859+0000] {dag.py:3954} INFO - Setting next_dagrun for example_params_trigger_ui to None, run_after=None
[2025-05-01T11:46:07.911+0000] {processor.py:183} INFO - Processing /home/airflow/.local/lib/python3.12/site-packages/airflow/example_dags/example_params_trigger_ui.py took 0.233 seconds
[2025-05-01T11:46:38.928+0000] {processor.py:161} INFO - Started process (PID=1818) to work on /home/airflow/.local/lib/python3.12/site-packages/airflow/example_dags/example_params_trigger_ui.py
[2025-05-01T11:46:38.930+0000] {processor.py:830} INFO - Processing file /home/airflow/.local/lib/python3.12/site-packages/airflow/example_dags/example_params_trigger_ui.py for tasks to queue
[2025-05-01T11:46:38.933+0000] {logging_mixin.py:188} INFO - [2025-05-01T11:46:38.933+0000] {dagbag.py:545} INFO - Filling up the DagBag from /home/airflow/.local/lib/python3.12/site-packages/airflow/example_dags/example_params_trigger_ui.py
[2025-05-01T11:46:38.958+0000] {processor.py:840} INFO - DAG(s) 'example_params_trigger_ui' retrieved from /home/airflow/.local/lib/python3.12/site-packages/airflow/example_dags/example_params_trigger_ui.py
[2025-05-01T11:46:39.059+0000] {logging_mixin.py:188} INFO - [2025-05-01T11:46:39.058+0000] {dag.py:3096} INFO - Sync 1 DAGs
[2025-05-01T11:46:39.086+0000] {logging_mixin.py:188} INFO - [2025-05-01T11:46:39.085+0000] {dag.py:3954} INFO - Setting next_dagrun for example_params_trigger_ui to None, run_after=None
[2025-05-01T11:46:39.136+0000] {processor.py:183} INFO - Processing /home/airflow/.local/lib/python3.12/site-packages/airflow/example_dags/example_params_trigger_ui.py took 0.219 seconds
[2025-05-01T11:47:09.287+0000] {processor.py:161} INFO - Started process (PID=1877) to work on /home/airflow/.local/lib/python3.12/site-packages/airflow/example_dags/example_params_trigger_ui.py
[2025-05-01T11:47:09.290+0000] {processor.py:830} INFO - Processing file /home/airflow/.local/lib/python3.12/site-packages/airflow/example_dags/example_params_trigger_ui.py for tasks to queue
[2025-05-01T11:47:09.294+0000] {logging_mixin.py:188} INFO - [2025-05-01T11:47:09.293+0000] {dagbag.py:545} INFO - Filling up the DagBag from /home/airflow/.local/lib/python3.12/site-packages/airflow/example_dags/example_params_trigger_ui.py
[2025-05-01T11:47:09.321+0000] {processor.py:840} INFO - DAG(s) 'example_params_trigger_ui' retrieved from /home/airflow/.local/lib/python3.12/site-packages/airflow/example_dags/example_params_trigger_ui.py
[2025-05-01T11:47:09.430+0000] {logging_mixin.py:188} INFO - [2025-05-01T11:47:09.429+0000] {dag.py:3096} INFO - Sync 1 DAGs
[2025-05-01T11:47:09.457+0000] {logging_mixin.py:188} INFO - [2025-05-01T11:47:09.456+0000] {dag.py:3954} INFO - Setting next_dagrun for example_params_trigger_ui to None, run_after=None
[2025-05-01T11:47:09.546+0000] {processor.py:183} INFO - Processing /home/airflow/.local/lib/python3.12/site-packages/airflow/example_dags/example_params_trigger_ui.py took 0.270 seconds
[2025-05-01T11:47:40.250+0000] {processor.py:161} INFO - Started process (PID=1935) to work on /home/airflow/.local/lib/python3.12/site-packages/airflow/example_dags/example_params_trigger_ui.py
[2025-05-01T11:47:40.252+0000] {processor.py:830} INFO - Processing file /home/airflow/.local/lib/python3.12/site-packages/airflow/example_dags/example_params_trigger_ui.py for tasks to queue
[2025-05-01T11:47:40.256+0000] {logging_mixin.py:188} INFO - [2025-05-01T11:47:40.256+0000] {dagbag.py:545} INFO - Filling up the DagBag from /home/airflow/.local/lib/python3.12/site-packages/airflow/example_dags/example_params_trigger_ui.py
[2025-05-01T11:47:40.288+0000] {processor.py:840} INFO - DAG(s) 'example_params_trigger_ui' retrieved from /home/airflow/.local/lib/python3.12/site-packages/airflow/example_dags/example_params_trigger_ui.py
[2025-05-01T11:47:40.412+0000] {logging_mixin.py:188} INFO - [2025-05-01T11:47:40.411+0000] {dag.py:3096} INFO - Sync 1 DAGs
[2025-05-01T11:47:40.445+0000] {logging_mixin.py:188} INFO - [2025-05-01T11:47:40.445+0000] {dag.py:3954} INFO - Setting next_dagrun for example_params_trigger_ui to None, run_after=None
[2025-05-01T11:47:40.501+0000] {processor.py:183} INFO - Processing /home/airflow/.local/lib/python3.12/site-packages/airflow/example_dags/example_params_trigger_ui.py took 0.263 seconds
[2025-05-01T11:48:10.730+0000] {processor.py:161} INFO - Started process (PID=1994) to work on /home/airflow/.local/lib/python3.12/site-packages/airflow/example_dags/example_params_trigger_ui.py
[2025-05-01T11:48:10.733+0000] {processor.py:830} INFO - Processing file /home/airflow/.local/lib/python3.12/site-packages/airflow/example_dags/example_params_trigger_ui.py for tasks to queue
[2025-05-01T11:48:10.740+0000] {logging_mixin.py:188} INFO - [2025-05-01T11:48:10.739+0000] {dagbag.py:545} INFO - Filling up the DagBag from /home/airflow/.local/lib/python3.12/site-packages/airflow/example_dags/example_params_trigger_ui.py
[2025-05-01T11:48:10.790+0000] {processor.py:840} INFO - DAG(s) 'example_params_trigger_ui' retrieved from /home/airflow/.local/lib/python3.12/site-packages/airflow/example_dags/example_params_trigger_ui.py
[2025-05-01T11:48:10.932+0000] {logging_mixin.py:188} INFO - [2025-05-01T11:48:10.931+0000] {dag.py:3096} INFO - Sync 1 DAGs
[2025-05-01T11:48:10.966+0000] {logging_mixin.py:188} INFO - [2025-05-01T11:48:10.966+0000] {dag.py:3954} INFO - Setting next_dagrun for example_params_trigger_ui to None, run_after=None
[2025-05-01T11:48:11.068+0000] {processor.py:183} INFO - Processing /home/airflow/.local/lib/python3.12/site-packages/airflow/example_dags/example_params_trigger_ui.py took 0.359 seconds
[2025-05-01T11:48:41.812+0000] {processor.py:161} INFO - Started process (PID=2053) to work on /home/airflow/.local/lib/python3.12/site-packages/airflow/example_dags/example_params_trigger_ui.py
[2025-05-01T11:48:41.814+0000] {processor.py:830} INFO - Processing file /home/airflow/.local/lib/python3.12/site-packages/airflow/example_dags/example_params_trigger_ui.py for tasks to queue
[2025-05-01T11:48:41.819+0000] {logging_mixin.py:188} INFO - [2025-05-01T11:48:41.818+0000] {dagbag.py:545} INFO - Filling up the DagBag from /home/airflow/.local/lib/python3.12/site-packages/airflow/example_dags/example_params_trigger_ui.py
[2025-05-01T11:48:41.847+0000] {processor.py:840} INFO - DAG(s) 'example_params_trigger_ui' retrieved from /home/airflow/.local/lib/python3.12/site-packages/airflow/example_dags/example_params_trigger_ui.py
[2025-05-01T11:48:42.175+0000] {logging_mixin.py:188} INFO - [2025-05-01T11:48:42.175+0000] {dag.py:3096} INFO - Sync 1 DAGs
[2025-05-01T11:48:42.200+0000] {logging_mixin.py:188} INFO - [2025-05-01T11:48:42.199+0000] {dag.py:3954} INFO - Setting next_dagrun for example_params_trigger_ui to None, run_after=None
[2025-05-01T11:48:42.283+0000] {processor.py:183} INFO - Processing /home/airflow/.local/lib/python3.12/site-packages/airflow/example_dags/example_params_trigger_ui.py took 0.482 seconds
[2025-05-01T11:49:12.514+0000] {processor.py:161} INFO - Started process (PID=2113) to work on /home/airflow/.local/lib/python3.12/site-packages/airflow/example_dags/example_params_trigger_ui.py
[2025-05-01T11:49:12.518+0000] {processor.py:830} INFO - Processing file /home/airflow/.local/lib/python3.12/site-packages/airflow/example_dags/example_params_trigger_ui.py for tasks to queue
[2025-05-01T11:49:12.527+0000] {logging_mixin.py:188} INFO - [2025-05-01T11:49:12.525+0000] {dagbag.py:545} INFO - Filling up the DagBag from /home/airflow/.local/lib/python3.12/site-packages/airflow/example_dags/example_params_trigger_ui.py
[2025-05-01T11:49:12.563+0000] {processor.py:840} INFO - DAG(s) 'example_params_trigger_ui' retrieved from /home/airflow/.local/lib/python3.12/site-packages/airflow/example_dags/example_params_trigger_ui.py
[2025-05-01T11:49:12.677+0000] {logging_mixin.py:188} INFO - [2025-05-01T11:49:12.676+0000] {dag.py:3096} INFO - Sync 1 DAGs
[2025-05-01T11:49:12.714+0000] {logging_mixin.py:188} INFO - [2025-05-01T11:49:12.714+0000] {dag.py:3954} INFO - Setting next_dagrun for example_params_trigger_ui to None, run_after=None
[2025-05-01T11:49:13.058+0000] {processor.py:183} INFO - Processing /home/airflow/.local/lib/python3.12/site-packages/airflow/example_dags/example_params_trigger_ui.py took 0.557 seconds
[2025-05-01T11:49:44.143+0000] {processor.py:161} INFO - Started process (PID=2173) to work on /home/airflow/.local/lib/python3.12/site-packages/airflow/example_dags/example_params_trigger_ui.py
[2025-05-01T11:49:44.146+0000] {processor.py:830} INFO - Processing file /home/airflow/.local/lib/python3.12/site-packages/airflow/example_dags/example_params_trigger_ui.py for tasks to queue
[2025-05-01T11:49:44.154+0000] {logging_mixin.py:188} INFO - [2025-05-01T11:49:44.152+0000] {dagbag.py:545} INFO - Filling up the DagBag from /home/airflow/.local/lib/python3.12/site-packages/airflow/example_dags/example_params_trigger_ui.py
[2025-05-01T11:49:44.196+0000] {processor.py:840} INFO - DAG(s) 'example_params_trigger_ui' retrieved from /home/airflow/.local/lib/python3.12/site-packages/airflow/example_dags/example_params_trigger_ui.py
[2025-05-01T11:49:44.325+0000] {logging_mixin.py:188} INFO - [2025-05-01T11:49:44.324+0000] {dag.py:3096} INFO - Sync 1 DAGs
[2025-05-01T11:49:44.355+0000] {logging_mixin.py:188} INFO - [2025-05-01T11:49:44.355+0000] {dag.py:3954} INFO - Setting next_dagrun for example_params_trigger_ui to None, run_after=None
[2025-05-01T11:49:44.406+0000] {processor.py:183} INFO - Processing /home/airflow/.local/lib/python3.12/site-packages/airflow/example_dags/example_params_trigger_ui.py took 0.278 seconds
[2025-05-01T11:50:14.767+0000] {processor.py:161} INFO - Started process (PID=2232) to work on /home/airflow/.local/lib/python3.12/site-packages/airflow/example_dags/example_params_trigger_ui.py
[2025-05-01T11:50:14.769+0000] {processor.py:830} INFO - Processing file /home/airflow/.local/lib/python3.12/site-packages/airflow/example_dags/example_params_trigger_ui.py for tasks to queue
[2025-05-01T11:50:14.774+0000] {logging_mixin.py:188} INFO - [2025-05-01T11:50:14.773+0000] {dagbag.py:545} INFO - Filling up the DagBag from /home/airflow/.local/lib/python3.12/site-packages/airflow/example_dags/example_params_trigger_ui.py
[2025-05-01T11:50:14.804+0000] {processor.py:840} INFO - DAG(s) 'example_params_trigger_ui' retrieved from /home/airflow/.local/lib/python3.12/site-packages/airflow/example_dags/example_params_trigger_ui.py
[2025-05-01T11:50:14.925+0000] {logging_mixin.py:188} INFO - [2025-05-01T11:50:14.924+0000] {dag.py:3096} INFO - Sync 1 DAGs
[2025-05-01T11:50:14.961+0000] {logging_mixin.py:188} INFO - [2025-05-01T11:50:14.960+0000] {dag.py:3954} INFO - Setting next_dagrun for example_params_trigger_ui to None, run_after=None
[2025-05-01T11:50:15.053+0000] {processor.py:183} INFO - Processing /home/airflow/.local/lib/python3.12/site-packages/airflow/example_dags/example_params_trigger_ui.py took 0.300 seconds
[2025-05-01T11:50:45.910+0000] {processor.py:161} INFO - Started process (PID=2291) to work on /home/airflow/.local/lib/python3.12/site-packages/airflow/example_dags/example_params_trigger_ui.py
[2025-05-01T11:50:45.913+0000] {processor.py:830} INFO - Processing file /home/airflow/.local/lib/python3.12/site-packages/airflow/example_dags/example_params_trigger_ui.py for tasks to queue
[2025-05-01T11:50:45.918+0000] {logging_mixin.py:188} INFO - [2025-05-01T11:50:45.917+0000] {dagbag.py:545} INFO - Filling up the DagBag from /home/airflow/.local/lib/python3.12/site-packages/airflow/example_dags/example_params_trigger_ui.py
[2025-05-01T11:50:45.949+0000] {processor.py:840} INFO - DAG(s) 'example_params_trigger_ui' retrieved from /home/airflow/.local/lib/python3.12/site-packages/airflow/example_dags/example_params_trigger_ui.py
[2025-05-01T11:50:46.067+0000] {logging_mixin.py:188} INFO - [2025-05-01T11:50:46.067+0000] {dag.py:3096} INFO - Sync 1 DAGs
[2025-05-01T11:50:46.095+0000] {logging_mixin.py:188} INFO - [2025-05-01T11:50:46.095+0000] {dag.py:3954} INFO - Setting next_dagrun for example_params_trigger_ui to None, run_after=None
[2025-05-01T11:50:46.179+0000] {processor.py:183} INFO - Processing /home/airflow/.local/lib/python3.12/site-packages/airflow/example_dags/example_params_trigger_ui.py took 0.286 seconds
[2025-05-01T11:51:16.460+0000] {processor.py:161} INFO - Started process (PID=2350) to work on /home/airflow/.local/lib/python3.12/site-packages/airflow/example_dags/example_params_trigger_ui.py
[2025-05-01T11:51:16.463+0000] {processor.py:830} INFO - Processing file /home/airflow/.local/lib/python3.12/site-packages/airflow/example_dags/example_params_trigger_ui.py for tasks to queue
[2025-05-01T11:51:16.470+0000] {logging_mixin.py:188} INFO - [2025-05-01T11:51:16.469+0000] {dagbag.py:545} INFO - Filling up the DagBag from /home/airflow/.local/lib/python3.12/site-packages/airflow/example_dags/example_params_trigger_ui.py
[2025-05-01T11:51:16.511+0000] {processor.py:840} INFO - DAG(s) 'example_params_trigger_ui' retrieved from /home/airflow/.local/lib/python3.12/site-packages/airflow/example_dags/example_params_trigger_ui.py
[2025-05-01T11:51:16.642+0000] {logging_mixin.py:188} INFO - [2025-05-01T11:51:16.641+0000] {dag.py:3096} INFO - Sync 1 DAGs
[2025-05-01T11:51:16.682+0000] {logging_mixin.py:188} INFO - [2025-05-01T11:51:16.682+0000] {dag.py:3954} INFO - Setting next_dagrun for example_params_trigger_ui to None, run_after=None
[2025-05-01T11:51:16.772+0000] {processor.py:183} INFO - Processing /home/airflow/.local/lib/python3.12/site-packages/airflow/example_dags/example_params_trigger_ui.py took 0.331 seconds
[2025-05-01T11:51:47.318+0000] {processor.py:161} INFO - Started process (PID=2409) to work on /home/airflow/.local/lib/python3.12/site-packages/airflow/example_dags/example_params_trigger_ui.py
[2025-05-01T11:51:47.321+0000] {processor.py:830} INFO - Processing file /home/airflow/.local/lib/python3.12/site-packages/airflow/example_dags/example_params_trigger_ui.py for tasks to queue
[2025-05-01T11:51:47.326+0000] {logging_mixin.py:188} INFO - [2025-05-01T11:51:47.325+0000] {dagbag.py:545} INFO - Filling up the DagBag from /home/airflow/.local/lib/python3.12/site-packages/airflow/example_dags/example_params_trigger_ui.py
[2025-05-01T11:51:47.408+0000] {processor.py:840} INFO - DAG(s) 'example_params_trigger_ui' retrieved from /home/airflow/.local/lib/python3.12/site-packages/airflow/example_dags/example_params_trigger_ui.py
[2025-05-01T11:51:47.559+0000] {logging_mixin.py:188} INFO - [2025-05-01T11:51:47.558+0000] {dag.py:3096} INFO - Sync 1 DAGs
[2025-05-01T11:51:47.585+0000] {logging_mixin.py:188} INFO - [2025-05-01T11:51:47.584+0000] {dag.py:3954} INFO - Setting next_dagrun for example_params_trigger_ui to None, run_after=None
[2025-05-01T11:51:47.625+0000] {processor.py:183} INFO - Processing /home/airflow/.local/lib/python3.12/site-packages/airflow/example_dags/example_params_trigger_ui.py took 0.322 seconds
[2025-05-01T11:52:18.516+0000] {processor.py:161} INFO - Started process (PID=2468) to work on /home/airflow/.local/lib/python3.12/site-packages/airflow/example_dags/example_params_trigger_ui.py
[2025-05-01T11:52:18.520+0000] {processor.py:830} INFO - Processing file /home/airflow/.local/lib/python3.12/site-packages/airflow/example_dags/example_params_trigger_ui.py for tasks to queue
[2025-05-01T11:52:18.528+0000] {logging_mixin.py:188} INFO - [2025-05-01T11:52:18.526+0000] {dagbag.py:545} INFO - Filling up the DagBag from /home/airflow/.local/lib/python3.12/site-packages/airflow/example_dags/example_params_trigger_ui.py
[2025-05-01T11:52:18.576+0000] {processor.py:840} INFO - DAG(s) 'example_params_trigger_ui' retrieved from /home/airflow/.local/lib/python3.12/site-packages/airflow/example_dags/example_params_trigger_ui.py
[2025-05-01T11:52:18.730+0000] {logging_mixin.py:188} INFO - [2025-05-01T11:52:18.729+0000] {dag.py:3096} INFO - Sync 1 DAGs
[2025-05-01T11:52:18.775+0000] {logging_mixin.py:188} INFO - [2025-05-01T11:52:18.774+0000] {dag.py:3954} INFO - Setting next_dagrun for example_params_trigger_ui to None, run_after=None
[2025-05-01T11:52:18.887+0000] {processor.py:183} INFO - Processing /home/airflow/.local/lib/python3.12/site-packages/airflow/example_dags/example_params_trigger_ui.py took 0.393 seconds
[2025-05-01T11:52:49.269+0000] {processor.py:161} INFO - Started process (PID=2527) to work on /home/airflow/.local/lib/python3.12/site-packages/airflow/example_dags/example_params_trigger_ui.py
[2025-05-01T11:52:49.270+0000] {processor.py:830} INFO - Processing file /home/airflow/.local/lib/python3.12/site-packages/airflow/example_dags/example_params_trigger_ui.py for tasks to queue
[2025-05-01T11:52:49.274+0000] {logging_mixin.py:188} INFO - [2025-05-01T11:52:49.273+0000] {dagbag.py:545} INFO - Filling up the DagBag from /home/airflow/.local/lib/python3.12/site-packages/airflow/example_dags/example_params_trigger_ui.py
[2025-05-01T11:52:49.303+0000] {processor.py:840} INFO - DAG(s) 'example_params_trigger_ui' retrieved from /home/airflow/.local/lib/python3.12/site-packages/airflow/example_dags/example_params_trigger_ui.py
[2025-05-01T11:52:49.399+0000] {logging_mixin.py:188} INFO - [2025-05-01T11:52:49.399+0000] {dag.py:3096} INFO - Sync 1 DAGs
[2025-05-01T11:52:49.427+0000] {logging_mixin.py:188} INFO - [2025-05-01T11:52:49.426+0000] {dag.py:3954} INFO - Setting next_dagrun for example_params_trigger_ui to None, run_after=None
[2025-05-01T11:52:49.514+0000] {processor.py:183} INFO - Processing /home/airflow/.local/lib/python3.12/site-packages/airflow/example_dags/example_params_trigger_ui.py took 0.256 seconds
[2025-05-01T11:53:19.932+0000] {processor.py:161} INFO - Started process (PID=2586) to work on /home/airflow/.local/lib/python3.12/site-packages/airflow/example_dags/example_params_trigger_ui.py
[2025-05-01T11:53:19.937+0000] {processor.py:830} INFO - Processing file /home/airflow/.local/lib/python3.12/site-packages/airflow/example_dags/example_params_trigger_ui.py for tasks to queue
[2025-05-01T11:53:19.942+0000] {logging_mixin.py:188} INFO - [2025-05-01T11:53:19.941+0000] {dagbag.py:545} INFO - Filling up the DagBag from /home/airflow/.local/lib/python3.12/site-packages/airflow/example_dags/example_params_trigger_ui.py
[2025-05-01T11:53:19.990+0000] {processor.py:840} INFO - DAG(s) 'example_params_trigger_ui' retrieved from /home/airflow/.local/lib/python3.12/site-packages/airflow/example_dags/example_params_trigger_ui.py
[2025-05-01T11:53:20.117+0000] {logging_mixin.py:188} INFO - [2025-05-01T11:53:20.116+0000] {dag.py:3096} INFO - Sync 1 DAGs
[2025-05-01T11:53:20.156+0000] {logging_mixin.py:188} INFO - [2025-05-01T11:53:20.156+0000] {dag.py:3954} INFO - Setting next_dagrun for example_params_trigger_ui to None, run_after=None
[2025-05-01T11:53:20.219+0000] {processor.py:183} INFO - Processing /home/airflow/.local/lib/python3.12/site-packages/airflow/example_dags/example_params_trigger_ui.py took 0.307 seconds
[2025-05-01T11:53:50.579+0000] {processor.py:161} INFO - Started process (PID=2645) to work on /home/airflow/.local/lib/python3.12/site-packages/airflow/example_dags/example_params_trigger_ui.py
[2025-05-01T11:53:50.582+0000] {processor.py:830} INFO - Processing file /home/airflow/.local/lib/python3.12/site-packages/airflow/example_dags/example_params_trigger_ui.py for tasks to queue
[2025-05-01T11:53:50.587+0000] {logging_mixin.py:188} INFO - [2025-05-01T11:53:50.586+0000] {dagbag.py:545} INFO - Filling up the DagBag from /home/airflow/.local/lib/python3.12/site-packages/airflow/example_dags/example_params_trigger_ui.py
[2025-05-01T11:53:50.625+0000] {processor.py:840} INFO - DAG(s) 'example_params_trigger_ui' retrieved from /home/airflow/.local/lib/python3.12/site-packages/airflow/example_dags/example_params_trigger_ui.py
[2025-05-01T11:53:50.757+0000] {logging_mixin.py:188} INFO - [2025-05-01T11:53:50.756+0000] {dag.py:3096} INFO - Sync 1 DAGs
[2025-05-01T11:53:50.788+0000] {logging_mixin.py:188} INFO - [2025-05-01T11:53:50.787+0000] {dag.py:3954} INFO - Setting next_dagrun for example_params_trigger_ui to None, run_after=None
[2025-05-01T11:53:50.848+0000] {processor.py:183} INFO - Processing /home/airflow/.local/lib/python3.12/site-packages/airflow/example_dags/example_params_trigger_ui.py took 0.281 seconds
[2025-05-01T11:54:21.095+0000] {processor.py:161} INFO - Started process (PID=2703) to work on /home/airflow/.local/lib/python3.12/site-packages/airflow/example_dags/example_params_trigger_ui.py
[2025-05-01T11:54:21.097+0000] {processor.py:830} INFO - Processing file /home/airflow/.local/lib/python3.12/site-packages/airflow/example_dags/example_params_trigger_ui.py for tasks to queue
[2025-05-01T11:54:21.104+0000] {logging_mixin.py:188} INFO - [2025-05-01T11:54:21.103+0000] {dagbag.py:545} INFO - Filling up the DagBag from /home/airflow/.local/lib/python3.12/site-packages/airflow/example_dags/example_params_trigger_ui.py
[2025-05-01T11:54:21.142+0000] {processor.py:840} INFO - DAG(s) 'example_params_trigger_ui' retrieved from /home/airflow/.local/lib/python3.12/site-packages/airflow/example_dags/example_params_trigger_ui.py
[2025-05-01T11:54:21.302+0000] {logging_mixin.py:188} INFO - [2025-05-01T11:54:21.301+0000] {dag.py:3096} INFO - Sync 1 DAGs
[2025-05-01T11:54:21.338+0000] {logging_mixin.py:188} INFO - [2025-05-01T11:54:21.337+0000] {dag.py:3954} INFO - Setting next_dagrun for example_params_trigger_ui to None, run_after=None
[2025-05-01T11:54:21.386+0000] {processor.py:183} INFO - Processing /home/airflow/.local/lib/python3.12/site-packages/airflow/example_dags/example_params_trigger_ui.py took 0.307 seconds
[2025-05-01T11:54:51.515+0000] {processor.py:161} INFO - Started process (PID=2762) to work on /home/airflow/.local/lib/python3.12/site-packages/airflow/example_dags/example_params_trigger_ui.py
[2025-05-01T11:54:51.518+0000] {processor.py:830} INFO - Processing file /home/airflow/.local/lib/python3.12/site-packages/airflow/example_dags/example_params_trigger_ui.py for tasks to queue
[2025-05-01T11:54:51.525+0000] {logging_mixin.py:188} INFO - [2025-05-01T11:54:51.523+0000] {dagbag.py:545} INFO - Filling up the DagBag from /home/airflow/.local/lib/python3.12/site-packages/airflow/example_dags/example_params_trigger_ui.py
[2025-05-01T11:54:51.562+0000] {processor.py:840} INFO - DAG(s) 'example_params_trigger_ui' retrieved from /home/airflow/.local/lib/python3.12/site-packages/airflow/example_dags/example_params_trigger_ui.py
[2025-05-01T11:54:51.673+0000] {logging_mixin.py:188} INFO - [2025-05-01T11:54:51.673+0000] {dag.py:3096} INFO - Sync 1 DAGs
[2025-05-01T11:54:51.702+0000] {logging_mixin.py:188} INFO - [2025-05-01T11:54:51.702+0000] {dag.py:3954} INFO - Setting next_dagrun for example_params_trigger_ui to None, run_after=None
[2025-05-01T11:54:51.825+0000] {processor.py:183} INFO - Processing /home/airflow/.local/lib/python3.12/site-packages/airflow/example_dags/example_params_trigger_ui.py took 0.326 seconds
[2025-05-01T11:55:22.488+0000] {processor.py:161} INFO - Started process (PID=2822) to work on /home/airflow/.local/lib/python3.12/site-packages/airflow/example_dags/example_params_trigger_ui.py
[2025-05-01T11:55:22.491+0000] {processor.py:830} INFO - Processing file /home/airflow/.local/lib/python3.12/site-packages/airflow/example_dags/example_params_trigger_ui.py for tasks to queue
[2025-05-01T11:55:22.496+0000] {logging_mixin.py:188} INFO - [2025-05-01T11:55:22.495+0000] {dagbag.py:545} INFO - Filling up the DagBag from /home/airflow/.local/lib/python3.12/site-packages/airflow/example_dags/example_params_trigger_ui.py
[2025-05-01T11:55:22.537+0000] {processor.py:840} INFO - DAG(s) 'example_params_trigger_ui' retrieved from /home/airflow/.local/lib/python3.12/site-packages/airflow/example_dags/example_params_trigger_ui.py
[2025-05-01T11:55:22.642+0000] {logging_mixin.py:188} INFO - [2025-05-01T11:55:22.641+0000] {dag.py:3096} INFO - Sync 1 DAGs
[2025-05-01T11:55:22.668+0000] {logging_mixin.py:188} INFO - [2025-05-01T11:55:22.668+0000] {dag.py:3954} INFO - Setting next_dagrun for example_params_trigger_ui to None, run_after=None
[2025-05-01T11:55:22.712+0000] {processor.py:183} INFO - Processing /home/airflow/.local/lib/python3.12/site-packages/airflow/example_dags/example_params_trigger_ui.py took 0.239 seconds
[2025-05-01T11:55:52.931+0000] {processor.py:161} INFO - Started process (PID=2880) to work on /home/airflow/.local/lib/python3.12/site-packages/airflow/example_dags/example_params_trigger_ui.py
[2025-05-01T11:55:52.933+0000] {processor.py:830} INFO - Processing file /home/airflow/.local/lib/python3.12/site-packages/airflow/example_dags/example_params_trigger_ui.py for tasks to queue
[2025-05-01T11:55:52.939+0000] {logging_mixin.py:188} INFO - [2025-05-01T11:55:52.939+0000] {dagbag.py:545} INFO - Filling up the DagBag from /home/airflow/.local/lib/python3.12/site-packages/airflow/example_dags/example_params_trigger_ui.py
[2025-05-01T11:55:52.979+0000] {processor.py:840} INFO - DAG(s) 'example_params_trigger_ui' retrieved from /home/airflow/.local/lib/python3.12/site-packages/airflow/example_dags/example_params_trigger_ui.py
[2025-05-01T11:55:53.095+0000] {logging_mixin.py:188} INFO - [2025-05-01T11:55:53.095+0000] {dag.py:3096} INFO - Sync 1 DAGs
[2025-05-01T11:55:53.128+0000] {logging_mixin.py:188} INFO - [2025-05-01T11:55:53.128+0000] {dag.py:3954} INFO - Setting next_dagrun for example_params_trigger_ui to None, run_after=None
[2025-05-01T11:55:53.179+0000] {processor.py:183} INFO - Processing /home/airflow/.local/lib/python3.12/site-packages/airflow/example_dags/example_params_trigger_ui.py took 0.264 seconds
[2025-05-01T11:56:23.947+0000] {processor.py:161} INFO - Started process (PID=2940) to work on /home/airflow/.local/lib/python3.12/site-packages/airflow/example_dags/example_params_trigger_ui.py
[2025-05-01T11:56:23.950+0000] {processor.py:830} INFO - Processing file /home/airflow/.local/lib/python3.12/site-packages/airflow/example_dags/example_params_trigger_ui.py for tasks to queue
[2025-05-01T11:56:23.956+0000] {logging_mixin.py:188} INFO - [2025-05-01T11:56:23.955+0000] {dagbag.py:545} INFO - Filling up the DagBag from /home/airflow/.local/lib/python3.12/site-packages/airflow/example_dags/example_params_trigger_ui.py
[2025-05-01T11:56:24.004+0000] {processor.py:840} INFO - DAG(s) 'example_params_trigger_ui' retrieved from /home/airflow/.local/lib/python3.12/site-packages/airflow/example_dags/example_params_trigger_ui.py
[2025-05-01T11:56:24.156+0000] {logging_mixin.py:188} INFO - [2025-05-01T11:56:24.156+0000] {dag.py:3096} INFO - Sync 1 DAGs
[2025-05-01T11:56:24.198+0000] {logging_mixin.py:188} INFO - [2025-05-01T11:56:24.198+0000] {dag.py:3954} INFO - Setting next_dagrun for example_params_trigger_ui to None, run_after=None
[2025-05-01T11:56:24.271+0000] {processor.py:183} INFO - Processing /home/airflow/.local/lib/python3.12/site-packages/airflow/example_dags/example_params_trigger_ui.py took 0.342 seconds
[2025-05-01T11:56:54.596+0000] {processor.py:161} INFO - Started process (PID=2999) to work on /home/airflow/.local/lib/python3.12/site-packages/airflow/example_dags/example_params_trigger_ui.py
[2025-05-01T11:56:54.598+0000] {processor.py:830} INFO - Processing file /home/airflow/.local/lib/python3.12/site-packages/airflow/example_dags/example_params_trigger_ui.py for tasks to queue
[2025-05-01T11:56:54.604+0000] {logging_mixin.py:188} INFO - [2025-05-01T11:56:54.603+0000] {dagbag.py:545} INFO - Filling up the DagBag from /home/airflow/.local/lib/python3.12/site-packages/airflow/example_dags/example_params_trigger_ui.py
[2025-05-01T11:56:54.640+0000] {processor.py:840} INFO - DAG(s) 'example_params_trigger_ui' retrieved from /home/airflow/.local/lib/python3.12/site-packages/airflow/example_dags/example_params_trigger_ui.py
[2025-05-01T11:56:54.792+0000] {logging_mixin.py:188} INFO - [2025-05-01T11:56:54.791+0000] {dag.py:3096} INFO - Sync 1 DAGs
[2025-05-01T11:56:54.827+0000] {logging_mixin.py:188} INFO - [2025-05-01T11:56:54.827+0000] {dag.py:3954} INFO - Setting next_dagrun for example_params_trigger_ui to None, run_after=None
[2025-05-01T11:56:54.926+0000] {processor.py:183} INFO - Processing /home/airflow/.local/lib/python3.12/site-packages/airflow/example_dags/example_params_trigger_ui.py took 0.344 seconds
[2025-05-01T11:57:25.058+0000] {processor.py:161} INFO - Started process (PID=3057) to work on /home/airflow/.local/lib/python3.12/site-packages/airflow/example_dags/example_params_trigger_ui.py
[2025-05-01T11:57:25.060+0000] {processor.py:830} INFO - Processing file /home/airflow/.local/lib/python3.12/site-packages/airflow/example_dags/example_params_trigger_ui.py for tasks to queue
[2025-05-01T11:57:25.065+0000] {logging_mixin.py:188} INFO - [2025-05-01T11:57:25.064+0000] {dagbag.py:545} INFO - Filling up the DagBag from /home/airflow/.local/lib/python3.12/site-packages/airflow/example_dags/example_params_trigger_ui.py
[2025-05-01T11:57:25.097+0000] {processor.py:840} INFO - DAG(s) 'example_params_trigger_ui' retrieved from /home/airflow/.local/lib/python3.12/site-packages/airflow/example_dags/example_params_trigger_ui.py
[2025-05-01T11:57:25.221+0000] {logging_mixin.py:188} INFO - [2025-05-01T11:57:25.220+0000] {dag.py:3096} INFO - Sync 1 DAGs
[2025-05-01T11:57:25.255+0000] {logging_mixin.py:188} INFO - [2025-05-01T11:57:25.255+0000] {dag.py:3954} INFO - Setting next_dagrun for example_params_trigger_ui to None, run_after=None
[2025-05-01T11:57:25.300+0000] {processor.py:183} INFO - Processing /home/airflow/.local/lib/python3.12/site-packages/airflow/example_dags/example_params_trigger_ui.py took 0.259 seconds
[2025-05-01T11:57:55.555+0000] {processor.py:161} INFO - Started process (PID=3116) to work on /home/airflow/.local/lib/python3.12/site-packages/airflow/example_dags/example_params_trigger_ui.py
[2025-05-01T11:57:55.557+0000] {processor.py:830} INFO - Processing file /home/airflow/.local/lib/python3.12/site-packages/airflow/example_dags/example_params_trigger_ui.py for tasks to queue
[2025-05-01T11:57:55.561+0000] {logging_mixin.py:188} INFO - [2025-05-01T11:57:55.560+0000] {dagbag.py:545} INFO - Filling up the DagBag from /home/airflow/.local/lib/python3.12/site-packages/airflow/example_dags/example_params_trigger_ui.py
[2025-05-01T11:57:55.587+0000] {processor.py:840} INFO - DAG(s) 'example_params_trigger_ui' retrieved from /home/airflow/.local/lib/python3.12/site-packages/airflow/example_dags/example_params_trigger_ui.py
[2025-05-01T11:57:55.689+0000] {logging_mixin.py:188} INFO - [2025-05-01T11:57:55.688+0000] {dag.py:3096} INFO - Sync 1 DAGs
[2025-05-01T11:57:55.715+0000] {logging_mixin.py:188} INFO - [2025-05-01T11:57:55.715+0000] {dag.py:3954} INFO - Setting next_dagrun for example_params_trigger_ui to None, run_after=None
[2025-05-01T11:57:55.798+0000] {processor.py:183} INFO - Processing /home/airflow/.local/lib/python3.12/site-packages/airflow/example_dags/example_params_trigger_ui.py took 0.254 seconds
[2025-05-01T11:58:26.065+0000] {processor.py:161} INFO - Started process (PID=3175) to work on /home/airflow/.local/lib/python3.12/site-packages/airflow/example_dags/example_params_trigger_ui.py
[2025-05-01T11:58:26.067+0000] {processor.py:830} INFO - Processing file /home/airflow/.local/lib/python3.12/site-packages/airflow/example_dags/example_params_trigger_ui.py for tasks to queue
[2025-05-01T11:58:26.072+0000] {logging_mixin.py:188} INFO - [2025-05-01T11:58:26.071+0000] {dagbag.py:545} INFO - Filling up the DagBag from /home/airflow/.local/lib/python3.12/site-packages/airflow/example_dags/example_params_trigger_ui.py
[2025-05-01T11:58:26.099+0000] {processor.py:840} INFO - DAG(s) 'example_params_trigger_ui' retrieved from /home/airflow/.local/lib/python3.12/site-packages/airflow/example_dags/example_params_trigger_ui.py
[2025-05-01T11:58:26.208+0000] {logging_mixin.py:188} INFO - [2025-05-01T11:58:26.207+0000] {dag.py:3096} INFO - Sync 1 DAGs
[2025-05-01T11:58:26.234+0000] {logging_mixin.py:188} INFO - [2025-05-01T11:58:26.234+0000] {dag.py:3954} INFO - Setting next_dagrun for example_params_trigger_ui to None, run_after=None
[2025-05-01T11:58:26.314+0000] {processor.py:183} INFO - Processing /home/airflow/.local/lib/python3.12/site-packages/airflow/example_dags/example_params_trigger_ui.py took 0.261 seconds
[2025-05-01T11:58:56.663+0000] {processor.py:161} INFO - Started process (PID=3234) to work on /home/airflow/.local/lib/python3.12/site-packages/airflow/example_dags/example_params_trigger_ui.py
[2025-05-01T11:58:56.665+0000] {processor.py:830} INFO - Processing file /home/airflow/.local/lib/python3.12/site-packages/airflow/example_dags/example_params_trigger_ui.py for tasks to queue
[2025-05-01T11:58:56.669+0000] {logging_mixin.py:188} INFO - [2025-05-01T11:58:56.668+0000] {dagbag.py:545} INFO - Filling up the DagBag from /home/airflow/.local/lib/python3.12/site-packages/airflow/example_dags/example_params_trigger_ui.py
[2025-05-01T11:58:56.699+0000] {processor.py:840} INFO - DAG(s) 'example_params_trigger_ui' retrieved from /home/airflow/.local/lib/python3.12/site-packages/airflow/example_dags/example_params_trigger_ui.py
[2025-05-01T11:58:56.811+0000] {logging_mixin.py:188} INFO - [2025-05-01T11:58:56.810+0000] {dag.py:3096} INFO - Sync 1 DAGs
[2025-05-01T11:58:56.838+0000] {logging_mixin.py:188} INFO - [2025-05-01T11:58:56.837+0000] {dag.py:3954} INFO - Setting next_dagrun for example_params_trigger_ui to None, run_after=None
[2025-05-01T11:58:56.882+0000] {processor.py:183} INFO - Processing /home/airflow/.local/lib/python3.12/site-packages/airflow/example_dags/example_params_trigger_ui.py took 0.230 seconds
[2025-05-01T11:59:27.398+0000] {processor.py:161} INFO - Started process (PID=3293) to work on /home/airflow/.local/lib/python3.12/site-packages/airflow/example_dags/example_params_trigger_ui.py
[2025-05-01T11:59:27.401+0000] {processor.py:830} INFO - Processing file /home/airflow/.local/lib/python3.12/site-packages/airflow/example_dags/example_params_trigger_ui.py for tasks to queue
[2025-05-01T11:59:27.407+0000] {logging_mixin.py:188} INFO - [2025-05-01T11:59:27.406+0000] {dagbag.py:545} INFO - Filling up the DagBag from /home/airflow/.local/lib/python3.12/site-packages/airflow/example_dags/example_params_trigger_ui.py
[2025-05-01T11:59:27.446+0000] {processor.py:840} INFO - DAG(s) 'example_params_trigger_ui' retrieved from /home/airflow/.local/lib/python3.12/site-packages/airflow/example_dags/example_params_trigger_ui.py
[2025-05-01T11:59:27.574+0000] {logging_mixin.py:188} INFO - [2025-05-01T11:59:27.573+0000] {dag.py:3096} INFO - Sync 1 DAGs
[2025-05-01T11:59:27.610+0000] {logging_mixin.py:188} INFO - [2025-05-01T11:59:27.609+0000] {dag.py:3954} INFO - Setting next_dagrun for example_params_trigger_ui to None, run_after=None
[2025-05-01T11:59:27.657+0000] {processor.py:183} INFO - Processing /home/airflow/.local/lib/python3.12/site-packages/airflow/example_dags/example_params_trigger_ui.py took 0.277 seconds
[2025-05-01T11:59:58.106+0000] {processor.py:161} INFO - Started process (PID=3352) to work on /home/airflow/.local/lib/python3.12/site-packages/airflow/example_dags/example_params_trigger_ui.py
[2025-05-01T11:59:58.109+0000] {processor.py:830} INFO - Processing file /home/airflow/.local/lib/python3.12/site-packages/airflow/example_dags/example_params_trigger_ui.py for tasks to queue
[2025-05-01T11:59:58.113+0000] {logging_mixin.py:188} INFO - [2025-05-01T11:59:58.112+0000] {dagbag.py:545} INFO - Filling up the DagBag from /home/airflow/.local/lib/python3.12/site-packages/airflow/example_dags/example_params_trigger_ui.py
[2025-05-01T11:59:58.137+0000] {processor.py:840} INFO - DAG(s) 'example_params_trigger_ui' retrieved from /home/airflow/.local/lib/python3.12/site-packages/airflow/example_dags/example_params_trigger_ui.py
[2025-05-01T11:59:58.242+0000] {logging_mixin.py:188} INFO - [2025-05-01T11:59:58.242+0000] {dag.py:3096} INFO - Sync 1 DAGs
[2025-05-01T11:59:58.269+0000] {logging_mixin.py:188} INFO - [2025-05-01T11:59:58.268+0000] {dag.py:3954} INFO - Setting next_dagrun for example_params_trigger_ui to None, run_after=None
[2025-05-01T11:59:58.320+0000] {processor.py:183} INFO - Processing /home/airflow/.local/lib/python3.12/site-packages/airflow/example_dags/example_params_trigger_ui.py took 0.225 seconds
[2025-05-01T12:00:28.823+0000] {processor.py:161} INFO - Started process (PID=3410) to work on /home/airflow/.local/lib/python3.12/site-packages/airflow/example_dags/example_params_trigger_ui.py
[2025-05-01T12:00:28.825+0000] {processor.py:830} INFO - Processing file /home/airflow/.local/lib/python3.12/site-packages/airflow/example_dags/example_params_trigger_ui.py for tasks to queue
[2025-05-01T12:00:28.831+0000] {logging_mixin.py:188} INFO - [2025-05-01T12:00:28.830+0000] {dagbag.py:545} INFO - Filling up the DagBag from /home/airflow/.local/lib/python3.12/site-packages/airflow/example_dags/example_params_trigger_ui.py
[2025-05-01T12:00:28.871+0000] {processor.py:840} INFO - DAG(s) 'example_params_trigger_ui' retrieved from /home/airflow/.local/lib/python3.12/site-packages/airflow/example_dags/example_params_trigger_ui.py
[2025-05-01T12:00:29.035+0000] {logging_mixin.py:188} INFO - [2025-05-01T12:00:29.034+0000] {dag.py:3096} INFO - Sync 1 DAGs
[2025-05-01T12:00:29.071+0000] {logging_mixin.py:188} INFO - [2025-05-01T12:00:29.070+0000] {dag.py:3954} INFO - Setting next_dagrun for example_params_trigger_ui to None, run_after=None
[2025-05-01T12:00:29.135+0000] {processor.py:183} INFO - Processing /home/airflow/.local/lib/python3.12/site-packages/airflow/example_dags/example_params_trigger_ui.py took 0.327 seconds
[2025-05-01T12:01:00.646+0000] {processor.py:161} INFO - Started process (PID=3468) to work on /home/airflow/.local/lib/python3.12/site-packages/airflow/example_dags/example_params_trigger_ui.py
[2025-05-01T12:01:00.648+0000] {processor.py:830} INFO - Processing file /home/airflow/.local/lib/python3.12/site-packages/airflow/example_dags/example_params_trigger_ui.py for tasks to queue
[2025-05-01T12:01:00.652+0000] {logging_mixin.py:188} INFO - [2025-05-01T12:01:00.652+0000] {dagbag.py:545} INFO - Filling up the DagBag from /home/airflow/.local/lib/python3.12/site-packages/airflow/example_dags/example_params_trigger_ui.py
[2025-05-01T12:01:00.693+0000] {processor.py:840} INFO - DAG(s) 'example_params_trigger_ui' retrieved from /home/airflow/.local/lib/python3.12/site-packages/airflow/example_dags/example_params_trigger_ui.py
[2025-05-01T12:01:00.808+0000] {logging_mixin.py:188} INFO - [2025-05-01T12:01:00.807+0000] {dag.py:3096} INFO - Sync 1 DAGs
[2025-05-01T12:01:00.838+0000] {logging_mixin.py:188} INFO - [2025-05-01T12:01:00.837+0000] {dag.py:3954} INFO - Setting next_dagrun for example_params_trigger_ui to None, run_after=None
[2025-05-01T12:01:00.885+0000] {processor.py:183} INFO - Processing /home/airflow/.local/lib/python3.12/site-packages/airflow/example_dags/example_params_trigger_ui.py took 0.252 seconds
[2025-05-01T12:01:31.808+0000] {processor.py:161} INFO - Started process (PID=3529) to work on /home/airflow/.local/lib/python3.12/site-packages/airflow/example_dags/example_params_trigger_ui.py
[2025-05-01T12:01:31.810+0000] {processor.py:830} INFO - Processing file /home/airflow/.local/lib/python3.12/site-packages/airflow/example_dags/example_params_trigger_ui.py for tasks to queue
[2025-05-01T12:01:31.814+0000] {logging_mixin.py:188} INFO - [2025-05-01T12:01:31.813+0000] {dagbag.py:545} INFO - Filling up the DagBag from /home/airflow/.local/lib/python3.12/site-packages/airflow/example_dags/example_params_trigger_ui.py
[2025-05-01T12:01:31.847+0000] {processor.py:840} INFO - DAG(s) 'example_params_trigger_ui' retrieved from /home/airflow/.local/lib/python3.12/site-packages/airflow/example_dags/example_params_trigger_ui.py
[2025-05-01T12:01:31.964+0000] {logging_mixin.py:188} INFO - [2025-05-01T12:01:31.963+0000] {dag.py:3096} INFO - Sync 1 DAGs
[2025-05-01T12:01:31.999+0000] {logging_mixin.py:188} INFO - [2025-05-01T12:01:31.998+0000] {dag.py:3954} INFO - Setting next_dagrun for example_params_trigger_ui to None, run_after=None
[2025-05-01T12:01:32.057+0000] {processor.py:183} INFO - Processing /home/airflow/.local/lib/python3.12/site-packages/airflow/example_dags/example_params_trigger_ui.py took 0.263 seconds
[2025-05-01T12:02:02.395+0000] {processor.py:161} INFO - Started process (PID=3589) to work on /home/airflow/.local/lib/python3.12/site-packages/airflow/example_dags/example_params_trigger_ui.py
[2025-05-01T12:02:02.398+0000] {processor.py:830} INFO - Processing file /home/airflow/.local/lib/python3.12/site-packages/airflow/example_dags/example_params_trigger_ui.py for tasks to queue
[2025-05-01T12:02:02.401+0000] {logging_mixin.py:188} INFO - [2025-05-01T12:02:02.401+0000] {dagbag.py:545} INFO - Filling up the DagBag from /home/airflow/.local/lib/python3.12/site-packages/airflow/example_dags/example_params_trigger_ui.py
[2025-05-01T12:02:02.430+0000] {processor.py:840} INFO - DAG(s) 'example_params_trigger_ui' retrieved from /home/airflow/.local/lib/python3.12/site-packages/airflow/example_dags/example_params_trigger_ui.py
[2025-05-01T12:02:02.545+0000] {logging_mixin.py:188} INFO - [2025-05-01T12:02:02.544+0000] {dag.py:3096} INFO - Sync 1 DAGs
[2025-05-01T12:02:02.584+0000] {logging_mixin.py:188} INFO - [2025-05-01T12:02:02.583+0000] {dag.py:3954} INFO - Setting next_dagrun for example_params_trigger_ui to None, run_after=None
[2025-05-01T12:02:02.683+0000] {processor.py:183} INFO - Processing /home/airflow/.local/lib/python3.12/site-packages/airflow/example_dags/example_params_trigger_ui.py took 0.301 seconds
[2025-05-01T12:02:33.147+0000] {processor.py:161} INFO - Started process (PID=3652) to work on /home/airflow/.local/lib/python3.12/site-packages/airflow/example_dags/example_params_trigger_ui.py
[2025-05-01T12:02:33.149+0000] {processor.py:830} INFO - Processing file /home/airflow/.local/lib/python3.12/site-packages/airflow/example_dags/example_params_trigger_ui.py for tasks to queue
[2025-05-01T12:02:33.153+0000] {logging_mixin.py:188} INFO - [2025-05-01T12:02:33.153+0000] {dagbag.py:545} INFO - Filling up the DagBag from /home/airflow/.local/lib/python3.12/site-packages/airflow/example_dags/example_params_trigger_ui.py
[2025-05-01T12:02:33.181+0000] {processor.py:840} INFO - DAG(s) 'example_params_trigger_ui' retrieved from /home/airflow/.local/lib/python3.12/site-packages/airflow/example_dags/example_params_trigger_ui.py
[2025-05-01T12:02:33.297+0000] {logging_mixin.py:188} INFO - [2025-05-01T12:02:33.296+0000] {dag.py:3096} INFO - Sync 1 DAGs
[2025-05-01T12:02:33.334+0000] {logging_mixin.py:188} INFO - [2025-05-01T12:02:33.334+0000] {dag.py:3954} INFO - Setting next_dagrun for example_params_trigger_ui to None, run_after=None
[2025-05-01T12:02:33.383+0000] {processor.py:183} INFO - Processing /home/airflow/.local/lib/python3.12/site-packages/airflow/example_dags/example_params_trigger_ui.py took 0.248 seconds
[2025-05-01T12:03:03.695+0000] {processor.py:161} INFO - Started process (PID=3710) to work on /home/airflow/.local/lib/python3.12/site-packages/airflow/example_dags/example_params_trigger_ui.py
[2025-05-01T12:03:03.698+0000] {processor.py:830} INFO - Processing file /home/airflow/.local/lib/python3.12/site-packages/airflow/example_dags/example_params_trigger_ui.py for tasks to queue
[2025-05-01T12:03:03.703+0000] {logging_mixin.py:188} INFO - [2025-05-01T12:03:03.702+0000] {dagbag.py:545} INFO - Filling up the DagBag from /home/airflow/.local/lib/python3.12/site-packages/airflow/example_dags/example_params_trigger_ui.py
[2025-05-01T12:03:03.732+0000] {processor.py:840} INFO - DAG(s) 'example_params_trigger_ui' retrieved from /home/airflow/.local/lib/python3.12/site-packages/airflow/example_dags/example_params_trigger_ui.py
[2025-05-01T12:03:03.855+0000] {logging_mixin.py:188} INFO - [2025-05-01T12:03:03.855+0000] {dag.py:3096} INFO - Sync 1 DAGs
[2025-05-01T12:03:03.886+0000] {logging_mixin.py:188} INFO - [2025-05-01T12:03:03.886+0000] {dag.py:3954} INFO - Setting next_dagrun for example_params_trigger_ui to None, run_after=None
[2025-05-01T12:03:03.937+0000] {processor.py:183} INFO - Processing /home/airflow/.local/lib/python3.12/site-packages/airflow/example_dags/example_params_trigger_ui.py took 0.255 seconds
[2025-05-01T12:03:34.205+0000] {processor.py:161} INFO - Started process (PID=3769) to work on /home/airflow/.local/lib/python3.12/site-packages/airflow/example_dags/example_params_trigger_ui.py
[2025-05-01T12:03:34.207+0000] {processor.py:830} INFO - Processing file /home/airflow/.local/lib/python3.12/site-packages/airflow/example_dags/example_params_trigger_ui.py for tasks to queue
[2025-05-01T12:03:34.212+0000] {logging_mixin.py:188} INFO - [2025-05-01T12:03:34.211+0000] {dagbag.py:545} INFO - Filling up the DagBag from /home/airflow/.local/lib/python3.12/site-packages/airflow/example_dags/example_params_trigger_ui.py
[2025-05-01T12:03:34.245+0000] {processor.py:840} INFO - DAG(s) 'example_params_trigger_ui' retrieved from /home/airflow/.local/lib/python3.12/site-packages/airflow/example_dags/example_params_trigger_ui.py
[2025-05-01T12:03:34.383+0000] {logging_mixin.py:188} INFO - [2025-05-01T12:03:34.382+0000] {dag.py:3096} INFO - Sync 1 DAGs
[2025-05-01T12:03:34.415+0000] {logging_mixin.py:188} INFO - [2025-05-01T12:03:34.415+0000] {dag.py:3954} INFO - Setting next_dagrun for example_params_trigger_ui to None, run_after=None
[2025-05-01T12:03:34.460+0000] {processor.py:183} INFO - Processing /home/airflow/.local/lib/python3.12/site-packages/airflow/example_dags/example_params_trigger_ui.py took 0.272 seconds
[2025-05-01T12:04:04.677+0000] {processor.py:161} INFO - Started process (PID=3828) to work on /home/airflow/.local/lib/python3.12/site-packages/airflow/example_dags/example_params_trigger_ui.py
[2025-05-01T12:04:04.680+0000] {processor.py:830} INFO - Processing file /home/airflow/.local/lib/python3.12/site-packages/airflow/example_dags/example_params_trigger_ui.py for tasks to queue
[2025-05-01T12:04:04.685+0000] {logging_mixin.py:188} INFO - [2025-05-01T12:04:04.684+0000] {dagbag.py:545} INFO - Filling up the DagBag from /home/airflow/.local/lib/python3.12/site-packages/airflow/example_dags/example_params_trigger_ui.py
[2025-05-01T12:04:04.724+0000] {processor.py:840} INFO - DAG(s) 'example_params_trigger_ui' retrieved from /home/airflow/.local/lib/python3.12/site-packages/airflow/example_dags/example_params_trigger_ui.py
[2025-05-01T12:04:04.876+0000] {logging_mixin.py:188} INFO - [2025-05-01T12:04:04.876+0000] {dag.py:3096} INFO - Sync 1 DAGs
[2025-05-01T12:04:04.919+0000] {logging_mixin.py:188} INFO - [2025-05-01T12:04:04.918+0000] {dag.py:3954} INFO - Setting next_dagrun for example_params_trigger_ui to None, run_after=None
[2025-05-01T12:04:04.982+0000] {processor.py:183} INFO - Processing /home/airflow/.local/lib/python3.12/site-packages/airflow/example_dags/example_params_trigger_ui.py took 0.319 seconds
[2025-05-01T12:04:35.191+0000] {processor.py:161} INFO - Started process (PID=3887) to work on /home/airflow/.local/lib/python3.12/site-packages/airflow/example_dags/example_params_trigger_ui.py
[2025-05-01T12:04:35.193+0000] {processor.py:830} INFO - Processing file /home/airflow/.local/lib/python3.12/site-packages/airflow/example_dags/example_params_trigger_ui.py for tasks to queue
[2025-05-01T12:04:35.198+0000] {logging_mixin.py:188} INFO - [2025-05-01T12:04:35.197+0000] {dagbag.py:545} INFO - Filling up the DagBag from /home/airflow/.local/lib/python3.12/site-packages/airflow/example_dags/example_params_trigger_ui.py
[2025-05-01T12:04:35.235+0000] {processor.py:840} INFO - DAG(s) 'example_params_trigger_ui' retrieved from /home/airflow/.local/lib/python3.12/site-packages/airflow/example_dags/example_params_trigger_ui.py
[2025-05-01T12:04:35.353+0000] {logging_mixin.py:188} INFO - [2025-05-01T12:04:35.352+0000] {dag.py:3096} INFO - Sync 1 DAGs
[2025-05-01T12:04:35.382+0000] {logging_mixin.py:188} INFO - [2025-05-01T12:04:35.382+0000] {dag.py:3954} INFO - Setting next_dagrun for example_params_trigger_ui to None, run_after=None
[2025-05-01T12:04:35.437+0000] {processor.py:183} INFO - Processing /home/airflow/.local/lib/python3.12/site-packages/airflow/example_dags/example_params_trigger_ui.py took 0.261 seconds
[2025-05-01T12:05:05.971+0000] {processor.py:161} INFO - Started process (PID=3946) to work on /home/airflow/.local/lib/python3.12/site-packages/airflow/example_dags/example_params_trigger_ui.py
[2025-05-01T12:05:05.973+0000] {processor.py:830} INFO - Processing file /home/airflow/.local/lib/python3.12/site-packages/airflow/example_dags/example_params_trigger_ui.py for tasks to queue
[2025-05-01T12:05:05.977+0000] {logging_mixin.py:188} INFO - [2025-05-01T12:05:05.976+0000] {dagbag.py:545} INFO - Filling up the DagBag from /home/airflow/.local/lib/python3.12/site-packages/airflow/example_dags/example_params_trigger_ui.py
[2025-05-01T12:05:06.014+0000] {processor.py:840} INFO - DAG(s) 'example_params_trigger_ui' retrieved from /home/airflow/.local/lib/python3.12/site-packages/airflow/example_dags/example_params_trigger_ui.py
[2025-05-01T12:05:06.114+0000] {logging_mixin.py:188} INFO - [2025-05-01T12:05:06.113+0000] {dag.py:3096} INFO - Sync 1 DAGs
[2025-05-01T12:05:06.139+0000] {logging_mixin.py:188} INFO - [2025-05-01T12:05:06.139+0000] {dag.py:3954} INFO - Setting next_dagrun for example_params_trigger_ui to None, run_after=None
[2025-05-01T12:05:06.181+0000] {processor.py:183} INFO - Processing /home/airflow/.local/lib/python3.12/site-packages/airflow/example_dags/example_params_trigger_ui.py took 0.222 seconds
[2025-05-01T12:05:36.391+0000] {processor.py:161} INFO - Started process (PID=4006) to work on /home/airflow/.local/lib/python3.12/site-packages/airflow/example_dags/example_params_trigger_ui.py
[2025-05-01T12:05:36.393+0000] {processor.py:830} INFO - Processing file /home/airflow/.local/lib/python3.12/site-packages/airflow/example_dags/example_params_trigger_ui.py for tasks to queue
[2025-05-01T12:05:36.397+0000] {logging_mixin.py:188} INFO - [2025-05-01T12:05:36.396+0000] {dagbag.py:545} INFO - Filling up the DagBag from /home/airflow/.local/lib/python3.12/site-packages/airflow/example_dags/example_params_trigger_ui.py
[2025-05-01T12:05:36.422+0000] {processor.py:840} INFO - DAG(s) 'example_params_trigger_ui' retrieved from /home/airflow/.local/lib/python3.12/site-packages/airflow/example_dags/example_params_trigger_ui.py
[2025-05-01T12:05:36.517+0000] {logging_mixin.py:188} INFO - [2025-05-01T12:05:36.517+0000] {dag.py:3096} INFO - Sync 1 DAGs
[2025-05-01T12:05:36.548+0000] {logging_mixin.py:188} INFO - [2025-05-01T12:05:36.547+0000] {dag.py:3954} INFO - Setting next_dagrun for example_params_trigger_ui to None, run_after=None
[2025-05-01T12:05:36.648+0000] {processor.py:183} INFO - Processing /home/airflow/.local/lib/python3.12/site-packages/airflow/example_dags/example_params_trigger_ui.py took 0.268 seconds
[2025-05-01T12:06:08.319+0000] {processor.py:161} INFO - Started process (PID=4065) to work on /home/airflow/.local/lib/python3.12/site-packages/airflow/example_dags/example_params_trigger_ui.py
[2025-05-01T12:06:08.322+0000] {processor.py:830} INFO - Processing file /home/airflow/.local/lib/python3.12/site-packages/airflow/example_dags/example_params_trigger_ui.py for tasks to queue
[2025-05-01T12:06:08.326+0000] {logging_mixin.py:188} INFO - [2025-05-01T12:06:08.326+0000] {dagbag.py:545} INFO - Filling up the DagBag from /home/airflow/.local/lib/python3.12/site-packages/airflow/example_dags/example_params_trigger_ui.py
[2025-05-01T12:06:08.366+0000] {processor.py:840} INFO - DAG(s) 'example_params_trigger_ui' retrieved from /home/airflow/.local/lib/python3.12/site-packages/airflow/example_dags/example_params_trigger_ui.py
[2025-05-01T12:06:08.492+0000] {logging_mixin.py:188} INFO - [2025-05-01T12:06:08.491+0000] {dag.py:3096} INFO - Sync 1 DAGs
[2025-05-01T12:06:08.528+0000] {logging_mixin.py:188} INFO - [2025-05-01T12:06:08.528+0000] {dag.py:3954} INFO - Setting next_dagrun for example_params_trigger_ui to None, run_after=None
[2025-05-01T12:06:08.587+0000] {processor.py:183} INFO - Processing /home/airflow/.local/lib/python3.12/site-packages/airflow/example_dags/example_params_trigger_ui.py took 0.282 seconds
[2025-05-01T12:06:38.741+0000] {processor.py:161} INFO - Started process (PID=4124) to work on /home/airflow/.local/lib/python3.12/site-packages/airflow/example_dags/example_params_trigger_ui.py
[2025-05-01T12:06:38.744+0000] {processor.py:830} INFO - Processing file /home/airflow/.local/lib/python3.12/site-packages/airflow/example_dags/example_params_trigger_ui.py for tasks to queue
[2025-05-01T12:06:38.748+0000] {logging_mixin.py:188} INFO - [2025-05-01T12:06:38.747+0000] {dagbag.py:545} INFO - Filling up the DagBag from /home/airflow/.local/lib/python3.12/site-packages/airflow/example_dags/example_params_trigger_ui.py
[2025-05-01T12:06:38.786+0000] {processor.py:840} INFO - DAG(s) 'example_params_trigger_ui' retrieved from /home/airflow/.local/lib/python3.12/site-packages/airflow/example_dags/example_params_trigger_ui.py
[2025-05-01T12:06:38.901+0000] {logging_mixin.py:188} INFO - [2025-05-01T12:06:38.901+0000] {dag.py:3096} INFO - Sync 1 DAGs
[2025-05-01T12:06:38.930+0000] {logging_mixin.py:188} INFO - [2025-05-01T12:06:38.930+0000] {dag.py:3954} INFO - Setting next_dagrun for example_params_trigger_ui to None, run_after=None
[2025-05-01T12:06:38.990+0000] {processor.py:183} INFO - Processing /home/airflow/.local/lib/python3.12/site-packages/airflow/example_dags/example_params_trigger_ui.py took 0.260 seconds
[2025-05-01T12:07:09.380+0000] {processor.py:161} INFO - Started process (PID=4183) to work on /home/airflow/.local/lib/python3.12/site-packages/airflow/example_dags/example_params_trigger_ui.py
[2025-05-01T12:07:09.383+0000] {processor.py:830} INFO - Processing file /home/airflow/.local/lib/python3.12/site-packages/airflow/example_dags/example_params_trigger_ui.py for tasks to queue
[2025-05-01T12:07:09.389+0000] {logging_mixin.py:188} INFO - [2025-05-01T12:07:09.388+0000] {dagbag.py:545} INFO - Filling up the DagBag from /home/airflow/.local/lib/python3.12/site-packages/airflow/example_dags/example_params_trigger_ui.py
[2025-05-01T12:07:09.430+0000] {processor.py:840} INFO - DAG(s) 'example_params_trigger_ui' retrieved from /home/airflow/.local/lib/python3.12/site-packages/airflow/example_dags/example_params_trigger_ui.py
[2025-05-01T12:07:09.563+0000] {logging_mixin.py:188} INFO - [2025-05-01T12:07:09.562+0000] {dag.py:3096} INFO - Sync 1 DAGs
[2025-05-01T12:07:09.609+0000] {logging_mixin.py:188} INFO - [2025-05-01T12:07:09.605+0000] {dag.py:3954} INFO - Setting next_dagrun for example_params_trigger_ui to None, run_after=None
[2025-05-01T12:07:09.674+0000] {processor.py:183} INFO - Processing /home/airflow/.local/lib/python3.12/site-packages/airflow/example_dags/example_params_trigger_ui.py took 0.310 seconds
[2025-05-01T12:07:40.567+0000] {processor.py:161} INFO - Started process (PID=4242) to work on /home/airflow/.local/lib/python3.12/site-packages/airflow/example_dags/example_params_trigger_ui.py
[2025-05-01T12:07:40.570+0000] {processor.py:830} INFO - Processing file /home/airflow/.local/lib/python3.12/site-packages/airflow/example_dags/example_params_trigger_ui.py for tasks to queue
[2025-05-01T12:07:40.574+0000] {logging_mixin.py:188} INFO - [2025-05-01T12:07:40.573+0000] {dagbag.py:545} INFO - Filling up the DagBag from /home/airflow/.local/lib/python3.12/site-packages/airflow/example_dags/example_params_trigger_ui.py
[2025-05-01T12:07:40.603+0000] {processor.py:840} INFO - DAG(s) 'example_params_trigger_ui' retrieved from /home/airflow/.local/lib/python3.12/site-packages/airflow/example_dags/example_params_trigger_ui.py
[2025-05-01T12:07:40.724+0000] {logging_mixin.py:188} INFO - [2025-05-01T12:07:40.724+0000] {dag.py:3096} INFO - Sync 1 DAGs
[2025-05-01T12:07:40.751+0000] {logging_mixin.py:188} INFO - [2025-05-01T12:07:40.751+0000] {dag.py:3954} INFO - Setting next_dagrun for example_params_trigger_ui to None, run_after=None
[2025-05-01T12:07:40.801+0000] {processor.py:183} INFO - Processing /home/airflow/.local/lib/python3.12/site-packages/airflow/example_dags/example_params_trigger_ui.py took 0.245 seconds
[2025-05-01T12:08:11.004+0000] {processor.py:161} INFO - Started process (PID=4300) to work on /home/airflow/.local/lib/python3.12/site-packages/airflow/example_dags/example_params_trigger_ui.py
[2025-05-01T12:08:11.006+0000] {processor.py:830} INFO - Processing file /home/airflow/.local/lib/python3.12/site-packages/airflow/example_dags/example_params_trigger_ui.py for tasks to queue
[2025-05-01T12:08:11.011+0000] {logging_mixin.py:188} INFO - [2025-05-01T12:08:11.010+0000] {dagbag.py:545} INFO - Filling up the DagBag from /home/airflow/.local/lib/python3.12/site-packages/airflow/example_dags/example_params_trigger_ui.py
[2025-05-01T12:08:11.038+0000] {processor.py:840} INFO - DAG(s) 'example_params_trigger_ui' retrieved from /home/airflow/.local/lib/python3.12/site-packages/airflow/example_dags/example_params_trigger_ui.py
[2025-05-01T12:08:11.134+0000] {logging_mixin.py:188} INFO - [2025-05-01T12:08:11.133+0000] {dag.py:3096} INFO - Sync 1 DAGs
[2025-05-01T12:08:11.161+0000] {logging_mixin.py:188} INFO - [2025-05-01T12:08:11.160+0000] {dag.py:3954} INFO - Setting next_dagrun for example_params_trigger_ui to None, run_after=None
[2025-05-01T12:08:11.206+0000] {processor.py:183} INFO - Processing /home/airflow/.local/lib/python3.12/site-packages/airflow/example_dags/example_params_trigger_ui.py took 0.215 seconds
[2025-05-01T12:08:41.513+0000] {processor.py:161} INFO - Started process (PID=4359) to work on /home/airflow/.local/lib/python3.12/site-packages/airflow/example_dags/example_params_trigger_ui.py
[2025-05-01T12:08:41.515+0000] {processor.py:830} INFO - Processing file /home/airflow/.local/lib/python3.12/site-packages/airflow/example_dags/example_params_trigger_ui.py for tasks to queue
[2025-05-01T12:08:41.520+0000] {logging_mixin.py:188} INFO - [2025-05-01T12:08:41.519+0000] {dagbag.py:545} INFO - Filling up the DagBag from /home/airflow/.local/lib/python3.12/site-packages/airflow/example_dags/example_params_trigger_ui.py
[2025-05-01T12:08:41.548+0000] {processor.py:840} INFO - DAG(s) 'example_params_trigger_ui' retrieved from /home/airflow/.local/lib/python3.12/site-packages/airflow/example_dags/example_params_trigger_ui.py
[2025-05-01T12:08:41.667+0000] {logging_mixin.py:188} INFO - [2025-05-01T12:08:41.667+0000] {dag.py:3096} INFO - Sync 1 DAGs
[2025-05-01T12:08:41.695+0000] {logging_mixin.py:188} INFO - [2025-05-01T12:08:41.695+0000] {dag.py:3954} INFO - Setting next_dagrun for example_params_trigger_ui to None, run_after=None
[2025-05-01T12:08:41.781+0000] {processor.py:183} INFO - Processing /home/airflow/.local/lib/python3.12/site-packages/airflow/example_dags/example_params_trigger_ui.py took 0.279 seconds
[2025-05-01T12:09:12.392+0000] {processor.py:161} INFO - Started process (PID=4419) to work on /home/airflow/.local/lib/python3.12/site-packages/airflow/example_dags/example_params_trigger_ui.py
[2025-05-01T12:09:12.395+0000] {processor.py:830} INFO - Processing file /home/airflow/.local/lib/python3.12/site-packages/airflow/example_dags/example_params_trigger_ui.py for tasks to queue
[2025-05-01T12:09:12.399+0000] {logging_mixin.py:188} INFO - [2025-05-01T12:09:12.398+0000] {dagbag.py:545} INFO - Filling up the DagBag from /home/airflow/.local/lib/python3.12/site-packages/airflow/example_dags/example_params_trigger_ui.py
[2025-05-01T12:09:12.425+0000] {processor.py:840} INFO - DAG(s) 'example_params_trigger_ui' retrieved from /home/airflow/.local/lib/python3.12/site-packages/airflow/example_dags/example_params_trigger_ui.py
[2025-05-01T12:09:12.536+0000] {logging_mixin.py:188} INFO - [2025-05-01T12:09:12.536+0000] {dag.py:3096} INFO - Sync 1 DAGs
[2025-05-01T12:09:12.562+0000] {logging_mixin.py:188} INFO - [2025-05-01T12:09:12.562+0000] {dag.py:3954} INFO - Setting next_dagrun for example_params_trigger_ui to None, run_after=None
[2025-05-01T12:09:12.607+0000] {processor.py:183} INFO - Processing /home/airflow/.local/lib/python3.12/site-packages/airflow/example_dags/example_params_trigger_ui.py took 0.226 seconds
[2025-05-01T12:09:43.037+0000] {processor.py:161} INFO - Started process (PID=4478) to work on /home/airflow/.local/lib/python3.12/site-packages/airflow/example_dags/example_params_trigger_ui.py
[2025-05-01T12:09:43.039+0000] {processor.py:830} INFO - Processing file /home/airflow/.local/lib/python3.12/site-packages/airflow/example_dags/example_params_trigger_ui.py for tasks to queue
[2025-05-01T12:09:43.043+0000] {logging_mixin.py:188} INFO - [2025-05-01T12:09:43.042+0000] {dagbag.py:545} INFO - Filling up the DagBag from /home/airflow/.local/lib/python3.12/site-packages/airflow/example_dags/example_params_trigger_ui.py
[2025-05-01T12:09:43.080+0000] {processor.py:840} INFO - DAG(s) 'example_params_trigger_ui' retrieved from /home/airflow/.local/lib/python3.12/site-packages/airflow/example_dags/example_params_trigger_ui.py
[2025-05-01T12:09:43.211+0000] {logging_mixin.py:188} INFO - [2025-05-01T12:09:43.211+0000] {dag.py:3096} INFO - Sync 1 DAGs
[2025-05-01T12:09:43.241+0000] {logging_mixin.py:188} INFO - [2025-05-01T12:09:43.240+0000] {dag.py:3954} INFO - Setting next_dagrun for example_params_trigger_ui to None, run_after=None
[2025-05-01T12:09:43.294+0000] {processor.py:183} INFO - Processing /home/airflow/.local/lib/python3.12/site-packages/airflow/example_dags/example_params_trigger_ui.py took 0.269 seconds
