[2025-05-01T10:49:48.584+0000] {processor.py:161} INFO - Started process (PID=66) to work on /home/airflow/.local/lib/python3.12/site-packages/airflow/example_dags/tutorial_objectstorage.py
[2025-05-01T10:49:48.587+0000] {processor.py:830} INFO - Processing file /home/airflow/.local/lib/python3.12/site-packages/airflow/example_dags/tutorial_objectstorage.py for tasks to queue
[2025-05-01T10:49:48.591+0000] {logging_mixin.py:188} INFO - [2025-05-01T10:49:48.590+0000] {dagbag.py:545} INFO - Filling up the DagBag from /home/airflow/.local/lib/python3.12/site-packages/airflow/example_dags/tutorial_objectstorage.py
[2025-05-01T10:49:48.606+0000] {processor.py:840} INFO - DAG(s) 'tutorial_objectstorage' retrieved from /home/airflow/.local/lib/python3.12/site-packages/airflow/example_dags/tutorial_objectstorage.py
[2025-05-01T10:49:48.787+0000] {logging_mixin.py:188} INFO - [2025-05-01T10:49:48.785+0000] {dag.py:3096} INFO - Sync 1 DAGs
[2025-05-01T10:49:48.806+0000] {logging_mixin.py:188} INFO - [2025-05-01T10:49:48.805+0000] {dag.py:3954} INFO - Setting next_dagrun for tutorial_objectstorage to None, run_after=None
[2025-05-01T10:49:48.842+0000] {processor.py:183} INFO - Processing /home/airflow/.local/lib/python3.12/site-packages/airflow/example_dags/tutorial_objectstorage.py took 0.268 seconds
[2025-05-01T10:50:19.218+0000] {processor.py:161} INFO - Started process (PID=124) to work on /home/airflow/.local/lib/python3.12/site-packages/airflow/example_dags/tutorial_objectstorage.py
[2025-05-01T10:50:19.220+0000] {processor.py:830} INFO - Processing file /home/airflow/.local/lib/python3.12/site-packages/airflow/example_dags/tutorial_objectstorage.py for tasks to queue
[2025-05-01T10:50:19.223+0000] {logging_mixin.py:188} INFO - [2025-05-01T10:50:19.223+0000] {dagbag.py:545} INFO - Filling up the DagBag from /home/airflow/.local/lib/python3.12/site-packages/airflow/example_dags/tutorial_objectstorage.py
[2025-05-01T10:50:19.231+0000] {processor.py:840} INFO - DAG(s) 'tutorial_objectstorage' retrieved from /home/airflow/.local/lib/python3.12/site-packages/airflow/example_dags/tutorial_objectstorage.py
[2025-05-01T10:50:19.253+0000] {logging_mixin.py:188} INFO - [2025-05-01T10:50:19.253+0000] {dag.py:3096} INFO - Sync 1 DAGs
[2025-05-01T10:50:19.267+0000] {logging_mixin.py:188} INFO - [2025-05-01T10:50:19.266+0000] {dag.py:3954} INFO - Setting next_dagrun for tutorial_objectstorage to None, run_after=None
[2025-05-01T10:50:19.291+0000] {processor.py:183} INFO - Processing /home/airflow/.local/lib/python3.12/site-packages/airflow/example_dags/tutorial_objectstorage.py took 0.079 seconds
[2025-05-01T10:51:47.037+0000] {processor.py:161} INFO - Started process (PID=72) to work on /home/airflow/.local/lib/python3.12/site-packages/airflow/example_dags/tutorial_objectstorage.py
[2025-05-01T10:51:47.039+0000] {processor.py:830} INFO - Processing file /home/airflow/.local/lib/python3.12/site-packages/airflow/example_dags/tutorial_objectstorage.py for tasks to queue
[2025-05-01T10:51:47.042+0000] {logging_mixin.py:188} INFO - [2025-05-01T10:51:47.042+0000] {dagbag.py:545} INFO - Filling up the DagBag from /home/airflow/.local/lib/python3.12/site-packages/airflow/example_dags/tutorial_objectstorage.py
[2025-05-01T10:51:47.055+0000] {processor.py:840} INFO - DAG(s) 'tutorial_objectstorage' retrieved from /home/airflow/.local/lib/python3.12/site-packages/airflow/example_dags/tutorial_objectstorage.py
[2025-05-01T10:51:47.246+0000] {logging_mixin.py:188} INFO - [2025-05-01T10:51:47.245+0000] {dag.py:3096} INFO - Sync 1 DAGs
[2025-05-01T10:51:47.266+0000] {logging_mixin.py:188} INFO - [2025-05-01T10:51:47.265+0000] {dag.py:3954} INFO - Setting next_dagrun for tutorial_objectstorage to None, run_after=None
[2025-05-01T10:51:47.298+0000] {processor.py:183} INFO - Processing /home/airflow/.local/lib/python3.12/site-packages/airflow/example_dags/tutorial_objectstorage.py took 0.270 seconds
[2025-05-01T10:52:17.720+0000] {processor.py:161} INFO - Started process (PID=130) to work on /home/airflow/.local/lib/python3.12/site-packages/airflow/example_dags/tutorial_objectstorage.py
[2025-05-01T10:52:17.722+0000] {processor.py:830} INFO - Processing file /home/airflow/.local/lib/python3.12/site-packages/airflow/example_dags/tutorial_objectstorage.py for tasks to queue
[2025-05-01T10:52:17.724+0000] {logging_mixin.py:188} INFO - [2025-05-01T10:52:17.723+0000] {dagbag.py:545} INFO - Filling up the DagBag from /home/airflow/.local/lib/python3.12/site-packages/airflow/example_dags/tutorial_objectstorage.py
[2025-05-01T10:52:17.731+0000] {processor.py:840} INFO - DAG(s) 'tutorial_objectstorage' retrieved from /home/airflow/.local/lib/python3.12/site-packages/airflow/example_dags/tutorial_objectstorage.py
[2025-05-01T10:52:17.756+0000] {logging_mixin.py:188} INFO - [2025-05-01T10:52:17.756+0000] {dag.py:3096} INFO - Sync 1 DAGs
[2025-05-01T10:52:17.771+0000] {logging_mixin.py:188} INFO - [2025-05-01T10:52:17.770+0000] {dag.py:3954} INFO - Setting next_dagrun for tutorial_objectstorage to None, run_after=None
[2025-05-01T10:52:17.799+0000] {processor.py:183} INFO - Processing /home/airflow/.local/lib/python3.12/site-packages/airflow/example_dags/tutorial_objectstorage.py took 0.085 seconds
[2025-05-01T10:52:48.050+0000] {processor.py:161} INFO - Started process (PID=188) to work on /home/airflow/.local/lib/python3.12/site-packages/airflow/example_dags/tutorial_objectstorage.py
[2025-05-01T10:52:48.052+0000] {processor.py:830} INFO - Processing file /home/airflow/.local/lib/python3.12/site-packages/airflow/example_dags/tutorial_objectstorage.py for tasks to queue
[2025-05-01T10:52:48.055+0000] {logging_mixin.py:188} INFO - [2025-05-01T10:52:48.055+0000] {dagbag.py:545} INFO - Filling up the DagBag from /home/airflow/.local/lib/python3.12/site-packages/airflow/example_dags/tutorial_objectstorage.py
[2025-05-01T10:52:48.064+0000] {processor.py:840} INFO - DAG(s) 'tutorial_objectstorage' retrieved from /home/airflow/.local/lib/python3.12/site-packages/airflow/example_dags/tutorial_objectstorage.py
[2025-05-01T10:52:48.087+0000] {logging_mixin.py:188} INFO - [2025-05-01T10:52:48.087+0000] {dag.py:3096} INFO - Sync 1 DAGs
[2025-05-01T10:52:48.101+0000] {logging_mixin.py:188} INFO - [2025-05-01T10:52:48.101+0000] {dag.py:3954} INFO - Setting next_dagrun for tutorial_objectstorage to None, run_after=None
[2025-05-01T10:52:48.126+0000] {processor.py:183} INFO - Processing /home/airflow/.local/lib/python3.12/site-packages/airflow/example_dags/tutorial_objectstorage.py took 0.082 seconds
[2025-05-01T10:53:18.371+0000] {processor.py:161} INFO - Started process (PID=246) to work on /home/airflow/.local/lib/python3.12/site-packages/airflow/example_dags/tutorial_objectstorage.py
[2025-05-01T10:53:18.373+0000] {processor.py:830} INFO - Processing file /home/airflow/.local/lib/python3.12/site-packages/airflow/example_dags/tutorial_objectstorage.py for tasks to queue
[2025-05-01T10:53:18.375+0000] {logging_mixin.py:188} INFO - [2025-05-01T10:53:18.375+0000] {dagbag.py:545} INFO - Filling up the DagBag from /home/airflow/.local/lib/python3.12/site-packages/airflow/example_dags/tutorial_objectstorage.py
[2025-05-01T10:53:18.384+0000] {processor.py:840} INFO - DAG(s) 'tutorial_objectstorage' retrieved from /home/airflow/.local/lib/python3.12/site-packages/airflow/example_dags/tutorial_objectstorage.py
[2025-05-01T10:53:18.413+0000] {logging_mixin.py:188} INFO - [2025-05-01T10:53:18.413+0000] {dag.py:3096} INFO - Sync 1 DAGs
[2025-05-01T10:53:18.438+0000] {logging_mixin.py:188} INFO - [2025-05-01T10:53:18.437+0000] {dag.py:3954} INFO - Setting next_dagrun for tutorial_objectstorage to None, run_after=None
[2025-05-01T10:53:18.470+0000] {processor.py:183} INFO - Processing /home/airflow/.local/lib/python3.12/site-packages/airflow/example_dags/tutorial_objectstorage.py took 0.104 seconds
[2025-05-01T10:53:48.626+0000] {processor.py:161} INFO - Started process (PID=304) to work on /home/airflow/.local/lib/python3.12/site-packages/airflow/example_dags/tutorial_objectstorage.py
[2025-05-01T10:53:48.628+0000] {processor.py:830} INFO - Processing file /home/airflow/.local/lib/python3.12/site-packages/airflow/example_dags/tutorial_objectstorage.py for tasks to queue
[2025-05-01T10:53:48.630+0000] {logging_mixin.py:188} INFO - [2025-05-01T10:53:48.630+0000] {dagbag.py:545} INFO - Filling up the DagBag from /home/airflow/.local/lib/python3.12/site-packages/airflow/example_dags/tutorial_objectstorage.py
[2025-05-01T10:53:48.640+0000] {processor.py:840} INFO - DAG(s) 'tutorial_objectstorage' retrieved from /home/airflow/.local/lib/python3.12/site-packages/airflow/example_dags/tutorial_objectstorage.py
[2025-05-01T10:53:48.665+0000] {logging_mixin.py:188} INFO - [2025-05-01T10:53:48.665+0000] {dag.py:3096} INFO - Sync 1 DAGs
[2025-05-01T10:53:48.679+0000] {logging_mixin.py:188} INFO - [2025-05-01T10:53:48.679+0000] {dag.py:3954} INFO - Setting next_dagrun for tutorial_objectstorage to None, run_after=None
[2025-05-01T10:53:48.703+0000] {processor.py:183} INFO - Processing /home/airflow/.local/lib/python3.12/site-packages/airflow/example_dags/tutorial_objectstorage.py took 0.083 seconds
[2025-05-01T10:54:18.999+0000] {processor.py:161} INFO - Started process (PID=362) to work on /home/airflow/.local/lib/python3.12/site-packages/airflow/example_dags/tutorial_objectstorage.py
[2025-05-01T10:54:19.000+0000] {processor.py:830} INFO - Processing file /home/airflow/.local/lib/python3.12/site-packages/airflow/example_dags/tutorial_objectstorage.py for tasks to queue
[2025-05-01T10:54:19.003+0000] {logging_mixin.py:188} INFO - [2025-05-01T10:54:19.003+0000] {dagbag.py:545} INFO - Filling up the DagBag from /home/airflow/.local/lib/python3.12/site-packages/airflow/example_dags/tutorial_objectstorage.py
[2025-05-01T10:54:19.012+0000] {processor.py:840} INFO - DAG(s) 'tutorial_objectstorage' retrieved from /home/airflow/.local/lib/python3.12/site-packages/airflow/example_dags/tutorial_objectstorage.py
[2025-05-01T10:54:19.034+0000] {logging_mixin.py:188} INFO - [2025-05-01T10:54:19.033+0000] {dag.py:3096} INFO - Sync 1 DAGs
[2025-05-01T10:54:19.050+0000] {logging_mixin.py:188} INFO - [2025-05-01T10:54:19.050+0000] {dag.py:3954} INFO - Setting next_dagrun for tutorial_objectstorage to None, run_after=None
[2025-05-01T10:54:19.075+0000] {processor.py:183} INFO - Processing /home/airflow/.local/lib/python3.12/site-packages/airflow/example_dags/tutorial_objectstorage.py took 0.082 seconds
[2025-05-01T10:54:49.636+0000] {processor.py:161} INFO - Started process (PID=420) to work on /home/airflow/.local/lib/python3.12/site-packages/airflow/example_dags/tutorial_objectstorage.py
[2025-05-01T10:54:49.638+0000] {processor.py:830} INFO - Processing file /home/airflow/.local/lib/python3.12/site-packages/airflow/example_dags/tutorial_objectstorage.py for tasks to queue
[2025-05-01T10:54:49.640+0000] {logging_mixin.py:188} INFO - [2025-05-01T10:54:49.640+0000] {dagbag.py:545} INFO - Filling up the DagBag from /home/airflow/.local/lib/python3.12/site-packages/airflow/example_dags/tutorial_objectstorage.py
[2025-05-01T10:54:49.649+0000] {processor.py:840} INFO - DAG(s) 'tutorial_objectstorage' retrieved from /home/airflow/.local/lib/python3.12/site-packages/airflow/example_dags/tutorial_objectstorage.py
[2025-05-01T10:54:49.675+0000] {logging_mixin.py:188} INFO - [2025-05-01T10:54:49.675+0000] {dag.py:3096} INFO - Sync 1 DAGs
[2025-05-01T10:54:49.691+0000] {logging_mixin.py:188} INFO - [2025-05-01T10:54:49.691+0000] {dag.py:3954} INFO - Setting next_dagrun for tutorial_objectstorage to None, run_after=None
[2025-05-01T10:54:49.719+0000] {processor.py:183} INFO - Processing /home/airflow/.local/lib/python3.12/site-packages/airflow/example_dags/tutorial_objectstorage.py took 0.089 seconds
[2025-05-01T10:55:19.827+0000] {processor.py:161} INFO - Started process (PID=478) to work on /home/airflow/.local/lib/python3.12/site-packages/airflow/example_dags/tutorial_objectstorage.py
[2025-05-01T10:55:19.829+0000] {processor.py:830} INFO - Processing file /home/airflow/.local/lib/python3.12/site-packages/airflow/example_dags/tutorial_objectstorage.py for tasks to queue
[2025-05-01T10:55:19.831+0000] {logging_mixin.py:188} INFO - [2025-05-01T10:55:19.830+0000] {dagbag.py:545} INFO - Filling up the DagBag from /home/airflow/.local/lib/python3.12/site-packages/airflow/example_dags/tutorial_objectstorage.py
[2025-05-01T10:55:19.838+0000] {processor.py:840} INFO - DAG(s) 'tutorial_objectstorage' retrieved from /home/airflow/.local/lib/python3.12/site-packages/airflow/example_dags/tutorial_objectstorage.py
[2025-05-01T10:55:19.862+0000] {logging_mixin.py:188} INFO - [2025-05-01T10:55:19.861+0000] {dag.py:3096} INFO - Sync 1 DAGs
[2025-05-01T10:55:19.876+0000] {logging_mixin.py:188} INFO - [2025-05-01T10:55:19.876+0000] {dag.py:3954} INFO - Setting next_dagrun for tutorial_objectstorage to None, run_after=None
[2025-05-01T10:55:19.899+0000] {processor.py:183} INFO - Processing /home/airflow/.local/lib/python3.12/site-packages/airflow/example_dags/tutorial_objectstorage.py took 0.077 seconds
[2025-05-01T10:55:50.574+0000] {processor.py:161} INFO - Started process (PID=536) to work on /home/airflow/.local/lib/python3.12/site-packages/airflow/example_dags/tutorial_objectstorage.py
[2025-05-01T10:55:50.575+0000] {processor.py:830} INFO - Processing file /home/airflow/.local/lib/python3.12/site-packages/airflow/example_dags/tutorial_objectstorage.py for tasks to queue
[2025-05-01T10:55:50.578+0000] {logging_mixin.py:188} INFO - [2025-05-01T10:55:50.577+0000] {dagbag.py:545} INFO - Filling up the DagBag from /home/airflow/.local/lib/python3.12/site-packages/airflow/example_dags/tutorial_objectstorage.py
[2025-05-01T10:55:50.584+0000] {processor.py:840} INFO - DAG(s) 'tutorial_objectstorage' retrieved from /home/airflow/.local/lib/python3.12/site-packages/airflow/example_dags/tutorial_objectstorage.py
[2025-05-01T10:55:50.606+0000] {logging_mixin.py:188} INFO - [2025-05-01T10:55:50.606+0000] {dag.py:3096} INFO - Sync 1 DAGs
[2025-05-01T10:55:50.621+0000] {logging_mixin.py:188} INFO - [2025-05-01T10:55:50.621+0000] {dag.py:3954} INFO - Setting next_dagrun for tutorial_objectstorage to None, run_after=None
[2025-05-01T10:55:50.646+0000] {processor.py:183} INFO - Processing /home/airflow/.local/lib/python3.12/site-packages/airflow/example_dags/tutorial_objectstorage.py took 0.077 seconds
[2025-05-01T10:56:21.082+0000] {processor.py:161} INFO - Started process (PID=600) to work on /home/airflow/.local/lib/python3.12/site-packages/airflow/example_dags/tutorial_objectstorage.py
[2025-05-01T10:56:21.083+0000] {processor.py:830} INFO - Processing file /home/airflow/.local/lib/python3.12/site-packages/airflow/example_dags/tutorial_objectstorage.py for tasks to queue
[2025-05-01T10:56:21.086+0000] {logging_mixin.py:188} INFO - [2025-05-01T10:56:21.085+0000] {dagbag.py:545} INFO - Filling up the DagBag from /home/airflow/.local/lib/python3.12/site-packages/airflow/example_dags/tutorial_objectstorage.py
[2025-05-01T10:56:21.096+0000] {processor.py:840} INFO - DAG(s) 'tutorial_objectstorage' retrieved from /home/airflow/.local/lib/python3.12/site-packages/airflow/example_dags/tutorial_objectstorage.py
[2025-05-01T10:56:21.120+0000] {logging_mixin.py:188} INFO - [2025-05-01T10:56:21.120+0000] {dag.py:3096} INFO - Sync 1 DAGs
[2025-05-01T10:56:21.136+0000] {logging_mixin.py:188} INFO - [2025-05-01T10:56:21.135+0000] {dag.py:3954} INFO - Setting next_dagrun for tutorial_objectstorage to None, run_after=None
[2025-05-01T10:56:21.161+0000] {processor.py:183} INFO - Processing /home/airflow/.local/lib/python3.12/site-packages/airflow/example_dags/tutorial_objectstorage.py took 0.086 seconds
[2025-05-01T10:56:51.802+0000] {processor.py:161} INFO - Started process (PID=659) to work on /home/airflow/.local/lib/python3.12/site-packages/airflow/example_dags/tutorial_objectstorage.py
[2025-05-01T10:56:51.803+0000] {processor.py:830} INFO - Processing file /home/airflow/.local/lib/python3.12/site-packages/airflow/example_dags/tutorial_objectstorage.py for tasks to queue
[2025-05-01T10:56:51.805+0000] {logging_mixin.py:188} INFO - [2025-05-01T10:56:51.804+0000] {dagbag.py:545} INFO - Filling up the DagBag from /home/airflow/.local/lib/python3.12/site-packages/airflow/example_dags/tutorial_objectstorage.py
[2025-05-01T10:56:51.812+0000] {processor.py:840} INFO - DAG(s) 'tutorial_objectstorage' retrieved from /home/airflow/.local/lib/python3.12/site-packages/airflow/example_dags/tutorial_objectstorage.py
[2025-05-01T10:56:51.835+0000] {logging_mixin.py:188} INFO - [2025-05-01T10:56:51.834+0000] {dag.py:3096} INFO - Sync 1 DAGs
[2025-05-01T10:56:51.849+0000] {logging_mixin.py:188} INFO - [2025-05-01T10:56:51.849+0000] {dag.py:3954} INFO - Setting next_dagrun for tutorial_objectstorage to None, run_after=None
[2025-05-01T10:56:51.874+0000] {processor.py:183} INFO - Processing /home/airflow/.local/lib/python3.12/site-packages/airflow/example_dags/tutorial_objectstorage.py took 0.079 seconds
[2025-05-01T10:57:22.379+0000] {processor.py:161} INFO - Started process (PID=720) to work on /home/airflow/.local/lib/python3.12/site-packages/airflow/example_dags/tutorial_objectstorage.py
[2025-05-01T10:57:22.380+0000] {processor.py:830} INFO - Processing file /home/airflow/.local/lib/python3.12/site-packages/airflow/example_dags/tutorial_objectstorage.py for tasks to queue
[2025-05-01T10:57:22.382+0000] {logging_mixin.py:188} INFO - [2025-05-01T10:57:22.382+0000] {dagbag.py:545} INFO - Filling up the DagBag from /home/airflow/.local/lib/python3.12/site-packages/airflow/example_dags/tutorial_objectstorage.py
[2025-05-01T10:57:22.391+0000] {processor.py:840} INFO - DAG(s) 'tutorial_objectstorage' retrieved from /home/airflow/.local/lib/python3.12/site-packages/airflow/example_dags/tutorial_objectstorage.py
[2025-05-01T10:57:22.415+0000] {logging_mixin.py:188} INFO - [2025-05-01T10:57:22.415+0000] {dag.py:3096} INFO - Sync 1 DAGs
[2025-05-01T10:57:22.431+0000] {logging_mixin.py:188} INFO - [2025-05-01T10:57:22.431+0000] {dag.py:3954} INFO - Setting next_dagrun for tutorial_objectstorage to None, run_after=None
[2025-05-01T10:57:22.457+0000] {processor.py:183} INFO - Processing /home/airflow/.local/lib/python3.12/site-packages/airflow/example_dags/tutorial_objectstorage.py took 0.085 seconds
[2025-05-01T10:57:52.951+0000] {processor.py:161} INFO - Started process (PID=779) to work on /home/airflow/.local/lib/python3.12/site-packages/airflow/example_dags/tutorial_objectstorage.py
[2025-05-01T10:57:52.953+0000] {processor.py:830} INFO - Processing file /home/airflow/.local/lib/python3.12/site-packages/airflow/example_dags/tutorial_objectstorage.py for tasks to queue
[2025-05-01T10:57:52.955+0000] {logging_mixin.py:188} INFO - [2025-05-01T10:57:52.954+0000] {dagbag.py:545} INFO - Filling up the DagBag from /home/airflow/.local/lib/python3.12/site-packages/airflow/example_dags/tutorial_objectstorage.py
[2025-05-01T10:57:52.963+0000] {processor.py:840} INFO - DAG(s) 'tutorial_objectstorage' retrieved from /home/airflow/.local/lib/python3.12/site-packages/airflow/example_dags/tutorial_objectstorage.py
[2025-05-01T10:57:52.989+0000] {logging_mixin.py:188} INFO - [2025-05-01T10:57:52.988+0000] {dag.py:3096} INFO - Sync 1 DAGs
[2025-05-01T10:57:53.009+0000] {logging_mixin.py:188} INFO - [2025-05-01T10:57:53.008+0000] {dag.py:3954} INFO - Setting next_dagrun for tutorial_objectstorage to None, run_after=None
[2025-05-01T10:57:53.041+0000] {processor.py:183} INFO - Processing /home/airflow/.local/lib/python3.12/site-packages/airflow/example_dags/tutorial_objectstorage.py took 0.096 seconds
[2025-05-01T10:58:23.456+0000] {processor.py:161} INFO - Started process (PID=838) to work on /home/airflow/.local/lib/python3.12/site-packages/airflow/example_dags/tutorial_objectstorage.py
[2025-05-01T10:58:23.457+0000] {processor.py:830} INFO - Processing file /home/airflow/.local/lib/python3.12/site-packages/airflow/example_dags/tutorial_objectstorage.py for tasks to queue
[2025-05-01T10:58:23.459+0000] {logging_mixin.py:188} INFO - [2025-05-01T10:58:23.459+0000] {dagbag.py:545} INFO - Filling up the DagBag from /home/airflow/.local/lib/python3.12/site-packages/airflow/example_dags/tutorial_objectstorage.py
[2025-05-01T10:58:23.466+0000] {processor.py:840} INFO - DAG(s) 'tutorial_objectstorage' retrieved from /home/airflow/.local/lib/python3.12/site-packages/airflow/example_dags/tutorial_objectstorage.py
[2025-05-01T10:58:23.489+0000] {logging_mixin.py:188} INFO - [2025-05-01T10:58:23.489+0000] {dag.py:3096} INFO - Sync 1 DAGs
[2025-05-01T10:58:23.503+0000] {logging_mixin.py:188} INFO - [2025-05-01T10:58:23.503+0000] {dag.py:3954} INFO - Setting next_dagrun for tutorial_objectstorage to None, run_after=None
[2025-05-01T10:58:23.533+0000] {processor.py:183} INFO - Processing /home/airflow/.local/lib/python3.12/site-packages/airflow/example_dags/tutorial_objectstorage.py took 0.083 seconds
[2025-05-01T10:58:53.824+0000] {processor.py:161} INFO - Started process (PID=897) to work on /home/airflow/.local/lib/python3.12/site-packages/airflow/example_dags/tutorial_objectstorage.py
[2025-05-01T10:58:53.825+0000] {processor.py:830} INFO - Processing file /home/airflow/.local/lib/python3.12/site-packages/airflow/example_dags/tutorial_objectstorage.py for tasks to queue
[2025-05-01T10:58:53.827+0000] {logging_mixin.py:188} INFO - [2025-05-01T10:58:53.827+0000] {dagbag.py:545} INFO - Filling up the DagBag from /home/airflow/.local/lib/python3.12/site-packages/airflow/example_dags/tutorial_objectstorage.py
[2025-05-01T10:58:53.835+0000] {processor.py:840} INFO - DAG(s) 'tutorial_objectstorage' retrieved from /home/airflow/.local/lib/python3.12/site-packages/airflow/example_dags/tutorial_objectstorage.py
[2025-05-01T10:58:53.859+0000] {logging_mixin.py:188} INFO - [2025-05-01T10:58:53.859+0000] {dag.py:3096} INFO - Sync 1 DAGs
[2025-05-01T10:58:53.875+0000] {logging_mixin.py:188} INFO - [2025-05-01T10:58:53.874+0000] {dag.py:3954} INFO - Setting next_dagrun for tutorial_objectstorage to None, run_after=None
[2025-05-01T10:58:53.901+0000] {processor.py:183} INFO - Processing /home/airflow/.local/lib/python3.12/site-packages/airflow/example_dags/tutorial_objectstorage.py took 0.083 seconds
[2025-05-01T10:59:24.142+0000] {processor.py:161} INFO - Started process (PID=956) to work on /home/airflow/.local/lib/python3.12/site-packages/airflow/example_dags/tutorial_objectstorage.py
[2025-05-01T10:59:24.143+0000] {processor.py:830} INFO - Processing file /home/airflow/.local/lib/python3.12/site-packages/airflow/example_dags/tutorial_objectstorage.py for tasks to queue
[2025-05-01T10:59:24.146+0000] {logging_mixin.py:188} INFO - [2025-05-01T10:59:24.145+0000] {dagbag.py:545} INFO - Filling up the DagBag from /home/airflow/.local/lib/python3.12/site-packages/airflow/example_dags/tutorial_objectstorage.py
[2025-05-01T10:59:24.153+0000] {processor.py:840} INFO - DAG(s) 'tutorial_objectstorage' retrieved from /home/airflow/.local/lib/python3.12/site-packages/airflow/example_dags/tutorial_objectstorage.py
[2025-05-01T10:59:24.173+0000] {logging_mixin.py:188} INFO - [2025-05-01T10:59:24.173+0000] {dag.py:3096} INFO - Sync 1 DAGs
[2025-05-01T10:59:24.187+0000] {logging_mixin.py:188} INFO - [2025-05-01T10:59:24.187+0000] {dag.py:3954} INFO - Setting next_dagrun for tutorial_objectstorage to None, run_after=None
[2025-05-01T10:59:24.212+0000] {processor.py:183} INFO - Processing /home/airflow/.local/lib/python3.12/site-packages/airflow/example_dags/tutorial_objectstorage.py took 0.076 seconds
[2025-05-01T10:59:55.068+0000] {processor.py:161} INFO - Started process (PID=1015) to work on /home/airflow/.local/lib/python3.12/site-packages/airflow/example_dags/tutorial_objectstorage.py
[2025-05-01T10:59:55.070+0000] {processor.py:830} INFO - Processing file /home/airflow/.local/lib/python3.12/site-packages/airflow/example_dags/tutorial_objectstorage.py for tasks to queue
[2025-05-01T10:59:55.074+0000] {logging_mixin.py:188} INFO - [2025-05-01T10:59:55.074+0000] {dagbag.py:545} INFO - Filling up the DagBag from /home/airflow/.local/lib/python3.12/site-packages/airflow/example_dags/tutorial_objectstorage.py
[2025-05-01T10:59:55.088+0000] {processor.py:840} INFO - DAG(s) 'tutorial_objectstorage' retrieved from /home/airflow/.local/lib/python3.12/site-packages/airflow/example_dags/tutorial_objectstorage.py
[2025-05-01T10:59:55.129+0000] {logging_mixin.py:188} INFO - [2025-05-01T10:59:55.128+0000] {dag.py:3096} INFO - Sync 1 DAGs
[2025-05-01T10:59:55.158+0000] {logging_mixin.py:188} INFO - [2025-05-01T10:59:55.158+0000] {dag.py:3954} INFO - Setting next_dagrun for tutorial_objectstorage to None, run_after=None
[2025-05-01T10:59:55.243+0000] {processor.py:183} INFO - Processing /home/airflow/.local/lib/python3.12/site-packages/airflow/example_dags/tutorial_objectstorage.py took 0.186 seconds
[2025-05-01T11:00:25.594+0000] {processor.py:161} INFO - Started process (PID=1074) to work on /home/airflow/.local/lib/python3.12/site-packages/airflow/example_dags/tutorial_objectstorage.py
[2025-05-01T11:00:25.597+0000] {processor.py:830} INFO - Processing file /home/airflow/.local/lib/python3.12/site-packages/airflow/example_dags/tutorial_objectstorage.py for tasks to queue
[2025-05-01T11:00:25.601+0000] {logging_mixin.py:188} INFO - [2025-05-01T11:00:25.600+0000] {dagbag.py:545} INFO - Filling up the DagBag from /home/airflow/.local/lib/python3.12/site-packages/airflow/example_dags/tutorial_objectstorage.py
[2025-05-01T11:00:25.617+0000] {processor.py:840} INFO - DAG(s) 'tutorial_objectstorage' retrieved from /home/airflow/.local/lib/python3.12/site-packages/airflow/example_dags/tutorial_objectstorage.py
[2025-05-01T11:00:25.672+0000] {logging_mixin.py:188} INFO - [2025-05-01T11:00:25.671+0000] {dag.py:3096} INFO - Sync 1 DAGs
[2025-05-01T11:00:25.707+0000] {logging_mixin.py:188} INFO - [2025-05-01T11:00:25.706+0000] {dag.py:3954} INFO - Setting next_dagrun for tutorial_objectstorage to None, run_after=None
[2025-05-01T11:00:25.771+0000] {processor.py:183} INFO - Processing /home/airflow/.local/lib/python3.12/site-packages/airflow/example_dags/tutorial_objectstorage.py took 0.192 seconds
[2025-05-01T11:00:56.688+0000] {processor.py:161} INFO - Started process (PID=1134) to work on /home/airflow/.local/lib/python3.12/site-packages/airflow/example_dags/tutorial_objectstorage.py
[2025-05-01T11:00:56.690+0000] {processor.py:830} INFO - Processing file /home/airflow/.local/lib/python3.12/site-packages/airflow/example_dags/tutorial_objectstorage.py for tasks to queue
[2025-05-01T11:00:56.696+0000] {logging_mixin.py:188} INFO - [2025-05-01T11:00:56.695+0000] {dagbag.py:545} INFO - Filling up the DagBag from /home/airflow/.local/lib/python3.12/site-packages/airflow/example_dags/tutorial_objectstorage.py
[2025-05-01T11:00:56.711+0000] {processor.py:840} INFO - DAG(s) 'tutorial_objectstorage' retrieved from /home/airflow/.local/lib/python3.12/site-packages/airflow/example_dags/tutorial_objectstorage.py
[2025-05-01T11:00:56.765+0000] {logging_mixin.py:188} INFO - [2025-05-01T11:00:56.764+0000] {dag.py:3096} INFO - Sync 1 DAGs
[2025-05-01T11:00:56.795+0000] {logging_mixin.py:188} INFO - [2025-05-01T11:00:56.794+0000] {dag.py:3954} INFO - Setting next_dagrun for tutorial_objectstorage to None, run_after=None
[2025-05-01T11:00:56.850+0000] {processor.py:183} INFO - Processing /home/airflow/.local/lib/python3.12/site-packages/airflow/example_dags/tutorial_objectstorage.py took 0.177 seconds
[2025-05-01T11:01:27.085+0000] {processor.py:161} INFO - Started process (PID=1193) to work on /home/airflow/.local/lib/python3.12/site-packages/airflow/example_dags/tutorial_objectstorage.py
[2025-05-01T11:01:27.087+0000] {processor.py:830} INFO - Processing file /home/airflow/.local/lib/python3.12/site-packages/airflow/example_dags/tutorial_objectstorage.py for tasks to queue
[2025-05-01T11:01:27.093+0000] {logging_mixin.py:188} INFO - [2025-05-01T11:01:27.092+0000] {dagbag.py:545} INFO - Filling up the DagBag from /home/airflow/.local/lib/python3.12/site-packages/airflow/example_dags/tutorial_objectstorage.py
[2025-05-01T11:01:27.112+0000] {processor.py:840} INFO - DAG(s) 'tutorial_objectstorage' retrieved from /home/airflow/.local/lib/python3.12/site-packages/airflow/example_dags/tutorial_objectstorage.py
[2025-05-01T11:01:27.161+0000] {logging_mixin.py:188} INFO - [2025-05-01T11:01:27.161+0000] {dag.py:3096} INFO - Sync 1 DAGs
[2025-05-01T11:01:27.203+0000] {logging_mixin.py:188} INFO - [2025-05-01T11:01:27.203+0000] {dag.py:3954} INFO - Setting next_dagrun for tutorial_objectstorage to None, run_after=None
[2025-05-01T11:01:27.302+0000] {processor.py:183} INFO - Processing /home/airflow/.local/lib/python3.12/site-packages/airflow/example_dags/tutorial_objectstorage.py took 0.230 seconds
[2025-05-01T11:01:58.114+0000] {processor.py:161} INFO - Started process (PID=1252) to work on /home/airflow/.local/lib/python3.12/site-packages/airflow/example_dags/tutorial_objectstorage.py
[2025-05-01T11:01:58.117+0000] {processor.py:830} INFO - Processing file /home/airflow/.local/lib/python3.12/site-packages/airflow/example_dags/tutorial_objectstorage.py for tasks to queue
[2025-05-01T11:01:58.121+0000] {logging_mixin.py:188} INFO - [2025-05-01T11:01:58.120+0000] {dagbag.py:545} INFO - Filling up the DagBag from /home/airflow/.local/lib/python3.12/site-packages/airflow/example_dags/tutorial_objectstorage.py
[2025-05-01T11:01:58.136+0000] {processor.py:840} INFO - DAG(s) 'tutorial_objectstorage' retrieved from /home/airflow/.local/lib/python3.12/site-packages/airflow/example_dags/tutorial_objectstorage.py
[2025-05-01T11:01:58.186+0000] {logging_mixin.py:188} INFO - [2025-05-01T11:01:58.186+0000] {dag.py:3096} INFO - Sync 1 DAGs
[2025-05-01T11:01:58.217+0000] {logging_mixin.py:188} INFO - [2025-05-01T11:01:58.217+0000] {dag.py:3954} INFO - Setting next_dagrun for tutorial_objectstorage to None, run_after=None
[2025-05-01T11:01:58.281+0000] {processor.py:183} INFO - Processing /home/airflow/.local/lib/python3.12/site-packages/airflow/example_dags/tutorial_objectstorage.py took 0.179 seconds
[2025-05-01T11:02:28.950+0000] {processor.py:161} INFO - Started process (PID=1311) to work on /home/airflow/.local/lib/python3.12/site-packages/airflow/example_dags/tutorial_objectstorage.py
[2025-05-01T11:02:28.952+0000] {processor.py:830} INFO - Processing file /home/airflow/.local/lib/python3.12/site-packages/airflow/example_dags/tutorial_objectstorage.py for tasks to queue
[2025-05-01T11:02:28.956+0000] {logging_mixin.py:188} INFO - [2025-05-01T11:02:28.956+0000] {dagbag.py:545} INFO - Filling up the DagBag from /home/airflow/.local/lib/python3.12/site-packages/airflow/example_dags/tutorial_objectstorage.py
[2025-05-01T11:02:28.970+0000] {processor.py:840} INFO - DAG(s) 'tutorial_objectstorage' retrieved from /home/airflow/.local/lib/python3.12/site-packages/airflow/example_dags/tutorial_objectstorage.py
[2025-05-01T11:02:29.019+0000] {logging_mixin.py:188} INFO - [2025-05-01T11:02:29.018+0000] {dag.py:3096} INFO - Sync 1 DAGs
[2025-05-01T11:02:29.054+0000] {logging_mixin.py:188} INFO - [2025-05-01T11:02:29.053+0000] {dag.py:3954} INFO - Setting next_dagrun for tutorial_objectstorage to None, run_after=None
[2025-05-01T11:02:29.108+0000] {processor.py:183} INFO - Processing /home/airflow/.local/lib/python3.12/site-packages/airflow/example_dags/tutorial_objectstorage.py took 0.169 seconds
[2025-05-01T11:02:59.706+0000] {processor.py:161} INFO - Started process (PID=1370) to work on /home/airflow/.local/lib/python3.12/site-packages/airflow/example_dags/tutorial_objectstorage.py
[2025-05-01T11:02:59.708+0000] {processor.py:830} INFO - Processing file /home/airflow/.local/lib/python3.12/site-packages/airflow/example_dags/tutorial_objectstorage.py for tasks to queue
[2025-05-01T11:02:59.714+0000] {logging_mixin.py:188} INFO - [2025-05-01T11:02:59.713+0000] {dagbag.py:545} INFO - Filling up the DagBag from /home/airflow/.local/lib/python3.12/site-packages/airflow/example_dags/tutorial_objectstorage.py
[2025-05-01T11:02:59.741+0000] {processor.py:840} INFO - DAG(s) 'tutorial_objectstorage' retrieved from /home/airflow/.local/lib/python3.12/site-packages/airflow/example_dags/tutorial_objectstorage.py
[2025-05-01T11:02:59.798+0000] {logging_mixin.py:188} INFO - [2025-05-01T11:02:59.798+0000] {dag.py:3096} INFO - Sync 1 DAGs
[2025-05-01T11:02:59.831+0000] {logging_mixin.py:188} INFO - [2025-05-01T11:02:59.830+0000] {dag.py:3954} INFO - Setting next_dagrun for tutorial_objectstorage to None, run_after=None
[2025-05-01T11:02:59.920+0000] {processor.py:183} INFO - Processing /home/airflow/.local/lib/python3.12/site-packages/airflow/example_dags/tutorial_objectstorage.py took 0.225 seconds
[2025-05-01T11:03:30.102+0000] {processor.py:161} INFO - Started process (PID=1429) to work on /home/airflow/.local/lib/python3.12/site-packages/airflow/example_dags/tutorial_objectstorage.py
[2025-05-01T11:03:30.104+0000] {processor.py:830} INFO - Processing file /home/airflow/.local/lib/python3.12/site-packages/airflow/example_dags/tutorial_objectstorage.py for tasks to queue
[2025-05-01T11:03:30.110+0000] {logging_mixin.py:188} INFO - [2025-05-01T11:03:30.109+0000] {dagbag.py:545} INFO - Filling up the DagBag from /home/airflow/.local/lib/python3.12/site-packages/airflow/example_dags/tutorial_objectstorage.py
[2025-05-01T11:03:30.128+0000] {processor.py:840} INFO - DAG(s) 'tutorial_objectstorage' retrieved from /home/airflow/.local/lib/python3.12/site-packages/airflow/example_dags/tutorial_objectstorage.py
[2025-05-01T11:03:30.184+0000] {logging_mixin.py:188} INFO - [2025-05-01T11:03:30.183+0000] {dag.py:3096} INFO - Sync 1 DAGs
[2025-05-01T11:03:30.215+0000] {logging_mixin.py:188} INFO - [2025-05-01T11:03:30.215+0000] {dag.py:3954} INFO - Setting next_dagrun for tutorial_objectstorage to None, run_after=None
[2025-05-01T11:03:30.311+0000] {processor.py:183} INFO - Processing /home/airflow/.local/lib/python3.12/site-packages/airflow/example_dags/tutorial_objectstorage.py took 0.225 seconds
[2025-05-01T11:04:00.525+0000] {processor.py:161} INFO - Started process (PID=1488) to work on /home/airflow/.local/lib/python3.12/site-packages/airflow/example_dags/tutorial_objectstorage.py
[2025-05-01T11:04:00.532+0000] {processor.py:830} INFO - Processing file /home/airflow/.local/lib/python3.12/site-packages/airflow/example_dags/tutorial_objectstorage.py for tasks to queue
[2025-05-01T11:04:00.537+0000] {logging_mixin.py:188} INFO - [2025-05-01T11:04:00.536+0000] {dagbag.py:545} INFO - Filling up the DagBag from /home/airflow/.local/lib/python3.12/site-packages/airflow/example_dags/tutorial_objectstorage.py
[2025-05-01T11:04:00.557+0000] {processor.py:840} INFO - DAG(s) 'tutorial_objectstorage' retrieved from /home/airflow/.local/lib/python3.12/site-packages/airflow/example_dags/tutorial_objectstorage.py
[2025-05-01T11:04:00.607+0000] {logging_mixin.py:188} INFO - [2025-05-01T11:04:00.606+0000] {dag.py:3096} INFO - Sync 1 DAGs
[2025-05-01T11:04:00.684+0000] {logging_mixin.py:188} INFO - [2025-05-01T11:04:00.683+0000] {dag.py:3954} INFO - Setting next_dagrun for tutorial_objectstorage to None, run_after=None
[2025-05-01T11:04:00.757+0000] {processor.py:183} INFO - Processing /home/airflow/.local/lib/python3.12/site-packages/airflow/example_dags/tutorial_objectstorage.py took 0.245 seconds
[2025-05-01T11:04:31.240+0000] {processor.py:161} INFO - Started process (PID=1547) to work on /home/airflow/.local/lib/python3.12/site-packages/airflow/example_dags/tutorial_objectstorage.py
[2025-05-01T11:04:31.244+0000] {processor.py:830} INFO - Processing file /home/airflow/.local/lib/python3.12/site-packages/airflow/example_dags/tutorial_objectstorage.py for tasks to queue
[2025-05-01T11:04:31.252+0000] {logging_mixin.py:188} INFO - [2025-05-01T11:04:31.251+0000] {dagbag.py:545} INFO - Filling up the DagBag from /home/airflow/.local/lib/python3.12/site-packages/airflow/example_dags/tutorial_objectstorage.py
[2025-05-01T11:04:31.274+0000] {processor.py:840} INFO - DAG(s) 'tutorial_objectstorage' retrieved from /home/airflow/.local/lib/python3.12/site-packages/airflow/example_dags/tutorial_objectstorage.py
[2025-05-01T11:04:31.329+0000] {logging_mixin.py:188} INFO - [2025-05-01T11:04:31.328+0000] {dag.py:3096} INFO - Sync 1 DAGs
[2025-05-01T11:04:31.363+0000] {logging_mixin.py:188} INFO - [2025-05-01T11:04:31.362+0000] {dag.py:3954} INFO - Setting next_dagrun for tutorial_objectstorage to None, run_after=None
[2025-05-01T11:04:31.411+0000] {processor.py:183} INFO - Processing /home/airflow/.local/lib/python3.12/site-packages/airflow/example_dags/tutorial_objectstorage.py took 0.196 seconds
[2025-05-01T11:05:01.875+0000] {processor.py:161} INFO - Started process (PID=1606) to work on /home/airflow/.local/lib/python3.12/site-packages/airflow/example_dags/tutorial_objectstorage.py
[2025-05-01T11:05:01.879+0000] {processor.py:830} INFO - Processing file /home/airflow/.local/lib/python3.12/site-packages/airflow/example_dags/tutorial_objectstorage.py for tasks to queue
[2025-05-01T11:05:01.888+0000] {logging_mixin.py:188} INFO - [2025-05-01T11:05:01.886+0000] {dagbag.py:545} INFO - Filling up the DagBag from /home/airflow/.local/lib/python3.12/site-packages/airflow/example_dags/tutorial_objectstorage.py
[2025-05-01T11:05:01.915+0000] {processor.py:840} INFO - DAG(s) 'tutorial_objectstorage' retrieved from /home/airflow/.local/lib/python3.12/site-packages/airflow/example_dags/tutorial_objectstorage.py
[2025-05-01T11:05:01.985+0000] {logging_mixin.py:188} INFO - [2025-05-01T11:05:01.984+0000] {dag.py:3096} INFO - Sync 1 DAGs
[2025-05-01T11:05:02.028+0000] {logging_mixin.py:188} INFO - [2025-05-01T11:05:02.027+0000] {dag.py:3954} INFO - Setting next_dagrun for tutorial_objectstorage to None, run_after=None
[2025-05-01T11:05:02.093+0000] {processor.py:183} INFO - Processing /home/airflow/.local/lib/python3.12/site-packages/airflow/example_dags/tutorial_objectstorage.py took 0.241 seconds
[2025-05-01T11:05:33.133+0000] {processor.py:161} INFO - Started process (PID=1665) to work on /home/airflow/.local/lib/python3.12/site-packages/airflow/example_dags/tutorial_objectstorage.py
[2025-05-01T11:05:33.135+0000] {processor.py:830} INFO - Processing file /home/airflow/.local/lib/python3.12/site-packages/airflow/example_dags/tutorial_objectstorage.py for tasks to queue
[2025-05-01T11:05:33.139+0000] {logging_mixin.py:188} INFO - [2025-05-01T11:05:33.139+0000] {dagbag.py:545} INFO - Filling up the DagBag from /home/airflow/.local/lib/python3.12/site-packages/airflow/example_dags/tutorial_objectstorage.py
[2025-05-01T11:05:33.152+0000] {processor.py:840} INFO - DAG(s) 'tutorial_objectstorage' retrieved from /home/airflow/.local/lib/python3.12/site-packages/airflow/example_dags/tutorial_objectstorage.py
[2025-05-01T11:05:33.191+0000] {logging_mixin.py:188} INFO - [2025-05-01T11:05:33.191+0000] {dag.py:3096} INFO - Sync 1 DAGs
[2025-05-01T11:05:33.216+0000] {logging_mixin.py:188} INFO - [2025-05-01T11:05:33.216+0000] {dag.py:3954} INFO - Setting next_dagrun for tutorial_objectstorage to None, run_after=None
[2025-05-01T11:05:33.286+0000] {processor.py:183} INFO - Processing /home/airflow/.local/lib/python3.12/site-packages/airflow/example_dags/tutorial_objectstorage.py took 0.165 seconds
[2025-05-01T11:06:04.426+0000] {processor.py:161} INFO - Started process (PID=1724) to work on /home/airflow/.local/lib/python3.12/site-packages/airflow/example_dags/tutorial_objectstorage.py
[2025-05-01T11:06:04.430+0000] {processor.py:830} INFO - Processing file /home/airflow/.local/lib/python3.12/site-packages/airflow/example_dags/tutorial_objectstorage.py for tasks to queue
[2025-05-01T11:06:04.437+0000] {logging_mixin.py:188} INFO - [2025-05-01T11:06:04.436+0000] {dagbag.py:545} INFO - Filling up the DagBag from /home/airflow/.local/lib/python3.12/site-packages/airflow/example_dags/tutorial_objectstorage.py
[2025-05-01T11:06:04.456+0000] {processor.py:840} INFO - DAG(s) 'tutorial_objectstorage' retrieved from /home/airflow/.local/lib/python3.12/site-packages/airflow/example_dags/tutorial_objectstorage.py
[2025-05-01T11:06:04.529+0000] {logging_mixin.py:188} INFO - [2025-05-01T11:06:04.528+0000] {dag.py:3096} INFO - Sync 1 DAGs
[2025-05-01T11:06:04.560+0000] {logging_mixin.py:188} INFO - [2025-05-01T11:06:04.560+0000] {dag.py:3954} INFO - Setting next_dagrun for tutorial_objectstorage to None, run_after=None
[2025-05-01T11:06:04.608+0000] {processor.py:183} INFO - Processing /home/airflow/.local/lib/python3.12/site-packages/airflow/example_dags/tutorial_objectstorage.py took 0.219 seconds
[2025-05-01T11:06:35.068+0000] {processor.py:161} INFO - Started process (PID=1781) to work on /home/airflow/.local/lib/python3.12/site-packages/airflow/example_dags/tutorial_objectstorage.py
[2025-05-01T11:06:35.072+0000] {processor.py:830} INFO - Processing file /home/airflow/.local/lib/python3.12/site-packages/airflow/example_dags/tutorial_objectstorage.py for tasks to queue
[2025-05-01T11:06:35.078+0000] {logging_mixin.py:188} INFO - [2025-05-01T11:06:35.077+0000] {dagbag.py:545} INFO - Filling up the DagBag from /home/airflow/.local/lib/python3.12/site-packages/airflow/example_dags/tutorial_objectstorage.py
[2025-05-01T11:06:35.103+0000] {processor.py:840} INFO - DAG(s) 'tutorial_objectstorage' retrieved from /home/airflow/.local/lib/python3.12/site-packages/airflow/example_dags/tutorial_objectstorage.py
[2025-05-01T11:06:35.167+0000] {logging_mixin.py:188} INFO - [2025-05-01T11:06:35.167+0000] {dag.py:3096} INFO - Sync 1 DAGs
[2025-05-01T11:06:35.210+0000] {logging_mixin.py:188} INFO - [2025-05-01T11:06:35.209+0000] {dag.py:3954} INFO - Setting next_dagrun for tutorial_objectstorage to None, run_after=None
[2025-05-01T11:06:35.322+0000] {processor.py:183} INFO - Processing /home/airflow/.local/lib/python3.12/site-packages/airflow/example_dags/tutorial_objectstorage.py took 0.274 seconds
[2025-05-01T11:07:05.621+0000] {processor.py:161} INFO - Started process (PID=1840) to work on /home/airflow/.local/lib/python3.12/site-packages/airflow/example_dags/tutorial_objectstorage.py
[2025-05-01T11:07:05.624+0000] {processor.py:830} INFO - Processing file /home/airflow/.local/lib/python3.12/site-packages/airflow/example_dags/tutorial_objectstorage.py for tasks to queue
[2025-05-01T11:07:05.629+0000] {logging_mixin.py:188} INFO - [2025-05-01T11:07:05.628+0000] {dagbag.py:545} INFO - Filling up the DagBag from /home/airflow/.local/lib/python3.12/site-packages/airflow/example_dags/tutorial_objectstorage.py
[2025-05-01T11:07:05.648+0000] {processor.py:840} INFO - DAG(s) 'tutorial_objectstorage' retrieved from /home/airflow/.local/lib/python3.12/site-packages/airflow/example_dags/tutorial_objectstorage.py
[2025-05-01T11:07:05.699+0000] {logging_mixin.py:188} INFO - [2025-05-01T11:07:05.697+0000] {dag.py:3096} INFO - Sync 1 DAGs
[2025-05-01T11:07:06.033+0000] {logging_mixin.py:188} INFO - [2025-05-01T11:07:06.033+0000] {dag.py:3954} INFO - Setting next_dagrun for tutorial_objectstorage to None, run_after=None
[2025-05-01T11:07:06.136+0000] {processor.py:183} INFO - Processing /home/airflow/.local/lib/python3.12/site-packages/airflow/example_dags/tutorial_objectstorage.py took 0.534 seconds
[2025-05-01T11:07:36.649+0000] {processor.py:161} INFO - Started process (PID=1899) to work on /home/airflow/.local/lib/python3.12/site-packages/airflow/example_dags/tutorial_objectstorage.py
[2025-05-01T11:07:36.651+0000] {processor.py:830} INFO - Processing file /home/airflow/.local/lib/python3.12/site-packages/airflow/example_dags/tutorial_objectstorage.py for tasks to queue
[2025-05-01T11:07:36.658+0000] {logging_mixin.py:188} INFO - [2025-05-01T11:07:36.657+0000] {dagbag.py:545} INFO - Filling up the DagBag from /home/airflow/.local/lib/python3.12/site-packages/airflow/example_dags/tutorial_objectstorage.py
[2025-05-01T11:07:36.700+0000] {processor.py:840} INFO - DAG(s) 'tutorial_objectstorage' retrieved from /home/airflow/.local/lib/python3.12/site-packages/airflow/example_dags/tutorial_objectstorage.py
[2025-05-01T11:07:36.821+0000] {logging_mixin.py:188} INFO - [2025-05-01T11:07:36.820+0000] {dag.py:3096} INFO - Sync 1 DAGs
[2025-05-01T11:07:36.867+0000] {logging_mixin.py:188} INFO - [2025-05-01T11:07:36.866+0000] {dag.py:3954} INFO - Setting next_dagrun for tutorial_objectstorage to None, run_after=None
[2025-05-01T11:07:36.938+0000] {processor.py:183} INFO - Processing /home/airflow/.local/lib/python3.12/site-packages/airflow/example_dags/tutorial_objectstorage.py took 0.304 seconds
[2025-05-01T11:08:07.129+0000] {processor.py:161} INFO - Started process (PID=1957) to work on /home/airflow/.local/lib/python3.12/site-packages/airflow/example_dags/tutorial_objectstorage.py
[2025-05-01T11:08:07.131+0000] {processor.py:830} INFO - Processing file /home/airflow/.local/lib/python3.12/site-packages/airflow/example_dags/tutorial_objectstorage.py for tasks to queue
[2025-05-01T11:08:07.137+0000] {logging_mixin.py:188} INFO - [2025-05-01T11:08:07.135+0000] {dagbag.py:545} INFO - Filling up the DagBag from /home/airflow/.local/lib/python3.12/site-packages/airflow/example_dags/tutorial_objectstorage.py
[2025-05-01T11:08:07.154+0000] {processor.py:840} INFO - DAG(s) 'tutorial_objectstorage' retrieved from /home/airflow/.local/lib/python3.12/site-packages/airflow/example_dags/tutorial_objectstorage.py
[2025-05-01T11:08:07.200+0000] {logging_mixin.py:188} INFO - [2025-05-01T11:08:07.200+0000] {dag.py:3096} INFO - Sync 1 DAGs
[2025-05-01T11:08:07.237+0000] {logging_mixin.py:188} INFO - [2025-05-01T11:08:07.230+0000] {dag.py:3954} INFO - Setting next_dagrun for tutorial_objectstorage to None, run_after=None
[2025-05-01T11:08:07.354+0000] {processor.py:183} INFO - Processing /home/airflow/.local/lib/python3.12/site-packages/airflow/example_dags/tutorial_objectstorage.py took 0.238 seconds
[2025-05-01T11:08:37.743+0000] {processor.py:161} INFO - Started process (PID=2016) to work on /home/airflow/.local/lib/python3.12/site-packages/airflow/example_dags/tutorial_objectstorage.py
[2025-05-01T11:08:37.746+0000] {processor.py:830} INFO - Processing file /home/airflow/.local/lib/python3.12/site-packages/airflow/example_dags/tutorial_objectstorage.py for tasks to queue
[2025-05-01T11:08:37.752+0000] {logging_mixin.py:188} INFO - [2025-05-01T11:08:37.751+0000] {dagbag.py:545} INFO - Filling up the DagBag from /home/airflow/.local/lib/python3.12/site-packages/airflow/example_dags/tutorial_objectstorage.py
[2025-05-01T11:08:37.774+0000] {processor.py:840} INFO - DAG(s) 'tutorial_objectstorage' retrieved from /home/airflow/.local/lib/python3.12/site-packages/airflow/example_dags/tutorial_objectstorage.py
[2025-05-01T11:08:37.827+0000] {logging_mixin.py:188} INFO - [2025-05-01T11:08:37.826+0000] {dag.py:3096} INFO - Sync 1 DAGs
[2025-05-01T11:08:37.877+0000] {logging_mixin.py:188} INFO - [2025-05-01T11:08:37.877+0000] {dag.py:3954} INFO - Setting next_dagrun for tutorial_objectstorage to None, run_after=None
[2025-05-01T11:08:37.971+0000] {processor.py:183} INFO - Processing /home/airflow/.local/lib/python3.12/site-packages/airflow/example_dags/tutorial_objectstorage.py took 0.263 seconds
[2025-05-01T11:09:08.382+0000] {processor.py:161} INFO - Started process (PID=2076) to work on /home/airflow/.local/lib/python3.12/site-packages/airflow/example_dags/tutorial_objectstorage.py
[2025-05-01T11:09:08.385+0000] {processor.py:830} INFO - Processing file /home/airflow/.local/lib/python3.12/site-packages/airflow/example_dags/tutorial_objectstorage.py for tasks to queue
[2025-05-01T11:09:08.391+0000] {logging_mixin.py:188} INFO - [2025-05-01T11:09:08.390+0000] {dagbag.py:545} INFO - Filling up the DagBag from /home/airflow/.local/lib/python3.12/site-packages/airflow/example_dags/tutorial_objectstorage.py
[2025-05-01T11:09:08.406+0000] {processor.py:840} INFO - DAG(s) 'tutorial_objectstorage' retrieved from /home/airflow/.local/lib/python3.12/site-packages/airflow/example_dags/tutorial_objectstorage.py
[2025-05-01T11:09:08.466+0000] {logging_mixin.py:188} INFO - [2025-05-01T11:09:08.465+0000] {dag.py:3096} INFO - Sync 1 DAGs
[2025-05-01T11:09:08.514+0000] {logging_mixin.py:188} INFO - [2025-05-01T11:09:08.513+0000] {dag.py:3954} INFO - Setting next_dagrun for tutorial_objectstorage to None, run_after=None
[2025-05-01T11:09:08.557+0000] {processor.py:183} INFO - Processing /home/airflow/.local/lib/python3.12/site-packages/airflow/example_dags/tutorial_objectstorage.py took 0.194 seconds
[2025-05-01T11:09:38.878+0000] {processor.py:161} INFO - Started process (PID=2135) to work on /home/airflow/.local/lib/python3.12/site-packages/airflow/example_dags/tutorial_objectstorage.py
[2025-05-01T11:09:38.881+0000] {processor.py:830} INFO - Processing file /home/airflow/.local/lib/python3.12/site-packages/airflow/example_dags/tutorial_objectstorage.py for tasks to queue
[2025-05-01T11:09:38.886+0000] {logging_mixin.py:188} INFO - [2025-05-01T11:09:38.885+0000] {dagbag.py:545} INFO - Filling up the DagBag from /home/airflow/.local/lib/python3.12/site-packages/airflow/example_dags/tutorial_objectstorage.py
[2025-05-01T11:09:38.901+0000] {processor.py:840} INFO - DAG(s) 'tutorial_objectstorage' retrieved from /home/airflow/.local/lib/python3.12/site-packages/airflow/example_dags/tutorial_objectstorage.py
[2025-05-01T11:09:38.950+0000] {logging_mixin.py:188} INFO - [2025-05-01T11:09:38.950+0000] {dag.py:3096} INFO - Sync 1 DAGs
[2025-05-01T11:09:38.983+0000] {logging_mixin.py:188} INFO - [2025-05-01T11:09:38.983+0000] {dag.py:3954} INFO - Setting next_dagrun for tutorial_objectstorage to None, run_after=None
[2025-05-01T11:09:39.075+0000] {processor.py:183} INFO - Processing /home/airflow/.local/lib/python3.12/site-packages/airflow/example_dags/tutorial_objectstorage.py took 0.212 seconds
[2025-05-01T11:10:09.280+0000] {processor.py:161} INFO - Started process (PID=2193) to work on /home/airflow/.local/lib/python3.12/site-packages/airflow/example_dags/tutorial_objectstorage.py
[2025-05-01T11:10:09.283+0000] {processor.py:830} INFO - Processing file /home/airflow/.local/lib/python3.12/site-packages/airflow/example_dags/tutorial_objectstorage.py for tasks to queue
[2025-05-01T11:10:09.289+0000] {logging_mixin.py:188} INFO - [2025-05-01T11:10:09.288+0000] {dagbag.py:545} INFO - Filling up the DagBag from /home/airflow/.local/lib/python3.12/site-packages/airflow/example_dags/tutorial_objectstorage.py
[2025-05-01T11:10:09.313+0000] {processor.py:840} INFO - DAG(s) 'tutorial_objectstorage' retrieved from /home/airflow/.local/lib/python3.12/site-packages/airflow/example_dags/tutorial_objectstorage.py
[2025-05-01T11:10:09.383+0000] {logging_mixin.py:188} INFO - [2025-05-01T11:10:09.382+0000] {dag.py:3096} INFO - Sync 1 DAGs
[2025-05-01T11:10:09.424+0000] {logging_mixin.py:188} INFO - [2025-05-01T11:10:09.424+0000] {dag.py:3954} INFO - Setting next_dagrun for tutorial_objectstorage to None, run_after=None
[2025-05-01T11:10:09.497+0000] {processor.py:183} INFO - Processing /home/airflow/.local/lib/python3.12/site-packages/airflow/example_dags/tutorial_objectstorage.py took 0.235 seconds
[2025-05-01T11:10:39.616+0000] {processor.py:161} INFO - Started process (PID=2252) to work on /home/airflow/.local/lib/python3.12/site-packages/airflow/example_dags/tutorial_objectstorage.py
[2025-05-01T11:10:39.619+0000] {processor.py:830} INFO - Processing file /home/airflow/.local/lib/python3.12/site-packages/airflow/example_dags/tutorial_objectstorage.py for tasks to queue
[2025-05-01T11:10:39.624+0000] {logging_mixin.py:188} INFO - [2025-05-01T11:10:39.623+0000] {dagbag.py:545} INFO - Filling up the DagBag from /home/airflow/.local/lib/python3.12/site-packages/airflow/example_dags/tutorial_objectstorage.py
[2025-05-01T11:10:39.641+0000] {processor.py:840} INFO - DAG(s) 'tutorial_objectstorage' retrieved from /home/airflow/.local/lib/python3.12/site-packages/airflow/example_dags/tutorial_objectstorage.py
[2025-05-01T11:10:39.744+0000] {logging_mixin.py:188} INFO - [2025-05-01T11:10:39.742+0000] {dag.py:3096} INFO - Sync 1 DAGs
[2025-05-01T11:10:39.807+0000] {logging_mixin.py:188} INFO - [2025-05-01T11:10:39.806+0000] {dag.py:3954} INFO - Setting next_dagrun for tutorial_objectstorage to None, run_after=None
[2025-05-01T11:10:39.947+0000] {processor.py:183} INFO - Processing /home/airflow/.local/lib/python3.12/site-packages/airflow/example_dags/tutorial_objectstorage.py took 0.347 seconds
[2025-05-01T11:11:10.605+0000] {processor.py:161} INFO - Started process (PID=2312) to work on /home/airflow/.local/lib/python3.12/site-packages/airflow/example_dags/tutorial_objectstorage.py
[2025-05-01T11:11:10.608+0000] {processor.py:830} INFO - Processing file /home/airflow/.local/lib/python3.12/site-packages/airflow/example_dags/tutorial_objectstorage.py for tasks to queue
[2025-05-01T11:11:10.611+0000] {logging_mixin.py:188} INFO - [2025-05-01T11:11:10.611+0000] {dagbag.py:545} INFO - Filling up the DagBag from /home/airflow/.local/lib/python3.12/site-packages/airflow/example_dags/tutorial_objectstorage.py
[2025-05-01T11:11:10.628+0000] {processor.py:840} INFO - DAG(s) 'tutorial_objectstorage' retrieved from /home/airflow/.local/lib/python3.12/site-packages/airflow/example_dags/tutorial_objectstorage.py
[2025-05-01T11:11:10.675+0000] {logging_mixin.py:188} INFO - [2025-05-01T11:11:10.675+0000] {dag.py:3096} INFO - Sync 1 DAGs
[2025-05-01T11:11:10.705+0000] {logging_mixin.py:188} INFO - [2025-05-01T11:11:10.704+0000] {dag.py:3954} INFO - Setting next_dagrun for tutorial_objectstorage to None, run_after=None
[2025-05-01T11:11:10.752+0000] {processor.py:183} INFO - Processing /home/airflow/.local/lib/python3.12/site-packages/airflow/example_dags/tutorial_objectstorage.py took 0.160 seconds
[2025-05-01T11:11:40.888+0000] {processor.py:161} INFO - Started process (PID=2370) to work on /home/airflow/.local/lib/python3.12/site-packages/airflow/example_dags/tutorial_objectstorage.py
[2025-05-01T11:11:40.891+0000] {processor.py:830} INFO - Processing file /home/airflow/.local/lib/python3.12/site-packages/airflow/example_dags/tutorial_objectstorage.py for tasks to queue
[2025-05-01T11:11:40.897+0000] {logging_mixin.py:188} INFO - [2025-05-01T11:11:40.896+0000] {dagbag.py:545} INFO - Filling up the DagBag from /home/airflow/.local/lib/python3.12/site-packages/airflow/example_dags/tutorial_objectstorage.py
[2025-05-01T11:11:40.918+0000] {processor.py:840} INFO - DAG(s) 'tutorial_objectstorage' retrieved from /home/airflow/.local/lib/python3.12/site-packages/airflow/example_dags/tutorial_objectstorage.py
[2025-05-01T11:11:41.032+0000] {logging_mixin.py:188} INFO - [2025-05-01T11:11:41.031+0000] {dag.py:3096} INFO - Sync 1 DAGs
[2025-05-01T11:11:41.076+0000] {logging_mixin.py:188} INFO - [2025-05-01T11:11:41.075+0000] {dag.py:3954} INFO - Setting next_dagrun for tutorial_objectstorage to None, run_after=None
[2025-05-01T11:11:41.169+0000] {processor.py:183} INFO - Processing /home/airflow/.local/lib/python3.12/site-packages/airflow/example_dags/tutorial_objectstorage.py took 0.296 seconds
[2025-05-01T11:12:11.435+0000] {processor.py:161} INFO - Started process (PID=2429) to work on /home/airflow/.local/lib/python3.12/site-packages/airflow/example_dags/tutorial_objectstorage.py
[2025-05-01T11:12:11.438+0000] {processor.py:830} INFO - Processing file /home/airflow/.local/lib/python3.12/site-packages/airflow/example_dags/tutorial_objectstorage.py for tasks to queue
[2025-05-01T11:12:11.442+0000] {logging_mixin.py:188} INFO - [2025-05-01T11:12:11.442+0000] {dagbag.py:545} INFO - Filling up the DagBag from /home/airflow/.local/lib/python3.12/site-packages/airflow/example_dags/tutorial_objectstorage.py
[2025-05-01T11:12:11.457+0000] {processor.py:840} INFO - DAG(s) 'tutorial_objectstorage' retrieved from /home/airflow/.local/lib/python3.12/site-packages/airflow/example_dags/tutorial_objectstorage.py
[2025-05-01T11:12:11.541+0000] {logging_mixin.py:188} INFO - [2025-05-01T11:12:11.540+0000] {dag.py:3096} INFO - Sync 1 DAGs
[2025-05-01T11:12:11.579+0000] {logging_mixin.py:188} INFO - [2025-05-01T11:12:11.578+0000] {dag.py:3954} INFO - Setting next_dagrun for tutorial_objectstorage to None, run_after=None
[2025-05-01T11:12:11.678+0000] {processor.py:183} INFO - Processing /home/airflow/.local/lib/python3.12/site-packages/airflow/example_dags/tutorial_objectstorage.py took 0.259 seconds
[2025-05-01T11:12:42.250+0000] {processor.py:161} INFO - Started process (PID=2489) to work on /home/airflow/.local/lib/python3.12/site-packages/airflow/example_dags/tutorial_objectstorage.py
[2025-05-01T11:12:42.253+0000] {processor.py:830} INFO - Processing file /home/airflow/.local/lib/python3.12/site-packages/airflow/example_dags/tutorial_objectstorage.py for tasks to queue
[2025-05-01T11:12:42.259+0000] {logging_mixin.py:188} INFO - [2025-05-01T11:12:42.258+0000] {dagbag.py:545} INFO - Filling up the DagBag from /home/airflow/.local/lib/python3.12/site-packages/airflow/example_dags/tutorial_objectstorage.py
[2025-05-01T11:12:42.286+0000] {processor.py:840} INFO - DAG(s) 'tutorial_objectstorage' retrieved from /home/airflow/.local/lib/python3.12/site-packages/airflow/example_dags/tutorial_objectstorage.py
[2025-05-01T11:12:42.353+0000] {logging_mixin.py:188} INFO - [2025-05-01T11:12:42.352+0000] {dag.py:3096} INFO - Sync 1 DAGs
[2025-05-01T11:12:42.387+0000] {logging_mixin.py:188} INFO - [2025-05-01T11:12:42.386+0000] {dag.py:3954} INFO - Setting next_dagrun for tutorial_objectstorage to None, run_after=None
[2025-05-01T11:12:42.448+0000] {processor.py:183} INFO - Processing /home/airflow/.local/lib/python3.12/site-packages/airflow/example_dags/tutorial_objectstorage.py took 0.216 seconds
[2025-05-01T11:13:12.721+0000] {processor.py:161} INFO - Started process (PID=2547) to work on /home/airflow/.local/lib/python3.12/site-packages/airflow/example_dags/tutorial_objectstorage.py
[2025-05-01T11:13:12.724+0000] {processor.py:830} INFO - Processing file /home/airflow/.local/lib/python3.12/site-packages/airflow/example_dags/tutorial_objectstorage.py for tasks to queue
[2025-05-01T11:13:12.728+0000] {logging_mixin.py:188} INFO - [2025-05-01T11:13:12.727+0000] {dagbag.py:545} INFO - Filling up the DagBag from /home/airflow/.local/lib/python3.12/site-packages/airflow/example_dags/tutorial_objectstorage.py
[2025-05-01T11:13:12.743+0000] {processor.py:840} INFO - DAG(s) 'tutorial_objectstorage' retrieved from /home/airflow/.local/lib/python3.12/site-packages/airflow/example_dags/tutorial_objectstorage.py
[2025-05-01T11:13:12.798+0000] {logging_mixin.py:188} INFO - [2025-05-01T11:13:12.798+0000] {dag.py:3096} INFO - Sync 1 DAGs
[2025-05-01T11:13:12.833+0000] {logging_mixin.py:188} INFO - [2025-05-01T11:13:12.833+0000] {dag.py:3954} INFO - Setting next_dagrun for tutorial_objectstorage to None, run_after=None
[2025-05-01T11:13:12.891+0000] {processor.py:183} INFO - Processing /home/airflow/.local/lib/python3.12/site-packages/airflow/example_dags/tutorial_objectstorage.py took 0.183 seconds
[2025-05-01T11:13:43.350+0000] {processor.py:161} INFO - Started process (PID=2607) to work on /home/airflow/.local/lib/python3.12/site-packages/airflow/example_dags/tutorial_objectstorage.py
[2025-05-01T11:13:43.354+0000] {processor.py:830} INFO - Processing file /home/airflow/.local/lib/python3.12/site-packages/airflow/example_dags/tutorial_objectstorage.py for tasks to queue
[2025-05-01T11:13:43.359+0000] {logging_mixin.py:188} INFO - [2025-05-01T11:13:43.358+0000] {dagbag.py:545} INFO - Filling up the DagBag from /home/airflow/.local/lib/python3.12/site-packages/airflow/example_dags/tutorial_objectstorage.py
[2025-05-01T11:13:43.376+0000] {processor.py:840} INFO - DAG(s) 'tutorial_objectstorage' retrieved from /home/airflow/.local/lib/python3.12/site-packages/airflow/example_dags/tutorial_objectstorage.py
[2025-05-01T11:13:43.422+0000] {logging_mixin.py:188} INFO - [2025-05-01T11:13:43.421+0000] {dag.py:3096} INFO - Sync 1 DAGs
[2025-05-01T11:13:43.455+0000] {logging_mixin.py:188} INFO - [2025-05-01T11:13:43.454+0000] {dag.py:3954} INFO - Setting next_dagrun for tutorial_objectstorage to None, run_after=None
[2025-05-01T11:13:43.511+0000] {processor.py:183} INFO - Processing /home/airflow/.local/lib/python3.12/site-packages/airflow/example_dags/tutorial_objectstorage.py took 0.180 seconds
[2025-05-01T11:14:13.875+0000] {processor.py:161} INFO - Started process (PID=2666) to work on /home/airflow/.local/lib/python3.12/site-packages/airflow/example_dags/tutorial_objectstorage.py
[2025-05-01T11:14:13.877+0000] {processor.py:830} INFO - Processing file /home/airflow/.local/lib/python3.12/site-packages/airflow/example_dags/tutorial_objectstorage.py for tasks to queue
[2025-05-01T11:14:13.881+0000] {logging_mixin.py:188} INFO - [2025-05-01T11:14:13.880+0000] {dagbag.py:545} INFO - Filling up the DagBag from /home/airflow/.local/lib/python3.12/site-packages/airflow/example_dags/tutorial_objectstorage.py
[2025-05-01T11:14:13.894+0000] {processor.py:840} INFO - DAG(s) 'tutorial_objectstorage' retrieved from /home/airflow/.local/lib/python3.12/site-packages/airflow/example_dags/tutorial_objectstorage.py
[2025-05-01T11:14:13.938+0000] {logging_mixin.py:188} INFO - [2025-05-01T11:14:13.938+0000] {dag.py:3096} INFO - Sync 1 DAGs
[2025-05-01T11:14:13.967+0000] {logging_mixin.py:188} INFO - [2025-05-01T11:14:13.966+0000] {dag.py:3954} INFO - Setting next_dagrun for tutorial_objectstorage to None, run_after=None
[2025-05-01T11:14:14.013+0000] {processor.py:183} INFO - Processing /home/airflow/.local/lib/python3.12/site-packages/airflow/example_dags/tutorial_objectstorage.py took 0.149 seconds
[2025-05-01T11:14:44.577+0000] {processor.py:161} INFO - Started process (PID=2725) to work on /home/airflow/.local/lib/python3.12/site-packages/airflow/example_dags/tutorial_objectstorage.py
[2025-05-01T11:14:44.579+0000] {processor.py:830} INFO - Processing file /home/airflow/.local/lib/python3.12/site-packages/airflow/example_dags/tutorial_objectstorage.py for tasks to queue
[2025-05-01T11:14:44.586+0000] {logging_mixin.py:188} INFO - [2025-05-01T11:14:44.585+0000] {dagbag.py:545} INFO - Filling up the DagBag from /home/airflow/.local/lib/python3.12/site-packages/airflow/example_dags/tutorial_objectstorage.py
[2025-05-01T11:14:44.607+0000] {processor.py:840} INFO - DAG(s) 'tutorial_objectstorage' retrieved from /home/airflow/.local/lib/python3.12/site-packages/airflow/example_dags/tutorial_objectstorage.py
[2025-05-01T11:14:44.670+0000] {logging_mixin.py:188} INFO - [2025-05-01T11:14:44.670+0000] {dag.py:3096} INFO - Sync 1 DAGs
[2025-05-01T11:14:44.710+0000] {logging_mixin.py:188} INFO - [2025-05-01T11:14:44.710+0000] {dag.py:3954} INFO - Setting next_dagrun for tutorial_objectstorage to None, run_after=None
[2025-05-01T11:14:44.807+0000] {processor.py:183} INFO - Processing /home/airflow/.local/lib/python3.12/site-packages/airflow/example_dags/tutorial_objectstorage.py took 0.249 seconds
[2025-05-01T11:15:15.842+0000] {processor.py:161} INFO - Started process (PID=2784) to work on /home/airflow/.local/lib/python3.12/site-packages/airflow/example_dags/tutorial_objectstorage.py
[2025-05-01T11:15:15.845+0000] {processor.py:830} INFO - Processing file /home/airflow/.local/lib/python3.12/site-packages/airflow/example_dags/tutorial_objectstorage.py for tasks to queue
[2025-05-01T11:15:15.848+0000] {logging_mixin.py:188} INFO - [2025-05-01T11:15:15.848+0000] {dagbag.py:545} INFO - Filling up the DagBag from /home/airflow/.local/lib/python3.12/site-packages/airflow/example_dags/tutorial_objectstorage.py
[2025-05-01T11:15:15.869+0000] {processor.py:840} INFO - DAG(s) 'tutorial_objectstorage' retrieved from /home/airflow/.local/lib/python3.12/site-packages/airflow/example_dags/tutorial_objectstorage.py
[2025-05-01T11:15:15.928+0000] {logging_mixin.py:188} INFO - [2025-05-01T11:15:15.927+0000] {dag.py:3096} INFO - Sync 1 DAGs
[2025-05-01T11:15:15.963+0000] {logging_mixin.py:188} INFO - [2025-05-01T11:15:15.963+0000] {dag.py:3954} INFO - Setting next_dagrun for tutorial_objectstorage to None, run_after=None
[2025-05-01T11:15:16.051+0000] {processor.py:183} INFO - Processing /home/airflow/.local/lib/python3.12/site-packages/airflow/example_dags/tutorial_objectstorage.py took 0.223 seconds
[2025-05-01T11:15:46.355+0000] {processor.py:161} INFO - Started process (PID=2843) to work on /home/airflow/.local/lib/python3.12/site-packages/airflow/example_dags/tutorial_objectstorage.py
[2025-05-01T11:15:46.358+0000] {processor.py:830} INFO - Processing file /home/airflow/.local/lib/python3.12/site-packages/airflow/example_dags/tutorial_objectstorage.py for tasks to queue
[2025-05-01T11:15:46.362+0000] {logging_mixin.py:188} INFO - [2025-05-01T11:15:46.361+0000] {dagbag.py:545} INFO - Filling up the DagBag from /home/airflow/.local/lib/python3.12/site-packages/airflow/example_dags/tutorial_objectstorage.py
[2025-05-01T11:15:46.379+0000] {processor.py:840} INFO - DAG(s) 'tutorial_objectstorage' retrieved from /home/airflow/.local/lib/python3.12/site-packages/airflow/example_dags/tutorial_objectstorage.py
[2025-05-01T11:15:46.431+0000] {logging_mixin.py:188} INFO - [2025-05-01T11:15:46.430+0000] {dag.py:3096} INFO - Sync 1 DAGs
[2025-05-01T11:15:46.461+0000] {logging_mixin.py:188} INFO - [2025-05-01T11:15:46.461+0000] {dag.py:3954} INFO - Setting next_dagrun for tutorial_objectstorage to None, run_after=None
[2025-05-01T11:15:46.520+0000] {processor.py:183} INFO - Processing /home/airflow/.local/lib/python3.12/site-packages/airflow/example_dags/tutorial_objectstorage.py took 0.182 seconds
[2025-05-01T11:16:16.874+0000] {processor.py:161} INFO - Started process (PID=2902) to work on /home/airflow/.local/lib/python3.12/site-packages/airflow/example_dags/tutorial_objectstorage.py
[2025-05-01T11:16:16.877+0000] {processor.py:830} INFO - Processing file /home/airflow/.local/lib/python3.12/site-packages/airflow/example_dags/tutorial_objectstorage.py for tasks to queue
[2025-05-01T11:16:16.881+0000] {logging_mixin.py:188} INFO - [2025-05-01T11:16:16.880+0000] {dagbag.py:545} INFO - Filling up the DagBag from /home/airflow/.local/lib/python3.12/site-packages/airflow/example_dags/tutorial_objectstorage.py
[2025-05-01T11:16:16.897+0000] {processor.py:840} INFO - DAG(s) 'tutorial_objectstorage' retrieved from /home/airflow/.local/lib/python3.12/site-packages/airflow/example_dags/tutorial_objectstorage.py
[2025-05-01T11:16:16.953+0000] {logging_mixin.py:188} INFO - [2025-05-01T11:16:16.952+0000] {dag.py:3096} INFO - Sync 1 DAGs
[2025-05-01T11:16:16.984+0000] {logging_mixin.py:188} INFO - [2025-05-01T11:16:16.984+0000] {dag.py:3954} INFO - Setting next_dagrun for tutorial_objectstorage to None, run_after=None
[2025-05-01T11:16:17.079+0000] {processor.py:183} INFO - Processing /home/airflow/.local/lib/python3.12/site-packages/airflow/example_dags/tutorial_objectstorage.py took 0.218 seconds
[2025-05-01T11:16:47.701+0000] {processor.py:161} INFO - Started process (PID=2961) to work on /home/airflow/.local/lib/python3.12/site-packages/airflow/example_dags/tutorial_objectstorage.py
[2025-05-01T11:16:47.704+0000] {processor.py:830} INFO - Processing file /home/airflow/.local/lib/python3.12/site-packages/airflow/example_dags/tutorial_objectstorage.py for tasks to queue
[2025-05-01T11:16:47.708+0000] {logging_mixin.py:188} INFO - [2025-05-01T11:16:47.708+0000] {dagbag.py:545} INFO - Filling up the DagBag from /home/airflow/.local/lib/python3.12/site-packages/airflow/example_dags/tutorial_objectstorage.py
[2025-05-01T11:16:47.731+0000] {processor.py:840} INFO - DAG(s) 'tutorial_objectstorage' retrieved from /home/airflow/.local/lib/python3.12/site-packages/airflow/example_dags/tutorial_objectstorage.py
[2025-05-01T11:16:47.782+0000] {logging_mixin.py:188} INFO - [2025-05-01T11:16:47.781+0000] {dag.py:3096} INFO - Sync 1 DAGs
[2025-05-01T11:16:47.814+0000] {logging_mixin.py:188} INFO - [2025-05-01T11:16:47.813+0000] {dag.py:3954} INFO - Setting next_dagrun for tutorial_objectstorage to None, run_after=None
[2025-05-01T11:16:47.867+0000] {processor.py:183} INFO - Processing /home/airflow/.local/lib/python3.12/site-packages/airflow/example_dags/tutorial_objectstorage.py took 0.181 seconds
[2025-05-01T11:17:18.283+0000] {processor.py:161} INFO - Started process (PID=3021) to work on /home/airflow/.local/lib/python3.12/site-packages/airflow/example_dags/tutorial_objectstorage.py
[2025-05-01T11:17:18.285+0000] {processor.py:830} INFO - Processing file /home/airflow/.local/lib/python3.12/site-packages/airflow/example_dags/tutorial_objectstorage.py for tasks to queue
[2025-05-01T11:17:18.290+0000] {logging_mixin.py:188} INFO - [2025-05-01T11:17:18.289+0000] {dagbag.py:545} INFO - Filling up the DagBag from /home/airflow/.local/lib/python3.12/site-packages/airflow/example_dags/tutorial_objectstorage.py
[2025-05-01T11:17:18.312+0000] {processor.py:840} INFO - DAG(s) 'tutorial_objectstorage' retrieved from /home/airflow/.local/lib/python3.12/site-packages/airflow/example_dags/tutorial_objectstorage.py
[2025-05-01T11:17:18.373+0000] {logging_mixin.py:188} INFO - [2025-05-01T11:17:18.372+0000] {dag.py:3096} INFO - Sync 1 DAGs
[2025-05-01T11:17:18.406+0000] {logging_mixin.py:188} INFO - [2025-05-01T11:17:18.406+0000] {dag.py:3954} INFO - Setting next_dagrun for tutorial_objectstorage to None, run_after=None
[2025-05-01T11:17:18.500+0000] {processor.py:183} INFO - Processing /home/airflow/.local/lib/python3.12/site-packages/airflow/example_dags/tutorial_objectstorage.py took 0.229 seconds
[2025-05-01T11:17:49.194+0000] {processor.py:161} INFO - Started process (PID=3080) to work on /home/airflow/.local/lib/python3.12/site-packages/airflow/example_dags/tutorial_objectstorage.py
[2025-05-01T11:17:49.198+0000] {processor.py:830} INFO - Processing file /home/airflow/.local/lib/python3.12/site-packages/airflow/example_dags/tutorial_objectstorage.py for tasks to queue
[2025-05-01T11:17:49.203+0000] {logging_mixin.py:188} INFO - [2025-05-01T11:17:49.202+0000] {dagbag.py:545} INFO - Filling up the DagBag from /home/airflow/.local/lib/python3.12/site-packages/airflow/example_dags/tutorial_objectstorage.py
[2025-05-01T11:17:49.221+0000] {processor.py:840} INFO - DAG(s) 'tutorial_objectstorage' retrieved from /home/airflow/.local/lib/python3.12/site-packages/airflow/example_dags/tutorial_objectstorage.py
[2025-05-01T11:17:49.282+0000] {logging_mixin.py:188} INFO - [2025-05-01T11:17:49.282+0000] {dag.py:3096} INFO - Sync 1 DAGs
[2025-05-01T11:17:49.324+0000] {logging_mixin.py:188} INFO - [2025-05-01T11:17:49.323+0000] {dag.py:3954} INFO - Setting next_dagrun for tutorial_objectstorage to None, run_after=None
[2025-05-01T11:17:49.423+0000] {processor.py:183} INFO - Processing /home/airflow/.local/lib/python3.12/site-packages/airflow/example_dags/tutorial_objectstorage.py took 0.246 seconds
[2025-05-01T11:18:19.620+0000] {processor.py:161} INFO - Started process (PID=3139) to work on /home/airflow/.local/lib/python3.12/site-packages/airflow/example_dags/tutorial_objectstorage.py
[2025-05-01T11:18:19.623+0000] {processor.py:830} INFO - Processing file /home/airflow/.local/lib/python3.12/site-packages/airflow/example_dags/tutorial_objectstorage.py for tasks to queue
[2025-05-01T11:18:19.629+0000] {logging_mixin.py:188} INFO - [2025-05-01T11:18:19.628+0000] {dagbag.py:545} INFO - Filling up the DagBag from /home/airflow/.local/lib/python3.12/site-packages/airflow/example_dags/tutorial_objectstorage.py
[2025-05-01T11:18:19.650+0000] {processor.py:840} INFO - DAG(s) 'tutorial_objectstorage' retrieved from /home/airflow/.local/lib/python3.12/site-packages/airflow/example_dags/tutorial_objectstorage.py
[2025-05-01T11:18:19.708+0000] {logging_mixin.py:188} INFO - [2025-05-01T11:18:19.708+0000] {dag.py:3096} INFO - Sync 1 DAGs
[2025-05-01T11:18:19.750+0000] {logging_mixin.py:188} INFO - [2025-05-01T11:18:19.749+0000] {dag.py:3954} INFO - Setting next_dagrun for tutorial_objectstorage to None, run_after=None
[2025-05-01T11:18:19.847+0000] {processor.py:183} INFO - Processing /home/airflow/.local/lib/python3.12/site-packages/airflow/example_dags/tutorial_objectstorage.py took 0.244 seconds
[2025-05-01T11:18:50.046+0000] {processor.py:161} INFO - Started process (PID=3198) to work on /home/airflow/.local/lib/python3.12/site-packages/airflow/example_dags/tutorial_objectstorage.py
[2025-05-01T11:18:50.049+0000] {processor.py:830} INFO - Processing file /home/airflow/.local/lib/python3.12/site-packages/airflow/example_dags/tutorial_objectstorage.py for tasks to queue
[2025-05-01T11:18:50.057+0000] {logging_mixin.py:188} INFO - [2025-05-01T11:18:50.055+0000] {dagbag.py:545} INFO - Filling up the DagBag from /home/airflow/.local/lib/python3.12/site-packages/airflow/example_dags/tutorial_objectstorage.py
[2025-05-01T11:18:50.081+0000] {processor.py:840} INFO - DAG(s) 'tutorial_objectstorage' retrieved from /home/airflow/.local/lib/python3.12/site-packages/airflow/example_dags/tutorial_objectstorage.py
[2025-05-01T11:18:50.155+0000] {logging_mixin.py:188} INFO - [2025-05-01T11:18:50.154+0000] {dag.py:3096} INFO - Sync 1 DAGs
[2025-05-01T11:18:50.208+0000] {logging_mixin.py:188} INFO - [2025-05-01T11:18:50.207+0000] {dag.py:3954} INFO - Setting next_dagrun for tutorial_objectstorage to None, run_after=None
[2025-05-01T11:18:50.313+0000] {processor.py:183} INFO - Processing /home/airflow/.local/lib/python3.12/site-packages/airflow/example_dags/tutorial_objectstorage.py took 0.286 seconds
[2025-05-01T11:19:20.594+0000] {processor.py:161} INFO - Started process (PID=3258) to work on /home/airflow/.local/lib/python3.12/site-packages/airflow/example_dags/tutorial_objectstorage.py
[2025-05-01T11:19:20.597+0000] {processor.py:830} INFO - Processing file /home/airflow/.local/lib/python3.12/site-packages/airflow/example_dags/tutorial_objectstorage.py for tasks to queue
[2025-05-01T11:19:20.603+0000] {logging_mixin.py:188} INFO - [2025-05-01T11:19:20.602+0000] {dagbag.py:545} INFO - Filling up the DagBag from /home/airflow/.local/lib/python3.12/site-packages/airflow/example_dags/tutorial_objectstorage.py
[2025-05-01T11:19:20.621+0000] {processor.py:840} INFO - DAG(s) 'tutorial_objectstorage' retrieved from /home/airflow/.local/lib/python3.12/site-packages/airflow/example_dags/tutorial_objectstorage.py
[2025-05-01T11:19:20.681+0000] {logging_mixin.py:188} INFO - [2025-05-01T11:19:20.680+0000] {dag.py:3096} INFO - Sync 1 DAGs
[2025-05-01T11:19:20.714+0000] {logging_mixin.py:188} INFO - [2025-05-01T11:19:20.714+0000] {dag.py:3954} INFO - Setting next_dagrun for tutorial_objectstorage to None, run_after=None
[2025-05-01T11:19:20.807+0000] {processor.py:183} INFO - Processing /home/airflow/.local/lib/python3.12/site-packages/airflow/example_dags/tutorial_objectstorage.py took 0.228 seconds
[2025-05-01T11:19:51.014+0000] {processor.py:161} INFO - Started process (PID=3317) to work on /home/airflow/.local/lib/python3.12/site-packages/airflow/example_dags/tutorial_objectstorage.py
[2025-05-01T11:19:51.017+0000] {processor.py:830} INFO - Processing file /home/airflow/.local/lib/python3.12/site-packages/airflow/example_dags/tutorial_objectstorage.py for tasks to queue
[2025-05-01T11:19:51.022+0000] {logging_mixin.py:188} INFO - [2025-05-01T11:19:51.021+0000] {dagbag.py:545} INFO - Filling up the DagBag from /home/airflow/.local/lib/python3.12/site-packages/airflow/example_dags/tutorial_objectstorage.py
[2025-05-01T11:19:51.041+0000] {processor.py:840} INFO - DAG(s) 'tutorial_objectstorage' retrieved from /home/airflow/.local/lib/python3.12/site-packages/airflow/example_dags/tutorial_objectstorage.py
[2025-05-01T11:19:51.096+0000] {logging_mixin.py:188} INFO - [2025-05-01T11:19:51.095+0000] {dag.py:3096} INFO - Sync 1 DAGs
[2025-05-01T11:19:51.134+0000] {logging_mixin.py:188} INFO - [2025-05-01T11:19:51.133+0000] {dag.py:3954} INFO - Setting next_dagrun for tutorial_objectstorage to None, run_after=None
[2025-05-01T11:19:51.204+0000] {processor.py:183} INFO - Processing /home/airflow/.local/lib/python3.12/site-packages/airflow/example_dags/tutorial_objectstorage.py took 0.211 seconds
[2025-05-01T11:20:21.560+0000] {processor.py:161} INFO - Started process (PID=3375) to work on /home/airflow/.local/lib/python3.12/site-packages/airflow/example_dags/tutorial_objectstorage.py
[2025-05-01T11:20:21.563+0000] {processor.py:830} INFO - Processing file /home/airflow/.local/lib/python3.12/site-packages/airflow/example_dags/tutorial_objectstorage.py for tasks to queue
[2025-05-01T11:20:21.568+0000] {logging_mixin.py:188} INFO - [2025-05-01T11:20:21.567+0000] {dagbag.py:545} INFO - Filling up the DagBag from /home/airflow/.local/lib/python3.12/site-packages/airflow/example_dags/tutorial_objectstorage.py
[2025-05-01T11:20:21.588+0000] {processor.py:840} INFO - DAG(s) 'tutorial_objectstorage' retrieved from /home/airflow/.local/lib/python3.12/site-packages/airflow/example_dags/tutorial_objectstorage.py
[2025-05-01T11:20:21.654+0000] {logging_mixin.py:188} INFO - [2025-05-01T11:20:21.653+0000] {dag.py:3096} INFO - Sync 1 DAGs
[2025-05-01T11:20:21.685+0000] {logging_mixin.py:188} INFO - [2025-05-01T11:20:21.685+0000] {dag.py:3954} INFO - Setting next_dagrun for tutorial_objectstorage to None, run_after=None
[2025-05-01T11:20:21.741+0000] {processor.py:183} INFO - Processing /home/airflow/.local/lib/python3.12/site-packages/airflow/example_dags/tutorial_objectstorage.py took 0.195 seconds
[2025-05-01T11:20:52.005+0000] {processor.py:161} INFO - Started process (PID=3434) to work on /home/airflow/.local/lib/python3.12/site-packages/airflow/example_dags/tutorial_objectstorage.py
[2025-05-01T11:20:52.008+0000] {processor.py:830} INFO - Processing file /home/airflow/.local/lib/python3.12/site-packages/airflow/example_dags/tutorial_objectstorage.py for tasks to queue
[2025-05-01T11:20:52.015+0000] {logging_mixin.py:188} INFO - [2025-05-01T11:20:52.014+0000] {dagbag.py:545} INFO - Filling up the DagBag from /home/airflow/.local/lib/python3.12/site-packages/airflow/example_dags/tutorial_objectstorage.py
[2025-05-01T11:20:52.034+0000] {processor.py:840} INFO - DAG(s) 'tutorial_objectstorage' retrieved from /home/airflow/.local/lib/python3.12/site-packages/airflow/example_dags/tutorial_objectstorage.py
[2025-05-01T11:20:52.086+0000] {logging_mixin.py:188} INFO - [2025-05-01T11:20:52.085+0000] {dag.py:3096} INFO - Sync 1 DAGs
[2025-05-01T11:20:52.117+0000] {logging_mixin.py:188} INFO - [2025-05-01T11:20:52.116+0000] {dag.py:3954} INFO - Setting next_dagrun for tutorial_objectstorage to None, run_after=None
[2025-05-01T11:20:52.210+0000] {processor.py:183} INFO - Processing /home/airflow/.local/lib/python3.12/site-packages/airflow/example_dags/tutorial_objectstorage.py took 0.220 seconds
[2025-05-01T11:21:22.481+0000] {processor.py:161} INFO - Started process (PID=3493) to work on /home/airflow/.local/lib/python3.12/site-packages/airflow/example_dags/tutorial_objectstorage.py
[2025-05-01T11:21:22.484+0000] {processor.py:830} INFO - Processing file /home/airflow/.local/lib/python3.12/site-packages/airflow/example_dags/tutorial_objectstorage.py for tasks to queue
[2025-05-01T11:21:22.491+0000] {logging_mixin.py:188} INFO - [2025-05-01T11:21:22.490+0000] {dagbag.py:545} INFO - Filling up the DagBag from /home/airflow/.local/lib/python3.12/site-packages/airflow/example_dags/tutorial_objectstorage.py
[2025-05-01T11:21:22.515+0000] {processor.py:840} INFO - DAG(s) 'tutorial_objectstorage' retrieved from /home/airflow/.local/lib/python3.12/site-packages/airflow/example_dags/tutorial_objectstorage.py
[2025-05-01T11:21:22.580+0000] {logging_mixin.py:188} INFO - [2025-05-01T11:21:22.580+0000] {dag.py:3096} INFO - Sync 1 DAGs
[2025-05-01T11:21:22.620+0000] {logging_mixin.py:188} INFO - [2025-05-01T11:21:22.620+0000] {dag.py:3954} INFO - Setting next_dagrun for tutorial_objectstorage to None, run_after=None
[2025-05-01T11:21:22.717+0000] {processor.py:183} INFO - Processing /home/airflow/.local/lib/python3.12/site-packages/airflow/example_dags/tutorial_objectstorage.py took 0.257 seconds
[2025-05-01T11:21:53.098+0000] {processor.py:161} INFO - Started process (PID=3552) to work on /home/airflow/.local/lib/python3.12/site-packages/airflow/example_dags/tutorial_objectstorage.py
[2025-05-01T11:21:53.101+0000] {processor.py:830} INFO - Processing file /home/airflow/.local/lib/python3.12/site-packages/airflow/example_dags/tutorial_objectstorage.py for tasks to queue
[2025-05-01T11:21:53.105+0000] {logging_mixin.py:188} INFO - [2025-05-01T11:21:53.104+0000] {dagbag.py:545} INFO - Filling up the DagBag from /home/airflow/.local/lib/python3.12/site-packages/airflow/example_dags/tutorial_objectstorage.py
[2025-05-01T11:21:53.122+0000] {processor.py:840} INFO - DAG(s) 'tutorial_objectstorage' retrieved from /home/airflow/.local/lib/python3.12/site-packages/airflow/example_dags/tutorial_objectstorage.py
[2025-05-01T11:21:53.170+0000] {logging_mixin.py:188} INFO - [2025-05-01T11:21:53.170+0000] {dag.py:3096} INFO - Sync 1 DAGs
[2025-05-01T11:21:53.202+0000] {logging_mixin.py:188} INFO - [2025-05-01T11:21:53.201+0000] {dag.py:3954} INFO - Setting next_dagrun for tutorial_objectstorage to None, run_after=None
[2025-05-01T11:21:53.249+0000] {processor.py:183} INFO - Processing /home/airflow/.local/lib/python3.12/site-packages/airflow/example_dags/tutorial_objectstorage.py took 0.164 seconds
[2025-05-01T11:22:23.478+0000] {processor.py:161} INFO - Started process (PID=3611) to work on /home/airflow/.local/lib/python3.12/site-packages/airflow/example_dags/tutorial_objectstorage.py
[2025-05-01T11:22:23.480+0000] {processor.py:830} INFO - Processing file /home/airflow/.local/lib/python3.12/site-packages/airflow/example_dags/tutorial_objectstorage.py for tasks to queue
[2025-05-01T11:22:23.484+0000] {logging_mixin.py:188} INFO - [2025-05-01T11:22:23.483+0000] {dagbag.py:545} INFO - Filling up the DagBag from /home/airflow/.local/lib/python3.12/site-packages/airflow/example_dags/tutorial_objectstorage.py
[2025-05-01T11:22:23.499+0000] {processor.py:840} INFO - DAG(s) 'tutorial_objectstorage' retrieved from /home/airflow/.local/lib/python3.12/site-packages/airflow/example_dags/tutorial_objectstorage.py
[2025-05-01T11:22:23.540+0000] {logging_mixin.py:188} INFO - [2025-05-01T11:22:23.539+0000] {dag.py:3096} INFO - Sync 1 DAGs
[2025-05-01T11:22:23.567+0000] {logging_mixin.py:188} INFO - [2025-05-01T11:22:23.566+0000] {dag.py:3954} INFO - Setting next_dagrun for tutorial_objectstorage to None, run_after=None
[2025-05-01T11:22:23.654+0000] {processor.py:183} INFO - Processing /home/airflow/.local/lib/python3.12/site-packages/airflow/example_dags/tutorial_objectstorage.py took 0.190 seconds
[2025-05-01T11:22:53.858+0000] {processor.py:161} INFO - Started process (PID=3670) to work on /home/airflow/.local/lib/python3.12/site-packages/airflow/example_dags/tutorial_objectstorage.py
[2025-05-01T11:22:53.860+0000] {processor.py:830} INFO - Processing file /home/airflow/.local/lib/python3.12/site-packages/airflow/example_dags/tutorial_objectstorage.py for tasks to queue
[2025-05-01T11:22:53.866+0000] {logging_mixin.py:188} INFO - [2025-05-01T11:22:53.865+0000] {dagbag.py:545} INFO - Filling up the DagBag from /home/airflow/.local/lib/python3.12/site-packages/airflow/example_dags/tutorial_objectstorage.py
[2025-05-01T11:22:53.885+0000] {processor.py:840} INFO - DAG(s) 'tutorial_objectstorage' retrieved from /home/airflow/.local/lib/python3.12/site-packages/airflow/example_dags/tutorial_objectstorage.py
[2025-05-01T11:22:53.935+0000] {logging_mixin.py:188} INFO - [2025-05-01T11:22:53.934+0000] {dag.py:3096} INFO - Sync 1 DAGs
[2025-05-01T11:22:53.963+0000] {logging_mixin.py:188} INFO - [2025-05-01T11:22:53.963+0000] {dag.py:3954} INFO - Setting next_dagrun for tutorial_objectstorage to None, run_after=None
[2025-05-01T11:22:54.013+0000] {processor.py:183} INFO - Processing /home/airflow/.local/lib/python3.12/site-packages/airflow/example_dags/tutorial_objectstorage.py took 0.169 seconds
[2025-05-01T11:23:24.600+0000] {processor.py:161} INFO - Started process (PID=3729) to work on /home/airflow/.local/lib/python3.12/site-packages/airflow/example_dags/tutorial_objectstorage.py
[2025-05-01T11:23:24.603+0000] {processor.py:830} INFO - Processing file /home/airflow/.local/lib/python3.12/site-packages/airflow/example_dags/tutorial_objectstorage.py for tasks to queue
[2025-05-01T11:23:24.608+0000] {logging_mixin.py:188} INFO - [2025-05-01T11:23:24.607+0000] {dagbag.py:545} INFO - Filling up the DagBag from /home/airflow/.local/lib/python3.12/site-packages/airflow/example_dags/tutorial_objectstorage.py
[2025-05-01T11:23:24.644+0000] {processor.py:840} INFO - DAG(s) 'tutorial_objectstorage' retrieved from /home/airflow/.local/lib/python3.12/site-packages/airflow/example_dags/tutorial_objectstorage.py
[2025-05-01T11:23:24.699+0000] {logging_mixin.py:188} INFO - [2025-05-01T11:23:24.698+0000] {dag.py:3096} INFO - Sync 1 DAGs
[2025-05-01T11:23:24.732+0000] {logging_mixin.py:188} INFO - [2025-05-01T11:23:24.732+0000] {dag.py:3954} INFO - Setting next_dagrun for tutorial_objectstorage to None, run_after=None
[2025-05-01T11:23:24.825+0000] {processor.py:183} INFO - Processing /home/airflow/.local/lib/python3.12/site-packages/airflow/example_dags/tutorial_objectstorage.py took 0.242 seconds
[2025-05-01T11:23:55.674+0000] {processor.py:161} INFO - Started process (PID=3788) to work on /home/airflow/.local/lib/python3.12/site-packages/airflow/example_dags/tutorial_objectstorage.py
[2025-05-01T11:23:55.678+0000] {processor.py:830} INFO - Processing file /home/airflow/.local/lib/python3.12/site-packages/airflow/example_dags/tutorial_objectstorage.py for tasks to queue
[2025-05-01T11:23:55.684+0000] {logging_mixin.py:188} INFO - [2025-05-01T11:23:55.683+0000] {dagbag.py:545} INFO - Filling up the DagBag from /home/airflow/.local/lib/python3.12/site-packages/airflow/example_dags/tutorial_objectstorage.py
[2025-05-01T11:23:55.708+0000] {processor.py:840} INFO - DAG(s) 'tutorial_objectstorage' retrieved from /home/airflow/.local/lib/python3.12/site-packages/airflow/example_dags/tutorial_objectstorage.py
[2025-05-01T11:23:55.765+0000] {logging_mixin.py:188} INFO - [2025-05-01T11:23:55.764+0000] {dag.py:3096} INFO - Sync 1 DAGs
[2025-05-01T11:23:55.797+0000] {logging_mixin.py:188} INFO - [2025-05-01T11:23:55.797+0000] {dag.py:3954} INFO - Setting next_dagrun for tutorial_objectstorage to None, run_after=None
[2025-05-01T11:23:55.858+0000] {processor.py:183} INFO - Processing /home/airflow/.local/lib/python3.12/site-packages/airflow/example_dags/tutorial_objectstorage.py took 0.198 seconds
[2025-05-01T11:24:26.399+0000] {processor.py:161} INFO - Started process (PID=3850) to work on /home/airflow/.local/lib/python3.12/site-packages/airflow/example_dags/tutorial_objectstorage.py
[2025-05-01T11:24:26.402+0000] {processor.py:830} INFO - Processing file /home/airflow/.local/lib/python3.12/site-packages/airflow/example_dags/tutorial_objectstorage.py for tasks to queue
[2025-05-01T11:24:26.407+0000] {logging_mixin.py:188} INFO - [2025-05-01T11:24:26.406+0000] {dagbag.py:545} INFO - Filling up the DagBag from /home/airflow/.local/lib/python3.12/site-packages/airflow/example_dags/tutorial_objectstorage.py
[2025-05-01T11:24:26.430+0000] {processor.py:840} INFO - DAG(s) 'tutorial_objectstorage' retrieved from /home/airflow/.local/lib/python3.12/site-packages/airflow/example_dags/tutorial_objectstorage.py
[2025-05-01T11:24:26.493+0000] {logging_mixin.py:188} INFO - [2025-05-01T11:24:26.492+0000] {dag.py:3096} INFO - Sync 1 DAGs
[2025-05-01T11:24:26.530+0000] {logging_mixin.py:188} INFO - [2025-05-01T11:24:26.529+0000] {dag.py:3954} INFO - Setting next_dagrun for tutorial_objectstorage to None, run_after=None
[2025-05-01T11:24:26.625+0000] {processor.py:183} INFO - Processing /home/airflow/.local/lib/python3.12/site-packages/airflow/example_dags/tutorial_objectstorage.py took 0.245 seconds
[2025-05-01T11:24:56.863+0000] {processor.py:161} INFO - Started process (PID=3909) to work on /home/airflow/.local/lib/python3.12/site-packages/airflow/example_dags/tutorial_objectstorage.py
[2025-05-01T11:24:56.866+0000] {processor.py:830} INFO - Processing file /home/airflow/.local/lib/python3.12/site-packages/airflow/example_dags/tutorial_objectstorage.py for tasks to queue
[2025-05-01T11:24:56.872+0000] {logging_mixin.py:188} INFO - [2025-05-01T11:24:56.871+0000] {dagbag.py:545} INFO - Filling up the DagBag from /home/airflow/.local/lib/python3.12/site-packages/airflow/example_dags/tutorial_objectstorage.py
[2025-05-01T11:24:56.903+0000] {processor.py:840} INFO - DAG(s) 'tutorial_objectstorage' retrieved from /home/airflow/.local/lib/python3.12/site-packages/airflow/example_dags/tutorial_objectstorage.py
[2025-05-01T11:24:56.986+0000] {logging_mixin.py:188} INFO - [2025-05-01T11:24:56.985+0000] {dag.py:3096} INFO - Sync 1 DAGs
[2025-05-01T11:24:57.023+0000] {logging_mixin.py:188} INFO - [2025-05-01T11:24:57.023+0000] {dag.py:3954} INFO - Setting next_dagrun for tutorial_objectstorage to None, run_after=None
[2025-05-01T11:24:57.115+0000] {processor.py:183} INFO - Processing /home/airflow/.local/lib/python3.12/site-packages/airflow/example_dags/tutorial_objectstorage.py took 0.277 seconds
[2025-05-01T11:25:27.529+0000] {processor.py:161} INFO - Started process (PID=3974) to work on /home/airflow/.local/lib/python3.12/site-packages/airflow/example_dags/tutorial_objectstorage.py
[2025-05-01T11:25:27.532+0000] {processor.py:830} INFO - Processing file /home/airflow/.local/lib/python3.12/site-packages/airflow/example_dags/tutorial_objectstorage.py for tasks to queue
[2025-05-01T11:25:27.537+0000] {logging_mixin.py:188} INFO - [2025-05-01T11:25:27.536+0000] {dagbag.py:545} INFO - Filling up the DagBag from /home/airflow/.local/lib/python3.12/site-packages/airflow/example_dags/tutorial_objectstorage.py
[2025-05-01T11:25:27.554+0000] {processor.py:840} INFO - DAG(s) 'tutorial_objectstorage' retrieved from /home/airflow/.local/lib/python3.12/site-packages/airflow/example_dags/tutorial_objectstorage.py
[2025-05-01T11:25:27.601+0000] {logging_mixin.py:188} INFO - [2025-05-01T11:25:27.600+0000] {dag.py:3096} INFO - Sync 1 DAGs
[2025-05-01T11:25:27.635+0000] {logging_mixin.py:188} INFO - [2025-05-01T11:25:27.635+0000] {dag.py:3954} INFO - Setting next_dagrun for tutorial_objectstorage to None, run_after=None
[2025-05-01T11:25:27.733+0000] {processor.py:183} INFO - Processing /home/airflow/.local/lib/python3.12/site-packages/airflow/example_dags/tutorial_objectstorage.py took 0.217 seconds
[2025-05-01T11:25:58.058+0000] {processor.py:161} INFO - Started process (PID=4031) to work on /home/airflow/.local/lib/python3.12/site-packages/airflow/example_dags/tutorial_objectstorage.py
[2025-05-01T11:25:58.060+0000] {processor.py:830} INFO - Processing file /home/airflow/.local/lib/python3.12/site-packages/airflow/example_dags/tutorial_objectstorage.py for tasks to queue
[2025-05-01T11:25:58.064+0000] {logging_mixin.py:188} INFO - [2025-05-01T11:25:58.063+0000] {dagbag.py:545} INFO - Filling up the DagBag from /home/airflow/.local/lib/python3.12/site-packages/airflow/example_dags/tutorial_objectstorage.py
[2025-05-01T11:25:58.082+0000] {processor.py:840} INFO - DAG(s) 'tutorial_objectstorage' retrieved from /home/airflow/.local/lib/python3.12/site-packages/airflow/example_dags/tutorial_objectstorage.py
[2025-05-01T11:25:58.125+0000] {logging_mixin.py:188} INFO - [2025-05-01T11:25:58.125+0000] {dag.py:3096} INFO - Sync 1 DAGs
[2025-05-01T11:25:58.161+0000] {logging_mixin.py:188} INFO - [2025-05-01T11:25:58.161+0000] {dag.py:3954} INFO - Setting next_dagrun for tutorial_objectstorage to None, run_after=None
[2025-05-01T11:25:58.220+0000] {processor.py:183} INFO - Processing /home/airflow/.local/lib/python3.12/site-packages/airflow/example_dags/tutorial_objectstorage.py took 0.179 seconds
[2025-05-01T11:31:41.040+0000] {processor.py:161} INFO - Started process (PID=79) to work on /home/airflow/.local/lib/python3.12/site-packages/airflow/example_dags/tutorial_objectstorage.py
[2025-05-01T11:31:41.043+0000] {processor.py:830} INFO - Processing file /home/airflow/.local/lib/python3.12/site-packages/airflow/example_dags/tutorial_objectstorage.py for tasks to queue
[2025-05-01T11:31:41.050+0000] {logging_mixin.py:188} INFO - [2025-05-01T11:31:41.049+0000] {dagbag.py:545} INFO - Filling up the DagBag from /home/airflow/.local/lib/python3.12/site-packages/airflow/example_dags/tutorial_objectstorage.py
[2025-05-01T11:31:41.074+0000] {processor.py:840} INFO - DAG(s) 'tutorial_objectstorage' retrieved from /home/airflow/.local/lib/python3.12/site-packages/airflow/example_dags/tutorial_objectstorage.py
[2025-05-01T11:31:41.358+0000] {logging_mixin.py:188} INFO - [2025-05-01T11:31:41.358+0000] {dag.py:3096} INFO - Sync 1 DAGs
[2025-05-01T11:31:41.383+0000] {logging_mixin.py:188} INFO - [2025-05-01T11:31:41.383+0000] {dag.py:3954} INFO - Setting next_dagrun for tutorial_objectstorage to None, run_after=None
[2025-05-01T11:31:41.434+0000] {processor.py:183} INFO - Processing /home/airflow/.local/lib/python3.12/site-packages/airflow/example_dags/tutorial_objectstorage.py took 0.412 seconds
[2025-05-01T11:32:12.178+0000] {processor.py:161} INFO - Started process (PID=138) to work on /home/airflow/.local/lib/python3.12/site-packages/airflow/example_dags/tutorial_objectstorage.py
[2025-05-01T11:32:12.181+0000] {processor.py:830} INFO - Processing file /home/airflow/.local/lib/python3.12/site-packages/airflow/example_dags/tutorial_objectstorage.py for tasks to queue
[2025-05-01T11:32:12.185+0000] {logging_mixin.py:188} INFO - [2025-05-01T11:32:12.184+0000] {dagbag.py:545} INFO - Filling up the DagBag from /home/airflow/.local/lib/python3.12/site-packages/airflow/example_dags/tutorial_objectstorage.py
[2025-05-01T11:32:12.200+0000] {processor.py:840} INFO - DAG(s) 'tutorial_objectstorage' retrieved from /home/airflow/.local/lib/python3.12/site-packages/airflow/example_dags/tutorial_objectstorage.py
[2025-05-01T11:32:12.245+0000] {logging_mixin.py:188} INFO - [2025-05-01T11:32:12.244+0000] {dag.py:3096} INFO - Sync 1 DAGs
[2025-05-01T11:32:12.274+0000] {logging_mixin.py:188} INFO - [2025-05-01T11:32:12.274+0000] {dag.py:3954} INFO - Setting next_dagrun for tutorial_objectstorage to None, run_after=None
[2025-05-01T11:32:12.323+0000] {processor.py:183} INFO - Processing /home/airflow/.local/lib/python3.12/site-packages/airflow/example_dags/tutorial_objectstorage.py took 0.158 seconds
[2025-05-01T11:32:42.974+0000] {processor.py:161} INFO - Started process (PID=197) to work on /home/airflow/.local/lib/python3.12/site-packages/airflow/example_dags/tutorial_objectstorage.py
[2025-05-01T11:32:42.978+0000] {processor.py:830} INFO - Processing file /home/airflow/.local/lib/python3.12/site-packages/airflow/example_dags/tutorial_objectstorage.py for tasks to queue
[2025-05-01T11:32:42.983+0000] {logging_mixin.py:188} INFO - [2025-05-01T11:32:42.982+0000] {dagbag.py:545} INFO - Filling up the DagBag from /home/airflow/.local/lib/python3.12/site-packages/airflow/example_dags/tutorial_objectstorage.py
[2025-05-01T11:32:43.007+0000] {processor.py:840} INFO - DAG(s) 'tutorial_objectstorage' retrieved from /home/airflow/.local/lib/python3.12/site-packages/airflow/example_dags/tutorial_objectstorage.py
[2025-05-01T11:32:43.067+0000] {logging_mixin.py:188} INFO - [2025-05-01T11:32:43.066+0000] {dag.py:3096} INFO - Sync 1 DAGs
[2025-05-01T11:32:43.104+0000] {logging_mixin.py:188} INFO - [2025-05-01T11:32:43.104+0000] {dag.py:3954} INFO - Setting next_dagrun for tutorial_objectstorage to None, run_after=None
[2025-05-01T11:32:43.205+0000] {processor.py:183} INFO - Processing /home/airflow/.local/lib/python3.12/site-packages/airflow/example_dags/tutorial_objectstorage.py took 0.248 seconds
[2025-05-01T11:33:13.295+0000] {processor.py:161} INFO - Started process (PID=256) to work on /home/airflow/.local/lib/python3.12/site-packages/airflow/example_dags/tutorial_objectstorage.py
[2025-05-01T11:33:13.297+0000] {processor.py:830} INFO - Processing file /home/airflow/.local/lib/python3.12/site-packages/airflow/example_dags/tutorial_objectstorage.py for tasks to queue
[2025-05-01T11:33:13.305+0000] {logging_mixin.py:188} INFO - [2025-05-01T11:33:13.304+0000] {dagbag.py:545} INFO - Filling up the DagBag from /home/airflow/.local/lib/python3.12/site-packages/airflow/example_dags/tutorial_objectstorage.py
[2025-05-01T11:33:13.321+0000] {processor.py:840} INFO - DAG(s) 'tutorial_objectstorage' retrieved from /home/airflow/.local/lib/python3.12/site-packages/airflow/example_dags/tutorial_objectstorage.py
[2025-05-01T11:33:13.363+0000] {logging_mixin.py:188} INFO - [2025-05-01T11:33:13.362+0000] {dag.py:3096} INFO - Sync 1 DAGs
[2025-05-01T11:33:13.392+0000] {logging_mixin.py:188} INFO - [2025-05-01T11:33:13.391+0000] {dag.py:3954} INFO - Setting next_dagrun for tutorial_objectstorage to None, run_after=None
[2025-05-01T11:33:13.438+0000] {processor.py:183} INFO - Processing /home/airflow/.local/lib/python3.12/site-packages/airflow/example_dags/tutorial_objectstorage.py took 0.154 seconds
[2025-05-01T11:33:44.682+0000] {processor.py:161} INFO - Started process (PID=314) to work on /home/airflow/.local/lib/python3.12/site-packages/airflow/example_dags/tutorial_objectstorage.py
[2025-05-01T11:33:44.684+0000] {processor.py:830} INFO - Processing file /home/airflow/.local/lib/python3.12/site-packages/airflow/example_dags/tutorial_objectstorage.py for tasks to queue
[2025-05-01T11:33:44.688+0000] {logging_mixin.py:188} INFO - [2025-05-01T11:33:44.687+0000] {dagbag.py:545} INFO - Filling up the DagBag from /home/airflow/.local/lib/python3.12/site-packages/airflow/example_dags/tutorial_objectstorage.py
[2025-05-01T11:33:44.707+0000] {processor.py:840} INFO - DAG(s) 'tutorial_objectstorage' retrieved from /home/airflow/.local/lib/python3.12/site-packages/airflow/example_dags/tutorial_objectstorage.py
[2025-05-01T11:33:44.757+0000] {logging_mixin.py:188} INFO - [2025-05-01T11:33:44.756+0000] {dag.py:3096} INFO - Sync 1 DAGs
[2025-05-01T11:33:44.799+0000] {logging_mixin.py:188} INFO - [2025-05-01T11:33:44.798+0000] {dag.py:3954} INFO - Setting next_dagrun for tutorial_objectstorage to None, run_after=None
[2025-05-01T11:33:44.852+0000] {processor.py:183} INFO - Processing /home/airflow/.local/lib/python3.12/site-packages/airflow/example_dags/tutorial_objectstorage.py took 0.182 seconds
[2025-05-01T11:34:15.555+0000] {processor.py:161} INFO - Started process (PID=374) to work on /home/airflow/.local/lib/python3.12/site-packages/airflow/example_dags/tutorial_objectstorage.py
[2025-05-01T11:34:15.558+0000] {processor.py:830} INFO - Processing file /home/airflow/.local/lib/python3.12/site-packages/airflow/example_dags/tutorial_objectstorage.py for tasks to queue
[2025-05-01T11:34:15.562+0000] {logging_mixin.py:188} INFO - [2025-05-01T11:34:15.561+0000] {dagbag.py:545} INFO - Filling up the DagBag from /home/airflow/.local/lib/python3.12/site-packages/airflow/example_dags/tutorial_objectstorage.py
[2025-05-01T11:34:15.578+0000] {processor.py:840} INFO - DAG(s) 'tutorial_objectstorage' retrieved from /home/airflow/.local/lib/python3.12/site-packages/airflow/example_dags/tutorial_objectstorage.py
[2025-05-01T11:34:15.629+0000] {logging_mixin.py:188} INFO - [2025-05-01T11:34:15.629+0000] {dag.py:3096} INFO - Sync 1 DAGs
[2025-05-01T11:34:15.678+0000] {logging_mixin.py:188} INFO - [2025-05-01T11:34:15.677+0000] {dag.py:3954} INFO - Setting next_dagrun for tutorial_objectstorage to None, run_after=None
[2025-05-01T11:34:15.742+0000] {processor.py:183} INFO - Processing /home/airflow/.local/lib/python3.12/site-packages/airflow/example_dags/tutorial_objectstorage.py took 0.199 seconds
[2025-05-01T11:34:46.113+0000] {processor.py:161} INFO - Started process (PID=433) to work on /home/airflow/.local/lib/python3.12/site-packages/airflow/example_dags/tutorial_objectstorage.py
[2025-05-01T11:34:46.115+0000] {processor.py:830} INFO - Processing file /home/airflow/.local/lib/python3.12/site-packages/airflow/example_dags/tutorial_objectstorage.py for tasks to queue
[2025-05-01T11:34:46.121+0000] {logging_mixin.py:188} INFO - [2025-05-01T11:34:46.120+0000] {dagbag.py:545} INFO - Filling up the DagBag from /home/airflow/.local/lib/python3.12/site-packages/airflow/example_dags/tutorial_objectstorage.py
[2025-05-01T11:34:46.142+0000] {processor.py:840} INFO - DAG(s) 'tutorial_objectstorage' retrieved from /home/airflow/.local/lib/python3.12/site-packages/airflow/example_dags/tutorial_objectstorage.py
[2025-05-01T11:34:46.197+0000] {logging_mixin.py:188} INFO - [2025-05-01T11:34:46.196+0000] {dag.py:3096} INFO - Sync 1 DAGs
[2025-05-01T11:34:46.235+0000] {logging_mixin.py:188} INFO - [2025-05-01T11:34:46.234+0000] {dag.py:3954} INFO - Setting next_dagrun for tutorial_objectstorage to None, run_after=None
[2025-05-01T11:34:46.308+0000] {processor.py:183} INFO - Processing /home/airflow/.local/lib/python3.12/site-packages/airflow/example_dags/tutorial_objectstorage.py took 0.212 seconds
[2025-05-01T11:35:16.982+0000] {processor.py:161} INFO - Started process (PID=492) to work on /home/airflow/.local/lib/python3.12/site-packages/airflow/example_dags/tutorial_objectstorage.py
[2025-05-01T11:35:16.984+0000] {processor.py:830} INFO - Processing file /home/airflow/.local/lib/python3.12/site-packages/airflow/example_dags/tutorial_objectstorage.py for tasks to queue
[2025-05-01T11:35:16.989+0000] {logging_mixin.py:188} INFO - [2025-05-01T11:35:16.988+0000] {dagbag.py:545} INFO - Filling up the DagBag from /home/airflow/.local/lib/python3.12/site-packages/airflow/example_dags/tutorial_objectstorage.py
[2025-05-01T11:35:17.006+0000] {processor.py:840} INFO - DAG(s) 'tutorial_objectstorage' retrieved from /home/airflow/.local/lib/python3.12/site-packages/airflow/example_dags/tutorial_objectstorage.py
[2025-05-01T11:35:17.051+0000] {logging_mixin.py:188} INFO - [2025-05-01T11:35:17.051+0000] {dag.py:3096} INFO - Sync 1 DAGs
[2025-05-01T11:35:17.087+0000] {logging_mixin.py:188} INFO - [2025-05-01T11:35:17.087+0000] {dag.py:3954} INFO - Setting next_dagrun for tutorial_objectstorage to None, run_after=None
[2025-05-01T11:35:17.148+0000] {processor.py:183} INFO - Processing /home/airflow/.local/lib/python3.12/site-packages/airflow/example_dags/tutorial_objectstorage.py took 0.180 seconds
[2025-05-01T11:35:47.832+0000] {processor.py:161} INFO - Started process (PID=551) to work on /home/airflow/.local/lib/python3.12/site-packages/airflow/example_dags/tutorial_objectstorage.py
[2025-05-01T11:35:47.835+0000] {processor.py:830} INFO - Processing file /home/airflow/.local/lib/python3.12/site-packages/airflow/example_dags/tutorial_objectstorage.py for tasks to queue
[2025-05-01T11:35:47.841+0000] {logging_mixin.py:188} INFO - [2025-05-01T11:35:47.840+0000] {dagbag.py:545} INFO - Filling up the DagBag from /home/airflow/.local/lib/python3.12/site-packages/airflow/example_dags/tutorial_objectstorage.py
[2025-05-01T11:35:47.860+0000] {processor.py:840} INFO - DAG(s) 'tutorial_objectstorage' retrieved from /home/airflow/.local/lib/python3.12/site-packages/airflow/example_dags/tutorial_objectstorage.py
[2025-05-01T11:35:47.914+0000] {logging_mixin.py:188} INFO - [2025-05-01T11:35:47.914+0000] {dag.py:3096} INFO - Sync 1 DAGs
[2025-05-01T11:35:47.953+0000] {logging_mixin.py:188} INFO - [2025-05-01T11:35:47.952+0000] {dag.py:3954} INFO - Setting next_dagrun for tutorial_objectstorage to None, run_after=None
[2025-05-01T11:35:48.035+0000] {processor.py:183} INFO - Processing /home/airflow/.local/lib/python3.12/site-packages/airflow/example_dags/tutorial_objectstorage.py took 0.217 seconds
[2025-05-01T11:36:18.419+0000] {processor.py:161} INFO - Started process (PID=610) to work on /home/airflow/.local/lib/python3.12/site-packages/airflow/example_dags/tutorial_objectstorage.py
[2025-05-01T11:36:18.427+0000] {processor.py:830} INFO - Processing file /home/airflow/.local/lib/python3.12/site-packages/airflow/example_dags/tutorial_objectstorage.py for tasks to queue
[2025-05-01T11:36:18.435+0000] {logging_mixin.py:188} INFO - [2025-05-01T11:36:18.433+0000] {dagbag.py:545} INFO - Filling up the DagBag from /home/airflow/.local/lib/python3.12/site-packages/airflow/example_dags/tutorial_objectstorage.py
[2025-05-01T11:36:18.454+0000] {processor.py:840} INFO - DAG(s) 'tutorial_objectstorage' retrieved from /home/airflow/.local/lib/python3.12/site-packages/airflow/example_dags/tutorial_objectstorage.py
[2025-05-01T11:36:18.497+0000] {logging_mixin.py:188} INFO - [2025-05-01T11:36:18.496+0000] {dag.py:3096} INFO - Sync 1 DAGs
[2025-05-01T11:36:18.526+0000] {logging_mixin.py:188} INFO - [2025-05-01T11:36:18.525+0000] {dag.py:3954} INFO - Setting next_dagrun for tutorial_objectstorage to None, run_after=None
[2025-05-01T11:36:18.580+0000] {processor.py:183} INFO - Processing /home/airflow/.local/lib/python3.12/site-packages/airflow/example_dags/tutorial_objectstorage.py took 0.187 seconds
[2025-05-01T11:36:48.721+0000] {processor.py:161} INFO - Started process (PID=669) to work on /home/airflow/.local/lib/python3.12/site-packages/airflow/example_dags/tutorial_objectstorage.py
[2025-05-01T11:36:48.724+0000] {processor.py:830} INFO - Processing file /home/airflow/.local/lib/python3.12/site-packages/airflow/example_dags/tutorial_objectstorage.py for tasks to queue
[2025-05-01T11:36:48.727+0000] {logging_mixin.py:188} INFO - [2025-05-01T11:36:48.727+0000] {dagbag.py:545} INFO - Filling up the DagBag from /home/airflow/.local/lib/python3.12/site-packages/airflow/example_dags/tutorial_objectstorage.py
[2025-05-01T11:36:48.744+0000] {processor.py:840} INFO - DAG(s) 'tutorial_objectstorage' retrieved from /home/airflow/.local/lib/python3.12/site-packages/airflow/example_dags/tutorial_objectstorage.py
[2025-05-01T11:36:48.792+0000] {logging_mixin.py:188} INFO - [2025-05-01T11:36:48.792+0000] {dag.py:3096} INFO - Sync 1 DAGs
[2025-05-01T11:36:48.825+0000] {logging_mixin.py:188} INFO - [2025-05-01T11:36:48.825+0000] {dag.py:3954} INFO - Setting next_dagrun for tutorial_objectstorage to None, run_after=None
[2025-05-01T11:36:48.875+0000] {processor.py:183} INFO - Processing /home/airflow/.local/lib/python3.12/site-packages/airflow/example_dags/tutorial_objectstorage.py took 0.166 seconds
[2025-05-01T11:37:18.958+0000] {processor.py:161} INFO - Started process (PID=727) to work on /home/airflow/.local/lib/python3.12/site-packages/airflow/example_dags/tutorial_objectstorage.py
[2025-05-01T11:37:18.961+0000] {processor.py:830} INFO - Processing file /home/airflow/.local/lib/python3.12/site-packages/airflow/example_dags/tutorial_objectstorage.py for tasks to queue
[2025-05-01T11:37:18.966+0000] {logging_mixin.py:188} INFO - [2025-05-01T11:37:18.965+0000] {dagbag.py:545} INFO - Filling up the DagBag from /home/airflow/.local/lib/python3.12/site-packages/airflow/example_dags/tutorial_objectstorage.py
[2025-05-01T11:37:18.980+0000] {processor.py:840} INFO - DAG(s) 'tutorial_objectstorage' retrieved from /home/airflow/.local/lib/python3.12/site-packages/airflow/example_dags/tutorial_objectstorage.py
[2025-05-01T11:37:19.030+0000] {logging_mixin.py:188} INFO - [2025-05-01T11:37:19.029+0000] {dag.py:3096} INFO - Sync 1 DAGs
[2025-05-01T11:37:19.062+0000] {logging_mixin.py:188} INFO - [2025-05-01T11:37:19.061+0000] {dag.py:3954} INFO - Setting next_dagrun for tutorial_objectstorage to None, run_after=None
[2025-05-01T11:37:19.107+0000] {processor.py:183} INFO - Processing /home/airflow/.local/lib/python3.12/site-packages/airflow/example_dags/tutorial_objectstorage.py took 0.164 seconds
[2025-05-01T11:37:49.709+0000] {processor.py:161} INFO - Started process (PID=787) to work on /home/airflow/.local/lib/python3.12/site-packages/airflow/example_dags/tutorial_objectstorage.py
[2025-05-01T11:37:49.712+0000] {processor.py:830} INFO - Processing file /home/airflow/.local/lib/python3.12/site-packages/airflow/example_dags/tutorial_objectstorage.py for tasks to queue
[2025-05-01T11:37:49.718+0000] {logging_mixin.py:188} INFO - [2025-05-01T11:37:49.718+0000] {dagbag.py:545} INFO - Filling up the DagBag from /home/airflow/.local/lib/python3.12/site-packages/airflow/example_dags/tutorial_objectstorage.py
[2025-05-01T11:37:49.736+0000] {processor.py:840} INFO - DAG(s) 'tutorial_objectstorage' retrieved from /home/airflow/.local/lib/python3.12/site-packages/airflow/example_dags/tutorial_objectstorage.py
[2025-05-01T11:37:49.791+0000] {logging_mixin.py:188} INFO - [2025-05-01T11:37:49.791+0000] {dag.py:3096} INFO - Sync 1 DAGs
[2025-05-01T11:37:49.827+0000] {logging_mixin.py:188} INFO - [2025-05-01T11:37:49.825+0000] {dag.py:3954} INFO - Setting next_dagrun for tutorial_objectstorage to None, run_after=None
[2025-05-01T11:37:49.884+0000] {processor.py:183} INFO - Processing /home/airflow/.local/lib/python3.12/site-packages/airflow/example_dags/tutorial_objectstorage.py took 0.191 seconds
[2025-05-01T11:38:20.538+0000] {processor.py:161} INFO - Started process (PID=846) to work on /home/airflow/.local/lib/python3.12/site-packages/airflow/example_dags/tutorial_objectstorage.py
[2025-05-01T11:38:20.540+0000] {processor.py:830} INFO - Processing file /home/airflow/.local/lib/python3.12/site-packages/airflow/example_dags/tutorial_objectstorage.py for tasks to queue
[2025-05-01T11:38:20.545+0000] {logging_mixin.py:188} INFO - [2025-05-01T11:38:20.544+0000] {dagbag.py:545} INFO - Filling up the DagBag from /home/airflow/.local/lib/python3.12/site-packages/airflow/example_dags/tutorial_objectstorage.py
[2025-05-01T11:38:20.559+0000] {processor.py:840} INFO - DAG(s) 'tutorial_objectstorage' retrieved from /home/airflow/.local/lib/python3.12/site-packages/airflow/example_dags/tutorial_objectstorage.py
[2025-05-01T11:38:20.601+0000] {logging_mixin.py:188} INFO - [2025-05-01T11:38:20.600+0000] {dag.py:3096} INFO - Sync 1 DAGs
[2025-05-01T11:38:20.628+0000] {logging_mixin.py:188} INFO - [2025-05-01T11:38:20.627+0000] {dag.py:3954} INFO - Setting next_dagrun for tutorial_objectstorage to None, run_after=None
[2025-05-01T11:38:20.673+0000] {processor.py:183} INFO - Processing /home/airflow/.local/lib/python3.12/site-packages/airflow/example_dags/tutorial_objectstorage.py took 0.146 seconds
[2025-05-01T11:38:50.832+0000] {processor.py:161} INFO - Started process (PID=903) to work on /home/airflow/.local/lib/python3.12/site-packages/airflow/example_dags/tutorial_objectstorage.py
[2025-05-01T11:38:50.834+0000] {processor.py:830} INFO - Processing file /home/airflow/.local/lib/python3.12/site-packages/airflow/example_dags/tutorial_objectstorage.py for tasks to queue
[2025-05-01T11:38:50.839+0000] {logging_mixin.py:188} INFO - [2025-05-01T11:38:50.838+0000] {dagbag.py:545} INFO - Filling up the DagBag from /home/airflow/.local/lib/python3.12/site-packages/airflow/example_dags/tutorial_objectstorage.py
[2025-05-01T11:38:50.855+0000] {processor.py:840} INFO - DAG(s) 'tutorial_objectstorage' retrieved from /home/airflow/.local/lib/python3.12/site-packages/airflow/example_dags/tutorial_objectstorage.py
[2025-05-01T11:38:50.905+0000] {logging_mixin.py:188} INFO - [2025-05-01T11:38:50.905+0000] {dag.py:3096} INFO - Sync 1 DAGs
[2025-05-01T11:38:50.934+0000] {logging_mixin.py:188} INFO - [2025-05-01T11:38:50.934+0000] {dag.py:3954} INFO - Setting next_dagrun for tutorial_objectstorage to None, run_after=None
[2025-05-01T11:38:51.032+0000] {processor.py:183} INFO - Processing /home/airflow/.local/lib/python3.12/site-packages/airflow/example_dags/tutorial_objectstorage.py took 0.218 seconds
[2025-05-01T11:39:21.392+0000] {processor.py:161} INFO - Started process (PID=962) to work on /home/airflow/.local/lib/python3.12/site-packages/airflow/example_dags/tutorial_objectstorage.py
[2025-05-01T11:39:21.394+0000] {processor.py:830} INFO - Processing file /home/airflow/.local/lib/python3.12/site-packages/airflow/example_dags/tutorial_objectstorage.py for tasks to queue
[2025-05-01T11:39:21.399+0000] {logging_mixin.py:188} INFO - [2025-05-01T11:39:21.398+0000] {dagbag.py:545} INFO - Filling up the DagBag from /home/airflow/.local/lib/python3.12/site-packages/airflow/example_dags/tutorial_objectstorage.py
[2025-05-01T11:39:21.414+0000] {processor.py:840} INFO - DAG(s) 'tutorial_objectstorage' retrieved from /home/airflow/.local/lib/python3.12/site-packages/airflow/example_dags/tutorial_objectstorage.py
[2025-05-01T11:39:21.467+0000] {logging_mixin.py:188} INFO - [2025-05-01T11:39:21.466+0000] {dag.py:3096} INFO - Sync 1 DAGs
[2025-05-01T11:39:21.505+0000] {logging_mixin.py:188} INFO - [2025-05-01T11:39:21.504+0000] {dag.py:3954} INFO - Setting next_dagrun for tutorial_objectstorage to None, run_after=None
[2025-05-01T11:39:21.558+0000] {processor.py:183} INFO - Processing /home/airflow/.local/lib/python3.12/site-packages/airflow/example_dags/tutorial_objectstorage.py took 0.179 seconds
[2025-05-01T11:39:51.851+0000] {processor.py:161} INFO - Started process (PID=1022) to work on /home/airflow/.local/lib/python3.12/site-packages/airflow/example_dags/tutorial_objectstorage.py
[2025-05-01T11:39:51.853+0000] {processor.py:830} INFO - Processing file /home/airflow/.local/lib/python3.12/site-packages/airflow/example_dags/tutorial_objectstorage.py for tasks to queue
[2025-05-01T11:39:51.858+0000] {logging_mixin.py:188} INFO - [2025-05-01T11:39:51.857+0000] {dagbag.py:545} INFO - Filling up the DagBag from /home/airflow/.local/lib/python3.12/site-packages/airflow/example_dags/tutorial_objectstorage.py
[2025-05-01T11:39:51.873+0000] {processor.py:840} INFO - DAG(s) 'tutorial_objectstorage' retrieved from /home/airflow/.local/lib/python3.12/site-packages/airflow/example_dags/tutorial_objectstorage.py
[2025-05-01T11:39:51.920+0000] {logging_mixin.py:188} INFO - [2025-05-01T11:39:51.920+0000] {dag.py:3096} INFO - Sync 1 DAGs
[2025-05-01T11:39:51.946+0000] {logging_mixin.py:188} INFO - [2025-05-01T11:39:51.946+0000] {dag.py:3954} INFO - Setting next_dagrun for tutorial_objectstorage to None, run_after=None
[2025-05-01T11:39:51.999+0000] {processor.py:183} INFO - Processing /home/airflow/.local/lib/python3.12/site-packages/airflow/example_dags/tutorial_objectstorage.py took 0.160 seconds
[2025-05-01T11:40:22.356+0000] {processor.py:161} INFO - Started process (PID=1081) to work on /home/airflow/.local/lib/python3.12/site-packages/airflow/example_dags/tutorial_objectstorage.py
[2025-05-01T11:40:22.360+0000] {processor.py:830} INFO - Processing file /home/airflow/.local/lib/python3.12/site-packages/airflow/example_dags/tutorial_objectstorage.py for tasks to queue
[2025-05-01T11:40:22.369+0000] {logging_mixin.py:188} INFO - [2025-05-01T11:40:22.368+0000] {dagbag.py:545} INFO - Filling up the DagBag from /home/airflow/.local/lib/python3.12/site-packages/airflow/example_dags/tutorial_objectstorage.py
[2025-05-01T11:40:22.399+0000] {processor.py:840} INFO - DAG(s) 'tutorial_objectstorage' retrieved from /home/airflow/.local/lib/python3.12/site-packages/airflow/example_dags/tutorial_objectstorage.py
[2025-05-01T11:40:22.477+0000] {logging_mixin.py:188} INFO - [2025-05-01T11:40:22.477+0000] {dag.py:3096} INFO - Sync 1 DAGs
[2025-05-01T11:40:22.526+0000] {logging_mixin.py:188} INFO - [2025-05-01T11:40:22.525+0000] {dag.py:3954} INFO - Setting next_dagrun for tutorial_objectstorage to None, run_after=None
[2025-05-01T11:40:22.570+0000] {processor.py:183} INFO - Processing /home/airflow/.local/lib/python3.12/site-packages/airflow/example_dags/tutorial_objectstorage.py took 0.240 seconds
[2025-05-01T11:40:53.122+0000] {processor.py:161} INFO - Started process (PID=1140) to work on /home/airflow/.local/lib/python3.12/site-packages/airflow/example_dags/tutorial_objectstorage.py
[2025-05-01T11:40:53.124+0000] {processor.py:830} INFO - Processing file /home/airflow/.local/lib/python3.12/site-packages/airflow/example_dags/tutorial_objectstorage.py for tasks to queue
[2025-05-01T11:40:53.128+0000] {logging_mixin.py:188} INFO - [2025-05-01T11:40:53.127+0000] {dagbag.py:545} INFO - Filling up the DagBag from /home/airflow/.local/lib/python3.12/site-packages/airflow/example_dags/tutorial_objectstorage.py
[2025-05-01T11:40:53.146+0000] {processor.py:840} INFO - DAG(s) 'tutorial_objectstorage' retrieved from /home/airflow/.local/lib/python3.12/site-packages/airflow/example_dags/tutorial_objectstorage.py
[2025-05-01T11:40:53.187+0000] {logging_mixin.py:188} INFO - [2025-05-01T11:40:53.187+0000] {dag.py:3096} INFO - Sync 1 DAGs
[2025-05-01T11:40:53.220+0000] {logging_mixin.py:188} INFO - [2025-05-01T11:40:53.220+0000] {dag.py:3954} INFO - Setting next_dagrun for tutorial_objectstorage to None, run_after=None
[2025-05-01T11:40:53.260+0000] {processor.py:183} INFO - Processing /home/airflow/.local/lib/python3.12/site-packages/airflow/example_dags/tutorial_objectstorage.py took 0.153 seconds
[2025-05-01T11:41:23.790+0000] {processor.py:161} INFO - Started process (PID=1199) to work on /home/airflow/.local/lib/python3.12/site-packages/airflow/example_dags/tutorial_objectstorage.py
[2025-05-01T11:41:23.793+0000] {processor.py:830} INFO - Processing file /home/airflow/.local/lib/python3.12/site-packages/airflow/example_dags/tutorial_objectstorage.py for tasks to queue
[2025-05-01T11:41:23.800+0000] {logging_mixin.py:188} INFO - [2025-05-01T11:41:23.798+0000] {dagbag.py:545} INFO - Filling up the DagBag from /home/airflow/.local/lib/python3.12/site-packages/airflow/example_dags/tutorial_objectstorage.py
[2025-05-01T11:41:23.824+0000] {processor.py:840} INFO - DAG(s) 'tutorial_objectstorage' retrieved from /home/airflow/.local/lib/python3.12/site-packages/airflow/example_dags/tutorial_objectstorage.py
[2025-05-01T11:41:23.875+0000] {logging_mixin.py:188} INFO - [2025-05-01T11:41:23.874+0000] {dag.py:3096} INFO - Sync 1 DAGs
[2025-05-01T11:41:23.913+0000] {logging_mixin.py:188} INFO - [2025-05-01T11:41:23.912+0000] {dag.py:3954} INFO - Setting next_dagrun for tutorial_objectstorage to None, run_after=None
[2025-05-01T11:41:23.973+0000] {processor.py:183} INFO - Processing /home/airflow/.local/lib/python3.12/site-packages/airflow/example_dags/tutorial_objectstorage.py took 0.199 seconds
[2025-05-01T11:41:54.154+0000] {processor.py:161} INFO - Started process (PID=1258) to work on /home/airflow/.local/lib/python3.12/site-packages/airflow/example_dags/tutorial_objectstorage.py
[2025-05-01T11:41:54.156+0000] {processor.py:830} INFO - Processing file /home/airflow/.local/lib/python3.12/site-packages/airflow/example_dags/tutorial_objectstorage.py for tasks to queue
[2025-05-01T11:41:54.160+0000] {logging_mixin.py:188} INFO - [2025-05-01T11:41:54.159+0000] {dagbag.py:545} INFO - Filling up the DagBag from /home/airflow/.local/lib/python3.12/site-packages/airflow/example_dags/tutorial_objectstorage.py
[2025-05-01T11:41:54.175+0000] {processor.py:840} INFO - DAG(s) 'tutorial_objectstorage' retrieved from /home/airflow/.local/lib/python3.12/site-packages/airflow/example_dags/tutorial_objectstorage.py
[2025-05-01T11:41:54.226+0000] {logging_mixin.py:188} INFO - [2025-05-01T11:41:54.225+0000] {dag.py:3096} INFO - Sync 1 DAGs
[2025-05-01T11:41:54.263+0000] {logging_mixin.py:188} INFO - [2025-05-01T11:41:54.262+0000] {dag.py:3954} INFO - Setting next_dagrun for tutorial_objectstorage to None, run_after=None
[2025-05-01T11:41:54.314+0000] {processor.py:183} INFO - Processing /home/airflow/.local/lib/python3.12/site-packages/airflow/example_dags/tutorial_objectstorage.py took 0.172 seconds
[2025-05-01T11:42:25.079+0000] {processor.py:161} INFO - Started process (PID=1318) to work on /home/airflow/.local/lib/python3.12/site-packages/airflow/example_dags/tutorial_objectstorage.py
[2025-05-01T11:42:25.082+0000] {processor.py:830} INFO - Processing file /home/airflow/.local/lib/python3.12/site-packages/airflow/example_dags/tutorial_objectstorage.py for tasks to queue
[2025-05-01T11:42:25.087+0000] {logging_mixin.py:188} INFO - [2025-05-01T11:42:25.086+0000] {dagbag.py:545} INFO - Filling up the DagBag from /home/airflow/.local/lib/python3.12/site-packages/airflow/example_dags/tutorial_objectstorage.py
[2025-05-01T11:42:25.105+0000] {processor.py:840} INFO - DAG(s) 'tutorial_objectstorage' retrieved from /home/airflow/.local/lib/python3.12/site-packages/airflow/example_dags/tutorial_objectstorage.py
[2025-05-01T11:42:25.157+0000] {logging_mixin.py:188} INFO - [2025-05-01T11:42:25.157+0000] {dag.py:3096} INFO - Sync 1 DAGs
[2025-05-01T11:42:25.192+0000] {logging_mixin.py:188} INFO - [2025-05-01T11:42:25.191+0000] {dag.py:3954} INFO - Setting next_dagrun for tutorial_objectstorage to None, run_after=None
[2025-05-01T11:42:25.290+0000] {processor.py:183} INFO - Processing /home/airflow/.local/lib/python3.12/site-packages/airflow/example_dags/tutorial_objectstorage.py took 0.224 seconds
[2025-05-01T11:42:55.436+0000] {processor.py:161} INFO - Started process (PID=1377) to work on /home/airflow/.local/lib/python3.12/site-packages/airflow/example_dags/tutorial_objectstorage.py
[2025-05-01T11:42:55.439+0000] {processor.py:830} INFO - Processing file /home/airflow/.local/lib/python3.12/site-packages/airflow/example_dags/tutorial_objectstorage.py for tasks to queue
[2025-05-01T11:42:55.445+0000] {logging_mixin.py:188} INFO - [2025-05-01T11:42:55.444+0000] {dagbag.py:545} INFO - Filling up the DagBag from /home/airflow/.local/lib/python3.12/site-packages/airflow/example_dags/tutorial_objectstorage.py
[2025-05-01T11:42:55.461+0000] {processor.py:840} INFO - DAG(s) 'tutorial_objectstorage' retrieved from /home/airflow/.local/lib/python3.12/site-packages/airflow/example_dags/tutorial_objectstorage.py
[2025-05-01T11:42:55.511+0000] {logging_mixin.py:188} INFO - [2025-05-01T11:42:55.511+0000] {dag.py:3096} INFO - Sync 1 DAGs
[2025-05-01T11:42:55.543+0000] {logging_mixin.py:188} INFO - [2025-05-01T11:42:55.542+0000] {dag.py:3954} INFO - Setting next_dagrun for tutorial_objectstorage to None, run_after=None
[2025-05-01T11:42:55.600+0000] {processor.py:183} INFO - Processing /home/airflow/.local/lib/python3.12/site-packages/airflow/example_dags/tutorial_objectstorage.py took 0.181 seconds
[2025-05-01T11:43:26.860+0000] {processor.py:161} INFO - Started process (PID=1442) to work on /home/airflow/.local/lib/python3.12/site-packages/airflow/example_dags/tutorial_objectstorage.py
[2025-05-01T11:43:26.862+0000] {processor.py:830} INFO - Processing file /home/airflow/.local/lib/python3.12/site-packages/airflow/example_dags/tutorial_objectstorage.py for tasks to queue
[2025-05-01T11:43:26.867+0000] {logging_mixin.py:188} INFO - [2025-05-01T11:43:26.866+0000] {dagbag.py:545} INFO - Filling up the DagBag from /home/airflow/.local/lib/python3.12/site-packages/airflow/example_dags/tutorial_objectstorage.py
[2025-05-01T11:43:26.887+0000] {processor.py:840} INFO - DAG(s) 'tutorial_objectstorage' retrieved from /home/airflow/.local/lib/python3.12/site-packages/airflow/example_dags/tutorial_objectstorage.py
[2025-05-01T11:43:26.942+0000] {logging_mixin.py:188} INFO - [2025-05-01T11:43:26.941+0000] {dag.py:3096} INFO - Sync 1 DAGs
[2025-05-01T11:43:26.972+0000] {logging_mixin.py:188} INFO - [2025-05-01T11:43:26.971+0000] {dag.py:3954} INFO - Setting next_dagrun for tutorial_objectstorage to None, run_after=None
[2025-05-01T11:43:27.021+0000] {processor.py:183} INFO - Processing /home/airflow/.local/lib/python3.12/site-packages/airflow/example_dags/tutorial_objectstorage.py took 0.174 seconds
[2025-05-01T11:43:57.323+0000] {processor.py:161} INFO - Started process (PID=1501) to work on /home/airflow/.local/lib/python3.12/site-packages/airflow/example_dags/tutorial_objectstorage.py
[2025-05-01T11:43:57.326+0000] {processor.py:830} INFO - Processing file /home/airflow/.local/lib/python3.12/site-packages/airflow/example_dags/tutorial_objectstorage.py for tasks to queue
[2025-05-01T11:43:57.331+0000] {logging_mixin.py:188} INFO - [2025-05-01T11:43:57.330+0000] {dagbag.py:545} INFO - Filling up the DagBag from /home/airflow/.local/lib/python3.12/site-packages/airflow/example_dags/tutorial_objectstorage.py
[2025-05-01T11:43:57.348+0000] {processor.py:840} INFO - DAG(s) 'tutorial_objectstorage' retrieved from /home/airflow/.local/lib/python3.12/site-packages/airflow/example_dags/tutorial_objectstorage.py
[2025-05-01T11:43:57.394+0000] {logging_mixin.py:188} INFO - [2025-05-01T11:43:57.393+0000] {dag.py:3096} INFO - Sync 1 DAGs
[2025-05-01T11:43:57.430+0000] {logging_mixin.py:188} INFO - [2025-05-01T11:43:57.429+0000] {dag.py:3954} INFO - Setting next_dagrun for tutorial_objectstorage to None, run_after=None
[2025-05-01T11:43:57.481+0000] {processor.py:183} INFO - Processing /home/airflow/.local/lib/python3.12/site-packages/airflow/example_dags/tutorial_objectstorage.py took 0.173 seconds
[2025-05-01T11:44:28.517+0000] {processor.py:161} INFO - Started process (PID=1560) to work on /home/airflow/.local/lib/python3.12/site-packages/airflow/example_dags/tutorial_objectstorage.py
[2025-05-01T11:44:28.520+0000] {processor.py:830} INFO - Processing file /home/airflow/.local/lib/python3.12/site-packages/airflow/example_dags/tutorial_objectstorage.py for tasks to queue
[2025-05-01T11:44:28.528+0000] {logging_mixin.py:188} INFO - [2025-05-01T11:44:28.526+0000] {dagbag.py:545} INFO - Filling up the DagBag from /home/airflow/.local/lib/python3.12/site-packages/airflow/example_dags/tutorial_objectstorage.py
[2025-05-01T11:44:28.548+0000] {processor.py:840} INFO - DAG(s) 'tutorial_objectstorage' retrieved from /home/airflow/.local/lib/python3.12/site-packages/airflow/example_dags/tutorial_objectstorage.py
[2025-05-01T11:44:28.601+0000] {logging_mixin.py:188} INFO - [2025-05-01T11:44:28.600+0000] {dag.py:3096} INFO - Sync 1 DAGs
[2025-05-01T11:44:28.661+0000] {logging_mixin.py:188} INFO - [2025-05-01T11:44:28.660+0000] {dag.py:3954} INFO - Setting next_dagrun for tutorial_objectstorage to None, run_after=None
[2025-05-01T11:44:28.710+0000] {processor.py:183} INFO - Processing /home/airflow/.local/lib/python3.12/site-packages/airflow/example_dags/tutorial_objectstorage.py took 0.212 seconds
[2025-05-01T11:44:58.942+0000] {processor.py:161} INFO - Started process (PID=1619) to work on /home/airflow/.local/lib/python3.12/site-packages/airflow/example_dags/tutorial_objectstorage.py
[2025-05-01T11:44:58.944+0000] {processor.py:830} INFO - Processing file /home/airflow/.local/lib/python3.12/site-packages/airflow/example_dags/tutorial_objectstorage.py for tasks to queue
[2025-05-01T11:44:58.948+0000] {logging_mixin.py:188} INFO - [2025-05-01T11:44:58.948+0000] {dagbag.py:545} INFO - Filling up the DagBag from /home/airflow/.local/lib/python3.12/site-packages/airflow/example_dags/tutorial_objectstorage.py
[2025-05-01T11:44:58.963+0000] {processor.py:840} INFO - DAG(s) 'tutorial_objectstorage' retrieved from /home/airflow/.local/lib/python3.12/site-packages/airflow/example_dags/tutorial_objectstorage.py
[2025-05-01T11:44:59.005+0000] {logging_mixin.py:188} INFO - [2025-05-01T11:44:59.004+0000] {dag.py:3096} INFO - Sync 1 DAGs
[2025-05-01T11:44:59.031+0000] {logging_mixin.py:188} INFO - [2025-05-01T11:44:59.031+0000] {dag.py:3954} INFO - Setting next_dagrun for tutorial_objectstorage to None, run_after=None
[2025-05-01T11:44:59.080+0000] {processor.py:183} INFO - Processing /home/airflow/.local/lib/python3.12/site-packages/airflow/example_dags/tutorial_objectstorage.py took 0.149 seconds
[2025-05-01T11:45:29.575+0000] {processor.py:161} INFO - Started process (PID=1678) to work on /home/airflow/.local/lib/python3.12/site-packages/airflow/example_dags/tutorial_objectstorage.py
[2025-05-01T11:45:29.578+0000] {processor.py:830} INFO - Processing file /home/airflow/.local/lib/python3.12/site-packages/airflow/example_dags/tutorial_objectstorage.py for tasks to queue
[2025-05-01T11:45:29.583+0000] {logging_mixin.py:188} INFO - [2025-05-01T11:45:29.582+0000] {dagbag.py:545} INFO - Filling up the DagBag from /home/airflow/.local/lib/python3.12/site-packages/airflow/example_dags/tutorial_objectstorage.py
[2025-05-01T11:45:29.599+0000] {processor.py:840} INFO - DAG(s) 'tutorial_objectstorage' retrieved from /home/airflow/.local/lib/python3.12/site-packages/airflow/example_dags/tutorial_objectstorage.py
[2025-05-01T11:45:29.650+0000] {logging_mixin.py:188} INFO - [2025-05-01T11:45:29.649+0000] {dag.py:3096} INFO - Sync 1 DAGs
[2025-05-01T11:45:29.680+0000] {logging_mixin.py:188} INFO - [2025-05-01T11:45:29.680+0000] {dag.py:3954} INFO - Setting next_dagrun for tutorial_objectstorage to None, run_after=None
[2025-05-01T11:45:29.738+0000] {processor.py:183} INFO - Processing /home/airflow/.local/lib/python3.12/site-packages/airflow/example_dags/tutorial_objectstorage.py took 0.181 seconds
[2025-05-01T11:46:00.086+0000] {processor.py:161} INFO - Started process (PID=1737) to work on /home/airflow/.local/lib/python3.12/site-packages/airflow/example_dags/tutorial_objectstorage.py
[2025-05-01T11:46:00.089+0000] {processor.py:830} INFO - Processing file /home/airflow/.local/lib/python3.12/site-packages/airflow/example_dags/tutorial_objectstorage.py for tasks to queue
[2025-05-01T11:46:00.093+0000] {logging_mixin.py:188} INFO - [2025-05-01T11:46:00.092+0000] {dagbag.py:545} INFO - Filling up the DagBag from /home/airflow/.local/lib/python3.12/site-packages/airflow/example_dags/tutorial_objectstorage.py
[2025-05-01T11:46:00.114+0000] {processor.py:840} INFO - DAG(s) 'tutorial_objectstorage' retrieved from /home/airflow/.local/lib/python3.12/site-packages/airflow/example_dags/tutorial_objectstorage.py
[2025-05-01T11:46:00.171+0000] {logging_mixin.py:188} INFO - [2025-05-01T11:46:00.170+0000] {dag.py:3096} INFO - Sync 1 DAGs
[2025-05-01T11:46:00.207+0000] {logging_mixin.py:188} INFO - [2025-05-01T11:46:00.207+0000] {dag.py:3954} INFO - Setting next_dagrun for tutorial_objectstorage to None, run_after=None
[2025-05-01T11:46:00.304+0000] {processor.py:183} INFO - Processing /home/airflow/.local/lib/python3.12/site-packages/airflow/example_dags/tutorial_objectstorage.py took 0.235 seconds
[2025-05-01T11:46:31.230+0000] {processor.py:161} INFO - Started process (PID=1796) to work on /home/airflow/.local/lib/python3.12/site-packages/airflow/example_dags/tutorial_objectstorage.py
[2025-05-01T11:46:31.233+0000] {processor.py:830} INFO - Processing file /home/airflow/.local/lib/python3.12/site-packages/airflow/example_dags/tutorial_objectstorage.py for tasks to queue
[2025-05-01T11:46:31.238+0000] {logging_mixin.py:188} INFO - [2025-05-01T11:46:31.237+0000] {dagbag.py:545} INFO - Filling up the DagBag from /home/airflow/.local/lib/python3.12/site-packages/airflow/example_dags/tutorial_objectstorage.py
[2025-05-01T11:46:31.270+0000] {processor.py:840} INFO - DAG(s) 'tutorial_objectstorage' retrieved from /home/airflow/.local/lib/python3.12/site-packages/airflow/example_dags/tutorial_objectstorage.py
[2025-05-01T11:46:31.338+0000] {logging_mixin.py:188} INFO - [2025-05-01T11:46:31.337+0000] {dag.py:3096} INFO - Sync 1 DAGs
[2025-05-01T11:46:31.378+0000] {logging_mixin.py:188} INFO - [2025-05-01T11:46:31.378+0000] {dag.py:3954} INFO - Setting next_dagrun for tutorial_objectstorage to None, run_after=None
[2025-05-01T11:46:31.449+0000] {processor.py:183} INFO - Processing /home/airflow/.local/lib/python3.12/site-packages/airflow/example_dags/tutorial_objectstorage.py took 0.238 seconds
[2025-05-01T11:47:02.623+0000] {processor.py:161} INFO - Started process (PID=1856) to work on /home/airflow/.local/lib/python3.12/site-packages/airflow/example_dags/tutorial_objectstorage.py
[2025-05-01T11:47:02.625+0000] {processor.py:830} INFO - Processing file /home/airflow/.local/lib/python3.12/site-packages/airflow/example_dags/tutorial_objectstorage.py for tasks to queue
[2025-05-01T11:47:02.630+0000] {logging_mixin.py:188} INFO - [2025-05-01T11:47:02.629+0000] {dagbag.py:545} INFO - Filling up the DagBag from /home/airflow/.local/lib/python3.12/site-packages/airflow/example_dags/tutorial_objectstorage.py
[2025-05-01T11:47:02.648+0000] {processor.py:840} INFO - DAG(s) 'tutorial_objectstorage' retrieved from /home/airflow/.local/lib/python3.12/site-packages/airflow/example_dags/tutorial_objectstorage.py
[2025-05-01T11:47:02.697+0000] {logging_mixin.py:188} INFO - [2025-05-01T11:47:02.696+0000] {dag.py:3096} INFO - Sync 1 DAGs
[2025-05-01T11:47:02.736+0000] {logging_mixin.py:188} INFO - [2025-05-01T11:47:02.736+0000] {dag.py:3954} INFO - Setting next_dagrun for tutorial_objectstorage to None, run_after=None
[2025-05-01T11:47:02.799+0000] {processor.py:183} INFO - Processing /home/airflow/.local/lib/python3.12/site-packages/airflow/example_dags/tutorial_objectstorage.py took 0.190 seconds
[2025-05-01T11:47:32.981+0000] {processor.py:161} INFO - Started process (PID=1915) to work on /home/airflow/.local/lib/python3.12/site-packages/airflow/example_dags/tutorial_objectstorage.py
[2025-05-01T11:47:32.983+0000] {processor.py:830} INFO - Processing file /home/airflow/.local/lib/python3.12/site-packages/airflow/example_dags/tutorial_objectstorage.py for tasks to queue
[2025-05-01T11:47:32.988+0000] {logging_mixin.py:188} INFO - [2025-05-01T11:47:32.987+0000] {dagbag.py:545} INFO - Filling up the DagBag from /home/airflow/.local/lib/python3.12/site-packages/airflow/example_dags/tutorial_objectstorage.py
[2025-05-01T11:47:33.005+0000] {processor.py:840} INFO - DAG(s) 'tutorial_objectstorage' retrieved from /home/airflow/.local/lib/python3.12/site-packages/airflow/example_dags/tutorial_objectstorage.py
[2025-05-01T11:47:33.057+0000] {logging_mixin.py:188} INFO - [2025-05-01T11:47:33.056+0000] {dag.py:3096} INFO - Sync 1 DAGs
[2025-05-01T11:47:33.093+0000] {logging_mixin.py:188} INFO - [2025-05-01T11:47:33.092+0000] {dag.py:3954} INFO - Setting next_dagrun for tutorial_objectstorage to None, run_after=None
[2025-05-01T11:47:33.179+0000] {processor.py:183} INFO - Processing /home/airflow/.local/lib/python3.12/site-packages/airflow/example_dags/tutorial_objectstorage.py took 0.212 seconds
[2025-05-01T11:48:04.341+0000] {processor.py:161} INFO - Started process (PID=1974) to work on /home/airflow/.local/lib/python3.12/site-packages/airflow/example_dags/tutorial_objectstorage.py
[2025-05-01T11:48:04.343+0000] {processor.py:830} INFO - Processing file /home/airflow/.local/lib/python3.12/site-packages/airflow/example_dags/tutorial_objectstorage.py for tasks to queue
[2025-05-01T11:48:04.348+0000] {logging_mixin.py:188} INFO - [2025-05-01T11:48:04.347+0000] {dagbag.py:545} INFO - Filling up the DagBag from /home/airflow/.local/lib/python3.12/site-packages/airflow/example_dags/tutorial_objectstorage.py
[2025-05-01T11:48:04.363+0000] {processor.py:840} INFO - DAG(s) 'tutorial_objectstorage' retrieved from /home/airflow/.local/lib/python3.12/site-packages/airflow/example_dags/tutorial_objectstorage.py
[2025-05-01T11:48:04.417+0000] {logging_mixin.py:188} INFO - [2025-05-01T11:48:04.417+0000] {dag.py:3096} INFO - Sync 1 DAGs
[2025-05-01T11:48:04.735+0000] {logging_mixin.py:188} INFO - [2025-05-01T11:48:04.734+0000] {dag.py:3954} INFO - Setting next_dagrun for tutorial_objectstorage to None, run_after=None
[2025-05-01T11:48:04.787+0000] {processor.py:183} INFO - Processing /home/airflow/.local/lib/python3.12/site-packages/airflow/example_dags/tutorial_objectstorage.py took 0.458 seconds
[2025-05-01T11:48:35.627+0000] {processor.py:161} INFO - Started process (PID=2033) to work on /home/airflow/.local/lib/python3.12/site-packages/airflow/example_dags/tutorial_objectstorage.py
[2025-05-01T11:48:35.630+0000] {processor.py:830} INFO - Processing file /home/airflow/.local/lib/python3.12/site-packages/airflow/example_dags/tutorial_objectstorage.py for tasks to queue
[2025-05-01T11:48:35.635+0000] {logging_mixin.py:188} INFO - [2025-05-01T11:48:35.634+0000] {dagbag.py:545} INFO - Filling up the DagBag from /home/airflow/.local/lib/python3.12/site-packages/airflow/example_dags/tutorial_objectstorage.py
[2025-05-01T11:48:35.651+0000] {processor.py:840} INFO - DAG(s) 'tutorial_objectstorage' retrieved from /home/airflow/.local/lib/python3.12/site-packages/airflow/example_dags/tutorial_objectstorage.py
[2025-05-01T11:48:35.698+0000] {logging_mixin.py:188} INFO - [2025-05-01T11:48:35.697+0000] {dag.py:3096} INFO - Sync 1 DAGs
[2025-05-01T11:48:35.733+0000] {logging_mixin.py:188} INFO - [2025-05-01T11:48:35.733+0000] {dag.py:3954} INFO - Setting next_dagrun for tutorial_objectstorage to None, run_after=None
[2025-05-01T11:48:35.778+0000] {processor.py:183} INFO - Processing /home/airflow/.local/lib/python3.12/site-packages/airflow/example_dags/tutorial_objectstorage.py took 0.165 seconds
[2025-05-01T11:49:06.338+0000] {processor.py:161} INFO - Started process (PID=2093) to work on /home/airflow/.local/lib/python3.12/site-packages/airflow/example_dags/tutorial_objectstorage.py
[2025-05-01T11:49:06.340+0000] {processor.py:830} INFO - Processing file /home/airflow/.local/lib/python3.12/site-packages/airflow/example_dags/tutorial_objectstorage.py for tasks to queue
[2025-05-01T11:49:06.345+0000] {logging_mixin.py:188} INFO - [2025-05-01T11:49:06.344+0000] {dagbag.py:545} INFO - Filling up the DagBag from /home/airflow/.local/lib/python3.12/site-packages/airflow/example_dags/tutorial_objectstorage.py
[2025-05-01T11:49:06.359+0000] {processor.py:840} INFO - DAG(s) 'tutorial_objectstorage' retrieved from /home/airflow/.local/lib/python3.12/site-packages/airflow/example_dags/tutorial_objectstorage.py
[2025-05-01T11:49:06.403+0000] {logging_mixin.py:188} INFO - [2025-05-01T11:49:06.403+0000] {dag.py:3096} INFO - Sync 1 DAGs
[2025-05-01T11:49:06.433+0000] {logging_mixin.py:188} INFO - [2025-05-01T11:49:06.433+0000] {dag.py:3954} INFO - Setting next_dagrun for tutorial_objectstorage to None, run_after=None
[2025-05-01T11:49:06.527+0000] {processor.py:183} INFO - Processing /home/airflow/.local/lib/python3.12/site-packages/airflow/example_dags/tutorial_objectstorage.py took 0.201 seconds
[2025-05-01T11:49:37.441+0000] {processor.py:161} INFO - Started process (PID=2151) to work on /home/airflow/.local/lib/python3.12/site-packages/airflow/example_dags/tutorial_objectstorage.py
[2025-05-01T11:49:37.443+0000] {processor.py:830} INFO - Processing file /home/airflow/.local/lib/python3.12/site-packages/airflow/example_dags/tutorial_objectstorage.py for tasks to queue
[2025-05-01T11:49:37.447+0000] {logging_mixin.py:188} INFO - [2025-05-01T11:49:37.447+0000] {dagbag.py:545} INFO - Filling up the DagBag from /home/airflow/.local/lib/python3.12/site-packages/airflow/example_dags/tutorial_objectstorage.py
[2025-05-01T11:49:37.733+0000] {processor.py:840} INFO - DAG(s) 'tutorial_objectstorage' retrieved from /home/airflow/.local/lib/python3.12/site-packages/airflow/example_dags/tutorial_objectstorage.py
[2025-05-01T11:49:37.772+0000] {logging_mixin.py:188} INFO - [2025-05-01T11:49:37.771+0000] {dag.py:3096} INFO - Sync 1 DAGs
[2025-05-01T11:49:37.797+0000] {logging_mixin.py:188} INFO - [2025-05-01T11:49:37.796+0000] {dag.py:3954} INFO - Setting next_dagrun for tutorial_objectstorage to None, run_after=None
[2025-05-01T11:49:37.879+0000] {processor.py:183} INFO - Processing /home/airflow/.local/lib/python3.12/site-packages/airflow/example_dags/tutorial_objectstorage.py took 0.450 seconds
[2025-05-01T11:50:08.078+0000] {processor.py:161} INFO - Started process (PID=2210) to work on /home/airflow/.local/lib/python3.12/site-packages/airflow/example_dags/tutorial_objectstorage.py
[2025-05-01T11:50:08.081+0000] {processor.py:830} INFO - Processing file /home/airflow/.local/lib/python3.12/site-packages/airflow/example_dags/tutorial_objectstorage.py for tasks to queue
[2025-05-01T11:50:08.086+0000] {logging_mixin.py:188} INFO - [2025-05-01T11:50:08.085+0000] {dagbag.py:545} INFO - Filling up the DagBag from /home/airflow/.local/lib/python3.12/site-packages/airflow/example_dags/tutorial_objectstorage.py
[2025-05-01T11:50:08.106+0000] {processor.py:840} INFO - DAG(s) 'tutorial_objectstorage' retrieved from /home/airflow/.local/lib/python3.12/site-packages/airflow/example_dags/tutorial_objectstorage.py
[2025-05-01T11:50:08.161+0000] {logging_mixin.py:188} INFO - [2025-05-01T11:50:08.160+0000] {dag.py:3096} INFO - Sync 1 DAGs
[2025-05-01T11:50:08.195+0000] {logging_mixin.py:188} INFO - [2025-05-01T11:50:08.194+0000] {dag.py:3954} INFO - Setting next_dagrun for tutorial_objectstorage to None, run_after=None
[2025-05-01T11:50:08.251+0000] {processor.py:183} INFO - Processing /home/airflow/.local/lib/python3.12/site-packages/airflow/example_dags/tutorial_objectstorage.py took 0.184 seconds
[2025-05-01T11:50:38.495+0000] {processor.py:161} INFO - Started process (PID=2269) to work on /home/airflow/.local/lib/python3.12/site-packages/airflow/example_dags/tutorial_objectstorage.py
[2025-05-01T11:50:38.498+0000] {processor.py:830} INFO - Processing file /home/airflow/.local/lib/python3.12/site-packages/airflow/example_dags/tutorial_objectstorage.py for tasks to queue
[2025-05-01T11:50:38.503+0000] {logging_mixin.py:188} INFO - [2025-05-01T11:50:38.502+0000] {dagbag.py:545} INFO - Filling up the DagBag from /home/airflow/.local/lib/python3.12/site-packages/airflow/example_dags/tutorial_objectstorage.py
[2025-05-01T11:50:38.526+0000] {processor.py:840} INFO - DAG(s) 'tutorial_objectstorage' retrieved from /home/airflow/.local/lib/python3.12/site-packages/airflow/example_dags/tutorial_objectstorage.py
[2025-05-01T11:50:38.578+0000] {logging_mixin.py:188} INFO - [2025-05-01T11:50:38.577+0000] {dag.py:3096} INFO - Sync 1 DAGs
[2025-05-01T11:50:38.621+0000] {logging_mixin.py:188} INFO - [2025-05-01T11:50:38.620+0000] {dag.py:3954} INFO - Setting next_dagrun for tutorial_objectstorage to None, run_after=None
[2025-05-01T11:50:38.721+0000] {processor.py:183} INFO - Processing /home/airflow/.local/lib/python3.12/site-packages/airflow/example_dags/tutorial_objectstorage.py took 0.241 seconds
[2025-05-01T11:51:09.251+0000] {processor.py:161} INFO - Started process (PID=2328) to work on /home/airflow/.local/lib/python3.12/site-packages/airflow/example_dags/tutorial_objectstorage.py
[2025-05-01T11:51:09.253+0000] {processor.py:830} INFO - Processing file /home/airflow/.local/lib/python3.12/site-packages/airflow/example_dags/tutorial_objectstorage.py for tasks to queue
[2025-05-01T11:51:09.257+0000] {logging_mixin.py:188} INFO - [2025-05-01T11:51:09.257+0000] {dagbag.py:545} INFO - Filling up the DagBag from /home/airflow/.local/lib/python3.12/site-packages/airflow/example_dags/tutorial_objectstorage.py
[2025-05-01T11:51:09.271+0000] {processor.py:840} INFO - DAG(s) 'tutorial_objectstorage' retrieved from /home/airflow/.local/lib/python3.12/site-packages/airflow/example_dags/tutorial_objectstorage.py
[2025-05-01T11:51:09.315+0000] {logging_mixin.py:188} INFO - [2025-05-01T11:51:09.315+0000] {dag.py:3096} INFO - Sync 1 DAGs
[2025-05-01T11:51:09.346+0000] {logging_mixin.py:188} INFO - [2025-05-01T11:51:09.345+0000] {dag.py:3954} INFO - Setting next_dagrun for tutorial_objectstorage to None, run_after=None
[2025-05-01T11:51:09.394+0000] {processor.py:183} INFO - Processing /home/airflow/.local/lib/python3.12/site-packages/airflow/example_dags/tutorial_objectstorage.py took 0.152 seconds
[2025-05-01T11:51:39.915+0000] {processor.py:161} INFO - Started process (PID=2387) to work on /home/airflow/.local/lib/python3.12/site-packages/airflow/example_dags/tutorial_objectstorage.py
[2025-05-01T11:51:39.918+0000] {processor.py:830} INFO - Processing file /home/airflow/.local/lib/python3.12/site-packages/airflow/example_dags/tutorial_objectstorage.py for tasks to queue
[2025-05-01T11:51:39.923+0000] {logging_mixin.py:188} INFO - [2025-05-01T11:51:39.922+0000] {dagbag.py:545} INFO - Filling up the DagBag from /home/airflow/.local/lib/python3.12/site-packages/airflow/example_dags/tutorial_objectstorage.py
[2025-05-01T11:51:39.940+0000] {processor.py:840} INFO - DAG(s) 'tutorial_objectstorage' retrieved from /home/airflow/.local/lib/python3.12/site-packages/airflow/example_dags/tutorial_objectstorage.py
[2025-05-01T11:51:39.996+0000] {logging_mixin.py:188} INFO - [2025-05-01T11:51:39.996+0000] {dag.py:3096} INFO - Sync 1 DAGs
[2025-05-01T11:51:40.027+0000] {logging_mixin.py:188} INFO - [2025-05-01T11:51:40.027+0000] {dag.py:3954} INFO - Setting next_dagrun for tutorial_objectstorage to None, run_after=None
[2025-05-01T11:51:40.077+0000] {processor.py:183} INFO - Processing /home/airflow/.local/lib/python3.12/site-packages/airflow/example_dags/tutorial_objectstorage.py took 0.175 seconds
[2025-05-01T11:52:10.720+0000] {processor.py:161} INFO - Started process (PID=2446) to work on /home/airflow/.local/lib/python3.12/site-packages/airflow/example_dags/tutorial_objectstorage.py
[2025-05-01T11:52:10.724+0000] {processor.py:830} INFO - Processing file /home/airflow/.local/lib/python3.12/site-packages/airflow/example_dags/tutorial_objectstorage.py for tasks to queue
[2025-05-01T11:52:10.734+0000] {logging_mixin.py:188} INFO - [2025-05-01T11:52:10.733+0000] {dagbag.py:545} INFO - Filling up the DagBag from /home/airflow/.local/lib/python3.12/site-packages/airflow/example_dags/tutorial_objectstorage.py
[2025-05-01T11:52:10.773+0000] {processor.py:840} INFO - DAG(s) 'tutorial_objectstorage' retrieved from /home/airflow/.local/lib/python3.12/site-packages/airflow/example_dags/tutorial_objectstorage.py
[2025-05-01T11:52:10.850+0000] {logging_mixin.py:188} INFO - [2025-05-01T11:52:10.849+0000] {dag.py:3096} INFO - Sync 1 DAGs
[2025-05-01T11:52:10.898+0000] {logging_mixin.py:188} INFO - [2025-05-01T11:52:10.897+0000] {dag.py:3954} INFO - Setting next_dagrun for tutorial_objectstorage to None, run_after=None
[2025-05-01T11:52:10.998+0000] {processor.py:183} INFO - Processing /home/airflow/.local/lib/python3.12/site-packages/airflow/example_dags/tutorial_objectstorage.py took 0.324 seconds
[2025-05-01T11:52:41.522+0000] {processor.py:161} INFO - Started process (PID=2505) to work on /home/airflow/.local/lib/python3.12/site-packages/airflow/example_dags/tutorial_objectstorage.py
[2025-05-01T11:52:41.525+0000] {processor.py:830} INFO - Processing file /home/airflow/.local/lib/python3.12/site-packages/airflow/example_dags/tutorial_objectstorage.py for tasks to queue
[2025-05-01T11:52:41.530+0000] {logging_mixin.py:188} INFO - [2025-05-01T11:52:41.528+0000] {dagbag.py:545} INFO - Filling up the DagBag from /home/airflow/.local/lib/python3.12/site-packages/airflow/example_dags/tutorial_objectstorage.py
[2025-05-01T11:52:41.546+0000] {processor.py:840} INFO - DAG(s) 'tutorial_objectstorage' retrieved from /home/airflow/.local/lib/python3.12/site-packages/airflow/example_dags/tutorial_objectstorage.py
[2025-05-01T11:52:41.601+0000] {logging_mixin.py:188} INFO - [2025-05-01T11:52:41.601+0000] {dag.py:3096} INFO - Sync 1 DAGs
[2025-05-01T11:52:41.644+0000] {logging_mixin.py:188} INFO - [2025-05-01T11:52:41.644+0000] {dag.py:3954} INFO - Setting next_dagrun for tutorial_objectstorage to None, run_after=None
[2025-05-01T11:52:41.700+0000] {processor.py:183} INFO - Processing /home/airflow/.local/lib/python3.12/site-packages/airflow/example_dags/tutorial_objectstorage.py took 0.191 seconds
[2025-05-01T11:53:12.304+0000] {processor.py:161} INFO - Started process (PID=2564) to work on /home/airflow/.local/lib/python3.12/site-packages/airflow/example_dags/tutorial_objectstorage.py
[2025-05-01T11:53:12.307+0000] {processor.py:830} INFO - Processing file /home/airflow/.local/lib/python3.12/site-packages/airflow/example_dags/tutorial_objectstorage.py for tasks to queue
[2025-05-01T11:53:12.315+0000] {logging_mixin.py:188} INFO - [2025-05-01T11:53:12.313+0000] {dagbag.py:545} INFO - Filling up the DagBag from /home/airflow/.local/lib/python3.12/site-packages/airflow/example_dags/tutorial_objectstorage.py
[2025-05-01T11:53:12.336+0000] {processor.py:840} INFO - DAG(s) 'tutorial_objectstorage' retrieved from /home/airflow/.local/lib/python3.12/site-packages/airflow/example_dags/tutorial_objectstorage.py
[2025-05-01T11:53:12.411+0000] {logging_mixin.py:188} INFO - [2025-05-01T11:53:12.410+0000] {dag.py:3096} INFO - Sync 1 DAGs
[2025-05-01T11:53:12.464+0000] {logging_mixin.py:188} INFO - [2025-05-01T11:53:12.463+0000] {dag.py:3954} INFO - Setting next_dagrun for tutorial_objectstorage to None, run_after=None
[2025-05-01T11:53:12.570+0000] {processor.py:183} INFO - Processing /home/airflow/.local/lib/python3.12/site-packages/airflow/example_dags/tutorial_objectstorage.py took 0.285 seconds
[2025-05-01T11:53:43.407+0000] {processor.py:161} INFO - Started process (PID=2623) to work on /home/airflow/.local/lib/python3.12/site-packages/airflow/example_dags/tutorial_objectstorage.py
[2025-05-01T11:53:43.410+0000] {processor.py:830} INFO - Processing file /home/airflow/.local/lib/python3.12/site-packages/airflow/example_dags/tutorial_objectstorage.py for tasks to queue
[2025-05-01T11:53:43.415+0000] {logging_mixin.py:188} INFO - [2025-05-01T11:53:43.414+0000] {dagbag.py:545} INFO - Filling up the DagBag from /home/airflow/.local/lib/python3.12/site-packages/airflow/example_dags/tutorial_objectstorage.py
[2025-05-01T11:53:43.436+0000] {processor.py:840} INFO - DAG(s) 'tutorial_objectstorage' retrieved from /home/airflow/.local/lib/python3.12/site-packages/airflow/example_dags/tutorial_objectstorage.py
[2025-05-01T11:53:43.512+0000] {logging_mixin.py:188} INFO - [2025-05-01T11:53:43.511+0000] {dag.py:3096} INFO - Sync 1 DAGs
[2025-05-01T11:53:43.550+0000] {logging_mixin.py:188} INFO - [2025-05-01T11:53:43.549+0000] {dag.py:3954} INFO - Setting next_dagrun for tutorial_objectstorage to None, run_after=None
[2025-05-01T11:53:43.597+0000] {processor.py:183} INFO - Processing /home/airflow/.local/lib/python3.12/site-packages/airflow/example_dags/tutorial_objectstorage.py took 0.204 seconds
[2025-05-01T11:54:13.953+0000] {processor.py:161} INFO - Started process (PID=2682) to work on /home/airflow/.local/lib/python3.12/site-packages/airflow/example_dags/tutorial_objectstorage.py
[2025-05-01T11:54:13.957+0000] {processor.py:830} INFO - Processing file /home/airflow/.local/lib/python3.12/site-packages/airflow/example_dags/tutorial_objectstorage.py for tasks to queue
[2025-05-01T11:54:13.962+0000] {logging_mixin.py:188} INFO - [2025-05-01T11:54:13.961+0000] {dagbag.py:545} INFO - Filling up the DagBag from /home/airflow/.local/lib/python3.12/site-packages/airflow/example_dags/tutorial_objectstorage.py
[2025-05-01T11:54:13.984+0000] {processor.py:840} INFO - DAG(s) 'tutorial_objectstorage' retrieved from /home/airflow/.local/lib/python3.12/site-packages/airflow/example_dags/tutorial_objectstorage.py
[2025-05-01T11:54:14.045+0000] {logging_mixin.py:188} INFO - [2025-05-01T11:54:14.045+0000] {dag.py:3096} INFO - Sync 1 DAGs
[2025-05-01T11:54:14.084+0000] {logging_mixin.py:188} INFO - [2025-05-01T11:54:14.083+0000] {dag.py:3954} INFO - Setting next_dagrun for tutorial_objectstorage to None, run_after=None
[2025-05-01T11:54:14.186+0000] {processor.py:183} INFO - Processing /home/airflow/.local/lib/python3.12/site-packages/airflow/example_dags/tutorial_objectstorage.py took 0.246 seconds
[2025-05-01T11:54:44.481+0000] {processor.py:161} INFO - Started process (PID=2741) to work on /home/airflow/.local/lib/python3.12/site-packages/airflow/example_dags/tutorial_objectstorage.py
[2025-05-01T11:54:44.484+0000] {processor.py:830} INFO - Processing file /home/airflow/.local/lib/python3.12/site-packages/airflow/example_dags/tutorial_objectstorage.py for tasks to queue
[2025-05-01T11:54:44.490+0000] {logging_mixin.py:188} INFO - [2025-05-01T11:54:44.489+0000] {dagbag.py:545} INFO - Filling up the DagBag from /home/airflow/.local/lib/python3.12/site-packages/airflow/example_dags/tutorial_objectstorage.py
[2025-05-01T11:54:44.507+0000] {processor.py:840} INFO - DAG(s) 'tutorial_objectstorage' retrieved from /home/airflow/.local/lib/python3.12/site-packages/airflow/example_dags/tutorial_objectstorage.py
[2025-05-01T11:54:44.568+0000] {logging_mixin.py:188} INFO - [2025-05-01T11:54:44.567+0000] {dag.py:3096} INFO - Sync 1 DAGs
[2025-05-01T11:54:44.601+0000] {logging_mixin.py:188} INFO - [2025-05-01T11:54:44.600+0000] {dag.py:3954} INFO - Setting next_dagrun for tutorial_objectstorage to None, run_after=None
[2025-05-01T11:54:44.702+0000] {processor.py:183} INFO - Processing /home/airflow/.local/lib/python3.12/site-packages/airflow/example_dags/tutorial_objectstorage.py took 0.238 seconds
[2025-05-01T11:55:14.857+0000] {processor.py:161} INFO - Started process (PID=2800) to work on /home/airflow/.local/lib/python3.12/site-packages/airflow/example_dags/tutorial_objectstorage.py
[2025-05-01T11:55:14.859+0000] {processor.py:830} INFO - Processing file /home/airflow/.local/lib/python3.12/site-packages/airflow/example_dags/tutorial_objectstorage.py for tasks to queue
[2025-05-01T11:55:14.864+0000] {logging_mixin.py:188} INFO - [2025-05-01T11:55:14.863+0000] {dagbag.py:545} INFO - Filling up the DagBag from /home/airflow/.local/lib/python3.12/site-packages/airflow/example_dags/tutorial_objectstorage.py
[2025-05-01T11:55:14.879+0000] {processor.py:840} INFO - DAG(s) 'tutorial_objectstorage' retrieved from /home/airflow/.local/lib/python3.12/site-packages/airflow/example_dags/tutorial_objectstorage.py
[2025-05-01T11:55:14.927+0000] {logging_mixin.py:188} INFO - [2025-05-01T11:55:14.926+0000] {dag.py:3096} INFO - Sync 1 DAGs
[2025-05-01T11:55:14.960+0000] {logging_mixin.py:188} INFO - [2025-05-01T11:55:14.959+0000] {dag.py:3954} INFO - Setting next_dagrun for tutorial_objectstorage to None, run_after=None
[2025-05-01T11:55:15.061+0000] {processor.py:183} INFO - Processing /home/airflow/.local/lib/python3.12/site-packages/airflow/example_dags/tutorial_objectstorage.py took 0.218 seconds
[2025-05-01T11:55:45.235+0000] {processor.py:161} INFO - Started process (PID=2859) to work on /home/airflow/.local/lib/python3.12/site-packages/airflow/example_dags/tutorial_objectstorage.py
[2025-05-01T11:55:45.238+0000] {processor.py:830} INFO - Processing file /home/airflow/.local/lib/python3.12/site-packages/airflow/example_dags/tutorial_objectstorage.py for tasks to queue
[2025-05-01T11:55:45.243+0000] {logging_mixin.py:188} INFO - [2025-05-01T11:55:45.242+0000] {dagbag.py:545} INFO - Filling up the DagBag from /home/airflow/.local/lib/python3.12/site-packages/airflow/example_dags/tutorial_objectstorage.py
[2025-05-01T11:55:45.264+0000] {processor.py:840} INFO - DAG(s) 'tutorial_objectstorage' retrieved from /home/airflow/.local/lib/python3.12/site-packages/airflow/example_dags/tutorial_objectstorage.py
[2025-05-01T11:55:45.312+0000] {logging_mixin.py:188} INFO - [2025-05-01T11:55:45.311+0000] {dag.py:3096} INFO - Sync 1 DAGs
[2025-05-01T11:55:45.344+0000] {logging_mixin.py:188} INFO - [2025-05-01T11:55:45.343+0000] {dag.py:3954} INFO - Setting next_dagrun for tutorial_objectstorage to None, run_after=None
[2025-05-01T11:55:45.436+0000] {processor.py:183} INFO - Processing /home/airflow/.local/lib/python3.12/site-packages/airflow/example_dags/tutorial_objectstorage.py took 0.219 seconds
[2025-05-01T11:56:15.611+0000] {processor.py:161} INFO - Started process (PID=2918) to work on /home/airflow/.local/lib/python3.12/site-packages/airflow/example_dags/tutorial_objectstorage.py
[2025-05-01T11:56:15.614+0000] {processor.py:830} INFO - Processing file /home/airflow/.local/lib/python3.12/site-packages/airflow/example_dags/tutorial_objectstorage.py for tasks to queue
[2025-05-01T11:56:15.619+0000] {logging_mixin.py:188} INFO - [2025-05-01T11:56:15.618+0000] {dagbag.py:545} INFO - Filling up the DagBag from /home/airflow/.local/lib/python3.12/site-packages/airflow/example_dags/tutorial_objectstorage.py
[2025-05-01T11:56:15.634+0000] {processor.py:840} INFO - DAG(s) 'tutorial_objectstorage' retrieved from /home/airflow/.local/lib/python3.12/site-packages/airflow/example_dags/tutorial_objectstorage.py
[2025-05-01T11:56:15.686+0000] {logging_mixin.py:188} INFO - [2025-05-01T11:56:15.685+0000] {dag.py:3096} INFO - Sync 1 DAGs
[2025-05-01T11:56:15.716+0000] {logging_mixin.py:188} INFO - [2025-05-01T11:56:15.716+0000] {dag.py:3954} INFO - Setting next_dagrun for tutorial_objectstorage to None, run_after=None
[2025-05-01T11:56:15.767+0000] {processor.py:183} INFO - Processing /home/airflow/.local/lib/python3.12/site-packages/airflow/example_dags/tutorial_objectstorage.py took 0.169 seconds
[2025-05-01T11:56:46.174+0000] {processor.py:161} INFO - Started process (PID=2977) to work on /home/airflow/.local/lib/python3.12/site-packages/airflow/example_dags/tutorial_objectstorage.py
[2025-05-01T11:56:46.176+0000] {processor.py:830} INFO - Processing file /home/airflow/.local/lib/python3.12/site-packages/airflow/example_dags/tutorial_objectstorage.py for tasks to queue
[2025-05-01T11:56:46.181+0000] {logging_mixin.py:188} INFO - [2025-05-01T11:56:46.180+0000] {dagbag.py:545} INFO - Filling up the DagBag from /home/airflow/.local/lib/python3.12/site-packages/airflow/example_dags/tutorial_objectstorage.py
[2025-05-01T11:56:46.197+0000] {processor.py:840} INFO - DAG(s) 'tutorial_objectstorage' retrieved from /home/airflow/.local/lib/python3.12/site-packages/airflow/example_dags/tutorial_objectstorage.py
[2025-05-01T11:56:46.245+0000] {logging_mixin.py:188} INFO - [2025-05-01T11:56:46.245+0000] {dag.py:3096} INFO - Sync 1 DAGs
[2025-05-01T11:56:46.288+0000] {logging_mixin.py:188} INFO - [2025-05-01T11:56:46.287+0000] {dag.py:3954} INFO - Setting next_dagrun for tutorial_objectstorage to None, run_after=None
[2025-05-01T11:56:46.340+0000] {processor.py:183} INFO - Processing /home/airflow/.local/lib/python3.12/site-packages/airflow/example_dags/tutorial_objectstorage.py took 0.177 seconds
[2025-05-01T11:57:16.871+0000] {processor.py:161} INFO - Started process (PID=3034) to work on /home/airflow/.local/lib/python3.12/site-packages/airflow/example_dags/tutorial_objectstorage.py
[2025-05-01T11:57:16.873+0000] {processor.py:830} INFO - Processing file /home/airflow/.local/lib/python3.12/site-packages/airflow/example_dags/tutorial_objectstorage.py for tasks to queue
[2025-05-01T11:57:16.877+0000] {logging_mixin.py:188} INFO - [2025-05-01T11:57:16.876+0000] {dagbag.py:545} INFO - Filling up the DagBag from /home/airflow/.local/lib/python3.12/site-packages/airflow/example_dags/tutorial_objectstorage.py
[2025-05-01T11:57:16.901+0000] {processor.py:840} INFO - DAG(s) 'tutorial_objectstorage' retrieved from /home/airflow/.local/lib/python3.12/site-packages/airflow/example_dags/tutorial_objectstorage.py
[2025-05-01T11:57:16.947+0000] {logging_mixin.py:188} INFO - [2025-05-01T11:57:16.946+0000] {dag.py:3096} INFO - Sync 1 DAGs
[2025-05-01T11:57:16.979+0000] {logging_mixin.py:188} INFO - [2025-05-01T11:57:16.978+0000] {dag.py:3954} INFO - Setting next_dagrun for tutorial_objectstorage to None, run_after=None
[2025-05-01T11:57:17.034+0000] {processor.py:183} INFO - Processing /home/airflow/.local/lib/python3.12/site-packages/airflow/example_dags/tutorial_objectstorage.py took 0.176 seconds
[2025-05-01T11:57:47.436+0000] {processor.py:161} INFO - Started process (PID=3093) to work on /home/airflow/.local/lib/python3.12/site-packages/airflow/example_dags/tutorial_objectstorage.py
[2025-05-01T11:57:47.438+0000] {processor.py:830} INFO - Processing file /home/airflow/.local/lib/python3.12/site-packages/airflow/example_dags/tutorial_objectstorage.py for tasks to queue
[2025-05-01T11:57:47.444+0000] {logging_mixin.py:188} INFO - [2025-05-01T11:57:47.443+0000] {dagbag.py:545} INFO - Filling up the DagBag from /home/airflow/.local/lib/python3.12/site-packages/airflow/example_dags/tutorial_objectstorage.py
[2025-05-01T11:57:47.461+0000] {processor.py:840} INFO - DAG(s) 'tutorial_objectstorage' retrieved from /home/airflow/.local/lib/python3.12/site-packages/airflow/example_dags/tutorial_objectstorage.py
[2025-05-01T11:57:47.509+0000] {logging_mixin.py:188} INFO - [2025-05-01T11:57:47.508+0000] {dag.py:3096} INFO - Sync 1 DAGs
[2025-05-01T11:57:47.542+0000] {logging_mixin.py:188} INFO - [2025-05-01T11:57:47.541+0000] {dag.py:3954} INFO - Setting next_dagrun for tutorial_objectstorage to None, run_after=None
[2025-05-01T11:57:47.636+0000] {processor.py:183} INFO - Processing /home/airflow/.local/lib/python3.12/site-packages/airflow/example_dags/tutorial_objectstorage.py took 0.213 seconds
[2025-05-01T11:58:18.003+0000] {processor.py:161} INFO - Started process (PID=3152) to work on /home/airflow/.local/lib/python3.12/site-packages/airflow/example_dags/tutorial_objectstorage.py
[2025-05-01T11:58:18.006+0000] {processor.py:830} INFO - Processing file /home/airflow/.local/lib/python3.12/site-packages/airflow/example_dags/tutorial_objectstorage.py for tasks to queue
[2025-05-01T11:58:18.011+0000] {logging_mixin.py:188} INFO - [2025-05-01T11:58:18.010+0000] {dagbag.py:545} INFO - Filling up the DagBag from /home/airflow/.local/lib/python3.12/site-packages/airflow/example_dags/tutorial_objectstorage.py
[2025-05-01T11:58:18.036+0000] {processor.py:840} INFO - DAG(s) 'tutorial_objectstorage' retrieved from /home/airflow/.local/lib/python3.12/site-packages/airflow/example_dags/tutorial_objectstorage.py
[2025-05-01T11:58:18.092+0000] {logging_mixin.py:188} INFO - [2025-05-01T11:58:18.091+0000] {dag.py:3096} INFO - Sync 1 DAGs
[2025-05-01T11:58:18.123+0000] {logging_mixin.py:188} INFO - [2025-05-01T11:58:18.122+0000] {dag.py:3954} INFO - Setting next_dagrun for tutorial_objectstorage to None, run_after=None
[2025-05-01T11:58:18.177+0000] {processor.py:183} INFO - Processing /home/airflow/.local/lib/python3.12/site-packages/airflow/example_dags/tutorial_objectstorage.py took 0.190 seconds
[2025-05-01T11:58:49.118+0000] {processor.py:161} INFO - Started process (PID=3211) to work on /home/airflow/.local/lib/python3.12/site-packages/airflow/example_dags/tutorial_objectstorage.py
[2025-05-01T11:58:49.122+0000] {processor.py:830} INFO - Processing file /home/airflow/.local/lib/python3.12/site-packages/airflow/example_dags/tutorial_objectstorage.py for tasks to queue
[2025-05-01T11:58:49.127+0000] {logging_mixin.py:188} INFO - [2025-05-01T11:58:49.126+0000] {dagbag.py:545} INFO - Filling up the DagBag from /home/airflow/.local/lib/python3.12/site-packages/airflow/example_dags/tutorial_objectstorage.py
[2025-05-01T11:58:49.148+0000] {processor.py:840} INFO - DAG(s) 'tutorial_objectstorage' retrieved from /home/airflow/.local/lib/python3.12/site-packages/airflow/example_dags/tutorial_objectstorage.py
[2025-05-01T11:58:49.207+0000] {logging_mixin.py:188} INFO - [2025-05-01T11:58:49.207+0000] {dag.py:3096} INFO - Sync 1 DAGs
[2025-05-01T11:58:49.260+0000] {logging_mixin.py:188} INFO - [2025-05-01T11:58:49.260+0000] {dag.py:3954} INFO - Setting next_dagrun for tutorial_objectstorage to None, run_after=None
[2025-05-01T11:58:49.312+0000] {processor.py:183} INFO - Processing /home/airflow/.local/lib/python3.12/site-packages/airflow/example_dags/tutorial_objectstorage.py took 0.212 seconds
[2025-05-01T11:59:20.020+0000] {processor.py:161} INFO - Started process (PID=3270) to work on /home/airflow/.local/lib/python3.12/site-packages/airflow/example_dags/tutorial_objectstorage.py
[2025-05-01T11:59:20.023+0000] {processor.py:830} INFO - Processing file /home/airflow/.local/lib/python3.12/site-packages/airflow/example_dags/tutorial_objectstorage.py for tasks to queue
[2025-05-01T11:59:20.028+0000] {logging_mixin.py:188} INFO - [2025-05-01T11:59:20.027+0000] {dagbag.py:545} INFO - Filling up the DagBag from /home/airflow/.local/lib/python3.12/site-packages/airflow/example_dags/tutorial_objectstorage.py
[2025-05-01T11:59:20.044+0000] {processor.py:840} INFO - DAG(s) 'tutorial_objectstorage' retrieved from /home/airflow/.local/lib/python3.12/site-packages/airflow/example_dags/tutorial_objectstorage.py
[2025-05-01T11:59:20.090+0000] {logging_mixin.py:188} INFO - [2025-05-01T11:59:20.089+0000] {dag.py:3096} INFO - Sync 1 DAGs
[2025-05-01T11:59:20.121+0000] {logging_mixin.py:188} INFO - [2025-05-01T11:59:20.121+0000] {dag.py:3954} INFO - Setting next_dagrun for tutorial_objectstorage to None, run_after=None
[2025-05-01T11:59:20.167+0000] {processor.py:183} INFO - Processing /home/airflow/.local/lib/python3.12/site-packages/airflow/example_dags/tutorial_objectstorage.py took 0.160 seconds
[2025-05-01T11:59:50.816+0000] {processor.py:161} INFO - Started process (PID=3329) to work on /home/airflow/.local/lib/python3.12/site-packages/airflow/example_dags/tutorial_objectstorage.py
[2025-05-01T11:59:50.819+0000] {processor.py:830} INFO - Processing file /home/airflow/.local/lib/python3.12/site-packages/airflow/example_dags/tutorial_objectstorage.py for tasks to queue
[2025-05-01T11:59:50.824+0000] {logging_mixin.py:188} INFO - [2025-05-01T11:59:50.824+0000] {dagbag.py:545} INFO - Filling up the DagBag from /home/airflow/.local/lib/python3.12/site-packages/airflow/example_dags/tutorial_objectstorage.py
[2025-05-01T11:59:50.842+0000] {processor.py:840} INFO - DAG(s) 'tutorial_objectstorage' retrieved from /home/airflow/.local/lib/python3.12/site-packages/airflow/example_dags/tutorial_objectstorage.py
[2025-05-01T11:59:50.893+0000] {logging_mixin.py:188} INFO - [2025-05-01T11:59:50.892+0000] {dag.py:3096} INFO - Sync 1 DAGs
[2025-05-01T11:59:50.951+0000] {logging_mixin.py:188} INFO - [2025-05-01T11:59:50.948+0000] {dag.py:3954} INFO - Setting next_dagrun for tutorial_objectstorage to None, run_after=None
[2025-05-01T11:59:51.068+0000] {processor.py:183} INFO - Processing /home/airflow/.local/lib/python3.12/site-packages/airflow/example_dags/tutorial_objectstorage.py took 0.264 seconds
[2025-05-01T12:00:21.737+0000] {processor.py:161} INFO - Started process (PID=3387) to work on /home/airflow/.local/lib/python3.12/site-packages/airflow/example_dags/tutorial_objectstorage.py
[2025-05-01T12:00:21.740+0000] {processor.py:830} INFO - Processing file /home/airflow/.local/lib/python3.12/site-packages/airflow/example_dags/tutorial_objectstorage.py for tasks to queue
[2025-05-01T12:00:21.746+0000] {logging_mixin.py:188} INFO - [2025-05-01T12:00:21.744+0000] {dagbag.py:545} INFO - Filling up the DagBag from /home/airflow/.local/lib/python3.12/site-packages/airflow/example_dags/tutorial_objectstorage.py
[2025-05-01T12:00:21.768+0000] {processor.py:840} INFO - DAG(s) 'tutorial_objectstorage' retrieved from /home/airflow/.local/lib/python3.12/site-packages/airflow/example_dags/tutorial_objectstorage.py
[2025-05-01T12:00:21.832+0000] {logging_mixin.py:188} INFO - [2025-05-01T12:00:21.831+0000] {dag.py:3096} INFO - Sync 1 DAGs
[2025-05-01T12:00:21.867+0000] {logging_mixin.py:188} INFO - [2025-05-01T12:00:21.866+0000] {dag.py:3954} INFO - Setting next_dagrun for tutorial_objectstorage to None, run_after=None
[2025-05-01T12:00:21.969+0000] {processor.py:183} INFO - Processing /home/airflow/.local/lib/python3.12/site-packages/airflow/example_dags/tutorial_objectstorage.py took 0.247 seconds
[2025-05-01T12:00:52.700+0000] {processor.py:161} INFO - Started process (PID=3445) to work on /home/airflow/.local/lib/python3.12/site-packages/airflow/example_dags/tutorial_objectstorage.py
[2025-05-01T12:00:52.703+0000] {processor.py:830} INFO - Processing file /home/airflow/.local/lib/python3.12/site-packages/airflow/example_dags/tutorial_objectstorage.py for tasks to queue
[2025-05-01T12:00:52.708+0000] {logging_mixin.py:188} INFO - [2025-05-01T12:00:52.707+0000] {dagbag.py:545} INFO - Filling up the DagBag from /home/airflow/.local/lib/python3.12/site-packages/airflow/example_dags/tutorial_objectstorage.py
[2025-05-01T12:00:52.730+0000] {processor.py:840} INFO - DAG(s) 'tutorial_objectstorage' retrieved from /home/airflow/.local/lib/python3.12/site-packages/airflow/example_dags/tutorial_objectstorage.py
[2025-05-01T12:00:52.791+0000] {logging_mixin.py:188} INFO - [2025-05-01T12:00:52.791+0000] {dag.py:3096} INFO - Sync 1 DAGs
[2025-05-01T12:00:52.830+0000] {logging_mixin.py:188} INFO - [2025-05-01T12:00:52.830+0000] {dag.py:3954} INFO - Setting next_dagrun for tutorial_objectstorage to None, run_after=None
[2025-05-01T12:00:52.890+0000] {processor.py:183} INFO - Processing /home/airflow/.local/lib/python3.12/site-packages/airflow/example_dags/tutorial_objectstorage.py took 0.202 seconds
[2025-05-01T12:01:23.252+0000] {processor.py:161} INFO - Started process (PID=3503) to work on /home/airflow/.local/lib/python3.12/site-packages/airflow/example_dags/tutorial_objectstorage.py
[2025-05-01T12:01:23.254+0000] {processor.py:830} INFO - Processing file /home/airflow/.local/lib/python3.12/site-packages/airflow/example_dags/tutorial_objectstorage.py for tasks to queue
[2025-05-01T12:01:23.260+0000] {logging_mixin.py:188} INFO - [2025-05-01T12:01:23.259+0000] {dagbag.py:545} INFO - Filling up the DagBag from /home/airflow/.local/lib/python3.12/site-packages/airflow/example_dags/tutorial_objectstorage.py
[2025-05-01T12:01:23.279+0000] {processor.py:840} INFO - DAG(s) 'tutorial_objectstorage' retrieved from /home/airflow/.local/lib/python3.12/site-packages/airflow/example_dags/tutorial_objectstorage.py
[2025-05-01T12:01:23.330+0000] {logging_mixin.py:188} INFO - [2025-05-01T12:01:23.330+0000] {dag.py:3096} INFO - Sync 1 DAGs
[2025-05-01T12:01:23.362+0000] {logging_mixin.py:188} INFO - [2025-05-01T12:01:23.361+0000] {dag.py:3954} INFO - Setting next_dagrun for tutorial_objectstorage to None, run_after=None
[2025-05-01T12:01:23.455+0000] {processor.py:183} INFO - Processing /home/airflow/.local/lib/python3.12/site-packages/airflow/example_dags/tutorial_objectstorage.py took 0.222 seconds
[2025-05-01T12:01:53.803+0000] {processor.py:161} INFO - Started process (PID=3563) to work on /home/airflow/.local/lib/python3.12/site-packages/airflow/example_dags/tutorial_objectstorage.py
[2025-05-01T12:01:53.805+0000] {processor.py:830} INFO - Processing file /home/airflow/.local/lib/python3.12/site-packages/airflow/example_dags/tutorial_objectstorage.py for tasks to queue
[2025-05-01T12:01:53.810+0000] {logging_mixin.py:188} INFO - [2025-05-01T12:01:53.809+0000] {dagbag.py:545} INFO - Filling up the DagBag from /home/airflow/.local/lib/python3.12/site-packages/airflow/example_dags/tutorial_objectstorage.py
[2025-05-01T12:01:53.827+0000] {processor.py:840} INFO - DAG(s) 'tutorial_objectstorage' retrieved from /home/airflow/.local/lib/python3.12/site-packages/airflow/example_dags/tutorial_objectstorage.py
[2025-05-01T12:01:53.869+0000] {logging_mixin.py:188} INFO - [2025-05-01T12:01:53.869+0000] {dag.py:3096} INFO - Sync 1 DAGs
[2025-05-01T12:01:53.937+0000] {logging_mixin.py:188} INFO - [2025-05-01T12:01:53.936+0000] {dag.py:3954} INFO - Setting next_dagrun for tutorial_objectstorage to None, run_after=None
[2025-05-01T12:01:54.044+0000] {processor.py:183} INFO - Processing /home/airflow/.local/lib/python3.12/site-packages/airflow/example_dags/tutorial_objectstorage.py took 0.255 seconds
[2025-05-01T12:02:24.686+0000] {processor.py:161} INFO - Started process (PID=3622) to work on /home/airflow/.local/lib/python3.12/site-packages/airflow/example_dags/tutorial_objectstorage.py
[2025-05-01T12:02:24.688+0000] {processor.py:830} INFO - Processing file /home/airflow/.local/lib/python3.12/site-packages/airflow/example_dags/tutorial_objectstorage.py for tasks to queue
[2025-05-01T12:02:24.694+0000] {logging_mixin.py:188} INFO - [2025-05-01T12:02:24.693+0000] {dagbag.py:545} INFO - Filling up the DagBag from /home/airflow/.local/lib/python3.12/site-packages/airflow/example_dags/tutorial_objectstorage.py
[2025-05-01T12:02:24.711+0000] {processor.py:840} INFO - DAG(s) 'tutorial_objectstorage' retrieved from /home/airflow/.local/lib/python3.12/site-packages/airflow/example_dags/tutorial_objectstorage.py
[2025-05-01T12:02:24.767+0000] {logging_mixin.py:188} INFO - [2025-05-01T12:02:24.766+0000] {dag.py:3096} INFO - Sync 1 DAGs
[2025-05-01T12:02:24.811+0000] {logging_mixin.py:188} INFO - [2025-05-01T12:02:24.811+0000] {dag.py:3954} INFO - Setting next_dagrun for tutorial_objectstorage to None, run_after=None
[2025-05-01T12:02:24.858+0000] {processor.py:183} INFO - Processing /home/airflow/.local/lib/python3.12/site-packages/airflow/example_dags/tutorial_objectstorage.py took 0.185 seconds
[2025-05-01T12:02:55.560+0000] {processor.py:161} INFO - Started process (PID=3681) to work on /home/airflow/.local/lib/python3.12/site-packages/airflow/example_dags/tutorial_objectstorage.py
[2025-05-01T12:02:55.562+0000] {processor.py:830} INFO - Processing file /home/airflow/.local/lib/python3.12/site-packages/airflow/example_dags/tutorial_objectstorage.py for tasks to queue
[2025-05-01T12:02:55.567+0000] {logging_mixin.py:188} INFO - [2025-05-01T12:02:55.566+0000] {dagbag.py:545} INFO - Filling up the DagBag from /home/airflow/.local/lib/python3.12/site-packages/airflow/example_dags/tutorial_objectstorage.py
[2025-05-01T12:02:55.582+0000] {processor.py:840} INFO - DAG(s) 'tutorial_objectstorage' retrieved from /home/airflow/.local/lib/python3.12/site-packages/airflow/example_dags/tutorial_objectstorage.py
[2025-05-01T12:02:55.628+0000] {logging_mixin.py:188} INFO - [2025-05-01T12:02:55.627+0000] {dag.py:3096} INFO - Sync 1 DAGs
[2025-05-01T12:02:55.662+0000] {logging_mixin.py:188} INFO - [2025-05-01T12:02:55.661+0000] {dag.py:3954} INFO - Setting next_dagrun for tutorial_objectstorage to None, run_after=None
[2025-05-01T12:02:55.712+0000] {processor.py:183} INFO - Processing /home/airflow/.local/lib/python3.12/site-packages/airflow/example_dags/tutorial_objectstorage.py took 0.165 seconds
[2025-05-01T12:03:26.441+0000] {processor.py:161} INFO - Started process (PID=3739) to work on /home/airflow/.local/lib/python3.12/site-packages/airflow/example_dags/tutorial_objectstorage.py
[2025-05-01T12:03:26.443+0000] {processor.py:830} INFO - Processing file /home/airflow/.local/lib/python3.12/site-packages/airflow/example_dags/tutorial_objectstorage.py for tasks to queue
[2025-05-01T12:03:26.447+0000] {logging_mixin.py:188} INFO - [2025-05-01T12:03:26.447+0000] {dagbag.py:545} INFO - Filling up the DagBag from /home/airflow/.local/lib/python3.12/site-packages/airflow/example_dags/tutorial_objectstorage.py
[2025-05-01T12:03:26.464+0000] {processor.py:840} INFO - DAG(s) 'tutorial_objectstorage' retrieved from /home/airflow/.local/lib/python3.12/site-packages/airflow/example_dags/tutorial_objectstorage.py
[2025-05-01T12:03:26.507+0000] {logging_mixin.py:188} INFO - [2025-05-01T12:03:26.507+0000] {dag.py:3096} INFO - Sync 1 DAGs
[2025-05-01T12:03:26.540+0000] {logging_mixin.py:188} INFO - [2025-05-01T12:03:26.539+0000] {dag.py:3954} INFO - Setting next_dagrun for tutorial_objectstorage to None, run_after=None
[2025-05-01T12:03:26.626+0000] {processor.py:183} INFO - Processing /home/airflow/.local/lib/python3.12/site-packages/airflow/example_dags/tutorial_objectstorage.py took 0.202 seconds
[2025-05-01T12:03:57.624+0000] {processor.py:161} INFO - Started process (PID=3798) to work on /home/airflow/.local/lib/python3.12/site-packages/airflow/example_dags/tutorial_objectstorage.py
[2025-05-01T12:03:57.626+0000] {processor.py:830} INFO - Processing file /home/airflow/.local/lib/python3.12/site-packages/airflow/example_dags/tutorial_objectstorage.py for tasks to queue
[2025-05-01T12:03:57.630+0000] {logging_mixin.py:188} INFO - [2025-05-01T12:03:57.629+0000] {dagbag.py:545} INFO - Filling up the DagBag from /home/airflow/.local/lib/python3.12/site-packages/airflow/example_dags/tutorial_objectstorage.py
[2025-05-01T12:03:57.645+0000] {processor.py:840} INFO - DAG(s) 'tutorial_objectstorage' retrieved from /home/airflow/.local/lib/python3.12/site-packages/airflow/example_dags/tutorial_objectstorage.py
[2025-05-01T12:03:57.691+0000] {logging_mixin.py:188} INFO - [2025-05-01T12:03:57.690+0000] {dag.py:3096} INFO - Sync 1 DAGs
[2025-05-01T12:03:57.723+0000] {logging_mixin.py:188} INFO - [2025-05-01T12:03:57.723+0000] {dag.py:3954} INFO - Setting next_dagrun for tutorial_objectstorage to None, run_after=None
[2025-05-01T12:03:57.807+0000] {processor.py:183} INFO - Processing /home/airflow/.local/lib/python3.12/site-packages/airflow/example_dags/tutorial_objectstorage.py took 0.197 seconds
[2025-05-01T12:04:28.087+0000] {processor.py:161} INFO - Started process (PID=3857) to work on /home/airflow/.local/lib/python3.12/site-packages/airflow/example_dags/tutorial_objectstorage.py
[2025-05-01T12:04:28.089+0000] {processor.py:830} INFO - Processing file /home/airflow/.local/lib/python3.12/site-packages/airflow/example_dags/tutorial_objectstorage.py for tasks to queue
[2025-05-01T12:04:28.094+0000] {logging_mixin.py:188} INFO - [2025-05-01T12:04:28.093+0000] {dagbag.py:545} INFO - Filling up the DagBag from /home/airflow/.local/lib/python3.12/site-packages/airflow/example_dags/tutorial_objectstorage.py
[2025-05-01T12:04:28.114+0000] {processor.py:840} INFO - DAG(s) 'tutorial_objectstorage' retrieved from /home/airflow/.local/lib/python3.12/site-packages/airflow/example_dags/tutorial_objectstorage.py
[2025-05-01T12:04:28.163+0000] {logging_mixin.py:188} INFO - [2025-05-01T12:04:28.162+0000] {dag.py:3096} INFO - Sync 1 DAGs
[2025-05-01T12:04:28.193+0000] {logging_mixin.py:188} INFO - [2025-05-01T12:04:28.192+0000] {dag.py:3954} INFO - Setting next_dagrun for tutorial_objectstorage to None, run_after=None
[2025-05-01T12:04:28.241+0000] {processor.py:183} INFO - Processing /home/airflow/.local/lib/python3.12/site-packages/airflow/example_dags/tutorial_objectstorage.py took 0.166 seconds
[2025-05-01T12:04:59.441+0000] {processor.py:161} INFO - Started process (PID=3916) to work on /home/airflow/.local/lib/python3.12/site-packages/airflow/example_dags/tutorial_objectstorage.py
[2025-05-01T12:04:59.444+0000] {processor.py:830} INFO - Processing file /home/airflow/.local/lib/python3.12/site-packages/airflow/example_dags/tutorial_objectstorage.py for tasks to queue
[2025-05-01T12:04:59.451+0000] {logging_mixin.py:188} INFO - [2025-05-01T12:04:59.449+0000] {dagbag.py:545} INFO - Filling up the DagBag from /home/airflow/.local/lib/python3.12/site-packages/airflow/example_dags/tutorial_objectstorage.py
[2025-05-01T12:04:59.473+0000] {processor.py:840} INFO - DAG(s) 'tutorial_objectstorage' retrieved from /home/airflow/.local/lib/python3.12/site-packages/airflow/example_dags/tutorial_objectstorage.py
[2025-05-01T12:04:59.538+0000] {logging_mixin.py:188} INFO - [2025-05-01T12:04:59.537+0000] {dag.py:3096} INFO - Sync 1 DAGs
[2025-05-01T12:04:59.574+0000] {logging_mixin.py:188} INFO - [2025-05-01T12:04:59.574+0000] {dag.py:3954} INFO - Setting next_dagrun for tutorial_objectstorage to None, run_after=None
[2025-05-01T12:04:59.646+0000] {processor.py:183} INFO - Processing /home/airflow/.local/lib/python3.12/site-packages/airflow/example_dags/tutorial_objectstorage.py took 0.219 seconds
[2025-05-01T12:05:30.255+0000] {processor.py:161} INFO - Started process (PID=3975) to work on /home/airflow/.local/lib/python3.12/site-packages/airflow/example_dags/tutorial_objectstorage.py
[2025-05-01T12:05:30.257+0000] {processor.py:830} INFO - Processing file /home/airflow/.local/lib/python3.12/site-packages/airflow/example_dags/tutorial_objectstorage.py for tasks to queue
[2025-05-01T12:05:30.261+0000] {logging_mixin.py:188} INFO - [2025-05-01T12:05:30.260+0000] {dagbag.py:545} INFO - Filling up the DagBag from /home/airflow/.local/lib/python3.12/site-packages/airflow/example_dags/tutorial_objectstorage.py
[2025-05-01T12:05:30.277+0000] {processor.py:840} INFO - DAG(s) 'tutorial_objectstorage' retrieved from /home/airflow/.local/lib/python3.12/site-packages/airflow/example_dags/tutorial_objectstorage.py
[2025-05-01T12:05:30.327+0000] {logging_mixin.py:188} INFO - [2025-05-01T12:05:30.327+0000] {dag.py:3096} INFO - Sync 1 DAGs
[2025-05-01T12:05:30.363+0000] {logging_mixin.py:188} INFO - [2025-05-01T12:05:30.362+0000] {dag.py:3954} INFO - Setting next_dagrun for tutorial_objectstorage to None, run_after=None
[2025-05-01T12:05:30.450+0000] {processor.py:183} INFO - Processing /home/airflow/.local/lib/python3.12/site-packages/airflow/example_dags/tutorial_objectstorage.py took 0.209 seconds
[2025-05-01T12:06:01.285+0000] {processor.py:161} INFO - Started process (PID=4035) to work on /home/airflow/.local/lib/python3.12/site-packages/airflow/example_dags/tutorial_objectstorage.py
[2025-05-01T12:06:01.287+0000] {processor.py:830} INFO - Processing file /home/airflow/.local/lib/python3.12/site-packages/airflow/example_dags/tutorial_objectstorage.py for tasks to queue
[2025-05-01T12:06:01.293+0000] {logging_mixin.py:188} INFO - [2025-05-01T12:06:01.292+0000] {dagbag.py:545} INFO - Filling up the DagBag from /home/airflow/.local/lib/python3.12/site-packages/airflow/example_dags/tutorial_objectstorage.py
[2025-05-01T12:06:01.312+0000] {processor.py:840} INFO - DAG(s) 'tutorial_objectstorage' retrieved from /home/airflow/.local/lib/python3.12/site-packages/airflow/example_dags/tutorial_objectstorage.py
[2025-05-01T12:06:01.362+0000] {logging_mixin.py:188} INFO - [2025-05-01T12:06:01.361+0000] {dag.py:3096} INFO - Sync 1 DAGs
[2025-05-01T12:06:01.394+0000] {logging_mixin.py:188} INFO - [2025-05-01T12:06:01.393+0000] {dag.py:3954} INFO - Setting next_dagrun for tutorial_objectstorage to None, run_after=None
[2025-05-01T12:06:01.448+0000] {processor.py:183} INFO - Processing /home/airflow/.local/lib/python3.12/site-packages/airflow/example_dags/tutorial_objectstorage.py took 0.176 seconds
[2025-05-01T12:06:31.761+0000] {processor.py:161} INFO - Started process (PID=4094) to work on /home/airflow/.local/lib/python3.12/site-packages/airflow/example_dags/tutorial_objectstorage.py
[2025-05-01T12:06:31.765+0000] {processor.py:830} INFO - Processing file /home/airflow/.local/lib/python3.12/site-packages/airflow/example_dags/tutorial_objectstorage.py for tasks to queue
[2025-05-01T12:06:31.771+0000] {logging_mixin.py:188} INFO - [2025-05-01T12:06:31.770+0000] {dagbag.py:545} INFO - Filling up the DagBag from /home/airflow/.local/lib/python3.12/site-packages/airflow/example_dags/tutorial_objectstorage.py
[2025-05-01T12:06:31.807+0000] {processor.py:840} INFO - DAG(s) 'tutorial_objectstorage' retrieved from /home/airflow/.local/lib/python3.12/site-packages/airflow/example_dags/tutorial_objectstorage.py
[2025-05-01T12:06:31.925+0000] {logging_mixin.py:188} INFO - [2025-05-01T12:06:31.924+0000] {dag.py:3096} INFO - Sync 1 DAGs
[2025-05-01T12:06:31.971+0000] {logging_mixin.py:188} INFO - [2025-05-01T12:06:31.970+0000] {dag.py:3954} INFO - Setting next_dagrun for tutorial_objectstorage to None, run_after=None
[2025-05-01T12:06:32.028+0000] {processor.py:183} INFO - Processing /home/airflow/.local/lib/python3.12/site-packages/airflow/example_dags/tutorial_objectstorage.py took 0.278 seconds
[2025-05-01T12:07:02.223+0000] {processor.py:161} INFO - Started process (PID=4154) to work on /home/airflow/.local/lib/python3.12/site-packages/airflow/example_dags/tutorial_objectstorage.py
[2025-05-01T12:07:02.226+0000] {processor.py:830} INFO - Processing file /home/airflow/.local/lib/python3.12/site-packages/airflow/example_dags/tutorial_objectstorage.py for tasks to queue
[2025-05-01T12:07:02.231+0000] {logging_mixin.py:188} INFO - [2025-05-01T12:07:02.230+0000] {dagbag.py:545} INFO - Filling up the DagBag from /home/airflow/.local/lib/python3.12/site-packages/airflow/example_dags/tutorial_objectstorage.py
[2025-05-01T12:07:02.248+0000] {processor.py:840} INFO - DAG(s) 'tutorial_objectstorage' retrieved from /home/airflow/.local/lib/python3.12/site-packages/airflow/example_dags/tutorial_objectstorage.py
[2025-05-01T12:07:02.309+0000] {logging_mixin.py:188} INFO - [2025-05-01T12:07:02.308+0000] {dag.py:3096} INFO - Sync 1 DAGs
[2025-05-01T12:07:02.341+0000] {logging_mixin.py:188} INFO - [2025-05-01T12:07:02.341+0000] {dag.py:3954} INFO - Setting next_dagrun for tutorial_objectstorage to None, run_after=None
[2025-05-01T12:07:02.438+0000] {processor.py:183} INFO - Processing /home/airflow/.local/lib/python3.12/site-packages/airflow/example_dags/tutorial_objectstorage.py took 0.228 seconds
[2025-05-01T12:07:32.946+0000] {processor.py:161} INFO - Started process (PID=4213) to work on /home/airflow/.local/lib/python3.12/site-packages/airflow/example_dags/tutorial_objectstorage.py
[2025-05-01T12:07:32.948+0000] {processor.py:830} INFO - Processing file /home/airflow/.local/lib/python3.12/site-packages/airflow/example_dags/tutorial_objectstorage.py for tasks to queue
[2025-05-01T12:07:32.953+0000] {logging_mixin.py:188} INFO - [2025-05-01T12:07:32.952+0000] {dagbag.py:545} INFO - Filling up the DagBag from /home/airflow/.local/lib/python3.12/site-packages/airflow/example_dags/tutorial_objectstorage.py
[2025-05-01T12:07:32.968+0000] {processor.py:840} INFO - DAG(s) 'tutorial_objectstorage' retrieved from /home/airflow/.local/lib/python3.12/site-packages/airflow/example_dags/tutorial_objectstorage.py
[2025-05-01T12:07:33.013+0000] {logging_mixin.py:188} INFO - [2025-05-01T12:07:33.013+0000] {dag.py:3096} INFO - Sync 1 DAGs
[2025-05-01T12:07:33.044+0000] {logging_mixin.py:188} INFO - [2025-05-01T12:07:33.044+0000] {dag.py:3954} INFO - Setting next_dagrun for tutorial_objectstorage to None, run_after=None
[2025-05-01T12:07:33.092+0000] {processor.py:183} INFO - Processing /home/airflow/.local/lib/python3.12/site-packages/airflow/example_dags/tutorial_objectstorage.py took 0.159 seconds
[2025-05-01T12:08:03.351+0000] {processor.py:161} INFO - Started process (PID=4272) to work on /home/airflow/.local/lib/python3.12/site-packages/airflow/example_dags/tutorial_objectstorage.py
[2025-05-01T12:08:03.354+0000] {processor.py:830} INFO - Processing file /home/airflow/.local/lib/python3.12/site-packages/airflow/example_dags/tutorial_objectstorage.py for tasks to queue
[2025-05-01T12:08:03.359+0000] {logging_mixin.py:188} INFO - [2025-05-01T12:08:03.358+0000] {dagbag.py:545} INFO - Filling up the DagBag from /home/airflow/.local/lib/python3.12/site-packages/airflow/example_dags/tutorial_objectstorage.py
[2025-05-01T12:08:03.377+0000] {processor.py:840} INFO - DAG(s) 'tutorial_objectstorage' retrieved from /home/airflow/.local/lib/python3.12/site-packages/airflow/example_dags/tutorial_objectstorage.py
[2025-05-01T12:08:03.450+0000] {logging_mixin.py:188} INFO - [2025-05-01T12:08:03.449+0000] {dag.py:3096} INFO - Sync 1 DAGs
[2025-05-01T12:08:03.481+0000] {logging_mixin.py:188} INFO - [2025-05-01T12:08:03.480+0000] {dag.py:3954} INFO - Setting next_dagrun for tutorial_objectstorage to None, run_after=None
[2025-05-01T12:08:03.535+0000] {processor.py:183} INFO - Processing /home/airflow/.local/lib/python3.12/site-packages/airflow/example_dags/tutorial_objectstorage.py took 0.197 seconds
[2025-05-01T12:08:33.789+0000] {processor.py:161} INFO - Started process (PID=4331) to work on /home/airflow/.local/lib/python3.12/site-packages/airflow/example_dags/tutorial_objectstorage.py
[2025-05-01T12:08:33.791+0000] {processor.py:830} INFO - Processing file /home/airflow/.local/lib/python3.12/site-packages/airflow/example_dags/tutorial_objectstorage.py for tasks to queue
[2025-05-01T12:08:33.795+0000] {logging_mixin.py:188} INFO - [2025-05-01T12:08:33.794+0000] {dagbag.py:545} INFO - Filling up the DagBag from /home/airflow/.local/lib/python3.12/site-packages/airflow/example_dags/tutorial_objectstorage.py
[2025-05-01T12:08:33.810+0000] {processor.py:840} INFO - DAG(s) 'tutorial_objectstorage' retrieved from /home/airflow/.local/lib/python3.12/site-packages/airflow/example_dags/tutorial_objectstorage.py
[2025-05-01T12:08:33.869+0000] {logging_mixin.py:188} INFO - [2025-05-01T12:08:33.868+0000] {dag.py:3096} INFO - Sync 1 DAGs
[2025-05-01T12:08:33.907+0000] {logging_mixin.py:188} INFO - [2025-05-01T12:08:33.906+0000] {dag.py:3954} INFO - Setting next_dagrun for tutorial_objectstorage to None, run_after=None
[2025-05-01T12:08:33.958+0000] {processor.py:183} INFO - Processing /home/airflow/.local/lib/python3.12/site-packages/airflow/example_dags/tutorial_objectstorage.py took 0.186 seconds
[2025-05-01T12:09:04.087+0000] {processor.py:161} INFO - Started process (PID=4390) to work on /home/airflow/.local/lib/python3.12/site-packages/airflow/example_dags/tutorial_objectstorage.py
[2025-05-01T12:09:04.090+0000] {processor.py:830} INFO - Processing file /home/airflow/.local/lib/python3.12/site-packages/airflow/example_dags/tutorial_objectstorage.py for tasks to queue
[2025-05-01T12:09:04.095+0000] {logging_mixin.py:188} INFO - [2025-05-01T12:09:04.094+0000] {dagbag.py:545} INFO - Filling up the DagBag from /home/airflow/.local/lib/python3.12/site-packages/airflow/example_dags/tutorial_objectstorage.py
[2025-05-01T12:09:04.109+0000] {processor.py:840} INFO - DAG(s) 'tutorial_objectstorage' retrieved from /home/airflow/.local/lib/python3.12/site-packages/airflow/example_dags/tutorial_objectstorage.py
[2025-05-01T12:09:04.153+0000] {logging_mixin.py:188} INFO - [2025-05-01T12:09:04.152+0000] {dag.py:3096} INFO - Sync 1 DAGs
[2025-05-01T12:09:04.190+0000] {logging_mixin.py:188} INFO - [2025-05-01T12:09:04.189+0000] {dag.py:3954} INFO - Setting next_dagrun for tutorial_objectstorage to None, run_after=None
[2025-05-01T12:09:04.270+0000] {processor.py:183} INFO - Processing /home/airflow/.local/lib/python3.12/site-packages/airflow/example_dags/tutorial_objectstorage.py took 0.195 seconds
[2025-05-01T12:09:34.530+0000] {processor.py:161} INFO - Started process (PID=4450) to work on /home/airflow/.local/lib/python3.12/site-packages/airflow/example_dags/tutorial_objectstorage.py
[2025-05-01T12:09:34.532+0000] {processor.py:830} INFO - Processing file /home/airflow/.local/lib/python3.12/site-packages/airflow/example_dags/tutorial_objectstorage.py for tasks to queue
[2025-05-01T12:09:34.536+0000] {logging_mixin.py:188} INFO - [2025-05-01T12:09:34.536+0000] {dagbag.py:545} INFO - Filling up the DagBag from /home/airflow/.local/lib/python3.12/site-packages/airflow/example_dags/tutorial_objectstorage.py
[2025-05-01T12:09:34.551+0000] {processor.py:840} INFO - DAG(s) 'tutorial_objectstorage' retrieved from /home/airflow/.local/lib/python3.12/site-packages/airflow/example_dags/tutorial_objectstorage.py
[2025-05-01T12:09:34.592+0000] {logging_mixin.py:188} INFO - [2025-05-01T12:09:34.591+0000] {dag.py:3096} INFO - Sync 1 DAGs
[2025-05-01T12:09:34.621+0000] {logging_mixin.py:188} INFO - [2025-05-01T12:09:34.620+0000] {dag.py:3954} INFO - Setting next_dagrun for tutorial_objectstorage to None, run_after=None
[2025-05-01T12:09:34.719+0000] {processor.py:183} INFO - Processing /home/airflow/.local/lib/python3.12/site-packages/airflow/example_dags/tutorial_objectstorage.py took 0.202 seconds
[2025-05-01T12:10:04.916+0000] {processor.py:161} INFO - Started process (PID=4515) to work on /home/airflow/.local/lib/python3.12/site-packages/airflow/example_dags/tutorial_objectstorage.py
[2025-05-01T12:10:04.918+0000] {processor.py:830} INFO - Processing file /home/airflow/.local/lib/python3.12/site-packages/airflow/example_dags/tutorial_objectstorage.py for tasks to queue
[2025-05-01T12:10:04.923+0000] {logging_mixin.py:188} INFO - [2025-05-01T12:10:04.922+0000] {dagbag.py:545} INFO - Filling up the DagBag from /home/airflow/.local/lib/python3.12/site-packages/airflow/example_dags/tutorial_objectstorage.py
[2025-05-01T12:10:04.939+0000] {processor.py:840} INFO - DAG(s) 'tutorial_objectstorage' retrieved from /home/airflow/.local/lib/python3.12/site-packages/airflow/example_dags/tutorial_objectstorage.py
[2025-05-01T12:10:04.983+0000] {logging_mixin.py:188} INFO - [2025-05-01T12:10:04.982+0000] {dag.py:3096} INFO - Sync 1 DAGs
[2025-05-01T12:10:05.014+0000] {logging_mixin.py:188} INFO - [2025-05-01T12:10:05.013+0000] {dag.py:3954} INFO - Setting next_dagrun for tutorial_objectstorage to None, run_after=None
[2025-05-01T12:10:05.108+0000] {processor.py:183} INFO - Processing /home/airflow/.local/lib/python3.12/site-packages/airflow/example_dags/tutorial_objectstorage.py took 0.206 seconds
[2025-05-01T12:10:35.868+0000] {processor.py:161} INFO - Started process (PID=4574) to work on /home/airflow/.local/lib/python3.12/site-packages/airflow/example_dags/tutorial_objectstorage.py
[2025-05-01T12:10:35.870+0000] {processor.py:830} INFO - Processing file /home/airflow/.local/lib/python3.12/site-packages/airflow/example_dags/tutorial_objectstorage.py for tasks to queue
[2025-05-01T12:10:35.874+0000] {logging_mixin.py:188} INFO - [2025-05-01T12:10:35.873+0000] {dagbag.py:545} INFO - Filling up the DagBag from /home/airflow/.local/lib/python3.12/site-packages/airflow/example_dags/tutorial_objectstorage.py
[2025-05-01T12:10:35.890+0000] {processor.py:840} INFO - DAG(s) 'tutorial_objectstorage' retrieved from /home/airflow/.local/lib/python3.12/site-packages/airflow/example_dags/tutorial_objectstorage.py
[2025-05-01T12:10:35.934+0000] {logging_mixin.py:188} INFO - [2025-05-01T12:10:35.934+0000] {dag.py:3096} INFO - Sync 1 DAGs
[2025-05-01T12:10:35.966+0000] {logging_mixin.py:188} INFO - [2025-05-01T12:10:35.965+0000] {dag.py:3954} INFO - Setting next_dagrun for tutorial_objectstorage to None, run_after=None
[2025-05-01T12:10:36.021+0000] {processor.py:183} INFO - Processing /home/airflow/.local/lib/python3.12/site-packages/airflow/example_dags/tutorial_objectstorage.py took 0.167 seconds
[2025-05-01T12:11:06.799+0000] {processor.py:161} INFO - Started process (PID=4633) to work on /home/airflow/.local/lib/python3.12/site-packages/airflow/example_dags/tutorial_objectstorage.py
[2025-05-01T12:11:06.801+0000] {processor.py:830} INFO - Processing file /home/airflow/.local/lib/python3.12/site-packages/airflow/example_dags/tutorial_objectstorage.py for tasks to queue
[2025-05-01T12:11:06.806+0000] {logging_mixin.py:188} INFO - [2025-05-01T12:11:06.805+0000] {dagbag.py:545} INFO - Filling up the DagBag from /home/airflow/.local/lib/python3.12/site-packages/airflow/example_dags/tutorial_objectstorage.py
[2025-05-01T12:11:06.822+0000] {processor.py:840} INFO - DAG(s) 'tutorial_objectstorage' retrieved from /home/airflow/.local/lib/python3.12/site-packages/airflow/example_dags/tutorial_objectstorage.py
[2025-05-01T12:11:06.867+0000] {logging_mixin.py:188} INFO - [2025-05-01T12:11:06.867+0000] {dag.py:3096} INFO - Sync 1 DAGs
[2025-05-01T12:11:06.897+0000] {logging_mixin.py:188} INFO - [2025-05-01T12:11:06.896+0000] {dag.py:3954} INFO - Setting next_dagrun for tutorial_objectstorage to None, run_after=None
[2025-05-01T12:11:06.951+0000] {processor.py:183} INFO - Processing /home/airflow/.local/lib/python3.12/site-packages/airflow/example_dags/tutorial_objectstorage.py took 0.165 seconds
[2025-05-01T12:11:37.323+0000] {processor.py:161} INFO - Started process (PID=4692) to work on /home/airflow/.local/lib/python3.12/site-packages/airflow/example_dags/tutorial_objectstorage.py
[2025-05-01T12:11:37.325+0000] {processor.py:830} INFO - Processing file /home/airflow/.local/lib/python3.12/site-packages/airflow/example_dags/tutorial_objectstorage.py for tasks to queue
[2025-05-01T12:11:37.329+0000] {logging_mixin.py:188} INFO - [2025-05-01T12:11:37.328+0000] {dagbag.py:545} INFO - Filling up the DagBag from /home/airflow/.local/lib/python3.12/site-packages/airflow/example_dags/tutorial_objectstorage.py
[2025-05-01T12:11:37.346+0000] {processor.py:840} INFO - DAG(s) 'tutorial_objectstorage' retrieved from /home/airflow/.local/lib/python3.12/site-packages/airflow/example_dags/tutorial_objectstorage.py
[2025-05-01T12:11:37.389+0000] {logging_mixin.py:188} INFO - [2025-05-01T12:11:37.389+0000] {dag.py:3096} INFO - Sync 1 DAGs
[2025-05-01T12:11:37.427+0000] {logging_mixin.py:188} INFO - [2025-05-01T12:11:37.427+0000] {dag.py:3954} INFO - Setting next_dagrun for tutorial_objectstorage to None, run_after=None
[2025-05-01T12:11:37.518+0000] {processor.py:183} INFO - Processing /home/airflow/.local/lib/python3.12/site-packages/airflow/example_dags/tutorial_objectstorage.py took 0.206 seconds
[2025-05-01T12:12:08.312+0000] {processor.py:161} INFO - Started process (PID=4751) to work on /home/airflow/.local/lib/python3.12/site-packages/airflow/example_dags/tutorial_objectstorage.py
[2025-05-01T12:12:08.315+0000] {processor.py:830} INFO - Processing file /home/airflow/.local/lib/python3.12/site-packages/airflow/example_dags/tutorial_objectstorage.py for tasks to queue
[2025-05-01T12:12:08.319+0000] {logging_mixin.py:188} INFO - [2025-05-01T12:12:08.318+0000] {dagbag.py:545} INFO - Filling up the DagBag from /home/airflow/.local/lib/python3.12/site-packages/airflow/example_dags/tutorial_objectstorage.py
[2025-05-01T12:12:08.333+0000] {processor.py:840} INFO - DAG(s) 'tutorial_objectstorage' retrieved from /home/airflow/.local/lib/python3.12/site-packages/airflow/example_dags/tutorial_objectstorage.py
[2025-05-01T12:12:08.376+0000] {logging_mixin.py:188} INFO - [2025-05-01T12:12:08.375+0000] {dag.py:3096} INFO - Sync 1 DAGs
[2025-05-01T12:12:08.403+0000] {logging_mixin.py:188} INFO - [2025-05-01T12:12:08.403+0000] {dag.py:3954} INFO - Setting next_dagrun for tutorial_objectstorage to None, run_after=None
[2025-05-01T12:12:08.492+0000] {processor.py:183} INFO - Processing /home/airflow/.local/lib/python3.12/site-packages/airflow/example_dags/tutorial_objectstorage.py took 0.198 seconds
[2025-05-01T12:12:38.988+0000] {processor.py:161} INFO - Started process (PID=4811) to work on /home/airflow/.local/lib/python3.12/site-packages/airflow/example_dags/tutorial_objectstorage.py
[2025-05-01T12:12:38.990+0000] {processor.py:830} INFO - Processing file /home/airflow/.local/lib/python3.12/site-packages/airflow/example_dags/tutorial_objectstorage.py for tasks to queue
[2025-05-01T12:12:38.994+0000] {logging_mixin.py:188} INFO - [2025-05-01T12:12:38.993+0000] {dagbag.py:545} INFO - Filling up the DagBag from /home/airflow/.local/lib/python3.12/site-packages/airflow/example_dags/tutorial_objectstorage.py
[2025-05-01T12:12:39.009+0000] {processor.py:840} INFO - DAG(s) 'tutorial_objectstorage' retrieved from /home/airflow/.local/lib/python3.12/site-packages/airflow/example_dags/tutorial_objectstorage.py
[2025-05-01T12:12:39.051+0000] {logging_mixin.py:188} INFO - [2025-05-01T12:12:39.050+0000] {dag.py:3096} INFO - Sync 1 DAGs
[2025-05-01T12:12:39.082+0000] {logging_mixin.py:188} INFO - [2025-05-01T12:12:39.081+0000] {dag.py:3954} INFO - Setting next_dagrun for tutorial_objectstorage to None, run_after=None
[2025-05-01T12:12:39.173+0000] {processor.py:183} INFO - Processing /home/airflow/.local/lib/python3.12/site-packages/airflow/example_dags/tutorial_objectstorage.py took 0.196 seconds
[2025-05-01T12:13:09.461+0000] {processor.py:161} INFO - Started process (PID=4870) to work on /home/airflow/.local/lib/python3.12/site-packages/airflow/example_dags/tutorial_objectstorage.py
[2025-05-01T12:13:09.463+0000] {processor.py:830} INFO - Processing file /home/airflow/.local/lib/python3.12/site-packages/airflow/example_dags/tutorial_objectstorage.py for tasks to queue
[2025-05-01T12:13:09.468+0000] {logging_mixin.py:188} INFO - [2025-05-01T12:13:09.467+0000] {dagbag.py:545} INFO - Filling up the DagBag from /home/airflow/.local/lib/python3.12/site-packages/airflow/example_dags/tutorial_objectstorage.py
[2025-05-01T12:13:09.488+0000] {processor.py:840} INFO - DAG(s) 'tutorial_objectstorage' retrieved from /home/airflow/.local/lib/python3.12/site-packages/airflow/example_dags/tutorial_objectstorage.py
[2025-05-01T12:13:09.540+0000] {logging_mixin.py:188} INFO - [2025-05-01T12:13:09.539+0000] {dag.py:3096} INFO - Sync 1 DAGs
[2025-05-01T12:13:09.575+0000] {logging_mixin.py:188} INFO - [2025-05-01T12:13:09.575+0000] {dag.py:3954} INFO - Setting next_dagrun for tutorial_objectstorage to None, run_after=None
[2025-05-01T12:13:09.636+0000] {processor.py:183} INFO - Processing /home/airflow/.local/lib/python3.12/site-packages/airflow/example_dags/tutorial_objectstorage.py took 0.191 seconds
[2025-05-01T12:13:40.502+0000] {processor.py:161} INFO - Started process (PID=4929) to work on /home/airflow/.local/lib/python3.12/site-packages/airflow/example_dags/tutorial_objectstorage.py
[2025-05-01T12:13:40.505+0000] {processor.py:830} INFO - Processing file /home/airflow/.local/lib/python3.12/site-packages/airflow/example_dags/tutorial_objectstorage.py for tasks to queue
[2025-05-01T12:13:40.509+0000] {logging_mixin.py:188} INFO - [2025-05-01T12:13:40.508+0000] {dagbag.py:545} INFO - Filling up the DagBag from /home/airflow/.local/lib/python3.12/site-packages/airflow/example_dags/tutorial_objectstorage.py
[2025-05-01T12:13:40.529+0000] {processor.py:840} INFO - DAG(s) 'tutorial_objectstorage' retrieved from /home/airflow/.local/lib/python3.12/site-packages/airflow/example_dags/tutorial_objectstorage.py
[2025-05-01T12:13:40.575+0000] {logging_mixin.py:188} INFO - [2025-05-01T12:13:40.574+0000] {dag.py:3096} INFO - Sync 1 DAGs
[2025-05-01T12:13:40.605+0000] {logging_mixin.py:188} INFO - [2025-05-01T12:13:40.604+0000] {dag.py:3954} INFO - Setting next_dagrun for tutorial_objectstorage to None, run_after=None
[2025-05-01T12:13:40.704+0000] {processor.py:183} INFO - Processing /home/airflow/.local/lib/python3.12/site-packages/airflow/example_dags/tutorial_objectstorage.py took 0.214 seconds
[2025-05-01T12:14:11.303+0000] {processor.py:161} INFO - Started process (PID=4989) to work on /home/airflow/.local/lib/python3.12/site-packages/airflow/example_dags/tutorial_objectstorage.py
[2025-05-01T12:14:11.305+0000] {processor.py:830} INFO - Processing file /home/airflow/.local/lib/python3.12/site-packages/airflow/example_dags/tutorial_objectstorage.py for tasks to queue
[2025-05-01T12:14:11.310+0000] {logging_mixin.py:188} INFO - [2025-05-01T12:14:11.309+0000] {dagbag.py:545} INFO - Filling up the DagBag from /home/airflow/.local/lib/python3.12/site-packages/airflow/example_dags/tutorial_objectstorage.py
[2025-05-01T12:14:11.324+0000] {processor.py:840} INFO - DAG(s) 'tutorial_objectstorage' retrieved from /home/airflow/.local/lib/python3.12/site-packages/airflow/example_dags/tutorial_objectstorage.py
[2025-05-01T12:14:11.391+0000] {logging_mixin.py:188} INFO - [2025-05-01T12:14:11.390+0000] {dag.py:3096} INFO - Sync 1 DAGs
[2025-05-01T12:14:11.427+0000] {logging_mixin.py:188} INFO - [2025-05-01T12:14:11.426+0000] {dag.py:3954} INFO - Setting next_dagrun for tutorial_objectstorage to None, run_after=None
[2025-05-01T12:14:11.478+0000] {processor.py:183} INFO - Processing /home/airflow/.local/lib/python3.12/site-packages/airflow/example_dags/tutorial_objectstorage.py took 0.190 seconds
[2025-05-01T12:14:41.598+0000] {processor.py:161} INFO - Started process (PID=5048) to work on /home/airflow/.local/lib/python3.12/site-packages/airflow/example_dags/tutorial_objectstorage.py
[2025-05-01T12:14:41.600+0000] {processor.py:830} INFO - Processing file /home/airflow/.local/lib/python3.12/site-packages/airflow/example_dags/tutorial_objectstorage.py for tasks to queue
[2025-05-01T12:14:41.604+0000] {logging_mixin.py:188} INFO - [2025-05-01T12:14:41.603+0000] {dagbag.py:545} INFO - Filling up the DagBag from /home/airflow/.local/lib/python3.12/site-packages/airflow/example_dags/tutorial_objectstorage.py
[2025-05-01T12:14:41.619+0000] {processor.py:840} INFO - DAG(s) 'tutorial_objectstorage' retrieved from /home/airflow/.local/lib/python3.12/site-packages/airflow/example_dags/tutorial_objectstorage.py
[2025-05-01T12:14:41.660+0000] {logging_mixin.py:188} INFO - [2025-05-01T12:14:41.659+0000] {dag.py:3096} INFO - Sync 1 DAGs
[2025-05-01T12:14:41.722+0000] {logging_mixin.py:188} INFO - [2025-05-01T12:14:41.722+0000] {dag.py:3954} INFO - Setting next_dagrun for tutorial_objectstorage to None, run_after=None
[2025-05-01T12:14:41.813+0000] {processor.py:183} INFO - Processing /home/airflow/.local/lib/python3.12/site-packages/airflow/example_dags/tutorial_objectstorage.py took 0.225 seconds
[2025-05-01T12:15:12.057+0000] {processor.py:161} INFO - Started process (PID=5108) to work on /home/airflow/.local/lib/python3.12/site-packages/airflow/example_dags/tutorial_objectstorage.py
[2025-05-01T12:15:12.067+0000] {processor.py:830} INFO - Processing file /home/airflow/.local/lib/python3.12/site-packages/airflow/example_dags/tutorial_objectstorage.py for tasks to queue
[2025-05-01T12:15:12.074+0000] {logging_mixin.py:188} INFO - [2025-05-01T12:15:12.072+0000] {dagbag.py:545} INFO - Filling up the DagBag from /home/airflow/.local/lib/python3.12/site-packages/airflow/example_dags/tutorial_objectstorage.py
[2025-05-01T12:15:12.115+0000] {processor.py:840} INFO - DAG(s) 'tutorial_objectstorage' retrieved from /home/airflow/.local/lib/python3.12/site-packages/airflow/example_dags/tutorial_objectstorage.py
[2025-05-01T12:15:12.162+0000] {logging_mixin.py:188} INFO - [2025-05-01T12:15:12.162+0000] {dag.py:3096} INFO - Sync 1 DAGs
[2025-05-01T12:15:12.189+0000] {logging_mixin.py:188} INFO - [2025-05-01T12:15:12.189+0000] {dag.py:3954} INFO - Setting next_dagrun for tutorial_objectstorage to None, run_after=None
[2025-05-01T12:15:12.267+0000] {processor.py:183} INFO - Processing /home/airflow/.local/lib/python3.12/site-packages/airflow/example_dags/tutorial_objectstorage.py took 0.252 seconds
[2025-05-01T12:15:42.550+0000] {processor.py:161} INFO - Started process (PID=5167) to work on /home/airflow/.local/lib/python3.12/site-packages/airflow/example_dags/tutorial_objectstorage.py
[2025-05-01T12:15:42.552+0000] {processor.py:830} INFO - Processing file /home/airflow/.local/lib/python3.12/site-packages/airflow/example_dags/tutorial_objectstorage.py for tasks to queue
[2025-05-01T12:15:42.556+0000] {logging_mixin.py:188} INFO - [2025-05-01T12:15:42.555+0000] {dagbag.py:545} INFO - Filling up the DagBag from /home/airflow/.local/lib/python3.12/site-packages/airflow/example_dags/tutorial_objectstorage.py
[2025-05-01T12:15:42.573+0000] {processor.py:840} INFO - DAG(s) 'tutorial_objectstorage' retrieved from /home/airflow/.local/lib/python3.12/site-packages/airflow/example_dags/tutorial_objectstorage.py
[2025-05-01T12:15:42.621+0000] {logging_mixin.py:188} INFO - [2025-05-01T12:15:42.620+0000] {dag.py:3096} INFO - Sync 1 DAGs
[2025-05-01T12:15:42.691+0000] {logging_mixin.py:188} INFO - [2025-05-01T12:15:42.690+0000] {dag.py:3954} INFO - Setting next_dagrun for tutorial_objectstorage to None, run_after=None
[2025-05-01T12:15:42.743+0000] {processor.py:183} INFO - Processing /home/airflow/.local/lib/python3.12/site-packages/airflow/example_dags/tutorial_objectstorage.py took 0.206 seconds
[2025-05-01T12:16:13.120+0000] {processor.py:161} INFO - Started process (PID=5226) to work on /home/airflow/.local/lib/python3.12/site-packages/airflow/example_dags/tutorial_objectstorage.py
[2025-05-01T12:16:13.123+0000] {processor.py:830} INFO - Processing file /home/airflow/.local/lib/python3.12/site-packages/airflow/example_dags/tutorial_objectstorage.py for tasks to queue
[2025-05-01T12:16:13.128+0000] {logging_mixin.py:188} INFO - [2025-05-01T12:16:13.127+0000] {dagbag.py:545} INFO - Filling up the DagBag from /home/airflow/.local/lib/python3.12/site-packages/airflow/example_dags/tutorial_objectstorage.py
[2025-05-01T12:16:13.146+0000] {processor.py:840} INFO - DAG(s) 'tutorial_objectstorage' retrieved from /home/airflow/.local/lib/python3.12/site-packages/airflow/example_dags/tutorial_objectstorage.py
[2025-05-01T12:16:13.192+0000] {logging_mixin.py:188} INFO - [2025-05-01T12:16:13.191+0000] {dag.py:3096} INFO - Sync 1 DAGs
[2025-05-01T12:16:13.236+0000] {logging_mixin.py:188} INFO - [2025-05-01T12:16:13.236+0000] {dag.py:3954} INFO - Setting next_dagrun for tutorial_objectstorage to None, run_after=None
[2025-05-01T12:16:13.326+0000] {processor.py:183} INFO - Processing /home/airflow/.local/lib/python3.12/site-packages/airflow/example_dags/tutorial_objectstorage.py took 0.229 seconds
[2025-05-01T12:16:44.199+0000] {processor.py:161} INFO - Started process (PID=5286) to work on /home/airflow/.local/lib/python3.12/site-packages/airflow/example_dags/tutorial_objectstorage.py
[2025-05-01T12:16:44.202+0000] {processor.py:830} INFO - Processing file /home/airflow/.local/lib/python3.12/site-packages/airflow/example_dags/tutorial_objectstorage.py for tasks to queue
[2025-05-01T12:16:44.207+0000] {logging_mixin.py:188} INFO - [2025-05-01T12:16:44.206+0000] {dagbag.py:545} INFO - Filling up the DagBag from /home/airflow/.local/lib/python3.12/site-packages/airflow/example_dags/tutorial_objectstorage.py
[2025-05-01T12:16:44.226+0000] {processor.py:840} INFO - DAG(s) 'tutorial_objectstorage' retrieved from /home/airflow/.local/lib/python3.12/site-packages/airflow/example_dags/tutorial_objectstorage.py
[2025-05-01T12:16:44.277+0000] {logging_mixin.py:188} INFO - [2025-05-01T12:16:44.277+0000] {dag.py:3096} INFO - Sync 1 DAGs
[2025-05-01T12:16:44.313+0000] {logging_mixin.py:188} INFO - [2025-05-01T12:16:44.312+0000] {dag.py:3954} INFO - Setting next_dagrun for tutorial_objectstorage to None, run_after=None
[2025-05-01T12:16:44.394+0000] {processor.py:183} INFO - Processing /home/airflow/.local/lib/python3.12/site-packages/airflow/example_dags/tutorial_objectstorage.py took 0.210 seconds
[2025-05-01T12:17:15.740+0000] {processor.py:161} INFO - Started process (PID=5345) to work on /home/airflow/.local/lib/python3.12/site-packages/airflow/example_dags/tutorial_objectstorage.py
[2025-05-01T12:17:15.743+0000] {processor.py:830} INFO - Processing file /home/airflow/.local/lib/python3.12/site-packages/airflow/example_dags/tutorial_objectstorage.py for tasks to queue
[2025-05-01T12:17:15.748+0000] {logging_mixin.py:188} INFO - [2025-05-01T12:17:15.747+0000] {dagbag.py:545} INFO - Filling up the DagBag from /home/airflow/.local/lib/python3.12/site-packages/airflow/example_dags/tutorial_objectstorage.py
[2025-05-01T12:17:15.775+0000] {processor.py:840} INFO - DAG(s) 'tutorial_objectstorage' retrieved from /home/airflow/.local/lib/python3.12/site-packages/airflow/example_dags/tutorial_objectstorage.py
[2025-05-01T12:17:15.833+0000] {logging_mixin.py:188} INFO - [2025-05-01T12:17:15.832+0000] {dag.py:3096} INFO - Sync 1 DAGs
[2025-05-01T12:17:15.873+0000] {logging_mixin.py:188} INFO - [2025-05-01T12:17:15.872+0000] {dag.py:3954} INFO - Setting next_dagrun for tutorial_objectstorage to None, run_after=None
[2025-05-01T12:17:15.943+0000] {processor.py:183} INFO - Processing /home/airflow/.local/lib/python3.12/site-packages/airflow/example_dags/tutorial_objectstorage.py took 0.215 seconds
[2025-05-01T12:17:46.238+0000] {processor.py:161} INFO - Started process (PID=5402) to work on /home/airflow/.local/lib/python3.12/site-packages/airflow/example_dags/tutorial_objectstorage.py
[2025-05-01T12:17:46.241+0000] {processor.py:830} INFO - Processing file /home/airflow/.local/lib/python3.12/site-packages/airflow/example_dags/tutorial_objectstorage.py for tasks to queue
[2025-05-01T12:17:46.245+0000] {logging_mixin.py:188} INFO - [2025-05-01T12:17:46.244+0000] {dagbag.py:545} INFO - Filling up the DagBag from /home/airflow/.local/lib/python3.12/site-packages/airflow/example_dags/tutorial_objectstorage.py
[2025-05-01T12:17:46.262+0000] {processor.py:840} INFO - DAG(s) 'tutorial_objectstorage' retrieved from /home/airflow/.local/lib/python3.12/site-packages/airflow/example_dags/tutorial_objectstorage.py
[2025-05-01T12:17:46.315+0000] {logging_mixin.py:188} INFO - [2025-05-01T12:17:46.314+0000] {dag.py:3096} INFO - Sync 1 DAGs
[2025-05-01T12:17:46.354+0000] {logging_mixin.py:188} INFO - [2025-05-01T12:17:46.354+0000] {dag.py:3954} INFO - Setting next_dagrun for tutorial_objectstorage to None, run_after=None
[2025-05-01T12:17:46.459+0000] {processor.py:183} INFO - Processing /home/airflow/.local/lib/python3.12/site-packages/airflow/example_dags/tutorial_objectstorage.py took 0.234 seconds
[2025-05-01T12:18:16.910+0000] {processor.py:161} INFO - Started process (PID=5461) to work on /home/airflow/.local/lib/python3.12/site-packages/airflow/example_dags/tutorial_objectstorage.py
[2025-05-01T12:18:16.912+0000] {processor.py:830} INFO - Processing file /home/airflow/.local/lib/python3.12/site-packages/airflow/example_dags/tutorial_objectstorage.py for tasks to queue
[2025-05-01T12:18:16.916+0000] {logging_mixin.py:188} INFO - [2025-05-01T12:18:16.915+0000] {dagbag.py:545} INFO - Filling up the DagBag from /home/airflow/.local/lib/python3.12/site-packages/airflow/example_dags/tutorial_objectstorage.py
[2025-05-01T12:18:16.934+0000] {processor.py:840} INFO - DAG(s) 'tutorial_objectstorage' retrieved from /home/airflow/.local/lib/python3.12/site-packages/airflow/example_dags/tutorial_objectstorage.py
[2025-05-01T12:18:16.989+0000] {logging_mixin.py:188} INFO - [2025-05-01T12:18:16.988+0000] {dag.py:3096} INFO - Sync 1 DAGs
[2025-05-01T12:18:17.025+0000] {logging_mixin.py:188} INFO - [2025-05-01T12:18:17.024+0000] {dag.py:3954} INFO - Setting next_dagrun for tutorial_objectstorage to None, run_after=None
[2025-05-01T12:18:17.121+0000] {processor.py:183} INFO - Processing /home/airflow/.local/lib/python3.12/site-packages/airflow/example_dags/tutorial_objectstorage.py took 0.224 seconds
[2025-05-01T12:18:47.750+0000] {processor.py:161} INFO - Started process (PID=5520) to work on /home/airflow/.local/lib/python3.12/site-packages/airflow/example_dags/tutorial_objectstorage.py
[2025-05-01T12:18:47.753+0000] {processor.py:830} INFO - Processing file /home/airflow/.local/lib/python3.12/site-packages/airflow/example_dags/tutorial_objectstorage.py for tasks to queue
[2025-05-01T12:18:47.757+0000] {logging_mixin.py:188} INFO - [2025-05-01T12:18:47.757+0000] {dagbag.py:545} INFO - Filling up the DagBag from /home/airflow/.local/lib/python3.12/site-packages/airflow/example_dags/tutorial_objectstorage.py
[2025-05-01T12:18:47.770+0000] {processor.py:840} INFO - DAG(s) 'tutorial_objectstorage' retrieved from /home/airflow/.local/lib/python3.12/site-packages/airflow/example_dags/tutorial_objectstorage.py
[2025-05-01T12:18:47.813+0000] {logging_mixin.py:188} INFO - [2025-05-01T12:18:47.812+0000] {dag.py:3096} INFO - Sync 1 DAGs
[2025-05-01T12:18:47.838+0000] {logging_mixin.py:188} INFO - [2025-05-01T12:18:47.837+0000] {dag.py:3954} INFO - Setting next_dagrun for tutorial_objectstorage to None, run_after=None
[2025-05-01T12:18:47.917+0000] {processor.py:183} INFO - Processing /home/airflow/.local/lib/python3.12/site-packages/airflow/example_dags/tutorial_objectstorage.py took 0.184 seconds
[2025-05-01T12:19:18.060+0000] {processor.py:161} INFO - Started process (PID=5578) to work on /home/airflow/.local/lib/python3.12/site-packages/airflow/example_dags/tutorial_objectstorage.py
[2025-05-01T12:19:18.063+0000] {processor.py:830} INFO - Processing file /home/airflow/.local/lib/python3.12/site-packages/airflow/example_dags/tutorial_objectstorage.py for tasks to queue
[2025-05-01T12:19:18.068+0000] {logging_mixin.py:188} INFO - [2025-05-01T12:19:18.067+0000] {dagbag.py:545} INFO - Filling up the DagBag from /home/airflow/.local/lib/python3.12/site-packages/airflow/example_dags/tutorial_objectstorage.py
[2025-05-01T12:19:18.084+0000] {processor.py:840} INFO - DAG(s) 'tutorial_objectstorage' retrieved from /home/airflow/.local/lib/python3.12/site-packages/airflow/example_dags/tutorial_objectstorage.py
[2025-05-01T12:19:18.135+0000] {logging_mixin.py:188} INFO - [2025-05-01T12:19:18.134+0000] {dag.py:3096} INFO - Sync 1 DAGs
[2025-05-01T12:19:18.167+0000] {logging_mixin.py:188} INFO - [2025-05-01T12:19:18.167+0000] {dag.py:3954} INFO - Setting next_dagrun for tutorial_objectstorage to None, run_after=None
[2025-05-01T12:19:18.257+0000] {processor.py:183} INFO - Processing /home/airflow/.local/lib/python3.12/site-packages/airflow/example_dags/tutorial_objectstorage.py took 0.211 seconds
[2025-05-01T12:19:48.635+0000] {processor.py:161} INFO - Started process (PID=5637) to work on /home/airflow/.local/lib/python3.12/site-packages/airflow/example_dags/tutorial_objectstorage.py
[2025-05-01T12:19:48.637+0000] {processor.py:830} INFO - Processing file /home/airflow/.local/lib/python3.12/site-packages/airflow/example_dags/tutorial_objectstorage.py for tasks to queue
[2025-05-01T12:19:48.643+0000] {logging_mixin.py:188} INFO - [2025-05-01T12:19:48.641+0000] {dagbag.py:545} INFO - Filling up the DagBag from /home/airflow/.local/lib/python3.12/site-packages/airflow/example_dags/tutorial_objectstorage.py
[2025-05-01T12:19:48.664+0000] {processor.py:840} INFO - DAG(s) 'tutorial_objectstorage' retrieved from /home/airflow/.local/lib/python3.12/site-packages/airflow/example_dags/tutorial_objectstorage.py
[2025-05-01T12:19:48.721+0000] {logging_mixin.py:188} INFO - [2025-05-01T12:19:48.721+0000] {dag.py:3096} INFO - Sync 1 DAGs
[2025-05-01T12:19:48.762+0000] {logging_mixin.py:188} INFO - [2025-05-01T12:19:48.761+0000] {dag.py:3954} INFO - Setting next_dagrun for tutorial_objectstorage to None, run_after=None
[2025-05-01T12:19:48.851+0000] {processor.py:183} INFO - Processing /home/airflow/.local/lib/python3.12/site-packages/airflow/example_dags/tutorial_objectstorage.py took 0.240 seconds
[2025-05-01T12:20:19.516+0000] {processor.py:161} INFO - Started process (PID=5696) to work on /home/airflow/.local/lib/python3.12/site-packages/airflow/example_dags/tutorial_objectstorage.py
[2025-05-01T12:20:19.519+0000] {processor.py:830} INFO - Processing file /home/airflow/.local/lib/python3.12/site-packages/airflow/example_dags/tutorial_objectstorage.py for tasks to queue
[2025-05-01T12:20:19.525+0000] {logging_mixin.py:188} INFO - [2025-05-01T12:20:19.524+0000] {dagbag.py:545} INFO - Filling up the DagBag from /home/airflow/.local/lib/python3.12/site-packages/airflow/example_dags/tutorial_objectstorage.py
[2025-05-01T12:20:19.543+0000] {processor.py:840} INFO - DAG(s) 'tutorial_objectstorage' retrieved from /home/airflow/.local/lib/python3.12/site-packages/airflow/example_dags/tutorial_objectstorage.py
[2025-05-01T12:20:19.602+0000] {logging_mixin.py:188} INFO - [2025-05-01T12:20:19.602+0000] {dag.py:3096} INFO - Sync 1 DAGs
[2025-05-01T12:20:19.638+0000] {logging_mixin.py:188} INFO - [2025-05-01T12:20:19.637+0000] {dag.py:3954} INFO - Setting next_dagrun for tutorial_objectstorage to None, run_after=None
[2025-05-01T12:20:19.753+0000] {processor.py:183} INFO - Processing /home/airflow/.local/lib/python3.12/site-packages/airflow/example_dags/tutorial_objectstorage.py took 0.251 seconds
[2025-05-01T12:20:50.512+0000] {processor.py:161} INFO - Started process (PID=5755) to work on /home/airflow/.local/lib/python3.12/site-packages/airflow/example_dags/tutorial_objectstorage.py
[2025-05-01T12:20:50.515+0000] {processor.py:830} INFO - Processing file /home/airflow/.local/lib/python3.12/site-packages/airflow/example_dags/tutorial_objectstorage.py for tasks to queue
[2025-05-01T12:20:50.520+0000] {logging_mixin.py:188} INFO - [2025-05-01T12:20:50.519+0000] {dagbag.py:545} INFO - Filling up the DagBag from /home/airflow/.local/lib/python3.12/site-packages/airflow/example_dags/tutorial_objectstorage.py
[2025-05-01T12:20:50.535+0000] {processor.py:840} INFO - DAG(s) 'tutorial_objectstorage' retrieved from /home/airflow/.local/lib/python3.12/site-packages/airflow/example_dags/tutorial_objectstorage.py
[2025-05-01T12:20:50.583+0000] {logging_mixin.py:188} INFO - [2025-05-01T12:20:50.582+0000] {dag.py:3096} INFO - Sync 1 DAGs
[2025-05-01T12:20:50.615+0000] {logging_mixin.py:188} INFO - [2025-05-01T12:20:50.615+0000] {dag.py:3954} INFO - Setting next_dagrun for tutorial_objectstorage to None, run_after=None
[2025-05-01T12:20:50.678+0000] {processor.py:183} INFO - Processing /home/airflow/.local/lib/python3.12/site-packages/airflow/example_dags/tutorial_objectstorage.py took 0.180 seconds
[2025-05-01T12:21:21.427+0000] {processor.py:161} INFO - Started process (PID=5814) to work on /home/airflow/.local/lib/python3.12/site-packages/airflow/example_dags/tutorial_objectstorage.py
[2025-05-01T12:21:21.430+0000] {processor.py:830} INFO - Processing file /home/airflow/.local/lib/python3.12/site-packages/airflow/example_dags/tutorial_objectstorage.py for tasks to queue
[2025-05-01T12:21:21.435+0000] {logging_mixin.py:188} INFO - [2025-05-01T12:21:21.434+0000] {dagbag.py:545} INFO - Filling up the DagBag from /home/airflow/.local/lib/python3.12/site-packages/airflow/example_dags/tutorial_objectstorage.py
[2025-05-01T12:21:21.458+0000] {processor.py:840} INFO - DAG(s) 'tutorial_objectstorage' retrieved from /home/airflow/.local/lib/python3.12/site-packages/airflow/example_dags/tutorial_objectstorage.py
[2025-05-01T12:21:21.509+0000] {logging_mixin.py:188} INFO - [2025-05-01T12:21:21.509+0000] {dag.py:3096} INFO - Sync 1 DAGs
[2025-05-01T12:21:21.545+0000] {logging_mixin.py:188} INFO - [2025-05-01T12:21:21.545+0000] {dag.py:3954} INFO - Setting next_dagrun for tutorial_objectstorage to None, run_after=None
[2025-05-01T12:21:21.636+0000] {processor.py:183} INFO - Processing /home/airflow/.local/lib/python3.12/site-packages/airflow/example_dags/tutorial_objectstorage.py took 0.225 seconds
[2025-05-01T12:21:52.545+0000] {processor.py:161} INFO - Started process (PID=5873) to work on /home/airflow/.local/lib/python3.12/site-packages/airflow/example_dags/tutorial_objectstorage.py
[2025-05-01T12:21:52.548+0000] {processor.py:830} INFO - Processing file /home/airflow/.local/lib/python3.12/site-packages/airflow/example_dags/tutorial_objectstorage.py for tasks to queue
[2025-05-01T12:21:52.553+0000] {logging_mixin.py:188} INFO - [2025-05-01T12:21:52.553+0000] {dagbag.py:545} INFO - Filling up the DagBag from /home/airflow/.local/lib/python3.12/site-packages/airflow/example_dags/tutorial_objectstorage.py
[2025-05-01T12:21:52.568+0000] {processor.py:840} INFO - DAG(s) 'tutorial_objectstorage' retrieved from /home/airflow/.local/lib/python3.12/site-packages/airflow/example_dags/tutorial_objectstorage.py
[2025-05-01T12:21:52.638+0000] {logging_mixin.py:188} INFO - [2025-05-01T12:21:52.638+0000] {dag.py:3096} INFO - Sync 1 DAGs
[2025-05-01T12:21:52.677+0000] {logging_mixin.py:188} INFO - [2025-05-01T12:21:52.677+0000] {dag.py:3954} INFO - Setting next_dagrun for tutorial_objectstorage to None, run_after=None
[2025-05-01T12:21:52.775+0000] {processor.py:183} INFO - Processing /home/airflow/.local/lib/python3.12/site-packages/airflow/example_dags/tutorial_objectstorage.py took 0.241 seconds
[2025-05-01T12:22:23.270+0000] {processor.py:161} INFO - Started process (PID=5932) to work on /home/airflow/.local/lib/python3.12/site-packages/airflow/example_dags/tutorial_objectstorage.py
[2025-05-01T12:22:23.273+0000] {processor.py:830} INFO - Processing file /home/airflow/.local/lib/python3.12/site-packages/airflow/example_dags/tutorial_objectstorage.py for tasks to queue
[2025-05-01T12:22:23.277+0000] {logging_mixin.py:188} INFO - [2025-05-01T12:22:23.276+0000] {dagbag.py:545} INFO - Filling up the DagBag from /home/airflow/.local/lib/python3.12/site-packages/airflow/example_dags/tutorial_objectstorage.py
[2025-05-01T12:22:23.292+0000] {processor.py:840} INFO - DAG(s) 'tutorial_objectstorage' retrieved from /home/airflow/.local/lib/python3.12/site-packages/airflow/example_dags/tutorial_objectstorage.py
[2025-05-01T12:22:23.341+0000] {logging_mixin.py:188} INFO - [2025-05-01T12:22:23.340+0000] {dag.py:3096} INFO - Sync 1 DAGs
[2025-05-01T12:22:23.374+0000] {logging_mixin.py:188} INFO - [2025-05-01T12:22:23.373+0000] {dag.py:3954} INFO - Setting next_dagrun for tutorial_objectstorage to None, run_after=None
[2025-05-01T12:22:23.466+0000] {processor.py:183} INFO - Processing /home/airflow/.local/lib/python3.12/site-packages/airflow/example_dags/tutorial_objectstorage.py took 0.211 seconds
[2025-05-01T12:22:54.125+0000] {processor.py:161} INFO - Started process (PID=5992) to work on /home/airflow/.local/lib/python3.12/site-packages/airflow/example_dags/tutorial_objectstorage.py
[2025-05-01T12:22:54.127+0000] {processor.py:830} INFO - Processing file /home/airflow/.local/lib/python3.12/site-packages/airflow/example_dags/tutorial_objectstorage.py for tasks to queue
[2025-05-01T12:22:54.132+0000] {logging_mixin.py:188} INFO - [2025-05-01T12:22:54.131+0000] {dagbag.py:545} INFO - Filling up the DagBag from /home/airflow/.local/lib/python3.12/site-packages/airflow/example_dags/tutorial_objectstorage.py
[2025-05-01T12:22:54.148+0000] {processor.py:840} INFO - DAG(s) 'tutorial_objectstorage' retrieved from /home/airflow/.local/lib/python3.12/site-packages/airflow/example_dags/tutorial_objectstorage.py
[2025-05-01T12:22:54.197+0000] {logging_mixin.py:188} INFO - [2025-05-01T12:22:54.196+0000] {dag.py:3096} INFO - Sync 1 DAGs
[2025-05-01T12:22:54.233+0000] {logging_mixin.py:188} INFO - [2025-05-01T12:22:54.233+0000] {dag.py:3954} INFO - Setting next_dagrun for tutorial_objectstorage to None, run_after=None
[2025-05-01T12:22:54.329+0000] {processor.py:183} INFO - Processing /home/airflow/.local/lib/python3.12/site-packages/airflow/example_dags/tutorial_objectstorage.py took 0.219 seconds
[2025-05-01T12:23:25.140+0000] {processor.py:161} INFO - Started process (PID=6051) to work on /home/airflow/.local/lib/python3.12/site-packages/airflow/example_dags/tutorial_objectstorage.py
[2025-05-01T12:23:25.143+0000] {processor.py:830} INFO - Processing file /home/airflow/.local/lib/python3.12/site-packages/airflow/example_dags/tutorial_objectstorage.py for tasks to queue
[2025-05-01T12:23:25.147+0000] {logging_mixin.py:188} INFO - [2025-05-01T12:23:25.147+0000] {dagbag.py:545} INFO - Filling up the DagBag from /home/airflow/.local/lib/python3.12/site-packages/airflow/example_dags/tutorial_objectstorage.py
[2025-05-01T12:23:25.164+0000] {processor.py:840} INFO - DAG(s) 'tutorial_objectstorage' retrieved from /home/airflow/.local/lib/python3.12/site-packages/airflow/example_dags/tutorial_objectstorage.py
[2025-05-01T12:23:25.216+0000] {logging_mixin.py:188} INFO - [2025-05-01T12:23:25.216+0000] {dag.py:3096} INFO - Sync 1 DAGs
[2025-05-01T12:23:25.247+0000] {logging_mixin.py:188} INFO - [2025-05-01T12:23:25.247+0000] {dag.py:3954} INFO - Setting next_dagrun for tutorial_objectstorage to None, run_after=None
[2025-05-01T12:23:25.329+0000] {processor.py:183} INFO - Processing /home/airflow/.local/lib/python3.12/site-packages/airflow/example_dags/tutorial_objectstorage.py took 0.203 seconds
[2025-05-01T12:23:55.933+0000] {processor.py:161} INFO - Started process (PID=6110) to work on /home/airflow/.local/lib/python3.12/site-packages/airflow/example_dags/tutorial_objectstorage.py
[2025-05-01T12:23:55.936+0000] {processor.py:830} INFO - Processing file /home/airflow/.local/lib/python3.12/site-packages/airflow/example_dags/tutorial_objectstorage.py for tasks to queue
[2025-05-01T12:23:55.941+0000] {logging_mixin.py:188} INFO - [2025-05-01T12:23:55.940+0000] {dagbag.py:545} INFO - Filling up the DagBag from /home/airflow/.local/lib/python3.12/site-packages/airflow/example_dags/tutorial_objectstorage.py
[2025-05-01T12:23:55.958+0000] {processor.py:840} INFO - DAG(s) 'tutorial_objectstorage' retrieved from /home/airflow/.local/lib/python3.12/site-packages/airflow/example_dags/tutorial_objectstorage.py
[2025-05-01T12:23:56.023+0000] {logging_mixin.py:188} INFO - [2025-05-01T12:23:56.022+0000] {dag.py:3096} INFO - Sync 1 DAGs
[2025-05-01T12:23:56.056+0000] {logging_mixin.py:188} INFO - [2025-05-01T12:23:56.056+0000] {dag.py:3954} INFO - Setting next_dagrun for tutorial_objectstorage to None, run_after=None
[2025-05-01T12:23:56.108+0000] {processor.py:183} INFO - Processing /home/airflow/.local/lib/python3.12/site-packages/airflow/example_dags/tutorial_objectstorage.py took 0.194 seconds
[2025-05-01T12:24:26.706+0000] {processor.py:161} INFO - Started process (PID=6169) to work on /home/airflow/.local/lib/python3.12/site-packages/airflow/example_dags/tutorial_objectstorage.py
[2025-05-01T12:24:26.710+0000] {processor.py:830} INFO - Processing file /home/airflow/.local/lib/python3.12/site-packages/airflow/example_dags/tutorial_objectstorage.py for tasks to queue
[2025-05-01T12:24:26.714+0000] {logging_mixin.py:188} INFO - [2025-05-01T12:24:26.714+0000] {dagbag.py:545} INFO - Filling up the DagBag from /home/airflow/.local/lib/python3.12/site-packages/airflow/example_dags/tutorial_objectstorage.py
[2025-05-01T12:24:26.737+0000] {processor.py:840} INFO - DAG(s) 'tutorial_objectstorage' retrieved from /home/airflow/.local/lib/python3.12/site-packages/airflow/example_dags/tutorial_objectstorage.py
[2025-05-01T12:24:26.796+0000] {logging_mixin.py:188} INFO - [2025-05-01T12:24:26.795+0000] {dag.py:3096} INFO - Sync 1 DAGs
[2025-05-01T12:24:26.840+0000] {logging_mixin.py:188} INFO - [2025-05-01T12:24:26.840+0000] {dag.py:3954} INFO - Setting next_dagrun for tutorial_objectstorage to None, run_after=None
[2025-05-01T12:24:26.894+0000] {processor.py:183} INFO - Processing /home/airflow/.local/lib/python3.12/site-packages/airflow/example_dags/tutorial_objectstorage.py took 0.205 seconds
[2025-05-01T12:24:57.212+0000] {processor.py:161} INFO - Started process (PID=6228) to work on /home/airflow/.local/lib/python3.12/site-packages/airflow/example_dags/tutorial_objectstorage.py
[2025-05-01T12:24:57.215+0000] {processor.py:830} INFO - Processing file /home/airflow/.local/lib/python3.12/site-packages/airflow/example_dags/tutorial_objectstorage.py for tasks to queue
[2025-05-01T12:24:57.219+0000] {logging_mixin.py:188} INFO - [2025-05-01T12:24:57.219+0000] {dagbag.py:545} INFO - Filling up the DagBag from /home/airflow/.local/lib/python3.12/site-packages/airflow/example_dags/tutorial_objectstorage.py
[2025-05-01T12:24:57.236+0000] {processor.py:840} INFO - DAG(s) 'tutorial_objectstorage' retrieved from /home/airflow/.local/lib/python3.12/site-packages/airflow/example_dags/tutorial_objectstorage.py
[2025-05-01T12:24:57.291+0000] {logging_mixin.py:188} INFO - [2025-05-01T12:24:57.290+0000] {dag.py:3096} INFO - Sync 1 DAGs
[2025-05-01T12:24:57.336+0000] {logging_mixin.py:188} INFO - [2025-05-01T12:24:57.335+0000] {dag.py:3954} INFO - Setting next_dagrun for tutorial_objectstorage to None, run_after=None
[2025-05-01T12:24:57.398+0000] {processor.py:183} INFO - Processing /home/airflow/.local/lib/python3.12/site-packages/airflow/example_dags/tutorial_objectstorage.py took 0.200 seconds
