[2025-05-01T10:49:55.248+0000] {processor.py:161} INFO - Started process (PID=106) to work on /home/airflow/.local/lib/python3.12/site-packages/airflow/example_dags/tutorial_taskflow_api_virtualenv.py
[2025-05-01T10:49:55.249+0000] {processor.py:830} INFO - Processing file /home/airflow/.local/lib/python3.12/site-packages/airflow/example_dags/tutorial_taskflow_api_virtualenv.py for tasks to queue
[2025-05-01T10:49:55.252+0000] {logging_mixin.py:188} INFO - [2025-05-01T10:49:55.251+0000] {dagbag.py:545} INFO - Filling up the DagBag from /home/airflow/.local/lib/python3.12/site-packages/airflow/example_dags/tutorial_taskflow_api_virtualenv.py
[2025-05-01T10:49:55.263+0000] {processor.py:840} INFO - DAG(s) 'tutorial_taskflow_api_virtualenv' retrieved from /home/airflow/.local/lib/python3.12/site-packages/airflow/example_dags/tutorial_taskflow_api_virtualenv.py
[2025-05-01T10:49:55.385+0000] {logging_mixin.py:188} INFO - [2025-05-01T10:49:55.384+0000] {dag.py:3096} INFO - Sync 1 DAGs
[2025-05-01T10:49:55.397+0000] {logging_mixin.py:188} INFO - [2025-05-01T10:49:55.397+0000] {dag.py:3954} INFO - Setting next_dagrun for tutorial_taskflow_api_virtualenv to None, run_after=None
[2025-05-01T10:49:55.426+0000] {processor.py:183} INFO - Processing /home/airflow/.local/lib/python3.12/site-packages/airflow/example_dags/tutorial_taskflow_api_virtualenv.py took 0.185 seconds
[2025-05-01T10:50:25.881+0000] {processor.py:161} INFO - Started process (PID=164) to work on /home/airflow/.local/lib/python3.12/site-packages/airflow/example_dags/tutorial_taskflow_api_virtualenv.py
[2025-05-01T10:50:25.883+0000] {processor.py:830} INFO - Processing file /home/airflow/.local/lib/python3.12/site-packages/airflow/example_dags/tutorial_taskflow_api_virtualenv.py for tasks to queue
[2025-05-01T10:50:25.885+0000] {logging_mixin.py:188} INFO - [2025-05-01T10:50:25.885+0000] {dagbag.py:545} INFO - Filling up the DagBag from /home/airflow/.local/lib/python3.12/site-packages/airflow/example_dags/tutorial_taskflow_api_virtualenv.py
[2025-05-01T10:50:25.897+0000] {processor.py:840} INFO - DAG(s) 'tutorial_taskflow_api_virtualenv' retrieved from /home/airflow/.local/lib/python3.12/site-packages/airflow/example_dags/tutorial_taskflow_api_virtualenv.py
[2025-05-01T10:50:25.920+0000] {logging_mixin.py:188} INFO - [2025-05-01T10:50:25.920+0000] {dag.py:3096} INFO - Sync 1 DAGs
[2025-05-01T10:50:25.935+0000] {logging_mixin.py:188} INFO - [2025-05-01T10:50:25.935+0000] {dag.py:3954} INFO - Setting next_dagrun for tutorial_taskflow_api_virtualenv to None, run_after=None
[2025-05-01T10:50:25.959+0000] {processor.py:183} INFO - Processing /home/airflow/.local/lib/python3.12/site-packages/airflow/example_dags/tutorial_taskflow_api_virtualenv.py took 0.084 seconds
[2025-05-01T10:51:54.544+0000] {processor.py:161} INFO - Started process (PID=112) to work on /home/airflow/.local/lib/python3.12/site-packages/airflow/example_dags/tutorial_taskflow_api_virtualenv.py
[2025-05-01T10:51:54.546+0000] {processor.py:830} INFO - Processing file /home/airflow/.local/lib/python3.12/site-packages/airflow/example_dags/tutorial_taskflow_api_virtualenv.py for tasks to queue
[2025-05-01T10:51:54.548+0000] {logging_mixin.py:188} INFO - [2025-05-01T10:51:54.548+0000] {dagbag.py:545} INFO - Filling up the DagBag from /home/airflow/.local/lib/python3.12/site-packages/airflow/example_dags/tutorial_taskflow_api_virtualenv.py
[2025-05-01T10:51:54.560+0000] {processor.py:840} INFO - DAG(s) 'tutorial_taskflow_api_virtualenv' retrieved from /home/airflow/.local/lib/python3.12/site-packages/airflow/example_dags/tutorial_taskflow_api_virtualenv.py
[2025-05-01T10:51:54.683+0000] {logging_mixin.py:188} INFO - [2025-05-01T10:51:54.683+0000] {dag.py:3096} INFO - Sync 1 DAGs
[2025-05-01T10:51:54.700+0000] {logging_mixin.py:188} INFO - [2025-05-01T10:51:54.699+0000] {dag.py:3954} INFO - Setting next_dagrun for tutorial_taskflow_api_virtualenv to None, run_after=None
[2025-05-01T10:51:54.736+0000] {processor.py:183} INFO - Processing /home/airflow/.local/lib/python3.12/site-packages/airflow/example_dags/tutorial_taskflow_api_virtualenv.py took 0.197 seconds
[2025-05-01T10:52:24.837+0000] {processor.py:161} INFO - Started process (PID=170) to work on /home/airflow/.local/lib/python3.12/site-packages/airflow/example_dags/tutorial_taskflow_api_virtualenv.py
[2025-05-01T10:52:24.838+0000] {processor.py:830} INFO - Processing file /home/airflow/.local/lib/python3.12/site-packages/airflow/example_dags/tutorial_taskflow_api_virtualenv.py for tasks to queue
[2025-05-01T10:52:24.841+0000] {logging_mixin.py:188} INFO - [2025-05-01T10:52:24.840+0000] {dagbag.py:545} INFO - Filling up the DagBag from /home/airflow/.local/lib/python3.12/site-packages/airflow/example_dags/tutorial_taskflow_api_virtualenv.py
[2025-05-01T10:52:24.851+0000] {processor.py:840} INFO - DAG(s) 'tutorial_taskflow_api_virtualenv' retrieved from /home/airflow/.local/lib/python3.12/site-packages/airflow/example_dags/tutorial_taskflow_api_virtualenv.py
[2025-05-01T10:52:24.873+0000] {logging_mixin.py:188} INFO - [2025-05-01T10:52:24.873+0000] {dag.py:3096} INFO - Sync 1 DAGs
[2025-05-01T10:52:24.889+0000] {logging_mixin.py:188} INFO - [2025-05-01T10:52:24.889+0000] {dag.py:3954} INFO - Setting next_dagrun for tutorial_taskflow_api_virtualenv to None, run_after=None
[2025-05-01T10:52:24.926+0000] {processor.py:183} INFO - Processing /home/airflow/.local/lib/python3.12/site-packages/airflow/example_dags/tutorial_taskflow_api_virtualenv.py took 0.095 seconds
[2025-05-01T10:52:56.029+0000] {processor.py:161} INFO - Started process (PID=228) to work on /home/airflow/.local/lib/python3.12/site-packages/airflow/example_dags/tutorial_taskflow_api_virtualenv.py
[2025-05-01T10:52:56.031+0000] {processor.py:830} INFO - Processing file /home/airflow/.local/lib/python3.12/site-packages/airflow/example_dags/tutorial_taskflow_api_virtualenv.py for tasks to queue
[2025-05-01T10:52:56.033+0000] {logging_mixin.py:188} INFO - [2025-05-01T10:52:56.033+0000] {dagbag.py:545} INFO - Filling up the DagBag from /home/airflow/.local/lib/python3.12/site-packages/airflow/example_dags/tutorial_taskflow_api_virtualenv.py
[2025-05-01T10:52:56.044+0000] {processor.py:840} INFO - DAG(s) 'tutorial_taskflow_api_virtualenv' retrieved from /home/airflow/.local/lib/python3.12/site-packages/airflow/example_dags/tutorial_taskflow_api_virtualenv.py
[2025-05-01T10:52:56.069+0000] {logging_mixin.py:188} INFO - [2025-05-01T10:52:56.069+0000] {dag.py:3096} INFO - Sync 1 DAGs
[2025-05-01T10:52:56.084+0000] {logging_mixin.py:188} INFO - [2025-05-01T10:52:56.084+0000] {dag.py:3954} INFO - Setting next_dagrun for tutorial_taskflow_api_virtualenv to None, run_after=None
[2025-05-01T10:52:56.113+0000] {processor.py:183} INFO - Processing /home/airflow/.local/lib/python3.12/site-packages/airflow/example_dags/tutorial_taskflow_api_virtualenv.py took 0.090 seconds
[2025-05-01T10:53:27.217+0000] {processor.py:161} INFO - Started process (PID=286) to work on /home/airflow/.local/lib/python3.12/site-packages/airflow/example_dags/tutorial_taskflow_api_virtualenv.py
[2025-05-01T10:53:27.218+0000] {processor.py:830} INFO - Processing file /home/airflow/.local/lib/python3.12/site-packages/airflow/example_dags/tutorial_taskflow_api_virtualenv.py for tasks to queue
[2025-05-01T10:53:27.221+0000] {logging_mixin.py:188} INFO - [2025-05-01T10:53:27.220+0000] {dagbag.py:545} INFO - Filling up the DagBag from /home/airflow/.local/lib/python3.12/site-packages/airflow/example_dags/tutorial_taskflow_api_virtualenv.py
[2025-05-01T10:53:27.232+0000] {processor.py:840} INFO - DAG(s) 'tutorial_taskflow_api_virtualenv' retrieved from /home/airflow/.local/lib/python3.12/site-packages/airflow/example_dags/tutorial_taskflow_api_virtualenv.py
[2025-05-01T10:53:27.258+0000] {logging_mixin.py:188} INFO - [2025-05-01T10:53:27.258+0000] {dag.py:3096} INFO - Sync 1 DAGs
[2025-05-01T10:53:27.274+0000] {logging_mixin.py:188} INFO - [2025-05-01T10:53:27.273+0000] {dag.py:3954} INFO - Setting next_dagrun for tutorial_taskflow_api_virtualenv to None, run_after=None
[2025-05-01T10:53:27.301+0000] {processor.py:183} INFO - Processing /home/airflow/.local/lib/python3.12/site-packages/airflow/example_dags/tutorial_taskflow_api_virtualenv.py took 0.091 seconds
[2025-05-01T10:53:57.400+0000] {processor.py:161} INFO - Started process (PID=344) to work on /home/airflow/.local/lib/python3.12/site-packages/airflow/example_dags/tutorial_taskflow_api_virtualenv.py
[2025-05-01T10:53:57.401+0000] {processor.py:830} INFO - Processing file /home/airflow/.local/lib/python3.12/site-packages/airflow/example_dags/tutorial_taskflow_api_virtualenv.py for tasks to queue
[2025-05-01T10:53:57.404+0000] {logging_mixin.py:188} INFO - [2025-05-01T10:53:57.403+0000] {dagbag.py:545} INFO - Filling up the DagBag from /home/airflow/.local/lib/python3.12/site-packages/airflow/example_dags/tutorial_taskflow_api_virtualenv.py
[2025-05-01T10:53:57.414+0000] {processor.py:840} INFO - DAG(s) 'tutorial_taskflow_api_virtualenv' retrieved from /home/airflow/.local/lib/python3.12/site-packages/airflow/example_dags/tutorial_taskflow_api_virtualenv.py
[2025-05-01T10:53:57.437+0000] {logging_mixin.py:188} INFO - [2025-05-01T10:53:57.437+0000] {dag.py:3096} INFO - Sync 1 DAGs
[2025-05-01T10:53:57.451+0000] {logging_mixin.py:188} INFO - [2025-05-01T10:53:57.451+0000] {dag.py:3954} INFO - Setting next_dagrun for tutorial_taskflow_api_virtualenv to None, run_after=None
[2025-05-01T10:53:57.478+0000] {processor.py:183} INFO - Processing /home/airflow/.local/lib/python3.12/site-packages/airflow/example_dags/tutorial_taskflow_api_virtualenv.py took 0.084 seconds
[2025-05-01T10:54:27.858+0000] {processor.py:161} INFO - Started process (PID=402) to work on /home/airflow/.local/lib/python3.12/site-packages/airflow/example_dags/tutorial_taskflow_api_virtualenv.py
[2025-05-01T10:54:27.860+0000] {processor.py:830} INFO - Processing file /home/airflow/.local/lib/python3.12/site-packages/airflow/example_dags/tutorial_taskflow_api_virtualenv.py for tasks to queue
[2025-05-01T10:54:27.862+0000] {logging_mixin.py:188} INFO - [2025-05-01T10:54:27.862+0000] {dagbag.py:545} INFO - Filling up the DagBag from /home/airflow/.local/lib/python3.12/site-packages/airflow/example_dags/tutorial_taskflow_api_virtualenv.py
[2025-05-01T10:54:27.873+0000] {processor.py:840} INFO - DAG(s) 'tutorial_taskflow_api_virtualenv' retrieved from /home/airflow/.local/lib/python3.12/site-packages/airflow/example_dags/tutorial_taskflow_api_virtualenv.py
[2025-05-01T10:54:27.897+0000] {logging_mixin.py:188} INFO - [2025-05-01T10:54:27.896+0000] {dag.py:3096} INFO - Sync 1 DAGs
[2025-05-01T10:54:27.911+0000] {logging_mixin.py:188} INFO - [2025-05-01T10:54:27.910+0000] {dag.py:3954} INFO - Setting next_dagrun for tutorial_taskflow_api_virtualenv to None, run_after=None
[2025-05-01T10:54:27.937+0000] {processor.py:183} INFO - Processing /home/airflow/.local/lib/python3.12/site-packages/airflow/example_dags/tutorial_taskflow_api_virtualenv.py took 0.084 seconds
[2025-05-01T10:54:58.325+0000] {processor.py:161} INFO - Started process (PID=460) to work on /home/airflow/.local/lib/python3.12/site-packages/airflow/example_dags/tutorial_taskflow_api_virtualenv.py
[2025-05-01T10:54:58.326+0000] {processor.py:830} INFO - Processing file /home/airflow/.local/lib/python3.12/site-packages/airflow/example_dags/tutorial_taskflow_api_virtualenv.py for tasks to queue
[2025-05-01T10:54:58.329+0000] {logging_mixin.py:188} INFO - [2025-05-01T10:54:58.329+0000] {dagbag.py:545} INFO - Filling up the DagBag from /home/airflow/.local/lib/python3.12/site-packages/airflow/example_dags/tutorial_taskflow_api_virtualenv.py
[2025-05-01T10:54:58.343+0000] {processor.py:840} INFO - DAG(s) 'tutorial_taskflow_api_virtualenv' retrieved from /home/airflow/.local/lib/python3.12/site-packages/airflow/example_dags/tutorial_taskflow_api_virtualenv.py
[2025-05-01T10:54:58.375+0000] {logging_mixin.py:188} INFO - [2025-05-01T10:54:58.374+0000] {dag.py:3096} INFO - Sync 1 DAGs
[2025-05-01T10:54:58.391+0000] {logging_mixin.py:188} INFO - [2025-05-01T10:54:58.391+0000] {dag.py:3954} INFO - Setting next_dagrun for tutorial_taskflow_api_virtualenv to None, run_after=None
[2025-05-01T10:54:58.421+0000] {processor.py:183} INFO - Processing /home/airflow/.local/lib/python3.12/site-packages/airflow/example_dags/tutorial_taskflow_api_virtualenv.py took 0.103 seconds
[2025-05-01T10:55:28.807+0000] {processor.py:161} INFO - Started process (PID=518) to work on /home/airflow/.local/lib/python3.12/site-packages/airflow/example_dags/tutorial_taskflow_api_virtualenv.py
[2025-05-01T10:55:28.808+0000] {processor.py:830} INFO - Processing file /home/airflow/.local/lib/python3.12/site-packages/airflow/example_dags/tutorial_taskflow_api_virtualenv.py for tasks to queue
[2025-05-01T10:55:28.811+0000] {logging_mixin.py:188} INFO - [2025-05-01T10:55:28.810+0000] {dagbag.py:545} INFO - Filling up the DagBag from /home/airflow/.local/lib/python3.12/site-packages/airflow/example_dags/tutorial_taskflow_api_virtualenv.py
[2025-05-01T10:55:28.822+0000] {processor.py:840} INFO - DAG(s) 'tutorial_taskflow_api_virtualenv' retrieved from /home/airflow/.local/lib/python3.12/site-packages/airflow/example_dags/tutorial_taskflow_api_virtualenv.py
[2025-05-01T10:55:28.846+0000] {logging_mixin.py:188} INFO - [2025-05-01T10:55:28.845+0000] {dag.py:3096} INFO - Sync 1 DAGs
[2025-05-01T10:55:28.859+0000] {logging_mixin.py:188} INFO - [2025-05-01T10:55:28.859+0000] {dag.py:3954} INFO - Setting next_dagrun for tutorial_taskflow_api_virtualenv to None, run_after=None
[2025-05-01T10:55:28.882+0000] {processor.py:183} INFO - Processing /home/airflow/.local/lib/python3.12/site-packages/airflow/example_dags/tutorial_taskflow_api_virtualenv.py took 0.082 seconds
[2025-05-01T10:55:58.987+0000] {processor.py:161} INFO - Started process (PID=576) to work on /home/airflow/.local/lib/python3.12/site-packages/airflow/example_dags/tutorial_taskflow_api_virtualenv.py
[2025-05-01T10:55:58.989+0000] {processor.py:830} INFO - Processing file /home/airflow/.local/lib/python3.12/site-packages/airflow/example_dags/tutorial_taskflow_api_virtualenv.py for tasks to queue
[2025-05-01T10:55:58.991+0000] {logging_mixin.py:188} INFO - [2025-05-01T10:55:58.991+0000] {dagbag.py:545} INFO - Filling up the DagBag from /home/airflow/.local/lib/python3.12/site-packages/airflow/example_dags/tutorial_taskflow_api_virtualenv.py
[2025-05-01T10:55:59.003+0000] {processor.py:840} INFO - DAG(s) 'tutorial_taskflow_api_virtualenv' retrieved from /home/airflow/.local/lib/python3.12/site-packages/airflow/example_dags/tutorial_taskflow_api_virtualenv.py
[2025-05-01T10:55:59.027+0000] {logging_mixin.py:188} INFO - [2025-05-01T10:55:59.026+0000] {dag.py:3096} INFO - Sync 1 DAGs
[2025-05-01T10:55:59.041+0000] {logging_mixin.py:188} INFO - [2025-05-01T10:55:59.040+0000] {dag.py:3954} INFO - Setting next_dagrun for tutorial_taskflow_api_virtualenv to None, run_after=None
[2025-05-01T10:55:59.067+0000] {processor.py:183} INFO - Processing /home/airflow/.local/lib/python3.12/site-packages/airflow/example_dags/tutorial_taskflow_api_virtualenv.py took 0.085 seconds
[2025-05-01T10:56:29.566+0000] {processor.py:161} INFO - Started process (PID=634) to work on /home/airflow/.local/lib/python3.12/site-packages/airflow/example_dags/tutorial_taskflow_api_virtualenv.py
[2025-05-01T10:56:29.567+0000] {processor.py:830} INFO - Processing file /home/airflow/.local/lib/python3.12/site-packages/airflow/example_dags/tutorial_taskflow_api_virtualenv.py for tasks to queue
[2025-05-01T10:56:29.570+0000] {logging_mixin.py:188} INFO - [2025-05-01T10:56:29.570+0000] {dagbag.py:545} INFO - Filling up the DagBag from /home/airflow/.local/lib/python3.12/site-packages/airflow/example_dags/tutorial_taskflow_api_virtualenv.py
[2025-05-01T10:56:29.580+0000] {processor.py:840} INFO - DAG(s) 'tutorial_taskflow_api_virtualenv' retrieved from /home/airflow/.local/lib/python3.12/site-packages/airflow/example_dags/tutorial_taskflow_api_virtualenv.py
[2025-05-01T10:56:29.604+0000] {logging_mixin.py:188} INFO - [2025-05-01T10:56:29.604+0000] {dag.py:3096} INFO - Sync 1 DAGs
[2025-05-01T10:56:29.619+0000] {logging_mixin.py:188} INFO - [2025-05-01T10:56:29.618+0000] {dag.py:3954} INFO - Setting next_dagrun for tutorial_taskflow_api_virtualenv to None, run_after=None
[2025-05-01T10:56:29.642+0000] {processor.py:183} INFO - Processing /home/airflow/.local/lib/python3.12/site-packages/airflow/example_dags/tutorial_taskflow_api_virtualenv.py took 0.082 seconds
[2025-05-01T10:57:00.295+0000] {processor.py:161} INFO - Started process (PID=693) to work on /home/airflow/.local/lib/python3.12/site-packages/airflow/example_dags/tutorial_taskflow_api_virtualenv.py
[2025-05-01T10:57:00.297+0000] {processor.py:830} INFO - Processing file /home/airflow/.local/lib/python3.12/site-packages/airflow/example_dags/tutorial_taskflow_api_virtualenv.py for tasks to queue
[2025-05-01T10:57:00.299+0000] {logging_mixin.py:188} INFO - [2025-05-01T10:57:00.299+0000] {dagbag.py:545} INFO - Filling up the DagBag from /home/airflow/.local/lib/python3.12/site-packages/airflow/example_dags/tutorial_taskflow_api_virtualenv.py
[2025-05-01T10:57:00.310+0000] {processor.py:840} INFO - DAG(s) 'tutorial_taskflow_api_virtualenv' retrieved from /home/airflow/.local/lib/python3.12/site-packages/airflow/example_dags/tutorial_taskflow_api_virtualenv.py
[2025-05-01T10:57:00.332+0000] {logging_mixin.py:188} INFO - [2025-05-01T10:57:00.332+0000] {dag.py:3096} INFO - Sync 1 DAGs
[2025-05-01T10:57:00.346+0000] {logging_mixin.py:188} INFO - [2025-05-01T10:57:00.345+0000] {dag.py:3954} INFO - Setting next_dagrun for tutorial_taskflow_api_virtualenv to None, run_after=None
[2025-05-01T10:57:00.369+0000] {processor.py:183} INFO - Processing /home/airflow/.local/lib/python3.12/site-packages/airflow/example_dags/tutorial_taskflow_api_virtualenv.py took 0.079 seconds
[2025-05-01T10:57:30.847+0000] {processor.py:161} INFO - Started process (PID=754) to work on /home/airflow/.local/lib/python3.12/site-packages/airflow/example_dags/tutorial_taskflow_api_virtualenv.py
[2025-05-01T10:57:30.849+0000] {processor.py:830} INFO - Processing file /home/airflow/.local/lib/python3.12/site-packages/airflow/example_dags/tutorial_taskflow_api_virtualenv.py for tasks to queue
[2025-05-01T10:57:30.851+0000] {logging_mixin.py:188} INFO - [2025-05-01T10:57:30.851+0000] {dagbag.py:545} INFO - Filling up the DagBag from /home/airflow/.local/lib/python3.12/site-packages/airflow/example_dags/tutorial_taskflow_api_virtualenv.py
[2025-05-01T10:57:30.861+0000] {processor.py:840} INFO - DAG(s) 'tutorial_taskflow_api_virtualenv' retrieved from /home/airflow/.local/lib/python3.12/site-packages/airflow/example_dags/tutorial_taskflow_api_virtualenv.py
[2025-05-01T10:57:30.885+0000] {logging_mixin.py:188} INFO - [2025-05-01T10:57:30.884+0000] {dag.py:3096} INFO - Sync 1 DAGs
[2025-05-01T10:57:30.898+0000] {logging_mixin.py:188} INFO - [2025-05-01T10:57:30.898+0000] {dag.py:3954} INFO - Setting next_dagrun for tutorial_taskflow_api_virtualenv to None, run_after=None
[2025-05-01T10:57:30.924+0000] {processor.py:183} INFO - Processing /home/airflow/.local/lib/python3.12/site-packages/airflow/example_dags/tutorial_taskflow_api_virtualenv.py took 0.082 seconds
[2025-05-01T10:58:01.222+0000] {processor.py:161} INFO - Started process (PID=813) to work on /home/airflow/.local/lib/python3.12/site-packages/airflow/example_dags/tutorial_taskflow_api_virtualenv.py
[2025-05-01T10:58:01.223+0000] {processor.py:830} INFO - Processing file /home/airflow/.local/lib/python3.12/site-packages/airflow/example_dags/tutorial_taskflow_api_virtualenv.py for tasks to queue
[2025-05-01T10:58:01.225+0000] {logging_mixin.py:188} INFO - [2025-05-01T10:58:01.225+0000] {dagbag.py:545} INFO - Filling up the DagBag from /home/airflow/.local/lib/python3.12/site-packages/airflow/example_dags/tutorial_taskflow_api_virtualenv.py
[2025-05-01T10:58:01.236+0000] {processor.py:840} INFO - DAG(s) 'tutorial_taskflow_api_virtualenv' retrieved from /home/airflow/.local/lib/python3.12/site-packages/airflow/example_dags/tutorial_taskflow_api_virtualenv.py
[2025-05-01T10:58:01.260+0000] {logging_mixin.py:188} INFO - [2025-05-01T10:58:01.259+0000] {dag.py:3096} INFO - Sync 1 DAGs
[2025-05-01T10:58:01.274+0000] {logging_mixin.py:188} INFO - [2025-05-01T10:58:01.274+0000] {dag.py:3954} INFO - Setting next_dagrun for tutorial_taskflow_api_virtualenv to None, run_after=None
[2025-05-01T10:58:01.297+0000] {processor.py:183} INFO - Processing /home/airflow/.local/lib/python3.12/site-packages/airflow/example_dags/tutorial_taskflow_api_virtualenv.py took 0.081 seconds
[2025-05-01T10:58:32.111+0000] {processor.py:161} INFO - Started process (PID=872) to work on /home/airflow/.local/lib/python3.12/site-packages/airflow/example_dags/tutorial_taskflow_api_virtualenv.py
[2025-05-01T10:58:32.112+0000] {processor.py:830} INFO - Processing file /home/airflow/.local/lib/python3.12/site-packages/airflow/example_dags/tutorial_taskflow_api_virtualenv.py for tasks to queue
[2025-05-01T10:58:32.115+0000] {logging_mixin.py:188} INFO - [2025-05-01T10:58:32.114+0000] {dagbag.py:545} INFO - Filling up the DagBag from /home/airflow/.local/lib/python3.12/site-packages/airflow/example_dags/tutorial_taskflow_api_virtualenv.py
[2025-05-01T10:58:32.125+0000] {processor.py:840} INFO - DAG(s) 'tutorial_taskflow_api_virtualenv' retrieved from /home/airflow/.local/lib/python3.12/site-packages/airflow/example_dags/tutorial_taskflow_api_virtualenv.py
[2025-05-01T10:58:32.152+0000] {logging_mixin.py:188} INFO - [2025-05-01T10:58:32.151+0000] {dag.py:3096} INFO - Sync 1 DAGs
[2025-05-01T10:58:32.168+0000] {logging_mixin.py:188} INFO - [2025-05-01T10:58:32.168+0000] {dag.py:3954} INFO - Setting next_dagrun for tutorial_taskflow_api_virtualenv to None, run_after=None
[2025-05-01T10:58:32.195+0000] {processor.py:183} INFO - Processing /home/airflow/.local/lib/python3.12/site-packages/airflow/example_dags/tutorial_taskflow_api_virtualenv.py took 0.090 seconds
[2025-05-01T10:59:03.278+0000] {processor.py:161} INFO - Started process (PID=931) to work on /home/airflow/.local/lib/python3.12/site-packages/airflow/example_dags/tutorial_taskflow_api_virtualenv.py
[2025-05-01T10:59:03.279+0000] {processor.py:830} INFO - Processing file /home/airflow/.local/lib/python3.12/site-packages/airflow/example_dags/tutorial_taskflow_api_virtualenv.py for tasks to queue
[2025-05-01T10:59:03.281+0000] {logging_mixin.py:188} INFO - [2025-05-01T10:59:03.281+0000] {dagbag.py:545} INFO - Filling up the DagBag from /home/airflow/.local/lib/python3.12/site-packages/airflow/example_dags/tutorial_taskflow_api_virtualenv.py
[2025-05-01T10:59:03.291+0000] {processor.py:840} INFO - DAG(s) 'tutorial_taskflow_api_virtualenv' retrieved from /home/airflow/.local/lib/python3.12/site-packages/airflow/example_dags/tutorial_taskflow_api_virtualenv.py
[2025-05-01T10:59:03.315+0000] {logging_mixin.py:188} INFO - [2025-05-01T10:59:03.315+0000] {dag.py:3096} INFO - Sync 1 DAGs
[2025-05-01T10:59:03.329+0000] {logging_mixin.py:188} INFO - [2025-05-01T10:59:03.329+0000] {dag.py:3954} INFO - Setting next_dagrun for tutorial_taskflow_api_virtualenv to None, run_after=None
[2025-05-01T10:59:03.355+0000] {processor.py:183} INFO - Processing /home/airflow/.local/lib/python3.12/site-packages/airflow/example_dags/tutorial_taskflow_api_virtualenv.py took 0.082 seconds
[2025-05-01T10:59:33.594+0000] {processor.py:161} INFO - Started process (PID=990) to work on /home/airflow/.local/lib/python3.12/site-packages/airflow/example_dags/tutorial_taskflow_api_virtualenv.py
[2025-05-01T10:59:33.595+0000] {processor.py:830} INFO - Processing file /home/airflow/.local/lib/python3.12/site-packages/airflow/example_dags/tutorial_taskflow_api_virtualenv.py for tasks to queue
[2025-05-01T10:59:33.597+0000] {logging_mixin.py:188} INFO - [2025-05-01T10:59:33.597+0000] {dagbag.py:545} INFO - Filling up the DagBag from /home/airflow/.local/lib/python3.12/site-packages/airflow/example_dags/tutorial_taskflow_api_virtualenv.py
[2025-05-01T10:59:33.608+0000] {processor.py:840} INFO - DAG(s) 'tutorial_taskflow_api_virtualenv' retrieved from /home/airflow/.local/lib/python3.12/site-packages/airflow/example_dags/tutorial_taskflow_api_virtualenv.py
[2025-05-01T10:59:33.634+0000] {logging_mixin.py:188} INFO - [2025-05-01T10:59:33.634+0000] {dag.py:3096} INFO - Sync 1 DAGs
[2025-05-01T10:59:33.649+0000] {logging_mixin.py:188} INFO - [2025-05-01T10:59:33.648+0000] {dag.py:3954} INFO - Setting next_dagrun for tutorial_taskflow_api_virtualenv to None, run_after=None
[2025-05-01T10:59:33.674+0000] {processor.py:183} INFO - Processing /home/airflow/.local/lib/python3.12/site-packages/airflow/example_dags/tutorial_taskflow_api_virtualenv.py took 0.086 seconds
[2025-05-01T11:00:05.109+0000] {processor.py:161} INFO - Started process (PID=1049) to work on /home/airflow/.local/lib/python3.12/site-packages/airflow/example_dags/tutorial_taskflow_api_virtualenv.py
[2025-05-01T11:00:05.111+0000] {processor.py:830} INFO - Processing file /home/airflow/.local/lib/python3.12/site-packages/airflow/example_dags/tutorial_taskflow_api_virtualenv.py for tasks to queue
[2025-05-01T11:00:05.115+0000] {logging_mixin.py:188} INFO - [2025-05-01T11:00:05.114+0000] {dagbag.py:545} INFO - Filling up the DagBag from /home/airflow/.local/lib/python3.12/site-packages/airflow/example_dags/tutorial_taskflow_api_virtualenv.py
[2025-05-01T11:00:05.136+0000] {processor.py:840} INFO - DAG(s) 'tutorial_taskflow_api_virtualenv' retrieved from /home/airflow/.local/lib/python3.12/site-packages/airflow/example_dags/tutorial_taskflow_api_virtualenv.py
[2025-05-01T11:00:05.181+0000] {logging_mixin.py:188} INFO - [2025-05-01T11:00:05.180+0000] {dag.py:3096} INFO - Sync 1 DAGs
[2025-05-01T11:00:05.207+0000] {logging_mixin.py:188} INFO - [2025-05-01T11:00:05.206+0000] {dag.py:3954} INFO - Setting next_dagrun for tutorial_taskflow_api_virtualenv to None, run_after=None
[2025-05-01T11:00:05.261+0000] {processor.py:183} INFO - Processing /home/airflow/.local/lib/python3.12/site-packages/airflow/example_dags/tutorial_taskflow_api_virtualenv.py took 0.164 seconds
[2025-05-01T11:00:35.663+0000] {processor.py:161} INFO - Started process (PID=1108) to work on /home/airflow/.local/lib/python3.12/site-packages/airflow/example_dags/tutorial_taskflow_api_virtualenv.py
[2025-05-01T11:00:35.665+0000] {processor.py:830} INFO - Processing file /home/airflow/.local/lib/python3.12/site-packages/airflow/example_dags/tutorial_taskflow_api_virtualenv.py for tasks to queue
[2025-05-01T11:00:35.668+0000] {logging_mixin.py:188} INFO - [2025-05-01T11:00:35.668+0000] {dagbag.py:545} INFO - Filling up the DagBag from /home/airflow/.local/lib/python3.12/site-packages/airflow/example_dags/tutorial_taskflow_api_virtualenv.py
[2025-05-01T11:00:35.689+0000] {processor.py:840} INFO - DAG(s) 'tutorial_taskflow_api_virtualenv' retrieved from /home/airflow/.local/lib/python3.12/site-packages/airflow/example_dags/tutorial_taskflow_api_virtualenv.py
[2025-05-01T11:00:35.746+0000] {logging_mixin.py:188} INFO - [2025-05-01T11:00:35.745+0000] {dag.py:3096} INFO - Sync 1 DAGs
[2025-05-01T11:00:35.776+0000] {logging_mixin.py:188} INFO - [2025-05-01T11:00:35.776+0000] {dag.py:3954} INFO - Setting next_dagrun for tutorial_taskflow_api_virtualenv to None, run_after=None
[2025-05-01T11:00:35.822+0000] {processor.py:183} INFO - Processing /home/airflow/.local/lib/python3.12/site-packages/airflow/example_dags/tutorial_taskflow_api_virtualenv.py took 0.176 seconds
[2025-05-01T11:01:06.023+0000] {processor.py:161} INFO - Started process (PID=1167) to work on /home/airflow/.local/lib/python3.12/site-packages/airflow/example_dags/tutorial_taskflow_api_virtualenv.py
[2025-05-01T11:01:06.027+0000] {processor.py:830} INFO - Processing file /home/airflow/.local/lib/python3.12/site-packages/airflow/example_dags/tutorial_taskflow_api_virtualenv.py for tasks to queue
[2025-05-01T11:01:06.032+0000] {logging_mixin.py:188} INFO - [2025-05-01T11:01:06.031+0000] {dagbag.py:545} INFO - Filling up the DagBag from /home/airflow/.local/lib/python3.12/site-packages/airflow/example_dags/tutorial_taskflow_api_virtualenv.py
[2025-05-01T11:01:06.065+0000] {processor.py:840} INFO - DAG(s) 'tutorial_taskflow_api_virtualenv' retrieved from /home/airflow/.local/lib/python3.12/site-packages/airflow/example_dags/tutorial_taskflow_api_virtualenv.py
[2025-05-01T11:01:06.121+0000] {logging_mixin.py:188} INFO - [2025-05-01T11:01:06.120+0000] {dag.py:3096} INFO - Sync 1 DAGs
[2025-05-01T11:01:06.153+0000] {logging_mixin.py:188} INFO - [2025-05-01T11:01:06.153+0000] {dag.py:3954} INFO - Setting next_dagrun for tutorial_taskflow_api_virtualenv to None, run_after=None
[2025-05-01T11:01:06.254+0000] {processor.py:183} INFO - Processing /home/airflow/.local/lib/python3.12/site-packages/airflow/example_dags/tutorial_taskflow_api_virtualenv.py took 0.244 seconds
[2025-05-01T11:01:36.563+0000] {processor.py:161} INFO - Started process (PID=1226) to work on /home/airflow/.local/lib/python3.12/site-packages/airflow/example_dags/tutorial_taskflow_api_virtualenv.py
[2025-05-01T11:01:36.566+0000] {processor.py:830} INFO - Processing file /home/airflow/.local/lib/python3.12/site-packages/airflow/example_dags/tutorial_taskflow_api_virtualenv.py for tasks to queue
[2025-05-01T11:01:36.570+0000] {logging_mixin.py:188} INFO - [2025-05-01T11:01:36.570+0000] {dagbag.py:545} INFO - Filling up the DagBag from /home/airflow/.local/lib/python3.12/site-packages/airflow/example_dags/tutorial_taskflow_api_virtualenv.py
[2025-05-01T11:01:36.597+0000] {processor.py:840} INFO - DAG(s) 'tutorial_taskflow_api_virtualenv' retrieved from /home/airflow/.local/lib/python3.12/site-packages/airflow/example_dags/tutorial_taskflow_api_virtualenv.py
[2025-05-01T11:01:36.654+0000] {logging_mixin.py:188} INFO - [2025-05-01T11:01:36.653+0000] {dag.py:3096} INFO - Sync 1 DAGs
[2025-05-01T11:01:36.684+0000] {logging_mixin.py:188} INFO - [2025-05-01T11:01:36.683+0000] {dag.py:3954} INFO - Setting next_dagrun for tutorial_taskflow_api_virtualenv to None, run_after=None
[2025-05-01T11:01:36.776+0000] {processor.py:183} INFO - Processing /home/airflow/.local/lib/python3.12/site-packages/airflow/example_dags/tutorial_taskflow_api_virtualenv.py took 0.225 seconds
[2025-05-01T11:02:07.131+0000] {processor.py:161} INFO - Started process (PID=1285) to work on /home/airflow/.local/lib/python3.12/site-packages/airflow/example_dags/tutorial_taskflow_api_virtualenv.py
[2025-05-01T11:02:07.133+0000] {processor.py:830} INFO - Processing file /home/airflow/.local/lib/python3.12/site-packages/airflow/example_dags/tutorial_taskflow_api_virtualenv.py for tasks to queue
[2025-05-01T11:02:07.138+0000] {logging_mixin.py:188} INFO - [2025-05-01T11:02:07.137+0000] {dagbag.py:545} INFO - Filling up the DagBag from /home/airflow/.local/lib/python3.12/site-packages/airflow/example_dags/tutorial_taskflow_api_virtualenv.py
[2025-05-01T11:02:07.165+0000] {processor.py:840} INFO - DAG(s) 'tutorial_taskflow_api_virtualenv' retrieved from /home/airflow/.local/lib/python3.12/site-packages/airflow/example_dags/tutorial_taskflow_api_virtualenv.py
[2025-05-01T11:02:07.214+0000] {logging_mixin.py:188} INFO - [2025-05-01T11:02:07.214+0000] {dag.py:3096} INFO - Sync 1 DAGs
[2025-05-01T11:02:07.241+0000] {logging_mixin.py:188} INFO - [2025-05-01T11:02:07.240+0000] {dag.py:3954} INFO - Setting next_dagrun for tutorial_taskflow_api_virtualenv to None, run_after=None
[2025-05-01T11:02:07.284+0000] {processor.py:183} INFO - Processing /home/airflow/.local/lib/python3.12/site-packages/airflow/example_dags/tutorial_taskflow_api_virtualenv.py took 0.164 seconds
[2025-05-01T11:02:37.712+0000] {processor.py:161} INFO - Started process (PID=1344) to work on /home/airflow/.local/lib/python3.12/site-packages/airflow/example_dags/tutorial_taskflow_api_virtualenv.py
[2025-05-01T11:02:37.715+0000] {processor.py:830} INFO - Processing file /home/airflow/.local/lib/python3.12/site-packages/airflow/example_dags/tutorial_taskflow_api_virtualenv.py for tasks to queue
[2025-05-01T11:02:37.719+0000] {logging_mixin.py:188} INFO - [2025-05-01T11:02:37.719+0000] {dagbag.py:545} INFO - Filling up the DagBag from /home/airflow/.local/lib/python3.12/site-packages/airflow/example_dags/tutorial_taskflow_api_virtualenv.py
[2025-05-01T11:02:37.745+0000] {processor.py:840} INFO - DAG(s) 'tutorial_taskflow_api_virtualenv' retrieved from /home/airflow/.local/lib/python3.12/site-packages/airflow/example_dags/tutorial_taskflow_api_virtualenv.py
[2025-05-01T11:02:37.804+0000] {logging_mixin.py:188} INFO - [2025-05-01T11:02:37.803+0000] {dag.py:3096} INFO - Sync 1 DAGs
[2025-05-01T11:02:37.839+0000] {logging_mixin.py:188} INFO - [2025-05-01T11:02:37.838+0000] {dag.py:3954} INFO - Setting next_dagrun for tutorial_taskflow_api_virtualenv to None, run_after=None
[2025-05-01T11:02:37.937+0000] {processor.py:183} INFO - Processing /home/airflow/.local/lib/python3.12/site-packages/airflow/example_dags/tutorial_taskflow_api_virtualenv.py took 0.238 seconds
[2025-05-01T11:03:08.619+0000] {processor.py:161} INFO - Started process (PID=1403) to work on /home/airflow/.local/lib/python3.12/site-packages/airflow/example_dags/tutorial_taskflow_api_virtualenv.py
[2025-05-01T11:03:08.622+0000] {processor.py:830} INFO - Processing file /home/airflow/.local/lib/python3.12/site-packages/airflow/example_dags/tutorial_taskflow_api_virtualenv.py for tasks to queue
[2025-05-01T11:03:08.627+0000] {logging_mixin.py:188} INFO - [2025-05-01T11:03:08.626+0000] {dagbag.py:545} INFO - Filling up the DagBag from /home/airflow/.local/lib/python3.12/site-packages/airflow/example_dags/tutorial_taskflow_api_virtualenv.py
[2025-05-01T11:03:08.686+0000] {processor.py:840} INFO - DAG(s) 'tutorial_taskflow_api_virtualenv' retrieved from /home/airflow/.local/lib/python3.12/site-packages/airflow/example_dags/tutorial_taskflow_api_virtualenv.py
[2025-05-01T11:03:08.774+0000] {logging_mixin.py:188} INFO - [2025-05-01T11:03:08.773+0000] {dag.py:3096} INFO - Sync 1 DAGs
[2025-05-01T11:03:08.809+0000] {logging_mixin.py:188} INFO - [2025-05-01T11:03:08.808+0000] {dag.py:3954} INFO - Setting next_dagrun for tutorial_taskflow_api_virtualenv to None, run_after=None
[2025-05-01T11:03:08.856+0000] {processor.py:183} INFO - Processing /home/airflow/.local/lib/python3.12/site-packages/airflow/example_dags/tutorial_taskflow_api_virtualenv.py took 0.251 seconds
[2025-05-01T11:03:39.400+0000] {processor.py:161} INFO - Started process (PID=1462) to work on /home/airflow/.local/lib/python3.12/site-packages/airflow/example_dags/tutorial_taskflow_api_virtualenv.py
[2025-05-01T11:03:39.402+0000] {processor.py:830} INFO - Processing file /home/airflow/.local/lib/python3.12/site-packages/airflow/example_dags/tutorial_taskflow_api_virtualenv.py for tasks to queue
[2025-05-01T11:03:39.406+0000] {logging_mixin.py:188} INFO - [2025-05-01T11:03:39.406+0000] {dagbag.py:545} INFO - Filling up the DagBag from /home/airflow/.local/lib/python3.12/site-packages/airflow/example_dags/tutorial_taskflow_api_virtualenv.py
[2025-05-01T11:03:39.428+0000] {processor.py:840} INFO - DAG(s) 'tutorial_taskflow_api_virtualenv' retrieved from /home/airflow/.local/lib/python3.12/site-packages/airflow/example_dags/tutorial_taskflow_api_virtualenv.py
[2025-05-01T11:03:39.482+0000] {logging_mixin.py:188} INFO - [2025-05-01T11:03:39.481+0000] {dag.py:3096} INFO - Sync 1 DAGs
[2025-05-01T11:03:39.511+0000] {logging_mixin.py:188} INFO - [2025-05-01T11:03:39.510+0000] {dag.py:3954} INFO - Setting next_dagrun for tutorial_taskflow_api_virtualenv to None, run_after=None
[2025-05-01T11:03:39.558+0000] {processor.py:183} INFO - Processing /home/airflow/.local/lib/python3.12/site-packages/airflow/example_dags/tutorial_taskflow_api_virtualenv.py took 0.170 seconds
[2025-05-01T11:04:10.228+0000] {processor.py:161} INFO - Started process (PID=1521) to work on /home/airflow/.local/lib/python3.12/site-packages/airflow/example_dags/tutorial_taskflow_api_virtualenv.py
[2025-05-01T11:04:10.231+0000] {processor.py:830} INFO - Processing file /home/airflow/.local/lib/python3.12/site-packages/airflow/example_dags/tutorial_taskflow_api_virtualenv.py for tasks to queue
[2025-05-01T11:04:10.241+0000] {logging_mixin.py:188} INFO - [2025-05-01T11:04:10.240+0000] {dagbag.py:545} INFO - Filling up the DagBag from /home/airflow/.local/lib/python3.12/site-packages/airflow/example_dags/tutorial_taskflow_api_virtualenv.py
[2025-05-01T11:04:10.288+0000] {processor.py:840} INFO - DAG(s) 'tutorial_taskflow_api_virtualenv' retrieved from /home/airflow/.local/lib/python3.12/site-packages/airflow/example_dags/tutorial_taskflow_api_virtualenv.py
[2025-05-01T11:04:10.358+0000] {logging_mixin.py:188} INFO - [2025-05-01T11:04:10.358+0000] {dag.py:3096} INFO - Sync 1 DAGs
[2025-05-01T11:04:10.410+0000] {logging_mixin.py:188} INFO - [2025-05-01T11:04:10.409+0000] {dag.py:3954} INFO - Setting next_dagrun for tutorial_taskflow_api_virtualenv to None, run_after=None
[2025-05-01T11:04:10.465+0000] {processor.py:183} INFO - Processing /home/airflow/.local/lib/python3.12/site-packages/airflow/example_dags/tutorial_taskflow_api_virtualenv.py took 0.260 seconds
[2025-05-01T11:04:41.208+0000] {processor.py:161} INFO - Started process (PID=1580) to work on /home/airflow/.local/lib/python3.12/site-packages/airflow/example_dags/tutorial_taskflow_api_virtualenv.py
[2025-05-01T11:04:41.211+0000] {processor.py:830} INFO - Processing file /home/airflow/.local/lib/python3.12/site-packages/airflow/example_dags/tutorial_taskflow_api_virtualenv.py for tasks to queue
[2025-05-01T11:04:41.216+0000] {logging_mixin.py:188} INFO - [2025-05-01T11:04:41.215+0000] {dagbag.py:545} INFO - Filling up the DagBag from /home/airflow/.local/lib/python3.12/site-packages/airflow/example_dags/tutorial_taskflow_api_virtualenv.py
[2025-05-01T11:04:41.236+0000] {processor.py:840} INFO - DAG(s) 'tutorial_taskflow_api_virtualenv' retrieved from /home/airflow/.local/lib/python3.12/site-packages/airflow/example_dags/tutorial_taskflow_api_virtualenv.py
[2025-05-01T11:04:41.287+0000] {logging_mixin.py:188} INFO - [2025-05-01T11:04:41.287+0000] {dag.py:3096} INFO - Sync 1 DAGs
[2025-05-01T11:04:41.318+0000] {logging_mixin.py:188} INFO - [2025-05-01T11:04:41.318+0000] {dag.py:3954} INFO - Setting next_dagrun for tutorial_taskflow_api_virtualenv to None, run_after=None
[2025-05-01T11:04:41.365+0000] {processor.py:183} INFO - Processing /home/airflow/.local/lib/python3.12/site-packages/airflow/example_dags/tutorial_taskflow_api_virtualenv.py took 0.169 seconds
[2025-05-01T11:05:12.195+0000] {processor.py:161} INFO - Started process (PID=1639) to work on /home/airflow/.local/lib/python3.12/site-packages/airflow/example_dags/tutorial_taskflow_api_virtualenv.py
[2025-05-01T11:05:12.198+0000] {processor.py:830} INFO - Processing file /home/airflow/.local/lib/python3.12/site-packages/airflow/example_dags/tutorial_taskflow_api_virtualenv.py for tasks to queue
[2025-05-01T11:05:12.204+0000] {logging_mixin.py:188} INFO - [2025-05-01T11:05:12.203+0000] {dagbag.py:545} INFO - Filling up the DagBag from /home/airflow/.local/lib/python3.12/site-packages/airflow/example_dags/tutorial_taskflow_api_virtualenv.py
[2025-05-01T11:05:12.226+0000] {processor.py:840} INFO - DAG(s) 'tutorial_taskflow_api_virtualenv' retrieved from /home/airflow/.local/lib/python3.12/site-packages/airflow/example_dags/tutorial_taskflow_api_virtualenv.py
[2025-05-01T11:05:12.285+0000] {logging_mixin.py:188} INFO - [2025-05-01T11:05:12.284+0000] {dag.py:3096} INFO - Sync 1 DAGs
[2025-05-01T11:05:12.324+0000] {logging_mixin.py:188} INFO - [2025-05-01T11:05:12.324+0000] {dag.py:3954} INFO - Setting next_dagrun for tutorial_taskflow_api_virtualenv to None, run_after=None
[2025-05-01T11:05:12.412+0000] {processor.py:183} INFO - Processing /home/airflow/.local/lib/python3.12/site-packages/airflow/example_dags/tutorial_taskflow_api_virtualenv.py took 0.228 seconds
[2025-05-01T11:05:42.850+0000] {processor.py:161} INFO - Started process (PID=1698) to work on /home/airflow/.local/lib/python3.12/site-packages/airflow/example_dags/tutorial_taskflow_api_virtualenv.py
[2025-05-01T11:05:42.852+0000] {processor.py:830} INFO - Processing file /home/airflow/.local/lib/python3.12/site-packages/airflow/example_dags/tutorial_taskflow_api_virtualenv.py for tasks to queue
[2025-05-01T11:05:42.856+0000] {logging_mixin.py:188} INFO - [2025-05-01T11:05:42.855+0000] {dagbag.py:545} INFO - Filling up the DagBag from /home/airflow/.local/lib/python3.12/site-packages/airflow/example_dags/tutorial_taskflow_api_virtualenv.py
[2025-05-01T11:05:42.876+0000] {processor.py:840} INFO - DAG(s) 'tutorial_taskflow_api_virtualenv' retrieved from /home/airflow/.local/lib/python3.12/site-packages/airflow/example_dags/tutorial_taskflow_api_virtualenv.py
[2025-05-01T11:05:42.919+0000] {logging_mixin.py:188} INFO - [2025-05-01T11:05:42.918+0000] {dag.py:3096} INFO - Sync 1 DAGs
[2025-05-01T11:05:42.945+0000] {logging_mixin.py:188} INFO - [2025-05-01T11:05:42.944+0000] {dag.py:3954} INFO - Setting next_dagrun for tutorial_taskflow_api_virtualenv to None, run_after=None
[2025-05-01T11:05:42.989+0000] {processor.py:183} INFO - Processing /home/airflow/.local/lib/python3.12/site-packages/airflow/example_dags/tutorial_taskflow_api_virtualenv.py took 0.150 seconds
[2025-05-01T11:06:13.664+0000] {processor.py:161} INFO - Started process (PID=1757) to work on /home/airflow/.local/lib/python3.12/site-packages/airflow/example_dags/tutorial_taskflow_api_virtualenv.py
[2025-05-01T11:06:13.667+0000] {processor.py:830} INFO - Processing file /home/airflow/.local/lib/python3.12/site-packages/airflow/example_dags/tutorial_taskflow_api_virtualenv.py for tasks to queue
[2025-05-01T11:06:13.674+0000] {logging_mixin.py:188} INFO - [2025-05-01T11:06:13.673+0000] {dagbag.py:545} INFO - Filling up the DagBag from /home/airflow/.local/lib/python3.12/site-packages/airflow/example_dags/tutorial_taskflow_api_virtualenv.py
[2025-05-01T11:06:13.710+0000] {processor.py:840} INFO - DAG(s) 'tutorial_taskflow_api_virtualenv' retrieved from /home/airflow/.local/lib/python3.12/site-packages/airflow/example_dags/tutorial_taskflow_api_virtualenv.py
[2025-05-01T11:06:13.768+0000] {logging_mixin.py:188} INFO - [2025-05-01T11:06:13.767+0000] {dag.py:3096} INFO - Sync 1 DAGs
[2025-05-01T11:06:13.808+0000] {logging_mixin.py:188} INFO - [2025-05-01T11:06:13.807+0000] {dag.py:3954} INFO - Setting next_dagrun for tutorial_taskflow_api_virtualenv to None, run_after=None
[2025-05-01T11:06:13.898+0000] {processor.py:183} INFO - Processing /home/airflow/.local/lib/python3.12/site-packages/airflow/example_dags/tutorial_taskflow_api_virtualenv.py took 0.258 seconds
[2025-05-01T11:06:44.750+0000] {processor.py:161} INFO - Started process (PID=1816) to work on /home/airflow/.local/lib/python3.12/site-packages/airflow/example_dags/tutorial_taskflow_api_virtualenv.py
[2025-05-01T11:06:44.753+0000] {processor.py:830} INFO - Processing file /home/airflow/.local/lib/python3.12/site-packages/airflow/example_dags/tutorial_taskflow_api_virtualenv.py for tasks to queue
[2025-05-01T11:06:44.757+0000] {logging_mixin.py:188} INFO - [2025-05-01T11:06:44.756+0000] {dagbag.py:545} INFO - Filling up the DagBag from /home/airflow/.local/lib/python3.12/site-packages/airflow/example_dags/tutorial_taskflow_api_virtualenv.py
[2025-05-01T11:06:44.778+0000] {processor.py:840} INFO - DAG(s) 'tutorial_taskflow_api_virtualenv' retrieved from /home/airflow/.local/lib/python3.12/site-packages/airflow/example_dags/tutorial_taskflow_api_virtualenv.py
[2025-05-01T11:06:44.824+0000] {logging_mixin.py:188} INFO - [2025-05-01T11:06:44.823+0000] {dag.py:3096} INFO - Sync 1 DAGs
[2025-05-01T11:06:44.851+0000] {logging_mixin.py:188} INFO - [2025-05-01T11:06:44.850+0000] {dag.py:3954} INFO - Setting next_dagrun for tutorial_taskflow_api_virtualenv to None, run_after=None
[2025-05-01T11:06:44.917+0000] {processor.py:183} INFO - Processing /home/airflow/.local/lib/python3.12/site-packages/airflow/example_dags/tutorial_taskflow_api_virtualenv.py took 0.177 seconds
[2025-05-01T11:07:15.063+0000] {processor.py:161} INFO - Started process (PID=1875) to work on /home/airflow/.local/lib/python3.12/site-packages/airflow/example_dags/tutorial_taskflow_api_virtualenv.py
[2025-05-01T11:07:15.065+0000] {processor.py:830} INFO - Processing file /home/airflow/.local/lib/python3.12/site-packages/airflow/example_dags/tutorial_taskflow_api_virtualenv.py for tasks to queue
[2025-05-01T11:07:15.069+0000] {logging_mixin.py:188} INFO - [2025-05-01T11:07:15.069+0000] {dagbag.py:545} INFO - Filling up the DagBag from /home/airflow/.local/lib/python3.12/site-packages/airflow/example_dags/tutorial_taskflow_api_virtualenv.py
[2025-05-01T11:07:15.088+0000] {processor.py:840} INFO - DAG(s) 'tutorial_taskflow_api_virtualenv' retrieved from /home/airflow/.local/lib/python3.12/site-packages/airflow/example_dags/tutorial_taskflow_api_virtualenv.py
[2025-05-01T11:07:15.132+0000] {logging_mixin.py:188} INFO - [2025-05-01T11:07:15.131+0000] {dag.py:3096} INFO - Sync 1 DAGs
[2025-05-01T11:07:15.162+0000] {logging_mixin.py:188} INFO - [2025-05-01T11:07:15.161+0000] {dag.py:3954} INFO - Setting next_dagrun for tutorial_taskflow_api_virtualenv to None, run_after=None
[2025-05-01T11:07:15.217+0000] {processor.py:183} INFO - Processing /home/airflow/.local/lib/python3.12/site-packages/airflow/example_dags/tutorial_taskflow_api_virtualenv.py took 0.165 seconds
[2025-05-01T11:07:46.615+0000] {processor.py:161} INFO - Started process (PID=1934) to work on /home/airflow/.local/lib/python3.12/site-packages/airflow/example_dags/tutorial_taskflow_api_virtualenv.py
[2025-05-01T11:07:46.617+0000] {processor.py:830} INFO - Processing file /home/airflow/.local/lib/python3.12/site-packages/airflow/example_dags/tutorial_taskflow_api_virtualenv.py for tasks to queue
[2025-05-01T11:07:46.621+0000] {logging_mixin.py:188} INFO - [2025-05-01T11:07:46.621+0000] {dagbag.py:545} INFO - Filling up the DagBag from /home/airflow/.local/lib/python3.12/site-packages/airflow/example_dags/tutorial_taskflow_api_virtualenv.py
[2025-05-01T11:07:46.641+0000] {processor.py:840} INFO - DAG(s) 'tutorial_taskflow_api_virtualenv' retrieved from /home/airflow/.local/lib/python3.12/site-packages/airflow/example_dags/tutorial_taskflow_api_virtualenv.py
[2025-05-01T11:07:46.693+0000] {logging_mixin.py:188} INFO - [2025-05-01T11:07:46.693+0000] {dag.py:3096} INFO - Sync 1 DAGs
[2025-05-01T11:07:46.730+0000] {logging_mixin.py:188} INFO - [2025-05-01T11:07:46.730+0000] {dag.py:3954} INFO - Setting next_dagrun for tutorial_taskflow_api_virtualenv to None, run_after=None
[2025-05-01T11:07:46.781+0000] {processor.py:183} INFO - Processing /home/airflow/.local/lib/python3.12/site-packages/airflow/example_dags/tutorial_taskflow_api_virtualenv.py took 0.180 seconds
[2025-05-01T11:08:19.143+0000] {processor.py:161} INFO - Started process (PID=1993) to work on /home/airflow/.local/lib/python3.12/site-packages/airflow/example_dags/tutorial_taskflow_api_virtualenv.py
[2025-05-01T11:08:19.146+0000] {processor.py:830} INFO - Processing file /home/airflow/.local/lib/python3.12/site-packages/airflow/example_dags/tutorial_taskflow_api_virtualenv.py for tasks to queue
[2025-05-01T11:08:19.151+0000] {logging_mixin.py:188} INFO - [2025-05-01T11:08:19.150+0000] {dagbag.py:545} INFO - Filling up the DagBag from /home/airflow/.local/lib/python3.12/site-packages/airflow/example_dags/tutorial_taskflow_api_virtualenv.py
[2025-05-01T11:08:19.185+0000] {processor.py:840} INFO - DAG(s) 'tutorial_taskflow_api_virtualenv' retrieved from /home/airflow/.local/lib/python3.12/site-packages/airflow/example_dags/tutorial_taskflow_api_virtualenv.py
[2025-05-01T11:08:19.228+0000] {logging_mixin.py:188} INFO - [2025-05-01T11:08:19.227+0000] {dag.py:3096} INFO - Sync 1 DAGs
[2025-05-01T11:08:19.463+0000] {logging_mixin.py:188} INFO - [2025-05-01T11:08:19.463+0000] {dag.py:3954} INFO - Setting next_dagrun for tutorial_taskflow_api_virtualenv to None, run_after=None
[2025-05-01T11:08:19.550+0000] {processor.py:183} INFO - Processing /home/airflow/.local/lib/python3.12/site-packages/airflow/example_dags/tutorial_taskflow_api_virtualenv.py took 0.419 seconds
[2025-05-01T11:08:49.699+0000] {processor.py:161} INFO - Started process (PID=2052) to work on /home/airflow/.local/lib/python3.12/site-packages/airflow/example_dags/tutorial_taskflow_api_virtualenv.py
[2025-05-01T11:08:49.702+0000] {processor.py:830} INFO - Processing file /home/airflow/.local/lib/python3.12/site-packages/airflow/example_dags/tutorial_taskflow_api_virtualenv.py for tasks to queue
[2025-05-01T11:08:49.707+0000] {logging_mixin.py:188} INFO - [2025-05-01T11:08:49.706+0000] {dagbag.py:545} INFO - Filling up the DagBag from /home/airflow/.local/lib/python3.12/site-packages/airflow/example_dags/tutorial_taskflow_api_virtualenv.py
[2025-05-01T11:08:49.730+0000] {processor.py:840} INFO - DAG(s) 'tutorial_taskflow_api_virtualenv' retrieved from /home/airflow/.local/lib/python3.12/site-packages/airflow/example_dags/tutorial_taskflow_api_virtualenv.py
[2025-05-01T11:08:49.784+0000] {logging_mixin.py:188} INFO - [2025-05-01T11:08:49.783+0000] {dag.py:3096} INFO - Sync 1 DAGs
[2025-05-01T11:08:49.837+0000] {logging_mixin.py:188} INFO - [2025-05-01T11:08:49.837+0000] {dag.py:3954} INFO - Setting next_dagrun for tutorial_taskflow_api_virtualenv to None, run_after=None
[2025-05-01T11:08:49.900+0000] {processor.py:183} INFO - Processing /home/airflow/.local/lib/python3.12/site-packages/airflow/example_dags/tutorial_taskflow_api_virtualenv.py took 0.217 seconds
[2025-05-01T11:09:21.212+0000] {processor.py:161} INFO - Started process (PID=2111) to work on /home/airflow/.local/lib/python3.12/site-packages/airflow/example_dags/tutorial_taskflow_api_virtualenv.py
[2025-05-01T11:09:21.215+0000] {processor.py:830} INFO - Processing file /home/airflow/.local/lib/python3.12/site-packages/airflow/example_dags/tutorial_taskflow_api_virtualenv.py for tasks to queue
[2025-05-01T11:09:21.219+0000] {logging_mixin.py:188} INFO - [2025-05-01T11:09:21.218+0000] {dagbag.py:545} INFO - Filling up the DagBag from /home/airflow/.local/lib/python3.12/site-packages/airflow/example_dags/tutorial_taskflow_api_virtualenv.py
[2025-05-01T11:09:21.238+0000] {processor.py:840} INFO - DAG(s) 'tutorial_taskflow_api_virtualenv' retrieved from /home/airflow/.local/lib/python3.12/site-packages/airflow/example_dags/tutorial_taskflow_api_virtualenv.py
[2025-05-01T11:09:21.286+0000] {logging_mixin.py:188} INFO - [2025-05-01T11:09:21.285+0000] {dag.py:3096} INFO - Sync 1 DAGs
[2025-05-01T11:09:21.320+0000] {logging_mixin.py:188} INFO - [2025-05-01T11:09:21.320+0000] {dag.py:3954} INFO - Setting next_dagrun for tutorial_taskflow_api_virtualenv to None, run_after=None
[2025-05-01T11:09:21.366+0000] {processor.py:183} INFO - Processing /home/airflow/.local/lib/python3.12/site-packages/airflow/example_dags/tutorial_taskflow_api_virtualenv.py took 0.164 seconds
[2025-05-01T11:09:51.879+0000] {processor.py:161} INFO - Started process (PID=2170) to work on /home/airflow/.local/lib/python3.12/site-packages/airflow/example_dags/tutorial_taskflow_api_virtualenv.py
[2025-05-01T11:09:51.883+0000] {processor.py:830} INFO - Processing file /home/airflow/.local/lib/python3.12/site-packages/airflow/example_dags/tutorial_taskflow_api_virtualenv.py for tasks to queue
[2025-05-01T11:09:51.887+0000] {logging_mixin.py:188} INFO - [2025-05-01T11:09:51.887+0000] {dagbag.py:545} INFO - Filling up the DagBag from /home/airflow/.local/lib/python3.12/site-packages/airflow/example_dags/tutorial_taskflow_api_virtualenv.py
[2025-05-01T11:09:51.917+0000] {processor.py:840} INFO - DAG(s) 'tutorial_taskflow_api_virtualenv' retrieved from /home/airflow/.local/lib/python3.12/site-packages/airflow/example_dags/tutorial_taskflow_api_virtualenv.py
[2025-05-01T11:09:51.974+0000] {logging_mixin.py:188} INFO - [2025-05-01T11:09:51.973+0000] {dag.py:3096} INFO - Sync 1 DAGs
[2025-05-01T11:09:52.020+0000] {logging_mixin.py:188} INFO - [2025-05-01T11:09:52.019+0000] {dag.py:3954} INFO - Setting next_dagrun for tutorial_taskflow_api_virtualenv to None, run_after=None
[2025-05-01T11:09:52.080+0000] {processor.py:183} INFO - Processing /home/airflow/.local/lib/python3.12/site-packages/airflow/example_dags/tutorial_taskflow_api_virtualenv.py took 0.214 seconds
[2025-05-01T11:10:23.034+0000] {processor.py:161} INFO - Started process (PID=2229) to work on /home/airflow/.local/lib/python3.12/site-packages/airflow/example_dags/tutorial_taskflow_api_virtualenv.py
[2025-05-01T11:10:23.037+0000] {processor.py:830} INFO - Processing file /home/airflow/.local/lib/python3.12/site-packages/airflow/example_dags/tutorial_taskflow_api_virtualenv.py for tasks to queue
[2025-05-01T11:10:23.041+0000] {logging_mixin.py:188} INFO - [2025-05-01T11:10:23.041+0000] {dagbag.py:545} INFO - Filling up the DagBag from /home/airflow/.local/lib/python3.12/site-packages/airflow/example_dags/tutorial_taskflow_api_virtualenv.py
[2025-05-01T11:10:23.063+0000] {processor.py:840} INFO - DAG(s) 'tutorial_taskflow_api_virtualenv' retrieved from /home/airflow/.local/lib/python3.12/site-packages/airflow/example_dags/tutorial_taskflow_api_virtualenv.py
[2025-05-01T11:10:23.123+0000] {logging_mixin.py:188} INFO - [2025-05-01T11:10:23.122+0000] {dag.py:3096} INFO - Sync 1 DAGs
[2025-05-01T11:10:23.160+0000] {logging_mixin.py:188} INFO - [2025-05-01T11:10:23.160+0000] {dag.py:3954} INFO - Setting next_dagrun for tutorial_taskflow_api_virtualenv to None, run_after=None
[2025-05-01T11:10:23.231+0000] {processor.py:183} INFO - Processing /home/airflow/.local/lib/python3.12/site-packages/airflow/example_dags/tutorial_taskflow_api_virtualenv.py took 0.211 seconds
[2025-05-01T11:10:53.840+0000] {processor.py:161} INFO - Started process (PID=2294) to work on /home/airflow/.local/lib/python3.12/site-packages/airflow/example_dags/tutorial_taskflow_api_virtualenv.py
[2025-05-01T11:10:53.843+0000] {processor.py:830} INFO - Processing file /home/airflow/.local/lib/python3.12/site-packages/airflow/example_dags/tutorial_taskflow_api_virtualenv.py for tasks to queue
[2025-05-01T11:10:53.847+0000] {logging_mixin.py:188} INFO - [2025-05-01T11:10:53.846+0000] {dagbag.py:545} INFO - Filling up the DagBag from /home/airflow/.local/lib/python3.12/site-packages/airflow/example_dags/tutorial_taskflow_api_virtualenv.py
[2025-05-01T11:10:53.871+0000] {processor.py:840} INFO - DAG(s) 'tutorial_taskflow_api_virtualenv' retrieved from /home/airflow/.local/lib/python3.12/site-packages/airflow/example_dags/tutorial_taskflow_api_virtualenv.py
[2025-05-01T11:10:53.928+0000] {logging_mixin.py:188} INFO - [2025-05-01T11:10:53.928+0000] {dag.py:3096} INFO - Sync 1 DAGs
[2025-05-01T11:10:53.955+0000] {logging_mixin.py:188} INFO - [2025-05-01T11:10:53.954+0000] {dag.py:3954} INFO - Setting next_dagrun for tutorial_taskflow_api_virtualenv to None, run_after=None
[2025-05-01T11:10:53.999+0000] {processor.py:183} INFO - Processing /home/airflow/.local/lib/python3.12/site-packages/airflow/example_dags/tutorial_taskflow_api_virtualenv.py took 0.170 seconds
[2025-05-01T11:11:24.858+0000] {processor.py:161} INFO - Started process (PID=2353) to work on /home/airflow/.local/lib/python3.12/site-packages/airflow/example_dags/tutorial_taskflow_api_virtualenv.py
[2025-05-01T11:11:24.860+0000] {processor.py:830} INFO - Processing file /home/airflow/.local/lib/python3.12/site-packages/airflow/example_dags/tutorial_taskflow_api_virtualenv.py for tasks to queue
[2025-05-01T11:11:24.864+0000] {logging_mixin.py:188} INFO - [2025-05-01T11:11:24.863+0000] {dagbag.py:545} INFO - Filling up the DagBag from /home/airflow/.local/lib/python3.12/site-packages/airflow/example_dags/tutorial_taskflow_api_virtualenv.py
[2025-05-01T11:11:24.883+0000] {processor.py:840} INFO - DAG(s) 'tutorial_taskflow_api_virtualenv' retrieved from /home/airflow/.local/lib/python3.12/site-packages/airflow/example_dags/tutorial_taskflow_api_virtualenv.py
[2025-05-01T11:11:24.937+0000] {logging_mixin.py:188} INFO - [2025-05-01T11:11:24.936+0000] {dag.py:3096} INFO - Sync 1 DAGs
[2025-05-01T11:11:24.965+0000] {logging_mixin.py:188} INFO - [2025-05-01T11:11:24.964+0000] {dag.py:3954} INFO - Setting next_dagrun for tutorial_taskflow_api_virtualenv to None, run_after=None
[2025-05-01T11:11:25.047+0000] {processor.py:183} INFO - Processing /home/airflow/.local/lib/python3.12/site-packages/airflow/example_dags/tutorial_taskflow_api_virtualenv.py took 0.200 seconds
[2025-05-01T11:11:55.583+0000] {processor.py:161} INFO - Started process (PID=2412) to work on /home/airflow/.local/lib/python3.12/site-packages/airflow/example_dags/tutorial_taskflow_api_virtualenv.py
[2025-05-01T11:11:55.586+0000] {processor.py:830} INFO - Processing file /home/airflow/.local/lib/python3.12/site-packages/airflow/example_dags/tutorial_taskflow_api_virtualenv.py for tasks to queue
[2025-05-01T11:11:55.590+0000] {logging_mixin.py:188} INFO - [2025-05-01T11:11:55.589+0000] {dagbag.py:545} INFO - Filling up the DagBag from /home/airflow/.local/lib/python3.12/site-packages/airflow/example_dags/tutorial_taskflow_api_virtualenv.py
[2025-05-01T11:11:55.611+0000] {processor.py:840} INFO - DAG(s) 'tutorial_taskflow_api_virtualenv' retrieved from /home/airflow/.local/lib/python3.12/site-packages/airflow/example_dags/tutorial_taskflow_api_virtualenv.py
[2025-05-01T11:11:55.661+0000] {logging_mixin.py:188} INFO - [2025-05-01T11:11:55.660+0000] {dag.py:3096} INFO - Sync 1 DAGs
[2025-05-01T11:11:55.690+0000] {logging_mixin.py:188} INFO - [2025-05-01T11:11:55.689+0000] {dag.py:3954} INFO - Setting next_dagrun for tutorial_taskflow_api_virtualenv to None, run_after=None
[2025-05-01T11:11:55.739+0000] {processor.py:183} INFO - Processing /home/airflow/.local/lib/python3.12/site-packages/airflow/example_dags/tutorial_taskflow_api_virtualenv.py took 0.167 seconds
[2025-05-01T11:12:25.957+0000] {processor.py:161} INFO - Started process (PID=2471) to work on /home/airflow/.local/lib/python3.12/site-packages/airflow/example_dags/tutorial_taskflow_api_virtualenv.py
[2025-05-01T11:12:25.959+0000] {processor.py:830} INFO - Processing file /home/airflow/.local/lib/python3.12/site-packages/airflow/example_dags/tutorial_taskflow_api_virtualenv.py for tasks to queue
[2025-05-01T11:12:25.963+0000] {logging_mixin.py:188} INFO - [2025-05-01T11:12:25.963+0000] {dagbag.py:545} INFO - Filling up the DagBag from /home/airflow/.local/lib/python3.12/site-packages/airflow/example_dags/tutorial_taskflow_api_virtualenv.py
[2025-05-01T11:12:25.984+0000] {processor.py:840} INFO - DAG(s) 'tutorial_taskflow_api_virtualenv' retrieved from /home/airflow/.local/lib/python3.12/site-packages/airflow/example_dags/tutorial_taskflow_api_virtualenv.py
[2025-05-01T11:12:26.028+0000] {logging_mixin.py:188} INFO - [2025-05-01T11:12:26.028+0000] {dag.py:3096} INFO - Sync 1 DAGs
[2025-05-01T11:12:26.064+0000] {logging_mixin.py:188} INFO - [2025-05-01T11:12:26.063+0000] {dag.py:3954} INFO - Setting next_dagrun for tutorial_taskflow_api_virtualenv to None, run_after=None
[2025-05-01T11:12:26.112+0000] {processor.py:183} INFO - Processing /home/airflow/.local/lib/python3.12/site-packages/airflow/example_dags/tutorial_taskflow_api_virtualenv.py took 0.167 seconds
[2025-05-01T11:12:56.213+0000] {processor.py:161} INFO - Started process (PID=2528) to work on /home/airflow/.local/lib/python3.12/site-packages/airflow/example_dags/tutorial_taskflow_api_virtualenv.py
[2025-05-01T11:12:56.216+0000] {processor.py:830} INFO - Processing file /home/airflow/.local/lib/python3.12/site-packages/airflow/example_dags/tutorial_taskflow_api_virtualenv.py for tasks to queue
[2025-05-01T11:12:56.220+0000] {logging_mixin.py:188} INFO - [2025-05-01T11:12:56.220+0000] {dagbag.py:545} INFO - Filling up the DagBag from /home/airflow/.local/lib/python3.12/site-packages/airflow/example_dags/tutorial_taskflow_api_virtualenv.py
[2025-05-01T11:12:56.240+0000] {processor.py:840} INFO - DAG(s) 'tutorial_taskflow_api_virtualenv' retrieved from /home/airflow/.local/lib/python3.12/site-packages/airflow/example_dags/tutorial_taskflow_api_virtualenv.py
[2025-05-01T11:12:56.290+0000] {logging_mixin.py:188} INFO - [2025-05-01T11:12:56.290+0000] {dag.py:3096} INFO - Sync 1 DAGs
[2025-05-01T11:12:56.319+0000] {logging_mixin.py:188} INFO - [2025-05-01T11:12:56.318+0000] {dag.py:3954} INFO - Setting next_dagrun for tutorial_taskflow_api_virtualenv to None, run_after=None
[2025-05-01T11:12:56.404+0000] {processor.py:183} INFO - Processing /home/airflow/.local/lib/python3.12/site-packages/airflow/example_dags/tutorial_taskflow_api_virtualenv.py took 0.202 seconds
[2025-05-01T11:13:26.950+0000] {processor.py:161} INFO - Started process (PID=2587) to work on /home/airflow/.local/lib/python3.12/site-packages/airflow/example_dags/tutorial_taskflow_api_virtualenv.py
[2025-05-01T11:13:26.952+0000] {processor.py:830} INFO - Processing file /home/airflow/.local/lib/python3.12/site-packages/airflow/example_dags/tutorial_taskflow_api_virtualenv.py for tasks to queue
[2025-05-01T11:13:26.958+0000] {logging_mixin.py:188} INFO - [2025-05-01T11:13:26.957+0000] {dagbag.py:545} INFO - Filling up the DagBag from /home/airflow/.local/lib/python3.12/site-packages/airflow/example_dags/tutorial_taskflow_api_virtualenv.py
[2025-05-01T11:13:26.986+0000] {processor.py:840} INFO - DAG(s) 'tutorial_taskflow_api_virtualenv' retrieved from /home/airflow/.local/lib/python3.12/site-packages/airflow/example_dags/tutorial_taskflow_api_virtualenv.py
[2025-05-01T11:13:27.044+0000] {logging_mixin.py:188} INFO - [2025-05-01T11:13:27.043+0000] {dag.py:3096} INFO - Sync 1 DAGs
[2025-05-01T11:13:27.109+0000] {logging_mixin.py:188} INFO - [2025-05-01T11:13:27.108+0000] {dag.py:3954} INFO - Setting next_dagrun for tutorial_taskflow_api_virtualenv to None, run_after=None
[2025-05-01T11:13:27.168+0000] {processor.py:183} INFO - Processing /home/airflow/.local/lib/python3.12/site-packages/airflow/example_dags/tutorial_taskflow_api_virtualenv.py took 0.235 seconds
[2025-05-01T11:13:57.903+0000] {processor.py:161} INFO - Started process (PID=2646) to work on /home/airflow/.local/lib/python3.12/site-packages/airflow/example_dags/tutorial_taskflow_api_virtualenv.py
[2025-05-01T11:13:57.905+0000] {processor.py:830} INFO - Processing file /home/airflow/.local/lib/python3.12/site-packages/airflow/example_dags/tutorial_taskflow_api_virtualenv.py for tasks to queue
[2025-05-01T11:13:57.911+0000] {logging_mixin.py:188} INFO - [2025-05-01T11:13:57.910+0000] {dagbag.py:545} INFO - Filling up the DagBag from /home/airflow/.local/lib/python3.12/site-packages/airflow/example_dags/tutorial_taskflow_api_virtualenv.py
[2025-05-01T11:13:57.931+0000] {processor.py:840} INFO - DAG(s) 'tutorial_taskflow_api_virtualenv' retrieved from /home/airflow/.local/lib/python3.12/site-packages/airflow/example_dags/tutorial_taskflow_api_virtualenv.py
[2025-05-01T11:13:57.974+0000] {logging_mixin.py:188} INFO - [2025-05-01T11:13:57.973+0000] {dag.py:3096} INFO - Sync 1 DAGs
[2025-05-01T11:13:58.000+0000] {logging_mixin.py:188} INFO - [2025-05-01T11:13:58.000+0000] {dag.py:3954} INFO - Setting next_dagrun for tutorial_taskflow_api_virtualenv to None, run_after=None
[2025-05-01T11:13:58.043+0000] {processor.py:183} INFO - Processing /home/airflow/.local/lib/python3.12/site-packages/airflow/example_dags/tutorial_taskflow_api_virtualenv.py took 0.153 seconds
[2025-05-01T11:14:28.259+0000] {processor.py:161} INFO - Started process (PID=2705) to work on /home/airflow/.local/lib/python3.12/site-packages/airflow/example_dags/tutorial_taskflow_api_virtualenv.py
[2025-05-01T11:14:28.262+0000] {processor.py:830} INFO - Processing file /home/airflow/.local/lib/python3.12/site-packages/airflow/example_dags/tutorial_taskflow_api_virtualenv.py for tasks to queue
[2025-05-01T11:14:28.268+0000] {logging_mixin.py:188} INFO - [2025-05-01T11:14:28.267+0000] {dagbag.py:545} INFO - Filling up the DagBag from /home/airflow/.local/lib/python3.12/site-packages/airflow/example_dags/tutorial_taskflow_api_virtualenv.py
[2025-05-01T11:14:28.294+0000] {processor.py:840} INFO - DAG(s) 'tutorial_taskflow_api_virtualenv' retrieved from /home/airflow/.local/lib/python3.12/site-packages/airflow/example_dags/tutorial_taskflow_api_virtualenv.py
[2025-05-01T11:14:28.354+0000] {logging_mixin.py:188} INFO - [2025-05-01T11:14:28.353+0000] {dag.py:3096} INFO - Sync 1 DAGs
[2025-05-01T11:14:28.382+0000] {logging_mixin.py:188} INFO - [2025-05-01T11:14:28.382+0000] {dag.py:3954} INFO - Setting next_dagrun for tutorial_taskflow_api_virtualenv to None, run_after=None
[2025-05-01T11:14:28.464+0000] {processor.py:183} INFO - Processing /home/airflow/.local/lib/python3.12/site-packages/airflow/example_dags/tutorial_taskflow_api_virtualenv.py took 0.218 seconds
[2025-05-01T11:14:59.279+0000] {processor.py:161} INFO - Started process (PID=2764) to work on /home/airflow/.local/lib/python3.12/site-packages/airflow/example_dags/tutorial_taskflow_api_virtualenv.py
[2025-05-01T11:14:59.281+0000] {processor.py:830} INFO - Processing file /home/airflow/.local/lib/python3.12/site-packages/airflow/example_dags/tutorial_taskflow_api_virtualenv.py for tasks to queue
[2025-05-01T11:14:59.285+0000] {logging_mixin.py:188} INFO - [2025-05-01T11:14:59.284+0000] {dagbag.py:545} INFO - Filling up the DagBag from /home/airflow/.local/lib/python3.12/site-packages/airflow/example_dags/tutorial_taskflow_api_virtualenv.py
[2025-05-01T11:14:59.308+0000] {processor.py:840} INFO - DAG(s) 'tutorial_taskflow_api_virtualenv' retrieved from /home/airflow/.local/lib/python3.12/site-packages/airflow/example_dags/tutorial_taskflow_api_virtualenv.py
[2025-05-01T11:14:59.357+0000] {logging_mixin.py:188} INFO - [2025-05-01T11:14:59.357+0000] {dag.py:3096} INFO - Sync 1 DAGs
[2025-05-01T11:14:59.386+0000] {logging_mixin.py:188} INFO - [2025-05-01T11:14:59.386+0000] {dag.py:3954} INFO - Setting next_dagrun for tutorial_taskflow_api_virtualenv to None, run_after=None
[2025-05-01T11:14:59.432+0000] {processor.py:183} INFO - Processing /home/airflow/.local/lib/python3.12/site-packages/airflow/example_dags/tutorial_taskflow_api_virtualenv.py took 0.164 seconds
[2025-05-01T11:15:29.930+0000] {processor.py:161} INFO - Started process (PID=2823) to work on /home/airflow/.local/lib/python3.12/site-packages/airflow/example_dags/tutorial_taskflow_api_virtualenv.py
[2025-05-01T11:15:29.933+0000] {processor.py:830} INFO - Processing file /home/airflow/.local/lib/python3.12/site-packages/airflow/example_dags/tutorial_taskflow_api_virtualenv.py for tasks to queue
[2025-05-01T11:15:29.937+0000] {logging_mixin.py:188} INFO - [2025-05-01T11:15:29.937+0000] {dagbag.py:545} INFO - Filling up the DagBag from /home/airflow/.local/lib/python3.12/site-packages/airflow/example_dags/tutorial_taskflow_api_virtualenv.py
[2025-05-01T11:15:29.960+0000] {processor.py:840} INFO - DAG(s) 'tutorial_taskflow_api_virtualenv' retrieved from /home/airflow/.local/lib/python3.12/site-packages/airflow/example_dags/tutorial_taskflow_api_virtualenv.py
[2025-05-01T11:15:30.010+0000] {logging_mixin.py:188} INFO - [2025-05-01T11:15:30.009+0000] {dag.py:3096} INFO - Sync 1 DAGs
[2025-05-01T11:15:30.036+0000] {logging_mixin.py:188} INFO - [2025-05-01T11:15:30.036+0000] {dag.py:3954} INFO - Setting next_dagrun for tutorial_taskflow_api_virtualenv to None, run_after=None
[2025-05-01T11:15:30.105+0000] {processor.py:183} INFO - Processing /home/airflow/.local/lib/python3.12/site-packages/airflow/example_dags/tutorial_taskflow_api_virtualenv.py took 0.188 seconds
[2025-05-01T11:16:01.129+0000] {processor.py:161} INFO - Started process (PID=2883) to work on /home/airflow/.local/lib/python3.12/site-packages/airflow/example_dags/tutorial_taskflow_api_virtualenv.py
[2025-05-01T11:16:01.132+0000] {processor.py:830} INFO - Processing file /home/airflow/.local/lib/python3.12/site-packages/airflow/example_dags/tutorial_taskflow_api_virtualenv.py for tasks to queue
[2025-05-01T11:16:01.138+0000] {logging_mixin.py:188} INFO - [2025-05-01T11:16:01.137+0000] {dagbag.py:545} INFO - Filling up the DagBag from /home/airflow/.local/lib/python3.12/site-packages/airflow/example_dags/tutorial_taskflow_api_virtualenv.py
[2025-05-01T11:16:01.164+0000] {processor.py:840} INFO - DAG(s) 'tutorial_taskflow_api_virtualenv' retrieved from /home/airflow/.local/lib/python3.12/site-packages/airflow/example_dags/tutorial_taskflow_api_virtualenv.py
[2025-05-01T11:16:01.214+0000] {logging_mixin.py:188} INFO - [2025-05-01T11:16:01.213+0000] {dag.py:3096} INFO - Sync 1 DAGs
[2025-05-01T11:16:01.242+0000] {logging_mixin.py:188} INFO - [2025-05-01T11:16:01.242+0000] {dag.py:3954} INFO - Setting next_dagrun for tutorial_taskflow_api_virtualenv to None, run_after=None
[2025-05-01T11:16:01.324+0000] {processor.py:183} INFO - Processing /home/airflow/.local/lib/python3.12/site-packages/airflow/example_dags/tutorial_taskflow_api_virtualenv.py took 0.208 seconds
[2025-05-01T11:16:31.810+0000] {processor.py:161} INFO - Started process (PID=2942) to work on /home/airflow/.local/lib/python3.12/site-packages/airflow/example_dags/tutorial_taskflow_api_virtualenv.py
[2025-05-01T11:16:31.812+0000] {processor.py:830} INFO - Processing file /home/airflow/.local/lib/python3.12/site-packages/airflow/example_dags/tutorial_taskflow_api_virtualenv.py for tasks to queue
[2025-05-01T11:16:31.816+0000] {logging_mixin.py:188} INFO - [2025-05-01T11:16:31.816+0000] {dagbag.py:545} INFO - Filling up the DagBag from /home/airflow/.local/lib/python3.12/site-packages/airflow/example_dags/tutorial_taskflow_api_virtualenv.py
[2025-05-01T11:16:31.837+0000] {processor.py:840} INFO - DAG(s) 'tutorial_taskflow_api_virtualenv' retrieved from /home/airflow/.local/lib/python3.12/site-packages/airflow/example_dags/tutorial_taskflow_api_virtualenv.py
[2025-05-01T11:16:31.884+0000] {logging_mixin.py:188} INFO - [2025-05-01T11:16:31.884+0000] {dag.py:3096} INFO - Sync 1 DAGs
[2025-05-01T11:16:31.916+0000] {logging_mixin.py:188} INFO - [2025-05-01T11:16:31.915+0000] {dag.py:3954} INFO - Setting next_dagrun for tutorial_taskflow_api_virtualenv to None, run_after=None
[2025-05-01T11:16:32.006+0000] {processor.py:183} INFO - Processing /home/airflow/.local/lib/python3.12/site-packages/airflow/example_dags/tutorial_taskflow_api_virtualenv.py took 0.207 seconds
[2025-05-01T11:17:02.539+0000] {processor.py:161} INFO - Started process (PID=3002) to work on /home/airflow/.local/lib/python3.12/site-packages/airflow/example_dags/tutorial_taskflow_api_virtualenv.py
[2025-05-01T11:17:02.543+0000] {processor.py:830} INFO - Processing file /home/airflow/.local/lib/python3.12/site-packages/airflow/example_dags/tutorial_taskflow_api_virtualenv.py for tasks to queue
[2025-05-01T11:17:02.550+0000] {logging_mixin.py:188} INFO - [2025-05-01T11:17:02.548+0000] {dagbag.py:545} INFO - Filling up the DagBag from /home/airflow/.local/lib/python3.12/site-packages/airflow/example_dags/tutorial_taskflow_api_virtualenv.py
[2025-05-01T11:17:02.586+0000] {processor.py:840} INFO - DAG(s) 'tutorial_taskflow_api_virtualenv' retrieved from /home/airflow/.local/lib/python3.12/site-packages/airflow/example_dags/tutorial_taskflow_api_virtualenv.py
[2025-05-01T11:17:02.651+0000] {logging_mixin.py:188} INFO - [2025-05-01T11:17:02.650+0000] {dag.py:3096} INFO - Sync 1 DAGs
[2025-05-01T11:17:02.692+0000] {logging_mixin.py:188} INFO - [2025-05-01T11:17:02.691+0000] {dag.py:3954} INFO - Setting next_dagrun for tutorial_taskflow_api_virtualenv to None, run_after=None
[2025-05-01T11:17:02.751+0000] {processor.py:183} INFO - Processing /home/airflow/.local/lib/python3.12/site-packages/airflow/example_dags/tutorial_taskflow_api_virtualenv.py took 0.238 seconds
[2025-05-01T11:17:33.471+0000] {processor.py:161} INFO - Started process (PID=3061) to work on /home/airflow/.local/lib/python3.12/site-packages/airflow/example_dags/tutorial_taskflow_api_virtualenv.py
[2025-05-01T11:17:33.474+0000] {processor.py:830} INFO - Processing file /home/airflow/.local/lib/python3.12/site-packages/airflow/example_dags/tutorial_taskflow_api_virtualenv.py for tasks to queue
[2025-05-01T11:17:33.480+0000] {logging_mixin.py:188} INFO - [2025-05-01T11:17:33.478+0000] {dagbag.py:545} INFO - Filling up the DagBag from /home/airflow/.local/lib/python3.12/site-packages/airflow/example_dags/tutorial_taskflow_api_virtualenv.py
[2025-05-01T11:17:33.509+0000] {processor.py:840} INFO - DAG(s) 'tutorial_taskflow_api_virtualenv' retrieved from /home/airflow/.local/lib/python3.12/site-packages/airflow/example_dags/tutorial_taskflow_api_virtualenv.py
[2025-05-01T11:17:33.564+0000] {logging_mixin.py:188} INFO - [2025-05-01T11:17:33.564+0000] {dag.py:3096} INFO - Sync 1 DAGs
[2025-05-01T11:17:33.594+0000] {logging_mixin.py:188} INFO - [2025-05-01T11:17:33.593+0000] {dag.py:3954} INFO - Setting next_dagrun for tutorial_taskflow_api_virtualenv to None, run_after=None
[2025-05-01T11:17:33.682+0000] {processor.py:183} INFO - Processing /home/airflow/.local/lib/python3.12/site-packages/airflow/example_dags/tutorial_taskflow_api_virtualenv.py took 0.226 seconds
[2025-05-01T11:18:03.824+0000] {processor.py:161} INFO - Started process (PID=3120) to work on /home/airflow/.local/lib/python3.12/site-packages/airflow/example_dags/tutorial_taskflow_api_virtualenv.py
[2025-05-01T11:18:03.826+0000] {processor.py:830} INFO - Processing file /home/airflow/.local/lib/python3.12/site-packages/airflow/example_dags/tutorial_taskflow_api_virtualenv.py for tasks to queue
[2025-05-01T11:18:03.830+0000] {logging_mixin.py:188} INFO - [2025-05-01T11:18:03.830+0000] {dagbag.py:545} INFO - Filling up the DagBag from /home/airflow/.local/lib/python3.12/site-packages/airflow/example_dags/tutorial_taskflow_api_virtualenv.py
[2025-05-01T11:18:03.851+0000] {processor.py:840} INFO - DAG(s) 'tutorial_taskflow_api_virtualenv' retrieved from /home/airflow/.local/lib/python3.12/site-packages/airflow/example_dags/tutorial_taskflow_api_virtualenv.py
[2025-05-01T11:18:03.893+0000] {logging_mixin.py:188} INFO - [2025-05-01T11:18:03.893+0000] {dag.py:3096} INFO - Sync 1 DAGs
[2025-05-01T11:18:03.920+0000] {logging_mixin.py:188} INFO - [2025-05-01T11:18:03.919+0000] {dag.py:3954} INFO - Setting next_dagrun for tutorial_taskflow_api_virtualenv to None, run_after=None
[2025-05-01T11:18:03.965+0000] {processor.py:183} INFO - Processing /home/airflow/.local/lib/python3.12/site-packages/airflow/example_dags/tutorial_taskflow_api_virtualenv.py took 0.152 seconds
[2025-05-01T11:18:34.294+0000] {processor.py:161} INFO - Started process (PID=3179) to work on /home/airflow/.local/lib/python3.12/site-packages/airflow/example_dags/tutorial_taskflow_api_virtualenv.py
[2025-05-01T11:18:34.297+0000] {processor.py:830} INFO - Processing file /home/airflow/.local/lib/python3.12/site-packages/airflow/example_dags/tutorial_taskflow_api_virtualenv.py for tasks to queue
[2025-05-01T11:18:34.301+0000] {logging_mixin.py:188} INFO - [2025-05-01T11:18:34.300+0000] {dagbag.py:545} INFO - Filling up the DagBag from /home/airflow/.local/lib/python3.12/site-packages/airflow/example_dags/tutorial_taskflow_api_virtualenv.py
[2025-05-01T11:18:34.325+0000] {processor.py:840} INFO - DAG(s) 'tutorial_taskflow_api_virtualenv' retrieved from /home/airflow/.local/lib/python3.12/site-packages/airflow/example_dags/tutorial_taskflow_api_virtualenv.py
[2025-05-01T11:18:34.368+0000] {logging_mixin.py:188} INFO - [2025-05-01T11:18:34.367+0000] {dag.py:3096} INFO - Sync 1 DAGs
[2025-05-01T11:18:34.396+0000] {logging_mixin.py:188} INFO - [2025-05-01T11:18:34.396+0000] {dag.py:3954} INFO - Setting next_dagrun for tutorial_taskflow_api_virtualenv to None, run_after=None
[2025-05-01T11:18:34.479+0000] {processor.py:183} INFO - Processing /home/airflow/.local/lib/python3.12/site-packages/airflow/example_dags/tutorial_taskflow_api_virtualenv.py took 0.198 seconds
[2025-05-01T11:19:05.162+0000] {processor.py:161} INFO - Started process (PID=3239) to work on /home/airflow/.local/lib/python3.12/site-packages/airflow/example_dags/tutorial_taskflow_api_virtualenv.py
[2025-05-01T11:19:05.165+0000] {processor.py:830} INFO - Processing file /home/airflow/.local/lib/python3.12/site-packages/airflow/example_dags/tutorial_taskflow_api_virtualenv.py for tasks to queue
[2025-05-01T11:19:05.169+0000] {logging_mixin.py:188} INFO - [2025-05-01T11:19:05.168+0000] {dagbag.py:545} INFO - Filling up the DagBag from /home/airflow/.local/lib/python3.12/site-packages/airflow/example_dags/tutorial_taskflow_api_virtualenv.py
[2025-05-01T11:19:05.189+0000] {processor.py:840} INFO - DAG(s) 'tutorial_taskflow_api_virtualenv' retrieved from /home/airflow/.local/lib/python3.12/site-packages/airflow/example_dags/tutorial_taskflow_api_virtualenv.py
[2025-05-01T11:19:05.230+0000] {logging_mixin.py:188} INFO - [2025-05-01T11:19:05.229+0000] {dag.py:3096} INFO - Sync 1 DAGs
[2025-05-01T11:19:05.259+0000] {logging_mixin.py:188} INFO - [2025-05-01T11:19:05.259+0000] {dag.py:3954} INFO - Setting next_dagrun for tutorial_taskflow_api_virtualenv to None, run_after=None
[2025-05-01T11:19:05.361+0000] {processor.py:183} INFO - Processing /home/airflow/.local/lib/python3.12/site-packages/airflow/example_dags/tutorial_taskflow_api_virtualenv.py took 0.209 seconds
[2025-05-01T11:19:35.758+0000] {processor.py:161} INFO - Started process (PID=3298) to work on /home/airflow/.local/lib/python3.12/site-packages/airflow/example_dags/tutorial_taskflow_api_virtualenv.py
[2025-05-01T11:19:35.761+0000] {processor.py:830} INFO - Processing file /home/airflow/.local/lib/python3.12/site-packages/airflow/example_dags/tutorial_taskflow_api_virtualenv.py for tasks to queue
[2025-05-01T11:19:35.767+0000] {logging_mixin.py:188} INFO - [2025-05-01T11:19:35.766+0000] {dagbag.py:545} INFO - Filling up the DagBag from /home/airflow/.local/lib/python3.12/site-packages/airflow/example_dags/tutorial_taskflow_api_virtualenv.py
[2025-05-01T11:19:35.793+0000] {processor.py:840} INFO - DAG(s) 'tutorial_taskflow_api_virtualenv' retrieved from /home/airflow/.local/lib/python3.12/site-packages/airflow/example_dags/tutorial_taskflow_api_virtualenv.py
[2025-05-01T11:19:35.842+0000] {logging_mixin.py:188} INFO - [2025-05-01T11:19:35.842+0000] {dag.py:3096} INFO - Sync 1 DAGs
[2025-05-01T11:19:35.895+0000] {logging_mixin.py:188} INFO - [2025-05-01T11:19:35.894+0000] {dag.py:3954} INFO - Setting next_dagrun for tutorial_taskflow_api_virtualenv to None, run_after=None
[2025-05-01T11:19:35.939+0000] {processor.py:183} INFO - Processing /home/airflow/.local/lib/python3.12/site-packages/airflow/example_dags/tutorial_taskflow_api_virtualenv.py took 0.197 seconds
[2025-05-01T11:20:06.790+0000] {processor.py:161} INFO - Started process (PID=3357) to work on /home/airflow/.local/lib/python3.12/site-packages/airflow/example_dags/tutorial_taskflow_api_virtualenv.py
[2025-05-01T11:20:06.794+0000] {processor.py:830} INFO - Processing file /home/airflow/.local/lib/python3.12/site-packages/airflow/example_dags/tutorial_taskflow_api_virtualenv.py for tasks to queue
[2025-05-01T11:20:06.798+0000] {logging_mixin.py:188} INFO - [2025-05-01T11:20:06.797+0000] {dagbag.py:545} INFO - Filling up the DagBag from /home/airflow/.local/lib/python3.12/site-packages/airflow/example_dags/tutorial_taskflow_api_virtualenv.py
[2025-05-01T11:20:06.818+0000] {processor.py:840} INFO - DAG(s) 'tutorial_taskflow_api_virtualenv' retrieved from /home/airflow/.local/lib/python3.12/site-packages/airflow/example_dags/tutorial_taskflow_api_virtualenv.py
[2025-05-01T11:20:06.860+0000] {logging_mixin.py:188} INFO - [2025-05-01T11:20:06.860+0000] {dag.py:3096} INFO - Sync 1 DAGs
[2025-05-01T11:20:06.893+0000] {logging_mixin.py:188} INFO - [2025-05-01T11:20:06.892+0000] {dag.py:3954} INFO - Setting next_dagrun for tutorial_taskflow_api_virtualenv to None, run_after=None
[2025-05-01T11:20:06.975+0000] {processor.py:183} INFO - Processing /home/airflow/.local/lib/python3.12/site-packages/airflow/example_dags/tutorial_taskflow_api_virtualenv.py took 0.196 seconds
[2025-05-01T11:20:37.461+0000] {processor.py:161} INFO - Started process (PID=3416) to work on /home/airflow/.local/lib/python3.12/site-packages/airflow/example_dags/tutorial_taskflow_api_virtualenv.py
[2025-05-01T11:20:37.464+0000] {processor.py:830} INFO - Processing file /home/airflow/.local/lib/python3.12/site-packages/airflow/example_dags/tutorial_taskflow_api_virtualenv.py for tasks to queue
[2025-05-01T11:20:37.470+0000] {logging_mixin.py:188} INFO - [2025-05-01T11:20:37.468+0000] {dagbag.py:545} INFO - Filling up the DagBag from /home/airflow/.local/lib/python3.12/site-packages/airflow/example_dags/tutorial_taskflow_api_virtualenv.py
[2025-05-01T11:20:37.494+0000] {processor.py:840} INFO - DAG(s) 'tutorial_taskflow_api_virtualenv' retrieved from /home/airflow/.local/lib/python3.12/site-packages/airflow/example_dags/tutorial_taskflow_api_virtualenv.py
[2025-05-01T11:20:37.552+0000] {logging_mixin.py:188} INFO - [2025-05-01T11:20:37.551+0000] {dag.py:3096} INFO - Sync 1 DAGs
[2025-05-01T11:20:37.583+0000] {logging_mixin.py:188} INFO - [2025-05-01T11:20:37.582+0000] {dag.py:3954} INFO - Setting next_dagrun for tutorial_taskflow_api_virtualenv to None, run_after=None
[2025-05-01T11:20:37.677+0000] {processor.py:183} INFO - Processing /home/airflow/.local/lib/python3.12/site-packages/airflow/example_dags/tutorial_taskflow_api_virtualenv.py took 0.230 seconds
[2025-05-01T11:21:08.055+0000] {processor.py:161} INFO - Started process (PID=3475) to work on /home/airflow/.local/lib/python3.12/site-packages/airflow/example_dags/tutorial_taskflow_api_virtualenv.py
[2025-05-01T11:21:08.058+0000] {processor.py:830} INFO - Processing file /home/airflow/.local/lib/python3.12/site-packages/airflow/example_dags/tutorial_taskflow_api_virtualenv.py for tasks to queue
[2025-05-01T11:21:08.063+0000] {logging_mixin.py:188} INFO - [2025-05-01T11:21:08.062+0000] {dagbag.py:545} INFO - Filling up the DagBag from /home/airflow/.local/lib/python3.12/site-packages/airflow/example_dags/tutorial_taskflow_api_virtualenv.py
[2025-05-01T11:21:08.088+0000] {processor.py:840} INFO - DAG(s) 'tutorial_taskflow_api_virtualenv' retrieved from /home/airflow/.local/lib/python3.12/site-packages/airflow/example_dags/tutorial_taskflow_api_virtualenv.py
[2025-05-01T11:21:08.145+0000] {logging_mixin.py:188} INFO - [2025-05-01T11:21:08.144+0000] {dag.py:3096} INFO - Sync 1 DAGs
[2025-05-01T11:21:08.176+0000] {logging_mixin.py:188} INFO - [2025-05-01T11:21:08.176+0000] {dag.py:3954} INFO - Setting next_dagrun for tutorial_taskflow_api_virtualenv to None, run_after=None
[2025-05-01T11:21:08.230+0000] {processor.py:183} INFO - Processing /home/airflow/.local/lib/python3.12/site-packages/airflow/example_dags/tutorial_taskflow_api_virtualenv.py took 0.191 seconds
[2025-05-01T11:21:38.786+0000] {processor.py:161} INFO - Started process (PID=3534) to work on /home/airflow/.local/lib/python3.12/site-packages/airflow/example_dags/tutorial_taskflow_api_virtualenv.py
[2025-05-01T11:21:38.788+0000] {processor.py:830} INFO - Processing file /home/airflow/.local/lib/python3.12/site-packages/airflow/example_dags/tutorial_taskflow_api_virtualenv.py for tasks to queue
[2025-05-01T11:21:38.794+0000] {logging_mixin.py:188} INFO - [2025-05-01T11:21:38.793+0000] {dagbag.py:545} INFO - Filling up the DagBag from /home/airflow/.local/lib/python3.12/site-packages/airflow/example_dags/tutorial_taskflow_api_virtualenv.py
[2025-05-01T11:21:38.816+0000] {processor.py:840} INFO - DAG(s) 'tutorial_taskflow_api_virtualenv' retrieved from /home/airflow/.local/lib/python3.12/site-packages/airflow/example_dags/tutorial_taskflow_api_virtualenv.py
[2025-05-01T11:21:38.885+0000] {logging_mixin.py:188} INFO - [2025-05-01T11:21:38.884+0000] {dag.py:3096} INFO - Sync 1 DAGs
[2025-05-01T11:21:38.929+0000] {logging_mixin.py:188} INFO - [2025-05-01T11:21:38.928+0000] {dag.py:3954} INFO - Setting next_dagrun for tutorial_taskflow_api_virtualenv to None, run_after=None
[2025-05-01T11:21:38.983+0000] {processor.py:183} INFO - Processing /home/airflow/.local/lib/python3.12/site-packages/airflow/example_dags/tutorial_taskflow_api_virtualenv.py took 0.214 seconds
[2025-05-01T11:22:09.383+0000] {processor.py:161} INFO - Started process (PID=3593) to work on /home/airflow/.local/lib/python3.12/site-packages/airflow/example_dags/tutorial_taskflow_api_virtualenv.py
[2025-05-01T11:22:09.385+0000] {processor.py:830} INFO - Processing file /home/airflow/.local/lib/python3.12/site-packages/airflow/example_dags/tutorial_taskflow_api_virtualenv.py for tasks to queue
[2025-05-01T11:22:09.390+0000] {logging_mixin.py:188} INFO - [2025-05-01T11:22:09.389+0000] {dagbag.py:545} INFO - Filling up the DagBag from /home/airflow/.local/lib/python3.12/site-packages/airflow/example_dags/tutorial_taskflow_api_virtualenv.py
[2025-05-01T11:22:09.410+0000] {processor.py:840} INFO - DAG(s) 'tutorial_taskflow_api_virtualenv' retrieved from /home/airflow/.local/lib/python3.12/site-packages/airflow/example_dags/tutorial_taskflow_api_virtualenv.py
[2025-05-01T11:22:09.460+0000] {logging_mixin.py:188} INFO - [2025-05-01T11:22:09.459+0000] {dag.py:3096} INFO - Sync 1 DAGs
[2025-05-01T11:22:09.491+0000] {logging_mixin.py:188} INFO - [2025-05-01T11:22:09.491+0000] {dag.py:3954} INFO - Setting next_dagrun for tutorial_taskflow_api_virtualenv to None, run_after=None
[2025-05-01T11:22:09.539+0000] {processor.py:183} INFO - Processing /home/airflow/.local/lib/python3.12/site-packages/airflow/example_dags/tutorial_taskflow_api_virtualenv.py took 0.167 seconds
[2025-05-01T11:22:39.900+0000] {processor.py:161} INFO - Started process (PID=3652) to work on /home/airflow/.local/lib/python3.12/site-packages/airflow/example_dags/tutorial_taskflow_api_virtualenv.py
[2025-05-01T11:22:39.903+0000] {processor.py:830} INFO - Processing file /home/airflow/.local/lib/python3.12/site-packages/airflow/example_dags/tutorial_taskflow_api_virtualenv.py for tasks to queue
[2025-05-01T11:22:39.907+0000] {logging_mixin.py:188} INFO - [2025-05-01T11:22:39.906+0000] {dagbag.py:545} INFO - Filling up the DagBag from /home/airflow/.local/lib/python3.12/site-packages/airflow/example_dags/tutorial_taskflow_api_virtualenv.py
[2025-05-01T11:22:39.938+0000] {processor.py:840} INFO - DAG(s) 'tutorial_taskflow_api_virtualenv' retrieved from /home/airflow/.local/lib/python3.12/site-packages/airflow/example_dags/tutorial_taskflow_api_virtualenv.py
[2025-05-01T11:22:39.995+0000] {logging_mixin.py:188} INFO - [2025-05-01T11:22:39.995+0000] {dag.py:3096} INFO - Sync 1 DAGs
[2025-05-01T11:22:40.045+0000] {logging_mixin.py:188} INFO - [2025-05-01T11:22:40.044+0000] {dag.py:3954} INFO - Setting next_dagrun for tutorial_taskflow_api_virtualenv to None, run_after=None
[2025-05-01T11:22:40.121+0000] {processor.py:183} INFO - Processing /home/airflow/.local/lib/python3.12/site-packages/airflow/example_dags/tutorial_taskflow_api_virtualenv.py took 0.238 seconds
[2025-05-01T11:23:10.354+0000] {processor.py:161} INFO - Started process (PID=3711) to work on /home/airflow/.local/lib/python3.12/site-packages/airflow/example_dags/tutorial_taskflow_api_virtualenv.py
[2025-05-01T11:23:10.363+0000] {processor.py:830} INFO - Processing file /home/airflow/.local/lib/python3.12/site-packages/airflow/example_dags/tutorial_taskflow_api_virtualenv.py for tasks to queue
[2025-05-01T11:23:10.369+0000] {logging_mixin.py:188} INFO - [2025-05-01T11:23:10.368+0000] {dagbag.py:545} INFO - Filling up the DagBag from /home/airflow/.local/lib/python3.12/site-packages/airflow/example_dags/tutorial_taskflow_api_virtualenv.py
[2025-05-01T11:23:10.408+0000] {processor.py:840} INFO - DAG(s) 'tutorial_taskflow_api_virtualenv' retrieved from /home/airflow/.local/lib/python3.12/site-packages/airflow/example_dags/tutorial_taskflow_api_virtualenv.py
[2025-05-01T11:23:10.477+0000] {logging_mixin.py:188} INFO - [2025-05-01T11:23:10.476+0000] {dag.py:3096} INFO - Sync 1 DAGs
[2025-05-01T11:23:10.519+0000] {logging_mixin.py:188} INFO - [2025-05-01T11:23:10.518+0000] {dag.py:3954} INFO - Setting next_dagrun for tutorial_taskflow_api_virtualenv to None, run_after=None
[2025-05-01T11:23:10.613+0000] {processor.py:183} INFO - Processing /home/airflow/.local/lib/python3.12/site-packages/airflow/example_dags/tutorial_taskflow_api_virtualenv.py took 0.276 seconds
[2025-05-01T11:23:40.982+0000] {processor.py:161} INFO - Started process (PID=3770) to work on /home/airflow/.local/lib/python3.12/site-packages/airflow/example_dags/tutorial_taskflow_api_virtualenv.py
[2025-05-01T11:23:40.984+0000] {processor.py:830} INFO - Processing file /home/airflow/.local/lib/python3.12/site-packages/airflow/example_dags/tutorial_taskflow_api_virtualenv.py for tasks to queue
[2025-05-01T11:23:40.990+0000] {logging_mixin.py:188} INFO - [2025-05-01T11:23:40.989+0000] {dagbag.py:545} INFO - Filling up the DagBag from /home/airflow/.local/lib/python3.12/site-packages/airflow/example_dags/tutorial_taskflow_api_virtualenv.py
[2025-05-01T11:23:41.019+0000] {processor.py:840} INFO - DAG(s) 'tutorial_taskflow_api_virtualenv' retrieved from /home/airflow/.local/lib/python3.12/site-packages/airflow/example_dags/tutorial_taskflow_api_virtualenv.py
[2025-05-01T11:23:41.070+0000] {logging_mixin.py:188} INFO - [2025-05-01T11:23:41.069+0000] {dag.py:3096} INFO - Sync 1 DAGs
[2025-05-01T11:23:41.102+0000] {logging_mixin.py:188} INFO - [2025-05-01T11:23:41.102+0000] {dag.py:3954} INFO - Setting next_dagrun for tutorial_taskflow_api_virtualenv to None, run_after=None
[2025-05-01T11:23:41.154+0000] {processor.py:183} INFO - Processing /home/airflow/.local/lib/python3.12/site-packages/airflow/example_dags/tutorial_taskflow_api_virtualenv.py took 0.185 seconds
[2025-05-01T11:24:11.363+0000] {processor.py:161} INFO - Started process (PID=3829) to work on /home/airflow/.local/lib/python3.12/site-packages/airflow/example_dags/tutorial_taskflow_api_virtualenv.py
[2025-05-01T11:24:11.365+0000] {processor.py:830} INFO - Processing file /home/airflow/.local/lib/python3.12/site-packages/airflow/example_dags/tutorial_taskflow_api_virtualenv.py for tasks to queue
[2025-05-01T11:24:11.370+0000] {logging_mixin.py:188} INFO - [2025-05-01T11:24:11.369+0000] {dagbag.py:545} INFO - Filling up the DagBag from /home/airflow/.local/lib/python3.12/site-packages/airflow/example_dags/tutorial_taskflow_api_virtualenv.py
[2025-05-01T11:24:11.391+0000] {processor.py:840} INFO - DAG(s) 'tutorial_taskflow_api_virtualenv' retrieved from /home/airflow/.local/lib/python3.12/site-packages/airflow/example_dags/tutorial_taskflow_api_virtualenv.py
[2025-05-01T11:24:11.441+0000] {logging_mixin.py:188} INFO - [2025-05-01T11:24:11.440+0000] {dag.py:3096} INFO - Sync 1 DAGs
[2025-05-01T11:24:11.485+0000] {logging_mixin.py:188} INFO - [2025-05-01T11:24:11.484+0000] {dag.py:3954} INFO - Setting next_dagrun for tutorial_taskflow_api_virtualenv to None, run_after=None
[2025-05-01T11:24:11.538+0000] {processor.py:183} INFO - Processing /home/airflow/.local/lib/python3.12/site-packages/airflow/example_dags/tutorial_taskflow_api_virtualenv.py took 0.188 seconds
[2025-05-01T11:24:41.954+0000] {processor.py:161} INFO - Started process (PID=3890) to work on /home/airflow/.local/lib/python3.12/site-packages/airflow/example_dags/tutorial_taskflow_api_virtualenv.py
[2025-05-01T11:24:41.957+0000] {processor.py:830} INFO - Processing file /home/airflow/.local/lib/python3.12/site-packages/airflow/example_dags/tutorial_taskflow_api_virtualenv.py for tasks to queue
[2025-05-01T11:24:41.960+0000] {logging_mixin.py:188} INFO - [2025-05-01T11:24:41.960+0000] {dagbag.py:545} INFO - Filling up the DagBag from /home/airflow/.local/lib/python3.12/site-packages/airflow/example_dags/tutorial_taskflow_api_virtualenv.py
[2025-05-01T11:24:41.982+0000] {processor.py:840} INFO - DAG(s) 'tutorial_taskflow_api_virtualenv' retrieved from /home/airflow/.local/lib/python3.12/site-packages/airflow/example_dags/tutorial_taskflow_api_virtualenv.py
[2025-05-01T11:24:42.025+0000] {logging_mixin.py:188} INFO - [2025-05-01T11:24:42.024+0000] {dag.py:3096} INFO - Sync 1 DAGs
[2025-05-01T11:24:42.051+0000] {logging_mixin.py:188} INFO - [2025-05-01T11:24:42.050+0000] {dag.py:3954} INFO - Setting next_dagrun for tutorial_taskflow_api_virtualenv to None, run_after=None
[2025-05-01T11:24:42.132+0000] {processor.py:183} INFO - Processing /home/airflow/.local/lib/python3.12/site-packages/airflow/example_dags/tutorial_taskflow_api_virtualenv.py took 0.191 seconds
[2025-05-01T11:25:12.565+0000] {processor.py:161} INFO - Started process (PID=3949) to work on /home/airflow/.local/lib/python3.12/site-packages/airflow/example_dags/tutorial_taskflow_api_virtualenv.py
[2025-05-01T11:25:12.567+0000] {processor.py:830} INFO - Processing file /home/airflow/.local/lib/python3.12/site-packages/airflow/example_dags/tutorial_taskflow_api_virtualenv.py for tasks to queue
[2025-05-01T11:25:12.571+0000] {logging_mixin.py:188} INFO - [2025-05-01T11:25:12.570+0000] {dagbag.py:545} INFO - Filling up the DagBag from /home/airflow/.local/lib/python3.12/site-packages/airflow/example_dags/tutorial_taskflow_api_virtualenv.py
[2025-05-01T11:25:12.591+0000] {processor.py:840} INFO - DAG(s) 'tutorial_taskflow_api_virtualenv' retrieved from /home/airflow/.local/lib/python3.12/site-packages/airflow/example_dags/tutorial_taskflow_api_virtualenv.py
[2025-05-01T11:25:12.640+0000] {logging_mixin.py:188} INFO - [2025-05-01T11:25:12.640+0000] {dag.py:3096} INFO - Sync 1 DAGs
[2025-05-01T11:25:12.669+0000] {logging_mixin.py:188} INFO - [2025-05-01T11:25:12.669+0000] {dag.py:3954} INFO - Setting next_dagrun for tutorial_taskflow_api_virtualenv to None, run_after=None
[2025-05-01T11:25:12.712+0000] {processor.py:183} INFO - Processing /home/airflow/.local/lib/python3.12/site-packages/airflow/example_dags/tutorial_taskflow_api_virtualenv.py took 0.160 seconds
[2025-05-01T11:25:43.526+0000] {processor.py:161} INFO - Started process (PID=4008) to work on /home/airflow/.local/lib/python3.12/site-packages/airflow/example_dags/tutorial_taskflow_api_virtualenv.py
[2025-05-01T11:25:43.529+0000] {processor.py:830} INFO - Processing file /home/airflow/.local/lib/python3.12/site-packages/airflow/example_dags/tutorial_taskflow_api_virtualenv.py for tasks to queue
[2025-05-01T11:25:43.535+0000] {logging_mixin.py:188} INFO - [2025-05-01T11:25:43.534+0000] {dagbag.py:545} INFO - Filling up the DagBag from /home/airflow/.local/lib/python3.12/site-packages/airflow/example_dags/tutorial_taskflow_api_virtualenv.py
[2025-05-01T11:25:43.569+0000] {processor.py:840} INFO - DAG(s) 'tutorial_taskflow_api_virtualenv' retrieved from /home/airflow/.local/lib/python3.12/site-packages/airflow/example_dags/tutorial_taskflow_api_virtualenv.py
[2025-05-01T11:25:43.623+0000] {logging_mixin.py:188} INFO - [2025-05-01T11:25:43.622+0000] {dag.py:3096} INFO - Sync 1 DAGs
[2025-05-01T11:25:43.659+0000] {logging_mixin.py:188} INFO - [2025-05-01T11:25:43.659+0000] {dag.py:3954} INFO - Setting next_dagrun for tutorial_taskflow_api_virtualenv to None, run_after=None
[2025-05-01T11:25:43.706+0000] {processor.py:183} INFO - Processing /home/airflow/.local/lib/python3.12/site-packages/airflow/example_dags/tutorial_taskflow_api_virtualenv.py took 0.196 seconds
[2025-05-01T11:31:51.670+0000] {processor.py:161} INFO - Started process (PID=113) to work on /home/airflow/.local/lib/python3.12/site-packages/airflow/example_dags/tutorial_taskflow_api_virtualenv.py
[2025-05-01T11:31:51.674+0000] {processor.py:830} INFO - Processing file /home/airflow/.local/lib/python3.12/site-packages/airflow/example_dags/tutorial_taskflow_api_virtualenv.py for tasks to queue
[2025-05-01T11:31:51.679+0000] {logging_mixin.py:188} INFO - [2025-05-01T11:31:51.678+0000] {dagbag.py:545} INFO - Filling up the DagBag from /home/airflow/.local/lib/python3.12/site-packages/airflow/example_dags/tutorial_taskflow_api_virtualenv.py
[2025-05-01T11:31:51.704+0000] {processor.py:840} INFO - DAG(s) 'tutorial_taskflow_api_virtualenv' retrieved from /home/airflow/.local/lib/python3.12/site-packages/airflow/example_dags/tutorial_taskflow_api_virtualenv.py
[2025-05-01T11:31:51.964+0000] {logging_mixin.py:188} INFO - [2025-05-01T11:31:51.963+0000] {dag.py:3096} INFO - Sync 1 DAGs
[2025-05-01T11:31:51.990+0000] {logging_mixin.py:188} INFO - [2025-05-01T11:31:51.989+0000] {dag.py:3954} INFO - Setting next_dagrun for tutorial_taskflow_api_virtualenv to None, run_after=None
[2025-05-01T11:31:52.046+0000] {processor.py:183} INFO - Processing /home/airflow/.local/lib/python3.12/site-packages/airflow/example_dags/tutorial_taskflow_api_virtualenv.py took 0.389 seconds
[2025-05-01T11:32:22.935+0000] {processor.py:161} INFO - Started process (PID=172) to work on /home/airflow/.local/lib/python3.12/site-packages/airflow/example_dags/tutorial_taskflow_api_virtualenv.py
[2025-05-01T11:32:22.937+0000] {processor.py:830} INFO - Processing file /home/airflow/.local/lib/python3.12/site-packages/airflow/example_dags/tutorial_taskflow_api_virtualenv.py for tasks to queue
[2025-05-01T11:32:22.942+0000] {logging_mixin.py:188} INFO - [2025-05-01T11:32:22.941+0000] {dagbag.py:545} INFO - Filling up the DagBag from /home/airflow/.local/lib/python3.12/site-packages/airflow/example_dags/tutorial_taskflow_api_virtualenv.py
[2025-05-01T11:32:22.972+0000] {processor.py:840} INFO - DAG(s) 'tutorial_taskflow_api_virtualenv' retrieved from /home/airflow/.local/lib/python3.12/site-packages/airflow/example_dags/tutorial_taskflow_api_virtualenv.py
[2025-05-01T11:32:23.022+0000] {logging_mixin.py:188} INFO - [2025-05-01T11:32:23.021+0000] {dag.py:3096} INFO - Sync 1 DAGs
[2025-05-01T11:32:23.051+0000] {logging_mixin.py:188} INFO - [2025-05-01T11:32:23.050+0000] {dag.py:3954} INFO - Setting next_dagrun for tutorial_taskflow_api_virtualenv to None, run_after=None
[2025-05-01T11:32:23.134+0000] {processor.py:183} INFO - Processing /home/airflow/.local/lib/python3.12/site-packages/airflow/example_dags/tutorial_taskflow_api_virtualenv.py took 0.213 seconds
[2025-05-01T11:32:53.295+0000] {processor.py:161} INFO - Started process (PID=237) to work on /home/airflow/.local/lib/python3.12/site-packages/airflow/example_dags/tutorial_taskflow_api_virtualenv.py
[2025-05-01T11:32:53.298+0000] {processor.py:830} INFO - Processing file /home/airflow/.local/lib/python3.12/site-packages/airflow/example_dags/tutorial_taskflow_api_virtualenv.py for tasks to queue
[2025-05-01T11:32:53.303+0000] {logging_mixin.py:188} INFO - [2025-05-01T11:32:53.302+0000] {dagbag.py:545} INFO - Filling up the DagBag from /home/airflow/.local/lib/python3.12/site-packages/airflow/example_dags/tutorial_taskflow_api_virtualenv.py
[2025-05-01T11:32:53.329+0000] {processor.py:840} INFO - DAG(s) 'tutorial_taskflow_api_virtualenv' retrieved from /home/airflow/.local/lib/python3.12/site-packages/airflow/example_dags/tutorial_taskflow_api_virtualenv.py
[2025-05-01T11:32:53.374+0000] {logging_mixin.py:188} INFO - [2025-05-01T11:32:53.374+0000] {dag.py:3096} INFO - Sync 1 DAGs
[2025-05-01T11:32:53.399+0000] {logging_mixin.py:188} INFO - [2025-05-01T11:32:53.399+0000] {dag.py:3954} INFO - Setting next_dagrun for tutorial_taskflow_api_virtualenv to None, run_after=None
[2025-05-01T11:32:53.492+0000] {processor.py:183} INFO - Processing /home/airflow/.local/lib/python3.12/site-packages/airflow/example_dags/tutorial_taskflow_api_virtualenv.py took 0.209 seconds
[2025-05-01T11:33:23.998+0000] {processor.py:161} INFO - Started process (PID=295) to work on /home/airflow/.local/lib/python3.12/site-packages/airflow/example_dags/tutorial_taskflow_api_virtualenv.py
[2025-05-01T11:33:24.001+0000] {processor.py:830} INFO - Processing file /home/airflow/.local/lib/python3.12/site-packages/airflow/example_dags/tutorial_taskflow_api_virtualenv.py for tasks to queue
[2025-05-01T11:33:24.006+0000] {logging_mixin.py:188} INFO - [2025-05-01T11:33:24.005+0000] {dagbag.py:545} INFO - Filling up the DagBag from /home/airflow/.local/lib/python3.12/site-packages/airflow/example_dags/tutorial_taskflow_api_virtualenv.py
[2025-05-01T11:33:24.030+0000] {processor.py:840} INFO - DAG(s) 'tutorial_taskflow_api_virtualenv' retrieved from /home/airflow/.local/lib/python3.12/site-packages/airflow/example_dags/tutorial_taskflow_api_virtualenv.py
[2025-05-01T11:33:24.073+0000] {logging_mixin.py:188} INFO - [2025-05-01T11:33:24.072+0000] {dag.py:3096} INFO - Sync 1 DAGs
[2025-05-01T11:33:24.101+0000] {logging_mixin.py:188} INFO - [2025-05-01T11:33:24.100+0000] {dag.py:3954} INFO - Setting next_dagrun for tutorial_taskflow_api_virtualenv to None, run_after=None
[2025-05-01T11:33:24.142+0000] {processor.py:183} INFO - Processing /home/airflow/.local/lib/python3.12/site-packages/airflow/example_dags/tutorial_taskflow_api_virtualenv.py took 0.157 seconds
[2025-05-01T11:33:54.927+0000] {processor.py:161} INFO - Started process (PID=355) to work on /home/airflow/.local/lib/python3.12/site-packages/airflow/example_dags/tutorial_taskflow_api_virtualenv.py
[2025-05-01T11:33:54.930+0000] {processor.py:830} INFO - Processing file /home/airflow/.local/lib/python3.12/site-packages/airflow/example_dags/tutorial_taskflow_api_virtualenv.py for tasks to queue
[2025-05-01T11:33:54.935+0000] {logging_mixin.py:188} INFO - [2025-05-01T11:33:54.934+0000] {dagbag.py:545} INFO - Filling up the DagBag from /home/airflow/.local/lib/python3.12/site-packages/airflow/example_dags/tutorial_taskflow_api_virtualenv.py
[2025-05-01T11:33:54.957+0000] {processor.py:840} INFO - DAG(s) 'tutorial_taskflow_api_virtualenv' retrieved from /home/airflow/.local/lib/python3.12/site-packages/airflow/example_dags/tutorial_taskflow_api_virtualenv.py
[2025-05-01T11:33:55.002+0000] {logging_mixin.py:188} INFO - [2025-05-01T11:33:55.001+0000] {dag.py:3096} INFO - Sync 1 DAGs
[2025-05-01T11:33:55.031+0000] {logging_mixin.py:188} INFO - [2025-05-01T11:33:55.030+0000] {dag.py:3954} INFO - Setting next_dagrun for tutorial_taskflow_api_virtualenv to None, run_after=None
[2025-05-01T11:33:55.120+0000] {processor.py:183} INFO - Processing /home/airflow/.local/lib/python3.12/site-packages/airflow/example_dags/tutorial_taskflow_api_virtualenv.py took 0.210 seconds
[2025-05-01T11:34:25.756+0000] {processor.py:161} INFO - Started process (PID=414) to work on /home/airflow/.local/lib/python3.12/site-packages/airflow/example_dags/tutorial_taskflow_api_virtualenv.py
[2025-05-01T11:34:25.759+0000] {processor.py:830} INFO - Processing file /home/airflow/.local/lib/python3.12/site-packages/airflow/example_dags/tutorial_taskflow_api_virtualenv.py for tasks to queue
[2025-05-01T11:34:25.763+0000] {logging_mixin.py:188} INFO - [2025-05-01T11:34:25.762+0000] {dagbag.py:545} INFO - Filling up the DagBag from /home/airflow/.local/lib/python3.12/site-packages/airflow/example_dags/tutorial_taskflow_api_virtualenv.py
[2025-05-01T11:34:25.786+0000] {processor.py:840} INFO - DAG(s) 'tutorial_taskflow_api_virtualenv' retrieved from /home/airflow/.local/lib/python3.12/site-packages/airflow/example_dags/tutorial_taskflow_api_virtualenv.py
[2025-05-01T11:34:25.834+0000] {logging_mixin.py:188} INFO - [2025-05-01T11:34:25.834+0000] {dag.py:3096} INFO - Sync 1 DAGs
[2025-05-01T11:34:25.868+0000] {logging_mixin.py:188} INFO - [2025-05-01T11:34:25.868+0000] {dag.py:3954} INFO - Setting next_dagrun for tutorial_taskflow_api_virtualenv to None, run_after=None
[2025-05-01T11:34:25.917+0000] {processor.py:183} INFO - Processing /home/airflow/.local/lib/python3.12/site-packages/airflow/example_dags/tutorial_taskflow_api_virtualenv.py took 0.173 seconds
[2025-05-01T11:34:56.235+0000] {processor.py:161} INFO - Started process (PID=473) to work on /home/airflow/.local/lib/python3.12/site-packages/airflow/example_dags/tutorial_taskflow_api_virtualenv.py
[2025-05-01T11:34:56.238+0000] {processor.py:830} INFO - Processing file /home/airflow/.local/lib/python3.12/site-packages/airflow/example_dags/tutorial_taskflow_api_virtualenv.py for tasks to queue
[2025-05-01T11:34:56.245+0000] {logging_mixin.py:188} INFO - [2025-05-01T11:34:56.244+0000] {dagbag.py:545} INFO - Filling up the DagBag from /home/airflow/.local/lib/python3.12/site-packages/airflow/example_dags/tutorial_taskflow_api_virtualenv.py
[2025-05-01T11:34:56.299+0000] {processor.py:840} INFO - DAG(s) 'tutorial_taskflow_api_virtualenv' retrieved from /home/airflow/.local/lib/python3.12/site-packages/airflow/example_dags/tutorial_taskflow_api_virtualenv.py
[2025-05-01T11:34:56.343+0000] {logging_mixin.py:188} INFO - [2025-05-01T11:34:56.342+0000] {dag.py:3096} INFO - Sync 1 DAGs
[2025-05-01T11:34:56.373+0000] {logging_mixin.py:188} INFO - [2025-05-01T11:34:56.373+0000] {dag.py:3954} INFO - Setting next_dagrun for tutorial_taskflow_api_virtualenv to None, run_after=None
[2025-05-01T11:34:56.416+0000] {processor.py:183} INFO - Processing /home/airflow/.local/lib/python3.12/site-packages/airflow/example_dags/tutorial_taskflow_api_virtualenv.py took 0.203 seconds
[2025-05-01T11:35:27.367+0000] {processor.py:161} INFO - Started process (PID=532) to work on /home/airflow/.local/lib/python3.12/site-packages/airflow/example_dags/tutorial_taskflow_api_virtualenv.py
[2025-05-01T11:35:27.383+0000] {processor.py:830} INFO - Processing file /home/airflow/.local/lib/python3.12/site-packages/airflow/example_dags/tutorial_taskflow_api_virtualenv.py for tasks to queue
[2025-05-01T11:35:27.390+0000] {logging_mixin.py:188} INFO - [2025-05-01T11:35:27.389+0000] {dagbag.py:545} INFO - Filling up the DagBag from /home/airflow/.local/lib/python3.12/site-packages/airflow/example_dags/tutorial_taskflow_api_virtualenv.py
[2025-05-01T11:35:27.411+0000] {processor.py:840} INFO - DAG(s) 'tutorial_taskflow_api_virtualenv' retrieved from /home/airflow/.local/lib/python3.12/site-packages/airflow/example_dags/tutorial_taskflow_api_virtualenv.py
[2025-05-01T11:35:27.455+0000] {logging_mixin.py:188} INFO - [2025-05-01T11:35:27.454+0000] {dag.py:3096} INFO - Sync 1 DAGs
[2025-05-01T11:35:27.487+0000] {logging_mixin.py:188} INFO - [2025-05-01T11:35:27.486+0000] {dag.py:3954} INFO - Setting next_dagrun for tutorial_taskflow_api_virtualenv to None, run_after=None
[2025-05-01T11:35:27.547+0000] {processor.py:183} INFO - Processing /home/airflow/.local/lib/python3.12/site-packages/airflow/example_dags/tutorial_taskflow_api_virtualenv.py took 0.213 seconds
[2025-05-01T11:35:57.796+0000] {processor.py:161} INFO - Started process (PID=590) to work on /home/airflow/.local/lib/python3.12/site-packages/airflow/example_dags/tutorial_taskflow_api_virtualenv.py
[2025-05-01T11:35:57.802+0000] {processor.py:830} INFO - Processing file /home/airflow/.local/lib/python3.12/site-packages/airflow/example_dags/tutorial_taskflow_api_virtualenv.py for tasks to queue
[2025-05-01T11:35:57.813+0000] {logging_mixin.py:188} INFO - [2025-05-01T11:35:57.810+0000] {dagbag.py:545} INFO - Filling up the DagBag from /home/airflow/.local/lib/python3.12/site-packages/airflow/example_dags/tutorial_taskflow_api_virtualenv.py
[2025-05-01T11:35:57.871+0000] {processor.py:840} INFO - DAG(s) 'tutorial_taskflow_api_virtualenv' retrieved from /home/airflow/.local/lib/python3.12/site-packages/airflow/example_dags/tutorial_taskflow_api_virtualenv.py
[2025-05-01T11:35:57.942+0000] {logging_mixin.py:188} INFO - [2025-05-01T11:35:57.941+0000] {dag.py:3096} INFO - Sync 1 DAGs
[2025-05-01T11:35:58.019+0000] {logging_mixin.py:188} INFO - [2025-05-01T11:35:58.019+0000] {dag.py:3954} INFO - Setting next_dagrun for tutorial_taskflow_api_virtualenv to None, run_after=None
[2025-05-01T11:35:58.102+0000] {processor.py:183} INFO - Processing /home/airflow/.local/lib/python3.12/site-packages/airflow/example_dags/tutorial_taskflow_api_virtualenv.py took 0.324 seconds
[2025-05-01T11:36:28.401+0000] {processor.py:161} INFO - Started process (PID=649) to work on /home/airflow/.local/lib/python3.12/site-packages/airflow/example_dags/tutorial_taskflow_api_virtualenv.py
[2025-05-01T11:36:28.404+0000] {processor.py:830} INFO - Processing file /home/airflow/.local/lib/python3.12/site-packages/airflow/example_dags/tutorial_taskflow_api_virtualenv.py for tasks to queue
[2025-05-01T11:36:28.408+0000] {logging_mixin.py:188} INFO - [2025-05-01T11:36:28.407+0000] {dagbag.py:545} INFO - Filling up the DagBag from /home/airflow/.local/lib/python3.12/site-packages/airflow/example_dags/tutorial_taskflow_api_virtualenv.py
[2025-05-01T11:36:28.429+0000] {processor.py:840} INFO - DAG(s) 'tutorial_taskflow_api_virtualenv' retrieved from /home/airflow/.local/lib/python3.12/site-packages/airflow/example_dags/tutorial_taskflow_api_virtualenv.py
[2025-05-01T11:36:28.478+0000] {logging_mixin.py:188} INFO - [2025-05-01T11:36:28.477+0000] {dag.py:3096} INFO - Sync 1 DAGs
[2025-05-01T11:36:28.509+0000] {logging_mixin.py:188} INFO - [2025-05-01T11:36:28.509+0000] {dag.py:3954} INFO - Setting next_dagrun for tutorial_taskflow_api_virtualenv to None, run_after=None
[2025-05-01T11:36:28.598+0000] {processor.py:183} INFO - Processing /home/airflow/.local/lib/python3.12/site-packages/airflow/example_dags/tutorial_taskflow_api_virtualenv.py took 0.209 seconds
[2025-05-01T11:36:59.226+0000] {processor.py:161} INFO - Started process (PID=708) to work on /home/airflow/.local/lib/python3.12/site-packages/airflow/example_dags/tutorial_taskflow_api_virtualenv.py
[2025-05-01T11:36:59.230+0000] {processor.py:830} INFO - Processing file /home/airflow/.local/lib/python3.12/site-packages/airflow/example_dags/tutorial_taskflow_api_virtualenv.py for tasks to queue
[2025-05-01T11:36:59.236+0000] {logging_mixin.py:188} INFO - [2025-05-01T11:36:59.235+0000] {dagbag.py:545} INFO - Filling up the DagBag from /home/airflow/.local/lib/python3.12/site-packages/airflow/example_dags/tutorial_taskflow_api_virtualenv.py
[2025-05-01T11:36:59.264+0000] {processor.py:840} INFO - DAG(s) 'tutorial_taskflow_api_virtualenv' retrieved from /home/airflow/.local/lib/python3.12/site-packages/airflow/example_dags/tutorial_taskflow_api_virtualenv.py
[2025-05-01T11:36:59.312+0000] {logging_mixin.py:188} INFO - [2025-05-01T11:36:59.311+0000] {dag.py:3096} INFO - Sync 1 DAGs
[2025-05-01T11:36:59.348+0000] {logging_mixin.py:188} INFO - [2025-05-01T11:36:59.347+0000] {dag.py:3954} INFO - Setting next_dagrun for tutorial_taskflow_api_virtualenv to None, run_after=None
[2025-05-01T11:36:59.406+0000] {processor.py:183} INFO - Processing /home/airflow/.local/lib/python3.12/site-packages/airflow/example_dags/tutorial_taskflow_api_virtualenv.py took 0.198 seconds
[2025-05-01T11:37:29.881+0000] {processor.py:161} INFO - Started process (PID=768) to work on /home/airflow/.local/lib/python3.12/site-packages/airflow/example_dags/tutorial_taskflow_api_virtualenv.py
[2025-05-01T11:37:29.883+0000] {processor.py:830} INFO - Processing file /home/airflow/.local/lib/python3.12/site-packages/airflow/example_dags/tutorial_taskflow_api_virtualenv.py for tasks to queue
[2025-05-01T11:37:29.888+0000] {logging_mixin.py:188} INFO - [2025-05-01T11:37:29.887+0000] {dagbag.py:545} INFO - Filling up the DagBag from /home/airflow/.local/lib/python3.12/site-packages/airflow/example_dags/tutorial_taskflow_api_virtualenv.py
[2025-05-01T11:37:29.912+0000] {processor.py:840} INFO - DAG(s) 'tutorial_taskflow_api_virtualenv' retrieved from /home/airflow/.local/lib/python3.12/site-packages/airflow/example_dags/tutorial_taskflow_api_virtualenv.py
[2025-05-01T11:37:29.962+0000] {logging_mixin.py:188} INFO - [2025-05-01T11:37:29.961+0000] {dag.py:3096} INFO - Sync 1 DAGs
[2025-05-01T11:37:29.993+0000] {logging_mixin.py:188} INFO - [2025-05-01T11:37:29.992+0000] {dag.py:3954} INFO - Setting next_dagrun for tutorial_taskflow_api_virtualenv to None, run_after=None
[2025-05-01T11:37:30.046+0000] {processor.py:183} INFO - Processing /home/airflow/.local/lib/python3.12/site-packages/airflow/example_dags/tutorial_taskflow_api_virtualenv.py took 0.177 seconds
[2025-05-01T11:38:00.376+0000] {processor.py:161} INFO - Started process (PID=827) to work on /home/airflow/.local/lib/python3.12/site-packages/airflow/example_dags/tutorial_taskflow_api_virtualenv.py
[2025-05-01T11:38:00.380+0000] {processor.py:830} INFO - Processing file /home/airflow/.local/lib/python3.12/site-packages/airflow/example_dags/tutorial_taskflow_api_virtualenv.py for tasks to queue
[2025-05-01T11:38:00.389+0000] {logging_mixin.py:188} INFO - [2025-05-01T11:38:00.387+0000] {dagbag.py:545} INFO - Filling up the DagBag from /home/airflow/.local/lib/python3.12/site-packages/airflow/example_dags/tutorial_taskflow_api_virtualenv.py
[2025-05-01T11:38:00.411+0000] {processor.py:840} INFO - DAG(s) 'tutorial_taskflow_api_virtualenv' retrieved from /home/airflow/.local/lib/python3.12/site-packages/airflow/example_dags/tutorial_taskflow_api_virtualenv.py
[2025-05-01T11:38:00.454+0000] {logging_mixin.py:188} INFO - [2025-05-01T11:38:00.453+0000] {dag.py:3096} INFO - Sync 1 DAGs
[2025-05-01T11:38:00.484+0000] {logging_mixin.py:188} INFO - [2025-05-01T11:38:00.484+0000] {dag.py:3954} INFO - Setting next_dagrun for tutorial_taskflow_api_virtualenv to None, run_after=None
[2025-05-01T11:38:00.529+0000] {processor.py:183} INFO - Processing /home/airflow/.local/lib/python3.12/site-packages/airflow/example_dags/tutorial_taskflow_api_virtualenv.py took 0.171 seconds
[2025-05-01T11:38:31.022+0000] {processor.py:161} INFO - Started process (PID=886) to work on /home/airflow/.local/lib/python3.12/site-packages/airflow/example_dags/tutorial_taskflow_api_virtualenv.py
[2025-05-01T11:38:31.026+0000] {processor.py:830} INFO - Processing file /home/airflow/.local/lib/python3.12/site-packages/airflow/example_dags/tutorial_taskflow_api_virtualenv.py for tasks to queue
[2025-05-01T11:38:31.032+0000] {logging_mixin.py:188} INFO - [2025-05-01T11:38:31.030+0000] {dagbag.py:545} INFO - Filling up the DagBag from /home/airflow/.local/lib/python3.12/site-packages/airflow/example_dags/tutorial_taskflow_api_virtualenv.py
[2025-05-01T11:38:31.075+0000] {processor.py:840} INFO - DAG(s) 'tutorial_taskflow_api_virtualenv' retrieved from /home/airflow/.local/lib/python3.12/site-packages/airflow/example_dags/tutorial_taskflow_api_virtualenv.py
[2025-05-01T11:38:31.127+0000] {logging_mixin.py:188} INFO - [2025-05-01T11:38:31.126+0000] {dag.py:3096} INFO - Sync 1 DAGs
[2025-05-01T11:38:31.161+0000] {logging_mixin.py:188} INFO - [2025-05-01T11:38:31.160+0000] {dag.py:3954} INFO - Setting next_dagrun for tutorial_taskflow_api_virtualenv to None, run_after=None
[2025-05-01T11:38:31.213+0000] {processor.py:183} INFO - Processing /home/airflow/.local/lib/python3.12/site-packages/airflow/example_dags/tutorial_taskflow_api_virtualenv.py took 0.219 seconds
[2025-05-01T11:39:01.474+0000] {processor.py:161} INFO - Started process (PID=945) to work on /home/airflow/.local/lib/python3.12/site-packages/airflow/example_dags/tutorial_taskflow_api_virtualenv.py
[2025-05-01T11:39:01.477+0000] {processor.py:830} INFO - Processing file /home/airflow/.local/lib/python3.12/site-packages/airflow/example_dags/tutorial_taskflow_api_virtualenv.py for tasks to queue
[2025-05-01T11:39:01.484+0000] {logging_mixin.py:188} INFO - [2025-05-01T11:39:01.483+0000] {dagbag.py:545} INFO - Filling up the DagBag from /home/airflow/.local/lib/python3.12/site-packages/airflow/example_dags/tutorial_taskflow_api_virtualenv.py
[2025-05-01T11:39:01.512+0000] {processor.py:840} INFO - DAG(s) 'tutorial_taskflow_api_virtualenv' retrieved from /home/airflow/.local/lib/python3.12/site-packages/airflow/example_dags/tutorial_taskflow_api_virtualenv.py
[2025-05-01T11:39:01.573+0000] {logging_mixin.py:188} INFO - [2025-05-01T11:39:01.572+0000] {dag.py:3096} INFO - Sync 1 DAGs
[2025-05-01T11:39:01.611+0000] {logging_mixin.py:188} INFO - [2025-05-01T11:39:01.610+0000] {dag.py:3954} INFO - Setting next_dagrun for tutorial_taskflow_api_virtualenv to None, run_after=None
[2025-05-01T11:39:01.674+0000] {processor.py:183} INFO - Processing /home/airflow/.local/lib/python3.12/site-packages/airflow/example_dags/tutorial_taskflow_api_virtualenv.py took 0.217 seconds
[2025-05-01T11:39:32.334+0000] {processor.py:161} INFO - Started process (PID=1005) to work on /home/airflow/.local/lib/python3.12/site-packages/airflow/example_dags/tutorial_taskflow_api_virtualenv.py
[2025-05-01T11:39:32.337+0000] {processor.py:830} INFO - Processing file /home/airflow/.local/lib/python3.12/site-packages/airflow/example_dags/tutorial_taskflow_api_virtualenv.py for tasks to queue
[2025-05-01T11:39:32.342+0000] {logging_mixin.py:188} INFO - [2025-05-01T11:39:32.341+0000] {dagbag.py:545} INFO - Filling up the DagBag from /home/airflow/.local/lib/python3.12/site-packages/airflow/example_dags/tutorial_taskflow_api_virtualenv.py
[2025-05-01T11:39:32.366+0000] {processor.py:840} INFO - DAG(s) 'tutorial_taskflow_api_virtualenv' retrieved from /home/airflow/.local/lib/python3.12/site-packages/airflow/example_dags/tutorial_taskflow_api_virtualenv.py
[2025-05-01T11:39:32.422+0000] {logging_mixin.py:188} INFO - [2025-05-01T11:39:32.421+0000] {dag.py:3096} INFO - Sync 1 DAGs
[2025-05-01T11:39:32.465+0000] {logging_mixin.py:188} INFO - [2025-05-01T11:39:32.464+0000] {dag.py:3954} INFO - Setting next_dagrun for tutorial_taskflow_api_virtualenv to None, run_after=None
[2025-05-01T11:39:32.525+0000] {processor.py:183} INFO - Processing /home/airflow/.local/lib/python3.12/site-packages/airflow/example_dags/tutorial_taskflow_api_virtualenv.py took 0.204 seconds
[2025-05-01T11:40:02.899+0000] {processor.py:161} INFO - Started process (PID=1064) to work on /home/airflow/.local/lib/python3.12/site-packages/airflow/example_dags/tutorial_taskflow_api_virtualenv.py
[2025-05-01T11:40:02.901+0000] {processor.py:830} INFO - Processing file /home/airflow/.local/lib/python3.12/site-packages/airflow/example_dags/tutorial_taskflow_api_virtualenv.py for tasks to queue
[2025-05-01T11:40:02.906+0000] {logging_mixin.py:188} INFO - [2025-05-01T11:40:02.904+0000] {dagbag.py:545} INFO - Filling up the DagBag from /home/airflow/.local/lib/python3.12/site-packages/airflow/example_dags/tutorial_taskflow_api_virtualenv.py
[2025-05-01T11:40:02.928+0000] {processor.py:840} INFO - DAG(s) 'tutorial_taskflow_api_virtualenv' retrieved from /home/airflow/.local/lib/python3.12/site-packages/airflow/example_dags/tutorial_taskflow_api_virtualenv.py
[2025-05-01T11:40:02.978+0000] {logging_mixin.py:188} INFO - [2025-05-01T11:40:02.978+0000] {dag.py:3096} INFO - Sync 1 DAGs
[2025-05-01T11:40:03.009+0000] {logging_mixin.py:188} INFO - [2025-05-01T11:40:03.009+0000] {dag.py:3954} INFO - Setting next_dagrun for tutorial_taskflow_api_virtualenv to None, run_after=None
[2025-05-01T11:40:03.083+0000] {processor.py:183} INFO - Processing /home/airflow/.local/lib/python3.12/site-packages/airflow/example_dags/tutorial_taskflow_api_virtualenv.py took 0.197 seconds
[2025-05-01T11:40:33.727+0000] {processor.py:161} INFO - Started process (PID=1123) to work on /home/airflow/.local/lib/python3.12/site-packages/airflow/example_dags/tutorial_taskflow_api_virtualenv.py
[2025-05-01T11:40:33.730+0000] {processor.py:830} INFO - Processing file /home/airflow/.local/lib/python3.12/site-packages/airflow/example_dags/tutorial_taskflow_api_virtualenv.py for tasks to queue
[2025-05-01T11:40:33.734+0000] {logging_mixin.py:188} INFO - [2025-05-01T11:40:33.733+0000] {dagbag.py:545} INFO - Filling up the DagBag from /home/airflow/.local/lib/python3.12/site-packages/airflow/example_dags/tutorial_taskflow_api_virtualenv.py
[2025-05-01T11:40:33.763+0000] {processor.py:840} INFO - DAG(s) 'tutorial_taskflow_api_virtualenv' retrieved from /home/airflow/.local/lib/python3.12/site-packages/airflow/example_dags/tutorial_taskflow_api_virtualenv.py
[2025-05-01T11:40:33.872+0000] {logging_mixin.py:188} INFO - [2025-05-01T11:40:33.871+0000] {dag.py:3096} INFO - Sync 1 DAGs
[2025-05-01T11:40:33.909+0000] {logging_mixin.py:188} INFO - [2025-05-01T11:40:33.909+0000] {dag.py:3954} INFO - Setting next_dagrun for tutorial_taskflow_api_virtualenv to None, run_after=None
[2025-05-01T11:40:33.993+0000] {processor.py:183} INFO - Processing /home/airflow/.local/lib/python3.12/site-packages/airflow/example_dags/tutorial_taskflow_api_virtualenv.py took 0.278 seconds
[2025-05-01T11:41:04.566+0000] {processor.py:161} INFO - Started process (PID=1182) to work on /home/airflow/.local/lib/python3.12/site-packages/airflow/example_dags/tutorial_taskflow_api_virtualenv.py
[2025-05-01T11:41:04.571+0000] {processor.py:830} INFO - Processing file /home/airflow/.local/lib/python3.12/site-packages/airflow/example_dags/tutorial_taskflow_api_virtualenv.py for tasks to queue
[2025-05-01T11:41:04.576+0000] {logging_mixin.py:188} INFO - [2025-05-01T11:41:04.575+0000] {dagbag.py:545} INFO - Filling up the DagBag from /home/airflow/.local/lib/python3.12/site-packages/airflow/example_dags/tutorial_taskflow_api_virtualenv.py
[2025-05-01T11:41:04.604+0000] {processor.py:840} INFO - DAG(s) 'tutorial_taskflow_api_virtualenv' retrieved from /home/airflow/.local/lib/python3.12/site-packages/airflow/example_dags/tutorial_taskflow_api_virtualenv.py
[2025-05-01T11:41:04.667+0000] {logging_mixin.py:188} INFO - [2025-05-01T11:41:04.666+0000] {dag.py:3096} INFO - Sync 1 DAGs
[2025-05-01T11:41:04.697+0000] {logging_mixin.py:188} INFO - [2025-05-01T11:41:04.696+0000] {dag.py:3954} INFO - Setting next_dagrun for tutorial_taskflow_api_virtualenv to None, run_after=None
[2025-05-01T11:41:04.747+0000] {processor.py:183} INFO - Processing /home/airflow/.local/lib/python3.12/site-packages/airflow/example_dags/tutorial_taskflow_api_virtualenv.py took 0.197 seconds
[2025-05-01T11:41:35.554+0000] {processor.py:161} INFO - Started process (PID=1241) to work on /home/airflow/.local/lib/python3.12/site-packages/airflow/example_dags/tutorial_taskflow_api_virtualenv.py
[2025-05-01T11:41:35.556+0000] {processor.py:830} INFO - Processing file /home/airflow/.local/lib/python3.12/site-packages/airflow/example_dags/tutorial_taskflow_api_virtualenv.py for tasks to queue
[2025-05-01T11:41:35.561+0000] {logging_mixin.py:188} INFO - [2025-05-01T11:41:35.561+0000] {dagbag.py:545} INFO - Filling up the DagBag from /home/airflow/.local/lib/python3.12/site-packages/airflow/example_dags/tutorial_taskflow_api_virtualenv.py
[2025-05-01T11:41:35.584+0000] {processor.py:840} INFO - DAG(s) 'tutorial_taskflow_api_virtualenv' retrieved from /home/airflow/.local/lib/python3.12/site-packages/airflow/example_dags/tutorial_taskflow_api_virtualenv.py
[2025-05-01T11:41:35.636+0000] {logging_mixin.py:188} INFO - [2025-05-01T11:41:35.636+0000] {dag.py:3096} INFO - Sync 1 DAGs
[2025-05-01T11:41:35.670+0000] {logging_mixin.py:188} INFO - [2025-05-01T11:41:35.669+0000] {dag.py:3954} INFO - Setting next_dagrun for tutorial_taskflow_api_virtualenv to None, run_after=None
[2025-05-01T11:41:35.721+0000] {processor.py:183} INFO - Processing /home/airflow/.local/lib/python3.12/site-packages/airflow/example_dags/tutorial_taskflow_api_virtualenv.py took 0.177 seconds
[2025-05-01T11:42:06.133+0000] {processor.py:161} INFO - Started process (PID=1301) to work on /home/airflow/.local/lib/python3.12/site-packages/airflow/example_dags/tutorial_taskflow_api_virtualenv.py
[2025-05-01T11:42:06.136+0000] {processor.py:830} INFO - Processing file /home/airflow/.local/lib/python3.12/site-packages/airflow/example_dags/tutorial_taskflow_api_virtualenv.py for tasks to queue
[2025-05-01T11:42:06.141+0000] {logging_mixin.py:188} INFO - [2025-05-01T11:42:06.140+0000] {dagbag.py:545} INFO - Filling up the DagBag from /home/airflow/.local/lib/python3.12/site-packages/airflow/example_dags/tutorial_taskflow_api_virtualenv.py
[2025-05-01T11:42:06.171+0000] {processor.py:840} INFO - DAG(s) 'tutorial_taskflow_api_virtualenv' retrieved from /home/airflow/.local/lib/python3.12/site-packages/airflow/example_dags/tutorial_taskflow_api_virtualenv.py
[2025-05-01T11:42:06.222+0000] {logging_mixin.py:188} INFO - [2025-05-01T11:42:06.221+0000] {dag.py:3096} INFO - Sync 1 DAGs
[2025-05-01T11:42:06.256+0000] {logging_mixin.py:188} INFO - [2025-05-01T11:42:06.256+0000] {dag.py:3954} INFO - Setting next_dagrun for tutorial_taskflow_api_virtualenv to None, run_after=None
[2025-05-01T11:42:06.349+0000] {processor.py:183} INFO - Processing /home/airflow/.local/lib/python3.12/site-packages/airflow/example_dags/tutorial_taskflow_api_virtualenv.py took 0.233 seconds
[2025-05-01T11:42:36.928+0000] {processor.py:161} INFO - Started process (PID=1360) to work on /home/airflow/.local/lib/python3.12/site-packages/airflow/example_dags/tutorial_taskflow_api_virtualenv.py
[2025-05-01T11:42:36.931+0000] {processor.py:830} INFO - Processing file /home/airflow/.local/lib/python3.12/site-packages/airflow/example_dags/tutorial_taskflow_api_virtualenv.py for tasks to queue
[2025-05-01T11:42:36.935+0000] {logging_mixin.py:188} INFO - [2025-05-01T11:42:36.935+0000] {dagbag.py:545} INFO - Filling up the DagBag from /home/airflow/.local/lib/python3.12/site-packages/airflow/example_dags/tutorial_taskflow_api_virtualenv.py
[2025-05-01T11:42:36.959+0000] {processor.py:840} INFO - DAG(s) 'tutorial_taskflow_api_virtualenv' retrieved from /home/airflow/.local/lib/python3.12/site-packages/airflow/example_dags/tutorial_taskflow_api_virtualenv.py
[2025-05-01T11:42:37.012+0000] {logging_mixin.py:188} INFO - [2025-05-01T11:42:37.012+0000] {dag.py:3096} INFO - Sync 1 DAGs
[2025-05-01T11:42:37.041+0000] {logging_mixin.py:188} INFO - [2025-05-01T11:42:37.040+0000] {dag.py:3954} INFO - Setting next_dagrun for tutorial_taskflow_api_virtualenv to None, run_after=None
[2025-05-01T11:42:37.128+0000] {processor.py:183} INFO - Processing /home/airflow/.local/lib/python3.12/site-packages/airflow/example_dags/tutorial_taskflow_api_virtualenv.py took 0.214 seconds
[2025-05-01T11:43:07.943+0000] {processor.py:161} INFO - Started process (PID=1419) to work on /home/airflow/.local/lib/python3.12/site-packages/airflow/example_dags/tutorial_taskflow_api_virtualenv.py
[2025-05-01T11:43:07.947+0000] {processor.py:830} INFO - Processing file /home/airflow/.local/lib/python3.12/site-packages/airflow/example_dags/tutorial_taskflow_api_virtualenv.py for tasks to queue
[2025-05-01T11:43:07.958+0000] {logging_mixin.py:188} INFO - [2025-05-01T11:43:07.956+0000] {dagbag.py:545} INFO - Filling up the DagBag from /home/airflow/.local/lib/python3.12/site-packages/airflow/example_dags/tutorial_taskflow_api_virtualenv.py
[2025-05-01T11:43:08.004+0000] {processor.py:840} INFO - DAG(s) 'tutorial_taskflow_api_virtualenv' retrieved from /home/airflow/.local/lib/python3.12/site-packages/airflow/example_dags/tutorial_taskflow_api_virtualenv.py
[2025-05-01T11:43:08.080+0000] {logging_mixin.py:188} INFO - [2025-05-01T11:43:08.078+0000] {dag.py:3096} INFO - Sync 1 DAGs
[2025-05-01T11:43:08.129+0000] {logging_mixin.py:188} INFO - [2025-05-01T11:43:08.128+0000] {dag.py:3954} INFO - Setting next_dagrun for tutorial_taskflow_api_virtualenv to None, run_after=None
[2025-05-01T11:43:08.243+0000] {processor.py:183} INFO - Processing /home/airflow/.local/lib/python3.12/site-packages/airflow/example_dags/tutorial_taskflow_api_virtualenv.py took 0.322 seconds
[2025-05-01T11:43:38.940+0000] {processor.py:161} INFO - Started process (PID=1478) to work on /home/airflow/.local/lib/python3.12/site-packages/airflow/example_dags/tutorial_taskflow_api_virtualenv.py
[2025-05-01T11:43:38.943+0000] {processor.py:830} INFO - Processing file /home/airflow/.local/lib/python3.12/site-packages/airflow/example_dags/tutorial_taskflow_api_virtualenv.py for tasks to queue
[2025-05-01T11:43:38.950+0000] {logging_mixin.py:188} INFO - [2025-05-01T11:43:38.949+0000] {dagbag.py:545} INFO - Filling up the DagBag from /home/airflow/.local/lib/python3.12/site-packages/airflow/example_dags/tutorial_taskflow_api_virtualenv.py
[2025-05-01T11:43:38.983+0000] {processor.py:840} INFO - DAG(s) 'tutorial_taskflow_api_virtualenv' retrieved from /home/airflow/.local/lib/python3.12/site-packages/airflow/example_dags/tutorial_taskflow_api_virtualenv.py
[2025-05-01T11:43:39.049+0000] {logging_mixin.py:188} INFO - [2025-05-01T11:43:39.048+0000] {dag.py:3096} INFO - Sync 1 DAGs
[2025-05-01T11:43:39.087+0000] {logging_mixin.py:188} INFO - [2025-05-01T11:43:39.087+0000] {dag.py:3954} INFO - Setting next_dagrun for tutorial_taskflow_api_virtualenv to None, run_after=None
[2025-05-01T11:43:39.147+0000] {processor.py:183} INFO - Processing /home/airflow/.local/lib/python3.12/site-packages/airflow/example_dags/tutorial_taskflow_api_virtualenv.py took 0.229 seconds
[2025-05-01T11:44:09.958+0000] {processor.py:161} INFO - Started process (PID=1537) to work on /home/airflow/.local/lib/python3.12/site-packages/airflow/example_dags/tutorial_taskflow_api_virtualenv.py
[2025-05-01T11:44:09.960+0000] {processor.py:830} INFO - Processing file /home/airflow/.local/lib/python3.12/site-packages/airflow/example_dags/tutorial_taskflow_api_virtualenv.py for tasks to queue
[2025-05-01T11:44:09.965+0000] {logging_mixin.py:188} INFO - [2025-05-01T11:44:09.964+0000] {dagbag.py:545} INFO - Filling up the DagBag from /home/airflow/.local/lib/python3.12/site-packages/airflow/example_dags/tutorial_taskflow_api_virtualenv.py
[2025-05-01T11:44:09.987+0000] {processor.py:840} INFO - DAG(s) 'tutorial_taskflow_api_virtualenv' retrieved from /home/airflow/.local/lib/python3.12/site-packages/airflow/example_dags/tutorial_taskflow_api_virtualenv.py
[2025-05-01T11:44:10.040+0000] {logging_mixin.py:188} INFO - [2025-05-01T11:44:10.040+0000] {dag.py:3096} INFO - Sync 1 DAGs
[2025-05-01T11:44:10.067+0000] {logging_mixin.py:188} INFO - [2025-05-01T11:44:10.067+0000] {dag.py:3954} INFO - Setting next_dagrun for tutorial_taskflow_api_virtualenv to None, run_after=None
[2025-05-01T11:44:10.121+0000] {processor.py:183} INFO - Processing /home/airflow/.local/lib/python3.12/site-packages/airflow/example_dags/tutorial_taskflow_api_virtualenv.py took 0.175 seconds
[2025-05-01T11:44:40.467+0000] {processor.py:161} INFO - Started process (PID=1596) to work on /home/airflow/.local/lib/python3.12/site-packages/airflow/example_dags/tutorial_taskflow_api_virtualenv.py
[2025-05-01T11:44:40.470+0000] {processor.py:830} INFO - Processing file /home/airflow/.local/lib/python3.12/site-packages/airflow/example_dags/tutorial_taskflow_api_virtualenv.py for tasks to queue
[2025-05-01T11:44:40.474+0000] {logging_mixin.py:188} INFO - [2025-05-01T11:44:40.473+0000] {dagbag.py:545} INFO - Filling up the DagBag from /home/airflow/.local/lib/python3.12/site-packages/airflow/example_dags/tutorial_taskflow_api_virtualenv.py
[2025-05-01T11:44:40.502+0000] {processor.py:840} INFO - DAG(s) 'tutorial_taskflow_api_virtualenv' retrieved from /home/airflow/.local/lib/python3.12/site-packages/airflow/example_dags/tutorial_taskflow_api_virtualenv.py
[2025-05-01T11:44:40.552+0000] {logging_mixin.py:188} INFO - [2025-05-01T11:44:40.552+0000] {dag.py:3096} INFO - Sync 1 DAGs
[2025-05-01T11:44:40.583+0000] {logging_mixin.py:188} INFO - [2025-05-01T11:44:40.583+0000] {dag.py:3954} INFO - Setting next_dagrun for tutorial_taskflow_api_virtualenv to None, run_after=None
[2025-05-01T11:44:40.654+0000] {processor.py:183} INFO - Processing /home/airflow/.local/lib/python3.12/site-packages/airflow/example_dags/tutorial_taskflow_api_virtualenv.py took 0.198 seconds
[2025-05-01T11:45:10.806+0000] {processor.py:161} INFO - Started process (PID=1655) to work on /home/airflow/.local/lib/python3.12/site-packages/airflow/example_dags/tutorial_taskflow_api_virtualenv.py
[2025-05-01T11:45:10.809+0000] {processor.py:830} INFO - Processing file /home/airflow/.local/lib/python3.12/site-packages/airflow/example_dags/tutorial_taskflow_api_virtualenv.py for tasks to queue
[2025-05-01T11:45:10.813+0000] {logging_mixin.py:188} INFO - [2025-05-01T11:45:10.812+0000] {dagbag.py:545} INFO - Filling up the DagBag from /home/airflow/.local/lib/python3.12/site-packages/airflow/example_dags/tutorial_taskflow_api_virtualenv.py
[2025-05-01T11:45:10.835+0000] {processor.py:840} INFO - DAG(s) 'tutorial_taskflow_api_virtualenv' retrieved from /home/airflow/.local/lib/python3.12/site-packages/airflow/example_dags/tutorial_taskflow_api_virtualenv.py
[2025-05-01T11:45:10.883+0000] {logging_mixin.py:188} INFO - [2025-05-01T11:45:10.883+0000] {dag.py:3096} INFO - Sync 1 DAGs
[2025-05-01T11:45:10.911+0000] {logging_mixin.py:188} INFO - [2025-05-01T11:45:10.911+0000] {dag.py:3954} INFO - Setting next_dagrun for tutorial_taskflow_api_virtualenv to None, run_after=None
[2025-05-01T11:45:10.960+0000] {processor.py:183} INFO - Processing /home/airflow/.local/lib/python3.12/site-packages/airflow/example_dags/tutorial_taskflow_api_virtualenv.py took 0.166 seconds
[2025-05-01T11:45:41.145+0000] {processor.py:161} INFO - Started process (PID=1712) to work on /home/airflow/.local/lib/python3.12/site-packages/airflow/example_dags/tutorial_taskflow_api_virtualenv.py
[2025-05-01T11:45:41.147+0000] {processor.py:830} INFO - Processing file /home/airflow/.local/lib/python3.12/site-packages/airflow/example_dags/tutorial_taskflow_api_virtualenv.py for tasks to queue
[2025-05-01T11:45:41.151+0000] {logging_mixin.py:188} INFO - [2025-05-01T11:45:41.151+0000] {dagbag.py:545} INFO - Filling up the DagBag from /home/airflow/.local/lib/python3.12/site-packages/airflow/example_dags/tutorial_taskflow_api_virtualenv.py
[2025-05-01T11:45:41.175+0000] {processor.py:840} INFO - DAG(s) 'tutorial_taskflow_api_virtualenv' retrieved from /home/airflow/.local/lib/python3.12/site-packages/airflow/example_dags/tutorial_taskflow_api_virtualenv.py
[2025-05-01T11:45:41.230+0000] {logging_mixin.py:188} INFO - [2025-05-01T11:45:41.229+0000] {dag.py:3096} INFO - Sync 1 DAGs
[2025-05-01T11:45:41.265+0000] {logging_mixin.py:188} INFO - [2025-05-01T11:45:41.265+0000] {dag.py:3954} INFO - Setting next_dagrun for tutorial_taskflow_api_virtualenv to None, run_after=None
[2025-05-01T11:45:41.325+0000] {processor.py:183} INFO - Processing /home/airflow/.local/lib/python3.12/site-packages/airflow/example_dags/tutorial_taskflow_api_virtualenv.py took 0.194 seconds
[2025-05-01T11:46:11.800+0000] {processor.py:161} INFO - Started process (PID=1771) to work on /home/airflow/.local/lib/python3.12/site-packages/airflow/example_dags/tutorial_taskflow_api_virtualenv.py
[2025-05-01T11:46:11.803+0000] {processor.py:830} INFO - Processing file /home/airflow/.local/lib/python3.12/site-packages/airflow/example_dags/tutorial_taskflow_api_virtualenv.py for tasks to queue
[2025-05-01T11:46:11.809+0000] {logging_mixin.py:188} INFO - [2025-05-01T11:46:11.808+0000] {dagbag.py:545} INFO - Filling up the DagBag from /home/airflow/.local/lib/python3.12/site-packages/airflow/example_dags/tutorial_taskflow_api_virtualenv.py
[2025-05-01T11:46:11.837+0000] {processor.py:840} INFO - DAG(s) 'tutorial_taskflow_api_virtualenv' retrieved from /home/airflow/.local/lib/python3.12/site-packages/airflow/example_dags/tutorial_taskflow_api_virtualenv.py
[2025-05-01T11:46:11.889+0000] {logging_mixin.py:188} INFO - [2025-05-01T11:46:11.889+0000] {dag.py:3096} INFO - Sync 1 DAGs
[2025-05-01T11:46:11.932+0000] {logging_mixin.py:188} INFO - [2025-05-01T11:46:11.931+0000] {dag.py:3954} INFO - Setting next_dagrun for tutorial_taskflow_api_virtualenv to None, run_after=None
[2025-05-01T11:46:12.052+0000] {processor.py:183} INFO - Processing /home/airflow/.local/lib/python3.12/site-packages/airflow/example_dags/tutorial_taskflow_api_virtualenv.py took 0.279 seconds
[2025-05-01T11:46:42.225+0000] {processor.py:161} INFO - Started process (PID=1830) to work on /home/airflow/.local/lib/python3.12/site-packages/airflow/example_dags/tutorial_taskflow_api_virtualenv.py
[2025-05-01T11:46:42.227+0000] {processor.py:830} INFO - Processing file /home/airflow/.local/lib/python3.12/site-packages/airflow/example_dags/tutorial_taskflow_api_virtualenv.py for tasks to queue
[2025-05-01T11:46:42.232+0000] {logging_mixin.py:188} INFO - [2025-05-01T11:46:42.231+0000] {dagbag.py:545} INFO - Filling up the DagBag from /home/airflow/.local/lib/python3.12/site-packages/airflow/example_dags/tutorial_taskflow_api_virtualenv.py
[2025-05-01T11:46:42.253+0000] {processor.py:840} INFO - DAG(s) 'tutorial_taskflow_api_virtualenv' retrieved from /home/airflow/.local/lib/python3.12/site-packages/airflow/example_dags/tutorial_taskflow_api_virtualenv.py
[2025-05-01T11:46:42.298+0000] {logging_mixin.py:188} INFO - [2025-05-01T11:46:42.297+0000] {dag.py:3096} INFO - Sync 1 DAGs
[2025-05-01T11:46:42.330+0000] {logging_mixin.py:188} INFO - [2025-05-01T11:46:42.329+0000] {dag.py:3954} INFO - Setting next_dagrun for tutorial_taskflow_api_virtualenv to None, run_after=None
[2025-05-01T11:46:42.428+0000] {processor.py:183} INFO - Processing /home/airflow/.local/lib/python3.12/site-packages/airflow/example_dags/tutorial_taskflow_api_virtualenv.py took 0.219 seconds
[2025-05-01T11:47:13.017+0000] {processor.py:161} INFO - Started process (PID=1889) to work on /home/airflow/.local/lib/python3.12/site-packages/airflow/example_dags/tutorial_taskflow_api_virtualenv.py
[2025-05-01T11:47:13.020+0000] {processor.py:830} INFO - Processing file /home/airflow/.local/lib/python3.12/site-packages/airflow/example_dags/tutorial_taskflow_api_virtualenv.py for tasks to queue
[2025-05-01T11:47:13.026+0000] {logging_mixin.py:188} INFO - [2025-05-01T11:47:13.025+0000] {dagbag.py:545} INFO - Filling up the DagBag from /home/airflow/.local/lib/python3.12/site-packages/airflow/example_dags/tutorial_taskflow_api_virtualenv.py
[2025-05-01T11:47:13.060+0000] {processor.py:840} INFO - DAG(s) 'tutorial_taskflow_api_virtualenv' retrieved from /home/airflow/.local/lib/python3.12/site-packages/airflow/example_dags/tutorial_taskflow_api_virtualenv.py
[2025-05-01T11:47:13.132+0000] {logging_mixin.py:188} INFO - [2025-05-01T11:47:13.131+0000] {dag.py:3096} INFO - Sync 1 DAGs
[2025-05-01T11:47:13.171+0000] {logging_mixin.py:188} INFO - [2025-05-01T11:47:13.171+0000] {dag.py:3954} INFO - Setting next_dagrun for tutorial_taskflow_api_virtualenv to None, run_after=None
[2025-05-01T11:47:13.652+0000] {processor.py:183} INFO - Processing /home/airflow/.local/lib/python3.12/site-packages/airflow/example_dags/tutorial_taskflow_api_virtualenv.py took 0.656 seconds
[2025-05-01T11:47:44.473+0000] {processor.py:161} INFO - Started process (PID=1948) to work on /home/airflow/.local/lib/python3.12/site-packages/airflow/example_dags/tutorial_taskflow_api_virtualenv.py
[2025-05-01T11:47:44.475+0000] {processor.py:830} INFO - Processing file /home/airflow/.local/lib/python3.12/site-packages/airflow/example_dags/tutorial_taskflow_api_virtualenv.py for tasks to queue
[2025-05-01T11:47:44.480+0000] {logging_mixin.py:188} INFO - [2025-05-01T11:47:44.479+0000] {dagbag.py:545} INFO - Filling up the DagBag from /home/airflow/.local/lib/python3.12/site-packages/airflow/example_dags/tutorial_taskflow_api_virtualenv.py
[2025-05-01T11:47:44.508+0000] {processor.py:840} INFO - DAG(s) 'tutorial_taskflow_api_virtualenv' retrieved from /home/airflow/.local/lib/python3.12/site-packages/airflow/example_dags/tutorial_taskflow_api_virtualenv.py
[2025-05-01T11:47:44.568+0000] {logging_mixin.py:188} INFO - [2025-05-01T11:47:44.568+0000] {dag.py:3096} INFO - Sync 1 DAGs
[2025-05-01T11:47:44.606+0000] {logging_mixin.py:188} INFO - [2025-05-01T11:47:44.606+0000] {dag.py:3954} INFO - Setting next_dagrun for tutorial_taskflow_api_virtualenv to None, run_after=None
[2025-05-01T11:47:44.668+0000] {processor.py:183} INFO - Processing /home/airflow/.local/lib/python3.12/site-packages/airflow/example_dags/tutorial_taskflow_api_virtualenv.py took 0.209 seconds
[2025-05-01T11:48:15.164+0000] {processor.py:161} INFO - Started process (PID=2007) to work on /home/airflow/.local/lib/python3.12/site-packages/airflow/example_dags/tutorial_taskflow_api_virtualenv.py
[2025-05-01T11:48:15.167+0000] {processor.py:830} INFO - Processing file /home/airflow/.local/lib/python3.12/site-packages/airflow/example_dags/tutorial_taskflow_api_virtualenv.py for tasks to queue
[2025-05-01T11:48:15.176+0000] {logging_mixin.py:188} INFO - [2025-05-01T11:48:15.175+0000] {dagbag.py:545} INFO - Filling up the DagBag from /home/airflow/.local/lib/python3.12/site-packages/airflow/example_dags/tutorial_taskflow_api_virtualenv.py
[2025-05-01T11:48:15.221+0000] {processor.py:840} INFO - DAG(s) 'tutorial_taskflow_api_virtualenv' retrieved from /home/airflow/.local/lib/python3.12/site-packages/airflow/example_dags/tutorial_taskflow_api_virtualenv.py
[2025-05-01T11:48:15.269+0000] {logging_mixin.py:188} INFO - [2025-05-01T11:48:15.269+0000] {dag.py:3096} INFO - Sync 1 DAGs
[2025-05-01T11:48:15.301+0000] {logging_mixin.py:188} INFO - [2025-05-01T11:48:15.300+0000] {dag.py:3954} INFO - Setting next_dagrun for tutorial_taskflow_api_virtualenv to None, run_after=None
[2025-05-01T11:48:15.389+0000] {processor.py:183} INFO - Processing /home/airflow/.local/lib/python3.12/site-packages/airflow/example_dags/tutorial_taskflow_api_virtualenv.py took 0.259 seconds
[2025-05-01T11:48:45.671+0000] {processor.py:161} INFO - Started process (PID=2066) to work on /home/airflow/.local/lib/python3.12/site-packages/airflow/example_dags/tutorial_taskflow_api_virtualenv.py
[2025-05-01T11:48:45.673+0000] {processor.py:830} INFO - Processing file /home/airflow/.local/lib/python3.12/site-packages/airflow/example_dags/tutorial_taskflow_api_virtualenv.py for tasks to queue
[2025-05-01T11:48:45.678+0000] {logging_mixin.py:188} INFO - [2025-05-01T11:48:45.677+0000] {dagbag.py:545} INFO - Filling up the DagBag from /home/airflow/.local/lib/python3.12/site-packages/airflow/example_dags/tutorial_taskflow_api_virtualenv.py
[2025-05-01T11:48:45.698+0000] {processor.py:840} INFO - DAG(s) 'tutorial_taskflow_api_virtualenv' retrieved from /home/airflow/.local/lib/python3.12/site-packages/airflow/example_dags/tutorial_taskflow_api_virtualenv.py
[2025-05-01T11:48:45.749+0000] {logging_mixin.py:188} INFO - [2025-05-01T11:48:45.748+0000] {dag.py:3096} INFO - Sync 1 DAGs
[2025-05-01T11:48:45.778+0000] {logging_mixin.py:188} INFO - [2025-05-01T11:48:45.777+0000] {dag.py:3954} INFO - Setting next_dagrun for tutorial_taskflow_api_virtualenv to None, run_after=None
[2025-05-01T11:48:45.824+0000] {processor.py:183} INFO - Processing /home/airflow/.local/lib/python3.12/site-packages/airflow/example_dags/tutorial_taskflow_api_virtualenv.py took 0.166 seconds
[2025-05-01T11:49:16.749+0000] {processor.py:161} INFO - Started process (PID=2126) to work on /home/airflow/.local/lib/python3.12/site-packages/airflow/example_dags/tutorial_taskflow_api_virtualenv.py
[2025-05-01T11:49:16.752+0000] {processor.py:830} INFO - Processing file /home/airflow/.local/lib/python3.12/site-packages/airflow/example_dags/tutorial_taskflow_api_virtualenv.py for tasks to queue
[2025-05-01T11:49:16.756+0000] {logging_mixin.py:188} INFO - [2025-05-01T11:49:16.756+0000] {dagbag.py:545} INFO - Filling up the DagBag from /home/airflow/.local/lib/python3.12/site-packages/airflow/example_dags/tutorial_taskflow_api_virtualenv.py
[2025-05-01T11:49:16.782+0000] {processor.py:840} INFO - DAG(s) 'tutorial_taskflow_api_virtualenv' retrieved from /home/airflow/.local/lib/python3.12/site-packages/airflow/example_dags/tutorial_taskflow_api_virtualenv.py
[2025-05-01T11:49:16.828+0000] {logging_mixin.py:188} INFO - [2025-05-01T11:49:16.827+0000] {dag.py:3096} INFO - Sync 1 DAGs
[2025-05-01T11:49:17.069+0000] {logging_mixin.py:188} INFO - [2025-05-01T11:49:17.069+0000] {dag.py:3954} INFO - Setting next_dagrun for tutorial_taskflow_api_virtualenv to None, run_after=None
[2025-05-01T11:49:17.123+0000] {processor.py:183} INFO - Processing /home/airflow/.local/lib/python3.12/site-packages/airflow/example_dags/tutorial_taskflow_api_virtualenv.py took 0.386 seconds
[2025-05-01T11:49:47.549+0000] {processor.py:161} INFO - Started process (PID=2185) to work on /home/airflow/.local/lib/python3.12/site-packages/airflow/example_dags/tutorial_taskflow_api_virtualenv.py
[2025-05-01T11:49:47.551+0000] {processor.py:830} INFO - Processing file /home/airflow/.local/lib/python3.12/site-packages/airflow/example_dags/tutorial_taskflow_api_virtualenv.py for tasks to queue
[2025-05-01T11:49:47.555+0000] {logging_mixin.py:188} INFO - [2025-05-01T11:49:47.554+0000] {dagbag.py:545} INFO - Filling up the DagBag from /home/airflow/.local/lib/python3.12/site-packages/airflow/example_dags/tutorial_taskflow_api_virtualenv.py
[2025-05-01T11:49:47.580+0000] {processor.py:840} INFO - DAG(s) 'tutorial_taskflow_api_virtualenv' retrieved from /home/airflow/.local/lib/python3.12/site-packages/airflow/example_dags/tutorial_taskflow_api_virtualenv.py
[2025-05-01T11:49:47.631+0000] {logging_mixin.py:188} INFO - [2025-05-01T11:49:47.630+0000] {dag.py:3096} INFO - Sync 1 DAGs
[2025-05-01T11:49:47.668+0000] {logging_mixin.py:188} INFO - [2025-05-01T11:49:47.667+0000] {dag.py:3954} INFO - Setting next_dagrun for tutorial_taskflow_api_virtualenv to None, run_after=None
[2025-05-01T11:49:47.724+0000] {processor.py:183} INFO - Processing /home/airflow/.local/lib/python3.12/site-packages/airflow/example_dags/tutorial_taskflow_api_virtualenv.py took 0.188 seconds
[2025-05-01T11:50:17.872+0000] {processor.py:161} INFO - Started process (PID=2244) to work on /home/airflow/.local/lib/python3.12/site-packages/airflow/example_dags/tutorial_taskflow_api_virtualenv.py
[2025-05-01T11:50:17.875+0000] {processor.py:830} INFO - Processing file /home/airflow/.local/lib/python3.12/site-packages/airflow/example_dags/tutorial_taskflow_api_virtualenv.py for tasks to queue
[2025-05-01T11:50:17.879+0000] {logging_mixin.py:188} INFO - [2025-05-01T11:50:17.878+0000] {dagbag.py:545} INFO - Filling up the DagBag from /home/airflow/.local/lib/python3.12/site-packages/airflow/example_dags/tutorial_taskflow_api_virtualenv.py
[2025-05-01T11:50:17.902+0000] {processor.py:840} INFO - DAG(s) 'tutorial_taskflow_api_virtualenv' retrieved from /home/airflow/.local/lib/python3.12/site-packages/airflow/example_dags/tutorial_taskflow_api_virtualenv.py
[2025-05-01T11:50:17.950+0000] {logging_mixin.py:188} INFO - [2025-05-01T11:50:17.949+0000] {dag.py:3096} INFO - Sync 1 DAGs
[2025-05-01T11:50:17.985+0000] {logging_mixin.py:188} INFO - [2025-05-01T11:50:17.984+0000] {dag.py:3954} INFO - Setting next_dagrun for tutorial_taskflow_api_virtualenv to None, run_after=None
[2025-05-01T11:50:18.042+0000] {processor.py:183} INFO - Processing /home/airflow/.local/lib/python3.12/site-packages/airflow/example_dags/tutorial_taskflow_api_virtualenv.py took 0.186 seconds
[2025-05-01T11:50:48.411+0000] {processor.py:161} INFO - Started process (PID=2303) to work on /home/airflow/.local/lib/python3.12/site-packages/airflow/example_dags/tutorial_taskflow_api_virtualenv.py
[2025-05-01T11:50:48.414+0000] {processor.py:830} INFO - Processing file /home/airflow/.local/lib/python3.12/site-packages/airflow/example_dags/tutorial_taskflow_api_virtualenv.py for tasks to queue
[2025-05-01T11:50:48.419+0000] {logging_mixin.py:188} INFO - [2025-05-01T11:50:48.418+0000] {dagbag.py:545} INFO - Filling up the DagBag from /home/airflow/.local/lib/python3.12/site-packages/airflow/example_dags/tutorial_taskflow_api_virtualenv.py
[2025-05-01T11:50:48.450+0000] {processor.py:840} INFO - DAG(s) 'tutorial_taskflow_api_virtualenv' retrieved from /home/airflow/.local/lib/python3.12/site-packages/airflow/example_dags/tutorial_taskflow_api_virtualenv.py
[2025-05-01T11:50:48.511+0000] {logging_mixin.py:188} INFO - [2025-05-01T11:50:48.510+0000] {dag.py:3096} INFO - Sync 1 DAGs
[2025-05-01T11:50:48.551+0000] {logging_mixin.py:188} INFO - [2025-05-01T11:50:48.551+0000] {dag.py:3954} INFO - Setting next_dagrun for tutorial_taskflow_api_virtualenv to None, run_after=None
[2025-05-01T11:50:48.608+0000] {processor.py:183} INFO - Processing /home/airflow/.local/lib/python3.12/site-packages/airflow/example_dags/tutorial_taskflow_api_virtualenv.py took 0.216 seconds
[2025-05-01T11:51:19.040+0000] {processor.py:161} INFO - Started process (PID=2362) to work on /home/airflow/.local/lib/python3.12/site-packages/airflow/example_dags/tutorial_taskflow_api_virtualenv.py
[2025-05-01T11:51:19.043+0000] {processor.py:830} INFO - Processing file /home/airflow/.local/lib/python3.12/site-packages/airflow/example_dags/tutorial_taskflow_api_virtualenv.py for tasks to queue
[2025-05-01T11:51:19.048+0000] {logging_mixin.py:188} INFO - [2025-05-01T11:51:19.047+0000] {dagbag.py:545} INFO - Filling up the DagBag from /home/airflow/.local/lib/python3.12/site-packages/airflow/example_dags/tutorial_taskflow_api_virtualenv.py
[2025-05-01T11:51:19.073+0000] {processor.py:840} INFO - DAG(s) 'tutorial_taskflow_api_virtualenv' retrieved from /home/airflow/.local/lib/python3.12/site-packages/airflow/example_dags/tutorial_taskflow_api_virtualenv.py
[2025-05-01T11:51:19.119+0000] {logging_mixin.py:188} INFO - [2025-05-01T11:51:19.118+0000] {dag.py:3096} INFO - Sync 1 DAGs
[2025-05-01T11:51:19.153+0000] {logging_mixin.py:188} INFO - [2025-05-01T11:51:19.153+0000] {dag.py:3954} INFO - Setting next_dagrun for tutorial_taskflow_api_virtualenv to None, run_after=None
[2025-05-01T11:51:19.197+0000] {processor.py:183} INFO - Processing /home/airflow/.local/lib/python3.12/site-packages/airflow/example_dags/tutorial_taskflow_api_virtualenv.py took 0.169 seconds
[2025-05-01T11:51:49.836+0000] {processor.py:161} INFO - Started process (PID=2421) to work on /home/airflow/.local/lib/python3.12/site-packages/airflow/example_dags/tutorial_taskflow_api_virtualenv.py
[2025-05-01T11:51:49.839+0000] {processor.py:830} INFO - Processing file /home/airflow/.local/lib/python3.12/site-packages/airflow/example_dags/tutorial_taskflow_api_virtualenv.py for tasks to queue
[2025-05-01T11:51:49.844+0000] {logging_mixin.py:188} INFO - [2025-05-01T11:51:49.843+0000] {dagbag.py:545} INFO - Filling up the DagBag from /home/airflow/.local/lib/python3.12/site-packages/airflow/example_dags/tutorial_taskflow_api_virtualenv.py
[2025-05-01T11:51:49.868+0000] {processor.py:840} INFO - DAG(s) 'tutorial_taskflow_api_virtualenv' retrieved from /home/airflow/.local/lib/python3.12/site-packages/airflow/example_dags/tutorial_taskflow_api_virtualenv.py
[2025-05-01T11:51:49.912+0000] {logging_mixin.py:188} INFO - [2025-05-01T11:51:49.911+0000] {dag.py:3096} INFO - Sync 1 DAGs
[2025-05-01T11:51:49.943+0000] {logging_mixin.py:188} INFO - [2025-05-01T11:51:49.942+0000] {dag.py:3954} INFO - Setting next_dagrun for tutorial_taskflow_api_virtualenv to None, run_after=None
[2025-05-01T11:51:50.013+0000] {processor.py:183} INFO - Processing /home/airflow/.local/lib/python3.12/site-packages/airflow/example_dags/tutorial_taskflow_api_virtualenv.py took 0.190 seconds
[2025-05-01T11:52:20.789+0000] {processor.py:161} INFO - Started process (PID=2480) to work on /home/airflow/.local/lib/python3.12/site-packages/airflow/example_dags/tutorial_taskflow_api_virtualenv.py
[2025-05-01T11:52:20.791+0000] {processor.py:830} INFO - Processing file /home/airflow/.local/lib/python3.12/site-packages/airflow/example_dags/tutorial_taskflow_api_virtualenv.py for tasks to queue
[2025-05-01T11:52:20.799+0000] {logging_mixin.py:188} INFO - [2025-05-01T11:52:20.797+0000] {dagbag.py:545} INFO - Filling up the DagBag from /home/airflow/.local/lib/python3.12/site-packages/airflow/example_dags/tutorial_taskflow_api_virtualenv.py
[2025-05-01T11:52:20.830+0000] {processor.py:840} INFO - DAG(s) 'tutorial_taskflow_api_virtualenv' retrieved from /home/airflow/.local/lib/python3.12/site-packages/airflow/example_dags/tutorial_taskflow_api_virtualenv.py
[2025-05-01T11:52:20.892+0000] {logging_mixin.py:188} INFO - [2025-05-01T11:52:20.892+0000] {dag.py:3096} INFO - Sync 1 DAGs
[2025-05-01T11:52:20.922+0000] {logging_mixin.py:188} INFO - [2025-05-01T11:52:20.921+0000] {dag.py:3954} INFO - Setting next_dagrun for tutorial_taskflow_api_virtualenv to None, run_after=None
[2025-05-01T11:52:20.970+0000] {processor.py:183} INFO - Processing /home/airflow/.local/lib/python3.12/site-packages/airflow/example_dags/tutorial_taskflow_api_virtualenv.py took 0.193 seconds
[2025-05-01T11:52:51.880+0000] {processor.py:161} INFO - Started process (PID=2539) to work on /home/airflow/.local/lib/python3.12/site-packages/airflow/example_dags/tutorial_taskflow_api_virtualenv.py
[2025-05-01T11:52:51.883+0000] {processor.py:830} INFO - Processing file /home/airflow/.local/lib/python3.12/site-packages/airflow/example_dags/tutorial_taskflow_api_virtualenv.py for tasks to queue
[2025-05-01T11:52:51.888+0000] {logging_mixin.py:188} INFO - [2025-05-01T11:52:51.887+0000] {dagbag.py:545} INFO - Filling up the DagBag from /home/airflow/.local/lib/python3.12/site-packages/airflow/example_dags/tutorial_taskflow_api_virtualenv.py
[2025-05-01T11:52:51.919+0000] {processor.py:840} INFO - DAG(s) 'tutorial_taskflow_api_virtualenv' retrieved from /home/airflow/.local/lib/python3.12/site-packages/airflow/example_dags/tutorial_taskflow_api_virtualenv.py
[2025-05-01T11:52:51.987+0000] {logging_mixin.py:188} INFO - [2025-05-01T11:52:51.986+0000] {dag.py:3096} INFO - Sync 1 DAGs
[2025-05-01T11:52:52.021+0000] {logging_mixin.py:188} INFO - [2025-05-01T11:52:52.021+0000] {dag.py:3954} INFO - Setting next_dagrun for tutorial_taskflow_api_virtualenv to None, run_after=None
[2025-05-01T11:52:52.082+0000] {processor.py:183} INFO - Processing /home/airflow/.local/lib/python3.12/site-packages/airflow/example_dags/tutorial_taskflow_api_virtualenv.py took 0.220 seconds
[2025-05-01T11:53:22.811+0000] {processor.py:161} INFO - Started process (PID=2598) to work on /home/airflow/.local/lib/python3.12/site-packages/airflow/example_dags/tutorial_taskflow_api_virtualenv.py
[2025-05-01T11:53:22.814+0000] {processor.py:830} INFO - Processing file /home/airflow/.local/lib/python3.12/site-packages/airflow/example_dags/tutorial_taskflow_api_virtualenv.py for tasks to queue
[2025-05-01T11:53:22.819+0000] {logging_mixin.py:188} INFO - [2025-05-01T11:53:22.818+0000] {dagbag.py:545} INFO - Filling up the DagBag from /home/airflow/.local/lib/python3.12/site-packages/airflow/example_dags/tutorial_taskflow_api_virtualenv.py
[2025-05-01T11:53:22.844+0000] {processor.py:840} INFO - DAG(s) 'tutorial_taskflow_api_virtualenv' retrieved from /home/airflow/.local/lib/python3.12/site-packages/airflow/example_dags/tutorial_taskflow_api_virtualenv.py
[2025-05-01T11:53:22.891+0000] {logging_mixin.py:188} INFO - [2025-05-01T11:53:22.890+0000] {dag.py:3096} INFO - Sync 1 DAGs
[2025-05-01T11:53:22.919+0000] {logging_mixin.py:188} INFO - [2025-05-01T11:53:22.919+0000] {dag.py:3954} INFO - Setting next_dagrun for tutorial_taskflow_api_virtualenv to None, run_after=None
[2025-05-01T11:53:23.014+0000] {processor.py:183} INFO - Processing /home/airflow/.local/lib/python3.12/site-packages/airflow/example_dags/tutorial_taskflow_api_virtualenv.py took 0.217 seconds
[2025-05-01T11:53:53.282+0000] {processor.py:161} INFO - Started process (PID=2657) to work on /home/airflow/.local/lib/python3.12/site-packages/airflow/example_dags/tutorial_taskflow_api_virtualenv.py
[2025-05-01T11:53:53.285+0000] {processor.py:830} INFO - Processing file /home/airflow/.local/lib/python3.12/site-packages/airflow/example_dags/tutorial_taskflow_api_virtualenv.py for tasks to queue
[2025-05-01T11:53:53.290+0000] {logging_mixin.py:188} INFO - [2025-05-01T11:53:53.289+0000] {dagbag.py:545} INFO - Filling up the DagBag from /home/airflow/.local/lib/python3.12/site-packages/airflow/example_dags/tutorial_taskflow_api_virtualenv.py
[2025-05-01T11:53:53.327+0000] {processor.py:840} INFO - DAG(s) 'tutorial_taskflow_api_virtualenv' retrieved from /home/airflow/.local/lib/python3.12/site-packages/airflow/example_dags/tutorial_taskflow_api_virtualenv.py
[2025-05-01T11:53:53.391+0000] {logging_mixin.py:188} INFO - [2025-05-01T11:53:53.390+0000] {dag.py:3096} INFO - Sync 1 DAGs
[2025-05-01T11:53:53.429+0000] {logging_mixin.py:188} INFO - [2025-05-01T11:53:53.428+0000] {dag.py:3954} INFO - Setting next_dagrun for tutorial_taskflow_api_virtualenv to None, run_after=None
[2025-05-01T11:53:53.532+0000] {processor.py:183} INFO - Processing /home/airflow/.local/lib/python3.12/site-packages/airflow/example_dags/tutorial_taskflow_api_virtualenv.py took 0.266 seconds
[2025-05-01T11:54:24.001+0000] {processor.py:161} INFO - Started process (PID=2716) to work on /home/airflow/.local/lib/python3.12/site-packages/airflow/example_dags/tutorial_taskflow_api_virtualenv.py
[2025-05-01T11:54:24.005+0000] {processor.py:830} INFO - Processing file /home/airflow/.local/lib/python3.12/site-packages/airflow/example_dags/tutorial_taskflow_api_virtualenv.py for tasks to queue
[2025-05-01T11:54:24.013+0000] {logging_mixin.py:188} INFO - [2025-05-01T11:54:24.011+0000] {dagbag.py:545} INFO - Filling up the DagBag from /home/airflow/.local/lib/python3.12/site-packages/airflow/example_dags/tutorial_taskflow_api_virtualenv.py
[2025-05-01T11:54:24.045+0000] {processor.py:840} INFO - DAG(s) 'tutorial_taskflow_api_virtualenv' retrieved from /home/airflow/.local/lib/python3.12/site-packages/airflow/example_dags/tutorial_taskflow_api_virtualenv.py
[2025-05-01T11:54:24.098+0000] {logging_mixin.py:188} INFO - [2025-05-01T11:54:24.097+0000] {dag.py:3096} INFO - Sync 1 DAGs
[2025-05-01T11:54:24.127+0000] {logging_mixin.py:188} INFO - [2025-05-01T11:54:24.127+0000] {dag.py:3954} INFO - Setting next_dagrun for tutorial_taskflow_api_virtualenv to None, run_after=None
[2025-05-01T11:54:24.177+0000] {processor.py:183} INFO - Processing /home/airflow/.local/lib/python3.12/site-packages/airflow/example_dags/tutorial_taskflow_api_virtualenv.py took 0.200 seconds
[2025-05-01T11:54:54.451+0000] {processor.py:161} INFO - Started process (PID=2775) to work on /home/airflow/.local/lib/python3.12/site-packages/airflow/example_dags/tutorial_taskflow_api_virtualenv.py
[2025-05-01T11:54:54.454+0000] {processor.py:830} INFO - Processing file /home/airflow/.local/lib/python3.12/site-packages/airflow/example_dags/tutorial_taskflow_api_virtualenv.py for tasks to queue
[2025-05-01T11:54:54.458+0000] {logging_mixin.py:188} INFO - [2025-05-01T11:54:54.457+0000] {dagbag.py:545} INFO - Filling up the DagBag from /home/airflow/.local/lib/python3.12/site-packages/airflow/example_dags/tutorial_taskflow_api_virtualenv.py
[2025-05-01T11:54:54.490+0000] {processor.py:840} INFO - DAG(s) 'tutorial_taskflow_api_virtualenv' retrieved from /home/airflow/.local/lib/python3.12/site-packages/airflow/example_dags/tutorial_taskflow_api_virtualenv.py
[2025-05-01T11:54:54.547+0000] {logging_mixin.py:188} INFO - [2025-05-01T11:54:54.547+0000] {dag.py:3096} INFO - Sync 1 DAGs
[2025-05-01T11:54:54.593+0000] {logging_mixin.py:188} INFO - [2025-05-01T11:54:54.592+0000] {dag.py:3954} INFO - Setting next_dagrun for tutorial_taskflow_api_virtualenv to None, run_after=None
[2025-05-01T11:54:54.701+0000] {processor.py:183} INFO - Processing /home/airflow/.local/lib/python3.12/site-packages/airflow/example_dags/tutorial_taskflow_api_virtualenv.py took 0.262 seconds
[2025-05-01T11:55:25.182+0000] {processor.py:161} INFO - Started process (PID=2834) to work on /home/airflow/.local/lib/python3.12/site-packages/airflow/example_dags/tutorial_taskflow_api_virtualenv.py
[2025-05-01T11:55:25.184+0000] {processor.py:830} INFO - Processing file /home/airflow/.local/lib/python3.12/site-packages/airflow/example_dags/tutorial_taskflow_api_virtualenv.py for tasks to queue
[2025-05-01T11:55:25.189+0000] {logging_mixin.py:188} INFO - [2025-05-01T11:55:25.188+0000] {dagbag.py:545} INFO - Filling up the DagBag from /home/airflow/.local/lib/python3.12/site-packages/airflow/example_dags/tutorial_taskflow_api_virtualenv.py
[2025-05-01T11:55:25.217+0000] {processor.py:840} INFO - DAG(s) 'tutorial_taskflow_api_virtualenv' retrieved from /home/airflow/.local/lib/python3.12/site-packages/airflow/example_dags/tutorial_taskflow_api_virtualenv.py
[2025-05-01T11:55:25.269+0000] {logging_mixin.py:188} INFO - [2025-05-01T11:55:25.268+0000] {dag.py:3096} INFO - Sync 1 DAGs
[2025-05-01T11:55:25.302+0000] {logging_mixin.py:188} INFO - [2025-05-01T11:55:25.301+0000] {dag.py:3954} INFO - Setting next_dagrun for tutorial_taskflow_api_virtualenv to None, run_after=None
[2025-05-01T11:55:25.399+0000] {processor.py:183} INFO - Processing /home/airflow/.local/lib/python3.12/site-packages/airflow/example_dags/tutorial_taskflow_api_virtualenv.py took 0.230 seconds
[2025-05-01T11:55:56.413+0000] {processor.py:161} INFO - Started process (PID=2894) to work on /home/airflow/.local/lib/python3.12/site-packages/airflow/example_dags/tutorial_taskflow_api_virtualenv.py
[2025-05-01T11:55:56.415+0000] {processor.py:830} INFO - Processing file /home/airflow/.local/lib/python3.12/site-packages/airflow/example_dags/tutorial_taskflow_api_virtualenv.py for tasks to queue
[2025-05-01T11:55:56.422+0000] {logging_mixin.py:188} INFO - [2025-05-01T11:55:56.421+0000] {dagbag.py:545} INFO - Filling up the DagBag from /home/airflow/.local/lib/python3.12/site-packages/airflow/example_dags/tutorial_taskflow_api_virtualenv.py
[2025-05-01T11:55:56.449+0000] {processor.py:840} INFO - DAG(s) 'tutorial_taskflow_api_virtualenv' retrieved from /home/airflow/.local/lib/python3.12/site-packages/airflow/example_dags/tutorial_taskflow_api_virtualenv.py
[2025-05-01T11:55:56.497+0000] {logging_mixin.py:188} INFO - [2025-05-01T11:55:56.496+0000] {dag.py:3096} INFO - Sync 1 DAGs
[2025-05-01T11:55:56.524+0000] {logging_mixin.py:188} INFO - [2025-05-01T11:55:56.524+0000] {dag.py:3954} INFO - Setting next_dagrun for tutorial_taskflow_api_virtualenv to None, run_after=None
[2025-05-01T11:55:56.600+0000] {processor.py:183} INFO - Processing /home/airflow/.local/lib/python3.12/site-packages/airflow/example_dags/tutorial_taskflow_api_virtualenv.py took 0.202 seconds
[2025-05-01T11:56:27.312+0000] {processor.py:161} INFO - Started process (PID=2953) to work on /home/airflow/.local/lib/python3.12/site-packages/airflow/example_dags/tutorial_taskflow_api_virtualenv.py
[2025-05-01T11:56:27.314+0000] {processor.py:830} INFO - Processing file /home/airflow/.local/lib/python3.12/site-packages/airflow/example_dags/tutorial_taskflow_api_virtualenv.py for tasks to queue
[2025-05-01T11:56:27.323+0000] {logging_mixin.py:188} INFO - [2025-05-01T11:56:27.321+0000] {dagbag.py:545} INFO - Filling up the DagBag from /home/airflow/.local/lib/python3.12/site-packages/airflow/example_dags/tutorial_taskflow_api_virtualenv.py
[2025-05-01T11:56:27.359+0000] {processor.py:840} INFO - DAG(s) 'tutorial_taskflow_api_virtualenv' retrieved from /home/airflow/.local/lib/python3.12/site-packages/airflow/example_dags/tutorial_taskflow_api_virtualenv.py
[2025-05-01T11:56:27.417+0000] {logging_mixin.py:188} INFO - [2025-05-01T11:56:27.416+0000] {dag.py:3096} INFO - Sync 1 DAGs
[2025-05-01T11:56:27.451+0000] {logging_mixin.py:188} INFO - [2025-05-01T11:56:27.451+0000] {dag.py:3954} INFO - Setting next_dagrun for tutorial_taskflow_api_virtualenv to None, run_after=None
[2025-05-01T11:56:27.501+0000] {processor.py:183} INFO - Processing /home/airflow/.local/lib/python3.12/site-packages/airflow/example_dags/tutorial_taskflow_api_virtualenv.py took 0.211 seconds
[2025-05-01T11:56:57.922+0000] {processor.py:161} INFO - Started process (PID=3012) to work on /home/airflow/.local/lib/python3.12/site-packages/airflow/example_dags/tutorial_taskflow_api_virtualenv.py
[2025-05-01T11:56:57.925+0000] {processor.py:830} INFO - Processing file /home/airflow/.local/lib/python3.12/site-packages/airflow/example_dags/tutorial_taskflow_api_virtualenv.py for tasks to queue
[2025-05-01T11:56:57.930+0000] {logging_mixin.py:188} INFO - [2025-05-01T11:56:57.929+0000] {dagbag.py:545} INFO - Filling up the DagBag from /home/airflow/.local/lib/python3.12/site-packages/airflow/example_dags/tutorial_taskflow_api_virtualenv.py
[2025-05-01T11:56:57.964+0000] {processor.py:840} INFO - DAG(s) 'tutorial_taskflow_api_virtualenv' retrieved from /home/airflow/.local/lib/python3.12/site-packages/airflow/example_dags/tutorial_taskflow_api_virtualenv.py
[2025-05-01T11:56:58.019+0000] {logging_mixin.py:188} INFO - [2025-05-01T11:56:58.018+0000] {dag.py:3096} INFO - Sync 1 DAGs
[2025-05-01T11:56:58.052+0000] {logging_mixin.py:188} INFO - [2025-05-01T11:56:58.051+0000] {dag.py:3954} INFO - Setting next_dagrun for tutorial_taskflow_api_virtualenv to None, run_after=None
[2025-05-01T11:56:58.101+0000] {processor.py:183} INFO - Processing /home/airflow/.local/lib/python3.12/site-packages/airflow/example_dags/tutorial_taskflow_api_virtualenv.py took 0.192 seconds
[2025-05-01T11:57:28.473+0000] {processor.py:161} INFO - Started process (PID=3071) to work on /home/airflow/.local/lib/python3.12/site-packages/airflow/example_dags/tutorial_taskflow_api_virtualenv.py
[2025-05-01T11:57:28.476+0000] {processor.py:830} INFO - Processing file /home/airflow/.local/lib/python3.12/site-packages/airflow/example_dags/tutorial_taskflow_api_virtualenv.py for tasks to queue
[2025-05-01T11:57:28.481+0000] {logging_mixin.py:188} INFO - [2025-05-01T11:57:28.480+0000] {dagbag.py:545} INFO - Filling up the DagBag from /home/airflow/.local/lib/python3.12/site-packages/airflow/example_dags/tutorial_taskflow_api_virtualenv.py
[2025-05-01T11:57:28.512+0000] {processor.py:840} INFO - DAG(s) 'tutorial_taskflow_api_virtualenv' retrieved from /home/airflow/.local/lib/python3.12/site-packages/airflow/example_dags/tutorial_taskflow_api_virtualenv.py
[2025-05-01T11:57:28.582+0000] {logging_mixin.py:188} INFO - [2025-05-01T11:57:28.580+0000] {dag.py:3096} INFO - Sync 1 DAGs
[2025-05-01T11:57:28.643+0000] {logging_mixin.py:188} INFO - [2025-05-01T11:57:28.643+0000] {dag.py:3954} INFO - Setting next_dagrun for tutorial_taskflow_api_virtualenv to None, run_after=None
[2025-05-01T11:57:28.736+0000] {processor.py:183} INFO - Processing /home/airflow/.local/lib/python3.12/site-packages/airflow/example_dags/tutorial_taskflow_api_virtualenv.py took 0.284 seconds
[2025-05-01T11:57:59.175+0000] {processor.py:161} INFO - Started process (PID=3130) to work on /home/airflow/.local/lib/python3.12/site-packages/airflow/example_dags/tutorial_taskflow_api_virtualenv.py
[2025-05-01T11:57:59.177+0000] {processor.py:830} INFO - Processing file /home/airflow/.local/lib/python3.12/site-packages/airflow/example_dags/tutorial_taskflow_api_virtualenv.py for tasks to queue
[2025-05-01T11:57:59.181+0000] {logging_mixin.py:188} INFO - [2025-05-01T11:57:59.181+0000] {dagbag.py:545} INFO - Filling up the DagBag from /home/airflow/.local/lib/python3.12/site-packages/airflow/example_dags/tutorial_taskflow_api_virtualenv.py
[2025-05-01T11:57:59.200+0000] {processor.py:840} INFO - DAG(s) 'tutorial_taskflow_api_virtualenv' retrieved from /home/airflow/.local/lib/python3.12/site-packages/airflow/example_dags/tutorial_taskflow_api_virtualenv.py
[2025-05-01T11:57:59.242+0000] {logging_mixin.py:188} INFO - [2025-05-01T11:57:59.241+0000] {dag.py:3096} INFO - Sync 1 DAGs
[2025-05-01T11:57:59.268+0000] {logging_mixin.py:188} INFO - [2025-05-01T11:57:59.267+0000] {dag.py:3954} INFO - Setting next_dagrun for tutorial_taskflow_api_virtualenv to None, run_after=None
[2025-05-01T11:57:59.314+0000] {processor.py:183} INFO - Processing /home/airflow/.local/lib/python3.12/site-packages/airflow/example_dags/tutorial_taskflow_api_virtualenv.py took 0.150 seconds
[2025-05-01T11:58:29.643+0000] {processor.py:161} INFO - Started process (PID=3189) to work on /home/airflow/.local/lib/python3.12/site-packages/airflow/example_dags/tutorial_taskflow_api_virtualenv.py
[2025-05-01T11:58:29.646+0000] {processor.py:830} INFO - Processing file /home/airflow/.local/lib/python3.12/site-packages/airflow/example_dags/tutorial_taskflow_api_virtualenv.py for tasks to queue
[2025-05-01T11:58:29.651+0000] {logging_mixin.py:188} INFO - [2025-05-01T11:58:29.650+0000] {dagbag.py:545} INFO - Filling up the DagBag from /home/airflow/.local/lib/python3.12/site-packages/airflow/example_dags/tutorial_taskflow_api_virtualenv.py
[2025-05-01T11:58:29.676+0000] {processor.py:840} INFO - DAG(s) 'tutorial_taskflow_api_virtualenv' retrieved from /home/airflow/.local/lib/python3.12/site-packages/airflow/example_dags/tutorial_taskflow_api_virtualenv.py
[2025-05-01T11:58:29.730+0000] {logging_mixin.py:188} INFO - [2025-05-01T11:58:29.729+0000] {dag.py:3096} INFO - Sync 1 DAGs
[2025-05-01T11:58:29.772+0000] {logging_mixin.py:188} INFO - [2025-05-01T11:58:29.772+0000] {dag.py:3954} INFO - Setting next_dagrun for tutorial_taskflow_api_virtualenv to None, run_after=None
[2025-05-01T11:58:29.867+0000] {processor.py:183} INFO - Processing /home/airflow/.local/lib/python3.12/site-packages/airflow/example_dags/tutorial_taskflow_api_virtualenv.py took 0.238 seconds
[2025-05-01T11:59:00.729+0000] {processor.py:161} INFO - Started process (PID=3248) to work on /home/airflow/.local/lib/python3.12/site-packages/airflow/example_dags/tutorial_taskflow_api_virtualenv.py
[2025-05-01T11:59:00.732+0000] {processor.py:830} INFO - Processing file /home/airflow/.local/lib/python3.12/site-packages/airflow/example_dags/tutorial_taskflow_api_virtualenv.py for tasks to queue
[2025-05-01T11:59:00.737+0000] {logging_mixin.py:188} INFO - [2025-05-01T11:59:00.736+0000] {dagbag.py:545} INFO - Filling up the DagBag from /home/airflow/.local/lib/python3.12/site-packages/airflow/example_dags/tutorial_taskflow_api_virtualenv.py
[2025-05-01T11:59:00.765+0000] {processor.py:840} INFO - DAG(s) 'tutorial_taskflow_api_virtualenv' retrieved from /home/airflow/.local/lib/python3.12/site-packages/airflow/example_dags/tutorial_taskflow_api_virtualenv.py
[2025-05-01T11:59:00.822+0000] {logging_mixin.py:188} INFO - [2025-05-01T11:59:00.821+0000] {dag.py:3096} INFO - Sync 1 DAGs
[2025-05-01T11:59:00.854+0000] {logging_mixin.py:188} INFO - [2025-05-01T11:59:00.853+0000] {dag.py:3954} INFO - Setting next_dagrun for tutorial_taskflow_api_virtualenv to None, run_after=None
[2025-05-01T11:59:00.908+0000] {processor.py:183} INFO - Processing /home/airflow/.local/lib/python3.12/site-packages/airflow/example_dags/tutorial_taskflow_api_virtualenv.py took 0.192 seconds
[2025-05-01T11:59:31.037+0000] {processor.py:161} INFO - Started process (PID=3306) to work on /home/airflow/.local/lib/python3.12/site-packages/airflow/example_dags/tutorial_taskflow_api_virtualenv.py
[2025-05-01T11:59:31.041+0000] {processor.py:830} INFO - Processing file /home/airflow/.local/lib/python3.12/site-packages/airflow/example_dags/tutorial_taskflow_api_virtualenv.py for tasks to queue
[2025-05-01T11:59:31.046+0000] {logging_mixin.py:188} INFO - [2025-05-01T11:59:31.044+0000] {dagbag.py:545} INFO - Filling up the DagBag from /home/airflow/.local/lib/python3.12/site-packages/airflow/example_dags/tutorial_taskflow_api_virtualenv.py
[2025-05-01T11:59:31.073+0000] {processor.py:840} INFO - DAG(s) 'tutorial_taskflow_api_virtualenv' retrieved from /home/airflow/.local/lib/python3.12/site-packages/airflow/example_dags/tutorial_taskflow_api_virtualenv.py
[2025-05-01T11:59:31.130+0000] {logging_mixin.py:188} INFO - [2025-05-01T11:59:31.129+0000] {dag.py:3096} INFO - Sync 1 DAGs
[2025-05-01T11:59:31.160+0000] {logging_mixin.py:188} INFO - [2025-05-01T11:59:31.160+0000] {dag.py:3954} INFO - Setting next_dagrun for tutorial_taskflow_api_virtualenv to None, run_after=None
[2025-05-01T11:59:31.258+0000] {processor.py:183} INFO - Processing /home/airflow/.local/lib/python3.12/site-packages/airflow/example_dags/tutorial_taskflow_api_virtualenv.py took 0.235 seconds
[2025-05-01T12:00:02.056+0000] {processor.py:161} INFO - Started process (PID=3366) to work on /home/airflow/.local/lib/python3.12/site-packages/airflow/example_dags/tutorial_taskflow_api_virtualenv.py
[2025-05-01T12:00:02.062+0000] {processor.py:830} INFO - Processing file /home/airflow/.local/lib/python3.12/site-packages/airflow/example_dags/tutorial_taskflow_api_virtualenv.py for tasks to queue
[2025-05-01T12:00:02.077+0000] {logging_mixin.py:188} INFO - [2025-05-01T12:00:02.076+0000] {dagbag.py:545} INFO - Filling up the DagBag from /home/airflow/.local/lib/python3.12/site-packages/airflow/example_dags/tutorial_taskflow_api_virtualenv.py
[2025-05-01T12:00:02.141+0000] {processor.py:840} INFO - DAG(s) 'tutorial_taskflow_api_virtualenv' retrieved from /home/airflow/.local/lib/python3.12/site-packages/airflow/example_dags/tutorial_taskflow_api_virtualenv.py
[2025-05-01T12:00:02.203+0000] {logging_mixin.py:188} INFO - [2025-05-01T12:00:02.203+0000] {dag.py:3096} INFO - Sync 1 DAGs
[2025-05-01T12:00:02.233+0000] {logging_mixin.py:188} INFO - [2025-05-01T12:00:02.232+0000] {dag.py:3954} INFO - Setting next_dagrun for tutorial_taskflow_api_virtualenv to None, run_after=None
[2025-05-01T12:00:02.316+0000] {processor.py:183} INFO - Processing /home/airflow/.local/lib/python3.12/site-packages/airflow/example_dags/tutorial_taskflow_api_virtualenv.py took 0.325 seconds
[2025-05-01T12:00:32.502+0000] {processor.py:161} INFO - Started process (PID=3429) to work on /home/airflow/.local/lib/python3.12/site-packages/airflow/example_dags/tutorial_taskflow_api_virtualenv.py
[2025-05-01T12:00:32.504+0000] {processor.py:830} INFO - Processing file /home/airflow/.local/lib/python3.12/site-packages/airflow/example_dags/tutorial_taskflow_api_virtualenv.py for tasks to queue
[2025-05-01T12:00:32.508+0000] {logging_mixin.py:188} INFO - [2025-05-01T12:00:32.508+0000] {dagbag.py:545} INFO - Filling up the DagBag from /home/airflow/.local/lib/python3.12/site-packages/airflow/example_dags/tutorial_taskflow_api_virtualenv.py
[2025-05-01T12:00:32.531+0000] {processor.py:840} INFO - DAG(s) 'tutorial_taskflow_api_virtualenv' retrieved from /home/airflow/.local/lib/python3.12/site-packages/airflow/example_dags/tutorial_taskflow_api_virtualenv.py
[2025-05-01T12:00:32.582+0000] {logging_mixin.py:188} INFO - [2025-05-01T12:00:32.582+0000] {dag.py:3096} INFO - Sync 1 DAGs
[2025-05-01T12:00:32.613+0000] {logging_mixin.py:188} INFO - [2025-05-01T12:00:32.613+0000] {dag.py:3954} INFO - Setting next_dagrun for tutorial_taskflow_api_virtualenv to None, run_after=None
[2025-05-01T12:00:32.655+0000] {processor.py:183} INFO - Processing /home/airflow/.local/lib/python3.12/site-packages/airflow/example_dags/tutorial_taskflow_api_virtualenv.py took 0.167 seconds
[2025-05-01T12:01:02.802+0000] {processor.py:161} INFO - Started process (PID=3488) to work on /home/airflow/.local/lib/python3.12/site-packages/airflow/example_dags/tutorial_taskflow_api_virtualenv.py
[2025-05-01T12:01:02.804+0000] {processor.py:830} INFO - Processing file /home/airflow/.local/lib/python3.12/site-packages/airflow/example_dags/tutorial_taskflow_api_virtualenv.py for tasks to queue
[2025-05-01T12:01:02.809+0000] {logging_mixin.py:188} INFO - [2025-05-01T12:01:02.808+0000] {dagbag.py:545} INFO - Filling up the DagBag from /home/airflow/.local/lib/python3.12/site-packages/airflow/example_dags/tutorial_taskflow_api_virtualenv.py
[2025-05-01T12:01:02.833+0000] {processor.py:840} INFO - DAG(s) 'tutorial_taskflow_api_virtualenv' retrieved from /home/airflow/.local/lib/python3.12/site-packages/airflow/example_dags/tutorial_taskflow_api_virtualenv.py
[2025-05-01T12:01:02.887+0000] {logging_mixin.py:188} INFO - [2025-05-01T12:01:02.886+0000] {dag.py:3096} INFO - Sync 1 DAGs
[2025-05-01T12:01:02.924+0000] {logging_mixin.py:188} INFO - [2025-05-01T12:01:02.923+0000] {dag.py:3954} INFO - Setting next_dagrun for tutorial_taskflow_api_virtualenv to None, run_after=None
[2025-05-01T12:01:02.977+0000] {processor.py:183} INFO - Processing /home/airflow/.local/lib/python3.12/site-packages/airflow/example_dags/tutorial_taskflow_api_virtualenv.py took 0.188 seconds
[2025-05-01T12:01:33.998+0000] {processor.py:161} INFO - Started process (PID=3548) to work on /home/airflow/.local/lib/python3.12/site-packages/airflow/example_dags/tutorial_taskflow_api_virtualenv.py
[2025-05-01T12:01:34.000+0000] {processor.py:830} INFO - Processing file /home/airflow/.local/lib/python3.12/site-packages/airflow/example_dags/tutorial_taskflow_api_virtualenv.py for tasks to queue
[2025-05-01T12:01:34.005+0000] {logging_mixin.py:188} INFO - [2025-05-01T12:01:34.004+0000] {dagbag.py:545} INFO - Filling up the DagBag from /home/airflow/.local/lib/python3.12/site-packages/airflow/example_dags/tutorial_taskflow_api_virtualenv.py
[2025-05-01T12:01:34.028+0000] {processor.py:840} INFO - DAG(s) 'tutorial_taskflow_api_virtualenv' retrieved from /home/airflow/.local/lib/python3.12/site-packages/airflow/example_dags/tutorial_taskflow_api_virtualenv.py
[2025-05-01T12:01:34.070+0000] {logging_mixin.py:188} INFO - [2025-05-01T12:01:34.070+0000] {dag.py:3096} INFO - Sync 1 DAGs
[2025-05-01T12:01:34.096+0000] {logging_mixin.py:188} INFO - [2025-05-01T12:01:34.095+0000] {dag.py:3954} INFO - Setting next_dagrun for tutorial_taskflow_api_virtualenv to None, run_after=None
[2025-05-01T12:01:34.178+0000] {processor.py:183} INFO - Processing /home/airflow/.local/lib/python3.12/site-packages/airflow/example_dags/tutorial_taskflow_api_virtualenv.py took 0.191 seconds
[2025-05-01T12:02:04.524+0000] {processor.py:161} INFO - Started process (PID=3607) to work on /home/airflow/.local/lib/python3.12/site-packages/airflow/example_dags/tutorial_taskflow_api_virtualenv.py
[2025-05-01T12:02:04.527+0000] {processor.py:830} INFO - Processing file /home/airflow/.local/lib/python3.12/site-packages/airflow/example_dags/tutorial_taskflow_api_virtualenv.py for tasks to queue
[2025-05-01T12:02:04.531+0000] {logging_mixin.py:188} INFO - [2025-05-01T12:02:04.530+0000] {dagbag.py:545} INFO - Filling up the DagBag from /home/airflow/.local/lib/python3.12/site-packages/airflow/example_dags/tutorial_taskflow_api_virtualenv.py
[2025-05-01T12:02:04.555+0000] {processor.py:840} INFO - DAG(s) 'tutorial_taskflow_api_virtualenv' retrieved from /home/airflow/.local/lib/python3.12/site-packages/airflow/example_dags/tutorial_taskflow_api_virtualenv.py
[2025-05-01T12:02:04.598+0000] {logging_mixin.py:188} INFO - [2025-05-01T12:02:04.598+0000] {dag.py:3096} INFO - Sync 1 DAGs
[2025-05-01T12:02:04.628+0000] {logging_mixin.py:188} INFO - [2025-05-01T12:02:04.628+0000] {dag.py:3954} INFO - Setting next_dagrun for tutorial_taskflow_api_virtualenv to None, run_after=None
[2025-05-01T12:02:04.683+0000] {processor.py:183} INFO - Processing /home/airflow/.local/lib/python3.12/site-packages/airflow/example_dags/tutorial_taskflow_api_virtualenv.py took 0.173 seconds
[2025-05-01T12:02:35.320+0000] {processor.py:161} INFO - Started process (PID=3666) to work on /home/airflow/.local/lib/python3.12/site-packages/airflow/example_dags/tutorial_taskflow_api_virtualenv.py
[2025-05-01T12:02:35.322+0000] {processor.py:830} INFO - Processing file /home/airflow/.local/lib/python3.12/site-packages/airflow/example_dags/tutorial_taskflow_api_virtualenv.py for tasks to queue
[2025-05-01T12:02:35.330+0000] {logging_mixin.py:188} INFO - [2025-05-01T12:02:35.329+0000] {dagbag.py:545} INFO - Filling up the DagBag from /home/airflow/.local/lib/python3.12/site-packages/airflow/example_dags/tutorial_taskflow_api_virtualenv.py
[2025-05-01T12:02:35.356+0000] {processor.py:840} INFO - DAG(s) 'tutorial_taskflow_api_virtualenv' retrieved from /home/airflow/.local/lib/python3.12/site-packages/airflow/example_dags/tutorial_taskflow_api_virtualenv.py
[2025-05-01T12:02:35.410+0000] {logging_mixin.py:188} INFO - [2025-05-01T12:02:35.409+0000] {dag.py:3096} INFO - Sync 1 DAGs
[2025-05-01T12:02:35.448+0000] {logging_mixin.py:188} INFO - [2025-05-01T12:02:35.447+0000] {dag.py:3954} INFO - Setting next_dagrun for tutorial_taskflow_api_virtualenv to None, run_after=None
[2025-05-01T12:02:35.508+0000] {processor.py:183} INFO - Processing /home/airflow/.local/lib/python3.12/site-packages/airflow/example_dags/tutorial_taskflow_api_virtualenv.py took 0.201 seconds
[2025-05-01T12:03:06.451+0000] {processor.py:161} INFO - Started process (PID=3724) to work on /home/airflow/.local/lib/python3.12/site-packages/airflow/example_dags/tutorial_taskflow_api_virtualenv.py
[2025-05-01T12:03:06.452+0000] {processor.py:830} INFO - Processing file /home/airflow/.local/lib/python3.12/site-packages/airflow/example_dags/tutorial_taskflow_api_virtualenv.py for tasks to queue
[2025-05-01T12:03:06.456+0000] {logging_mixin.py:188} INFO - [2025-05-01T12:03:06.456+0000] {dagbag.py:545} INFO - Filling up the DagBag from /home/airflow/.local/lib/python3.12/site-packages/airflow/example_dags/tutorial_taskflow_api_virtualenv.py
[2025-05-01T12:03:06.478+0000] {processor.py:840} INFO - DAG(s) 'tutorial_taskflow_api_virtualenv' retrieved from /home/airflow/.local/lib/python3.12/site-packages/airflow/example_dags/tutorial_taskflow_api_virtualenv.py
[2025-05-01T12:03:06.521+0000] {logging_mixin.py:188} INFO - [2025-05-01T12:03:06.521+0000] {dag.py:3096} INFO - Sync 1 DAGs
[2025-05-01T12:03:06.546+0000] {logging_mixin.py:188} INFO - [2025-05-01T12:03:06.546+0000] {dag.py:3954} INFO - Setting next_dagrun for tutorial_taskflow_api_virtualenv to None, run_after=None
[2025-05-01T12:03:06.591+0000] {processor.py:183} INFO - Processing /home/airflow/.local/lib/python3.12/site-packages/airflow/example_dags/tutorial_taskflow_api_virtualenv.py took 0.152 seconds
[2025-05-01T12:03:37.256+0000] {processor.py:161} INFO - Started process (PID=3783) to work on /home/airflow/.local/lib/python3.12/site-packages/airflow/example_dags/tutorial_taskflow_api_virtualenv.py
[2025-05-01T12:03:37.258+0000] {processor.py:830} INFO - Processing file /home/airflow/.local/lib/python3.12/site-packages/airflow/example_dags/tutorial_taskflow_api_virtualenv.py for tasks to queue
[2025-05-01T12:03:37.263+0000] {logging_mixin.py:188} INFO - [2025-05-01T12:03:37.261+0000] {dagbag.py:545} INFO - Filling up the DagBag from /home/airflow/.local/lib/python3.12/site-packages/airflow/example_dags/tutorial_taskflow_api_virtualenv.py
[2025-05-01T12:03:37.294+0000] {processor.py:840} INFO - DAG(s) 'tutorial_taskflow_api_virtualenv' retrieved from /home/airflow/.local/lib/python3.12/site-packages/airflow/example_dags/tutorial_taskflow_api_virtualenv.py
[2025-05-01T12:03:37.347+0000] {logging_mixin.py:188} INFO - [2025-05-01T12:03:37.346+0000] {dag.py:3096} INFO - Sync 1 DAGs
[2025-05-01T12:03:37.376+0000] {logging_mixin.py:188} INFO - [2025-05-01T12:03:37.376+0000] {dag.py:3954} INFO - Setting next_dagrun for tutorial_taskflow_api_virtualenv to None, run_after=None
[2025-05-01T12:03:37.423+0000] {processor.py:183} INFO - Processing /home/airflow/.local/lib/python3.12/site-packages/airflow/example_dags/tutorial_taskflow_api_virtualenv.py took 0.181 seconds
[2025-05-01T12:04:08.195+0000] {processor.py:161} INFO - Started process (PID=3842) to work on /home/airflow/.local/lib/python3.12/site-packages/airflow/example_dags/tutorial_taskflow_api_virtualenv.py
[2025-05-01T12:04:08.198+0000] {processor.py:830} INFO - Processing file /home/airflow/.local/lib/python3.12/site-packages/airflow/example_dags/tutorial_taskflow_api_virtualenv.py for tasks to queue
[2025-05-01T12:04:08.203+0000] {logging_mixin.py:188} INFO - [2025-05-01T12:04:08.202+0000] {dagbag.py:545} INFO - Filling up the DagBag from /home/airflow/.local/lib/python3.12/site-packages/airflow/example_dags/tutorial_taskflow_api_virtualenv.py
[2025-05-01T12:04:08.229+0000] {processor.py:840} INFO - DAG(s) 'tutorial_taskflow_api_virtualenv' retrieved from /home/airflow/.local/lib/python3.12/site-packages/airflow/example_dags/tutorial_taskflow_api_virtualenv.py
[2025-05-01T12:04:08.293+0000] {logging_mixin.py:188} INFO - [2025-05-01T12:04:08.293+0000] {dag.py:3096} INFO - Sync 1 DAGs
[2025-05-01T12:04:08.333+0000] {logging_mixin.py:188} INFO - [2025-05-01T12:04:08.333+0000] {dag.py:3954} INFO - Setting next_dagrun for tutorial_taskflow_api_virtualenv to None, run_after=None
[2025-05-01T12:04:08.422+0000] {processor.py:183} INFO - Processing /home/airflow/.local/lib/python3.12/site-packages/airflow/example_dags/tutorial_taskflow_api_virtualenv.py took 0.240 seconds
[2025-05-01T12:04:39.615+0000] {processor.py:161} INFO - Started process (PID=3901) to work on /home/airflow/.local/lib/python3.12/site-packages/airflow/example_dags/tutorial_taskflow_api_virtualenv.py
[2025-05-01T12:04:39.618+0000] {processor.py:830} INFO - Processing file /home/airflow/.local/lib/python3.12/site-packages/airflow/example_dags/tutorial_taskflow_api_virtualenv.py for tasks to queue
[2025-05-01T12:04:39.624+0000] {logging_mixin.py:188} INFO - [2025-05-01T12:04:39.623+0000] {dagbag.py:545} INFO - Filling up the DagBag from /home/airflow/.local/lib/python3.12/site-packages/airflow/example_dags/tutorial_taskflow_api_virtualenv.py
[2025-05-01T12:04:39.650+0000] {processor.py:840} INFO - DAG(s) 'tutorial_taskflow_api_virtualenv' retrieved from /home/airflow/.local/lib/python3.12/site-packages/airflow/example_dags/tutorial_taskflow_api_virtualenv.py
[2025-05-01T12:04:39.696+0000] {logging_mixin.py:188} INFO - [2025-05-01T12:04:39.696+0000] {dag.py:3096} INFO - Sync 1 DAGs
[2025-05-01T12:04:39.724+0000] {logging_mixin.py:188} INFO - [2025-05-01T12:04:39.723+0000] {dag.py:3954} INFO - Setting next_dagrun for tutorial_taskflow_api_virtualenv to None, run_after=None
[2025-05-01T12:04:39.778+0000] {processor.py:183} INFO - Processing /home/airflow/.local/lib/python3.12/site-packages/airflow/example_dags/tutorial_taskflow_api_virtualenv.py took 0.181 seconds
[2025-05-01T12:05:10.046+0000] {processor.py:161} INFO - Started process (PID=3958) to work on /home/airflow/.local/lib/python3.12/site-packages/airflow/example_dags/tutorial_taskflow_api_virtualenv.py
[2025-05-01T12:05:10.048+0000] {processor.py:830} INFO - Processing file /home/airflow/.local/lib/python3.12/site-packages/airflow/example_dags/tutorial_taskflow_api_virtualenv.py for tasks to queue
[2025-05-01T12:05:10.053+0000] {logging_mixin.py:188} INFO - [2025-05-01T12:05:10.052+0000] {dagbag.py:545} INFO - Filling up the DagBag from /home/airflow/.local/lib/python3.12/site-packages/airflow/example_dags/tutorial_taskflow_api_virtualenv.py
[2025-05-01T12:05:10.077+0000] {processor.py:840} INFO - DAG(s) 'tutorial_taskflow_api_virtualenv' retrieved from /home/airflow/.local/lib/python3.12/site-packages/airflow/example_dags/tutorial_taskflow_api_virtualenv.py
[2025-05-01T12:05:10.125+0000] {logging_mixin.py:188} INFO - [2025-05-01T12:05:10.125+0000] {dag.py:3096} INFO - Sync 1 DAGs
[2025-05-01T12:05:10.163+0000] {logging_mixin.py:188} INFO - [2025-05-01T12:05:10.163+0000] {dag.py:3954} INFO - Setting next_dagrun for tutorial_taskflow_api_virtualenv to None, run_after=None
[2025-05-01T12:05:10.231+0000] {processor.py:183} INFO - Processing /home/airflow/.local/lib/python3.12/site-packages/airflow/example_dags/tutorial_taskflow_api_virtualenv.py took 0.197 seconds
[2025-05-01T12:05:40.630+0000] {processor.py:161} INFO - Started process (PID=4018) to work on /home/airflow/.local/lib/python3.12/site-packages/airflow/example_dags/tutorial_taskflow_api_virtualenv.py
[2025-05-01T12:05:40.633+0000] {processor.py:830} INFO - Processing file /home/airflow/.local/lib/python3.12/site-packages/airflow/example_dags/tutorial_taskflow_api_virtualenv.py for tasks to queue
[2025-05-01T12:05:40.639+0000] {logging_mixin.py:188} INFO - [2025-05-01T12:05:40.638+0000] {dagbag.py:545} INFO - Filling up the DagBag from /home/airflow/.local/lib/python3.12/site-packages/airflow/example_dags/tutorial_taskflow_api_virtualenv.py
[2025-05-01T12:05:40.669+0000] {processor.py:840} INFO - DAG(s) 'tutorial_taskflow_api_virtualenv' retrieved from /home/airflow/.local/lib/python3.12/site-packages/airflow/example_dags/tutorial_taskflow_api_virtualenv.py
[2025-05-01T12:05:40.729+0000] {logging_mixin.py:188} INFO - [2025-05-01T12:05:40.728+0000] {dag.py:3096} INFO - Sync 1 DAGs
[2025-05-01T12:05:40.769+0000] {logging_mixin.py:188} INFO - [2025-05-01T12:05:40.768+0000] {dag.py:3954} INFO - Setting next_dagrun for tutorial_taskflow_api_virtualenv to None, run_after=None
[2025-05-01T12:05:40.847+0000] {processor.py:183} INFO - Processing /home/airflow/.local/lib/python3.12/site-packages/airflow/example_dags/tutorial_taskflow_api_virtualenv.py took 0.239 seconds
[2025-05-01T12:06:11.751+0000] {processor.py:161} INFO - Started process (PID=4077) to work on /home/airflow/.local/lib/python3.12/site-packages/airflow/example_dags/tutorial_taskflow_api_virtualenv.py
[2025-05-01T12:06:11.753+0000] {processor.py:830} INFO - Processing file /home/airflow/.local/lib/python3.12/site-packages/airflow/example_dags/tutorial_taskflow_api_virtualenv.py for tasks to queue
[2025-05-01T12:06:11.757+0000] {logging_mixin.py:188} INFO - [2025-05-01T12:06:11.757+0000] {dagbag.py:545} INFO - Filling up the DagBag from /home/airflow/.local/lib/python3.12/site-packages/airflow/example_dags/tutorial_taskflow_api_virtualenv.py
[2025-05-01T12:06:11.781+0000] {processor.py:840} INFO - DAG(s) 'tutorial_taskflow_api_virtualenv' retrieved from /home/airflow/.local/lib/python3.12/site-packages/airflow/example_dags/tutorial_taskflow_api_virtualenv.py
[2025-05-01T12:06:11.830+0000] {logging_mixin.py:188} INFO - [2025-05-01T12:06:11.829+0000] {dag.py:3096} INFO - Sync 1 DAGs
[2025-05-01T12:06:11.868+0000] {logging_mixin.py:188} INFO - [2025-05-01T12:06:11.867+0000] {dag.py:3954} INFO - Setting next_dagrun for tutorial_taskflow_api_virtualenv to None, run_after=None
[2025-05-01T12:06:11.929+0000] {processor.py:183} INFO - Processing /home/airflow/.local/lib/python3.12/site-packages/airflow/example_dags/tutorial_taskflow_api_virtualenv.py took 0.191 seconds
[2025-05-01T12:06:42.050+0000] {processor.py:161} INFO - Started process (PID=4137) to work on /home/airflow/.local/lib/python3.12/site-packages/airflow/example_dags/tutorial_taskflow_api_virtualenv.py
[2025-05-01T12:06:42.053+0000] {processor.py:830} INFO - Processing file /home/airflow/.local/lib/python3.12/site-packages/airflow/example_dags/tutorial_taskflow_api_virtualenv.py for tasks to queue
[2025-05-01T12:06:42.058+0000] {logging_mixin.py:188} INFO - [2025-05-01T12:06:42.057+0000] {dagbag.py:545} INFO - Filling up the DagBag from /home/airflow/.local/lib/python3.12/site-packages/airflow/example_dags/tutorial_taskflow_api_virtualenv.py
[2025-05-01T12:06:42.081+0000] {processor.py:840} INFO - DAG(s) 'tutorial_taskflow_api_virtualenv' retrieved from /home/airflow/.local/lib/python3.12/site-packages/airflow/example_dags/tutorial_taskflow_api_virtualenv.py
[2025-05-01T12:06:42.137+0000] {logging_mixin.py:188} INFO - [2025-05-01T12:06:42.137+0000] {dag.py:3096} INFO - Sync 1 DAGs
[2025-05-01T12:06:42.179+0000] {logging_mixin.py:188} INFO - [2025-05-01T12:06:42.179+0000] {dag.py:3954} INFO - Setting next_dagrun for tutorial_taskflow_api_virtualenv to None, run_after=None
[2025-05-01T12:06:42.223+0000] {processor.py:183} INFO - Processing /home/airflow/.local/lib/python3.12/site-packages/airflow/example_dags/tutorial_taskflow_api_virtualenv.py took 0.188 seconds
[2025-05-01T12:07:12.661+0000] {processor.py:161} INFO - Started process (PID=4196) to work on /home/airflow/.local/lib/python3.12/site-packages/airflow/example_dags/tutorial_taskflow_api_virtualenv.py
[2025-05-01T12:07:12.663+0000] {processor.py:830} INFO - Processing file /home/airflow/.local/lib/python3.12/site-packages/airflow/example_dags/tutorial_taskflow_api_virtualenv.py for tasks to queue
[2025-05-01T12:07:12.667+0000] {logging_mixin.py:188} INFO - [2025-05-01T12:07:12.666+0000] {dagbag.py:545} INFO - Filling up the DagBag from /home/airflow/.local/lib/python3.12/site-packages/airflow/example_dags/tutorial_taskflow_api_virtualenv.py
[2025-05-01T12:07:12.688+0000] {processor.py:840} INFO - DAG(s) 'tutorial_taskflow_api_virtualenv' retrieved from /home/airflow/.local/lib/python3.12/site-packages/airflow/example_dags/tutorial_taskflow_api_virtualenv.py
[2025-05-01T12:07:12.750+0000] {logging_mixin.py:188} INFO - [2025-05-01T12:07:12.749+0000] {dag.py:3096} INFO - Sync 1 DAGs
[2025-05-01T12:07:12.785+0000] {logging_mixin.py:188} INFO - [2025-05-01T12:07:12.785+0000] {dag.py:3954} INFO - Setting next_dagrun for tutorial_taskflow_api_virtualenv to None, run_after=None
[2025-05-01T12:07:12.836+0000] {processor.py:183} INFO - Processing /home/airflow/.local/lib/python3.12/site-packages/airflow/example_dags/tutorial_taskflow_api_virtualenv.py took 0.188 seconds
[2025-05-01T12:07:43.089+0000] {processor.py:161} INFO - Started process (PID=4255) to work on /home/airflow/.local/lib/python3.12/site-packages/airflow/example_dags/tutorial_taskflow_api_virtualenv.py
[2025-05-01T12:07:43.092+0000] {processor.py:830} INFO - Processing file /home/airflow/.local/lib/python3.12/site-packages/airflow/example_dags/tutorial_taskflow_api_virtualenv.py for tasks to queue
[2025-05-01T12:07:43.095+0000] {logging_mixin.py:188} INFO - [2025-05-01T12:07:43.095+0000] {dagbag.py:545} INFO - Filling up the DagBag from /home/airflow/.local/lib/python3.12/site-packages/airflow/example_dags/tutorial_taskflow_api_virtualenv.py
[2025-05-01T12:07:43.115+0000] {processor.py:840} INFO - DAG(s) 'tutorial_taskflow_api_virtualenv' retrieved from /home/airflow/.local/lib/python3.12/site-packages/airflow/example_dags/tutorial_taskflow_api_virtualenv.py
[2025-05-01T12:07:43.156+0000] {logging_mixin.py:188} INFO - [2025-05-01T12:07:43.155+0000] {dag.py:3096} INFO - Sync 1 DAGs
[2025-05-01T12:07:43.182+0000] {logging_mixin.py:188} INFO - [2025-05-01T12:07:43.181+0000] {dag.py:3954} INFO - Setting next_dagrun for tutorial_taskflow_api_virtualenv to None, run_after=None
[2025-05-01T12:07:43.265+0000] {processor.py:183} INFO - Processing /home/airflow/.local/lib/python3.12/site-packages/airflow/example_dags/tutorial_taskflow_api_virtualenv.py took 0.186 seconds
[2025-05-01T12:08:14.045+0000] {processor.py:161} INFO - Started process (PID=4314) to work on /home/airflow/.local/lib/python3.12/site-packages/airflow/example_dags/tutorial_taskflow_api_virtualenv.py
[2025-05-01T12:08:14.047+0000] {processor.py:830} INFO - Processing file /home/airflow/.local/lib/python3.12/site-packages/airflow/example_dags/tutorial_taskflow_api_virtualenv.py for tasks to queue
[2025-05-01T12:08:14.051+0000] {logging_mixin.py:188} INFO - [2025-05-01T12:08:14.050+0000] {dagbag.py:545} INFO - Filling up the DagBag from /home/airflow/.local/lib/python3.12/site-packages/airflow/example_dags/tutorial_taskflow_api_virtualenv.py
[2025-05-01T12:08:14.075+0000] {processor.py:840} INFO - DAG(s) 'tutorial_taskflow_api_virtualenv' retrieved from /home/airflow/.local/lib/python3.12/site-packages/airflow/example_dags/tutorial_taskflow_api_virtualenv.py
[2025-05-01T12:08:14.139+0000] {logging_mixin.py:188} INFO - [2025-05-01T12:08:14.139+0000] {dag.py:3096} INFO - Sync 1 DAGs
[2025-05-01T12:08:14.170+0000] {logging_mixin.py:188} INFO - [2025-05-01T12:08:14.169+0000] {dag.py:3954} INFO - Setting next_dagrun for tutorial_taskflow_api_virtualenv to None, run_after=None
[2025-05-01T12:08:14.243+0000] {processor.py:183} INFO - Processing /home/airflow/.local/lib/python3.12/site-packages/airflow/example_dags/tutorial_taskflow_api_virtualenv.py took 0.210 seconds
[2025-05-01T12:08:45.388+0000] {processor.py:161} INFO - Started process (PID=4373) to work on /home/airflow/.local/lib/python3.12/site-packages/airflow/example_dags/tutorial_taskflow_api_virtualenv.py
[2025-05-01T12:08:45.391+0000] {processor.py:830} INFO - Processing file /home/airflow/.local/lib/python3.12/site-packages/airflow/example_dags/tutorial_taskflow_api_virtualenv.py for tasks to queue
[2025-05-01T12:08:45.395+0000] {logging_mixin.py:188} INFO - [2025-05-01T12:08:45.394+0000] {dagbag.py:545} INFO - Filling up the DagBag from /home/airflow/.local/lib/python3.12/site-packages/airflow/example_dags/tutorial_taskflow_api_virtualenv.py
[2025-05-01T12:08:45.416+0000] {processor.py:840} INFO - DAG(s) 'tutorial_taskflow_api_virtualenv' retrieved from /home/airflow/.local/lib/python3.12/site-packages/airflow/example_dags/tutorial_taskflow_api_virtualenv.py
[2025-05-01T12:08:45.466+0000] {logging_mixin.py:188} INFO - [2025-05-01T12:08:45.465+0000] {dag.py:3096} INFO - Sync 1 DAGs
[2025-05-01T12:08:45.506+0000] {logging_mixin.py:188} INFO - [2025-05-01T12:08:45.505+0000] {dag.py:3954} INFO - Setting next_dagrun for tutorial_taskflow_api_virtualenv to None, run_after=None
[2025-05-01T12:08:45.649+0000] {processor.py:183} INFO - Processing /home/airflow/.local/lib/python3.12/site-packages/airflow/example_dags/tutorial_taskflow_api_virtualenv.py took 0.274 seconds
[2025-05-01T12:09:15.802+0000] {processor.py:161} INFO - Started process (PID=4433) to work on /home/airflow/.local/lib/python3.12/site-packages/airflow/example_dags/tutorial_taskflow_api_virtualenv.py
[2025-05-01T12:09:15.804+0000] {processor.py:830} INFO - Processing file /home/airflow/.local/lib/python3.12/site-packages/airflow/example_dags/tutorial_taskflow_api_virtualenv.py for tasks to queue
[2025-05-01T12:09:15.808+0000] {logging_mixin.py:188} INFO - [2025-05-01T12:09:15.807+0000] {dagbag.py:545} INFO - Filling up the DagBag from /home/airflow/.local/lib/python3.12/site-packages/airflow/example_dags/tutorial_taskflow_api_virtualenv.py
[2025-05-01T12:09:15.829+0000] {processor.py:840} INFO - DAG(s) 'tutorial_taskflow_api_virtualenv' retrieved from /home/airflow/.local/lib/python3.12/site-packages/airflow/example_dags/tutorial_taskflow_api_virtualenv.py
[2025-05-01T12:09:15.875+0000] {logging_mixin.py:188} INFO - [2025-05-01T12:09:15.874+0000] {dag.py:3096} INFO - Sync 1 DAGs
[2025-05-01T12:09:15.909+0000] {logging_mixin.py:188} INFO - [2025-05-01T12:09:15.908+0000] {dag.py:3954} INFO - Setting next_dagrun for tutorial_taskflow_api_virtualenv to None, run_after=None
[2025-05-01T12:09:16.003+0000] {processor.py:183} INFO - Processing /home/airflow/.local/lib/python3.12/site-packages/airflow/example_dags/tutorial_taskflow_api_virtualenv.py took 0.214 seconds
[2025-05-01T12:09:47.092+0000] {processor.py:161} INFO - Started process (PID=4492) to work on /home/airflow/.local/lib/python3.12/site-packages/airflow/example_dags/tutorial_taskflow_api_virtualenv.py
[2025-05-01T12:09:47.094+0000] {processor.py:830} INFO - Processing file /home/airflow/.local/lib/python3.12/site-packages/airflow/example_dags/tutorial_taskflow_api_virtualenv.py for tasks to queue
[2025-05-01T12:09:47.099+0000] {logging_mixin.py:188} INFO - [2025-05-01T12:09:47.098+0000] {dagbag.py:545} INFO - Filling up the DagBag from /home/airflow/.local/lib/python3.12/site-packages/airflow/example_dags/tutorial_taskflow_api_virtualenv.py
[2025-05-01T12:09:47.120+0000] {processor.py:840} INFO - DAG(s) 'tutorial_taskflow_api_virtualenv' retrieved from /home/airflow/.local/lib/python3.12/site-packages/airflow/example_dags/tutorial_taskflow_api_virtualenv.py
[2025-05-01T12:09:47.167+0000] {logging_mixin.py:188} INFO - [2025-05-01T12:09:47.166+0000] {dag.py:3096} INFO - Sync 1 DAGs
[2025-05-01T12:09:47.195+0000] {logging_mixin.py:188} INFO - [2025-05-01T12:09:47.194+0000] {dag.py:3954} INFO - Setting next_dagrun for tutorial_taskflow_api_virtualenv to None, run_after=None
[2025-05-01T12:09:47.288+0000] {processor.py:183} INFO - Processing /home/airflow/.local/lib/python3.12/site-packages/airflow/example_dags/tutorial_taskflow_api_virtualenv.py took 0.213 seconds
[2025-05-01T12:10:18.296+0000] {processor.py:161} INFO - Started process (PID=4551) to work on /home/airflow/.local/lib/python3.12/site-packages/airflow/example_dags/tutorial_taskflow_api_virtualenv.py
[2025-05-01T12:10:18.300+0000] {processor.py:830} INFO - Processing file /home/airflow/.local/lib/python3.12/site-packages/airflow/example_dags/tutorial_taskflow_api_virtualenv.py for tasks to queue
[2025-05-01T12:10:18.313+0000] {logging_mixin.py:188} INFO - [2025-05-01T12:10:18.312+0000] {dagbag.py:545} INFO - Filling up the DagBag from /home/airflow/.local/lib/python3.12/site-packages/airflow/example_dags/tutorial_taskflow_api_virtualenv.py
[2025-05-01T12:10:18.344+0000] {processor.py:840} INFO - DAG(s) 'tutorial_taskflow_api_virtualenv' retrieved from /home/airflow/.local/lib/python3.12/site-packages/airflow/example_dags/tutorial_taskflow_api_virtualenv.py
[2025-05-01T12:10:18.434+0000] {logging_mixin.py:188} INFO - [2025-05-01T12:10:18.433+0000] {dag.py:3096} INFO - Sync 1 DAGs
[2025-05-01T12:10:18.469+0000] {logging_mixin.py:188} INFO - [2025-05-01T12:10:18.468+0000] {dag.py:3954} INFO - Setting next_dagrun for tutorial_taskflow_api_virtualenv to None, run_after=None
[2025-05-01T12:10:18.522+0000] {processor.py:183} INFO - Processing /home/airflow/.local/lib/python3.12/site-packages/airflow/example_dags/tutorial_taskflow_api_virtualenv.py took 0.253 seconds
[2025-05-01T12:10:49.310+0000] {processor.py:161} INFO - Started process (PID=4610) to work on /home/airflow/.local/lib/python3.12/site-packages/airflow/example_dags/tutorial_taskflow_api_virtualenv.py
[2025-05-01T12:10:49.312+0000] {processor.py:830} INFO - Processing file /home/airflow/.local/lib/python3.12/site-packages/airflow/example_dags/tutorial_taskflow_api_virtualenv.py for tasks to queue
[2025-05-01T12:10:49.318+0000] {logging_mixin.py:188} INFO - [2025-05-01T12:10:49.317+0000] {dagbag.py:545} INFO - Filling up the DagBag from /home/airflow/.local/lib/python3.12/site-packages/airflow/example_dags/tutorial_taskflow_api_virtualenv.py
[2025-05-01T12:10:49.345+0000] {processor.py:840} INFO - DAG(s) 'tutorial_taskflow_api_virtualenv' retrieved from /home/airflow/.local/lib/python3.12/site-packages/airflow/example_dags/tutorial_taskflow_api_virtualenv.py
[2025-05-01T12:10:49.398+0000] {logging_mixin.py:188} INFO - [2025-05-01T12:10:49.397+0000] {dag.py:3096} INFO - Sync 1 DAGs
[2025-05-01T12:10:49.431+0000] {logging_mixin.py:188} INFO - [2025-05-01T12:10:49.430+0000] {dag.py:3954} INFO - Setting next_dagrun for tutorial_taskflow_api_virtualenv to None, run_after=None
[2025-05-01T12:10:49.492+0000] {processor.py:183} INFO - Processing /home/airflow/.local/lib/python3.12/site-packages/airflow/example_dags/tutorial_taskflow_api_virtualenv.py took 0.196 seconds
[2025-05-01T12:11:20.122+0000] {processor.py:161} INFO - Started process (PID=4669) to work on /home/airflow/.local/lib/python3.12/site-packages/airflow/example_dags/tutorial_taskflow_api_virtualenv.py
[2025-05-01T12:11:20.124+0000] {processor.py:830} INFO - Processing file /home/airflow/.local/lib/python3.12/site-packages/airflow/example_dags/tutorial_taskflow_api_virtualenv.py for tasks to queue
[2025-05-01T12:11:20.128+0000] {logging_mixin.py:188} INFO - [2025-05-01T12:11:20.127+0000] {dagbag.py:545} INFO - Filling up the DagBag from /home/airflow/.local/lib/python3.12/site-packages/airflow/example_dags/tutorial_taskflow_api_virtualenv.py
[2025-05-01T12:11:20.150+0000] {processor.py:840} INFO - DAG(s) 'tutorial_taskflow_api_virtualenv' retrieved from /home/airflow/.local/lib/python3.12/site-packages/airflow/example_dags/tutorial_taskflow_api_virtualenv.py
[2025-05-01T12:11:20.200+0000] {logging_mixin.py:188} INFO - [2025-05-01T12:11:20.199+0000] {dag.py:3096} INFO - Sync 1 DAGs
[2025-05-01T12:11:20.235+0000] {logging_mixin.py:188} INFO - [2025-05-01T12:11:20.234+0000] {dag.py:3954} INFO - Setting next_dagrun for tutorial_taskflow_api_virtualenv to None, run_after=None
[2025-05-01T12:11:20.285+0000] {processor.py:183} INFO - Processing /home/airflow/.local/lib/python3.12/site-packages/airflow/example_dags/tutorial_taskflow_api_virtualenv.py took 0.175 seconds
[2025-05-01T12:11:51.089+0000] {processor.py:161} INFO - Started process (PID=4728) to work on /home/airflow/.local/lib/python3.12/site-packages/airflow/example_dags/tutorial_taskflow_api_virtualenv.py
[2025-05-01T12:11:51.092+0000] {processor.py:830} INFO - Processing file /home/airflow/.local/lib/python3.12/site-packages/airflow/example_dags/tutorial_taskflow_api_virtualenv.py for tasks to queue
[2025-05-01T12:11:51.096+0000] {logging_mixin.py:188} INFO - [2025-05-01T12:11:51.095+0000] {dagbag.py:545} INFO - Filling up the DagBag from /home/airflow/.local/lib/python3.12/site-packages/airflow/example_dags/tutorial_taskflow_api_virtualenv.py
[2025-05-01T12:11:51.118+0000] {processor.py:840} INFO - DAG(s) 'tutorial_taskflow_api_virtualenv' retrieved from /home/airflow/.local/lib/python3.12/site-packages/airflow/example_dags/tutorial_taskflow_api_virtualenv.py
[2025-05-01T12:11:51.165+0000] {logging_mixin.py:188} INFO - [2025-05-01T12:11:51.165+0000] {dag.py:3096} INFO - Sync 1 DAGs
[2025-05-01T12:11:51.194+0000] {logging_mixin.py:188} INFO - [2025-05-01T12:11:51.194+0000] {dag.py:3954} INFO - Setting next_dagrun for tutorial_taskflow_api_virtualenv to None, run_after=None
[2025-05-01T12:11:51.241+0000] {processor.py:183} INFO - Processing /home/airflow/.local/lib/python3.12/site-packages/airflow/example_dags/tutorial_taskflow_api_virtualenv.py took 0.168 seconds
[2025-05-01T12:12:22.149+0000] {processor.py:161} INFO - Started process (PID=4787) to work on /home/airflow/.local/lib/python3.12/site-packages/airflow/example_dags/tutorial_taskflow_api_virtualenv.py
[2025-05-01T12:12:22.151+0000] {processor.py:830} INFO - Processing file /home/airflow/.local/lib/python3.12/site-packages/airflow/example_dags/tutorial_taskflow_api_virtualenv.py for tasks to queue
[2025-05-01T12:12:22.157+0000] {logging_mixin.py:188} INFO - [2025-05-01T12:12:22.156+0000] {dagbag.py:545} INFO - Filling up the DagBag from /home/airflow/.local/lib/python3.12/site-packages/airflow/example_dags/tutorial_taskflow_api_virtualenv.py
[2025-05-01T12:12:22.189+0000] {processor.py:840} INFO - DAG(s) 'tutorial_taskflow_api_virtualenv' retrieved from /home/airflow/.local/lib/python3.12/site-packages/airflow/example_dags/tutorial_taskflow_api_virtualenv.py
[2025-05-01T12:12:22.255+0000] {logging_mixin.py:188} INFO - [2025-05-01T12:12:22.255+0000] {dag.py:3096} INFO - Sync 1 DAGs
[2025-05-01T12:12:22.315+0000] {logging_mixin.py:188} INFO - [2025-05-01T12:12:22.315+0000] {dag.py:3954} INFO - Setting next_dagrun for tutorial_taskflow_api_virtualenv to None, run_after=None
[2025-05-01T12:12:22.386+0000] {processor.py:183} INFO - Processing /home/airflow/.local/lib/python3.12/site-packages/airflow/example_dags/tutorial_taskflow_api_virtualenv.py took 0.257 seconds
[2025-05-01T12:12:53.216+0000] {processor.py:161} INFO - Started process (PID=4847) to work on /home/airflow/.local/lib/python3.12/site-packages/airflow/example_dags/tutorial_taskflow_api_virtualenv.py
[2025-05-01T12:12:53.218+0000] {processor.py:830} INFO - Processing file /home/airflow/.local/lib/python3.12/site-packages/airflow/example_dags/tutorial_taskflow_api_virtualenv.py for tasks to queue
[2025-05-01T12:12:53.222+0000] {logging_mixin.py:188} INFO - [2025-05-01T12:12:53.221+0000] {dagbag.py:545} INFO - Filling up the DagBag from /home/airflow/.local/lib/python3.12/site-packages/airflow/example_dags/tutorial_taskflow_api_virtualenv.py
[2025-05-01T12:12:53.241+0000] {processor.py:840} INFO - DAG(s) 'tutorial_taskflow_api_virtualenv' retrieved from /home/airflow/.local/lib/python3.12/site-packages/airflow/example_dags/tutorial_taskflow_api_virtualenv.py
[2025-05-01T12:12:53.286+0000] {logging_mixin.py:188} INFO - [2025-05-01T12:12:53.285+0000] {dag.py:3096} INFO - Sync 1 DAGs
[2025-05-01T12:12:53.322+0000] {logging_mixin.py:188} INFO - [2025-05-01T12:12:53.321+0000] {dag.py:3954} INFO - Setting next_dagrun for tutorial_taskflow_api_virtualenv to None, run_after=None
[2025-05-01T12:12:53.411+0000] {processor.py:183} INFO - Processing /home/airflow/.local/lib/python3.12/site-packages/airflow/example_dags/tutorial_taskflow_api_virtualenv.py took 0.209 seconds
[2025-05-01T12:13:24.287+0000] {processor.py:161} INFO - Started process (PID=4906) to work on /home/airflow/.local/lib/python3.12/site-packages/airflow/example_dags/tutorial_taskflow_api_virtualenv.py
[2025-05-01T12:13:24.290+0000] {processor.py:830} INFO - Processing file /home/airflow/.local/lib/python3.12/site-packages/airflow/example_dags/tutorial_taskflow_api_virtualenv.py for tasks to queue
[2025-05-01T12:13:24.295+0000] {logging_mixin.py:188} INFO - [2025-05-01T12:13:24.294+0000] {dagbag.py:545} INFO - Filling up the DagBag from /home/airflow/.local/lib/python3.12/site-packages/airflow/example_dags/tutorial_taskflow_api_virtualenv.py
[2025-05-01T12:13:24.317+0000] {processor.py:840} INFO - DAG(s) 'tutorial_taskflow_api_virtualenv' retrieved from /home/airflow/.local/lib/python3.12/site-packages/airflow/example_dags/tutorial_taskflow_api_virtualenv.py
[2025-05-01T12:13:24.362+0000] {logging_mixin.py:188} INFO - [2025-05-01T12:13:24.361+0000] {dag.py:3096} INFO - Sync 1 DAGs
[2025-05-01T12:13:24.388+0000] {logging_mixin.py:188} INFO - [2025-05-01T12:13:24.388+0000] {dag.py:3954} INFO - Setting next_dagrun for tutorial_taskflow_api_virtualenv to None, run_after=None
[2025-05-01T12:13:24.471+0000] {processor.py:183} INFO - Processing /home/airflow/.local/lib/python3.12/site-packages/airflow/example_dags/tutorial_taskflow_api_virtualenv.py took 0.197 seconds
[2025-05-01T12:13:55.239+0000] {processor.py:161} INFO - Started process (PID=4965) to work on /home/airflow/.local/lib/python3.12/site-packages/airflow/example_dags/tutorial_taskflow_api_virtualenv.py
[2025-05-01T12:13:55.241+0000] {processor.py:830} INFO - Processing file /home/airflow/.local/lib/python3.12/site-packages/airflow/example_dags/tutorial_taskflow_api_virtualenv.py for tasks to queue
[2025-05-01T12:13:55.246+0000] {logging_mixin.py:188} INFO - [2025-05-01T12:13:55.245+0000] {dagbag.py:545} INFO - Filling up the DagBag from /home/airflow/.local/lib/python3.12/site-packages/airflow/example_dags/tutorial_taskflow_api_virtualenv.py
[2025-05-01T12:13:55.273+0000] {processor.py:840} INFO - DAG(s) 'tutorial_taskflow_api_virtualenv' retrieved from /home/airflow/.local/lib/python3.12/site-packages/airflow/example_dags/tutorial_taskflow_api_virtualenv.py
[2025-05-01T12:13:55.323+0000] {logging_mixin.py:188} INFO - [2025-05-01T12:13:55.322+0000] {dag.py:3096} INFO - Sync 1 DAGs
[2025-05-01T12:13:55.352+0000] {logging_mixin.py:188} INFO - [2025-05-01T12:13:55.352+0000] {dag.py:3954} INFO - Setting next_dagrun for tutorial_taskflow_api_virtualenv to None, run_after=None
[2025-05-01T12:13:55.399+0000] {processor.py:183} INFO - Processing /home/airflow/.local/lib/python3.12/site-packages/airflow/example_dags/tutorial_taskflow_api_virtualenv.py took 0.171 seconds
[2025-05-01T12:14:25.857+0000] {processor.py:161} INFO - Started process (PID=5025) to work on /home/airflow/.local/lib/python3.12/site-packages/airflow/example_dags/tutorial_taskflow_api_virtualenv.py
[2025-05-01T12:14:25.860+0000] {processor.py:830} INFO - Processing file /home/airflow/.local/lib/python3.12/site-packages/airflow/example_dags/tutorial_taskflow_api_virtualenv.py for tasks to queue
[2025-05-01T12:14:25.864+0000] {logging_mixin.py:188} INFO - [2025-05-01T12:14:25.863+0000] {dagbag.py:545} INFO - Filling up the DagBag from /home/airflow/.local/lib/python3.12/site-packages/airflow/example_dags/tutorial_taskflow_api_virtualenv.py
[2025-05-01T12:14:25.885+0000] {processor.py:840} INFO - DAG(s) 'tutorial_taskflow_api_virtualenv' retrieved from /home/airflow/.local/lib/python3.12/site-packages/airflow/example_dags/tutorial_taskflow_api_virtualenv.py
[2025-05-01T12:14:25.929+0000] {logging_mixin.py:188} INFO - [2025-05-01T12:14:25.928+0000] {dag.py:3096} INFO - Sync 1 DAGs
[2025-05-01T12:14:25.961+0000] {logging_mixin.py:188} INFO - [2025-05-01T12:14:25.961+0000] {dag.py:3954} INFO - Setting next_dagrun for tutorial_taskflow_api_virtualenv to None, run_after=None
[2025-05-01T12:14:26.033+0000] {processor.py:183} INFO - Processing /home/airflow/.local/lib/python3.12/site-packages/airflow/example_dags/tutorial_taskflow_api_virtualenv.py took 0.189 seconds
[2025-05-01T12:14:56.502+0000] {processor.py:161} INFO - Started process (PID=5084) to work on /home/airflow/.local/lib/python3.12/site-packages/airflow/example_dags/tutorial_taskflow_api_virtualenv.py
[2025-05-01T12:14:56.505+0000] {processor.py:830} INFO - Processing file /home/airflow/.local/lib/python3.12/site-packages/airflow/example_dags/tutorial_taskflow_api_virtualenv.py for tasks to queue
[2025-05-01T12:14:56.510+0000] {logging_mixin.py:188} INFO - [2025-05-01T12:14:56.509+0000] {dagbag.py:545} INFO - Filling up the DagBag from /home/airflow/.local/lib/python3.12/site-packages/airflow/example_dags/tutorial_taskflow_api_virtualenv.py
[2025-05-01T12:14:56.541+0000] {processor.py:840} INFO - DAG(s) 'tutorial_taskflow_api_virtualenv' retrieved from /home/airflow/.local/lib/python3.12/site-packages/airflow/example_dags/tutorial_taskflow_api_virtualenv.py
[2025-05-01T12:14:56.595+0000] {logging_mixin.py:188} INFO - [2025-05-01T12:14:56.595+0000] {dag.py:3096} INFO - Sync 1 DAGs
[2025-05-01T12:14:56.626+0000] {logging_mixin.py:188} INFO - [2025-05-01T12:14:56.626+0000] {dag.py:3954} INFO - Setting next_dagrun for tutorial_taskflow_api_virtualenv to None, run_after=None
[2025-05-01T12:14:56.719+0000] {processor.py:183} INFO - Processing /home/airflow/.local/lib/python3.12/site-packages/airflow/example_dags/tutorial_taskflow_api_virtualenv.py took 0.232 seconds
[2025-05-01T12:15:27.384+0000] {processor.py:161} INFO - Started process (PID=5144) to work on /home/airflow/.local/lib/python3.12/site-packages/airflow/example_dags/tutorial_taskflow_api_virtualenv.py
[2025-05-01T12:15:27.387+0000] {processor.py:830} INFO - Processing file /home/airflow/.local/lib/python3.12/site-packages/airflow/example_dags/tutorial_taskflow_api_virtualenv.py for tasks to queue
[2025-05-01T12:15:27.392+0000] {logging_mixin.py:188} INFO - [2025-05-01T12:15:27.391+0000] {dagbag.py:545} INFO - Filling up the DagBag from /home/airflow/.local/lib/python3.12/site-packages/airflow/example_dags/tutorial_taskflow_api_virtualenv.py
[2025-05-01T12:15:27.413+0000] {processor.py:840} INFO - DAG(s) 'tutorial_taskflow_api_virtualenv' retrieved from /home/airflow/.local/lib/python3.12/site-packages/airflow/example_dags/tutorial_taskflow_api_virtualenv.py
[2025-05-01T12:15:27.468+0000] {logging_mixin.py:188} INFO - [2025-05-01T12:15:27.467+0000] {dag.py:3096} INFO - Sync 1 DAGs
[2025-05-01T12:15:27.499+0000] {logging_mixin.py:188} INFO - [2025-05-01T12:15:27.499+0000] {dag.py:3954} INFO - Setting next_dagrun for tutorial_taskflow_api_virtualenv to None, run_after=None
[2025-05-01T12:15:27.590+0000] {processor.py:183} INFO - Processing /home/airflow/.local/lib/python3.12/site-packages/airflow/example_dags/tutorial_taskflow_api_virtualenv.py took 0.219 seconds
[2025-05-01T12:15:57.805+0000] {processor.py:161} INFO - Started process (PID=5203) to work on /home/airflow/.local/lib/python3.12/site-packages/airflow/example_dags/tutorial_taskflow_api_virtualenv.py
[2025-05-01T12:15:57.808+0000] {processor.py:830} INFO - Processing file /home/airflow/.local/lib/python3.12/site-packages/airflow/example_dags/tutorial_taskflow_api_virtualenv.py for tasks to queue
[2025-05-01T12:15:57.812+0000] {logging_mixin.py:188} INFO - [2025-05-01T12:15:57.812+0000] {dagbag.py:545} INFO - Filling up the DagBag from /home/airflow/.local/lib/python3.12/site-packages/airflow/example_dags/tutorial_taskflow_api_virtualenv.py
[2025-05-01T12:15:57.845+0000] {processor.py:840} INFO - DAG(s) 'tutorial_taskflow_api_virtualenv' retrieved from /home/airflow/.local/lib/python3.12/site-packages/airflow/example_dags/tutorial_taskflow_api_virtualenv.py
[2025-05-01T12:15:57.908+0000] {logging_mixin.py:188} INFO - [2025-05-01T12:15:57.907+0000] {dag.py:3096} INFO - Sync 1 DAGs
[2025-05-01T12:15:57.957+0000] {logging_mixin.py:188} INFO - [2025-05-01T12:15:57.956+0000] {dag.py:3954} INFO - Setting next_dagrun for tutorial_taskflow_api_virtualenv to None, run_after=None
[2025-05-01T12:15:58.037+0000] {processor.py:183} INFO - Processing /home/airflow/.local/lib/python3.12/site-packages/airflow/example_dags/tutorial_taskflow_api_virtualenv.py took 0.248 seconds
[2025-05-01T12:16:28.961+0000] {processor.py:161} INFO - Started process (PID=5262) to work on /home/airflow/.local/lib/python3.12/site-packages/airflow/example_dags/tutorial_taskflow_api_virtualenv.py
[2025-05-01T12:16:28.964+0000] {processor.py:830} INFO - Processing file /home/airflow/.local/lib/python3.12/site-packages/airflow/example_dags/tutorial_taskflow_api_virtualenv.py for tasks to queue
[2025-05-01T12:16:28.968+0000] {logging_mixin.py:188} INFO - [2025-05-01T12:16:28.968+0000] {dagbag.py:545} INFO - Filling up the DagBag from /home/airflow/.local/lib/python3.12/site-packages/airflow/example_dags/tutorial_taskflow_api_virtualenv.py
[2025-05-01T12:16:28.988+0000] {processor.py:840} INFO - DAG(s) 'tutorial_taskflow_api_virtualenv' retrieved from /home/airflow/.local/lib/python3.12/site-packages/airflow/example_dags/tutorial_taskflow_api_virtualenv.py
[2025-05-01T12:16:29.030+0000] {logging_mixin.py:188} INFO - [2025-05-01T12:16:29.030+0000] {dag.py:3096} INFO - Sync 1 DAGs
[2025-05-01T12:16:29.061+0000] {logging_mixin.py:188} INFO - [2025-05-01T12:16:29.060+0000] {dag.py:3954} INFO - Setting next_dagrun for tutorial_taskflow_api_virtualenv to None, run_after=None
[2025-05-01T12:16:29.109+0000] {processor.py:183} INFO - Processing /home/airflow/.local/lib/python3.12/site-packages/airflow/example_dags/tutorial_taskflow_api_virtualenv.py took 0.165 seconds
[2025-05-01T12:16:59.570+0000] {processor.py:161} INFO - Started process (PID=5322) to work on /home/airflow/.local/lib/python3.12/site-packages/airflow/example_dags/tutorial_taskflow_api_virtualenv.py
[2025-05-01T12:16:59.572+0000] {processor.py:830} INFO - Processing file /home/airflow/.local/lib/python3.12/site-packages/airflow/example_dags/tutorial_taskflow_api_virtualenv.py for tasks to queue
[2025-05-01T12:16:59.577+0000] {logging_mixin.py:188} INFO - [2025-05-01T12:16:59.576+0000] {dagbag.py:545} INFO - Filling up the DagBag from /home/airflow/.local/lib/python3.12/site-packages/airflow/example_dags/tutorial_taskflow_api_virtualenv.py
[2025-05-01T12:16:59.604+0000] {processor.py:840} INFO - DAG(s) 'tutorial_taskflow_api_virtualenv' retrieved from /home/airflow/.local/lib/python3.12/site-packages/airflow/example_dags/tutorial_taskflow_api_virtualenv.py
[2025-05-01T12:16:59.662+0000] {logging_mixin.py:188} INFO - [2025-05-01T12:16:59.661+0000] {dag.py:3096} INFO - Sync 1 DAGs
[2025-05-01T12:16:59.699+0000] {logging_mixin.py:188} INFO - [2025-05-01T12:16:59.699+0000] {dag.py:3954} INFO - Setting next_dagrun for tutorial_taskflow_api_virtualenv to None, run_after=None
[2025-05-01T12:16:59.757+0000] {processor.py:183} INFO - Processing /home/airflow/.local/lib/python3.12/site-packages/airflow/example_dags/tutorial_taskflow_api_virtualenv.py took 0.201 seconds
[2025-05-01T12:17:30.389+0000] {processor.py:161} INFO - Started process (PID=5381) to work on /home/airflow/.local/lib/python3.12/site-packages/airflow/example_dags/tutorial_taskflow_api_virtualenv.py
[2025-05-01T12:17:30.392+0000] {processor.py:830} INFO - Processing file /home/airflow/.local/lib/python3.12/site-packages/airflow/example_dags/tutorial_taskflow_api_virtualenv.py for tasks to queue
[2025-05-01T12:17:30.397+0000] {logging_mixin.py:188} INFO - [2025-05-01T12:17:30.396+0000] {dagbag.py:545} INFO - Filling up the DagBag from /home/airflow/.local/lib/python3.12/site-packages/airflow/example_dags/tutorial_taskflow_api_virtualenv.py
[2025-05-01T12:17:30.423+0000] {processor.py:840} INFO - DAG(s) 'tutorial_taskflow_api_virtualenv' retrieved from /home/airflow/.local/lib/python3.12/site-packages/airflow/example_dags/tutorial_taskflow_api_virtualenv.py
[2025-05-01T12:17:30.475+0000] {logging_mixin.py:188} INFO - [2025-05-01T12:17:30.474+0000] {dag.py:3096} INFO - Sync 1 DAGs
[2025-05-01T12:17:30.504+0000] {logging_mixin.py:188} INFO - [2025-05-01T12:17:30.503+0000] {dag.py:3954} INFO - Setting next_dagrun for tutorial_taskflow_api_virtualenv to None, run_after=None
[2025-05-01T12:17:30.589+0000] {processor.py:183} INFO - Processing /home/airflow/.local/lib/python3.12/site-packages/airflow/example_dags/tutorial_taskflow_api_virtualenv.py took 0.220 seconds
[2025-05-01T12:18:01.461+0000] {processor.py:161} INFO - Started process (PID=5440) to work on /home/airflow/.local/lib/python3.12/site-packages/airflow/example_dags/tutorial_taskflow_api_virtualenv.py
[2025-05-01T12:18:01.463+0000] {processor.py:830} INFO - Processing file /home/airflow/.local/lib/python3.12/site-packages/airflow/example_dags/tutorial_taskflow_api_virtualenv.py for tasks to queue
[2025-05-01T12:18:01.467+0000] {logging_mixin.py:188} INFO - [2025-05-01T12:18:01.467+0000] {dagbag.py:545} INFO - Filling up the DagBag from /home/airflow/.local/lib/python3.12/site-packages/airflow/example_dags/tutorial_taskflow_api_virtualenv.py
[2025-05-01T12:18:01.492+0000] {processor.py:840} INFO - DAG(s) 'tutorial_taskflow_api_virtualenv' retrieved from /home/airflow/.local/lib/python3.12/site-packages/airflow/example_dags/tutorial_taskflow_api_virtualenv.py
[2025-05-01T12:18:01.535+0000] {logging_mixin.py:188} INFO - [2025-05-01T12:18:01.535+0000] {dag.py:3096} INFO - Sync 1 DAGs
[2025-05-01T12:18:01.564+0000] {logging_mixin.py:188} INFO - [2025-05-01T12:18:01.564+0000] {dag.py:3954} INFO - Setting next_dagrun for tutorial_taskflow_api_virtualenv to None, run_after=None
[2025-05-01T12:18:01.611+0000] {processor.py:183} INFO - Processing /home/airflow/.local/lib/python3.12/site-packages/airflow/example_dags/tutorial_taskflow_api_virtualenv.py took 0.161 seconds
[2025-05-01T12:18:33.057+0000] {processor.py:161} INFO - Started process (PID=5499) to work on /home/airflow/.local/lib/python3.12/site-packages/airflow/example_dags/tutorial_taskflow_api_virtualenv.py
[2025-05-01T12:18:33.059+0000] {processor.py:830} INFO - Processing file /home/airflow/.local/lib/python3.12/site-packages/airflow/example_dags/tutorial_taskflow_api_virtualenv.py for tasks to queue
[2025-05-01T12:18:33.063+0000] {logging_mixin.py:188} INFO - [2025-05-01T12:18:33.062+0000] {dagbag.py:545} INFO - Filling up the DagBag from /home/airflow/.local/lib/python3.12/site-packages/airflow/example_dags/tutorial_taskflow_api_virtualenv.py
[2025-05-01T12:18:33.085+0000] {processor.py:840} INFO - DAG(s) 'tutorial_taskflow_api_virtualenv' retrieved from /home/airflow/.local/lib/python3.12/site-packages/airflow/example_dags/tutorial_taskflow_api_virtualenv.py
[2025-05-01T12:18:33.131+0000] {logging_mixin.py:188} INFO - [2025-05-01T12:18:33.131+0000] {dag.py:3096} INFO - Sync 1 DAGs
[2025-05-01T12:18:33.164+0000] {logging_mixin.py:188} INFO - [2025-05-01T12:18:33.163+0000] {dag.py:3954} INFO - Setting next_dagrun for tutorial_taskflow_api_virtualenv to None, run_after=None
[2025-05-01T12:18:33.253+0000] {processor.py:183} INFO - Processing /home/airflow/.local/lib/python3.12/site-packages/airflow/example_dags/tutorial_taskflow_api_virtualenv.py took 0.209 seconds
[2025-05-01T12:19:04.448+0000] {processor.py:161} INFO - Started process (PID=5558) to work on /home/airflow/.local/lib/python3.12/site-packages/airflow/example_dags/tutorial_taskflow_api_virtualenv.py
[2025-05-01T12:19:04.451+0000] {processor.py:830} INFO - Processing file /home/airflow/.local/lib/python3.12/site-packages/airflow/example_dags/tutorial_taskflow_api_virtualenv.py for tasks to queue
[2025-05-01T12:19:04.455+0000] {logging_mixin.py:188} INFO - [2025-05-01T12:19:04.455+0000] {dagbag.py:545} INFO - Filling up the DagBag from /home/airflow/.local/lib/python3.12/site-packages/airflow/example_dags/tutorial_taskflow_api_virtualenv.py
[2025-05-01T12:19:04.480+0000] {processor.py:840} INFO - DAG(s) 'tutorial_taskflow_api_virtualenv' retrieved from /home/airflow/.local/lib/python3.12/site-packages/airflow/example_dags/tutorial_taskflow_api_virtualenv.py
[2025-05-01T12:19:04.537+0000] {logging_mixin.py:188} INFO - [2025-05-01T12:19:04.536+0000] {dag.py:3096} INFO - Sync 1 DAGs
[2025-05-01T12:19:04.572+0000] {logging_mixin.py:188} INFO - [2025-05-01T12:19:04.572+0000] {dag.py:3954} INFO - Setting next_dagrun for tutorial_taskflow_api_virtualenv to None, run_after=None
[2025-05-01T12:19:04.634+0000] {processor.py:183} INFO - Processing /home/airflow/.local/lib/python3.12/site-packages/airflow/example_dags/tutorial_taskflow_api_virtualenv.py took 0.199 seconds
[2025-05-01T12:19:34.866+0000] {processor.py:161} INFO - Started process (PID=5616) to work on /home/airflow/.local/lib/python3.12/site-packages/airflow/example_dags/tutorial_taskflow_api_virtualenv.py
[2025-05-01T12:19:34.868+0000] {processor.py:830} INFO - Processing file /home/airflow/.local/lib/python3.12/site-packages/airflow/example_dags/tutorial_taskflow_api_virtualenv.py for tasks to queue
[2025-05-01T12:19:34.874+0000] {logging_mixin.py:188} INFO - [2025-05-01T12:19:34.873+0000] {dagbag.py:545} INFO - Filling up the DagBag from /home/airflow/.local/lib/python3.12/site-packages/airflow/example_dags/tutorial_taskflow_api_virtualenv.py
[2025-05-01T12:19:34.897+0000] {processor.py:840} INFO - DAG(s) 'tutorial_taskflow_api_virtualenv' retrieved from /home/airflow/.local/lib/python3.12/site-packages/airflow/example_dags/tutorial_taskflow_api_virtualenv.py
[2025-05-01T12:19:34.946+0000] {logging_mixin.py:188} INFO - [2025-05-01T12:19:34.945+0000] {dag.py:3096} INFO - Sync 1 DAGs
[2025-05-01T12:19:34.981+0000] {logging_mixin.py:188} INFO - [2025-05-01T12:19:34.980+0000] {dag.py:3954} INFO - Setting next_dagrun for tutorial_taskflow_api_virtualenv to None, run_after=None
[2025-05-01T12:19:35.096+0000] {processor.py:183} INFO - Processing /home/airflow/.local/lib/python3.12/site-packages/airflow/example_dags/tutorial_taskflow_api_virtualenv.py took 0.246 seconds
[2025-05-01T12:20:05.680+0000] {processor.py:161} INFO - Started process (PID=5675) to work on /home/airflow/.local/lib/python3.12/site-packages/airflow/example_dags/tutorial_taskflow_api_virtualenv.py
[2025-05-01T12:20:05.682+0000] {processor.py:830} INFO - Processing file /home/airflow/.local/lib/python3.12/site-packages/airflow/example_dags/tutorial_taskflow_api_virtualenv.py for tasks to queue
[2025-05-01T12:20:05.687+0000] {logging_mixin.py:188} INFO - [2025-05-01T12:20:05.686+0000] {dagbag.py:545} INFO - Filling up the DagBag from /home/airflow/.local/lib/python3.12/site-packages/airflow/example_dags/tutorial_taskflow_api_virtualenv.py
[2025-05-01T12:20:05.707+0000] {processor.py:840} INFO - DAG(s) 'tutorial_taskflow_api_virtualenv' retrieved from /home/airflow/.local/lib/python3.12/site-packages/airflow/example_dags/tutorial_taskflow_api_virtualenv.py
[2025-05-01T12:20:05.750+0000] {logging_mixin.py:188} INFO - [2025-05-01T12:20:05.750+0000] {dag.py:3096} INFO - Sync 1 DAGs
[2025-05-01T12:20:05.795+0000] {logging_mixin.py:188} INFO - [2025-05-01T12:20:05.795+0000] {dag.py:3954} INFO - Setting next_dagrun for tutorial_taskflow_api_virtualenv to None, run_after=None
[2025-05-01T12:20:05.897+0000] {processor.py:183} INFO - Processing /home/airflow/.local/lib/python3.12/site-packages/airflow/example_dags/tutorial_taskflow_api_virtualenv.py took 0.229 seconds
[2025-05-01T12:20:37.200+0000] {processor.py:161} INFO - Started process (PID=5734) to work on /home/airflow/.local/lib/python3.12/site-packages/airflow/example_dags/tutorial_taskflow_api_virtualenv.py
[2025-05-01T12:20:37.203+0000] {processor.py:830} INFO - Processing file /home/airflow/.local/lib/python3.12/site-packages/airflow/example_dags/tutorial_taskflow_api_virtualenv.py for tasks to queue
[2025-05-01T12:20:37.208+0000] {logging_mixin.py:188} INFO - [2025-05-01T12:20:37.208+0000] {dagbag.py:545} INFO - Filling up the DagBag from /home/airflow/.local/lib/python3.12/site-packages/airflow/example_dags/tutorial_taskflow_api_virtualenv.py
[2025-05-01T12:20:37.233+0000] {processor.py:840} INFO - DAG(s) 'tutorial_taskflow_api_virtualenv' retrieved from /home/airflow/.local/lib/python3.12/site-packages/airflow/example_dags/tutorial_taskflow_api_virtualenv.py
[2025-05-01T12:20:37.287+0000] {logging_mixin.py:188} INFO - [2025-05-01T12:20:37.285+0000] {dag.py:3096} INFO - Sync 1 DAGs
[2025-05-01T12:20:37.321+0000] {logging_mixin.py:188} INFO - [2025-05-01T12:20:37.320+0000] {dag.py:3954} INFO - Setting next_dagrun for tutorial_taskflow_api_virtualenv to None, run_after=None
[2025-05-01T12:20:37.416+0000] {processor.py:183} INFO - Processing /home/airflow/.local/lib/python3.12/site-packages/airflow/example_dags/tutorial_taskflow_api_virtualenv.py took 0.234 seconds
[2025-05-01T12:21:07.765+0000] {processor.py:161} INFO - Started process (PID=5793) to work on /home/airflow/.local/lib/python3.12/site-packages/airflow/example_dags/tutorial_taskflow_api_virtualenv.py
[2025-05-01T12:21:07.767+0000] {processor.py:830} INFO - Processing file /home/airflow/.local/lib/python3.12/site-packages/airflow/example_dags/tutorial_taskflow_api_virtualenv.py for tasks to queue
[2025-05-01T12:21:07.771+0000] {logging_mixin.py:188} INFO - [2025-05-01T12:21:07.771+0000] {dagbag.py:545} INFO - Filling up the DagBag from /home/airflow/.local/lib/python3.12/site-packages/airflow/example_dags/tutorial_taskflow_api_virtualenv.py
[2025-05-01T12:21:07.791+0000] {processor.py:840} INFO - DAG(s) 'tutorial_taskflow_api_virtualenv' retrieved from /home/airflow/.local/lib/python3.12/site-packages/airflow/example_dags/tutorial_taskflow_api_virtualenv.py
[2025-05-01T12:21:07.837+0000] {logging_mixin.py:188} INFO - [2025-05-01T12:21:07.837+0000] {dag.py:3096} INFO - Sync 1 DAGs
[2025-05-01T12:21:07.865+0000] {logging_mixin.py:188} INFO - [2025-05-01T12:21:07.865+0000] {dag.py:3954} INFO - Setting next_dagrun for tutorial_taskflow_api_virtualenv to None, run_after=None
[2025-05-01T12:21:07.920+0000] {processor.py:183} INFO - Processing /home/airflow/.local/lib/python3.12/site-packages/airflow/example_dags/tutorial_taskflow_api_virtualenv.py took 0.168 seconds
[2025-05-01T12:21:38.971+0000] {processor.py:161} INFO - Started process (PID=5858) to work on /home/airflow/.local/lib/python3.12/site-packages/airflow/example_dags/tutorial_taskflow_api_virtualenv.py
[2025-05-01T12:21:38.973+0000] {processor.py:830} INFO - Processing file /home/airflow/.local/lib/python3.12/site-packages/airflow/example_dags/tutorial_taskflow_api_virtualenv.py for tasks to queue
[2025-05-01T12:21:38.977+0000] {logging_mixin.py:188} INFO - [2025-05-01T12:21:38.976+0000] {dagbag.py:545} INFO - Filling up the DagBag from /home/airflow/.local/lib/python3.12/site-packages/airflow/example_dags/tutorial_taskflow_api_virtualenv.py
[2025-05-01T12:21:38.996+0000] {processor.py:840} INFO - DAG(s) 'tutorial_taskflow_api_virtualenv' retrieved from /home/airflow/.local/lib/python3.12/site-packages/airflow/example_dags/tutorial_taskflow_api_virtualenv.py
[2025-05-01T12:21:39.038+0000] {logging_mixin.py:188} INFO - [2025-05-01T12:21:39.037+0000] {dag.py:3096} INFO - Sync 1 DAGs
[2025-05-01T12:21:39.064+0000] {logging_mixin.py:188} INFO - [2025-05-01T12:21:39.064+0000] {dag.py:3954} INFO - Setting next_dagrun for tutorial_taskflow_api_virtualenv to None, run_after=None
[2025-05-01T12:21:39.145+0000] {processor.py:183} INFO - Processing /home/airflow/.local/lib/python3.12/site-packages/airflow/example_dags/tutorial_taskflow_api_virtualenv.py took 0.185 seconds
[2025-05-01T12:22:09.783+0000] {processor.py:161} INFO - Started process (PID=5917) to work on /home/airflow/.local/lib/python3.12/site-packages/airflow/example_dags/tutorial_taskflow_api_virtualenv.py
[2025-05-01T12:22:09.785+0000] {processor.py:830} INFO - Processing file /home/airflow/.local/lib/python3.12/site-packages/airflow/example_dags/tutorial_taskflow_api_virtualenv.py for tasks to queue
[2025-05-01T12:22:09.790+0000] {logging_mixin.py:188} INFO - [2025-05-01T12:22:09.789+0000] {dagbag.py:545} INFO - Filling up the DagBag from /home/airflow/.local/lib/python3.12/site-packages/airflow/example_dags/tutorial_taskflow_api_virtualenv.py
[2025-05-01T12:22:09.817+0000] {processor.py:840} INFO - DAG(s) 'tutorial_taskflow_api_virtualenv' retrieved from /home/airflow/.local/lib/python3.12/site-packages/airflow/example_dags/tutorial_taskflow_api_virtualenv.py
[2025-05-01T12:22:09.875+0000] {logging_mixin.py:188} INFO - [2025-05-01T12:22:09.875+0000] {dag.py:3096} INFO - Sync 1 DAGs
[2025-05-01T12:22:09.912+0000] {logging_mixin.py:188} INFO - [2025-05-01T12:22:09.912+0000] {dag.py:3954} INFO - Setting next_dagrun for tutorial_taskflow_api_virtualenv to None, run_after=None
[2025-05-01T12:22:10.002+0000] {processor.py:183} INFO - Processing /home/airflow/.local/lib/python3.12/site-packages/airflow/example_dags/tutorial_taskflow_api_virtualenv.py took 0.233 seconds
[2025-05-01T12:22:40.861+0000] {processor.py:161} INFO - Started process (PID=5976) to work on /home/airflow/.local/lib/python3.12/site-packages/airflow/example_dags/tutorial_taskflow_api_virtualenv.py
[2025-05-01T12:22:40.863+0000] {processor.py:830} INFO - Processing file /home/airflow/.local/lib/python3.12/site-packages/airflow/example_dags/tutorial_taskflow_api_virtualenv.py for tasks to queue
[2025-05-01T12:22:40.868+0000] {logging_mixin.py:188} INFO - [2025-05-01T12:22:40.867+0000] {dagbag.py:545} INFO - Filling up the DagBag from /home/airflow/.local/lib/python3.12/site-packages/airflow/example_dags/tutorial_taskflow_api_virtualenv.py
[2025-05-01T12:22:40.894+0000] {processor.py:840} INFO - DAG(s) 'tutorial_taskflow_api_virtualenv' retrieved from /home/airflow/.local/lib/python3.12/site-packages/airflow/example_dags/tutorial_taskflow_api_virtualenv.py
[2025-05-01T12:22:40.939+0000] {logging_mixin.py:188} INFO - [2025-05-01T12:22:40.939+0000] {dag.py:3096} INFO - Sync 1 DAGs
[2025-05-01T12:22:40.967+0000] {logging_mixin.py:188} INFO - [2025-05-01T12:22:40.967+0000] {dag.py:3954} INFO - Setting next_dagrun for tutorial_taskflow_api_virtualenv to None, run_after=None
[2025-05-01T12:22:41.015+0000] {processor.py:183} INFO - Processing /home/airflow/.local/lib/python3.12/site-packages/airflow/example_dags/tutorial_taskflow_api_virtualenv.py took 0.168 seconds
[2025-05-01T12:23:11.309+0000] {processor.py:161} INFO - Started process (PID=6035) to work on /home/airflow/.local/lib/python3.12/site-packages/airflow/example_dags/tutorial_taskflow_api_virtualenv.py
[2025-05-01T12:23:11.311+0000] {processor.py:830} INFO - Processing file /home/airflow/.local/lib/python3.12/site-packages/airflow/example_dags/tutorial_taskflow_api_virtualenv.py for tasks to queue
[2025-05-01T12:23:11.315+0000] {logging_mixin.py:188} INFO - [2025-05-01T12:23:11.314+0000] {dagbag.py:545} INFO - Filling up the DagBag from /home/airflow/.local/lib/python3.12/site-packages/airflow/example_dags/tutorial_taskflow_api_virtualenv.py
[2025-05-01T12:23:11.406+0000] {processor.py:840} INFO - DAG(s) 'tutorial_taskflow_api_virtualenv' retrieved from /home/airflow/.local/lib/python3.12/site-packages/airflow/example_dags/tutorial_taskflow_api_virtualenv.py
[2025-05-01T12:23:11.487+0000] {logging_mixin.py:188} INFO - [2025-05-01T12:23:11.486+0000] {dag.py:3096} INFO - Sync 1 DAGs
[2025-05-01T12:23:11.538+0000] {logging_mixin.py:188} INFO - [2025-05-01T12:23:11.537+0000] {dag.py:3954} INFO - Setting next_dagrun for tutorial_taskflow_api_virtualenv to None, run_after=None
[2025-05-01T12:23:11.608+0000] {processor.py:183} INFO - Processing /home/airflow/.local/lib/python3.12/site-packages/airflow/example_dags/tutorial_taskflow_api_virtualenv.py took 0.313 seconds
[2025-05-01T12:23:41.753+0000] {processor.py:161} INFO - Started process (PID=6093) to work on /home/airflow/.local/lib/python3.12/site-packages/airflow/example_dags/tutorial_taskflow_api_virtualenv.py
[2025-05-01T12:23:41.755+0000] {processor.py:830} INFO - Processing file /home/airflow/.local/lib/python3.12/site-packages/airflow/example_dags/tutorial_taskflow_api_virtualenv.py for tasks to queue
[2025-05-01T12:23:41.760+0000] {logging_mixin.py:188} INFO - [2025-05-01T12:23:41.759+0000] {dagbag.py:545} INFO - Filling up the DagBag from /home/airflow/.local/lib/python3.12/site-packages/airflow/example_dags/tutorial_taskflow_api_virtualenv.py
[2025-05-01T12:23:41.779+0000] {processor.py:840} INFO - DAG(s) 'tutorial_taskflow_api_virtualenv' retrieved from /home/airflow/.local/lib/python3.12/site-packages/airflow/example_dags/tutorial_taskflow_api_virtualenv.py
[2025-05-01T12:23:41.824+0000] {logging_mixin.py:188} INFO - [2025-05-01T12:23:41.824+0000] {dag.py:3096} INFO - Sync 1 DAGs
[2025-05-01T12:23:41.851+0000] {logging_mixin.py:188} INFO - [2025-05-01T12:23:41.850+0000] {dag.py:3954} INFO - Setting next_dagrun for tutorial_taskflow_api_virtualenv to None, run_after=None
[2025-05-01T12:23:41.910+0000] {processor.py:183} INFO - Processing /home/airflow/.local/lib/python3.12/site-packages/airflow/example_dags/tutorial_taskflow_api_virtualenv.py took 0.168 seconds
[2025-05-01T12:24:12.964+0000] {processor.py:161} INFO - Started process (PID=6153) to work on /home/airflow/.local/lib/python3.12/site-packages/airflow/example_dags/tutorial_taskflow_api_virtualenv.py
[2025-05-01T12:24:12.967+0000] {processor.py:830} INFO - Processing file /home/airflow/.local/lib/python3.12/site-packages/airflow/example_dags/tutorial_taskflow_api_virtualenv.py for tasks to queue
[2025-05-01T12:24:12.971+0000] {logging_mixin.py:188} INFO - [2025-05-01T12:24:12.970+0000] {dagbag.py:545} INFO - Filling up the DagBag from /home/airflow/.local/lib/python3.12/site-packages/airflow/example_dags/tutorial_taskflow_api_virtualenv.py
[2025-05-01T12:24:12.992+0000] {processor.py:840} INFO - DAG(s) 'tutorial_taskflow_api_virtualenv' retrieved from /home/airflow/.local/lib/python3.12/site-packages/airflow/example_dags/tutorial_taskflow_api_virtualenv.py
[2025-05-01T12:24:13.033+0000] {logging_mixin.py:188} INFO - [2025-05-01T12:24:13.033+0000] {dag.py:3096} INFO - Sync 1 DAGs
[2025-05-01T12:24:13.062+0000] {logging_mixin.py:188} INFO - [2025-05-01T12:24:13.061+0000] {dag.py:3954} INFO - Setting next_dagrun for tutorial_taskflow_api_virtualenv to None, run_after=None
[2025-05-01T12:24:13.146+0000] {processor.py:183} INFO - Processing /home/airflow/.local/lib/python3.12/site-packages/airflow/example_dags/tutorial_taskflow_api_virtualenv.py took 0.194 seconds
[2025-05-01T12:24:43.811+0000] {processor.py:161} INFO - Started process (PID=6212) to work on /home/airflow/.local/lib/python3.12/site-packages/airflow/example_dags/tutorial_taskflow_api_virtualenv.py
[2025-05-01T12:24:43.813+0000] {processor.py:830} INFO - Processing file /home/airflow/.local/lib/python3.12/site-packages/airflow/example_dags/tutorial_taskflow_api_virtualenv.py for tasks to queue
[2025-05-01T12:24:43.817+0000] {logging_mixin.py:188} INFO - [2025-05-01T12:24:43.816+0000] {dagbag.py:545} INFO - Filling up the DagBag from /home/airflow/.local/lib/python3.12/site-packages/airflow/example_dags/tutorial_taskflow_api_virtualenv.py
[2025-05-01T12:24:43.837+0000] {processor.py:840} INFO - DAG(s) 'tutorial_taskflow_api_virtualenv' retrieved from /home/airflow/.local/lib/python3.12/site-packages/airflow/example_dags/tutorial_taskflow_api_virtualenv.py
[2025-05-01T12:24:43.879+0000] {logging_mixin.py:188} INFO - [2025-05-01T12:24:43.879+0000] {dag.py:3096} INFO - Sync 1 DAGs
[2025-05-01T12:24:43.914+0000] {logging_mixin.py:188} INFO - [2025-05-01T12:24:43.913+0000] {dag.py:3954} INFO - Setting next_dagrun for tutorial_taskflow_api_virtualenv to None, run_after=None
[2025-05-01T12:24:43.968+0000] {processor.py:183} INFO - Processing /home/airflow/.local/lib/python3.12/site-packages/airflow/example_dags/tutorial_taskflow_api_virtualenv.py took 0.168 seconds
