[2025-05-01T10:49:54.976+0000] {processor.py:161} INFO - Started process (PID=104) to work on /home/airflow/.local/lib/python3.12/site-packages/airflow/example_dags/tutorial_dag.py
[2025-05-01T10:49:54.977+0000] {processor.py:830} INFO - Processing file /home/airflow/.local/lib/python3.12/site-packages/airflow/example_dags/tutorial_dag.py for tasks to queue
[2025-05-01T10:49:54.981+0000] {logging_mixin.py:188} INFO - [2025-05-01T10:49:54.980+0000] {dagbag.py:545} INFO - Filling up the DagBag from /home/airflow/.local/lib/python3.12/site-packages/airflow/example_dags/tutorial_dag.py
[2025-05-01T10:49:54.990+0000] {processor.py:840} INFO - DAG(s) 'tutorial_dag' retrieved from /home/airflow/.local/lib/python3.12/site-packages/airflow/example_dags/tutorial_dag.py
[2025-05-01T10:49:55.162+0000] {logging_mixin.py:188} INFO - [2025-05-01T10:49:55.161+0000] {dag.py:3096} INFO - Sync 1 DAGs
[2025-05-01T10:49:55.174+0000] {logging_mixin.py:188} INFO - [2025-05-01T10:49:55.173+0000] {dag.py:3954} INFO - Setting next_dagrun for tutorial_dag to None, run_after=None
[2025-05-01T10:49:55.205+0000] {processor.py:183} INFO - Processing /home/airflow/.local/lib/python3.12/site-packages/airflow/example_dags/tutorial_dag.py took 0.237 seconds
[2025-05-01T10:50:25.768+0000] {processor.py:161} INFO - Started process (PID=162) to work on /home/airflow/.local/lib/python3.12/site-packages/airflow/example_dags/tutorial_dag.py
[2025-05-01T10:50:25.769+0000] {processor.py:830} INFO - Processing file /home/airflow/.local/lib/python3.12/site-packages/airflow/example_dags/tutorial_dag.py for tasks to queue
[2025-05-01T10:50:25.772+0000] {logging_mixin.py:188} INFO - [2025-05-01T10:50:25.771+0000] {dagbag.py:545} INFO - Filling up the DagBag from /home/airflow/.local/lib/python3.12/site-packages/airflow/example_dags/tutorial_dag.py
[2025-05-01T10:50:25.777+0000] {processor.py:840} INFO - DAG(s) 'tutorial_dag' retrieved from /home/airflow/.local/lib/python3.12/site-packages/airflow/example_dags/tutorial_dag.py
[2025-05-01T10:50:25.801+0000] {logging_mixin.py:188} INFO - [2025-05-01T10:50:25.800+0000] {dag.py:3096} INFO - Sync 1 DAGs
[2025-05-01T10:50:25.816+0000] {logging_mixin.py:188} INFO - [2025-05-01T10:50:25.816+0000] {dag.py:3954} INFO - Setting next_dagrun for tutorial_dag to None, run_after=None
[2025-05-01T10:50:25.842+0000] {processor.py:183} INFO - Processing /home/airflow/.local/lib/python3.12/site-packages/airflow/example_dags/tutorial_dag.py took 0.080 seconds
[2025-05-01T10:51:54.326+0000] {processor.py:161} INFO - Started process (PID=110) to work on /home/airflow/.local/lib/python3.12/site-packages/airflow/example_dags/tutorial_dag.py
[2025-05-01T10:51:54.327+0000] {processor.py:830} INFO - Processing file /home/airflow/.local/lib/python3.12/site-packages/airflow/example_dags/tutorial_dag.py for tasks to queue
[2025-05-01T10:51:54.330+0000] {logging_mixin.py:188} INFO - [2025-05-01T10:51:54.330+0000] {dagbag.py:545} INFO - Filling up the DagBag from /home/airflow/.local/lib/python3.12/site-packages/airflow/example_dags/tutorial_dag.py
[2025-05-01T10:51:54.336+0000] {processor.py:840} INFO - DAG(s) 'tutorial_dag' retrieved from /home/airflow/.local/lib/python3.12/site-packages/airflow/example_dags/tutorial_dag.py
[2025-05-01T10:51:54.463+0000] {logging_mixin.py:188} INFO - [2025-05-01T10:51:54.463+0000] {dag.py:3096} INFO - Sync 1 DAGs
[2025-05-01T10:51:54.476+0000] {logging_mixin.py:188} INFO - [2025-05-01T10:51:54.476+0000] {dag.py:3954} INFO - Setting next_dagrun for tutorial_dag to None, run_after=None
[2025-05-01T10:51:54.502+0000] {processor.py:183} INFO - Processing /home/airflow/.local/lib/python3.12/site-packages/airflow/example_dags/tutorial_dag.py took 0.183 seconds
[2025-05-01T10:52:24.712+0000] {processor.py:161} INFO - Started process (PID=168) to work on /home/airflow/.local/lib/python3.12/site-packages/airflow/example_dags/tutorial_dag.py
[2025-05-01T10:52:24.713+0000] {processor.py:830} INFO - Processing file /home/airflow/.local/lib/python3.12/site-packages/airflow/example_dags/tutorial_dag.py for tasks to queue
[2025-05-01T10:52:24.717+0000] {logging_mixin.py:188} INFO - [2025-05-01T10:52:24.716+0000] {dagbag.py:545} INFO - Filling up the DagBag from /home/airflow/.local/lib/python3.12/site-packages/airflow/example_dags/tutorial_dag.py
[2025-05-01T10:52:24.725+0000] {processor.py:840} INFO - DAG(s) 'tutorial_dag' retrieved from /home/airflow/.local/lib/python3.12/site-packages/airflow/example_dags/tutorial_dag.py
[2025-05-01T10:52:24.754+0000] {logging_mixin.py:188} INFO - [2025-05-01T10:52:24.753+0000] {dag.py:3096} INFO - Sync 1 DAGs
[2025-05-01T10:52:24.769+0000] {logging_mixin.py:188} INFO - [2025-05-01T10:52:24.769+0000] {dag.py:3954} INFO - Setting next_dagrun for tutorial_dag to None, run_after=None
[2025-05-01T10:52:24.798+0000] {processor.py:183} INFO - Processing /home/airflow/.local/lib/python3.12/site-packages/airflow/example_dags/tutorial_dag.py took 0.092 seconds
[2025-05-01T10:52:55.758+0000] {processor.py:161} INFO - Started process (PID=226) to work on /home/airflow/.local/lib/python3.12/site-packages/airflow/example_dags/tutorial_dag.py
[2025-05-01T10:52:55.760+0000] {processor.py:830} INFO - Processing file /home/airflow/.local/lib/python3.12/site-packages/airflow/example_dags/tutorial_dag.py for tasks to queue
[2025-05-01T10:52:55.763+0000] {logging_mixin.py:188} INFO - [2025-05-01T10:52:55.763+0000] {dagbag.py:545} INFO - Filling up the DagBag from /home/airflow/.local/lib/python3.12/site-packages/airflow/example_dags/tutorial_dag.py
[2025-05-01T10:52:55.769+0000] {processor.py:840} INFO - DAG(s) 'tutorial_dag' retrieved from /home/airflow/.local/lib/python3.12/site-packages/airflow/example_dags/tutorial_dag.py
[2025-05-01T10:52:55.797+0000] {logging_mixin.py:188} INFO - [2025-05-01T10:52:55.796+0000] {dag.py:3096} INFO - Sync 1 DAGs
[2025-05-01T10:52:55.812+0000] {logging_mixin.py:188} INFO - [2025-05-01T10:52:55.812+0000] {dag.py:3954} INFO - Setting next_dagrun for tutorial_dag to None, run_after=None
[2025-05-01T10:52:55.840+0000] {processor.py:183} INFO - Processing /home/airflow/.local/lib/python3.12/site-packages/airflow/example_dags/tutorial_dag.py took 0.088 seconds
[2025-05-01T10:53:27.081+0000] {processor.py:161} INFO - Started process (PID=284) to work on /home/airflow/.local/lib/python3.12/site-packages/airflow/example_dags/tutorial_dag.py
[2025-05-01T10:53:27.082+0000] {processor.py:830} INFO - Processing file /home/airflow/.local/lib/python3.12/site-packages/airflow/example_dags/tutorial_dag.py for tasks to queue
[2025-05-01T10:53:27.086+0000] {logging_mixin.py:188} INFO - [2025-05-01T10:53:27.085+0000] {dagbag.py:545} INFO - Filling up the DagBag from /home/airflow/.local/lib/python3.12/site-packages/airflow/example_dags/tutorial_dag.py
[2025-05-01T10:53:27.093+0000] {processor.py:840} INFO - DAG(s) 'tutorial_dag' retrieved from /home/airflow/.local/lib/python3.12/site-packages/airflow/example_dags/tutorial_dag.py
[2025-05-01T10:53:27.125+0000] {logging_mixin.py:188} INFO - [2025-05-01T10:53:27.125+0000] {dag.py:3096} INFO - Sync 1 DAGs
[2025-05-01T10:53:27.147+0000] {logging_mixin.py:188} INFO - [2025-05-01T10:53:27.146+0000] {dag.py:3954} INFO - Setting next_dagrun for tutorial_dag to None, run_after=None
[2025-05-01T10:53:27.173+0000] {processor.py:183} INFO - Processing /home/airflow/.local/lib/python3.12/site-packages/airflow/example_dags/tutorial_dag.py took 0.100 seconds
[2025-05-01T10:53:57.276+0000] {processor.py:161} INFO - Started process (PID=342) to work on /home/airflow/.local/lib/python3.12/site-packages/airflow/example_dags/tutorial_dag.py
[2025-05-01T10:53:57.278+0000] {processor.py:830} INFO - Processing file /home/airflow/.local/lib/python3.12/site-packages/airflow/example_dags/tutorial_dag.py for tasks to queue
[2025-05-01T10:53:57.280+0000] {logging_mixin.py:188} INFO - [2025-05-01T10:53:57.280+0000] {dagbag.py:545} INFO - Filling up the DagBag from /home/airflow/.local/lib/python3.12/site-packages/airflow/example_dags/tutorial_dag.py
[2025-05-01T10:53:57.286+0000] {processor.py:840} INFO - DAG(s) 'tutorial_dag' retrieved from /home/airflow/.local/lib/python3.12/site-packages/airflow/example_dags/tutorial_dag.py
[2025-05-01T10:53:57.314+0000] {logging_mixin.py:188} INFO - [2025-05-01T10:53:57.313+0000] {dag.py:3096} INFO - Sync 1 DAGs
[2025-05-01T10:53:57.331+0000] {logging_mixin.py:188} INFO - [2025-05-01T10:53:57.330+0000] {dag.py:3954} INFO - Setting next_dagrun for tutorial_dag to None, run_after=None
[2025-05-01T10:53:57.360+0000] {processor.py:183} INFO - Processing /home/airflow/.local/lib/python3.12/site-packages/airflow/example_dags/tutorial_dag.py took 0.090 seconds
[2025-05-01T10:54:27.660+0000] {processor.py:161} INFO - Started process (PID=400) to work on /home/airflow/.local/lib/python3.12/site-packages/airflow/example_dags/tutorial_dag.py
[2025-05-01T10:54:27.661+0000] {processor.py:830} INFO - Processing file /home/airflow/.local/lib/python3.12/site-packages/airflow/example_dags/tutorial_dag.py for tasks to queue
[2025-05-01T10:54:27.664+0000] {logging_mixin.py:188} INFO - [2025-05-01T10:54:27.664+0000] {dagbag.py:545} INFO - Filling up the DagBag from /home/airflow/.local/lib/python3.12/site-packages/airflow/example_dags/tutorial_dag.py
[2025-05-01T10:54:27.670+0000] {processor.py:840} INFO - DAG(s) 'tutorial_dag' retrieved from /home/airflow/.local/lib/python3.12/site-packages/airflow/example_dags/tutorial_dag.py
[2025-05-01T10:54:27.696+0000] {logging_mixin.py:188} INFO - [2025-05-01T10:54:27.695+0000] {dag.py:3096} INFO - Sync 1 DAGs
[2025-05-01T10:54:27.710+0000] {logging_mixin.py:188} INFO - [2025-05-01T10:54:27.710+0000] {dag.py:3954} INFO - Setting next_dagrun for tutorial_dag to None, run_after=None
[2025-05-01T10:54:27.735+0000] {processor.py:183} INFO - Processing /home/airflow/.local/lib/python3.12/site-packages/airflow/example_dags/tutorial_dag.py took 0.081 seconds
[2025-05-01T10:54:58.116+0000] {processor.py:161} INFO - Started process (PID=458) to work on /home/airflow/.local/lib/python3.12/site-packages/airflow/example_dags/tutorial_dag.py
[2025-05-01T10:54:58.118+0000] {processor.py:830} INFO - Processing file /home/airflow/.local/lib/python3.12/site-packages/airflow/example_dags/tutorial_dag.py for tasks to queue
[2025-05-01T10:54:58.120+0000] {logging_mixin.py:188} INFO - [2025-05-01T10:54:58.120+0000] {dagbag.py:545} INFO - Filling up the DagBag from /home/airflow/.local/lib/python3.12/site-packages/airflow/example_dags/tutorial_dag.py
[2025-05-01T10:54:58.126+0000] {processor.py:840} INFO - DAG(s) 'tutorial_dag' retrieved from /home/airflow/.local/lib/python3.12/site-packages/airflow/example_dags/tutorial_dag.py
[2025-05-01T10:54:58.154+0000] {logging_mixin.py:188} INFO - [2025-05-01T10:54:58.154+0000] {dag.py:3096} INFO - Sync 1 DAGs
[2025-05-01T10:54:58.172+0000] {logging_mixin.py:188} INFO - [2025-05-01T10:54:58.171+0000] {dag.py:3954} INFO - Setting next_dagrun for tutorial_dag to None, run_after=None
[2025-05-01T10:54:58.198+0000] {processor.py:183} INFO - Processing /home/airflow/.local/lib/python3.12/site-packages/airflow/example_dags/tutorial_dag.py took 0.088 seconds
[2025-05-01T10:55:28.276+0000] {processor.py:161} INFO - Started process (PID=515) to work on /home/airflow/.local/lib/python3.12/site-packages/airflow/example_dags/tutorial_dag.py
[2025-05-01T10:55:28.277+0000] {processor.py:830} INFO - Processing file /home/airflow/.local/lib/python3.12/site-packages/airflow/example_dags/tutorial_dag.py for tasks to queue
[2025-05-01T10:55:28.280+0000] {logging_mixin.py:188} INFO - [2025-05-01T10:55:28.279+0000] {dagbag.py:545} INFO - Filling up the DagBag from /home/airflow/.local/lib/python3.12/site-packages/airflow/example_dags/tutorial_dag.py
[2025-05-01T10:55:28.284+0000] {processor.py:840} INFO - DAG(s) 'tutorial_dag' retrieved from /home/airflow/.local/lib/python3.12/site-packages/airflow/example_dags/tutorial_dag.py
[2025-05-01T10:55:28.307+0000] {logging_mixin.py:188} INFO - [2025-05-01T10:55:28.306+0000] {dag.py:3096} INFO - Sync 1 DAGs
[2025-05-01T10:55:28.321+0000] {logging_mixin.py:188} INFO - [2025-05-01T10:55:28.321+0000] {dag.py:3954} INFO - Setting next_dagrun for tutorial_dag to None, run_after=None
[2025-05-01T10:55:28.346+0000] {processor.py:183} INFO - Processing /home/airflow/.local/lib/python3.12/site-packages/airflow/example_dags/tutorial_dag.py took 0.075 seconds
[2025-05-01T10:55:58.577+0000] {processor.py:161} INFO - Started process (PID=573) to work on /home/airflow/.local/lib/python3.12/site-packages/airflow/example_dags/tutorial_dag.py
[2025-05-01T10:55:58.578+0000] {processor.py:830} INFO - Processing file /home/airflow/.local/lib/python3.12/site-packages/airflow/example_dags/tutorial_dag.py for tasks to queue
[2025-05-01T10:55:58.581+0000] {logging_mixin.py:188} INFO - [2025-05-01T10:55:58.580+0000] {dagbag.py:545} INFO - Filling up the DagBag from /home/airflow/.local/lib/python3.12/site-packages/airflow/example_dags/tutorial_dag.py
[2025-05-01T10:55:58.586+0000] {processor.py:840} INFO - DAG(s) 'tutorial_dag' retrieved from /home/airflow/.local/lib/python3.12/site-packages/airflow/example_dags/tutorial_dag.py
[2025-05-01T10:55:58.610+0000] {logging_mixin.py:188} INFO - [2025-05-01T10:55:58.610+0000] {dag.py:3096} INFO - Sync 1 DAGs
[2025-05-01T10:55:58.623+0000] {logging_mixin.py:188} INFO - [2025-05-01T10:55:58.623+0000] {dag.py:3954} INFO - Setting next_dagrun for tutorial_dag to None, run_after=None
[2025-05-01T10:55:58.648+0000] {processor.py:183} INFO - Processing /home/airflow/.local/lib/python3.12/site-packages/airflow/example_dags/tutorial_dag.py took 0.076 seconds
[2025-05-01T10:56:29.451+0000] {processor.py:161} INFO - Started process (PID=632) to work on /home/airflow/.local/lib/python3.12/site-packages/airflow/example_dags/tutorial_dag.py
[2025-05-01T10:56:29.452+0000] {processor.py:830} INFO - Processing file /home/airflow/.local/lib/python3.12/site-packages/airflow/example_dags/tutorial_dag.py for tasks to queue
[2025-05-01T10:56:29.454+0000] {logging_mixin.py:188} INFO - [2025-05-01T10:56:29.454+0000] {dagbag.py:545} INFO - Filling up the DagBag from /home/airflow/.local/lib/python3.12/site-packages/airflow/example_dags/tutorial_dag.py
[2025-05-01T10:56:29.460+0000] {processor.py:840} INFO - DAG(s) 'tutorial_dag' retrieved from /home/airflow/.local/lib/python3.12/site-packages/airflow/example_dags/tutorial_dag.py
[2025-05-01T10:56:29.482+0000] {logging_mixin.py:188} INFO - [2025-05-01T10:56:29.482+0000] {dag.py:3096} INFO - Sync 1 DAGs
[2025-05-01T10:56:29.496+0000] {logging_mixin.py:188} INFO - [2025-05-01T10:56:29.496+0000] {dag.py:3954} INFO - Setting next_dagrun for tutorial_dag to None, run_after=None
[2025-05-01T10:56:29.522+0000] {processor.py:183} INFO - Processing /home/airflow/.local/lib/python3.12/site-packages/airflow/example_dags/tutorial_dag.py took 0.077 seconds
[2025-05-01T10:57:00.186+0000] {processor.py:161} INFO - Started process (PID=691) to work on /home/airflow/.local/lib/python3.12/site-packages/airflow/example_dags/tutorial_dag.py
[2025-05-01T10:57:00.187+0000] {processor.py:830} INFO - Processing file /home/airflow/.local/lib/python3.12/site-packages/airflow/example_dags/tutorial_dag.py for tasks to queue
[2025-05-01T10:57:00.189+0000] {logging_mixin.py:188} INFO - [2025-05-01T10:57:00.189+0000] {dagbag.py:545} INFO - Filling up the DagBag from /home/airflow/.local/lib/python3.12/site-packages/airflow/example_dags/tutorial_dag.py
[2025-05-01T10:57:00.194+0000] {processor.py:840} INFO - DAG(s) 'tutorial_dag' retrieved from /home/airflow/.local/lib/python3.12/site-packages/airflow/example_dags/tutorial_dag.py
[2025-05-01T10:57:00.217+0000] {logging_mixin.py:188} INFO - [2025-05-01T10:57:00.217+0000] {dag.py:3096} INFO - Sync 1 DAGs
[2025-05-01T10:57:00.231+0000] {logging_mixin.py:188} INFO - [2025-05-01T10:57:00.230+0000] {dag.py:3954} INFO - Setting next_dagrun for tutorial_dag to None, run_after=None
[2025-05-01T10:57:00.255+0000] {processor.py:183} INFO - Processing /home/airflow/.local/lib/python3.12/site-packages/airflow/example_dags/tutorial_dag.py took 0.074 seconds
[2025-05-01T10:57:30.613+0000] {processor.py:161} INFO - Started process (PID=752) to work on /home/airflow/.local/lib/python3.12/site-packages/airflow/example_dags/tutorial_dag.py
[2025-05-01T10:57:30.614+0000] {processor.py:830} INFO - Processing file /home/airflow/.local/lib/python3.12/site-packages/airflow/example_dags/tutorial_dag.py for tasks to queue
[2025-05-01T10:57:30.617+0000] {logging_mixin.py:188} INFO - [2025-05-01T10:57:30.617+0000] {dagbag.py:545} INFO - Filling up the DagBag from /home/airflow/.local/lib/python3.12/site-packages/airflow/example_dags/tutorial_dag.py
[2025-05-01T10:57:30.624+0000] {processor.py:840} INFO - DAG(s) 'tutorial_dag' retrieved from /home/airflow/.local/lib/python3.12/site-packages/airflow/example_dags/tutorial_dag.py
[2025-05-01T10:57:30.647+0000] {logging_mixin.py:188} INFO - [2025-05-01T10:57:30.647+0000] {dag.py:3096} INFO - Sync 1 DAGs
[2025-05-01T10:57:30.661+0000] {logging_mixin.py:188} INFO - [2025-05-01T10:57:30.661+0000] {dag.py:3954} INFO - Setting next_dagrun for tutorial_dag to None, run_after=None
[2025-05-01T10:57:30.683+0000] {processor.py:183} INFO - Processing /home/airflow/.local/lib/python3.12/site-packages/airflow/example_dags/tutorial_dag.py took 0.076 seconds
[2025-05-01T10:58:01.114+0000] {processor.py:161} INFO - Started process (PID=811) to work on /home/airflow/.local/lib/python3.12/site-packages/airflow/example_dags/tutorial_dag.py
[2025-05-01T10:58:01.115+0000] {processor.py:830} INFO - Processing file /home/airflow/.local/lib/python3.12/site-packages/airflow/example_dags/tutorial_dag.py for tasks to queue
[2025-05-01T10:58:01.117+0000] {logging_mixin.py:188} INFO - [2025-05-01T10:58:01.117+0000] {dagbag.py:545} INFO - Filling up the DagBag from /home/airflow/.local/lib/python3.12/site-packages/airflow/example_dags/tutorial_dag.py
[2025-05-01T10:58:01.122+0000] {processor.py:840} INFO - DAG(s) 'tutorial_dag' retrieved from /home/airflow/.local/lib/python3.12/site-packages/airflow/example_dags/tutorial_dag.py
[2025-05-01T10:58:01.146+0000] {logging_mixin.py:188} INFO - [2025-05-01T10:58:01.146+0000] {dag.py:3096} INFO - Sync 1 DAGs
[2025-05-01T10:58:01.160+0000] {logging_mixin.py:188} INFO - [2025-05-01T10:58:01.159+0000] {dag.py:3954} INFO - Setting next_dagrun for tutorial_dag to None, run_after=None
[2025-05-01T10:58:01.183+0000] {processor.py:183} INFO - Processing /home/airflow/.local/lib/python3.12/site-packages/airflow/example_dags/tutorial_dag.py took 0.075 seconds
[2025-05-01T10:58:31.997+0000] {processor.py:161} INFO - Started process (PID=870) to work on /home/airflow/.local/lib/python3.12/site-packages/airflow/example_dags/tutorial_dag.py
[2025-05-01T10:58:31.998+0000] {processor.py:830} INFO - Processing file /home/airflow/.local/lib/python3.12/site-packages/airflow/example_dags/tutorial_dag.py for tasks to queue
[2025-05-01T10:58:32.000+0000] {logging_mixin.py:188} INFO - [2025-05-01T10:58:32.000+0000] {dagbag.py:545} INFO - Filling up the DagBag from /home/airflow/.local/lib/python3.12/site-packages/airflow/example_dags/tutorial_dag.py
[2025-05-01T10:58:32.007+0000] {processor.py:840} INFO - DAG(s) 'tutorial_dag' retrieved from /home/airflow/.local/lib/python3.12/site-packages/airflow/example_dags/tutorial_dag.py
[2025-05-01T10:58:32.031+0000] {logging_mixin.py:188} INFO - [2025-05-01T10:58:32.031+0000] {dag.py:3096} INFO - Sync 1 DAGs
[2025-05-01T10:58:32.046+0000] {logging_mixin.py:188} INFO - [2025-05-01T10:58:32.046+0000] {dag.py:3954} INFO - Setting next_dagrun for tutorial_dag to None, run_after=None
[2025-05-01T10:58:32.072+0000] {processor.py:183} INFO - Processing /home/airflow/.local/lib/python3.12/site-packages/airflow/example_dags/tutorial_dag.py took 0.080 seconds
[2025-05-01T10:59:03.170+0000] {processor.py:161} INFO - Started process (PID=929) to work on /home/airflow/.local/lib/python3.12/site-packages/airflow/example_dags/tutorial_dag.py
[2025-05-01T10:59:03.171+0000] {processor.py:830} INFO - Processing file /home/airflow/.local/lib/python3.12/site-packages/airflow/example_dags/tutorial_dag.py for tasks to queue
[2025-05-01T10:59:03.174+0000] {logging_mixin.py:188} INFO - [2025-05-01T10:59:03.174+0000] {dagbag.py:545} INFO - Filling up the DagBag from /home/airflow/.local/lib/python3.12/site-packages/airflow/example_dags/tutorial_dag.py
[2025-05-01T10:59:03.180+0000] {processor.py:840} INFO - DAG(s) 'tutorial_dag' retrieved from /home/airflow/.local/lib/python3.12/site-packages/airflow/example_dags/tutorial_dag.py
[2025-05-01T10:59:03.204+0000] {logging_mixin.py:188} INFO - [2025-05-01T10:59:03.204+0000] {dag.py:3096} INFO - Sync 1 DAGs
[2025-05-01T10:59:03.218+0000] {logging_mixin.py:188} INFO - [2025-05-01T10:59:03.218+0000] {dag.py:3954} INFO - Setting next_dagrun for tutorial_dag to None, run_after=None
[2025-05-01T10:59:03.242+0000] {processor.py:183} INFO - Processing /home/airflow/.local/lib/python3.12/site-packages/airflow/example_dags/tutorial_dag.py took 0.078 seconds
[2025-05-01T10:59:33.394+0000] {processor.py:161} INFO - Started process (PID=988) to work on /home/airflow/.local/lib/python3.12/site-packages/airflow/example_dags/tutorial_dag.py
[2025-05-01T10:59:33.395+0000] {processor.py:830} INFO - Processing file /home/airflow/.local/lib/python3.12/site-packages/airflow/example_dags/tutorial_dag.py for tasks to queue
[2025-05-01T10:59:33.398+0000] {logging_mixin.py:188} INFO - [2025-05-01T10:59:33.397+0000] {dagbag.py:545} INFO - Filling up the DagBag from /home/airflow/.local/lib/python3.12/site-packages/airflow/example_dags/tutorial_dag.py
[2025-05-01T10:59:33.403+0000] {processor.py:840} INFO - DAG(s) 'tutorial_dag' retrieved from /home/airflow/.local/lib/python3.12/site-packages/airflow/example_dags/tutorial_dag.py
[2025-05-01T10:59:33.427+0000] {logging_mixin.py:188} INFO - [2025-05-01T10:59:33.426+0000] {dag.py:3096} INFO - Sync 1 DAGs
[2025-05-01T10:59:33.439+0000] {logging_mixin.py:188} INFO - [2025-05-01T10:59:33.439+0000] {dag.py:3954} INFO - Setting next_dagrun for tutorial_dag to None, run_after=None
[2025-05-01T10:59:33.463+0000] {processor.py:183} INFO - Processing /home/airflow/.local/lib/python3.12/site-packages/airflow/example_dags/tutorial_dag.py took 0.074 seconds
[2025-05-01T11:00:04.508+0000] {processor.py:161} INFO - Started process (PID=1047) to work on /home/airflow/.local/lib/python3.12/site-packages/airflow/example_dags/tutorial_dag.py
[2025-05-01T11:00:04.511+0000] {processor.py:830} INFO - Processing file /home/airflow/.local/lib/python3.12/site-packages/airflow/example_dags/tutorial_dag.py for tasks to queue
[2025-05-01T11:00:04.516+0000] {logging_mixin.py:188} INFO - [2025-05-01T11:00:04.515+0000] {dagbag.py:545} INFO - Filling up the DagBag from /home/airflow/.local/lib/python3.12/site-packages/airflow/example_dags/tutorial_dag.py
[2025-05-01T11:00:04.528+0000] {processor.py:840} INFO - DAG(s) 'tutorial_dag' retrieved from /home/airflow/.local/lib/python3.12/site-packages/airflow/example_dags/tutorial_dag.py
[2025-05-01T11:00:04.579+0000] {logging_mixin.py:188} INFO - [2025-05-01T11:00:04.579+0000] {dag.py:3096} INFO - Sync 1 DAGs
[2025-05-01T11:00:04.613+0000] {logging_mixin.py:188} INFO - [2025-05-01T11:00:04.612+0000] {dag.py:3954} INFO - Setting next_dagrun for tutorial_dag to None, run_after=None
[2025-05-01T11:00:04.666+0000] {processor.py:183} INFO - Processing /home/airflow/.local/lib/python3.12/site-packages/airflow/example_dags/tutorial_dag.py took 0.168 seconds
[2025-05-01T11:00:35.163+0000] {processor.py:161} INFO - Started process (PID=1105) to work on /home/airflow/.local/lib/python3.12/site-packages/airflow/example_dags/tutorial_dag.py
[2025-05-01T11:00:35.166+0000] {processor.py:830} INFO - Processing file /home/airflow/.local/lib/python3.12/site-packages/airflow/example_dags/tutorial_dag.py for tasks to queue
[2025-05-01T11:00:35.171+0000] {logging_mixin.py:188} INFO - [2025-05-01T11:00:35.170+0000] {dagbag.py:545} INFO - Filling up the DagBag from /home/airflow/.local/lib/python3.12/site-packages/airflow/example_dags/tutorial_dag.py
[2025-05-01T11:00:35.185+0000] {processor.py:840} INFO - DAG(s) 'tutorial_dag' retrieved from /home/airflow/.local/lib/python3.12/site-packages/airflow/example_dags/tutorial_dag.py
[2025-05-01T11:00:35.232+0000] {logging_mixin.py:188} INFO - [2025-05-01T11:00:35.232+0000] {dag.py:3096} INFO - Sync 1 DAGs
[2025-05-01T11:00:35.268+0000] {logging_mixin.py:188} INFO - [2025-05-01T11:00:35.268+0000] {dag.py:3954} INFO - Setting next_dagrun for tutorial_dag to None, run_after=None
[2025-05-01T11:00:35.320+0000] {processor.py:183} INFO - Processing /home/airflow/.local/lib/python3.12/site-packages/airflow/example_dags/tutorial_dag.py took 0.172 seconds
[2025-05-01T11:01:05.782+0000] {processor.py:161} INFO - Started process (PID=1165) to work on /home/airflow/.local/lib/python3.12/site-packages/airflow/example_dags/tutorial_dag.py
[2025-05-01T11:01:05.785+0000] {processor.py:830} INFO - Processing file /home/airflow/.local/lib/python3.12/site-packages/airflow/example_dags/tutorial_dag.py for tasks to queue
[2025-05-01T11:01:05.791+0000] {logging_mixin.py:188} INFO - [2025-05-01T11:01:05.790+0000] {dagbag.py:545} INFO - Filling up the DagBag from /home/airflow/.local/lib/python3.12/site-packages/airflow/example_dags/tutorial_dag.py
[2025-05-01T11:01:05.803+0000] {processor.py:840} INFO - DAG(s) 'tutorial_dag' retrieved from /home/airflow/.local/lib/python3.12/site-packages/airflow/example_dags/tutorial_dag.py
[2025-05-01T11:01:05.853+0000] {logging_mixin.py:188} INFO - [2025-05-01T11:01:05.852+0000] {dag.py:3096} INFO - Sync 1 DAGs
[2025-05-01T11:01:05.884+0000] {logging_mixin.py:188} INFO - [2025-05-01T11:01:05.883+0000] {dag.py:3954} INFO - Setting next_dagrun for tutorial_dag to None, run_after=None
[2025-05-01T11:01:05.933+0000] {processor.py:183} INFO - Processing /home/airflow/.local/lib/python3.12/site-packages/airflow/example_dags/tutorial_dag.py took 0.163 seconds
[2025-05-01T11:01:36.315+0000] {processor.py:161} INFO - Started process (PID=1224) to work on /home/airflow/.local/lib/python3.12/site-packages/airflow/example_dags/tutorial_dag.py
[2025-05-01T11:01:36.318+0000] {processor.py:830} INFO - Processing file /home/airflow/.local/lib/python3.12/site-packages/airflow/example_dags/tutorial_dag.py for tasks to queue
[2025-05-01T11:01:36.323+0000] {logging_mixin.py:188} INFO - [2025-05-01T11:01:36.322+0000] {dagbag.py:545} INFO - Filling up the DagBag from /home/airflow/.local/lib/python3.12/site-packages/airflow/example_dags/tutorial_dag.py
[2025-05-01T11:01:36.336+0000] {processor.py:840} INFO - DAG(s) 'tutorial_dag' retrieved from /home/airflow/.local/lib/python3.12/site-packages/airflow/example_dags/tutorial_dag.py
[2025-05-01T11:01:36.385+0000] {logging_mixin.py:188} INFO - [2025-05-01T11:01:36.384+0000] {dag.py:3096} INFO - Sync 1 DAGs
[2025-05-01T11:01:36.418+0000] {logging_mixin.py:188} INFO - [2025-05-01T11:01:36.417+0000] {dag.py:3954} INFO - Setting next_dagrun for tutorial_dag to None, run_after=None
[2025-05-01T11:01:36.471+0000] {processor.py:183} INFO - Processing /home/airflow/.local/lib/python3.12/site-packages/airflow/example_dags/tutorial_dag.py took 0.169 seconds
[2025-05-01T11:02:06.866+0000] {processor.py:161} INFO - Started process (PID=1283) to work on /home/airflow/.local/lib/python3.12/site-packages/airflow/example_dags/tutorial_dag.py
[2025-05-01T11:02:06.868+0000] {processor.py:830} INFO - Processing file /home/airflow/.local/lib/python3.12/site-packages/airflow/example_dags/tutorial_dag.py for tasks to queue
[2025-05-01T11:02:06.873+0000] {logging_mixin.py:188} INFO - [2025-05-01T11:02:06.872+0000] {dagbag.py:545} INFO - Filling up the DagBag from /home/airflow/.local/lib/python3.12/site-packages/airflow/example_dags/tutorial_dag.py
[2025-05-01T11:02:06.885+0000] {processor.py:840} INFO - DAG(s) 'tutorial_dag' retrieved from /home/airflow/.local/lib/python3.12/site-packages/airflow/example_dags/tutorial_dag.py
[2025-05-01T11:02:06.933+0000] {logging_mixin.py:188} INFO - [2025-05-01T11:02:06.933+0000] {dag.py:3096} INFO - Sync 1 DAGs
[2025-05-01T11:02:06.964+0000] {logging_mixin.py:188} INFO - [2025-05-01T11:02:06.964+0000] {dag.py:3954} INFO - Setting next_dagrun for tutorial_dag to None, run_after=None
[2025-05-01T11:02:07.047+0000] {processor.py:183} INFO - Processing /home/airflow/.local/lib/python3.12/site-packages/airflow/example_dags/tutorial_dag.py took 0.192 seconds
[2025-05-01T11:02:37.470+0000] {processor.py:161} INFO - Started process (PID=1342) to work on /home/airflow/.local/lib/python3.12/site-packages/airflow/example_dags/tutorial_dag.py
[2025-05-01T11:02:37.473+0000] {processor.py:830} INFO - Processing file /home/airflow/.local/lib/python3.12/site-packages/airflow/example_dags/tutorial_dag.py for tasks to queue
[2025-05-01T11:02:37.478+0000] {logging_mixin.py:188} INFO - [2025-05-01T11:02:37.477+0000] {dagbag.py:545} INFO - Filling up the DagBag from /home/airflow/.local/lib/python3.12/site-packages/airflow/example_dags/tutorial_dag.py
[2025-05-01T11:02:37.492+0000] {processor.py:840} INFO - DAG(s) 'tutorial_dag' retrieved from /home/airflow/.local/lib/python3.12/site-packages/airflow/example_dags/tutorial_dag.py
[2025-05-01T11:02:37.542+0000] {logging_mixin.py:188} INFO - [2025-05-01T11:02:37.541+0000] {dag.py:3096} INFO - Sync 1 DAGs
[2025-05-01T11:02:37.573+0000] {logging_mixin.py:188} INFO - [2025-05-01T11:02:37.573+0000] {dag.py:3954} INFO - Setting next_dagrun for tutorial_dag to None, run_after=None
[2025-05-01T11:02:37.627+0000] {processor.py:183} INFO - Processing /home/airflow/.local/lib/python3.12/site-packages/airflow/example_dags/tutorial_dag.py took 0.170 seconds
[2025-05-01T11:03:08.347+0000] {processor.py:161} INFO - Started process (PID=1401) to work on /home/airflow/.local/lib/python3.12/site-packages/airflow/example_dags/tutorial_dag.py
[2025-05-01T11:03:08.349+0000] {processor.py:830} INFO - Processing file /home/airflow/.local/lib/python3.12/site-packages/airflow/example_dags/tutorial_dag.py for tasks to queue
[2025-05-01T11:03:08.353+0000] {logging_mixin.py:188} INFO - [2025-05-01T11:03:08.352+0000] {dagbag.py:545} INFO - Filling up the DagBag from /home/airflow/.local/lib/python3.12/site-packages/airflow/example_dags/tutorial_dag.py
[2025-05-01T11:03:08.363+0000] {processor.py:840} INFO - DAG(s) 'tutorial_dag' retrieved from /home/airflow/.local/lib/python3.12/site-packages/airflow/example_dags/tutorial_dag.py
[2025-05-01T11:03:08.410+0000] {logging_mixin.py:188} INFO - [2025-05-01T11:03:08.410+0000] {dag.py:3096} INFO - Sync 1 DAGs
[2025-05-01T11:03:08.443+0000] {logging_mixin.py:188} INFO - [2025-05-01T11:03:08.442+0000] {dag.py:3954} INFO - Setting next_dagrun for tutorial_dag to None, run_after=None
[2025-05-01T11:03:08.527+0000] {processor.py:183} INFO - Processing /home/airflow/.local/lib/python3.12/site-packages/airflow/example_dags/tutorial_dag.py took 0.192 seconds
[2025-05-01T11:03:39.188+0000] {processor.py:161} INFO - Started process (PID=1460) to work on /home/airflow/.local/lib/python3.12/site-packages/airflow/example_dags/tutorial_dag.py
[2025-05-01T11:03:39.192+0000] {processor.py:830} INFO - Processing file /home/airflow/.local/lib/python3.12/site-packages/airflow/example_dags/tutorial_dag.py for tasks to queue
[2025-05-01T11:03:39.196+0000] {logging_mixin.py:188} INFO - [2025-05-01T11:03:39.195+0000] {dagbag.py:545} INFO - Filling up the DagBag from /home/airflow/.local/lib/python3.12/site-packages/airflow/example_dags/tutorial_dag.py
[2025-05-01T11:03:39.208+0000] {processor.py:840} INFO - DAG(s) 'tutorial_dag' retrieved from /home/airflow/.local/lib/python3.12/site-packages/airflow/example_dags/tutorial_dag.py
[2025-05-01T11:03:39.256+0000] {logging_mixin.py:188} INFO - [2025-05-01T11:03:39.255+0000] {dag.py:3096} INFO - Sync 1 DAGs
[2025-05-01T11:03:39.285+0000] {logging_mixin.py:188} INFO - [2025-05-01T11:03:39.285+0000] {dag.py:3954} INFO - Setting next_dagrun for tutorial_dag to None, run_after=None
[2025-05-01T11:03:39.335+0000] {processor.py:183} INFO - Processing /home/airflow/.local/lib/python3.12/site-packages/airflow/example_dags/tutorial_dag.py took 0.159 seconds
[2025-05-01T11:04:09.941+0000] {processor.py:161} INFO - Started process (PID=1519) to work on /home/airflow/.local/lib/python3.12/site-packages/airflow/example_dags/tutorial_dag.py
[2025-05-01T11:04:09.943+0000] {processor.py:830} INFO - Processing file /home/airflow/.local/lib/python3.12/site-packages/airflow/example_dags/tutorial_dag.py for tasks to queue
[2025-05-01T11:04:09.947+0000] {logging_mixin.py:188} INFO - [2025-05-01T11:04:09.947+0000] {dagbag.py:545} INFO - Filling up the DagBag from /home/airflow/.local/lib/python3.12/site-packages/airflow/example_dags/tutorial_dag.py
[2025-05-01T11:04:09.958+0000] {processor.py:840} INFO - DAG(s) 'tutorial_dag' retrieved from /home/airflow/.local/lib/python3.12/site-packages/airflow/example_dags/tutorial_dag.py
[2025-05-01T11:04:10.000+0000] {logging_mixin.py:188} INFO - [2025-05-01T11:04:10.000+0000] {dag.py:3096} INFO - Sync 1 DAGs
[2025-05-01T11:04:10.028+0000] {logging_mixin.py:188} INFO - [2025-05-01T11:04:10.027+0000] {dag.py:3954} INFO - Setting next_dagrun for tutorial_dag to None, run_after=None
[2025-05-01T11:04:10.113+0000] {processor.py:183} INFO - Processing /home/airflow/.local/lib/python3.12/site-packages/airflow/example_dags/tutorial_dag.py took 0.183 seconds
[2025-05-01T11:04:40.917+0000] {processor.py:161} INFO - Started process (PID=1578) to work on /home/airflow/.local/lib/python3.12/site-packages/airflow/example_dags/tutorial_dag.py
[2025-05-01T11:04:40.920+0000] {processor.py:830} INFO - Processing file /home/airflow/.local/lib/python3.12/site-packages/airflow/example_dags/tutorial_dag.py for tasks to queue
[2025-05-01T11:04:40.926+0000] {logging_mixin.py:188} INFO - [2025-05-01T11:04:40.925+0000] {dagbag.py:545} INFO - Filling up the DagBag from /home/airflow/.local/lib/python3.12/site-packages/airflow/example_dags/tutorial_dag.py
[2025-05-01T11:04:40.943+0000] {processor.py:840} INFO - DAG(s) 'tutorial_dag' retrieved from /home/airflow/.local/lib/python3.12/site-packages/airflow/example_dags/tutorial_dag.py
[2025-05-01T11:04:40.994+0000] {logging_mixin.py:188} INFO - [2025-05-01T11:04:40.993+0000] {dag.py:3096} INFO - Sync 1 DAGs
[2025-05-01T11:04:41.066+0000] {logging_mixin.py:188} INFO - [2025-05-01T11:04:41.065+0000] {dag.py:3954} INFO - Setting next_dagrun for tutorial_dag to None, run_after=None
[2025-05-01T11:04:41.134+0000] {processor.py:183} INFO - Processing /home/airflow/.local/lib/python3.12/site-packages/airflow/example_dags/tutorial_dag.py took 0.231 seconds
[2025-05-01T11:05:11.643+0000] {processor.py:161} INFO - Started process (PID=1637) to work on /home/airflow/.local/lib/python3.12/site-packages/airflow/example_dags/tutorial_dag.py
[2025-05-01T11:05:11.646+0000] {processor.py:830} INFO - Processing file /home/airflow/.local/lib/python3.12/site-packages/airflow/example_dags/tutorial_dag.py for tasks to queue
[2025-05-01T11:05:11.651+0000] {logging_mixin.py:188} INFO - [2025-05-01T11:05:11.651+0000] {dagbag.py:545} INFO - Filling up the DagBag from /home/airflow/.local/lib/python3.12/site-packages/airflow/example_dags/tutorial_dag.py
[2025-05-01T11:05:11.663+0000] {processor.py:840} INFO - DAG(s) 'tutorial_dag' retrieved from /home/airflow/.local/lib/python3.12/site-packages/airflow/example_dags/tutorial_dag.py
[2025-05-01T11:05:11.713+0000] {logging_mixin.py:188} INFO - [2025-05-01T11:05:11.713+0000] {dag.py:3096} INFO - Sync 1 DAGs
[2025-05-01T11:05:11.742+0000] {logging_mixin.py:188} INFO - [2025-05-01T11:05:11.742+0000] {dag.py:3954} INFO - Setting next_dagrun for tutorial_dag to None, run_after=None
[2025-05-01T11:05:11.793+0000] {processor.py:183} INFO - Processing /home/airflow/.local/lib/python3.12/site-packages/airflow/example_dags/tutorial_dag.py took 0.165 seconds
[2025-05-01T11:05:42.594+0000] {processor.py:161} INFO - Started process (PID=1696) to work on /home/airflow/.local/lib/python3.12/site-packages/airflow/example_dags/tutorial_dag.py
[2025-05-01T11:05:42.597+0000] {processor.py:830} INFO - Processing file /home/airflow/.local/lib/python3.12/site-packages/airflow/example_dags/tutorial_dag.py for tasks to queue
[2025-05-01T11:05:42.602+0000] {logging_mixin.py:188} INFO - [2025-05-01T11:05:42.601+0000] {dagbag.py:545} INFO - Filling up the DagBag from /home/airflow/.local/lib/python3.12/site-packages/airflow/example_dags/tutorial_dag.py
[2025-05-01T11:05:42.615+0000] {processor.py:840} INFO - DAG(s) 'tutorial_dag' retrieved from /home/airflow/.local/lib/python3.12/site-packages/airflow/example_dags/tutorial_dag.py
[2025-05-01T11:05:42.656+0000] {logging_mixin.py:188} INFO - [2025-05-01T11:05:42.656+0000] {dag.py:3096} INFO - Sync 1 DAGs
[2025-05-01T11:05:42.683+0000] {logging_mixin.py:188} INFO - [2025-05-01T11:05:42.682+0000] {dag.py:3954} INFO - Setting next_dagrun for tutorial_dag to None, run_after=None
[2025-05-01T11:05:42.767+0000] {processor.py:183} INFO - Processing /home/airflow/.local/lib/python3.12/site-packages/airflow/example_dags/tutorial_dag.py took 0.186 seconds
[2025-05-01T11:06:13.405+0000] {processor.py:161} INFO - Started process (PID=1755) to work on /home/airflow/.local/lib/python3.12/site-packages/airflow/example_dags/tutorial_dag.py
[2025-05-01T11:06:13.407+0000] {processor.py:830} INFO - Processing file /home/airflow/.local/lib/python3.12/site-packages/airflow/example_dags/tutorial_dag.py for tasks to queue
[2025-05-01T11:06:13.412+0000] {logging_mixin.py:188} INFO - [2025-05-01T11:06:13.411+0000] {dagbag.py:545} INFO - Filling up the DagBag from /home/airflow/.local/lib/python3.12/site-packages/airflow/example_dags/tutorial_dag.py
[2025-05-01T11:06:13.424+0000] {processor.py:840} INFO - DAG(s) 'tutorial_dag' retrieved from /home/airflow/.local/lib/python3.12/site-packages/airflow/example_dags/tutorial_dag.py
[2025-05-01T11:06:13.475+0000] {logging_mixin.py:188} INFO - [2025-05-01T11:06:13.474+0000] {dag.py:3096} INFO - Sync 1 DAGs
[2025-05-01T11:06:13.513+0000] {logging_mixin.py:188} INFO - [2025-05-01T11:06:13.513+0000] {dag.py:3954} INFO - Setting next_dagrun for tutorial_dag to None, run_after=None
[2025-05-01T11:06:13.580+0000] {processor.py:183} INFO - Processing /home/airflow/.local/lib/python3.12/site-packages/airflow/example_dags/tutorial_dag.py took 0.190 seconds
[2025-05-01T11:06:44.231+0000] {processor.py:161} INFO - Started process (PID=1814) to work on /home/airflow/.local/lib/python3.12/site-packages/airflow/example_dags/tutorial_dag.py
[2025-05-01T11:06:44.233+0000] {processor.py:830} INFO - Processing file /home/airflow/.local/lib/python3.12/site-packages/airflow/example_dags/tutorial_dag.py for tasks to queue
[2025-05-01T11:06:44.237+0000] {logging_mixin.py:188} INFO - [2025-05-01T11:06:44.236+0000] {dagbag.py:545} INFO - Filling up the DagBag from /home/airflow/.local/lib/python3.12/site-packages/airflow/example_dags/tutorial_dag.py
[2025-05-01T11:06:44.248+0000] {processor.py:840} INFO - DAG(s) 'tutorial_dag' retrieved from /home/airflow/.local/lib/python3.12/site-packages/airflow/example_dags/tutorial_dag.py
[2025-05-01T11:06:44.289+0000] {logging_mixin.py:188} INFO - [2025-05-01T11:06:44.289+0000] {dag.py:3096} INFO - Sync 1 DAGs
[2025-05-01T11:06:44.316+0000] {logging_mixin.py:188} INFO - [2025-05-01T11:06:44.316+0000] {dag.py:3954} INFO - Setting next_dagrun for tutorial_dag to None, run_after=None
[2025-05-01T11:06:44.361+0000] {processor.py:183} INFO - Processing /home/airflow/.local/lib/python3.12/site-packages/airflow/example_dags/tutorial_dag.py took 0.141 seconds
[2025-05-01T11:07:14.734+0000] {processor.py:161} INFO - Started process (PID=1873) to work on /home/airflow/.local/lib/python3.12/site-packages/airflow/example_dags/tutorial_dag.py
[2025-05-01T11:07:14.736+0000] {processor.py:830} INFO - Processing file /home/airflow/.local/lib/python3.12/site-packages/airflow/example_dags/tutorial_dag.py for tasks to queue
[2025-05-01T11:07:14.740+0000] {logging_mixin.py:188} INFO - [2025-05-01T11:07:14.739+0000] {dagbag.py:545} INFO - Filling up the DagBag from /home/airflow/.local/lib/python3.12/site-packages/airflow/example_dags/tutorial_dag.py
[2025-05-01T11:07:14.749+0000] {processor.py:840} INFO - DAG(s) 'tutorial_dag' retrieved from /home/airflow/.local/lib/python3.12/site-packages/airflow/example_dags/tutorial_dag.py
[2025-05-01T11:07:14.816+0000] {logging_mixin.py:188} INFO - [2025-05-01T11:07:14.815+0000] {dag.py:3096} INFO - Sync 1 DAGs
[2025-05-01T11:07:14.843+0000] {logging_mixin.py:188} INFO - [2025-05-01T11:07:14.843+0000] {dag.py:3954} INFO - Setting next_dagrun for tutorial_dag to None, run_after=None
[2025-05-01T11:07:14.910+0000] {processor.py:183} INFO - Processing /home/airflow/.local/lib/python3.12/site-packages/airflow/example_dags/tutorial_dag.py took 0.187 seconds
[2025-05-01T11:07:46.085+0000] {processor.py:161} INFO - Started process (PID=1932) to work on /home/airflow/.local/lib/python3.12/site-packages/airflow/example_dags/tutorial_dag.py
[2025-05-01T11:07:46.088+0000] {processor.py:830} INFO - Processing file /home/airflow/.local/lib/python3.12/site-packages/airflow/example_dags/tutorial_dag.py for tasks to queue
[2025-05-01T11:07:46.092+0000] {logging_mixin.py:188} INFO - [2025-05-01T11:07:46.091+0000] {dagbag.py:545} INFO - Filling up the DagBag from /home/airflow/.local/lib/python3.12/site-packages/airflow/example_dags/tutorial_dag.py
[2025-05-01T11:07:46.103+0000] {processor.py:840} INFO - DAG(s) 'tutorial_dag' retrieved from /home/airflow/.local/lib/python3.12/site-packages/airflow/example_dags/tutorial_dag.py
[2025-05-01T11:07:46.145+0000] {logging_mixin.py:188} INFO - [2025-05-01T11:07:46.145+0000] {dag.py:3096} INFO - Sync 1 DAGs
[2025-05-01T11:07:46.172+0000] {logging_mixin.py:188} INFO - [2025-05-01T11:07:46.172+0000] {dag.py:3954} INFO - Setting next_dagrun for tutorial_dag to None, run_after=None
[2025-05-01T11:07:46.258+0000] {processor.py:183} INFO - Processing /home/airflow/.local/lib/python3.12/site-packages/airflow/example_dags/tutorial_dag.py took 0.183 seconds
[2025-05-01T11:08:18.598+0000] {processor.py:161} INFO - Started process (PID=1991) to work on /home/airflow/.local/lib/python3.12/site-packages/airflow/example_dags/tutorial_dag.py
[2025-05-01T11:08:18.600+0000] {processor.py:830} INFO - Processing file /home/airflow/.local/lib/python3.12/site-packages/airflow/example_dags/tutorial_dag.py for tasks to queue
[2025-05-01T11:08:18.605+0000] {logging_mixin.py:188} INFO - [2025-05-01T11:08:18.604+0000] {dagbag.py:545} INFO - Filling up the DagBag from /home/airflow/.local/lib/python3.12/site-packages/airflow/example_dags/tutorial_dag.py
[2025-05-01T11:08:18.616+0000] {processor.py:840} INFO - DAG(s) 'tutorial_dag' retrieved from /home/airflow/.local/lib/python3.12/site-packages/airflow/example_dags/tutorial_dag.py
[2025-05-01T11:08:18.691+0000] {logging_mixin.py:188} INFO - [2025-05-01T11:08:18.690+0000] {dag.py:3096} INFO - Sync 1 DAGs
[2025-05-01T11:08:18.995+0000] {logging_mixin.py:188} INFO - [2025-05-01T11:08:18.994+0000] {dag.py:3954} INFO - Setting next_dagrun for tutorial_dag to None, run_after=None
[2025-05-01T11:08:19.062+0000] {processor.py:183} INFO - Processing /home/airflow/.local/lib/python3.12/site-packages/airflow/example_dags/tutorial_dag.py took 0.475 seconds
[2025-05-01T11:08:49.450+0000] {processor.py:161} INFO - Started process (PID=2050) to work on /home/airflow/.local/lib/python3.12/site-packages/airflow/example_dags/tutorial_dag.py
[2025-05-01T11:08:49.452+0000] {processor.py:830} INFO - Processing file /home/airflow/.local/lib/python3.12/site-packages/airflow/example_dags/tutorial_dag.py for tasks to queue
[2025-05-01T11:08:49.458+0000] {logging_mixin.py:188} INFO - [2025-05-01T11:08:49.457+0000] {dagbag.py:545} INFO - Filling up the DagBag from /home/airflow/.local/lib/python3.12/site-packages/airflow/example_dags/tutorial_dag.py
[2025-05-01T11:08:49.471+0000] {processor.py:840} INFO - DAG(s) 'tutorial_dag' retrieved from /home/airflow/.local/lib/python3.12/site-packages/airflow/example_dags/tutorial_dag.py
[2025-05-01T11:08:49.521+0000] {logging_mixin.py:188} INFO - [2025-05-01T11:08:49.520+0000] {dag.py:3096} INFO - Sync 1 DAGs
[2025-05-01T11:08:49.555+0000] {logging_mixin.py:188} INFO - [2025-05-01T11:08:49.554+0000] {dag.py:3954} INFO - Setting next_dagrun for tutorial_dag to None, run_after=None
[2025-05-01T11:08:49.607+0000] {processor.py:183} INFO - Processing /home/airflow/.local/lib/python3.12/site-packages/airflow/example_dags/tutorial_dag.py took 0.170 seconds
[2025-05-01T11:09:20.654+0000] {processor.py:161} INFO - Started process (PID=2109) to work on /home/airflow/.local/lib/python3.12/site-packages/airflow/example_dags/tutorial_dag.py
[2025-05-01T11:09:20.657+0000] {processor.py:830} INFO - Processing file /home/airflow/.local/lib/python3.12/site-packages/airflow/example_dags/tutorial_dag.py for tasks to queue
[2025-05-01T11:09:20.662+0000] {logging_mixin.py:188} INFO - [2025-05-01T11:09:20.661+0000] {dagbag.py:545} INFO - Filling up the DagBag from /home/airflow/.local/lib/python3.12/site-packages/airflow/example_dags/tutorial_dag.py
[2025-05-01T11:09:20.674+0000] {processor.py:840} INFO - DAG(s) 'tutorial_dag' retrieved from /home/airflow/.local/lib/python3.12/site-packages/airflow/example_dags/tutorial_dag.py
[2025-05-01T11:09:20.723+0000] {logging_mixin.py:188} INFO - [2025-05-01T11:09:20.722+0000] {dag.py:3096} INFO - Sync 1 DAGs
[2025-05-01T11:09:20.754+0000] {logging_mixin.py:188} INFO - [2025-05-01T11:09:20.753+0000] {dag.py:3954} INFO - Setting next_dagrun for tutorial_dag to None, run_after=None
[2025-05-01T11:09:20.810+0000] {processor.py:183} INFO - Processing /home/airflow/.local/lib/python3.12/site-packages/airflow/example_dags/tutorial_dag.py took 0.174 seconds
[2025-05-01T11:09:51.637+0000] {processor.py:161} INFO - Started process (PID=2168) to work on /home/airflow/.local/lib/python3.12/site-packages/airflow/example_dags/tutorial_dag.py
[2025-05-01T11:09:51.640+0000] {processor.py:830} INFO - Processing file /home/airflow/.local/lib/python3.12/site-packages/airflow/example_dags/tutorial_dag.py for tasks to queue
[2025-05-01T11:09:51.645+0000] {logging_mixin.py:188} INFO - [2025-05-01T11:09:51.644+0000] {dagbag.py:545} INFO - Filling up the DagBag from /home/airflow/.local/lib/python3.12/site-packages/airflow/example_dags/tutorial_dag.py
[2025-05-01T11:09:51.658+0000] {processor.py:840} INFO - DAG(s) 'tutorial_dag' retrieved from /home/airflow/.local/lib/python3.12/site-packages/airflow/example_dags/tutorial_dag.py
[2025-05-01T11:09:51.711+0000] {logging_mixin.py:188} INFO - [2025-05-01T11:09:51.710+0000] {dag.py:3096} INFO - Sync 1 DAGs
[2025-05-01T11:09:51.744+0000] {logging_mixin.py:188} INFO - [2025-05-01T11:09:51.743+0000] {dag.py:3954} INFO - Setting next_dagrun for tutorial_dag to None, run_after=None
[2025-05-01T11:09:51.799+0000] {processor.py:183} INFO - Processing /home/airflow/.local/lib/python3.12/site-packages/airflow/example_dags/tutorial_dag.py took 0.177 seconds
[2025-05-01T11:10:22.759+0000] {processor.py:161} INFO - Started process (PID=2227) to work on /home/airflow/.local/lib/python3.12/site-packages/airflow/example_dags/tutorial_dag.py
[2025-05-01T11:10:22.763+0000] {processor.py:830} INFO - Processing file /home/airflow/.local/lib/python3.12/site-packages/airflow/example_dags/tutorial_dag.py for tasks to queue
[2025-05-01T11:10:22.776+0000] {logging_mixin.py:188} INFO - [2025-05-01T11:10:22.775+0000] {dagbag.py:545} INFO - Filling up the DagBag from /home/airflow/.local/lib/python3.12/site-packages/airflow/example_dags/tutorial_dag.py
[2025-05-01T11:10:22.802+0000] {processor.py:840} INFO - DAG(s) 'tutorial_dag' retrieved from /home/airflow/.local/lib/python3.12/site-packages/airflow/example_dags/tutorial_dag.py
[2025-05-01T11:10:22.868+0000] {logging_mixin.py:188} INFO - [2025-05-01T11:10:22.867+0000] {dag.py:3096} INFO - Sync 1 DAGs
[2025-05-01T11:10:22.906+0000] {logging_mixin.py:188} INFO - [2025-05-01T11:10:22.905+0000] {dag.py:3954} INFO - Setting next_dagrun for tutorial_dag to None, run_after=None
[2025-05-01T11:10:22.958+0000] {processor.py:183} INFO - Processing /home/airflow/.local/lib/python3.12/site-packages/airflow/example_dags/tutorial_dag.py took 0.229 seconds
[2025-05-01T11:10:53.607+0000] {processor.py:161} INFO - Started process (PID=2286) to work on /home/airflow/.local/lib/python3.12/site-packages/airflow/example_dags/tutorial_dag.py
[2025-05-01T11:10:53.609+0000] {processor.py:830} INFO - Processing file /home/airflow/.local/lib/python3.12/site-packages/airflow/example_dags/tutorial_dag.py for tasks to queue
[2025-05-01T11:10:53.613+0000] {logging_mixin.py:188} INFO - [2025-05-01T11:10:53.612+0000] {dagbag.py:545} INFO - Filling up the DagBag from /home/airflow/.local/lib/python3.12/site-packages/airflow/example_dags/tutorial_dag.py
[2025-05-01T11:10:53.623+0000] {processor.py:840} INFO - DAG(s) 'tutorial_dag' retrieved from /home/airflow/.local/lib/python3.12/site-packages/airflow/example_dags/tutorial_dag.py
[2025-05-01T11:10:53.664+0000] {logging_mixin.py:188} INFO - [2025-05-01T11:10:53.663+0000] {dag.py:3096} INFO - Sync 1 DAGs
[2025-05-01T11:10:53.710+0000] {logging_mixin.py:188} INFO - [2025-05-01T11:10:53.709+0000] {dag.py:3954} INFO - Setting next_dagrun for tutorial_dag to None, run_after=None
[2025-05-01T11:10:53.762+0000] {processor.py:183} INFO - Processing /home/airflow/.local/lib/python3.12/site-packages/airflow/example_dags/tutorial_dag.py took 0.167 seconds
[2025-05-01T11:11:24.633+0000] {processor.py:161} INFO - Started process (PID=2351) to work on /home/airflow/.local/lib/python3.12/site-packages/airflow/example_dags/tutorial_dag.py
[2025-05-01T11:11:24.636+0000] {processor.py:830} INFO - Processing file /home/airflow/.local/lib/python3.12/site-packages/airflow/example_dags/tutorial_dag.py for tasks to queue
[2025-05-01T11:11:24.646+0000] {logging_mixin.py:188} INFO - [2025-05-01T11:11:24.644+0000] {dagbag.py:545} INFO - Filling up the DagBag from /home/airflow/.local/lib/python3.12/site-packages/airflow/example_dags/tutorial_dag.py
[2025-05-01T11:11:24.662+0000] {processor.py:840} INFO - DAG(s) 'tutorial_dag' retrieved from /home/airflow/.local/lib/python3.12/site-packages/airflow/example_dags/tutorial_dag.py
[2025-05-01T11:11:24.721+0000] {logging_mixin.py:188} INFO - [2025-05-01T11:11:24.721+0000] {dag.py:3096} INFO - Sync 1 DAGs
[2025-05-01T11:11:24.754+0000] {logging_mixin.py:188} INFO - [2025-05-01T11:11:24.754+0000] {dag.py:3954} INFO - Setting next_dagrun for tutorial_dag to None, run_after=None
[2025-05-01T11:11:24.793+0000] {processor.py:183} INFO - Processing /home/airflow/.local/lib/python3.12/site-packages/airflow/example_dags/tutorial_dag.py took 0.189 seconds
[2025-05-01T11:11:55.024+0000] {processor.py:161} INFO - Started process (PID=2410) to work on /home/airflow/.local/lib/python3.12/site-packages/airflow/example_dags/tutorial_dag.py
[2025-05-01T11:11:55.026+0000] {processor.py:830} INFO - Processing file /home/airflow/.local/lib/python3.12/site-packages/airflow/example_dags/tutorial_dag.py for tasks to queue
[2025-05-01T11:11:55.031+0000] {logging_mixin.py:188} INFO - [2025-05-01T11:11:55.030+0000] {dagbag.py:545} INFO - Filling up the DagBag from /home/airflow/.local/lib/python3.12/site-packages/airflow/example_dags/tutorial_dag.py
[2025-05-01T11:11:55.044+0000] {processor.py:840} INFO - DAG(s) 'tutorial_dag' retrieved from /home/airflow/.local/lib/python3.12/site-packages/airflow/example_dags/tutorial_dag.py
[2025-05-01T11:11:55.096+0000] {logging_mixin.py:188} INFO - [2025-05-01T11:11:55.095+0000] {dag.py:3096} INFO - Sync 1 DAGs
[2025-05-01T11:11:55.129+0000] {logging_mixin.py:188} INFO - [2025-05-01T11:11:55.129+0000] {dag.py:3954} INFO - Setting next_dagrun for tutorial_dag to None, run_after=None
[2025-05-01T11:11:55.203+0000] {processor.py:183} INFO - Processing /home/airflow/.local/lib/python3.12/site-packages/airflow/example_dags/tutorial_dag.py took 0.191 seconds
[2025-05-01T11:12:25.439+0000] {processor.py:161} INFO - Started process (PID=2469) to work on /home/airflow/.local/lib/python3.12/site-packages/airflow/example_dags/tutorial_dag.py
[2025-05-01T11:12:25.441+0000] {processor.py:830} INFO - Processing file /home/airflow/.local/lib/python3.12/site-packages/airflow/example_dags/tutorial_dag.py for tasks to queue
[2025-05-01T11:12:25.445+0000] {logging_mixin.py:188} INFO - [2025-05-01T11:12:25.445+0000] {dagbag.py:545} INFO - Filling up the DagBag from /home/airflow/.local/lib/python3.12/site-packages/airflow/example_dags/tutorial_dag.py
[2025-05-01T11:12:25.455+0000] {processor.py:840} INFO - DAG(s) 'tutorial_dag' retrieved from /home/airflow/.local/lib/python3.12/site-packages/airflow/example_dags/tutorial_dag.py
[2025-05-01T11:12:25.500+0000] {logging_mixin.py:188} INFO - [2025-05-01T11:12:25.499+0000] {dag.py:3096} INFO - Sync 1 DAGs
[2025-05-01T11:12:25.534+0000] {logging_mixin.py:188} INFO - [2025-05-01T11:12:25.534+0000] {dag.py:3954} INFO - Setting next_dagrun for tutorial_dag to None, run_after=None
[2025-05-01T11:12:25.622+0000] {processor.py:183} INFO - Processing /home/airflow/.local/lib/python3.12/site-packages/airflow/example_dags/tutorial_dag.py took 0.193 seconds
[2025-05-01T11:12:55.717+0000] {processor.py:161} INFO - Started process (PID=2526) to work on /home/airflow/.local/lib/python3.12/site-packages/airflow/example_dags/tutorial_dag.py
[2025-05-01T11:12:55.720+0000] {processor.py:830} INFO - Processing file /home/airflow/.local/lib/python3.12/site-packages/airflow/example_dags/tutorial_dag.py for tasks to queue
[2025-05-01T11:12:55.724+0000] {logging_mixin.py:188} INFO - [2025-05-01T11:12:55.723+0000] {dagbag.py:545} INFO - Filling up the DagBag from /home/airflow/.local/lib/python3.12/site-packages/airflow/example_dags/tutorial_dag.py
[2025-05-01T11:12:55.733+0000] {processor.py:840} INFO - DAG(s) 'tutorial_dag' retrieved from /home/airflow/.local/lib/python3.12/site-packages/airflow/example_dags/tutorial_dag.py
[2025-05-01T11:12:55.772+0000] {logging_mixin.py:188} INFO - [2025-05-01T11:12:55.772+0000] {dag.py:3096} INFO - Sync 1 DAGs
[2025-05-01T11:12:55.799+0000] {logging_mixin.py:188} INFO - [2025-05-01T11:12:55.798+0000] {dag.py:3954} INFO - Setting next_dagrun for tutorial_dag to None, run_after=None
[2025-05-01T11:12:55.885+0000] {processor.py:183} INFO - Processing /home/airflow/.local/lib/python3.12/site-packages/airflow/example_dags/tutorial_dag.py took 0.177 seconds
[2025-05-01T11:13:26.695+0000] {processor.py:161} INFO - Started process (PID=2585) to work on /home/airflow/.local/lib/python3.12/site-packages/airflow/example_dags/tutorial_dag.py
[2025-05-01T11:13:26.698+0000] {processor.py:830} INFO - Processing file /home/airflow/.local/lib/python3.12/site-packages/airflow/example_dags/tutorial_dag.py for tasks to queue
[2025-05-01T11:13:26.703+0000] {logging_mixin.py:188} INFO - [2025-05-01T11:13:26.702+0000] {dagbag.py:545} INFO - Filling up the DagBag from /home/airflow/.local/lib/python3.12/site-packages/airflow/example_dags/tutorial_dag.py
[2025-05-01T11:13:26.715+0000] {processor.py:840} INFO - DAG(s) 'tutorial_dag' retrieved from /home/airflow/.local/lib/python3.12/site-packages/airflow/example_dags/tutorial_dag.py
[2025-05-01T11:13:26.771+0000] {logging_mixin.py:188} INFO - [2025-05-01T11:13:26.771+0000] {dag.py:3096} INFO - Sync 1 DAGs
[2025-05-01T11:13:26.806+0000] {logging_mixin.py:188} INFO - [2025-05-01T11:13:26.805+0000] {dag.py:3954} INFO - Setting next_dagrun for tutorial_dag to None, run_after=None
[2025-05-01T11:13:26.858+0000] {processor.py:183} INFO - Processing /home/airflow/.local/lib/python3.12/site-packages/airflow/example_dags/tutorial_dag.py took 0.175 seconds
[2025-05-01T11:13:57.543+0000] {processor.py:161} INFO - Started process (PID=2644) to work on /home/airflow/.local/lib/python3.12/site-packages/airflow/example_dags/tutorial_dag.py
[2025-05-01T11:13:57.546+0000] {processor.py:830} INFO - Processing file /home/airflow/.local/lib/python3.12/site-packages/airflow/example_dags/tutorial_dag.py for tasks to queue
[2025-05-01T11:13:57.550+0000] {logging_mixin.py:188} INFO - [2025-05-01T11:13:57.549+0000] {dagbag.py:545} INFO - Filling up the DagBag from /home/airflow/.local/lib/python3.12/site-packages/airflow/example_dags/tutorial_dag.py
[2025-05-01T11:13:57.561+0000] {processor.py:840} INFO - DAG(s) 'tutorial_dag' retrieved from /home/airflow/.local/lib/python3.12/site-packages/airflow/example_dags/tutorial_dag.py
[2025-05-01T11:13:57.612+0000] {logging_mixin.py:188} INFO - [2025-05-01T11:13:57.611+0000] {dag.py:3096} INFO - Sync 1 DAGs
[2025-05-01T11:13:57.648+0000] {logging_mixin.py:188} INFO - [2025-05-01T11:13:57.648+0000] {dag.py:3954} INFO - Setting next_dagrun for tutorial_dag to None, run_after=None
[2025-05-01T11:13:57.739+0000] {processor.py:183} INFO - Processing /home/airflow/.local/lib/python3.12/site-packages/airflow/example_dags/tutorial_dag.py took 0.215 seconds
[2025-05-01T11:14:27.997+0000] {processor.py:161} INFO - Started process (PID=2703) to work on /home/airflow/.local/lib/python3.12/site-packages/airflow/example_dags/tutorial_dag.py
[2025-05-01T11:14:28.001+0000] {processor.py:830} INFO - Processing file /home/airflow/.local/lib/python3.12/site-packages/airflow/example_dags/tutorial_dag.py for tasks to queue
[2025-05-01T11:14:28.007+0000] {logging_mixin.py:188} INFO - [2025-05-01T11:14:28.006+0000] {dagbag.py:545} INFO - Filling up the DagBag from /home/airflow/.local/lib/python3.12/site-packages/airflow/example_dags/tutorial_dag.py
[2025-05-01T11:14:28.025+0000] {processor.py:840} INFO - DAG(s) 'tutorial_dag' retrieved from /home/airflow/.local/lib/python3.12/site-packages/airflow/example_dags/tutorial_dag.py
[2025-05-01T11:14:28.087+0000] {logging_mixin.py:188} INFO - [2025-05-01T11:14:28.086+0000] {dag.py:3096} INFO - Sync 1 DAGs
[2025-05-01T11:14:28.123+0000] {logging_mixin.py:188} INFO - [2025-05-01T11:14:28.122+0000] {dag.py:3954} INFO - Setting next_dagrun for tutorial_dag to None, run_after=None
[2025-05-01T11:14:28.175+0000] {processor.py:183} INFO - Processing /home/airflow/.local/lib/python3.12/site-packages/airflow/example_dags/tutorial_dag.py took 0.197 seconds
[2025-05-01T11:14:59.018+0000] {processor.py:161} INFO - Started process (PID=2762) to work on /home/airflow/.local/lib/python3.12/site-packages/airflow/example_dags/tutorial_dag.py
[2025-05-01T11:14:59.034+0000] {processor.py:830} INFO - Processing file /home/airflow/.local/lib/python3.12/site-packages/airflow/example_dags/tutorial_dag.py for tasks to queue
[2025-05-01T11:14:59.052+0000] {logging_mixin.py:188} INFO - [2025-05-01T11:14:59.051+0000] {dagbag.py:545} INFO - Filling up the DagBag from /home/airflow/.local/lib/python3.12/site-packages/airflow/example_dags/tutorial_dag.py
[2025-05-01T11:14:59.073+0000] {processor.py:840} INFO - DAG(s) 'tutorial_dag' retrieved from /home/airflow/.local/lib/python3.12/site-packages/airflow/example_dags/tutorial_dag.py
[2025-05-01T11:14:59.125+0000] {logging_mixin.py:188} INFO - [2025-05-01T11:14:59.124+0000] {dag.py:3096} INFO - Sync 1 DAGs
[2025-05-01T11:14:59.151+0000] {logging_mixin.py:188} INFO - [2025-05-01T11:14:59.151+0000] {dag.py:3954} INFO - Setting next_dagrun for tutorial_dag to None, run_after=None
[2025-05-01T11:14:59.208+0000] {processor.py:183} INFO - Processing /home/airflow/.local/lib/python3.12/site-packages/airflow/example_dags/tutorial_dag.py took 0.211 seconds
[2025-05-01T11:15:29.656+0000] {processor.py:161} INFO - Started process (PID=2821) to work on /home/airflow/.local/lib/python3.12/site-packages/airflow/example_dags/tutorial_dag.py
[2025-05-01T11:15:29.659+0000] {processor.py:830} INFO - Processing file /home/airflow/.local/lib/python3.12/site-packages/airflow/example_dags/tutorial_dag.py for tasks to queue
[2025-05-01T11:15:29.665+0000] {logging_mixin.py:188} INFO - [2025-05-01T11:15:29.664+0000] {dagbag.py:545} INFO - Filling up the DagBag from /home/airflow/.local/lib/python3.12/site-packages/airflow/example_dags/tutorial_dag.py
[2025-05-01T11:15:29.679+0000] {processor.py:840} INFO - DAG(s) 'tutorial_dag' retrieved from /home/airflow/.local/lib/python3.12/site-packages/airflow/example_dags/tutorial_dag.py
[2025-05-01T11:15:29.738+0000] {logging_mixin.py:188} INFO - [2025-05-01T11:15:29.737+0000] {dag.py:3096} INFO - Sync 1 DAGs
[2025-05-01T11:15:29.777+0000] {logging_mixin.py:188} INFO - [2025-05-01T11:15:29.776+0000] {dag.py:3954} INFO - Setting next_dagrun for tutorial_dag to None, run_after=None
[2025-05-01T11:15:29.841+0000] {processor.py:183} INFO - Processing /home/airflow/.local/lib/python3.12/site-packages/airflow/example_dags/tutorial_dag.py took 0.200 seconds
[2025-05-01T11:16:00.852+0000] {processor.py:161} INFO - Started process (PID=2881) to work on /home/airflow/.local/lib/python3.12/site-packages/airflow/example_dags/tutorial_dag.py
[2025-05-01T11:16:00.855+0000] {processor.py:830} INFO - Processing file /home/airflow/.local/lib/python3.12/site-packages/airflow/example_dags/tutorial_dag.py for tasks to queue
[2025-05-01T11:16:00.860+0000] {logging_mixin.py:188} INFO - [2025-05-01T11:16:00.859+0000] {dagbag.py:545} INFO - Filling up the DagBag from /home/airflow/.local/lib/python3.12/site-packages/airflow/example_dags/tutorial_dag.py
[2025-05-01T11:16:00.873+0000] {processor.py:840} INFO - DAG(s) 'tutorial_dag' retrieved from /home/airflow/.local/lib/python3.12/site-packages/airflow/example_dags/tutorial_dag.py
[2025-05-01T11:16:00.924+0000] {logging_mixin.py:188} INFO - [2025-05-01T11:16:00.923+0000] {dag.py:3096} INFO - Sync 1 DAGs
[2025-05-01T11:16:00.954+0000] {logging_mixin.py:188} INFO - [2025-05-01T11:16:00.954+0000] {dag.py:3954} INFO - Setting next_dagrun for tutorial_dag to None, run_after=None
[2025-05-01T11:16:01.048+0000] {processor.py:183} INFO - Processing /home/airflow/.local/lib/python3.12/site-packages/airflow/example_dags/tutorial_dag.py took 0.211 seconds
[2025-05-01T11:16:31.537+0000] {processor.py:161} INFO - Started process (PID=2940) to work on /home/airflow/.local/lib/python3.12/site-packages/airflow/example_dags/tutorial_dag.py
[2025-05-01T11:16:31.540+0000] {processor.py:830} INFO - Processing file /home/airflow/.local/lib/python3.12/site-packages/airflow/example_dags/tutorial_dag.py for tasks to queue
[2025-05-01T11:16:31.545+0000] {logging_mixin.py:188} INFO - [2025-05-01T11:16:31.544+0000] {dagbag.py:545} INFO - Filling up the DagBag from /home/airflow/.local/lib/python3.12/site-packages/airflow/example_dags/tutorial_dag.py
[2025-05-01T11:16:31.556+0000] {processor.py:840} INFO - DAG(s) 'tutorial_dag' retrieved from /home/airflow/.local/lib/python3.12/site-packages/airflow/example_dags/tutorial_dag.py
[2025-05-01T11:16:31.608+0000] {logging_mixin.py:188} INFO - [2025-05-01T11:16:31.607+0000] {dag.py:3096} INFO - Sync 1 DAGs
[2025-05-01T11:16:31.640+0000] {logging_mixin.py:188} INFO - [2025-05-01T11:16:31.639+0000] {dag.py:3954} INFO - Setting next_dagrun for tutorial_dag to None, run_after=None
[2025-05-01T11:16:31.724+0000] {processor.py:183} INFO - Processing /home/airflow/.local/lib/python3.12/site-packages/airflow/example_dags/tutorial_dag.py took 0.207 seconds
[2025-05-01T11:17:02.183+0000] {processor.py:161} INFO - Started process (PID=3000) to work on /home/airflow/.local/lib/python3.12/site-packages/airflow/example_dags/tutorial_dag.py
[2025-05-01T11:17:02.185+0000] {processor.py:830} INFO - Processing file /home/airflow/.local/lib/python3.12/site-packages/airflow/example_dags/tutorial_dag.py for tasks to queue
[2025-05-01T11:17:02.192+0000] {logging_mixin.py:188} INFO - [2025-05-01T11:17:02.191+0000] {dagbag.py:545} INFO - Filling up the DagBag from /home/airflow/.local/lib/python3.12/site-packages/airflow/example_dags/tutorial_dag.py
[2025-05-01T11:17:02.204+0000] {processor.py:840} INFO - DAG(s) 'tutorial_dag' retrieved from /home/airflow/.local/lib/python3.12/site-packages/airflow/example_dags/tutorial_dag.py
[2025-05-01T11:17:02.310+0000] {logging_mixin.py:188} INFO - [2025-05-01T11:17:02.303+0000] {dag.py:3096} INFO - Sync 1 DAGs
[2025-05-01T11:17:02.359+0000] {logging_mixin.py:188} INFO - [2025-05-01T11:17:02.358+0000] {dag.py:3954} INFO - Setting next_dagrun for tutorial_dag to None, run_after=None
[2025-05-01T11:17:02.425+0000] {processor.py:183} INFO - Processing /home/airflow/.local/lib/python3.12/site-packages/airflow/example_dags/tutorial_dag.py took 0.257 seconds
[2025-05-01T11:17:33.098+0000] {processor.py:161} INFO - Started process (PID=3059) to work on /home/airflow/.local/lib/python3.12/site-packages/airflow/example_dags/tutorial_dag.py
[2025-05-01T11:17:33.102+0000] {processor.py:830} INFO - Processing file /home/airflow/.local/lib/python3.12/site-packages/airflow/example_dags/tutorial_dag.py for tasks to queue
[2025-05-01T11:17:33.110+0000] {logging_mixin.py:188} INFO - [2025-05-01T11:17:33.109+0000] {dagbag.py:545} INFO - Filling up the DagBag from /home/airflow/.local/lib/python3.12/site-packages/airflow/example_dags/tutorial_dag.py
[2025-05-01T11:17:33.132+0000] {processor.py:840} INFO - DAG(s) 'tutorial_dag' retrieved from /home/airflow/.local/lib/python3.12/site-packages/airflow/example_dags/tutorial_dag.py
[2025-05-01T11:17:33.231+0000] {logging_mixin.py:188} INFO - [2025-05-01T11:17:33.230+0000] {dag.py:3096} INFO - Sync 1 DAGs
[2025-05-01T11:17:33.280+0000] {logging_mixin.py:188} INFO - [2025-05-01T11:17:33.279+0000] {dag.py:3954} INFO - Setting next_dagrun for tutorial_dag to None, run_after=None
[2025-05-01T11:17:33.385+0000] {processor.py:183} INFO - Processing /home/airflow/.local/lib/python3.12/site-packages/airflow/example_dags/tutorial_dag.py took 0.309 seconds
[2025-05-01T11:18:03.545+0000] {processor.py:161} INFO - Started process (PID=3118) to work on /home/airflow/.local/lib/python3.12/site-packages/airflow/example_dags/tutorial_dag.py
[2025-05-01T11:18:03.547+0000] {processor.py:830} INFO - Processing file /home/airflow/.local/lib/python3.12/site-packages/airflow/example_dags/tutorial_dag.py for tasks to queue
[2025-05-01T11:18:03.554+0000] {logging_mixin.py:188} INFO - [2025-05-01T11:18:03.553+0000] {dagbag.py:545} INFO - Filling up the DagBag from /home/airflow/.local/lib/python3.12/site-packages/airflow/example_dags/tutorial_dag.py
[2025-05-01T11:18:03.568+0000] {processor.py:840} INFO - DAG(s) 'tutorial_dag' retrieved from /home/airflow/.local/lib/python3.12/site-packages/airflow/example_dags/tutorial_dag.py
[2025-05-01T11:18:03.614+0000] {logging_mixin.py:188} INFO - [2025-05-01T11:18:03.613+0000] {dag.py:3096} INFO - Sync 1 DAGs
[2025-05-01T11:18:03.652+0000] {logging_mixin.py:188} INFO - [2025-05-01T11:18:03.652+0000] {dag.py:3954} INFO - Setting next_dagrun for tutorial_dag to None, run_after=None
[2025-05-01T11:18:03.737+0000] {processor.py:183} INFO - Processing /home/airflow/.local/lib/python3.12/site-packages/airflow/example_dags/tutorial_dag.py took 0.204 seconds
[2025-05-01T11:18:34.082+0000] {processor.py:161} INFO - Started process (PID=3177) to work on /home/airflow/.local/lib/python3.12/site-packages/airflow/example_dags/tutorial_dag.py
[2025-05-01T11:18:34.084+0000] {processor.py:830} INFO - Processing file /home/airflow/.local/lib/python3.12/site-packages/airflow/example_dags/tutorial_dag.py for tasks to queue
[2025-05-01T11:18:34.088+0000] {logging_mixin.py:188} INFO - [2025-05-01T11:18:34.087+0000] {dagbag.py:545} INFO - Filling up the DagBag from /home/airflow/.local/lib/python3.12/site-packages/airflow/example_dags/tutorial_dag.py
[2025-05-01T11:18:34.102+0000] {processor.py:840} INFO - DAG(s) 'tutorial_dag' retrieved from /home/airflow/.local/lib/python3.12/site-packages/airflow/example_dags/tutorial_dag.py
[2025-05-01T11:18:34.143+0000] {logging_mixin.py:188} INFO - [2025-05-01T11:18:34.143+0000] {dag.py:3096} INFO - Sync 1 DAGs
[2025-05-01T11:18:34.171+0000] {logging_mixin.py:188} INFO - [2025-05-01T11:18:34.170+0000] {dag.py:3954} INFO - Setting next_dagrun for tutorial_dag to None, run_after=None
[2025-05-01T11:18:34.214+0000] {processor.py:183} INFO - Processing /home/airflow/.local/lib/python3.12/site-packages/airflow/example_dags/tutorial_dag.py took 0.144 seconds
[2025-05-01T11:19:04.865+0000] {processor.py:161} INFO - Started process (PID=3237) to work on /home/airflow/.local/lib/python3.12/site-packages/airflow/example_dags/tutorial_dag.py
[2025-05-01T11:19:04.868+0000] {processor.py:830} INFO - Processing file /home/airflow/.local/lib/python3.12/site-packages/airflow/example_dags/tutorial_dag.py for tasks to queue
[2025-05-01T11:19:04.874+0000] {logging_mixin.py:188} INFO - [2025-05-01T11:19:04.873+0000] {dagbag.py:545} INFO - Filling up the DagBag from /home/airflow/.local/lib/python3.12/site-packages/airflow/example_dags/tutorial_dag.py
[2025-05-01T11:19:04.888+0000] {processor.py:840} INFO - DAG(s) 'tutorial_dag' retrieved from /home/airflow/.local/lib/python3.12/site-packages/airflow/example_dags/tutorial_dag.py
[2025-05-01T11:19:04.943+0000] {logging_mixin.py:188} INFO - [2025-05-01T11:19:04.942+0000] {dag.py:3096} INFO - Sync 1 DAGs
[2025-05-01T11:19:04.978+0000] {logging_mixin.py:188} INFO - [2025-05-01T11:19:04.978+0000] {dag.py:3954} INFO - Setting next_dagrun for tutorial_dag to None, run_after=None
[2025-05-01T11:19:05.073+0000] {processor.py:183} INFO - Processing /home/airflow/.local/lib/python3.12/site-packages/airflow/example_dags/tutorial_dag.py took 0.225 seconds
[2025-05-01T11:19:35.533+0000] {processor.py:161} INFO - Started process (PID=3296) to work on /home/airflow/.local/lib/python3.12/site-packages/airflow/example_dags/tutorial_dag.py
[2025-05-01T11:19:35.535+0000] {processor.py:830} INFO - Processing file /home/airflow/.local/lib/python3.12/site-packages/airflow/example_dags/tutorial_dag.py for tasks to queue
[2025-05-01T11:19:35.541+0000] {logging_mixin.py:188} INFO - [2025-05-01T11:19:35.540+0000] {dagbag.py:545} INFO - Filling up the DagBag from /home/airflow/.local/lib/python3.12/site-packages/airflow/example_dags/tutorial_dag.py
[2025-05-01T11:19:35.552+0000] {processor.py:840} INFO - DAG(s) 'tutorial_dag' retrieved from /home/airflow/.local/lib/python3.12/site-packages/airflow/example_dags/tutorial_dag.py
[2025-05-01T11:19:35.599+0000] {logging_mixin.py:188} INFO - [2025-05-01T11:19:35.598+0000] {dag.py:3096} INFO - Sync 1 DAGs
[2025-05-01T11:19:35.626+0000] {logging_mixin.py:188} INFO - [2025-05-01T11:19:35.626+0000] {dag.py:3954} INFO - Setting next_dagrun for tutorial_dag to None, run_after=None
[2025-05-01T11:19:35.673+0000] {processor.py:183} INFO - Processing /home/airflow/.local/lib/python3.12/site-packages/airflow/example_dags/tutorial_dag.py took 0.161 seconds
[2025-05-01T11:20:06.559+0000] {processor.py:161} INFO - Started process (PID=3355) to work on /home/airflow/.local/lib/python3.12/site-packages/airflow/example_dags/tutorial_dag.py
[2025-05-01T11:20:06.562+0000] {processor.py:830} INFO - Processing file /home/airflow/.local/lib/python3.12/site-packages/airflow/example_dags/tutorial_dag.py for tasks to queue
[2025-05-01T11:20:06.567+0000] {logging_mixin.py:188} INFO - [2025-05-01T11:20:06.566+0000] {dagbag.py:545} INFO - Filling up the DagBag from /home/airflow/.local/lib/python3.12/site-packages/airflow/example_dags/tutorial_dag.py
[2025-05-01T11:20:06.580+0000] {processor.py:840} INFO - DAG(s) 'tutorial_dag' retrieved from /home/airflow/.local/lib/python3.12/site-packages/airflow/example_dags/tutorial_dag.py
[2025-05-01T11:20:06.626+0000] {logging_mixin.py:188} INFO - [2025-05-01T11:20:06.626+0000] {dag.py:3096} INFO - Sync 1 DAGs
[2025-05-01T11:20:06.658+0000] {logging_mixin.py:188} INFO - [2025-05-01T11:20:06.658+0000] {dag.py:3954} INFO - Setting next_dagrun for tutorial_dag to None, run_after=None
[2025-05-01T11:20:06.704+0000] {processor.py:183} INFO - Processing /home/airflow/.local/lib/python3.12/site-packages/airflow/example_dags/tutorial_dag.py took 0.163 seconds
[2025-05-01T11:20:37.214+0000] {processor.py:161} INFO - Started process (PID=3414) to work on /home/airflow/.local/lib/python3.12/site-packages/airflow/example_dags/tutorial_dag.py
[2025-05-01T11:20:37.216+0000] {processor.py:830} INFO - Processing file /home/airflow/.local/lib/python3.12/site-packages/airflow/example_dags/tutorial_dag.py for tasks to queue
[2025-05-01T11:20:37.221+0000] {logging_mixin.py:188} INFO - [2025-05-01T11:20:37.220+0000] {dagbag.py:545} INFO - Filling up the DagBag from /home/airflow/.local/lib/python3.12/site-packages/airflow/example_dags/tutorial_dag.py
[2025-05-01T11:20:37.233+0000] {processor.py:840} INFO - DAG(s) 'tutorial_dag' retrieved from /home/airflow/.local/lib/python3.12/site-packages/airflow/example_dags/tutorial_dag.py
[2025-05-01T11:20:37.285+0000] {logging_mixin.py:188} INFO - [2025-05-01T11:20:37.284+0000] {dag.py:3096} INFO - Sync 1 DAGs
[2025-05-01T11:20:37.326+0000] {logging_mixin.py:188} INFO - [2025-05-01T11:20:37.325+0000] {dag.py:3954} INFO - Setting next_dagrun for tutorial_dag to None, run_after=None
[2025-05-01T11:20:37.378+0000] {processor.py:183} INFO - Processing /home/airflow/.local/lib/python3.12/site-packages/airflow/example_dags/tutorial_dag.py took 0.178 seconds
[2025-05-01T11:21:07.785+0000] {processor.py:161} INFO - Started process (PID=3473) to work on /home/airflow/.local/lib/python3.12/site-packages/airflow/example_dags/tutorial_dag.py
[2025-05-01T11:21:07.787+0000] {processor.py:830} INFO - Processing file /home/airflow/.local/lib/python3.12/site-packages/airflow/example_dags/tutorial_dag.py for tasks to queue
[2025-05-01T11:21:07.792+0000] {logging_mixin.py:188} INFO - [2025-05-01T11:21:07.792+0000] {dagbag.py:545} INFO - Filling up the DagBag from /home/airflow/.local/lib/python3.12/site-packages/airflow/example_dags/tutorial_dag.py
[2025-05-01T11:21:07.809+0000] {processor.py:840} INFO - DAG(s) 'tutorial_dag' retrieved from /home/airflow/.local/lib/python3.12/site-packages/airflow/example_dags/tutorial_dag.py
[2025-05-01T11:21:07.864+0000] {logging_mixin.py:188} INFO - [2025-05-01T11:21:07.863+0000] {dag.py:3096} INFO - Sync 1 DAGs
[2025-05-01T11:21:07.896+0000] {logging_mixin.py:188} INFO - [2025-05-01T11:21:07.895+0000] {dag.py:3954} INFO - Setting next_dagrun for tutorial_dag to None, run_after=None
[2025-05-01T11:21:07.947+0000] {processor.py:183} INFO - Processing /home/airflow/.local/lib/python3.12/site-packages/airflow/example_dags/tutorial_dag.py took 0.176 seconds
[2025-05-01T11:21:38.518+0000] {processor.py:161} INFO - Started process (PID=3532) to work on /home/airflow/.local/lib/python3.12/site-packages/airflow/example_dags/tutorial_dag.py
[2025-05-01T11:21:38.520+0000] {processor.py:830} INFO - Processing file /home/airflow/.local/lib/python3.12/site-packages/airflow/example_dags/tutorial_dag.py for tasks to queue
[2025-05-01T11:21:38.525+0000] {logging_mixin.py:188} INFO - [2025-05-01T11:21:38.525+0000] {dagbag.py:545} INFO - Filling up the DagBag from /home/airflow/.local/lib/python3.12/site-packages/airflow/example_dags/tutorial_dag.py
[2025-05-01T11:21:38.536+0000] {processor.py:840} INFO - DAG(s) 'tutorial_dag' retrieved from /home/airflow/.local/lib/python3.12/site-packages/airflow/example_dags/tutorial_dag.py
[2025-05-01T11:21:38.587+0000] {logging_mixin.py:188} INFO - [2025-05-01T11:21:38.586+0000] {dag.py:3096} INFO - Sync 1 DAGs
[2025-05-01T11:21:38.618+0000] {logging_mixin.py:188} INFO - [2025-05-01T11:21:38.617+0000] {dag.py:3954} INFO - Setting next_dagrun for tutorial_dag to None, run_after=None
[2025-05-01T11:21:38.710+0000] {processor.py:183} INFO - Processing /home/airflow/.local/lib/python3.12/site-packages/airflow/example_dags/tutorial_dag.py took 0.206 seconds
[2025-05-01T11:22:08.844+0000] {processor.py:161} INFO - Started process (PID=3591) to work on /home/airflow/.local/lib/python3.12/site-packages/airflow/example_dags/tutorial_dag.py
[2025-05-01T11:22:08.846+0000] {processor.py:830} INFO - Processing file /home/airflow/.local/lib/python3.12/site-packages/airflow/example_dags/tutorial_dag.py for tasks to queue
[2025-05-01T11:22:08.850+0000] {logging_mixin.py:188} INFO - [2025-05-01T11:22:08.849+0000] {dagbag.py:545} INFO - Filling up the DagBag from /home/airflow/.local/lib/python3.12/site-packages/airflow/example_dags/tutorial_dag.py
[2025-05-01T11:22:08.860+0000] {processor.py:840} INFO - DAG(s) 'tutorial_dag' retrieved from /home/airflow/.local/lib/python3.12/site-packages/airflow/example_dags/tutorial_dag.py
[2025-05-01T11:22:08.903+0000] {logging_mixin.py:188} INFO - [2025-05-01T11:22:08.902+0000] {dag.py:3096} INFO - Sync 1 DAGs
[2025-05-01T11:22:08.929+0000] {logging_mixin.py:188} INFO - [2025-05-01T11:22:08.928+0000] {dag.py:3954} INFO - Setting next_dagrun for tutorial_dag to None, run_after=None
[2025-05-01T11:22:09.014+0000] {processor.py:183} INFO - Processing /home/airflow/.local/lib/python3.12/site-packages/airflow/example_dags/tutorial_dag.py took 0.183 seconds
[2025-05-01T11:22:39.369+0000] {processor.py:161} INFO - Started process (PID=3649) to work on /home/airflow/.local/lib/python3.12/site-packages/airflow/example_dags/tutorial_dag.py
[2025-05-01T11:22:39.371+0000] {processor.py:830} INFO - Processing file /home/airflow/.local/lib/python3.12/site-packages/airflow/example_dags/tutorial_dag.py for tasks to queue
[2025-05-01T11:22:39.375+0000] {logging_mixin.py:188} INFO - [2025-05-01T11:22:39.375+0000] {dagbag.py:545} INFO - Filling up the DagBag from /home/airflow/.local/lib/python3.12/site-packages/airflow/example_dags/tutorial_dag.py
[2025-05-01T11:22:39.386+0000] {processor.py:840} INFO - DAG(s) 'tutorial_dag' retrieved from /home/airflow/.local/lib/python3.12/site-packages/airflow/example_dags/tutorial_dag.py
[2025-05-01T11:22:39.440+0000] {logging_mixin.py:188} INFO - [2025-05-01T11:22:39.439+0000] {dag.py:3096} INFO - Sync 1 DAGs
[2025-05-01T11:22:39.469+0000] {logging_mixin.py:188} INFO - [2025-05-01T11:22:39.468+0000] {dag.py:3954} INFO - Setting next_dagrun for tutorial_dag to None, run_after=None
[2025-05-01T11:22:39.525+0000] {processor.py:183} INFO - Processing /home/airflow/.local/lib/python3.12/site-packages/airflow/example_dags/tutorial_dag.py took 0.167 seconds
[2025-05-01T11:23:09.739+0000] {processor.py:161} INFO - Started process (PID=3708) to work on /home/airflow/.local/lib/python3.12/site-packages/airflow/example_dags/tutorial_dag.py
[2025-05-01T11:23:09.742+0000] {processor.py:830} INFO - Processing file /home/airflow/.local/lib/python3.12/site-packages/airflow/example_dags/tutorial_dag.py for tasks to queue
[2025-05-01T11:23:09.747+0000] {logging_mixin.py:188} INFO - [2025-05-01T11:23:09.746+0000] {dagbag.py:545} INFO - Filling up the DagBag from /home/airflow/.local/lib/python3.12/site-packages/airflow/example_dags/tutorial_dag.py
[2025-05-01T11:23:09.760+0000] {processor.py:840} INFO - DAG(s) 'tutorial_dag' retrieved from /home/airflow/.local/lib/python3.12/site-packages/airflow/example_dags/tutorial_dag.py
[2025-05-01T11:23:09.809+0000] {logging_mixin.py:188} INFO - [2025-05-01T11:23:09.808+0000] {dag.py:3096} INFO - Sync 1 DAGs
[2025-05-01T11:23:09.846+0000] {logging_mixin.py:188} INFO - [2025-05-01T11:23:09.845+0000] {dag.py:3954} INFO - Setting next_dagrun for tutorial_dag to None, run_after=None
[2025-05-01T11:23:09.908+0000] {processor.py:183} INFO - Processing /home/airflow/.local/lib/python3.12/site-packages/airflow/example_dags/tutorial_dag.py took 0.181 seconds
[2025-05-01T11:23:40.598+0000] {processor.py:161} INFO - Started process (PID=3768) to work on /home/airflow/.local/lib/python3.12/site-packages/airflow/example_dags/tutorial_dag.py
[2025-05-01T11:23:40.601+0000] {processor.py:830} INFO - Processing file /home/airflow/.local/lib/python3.12/site-packages/airflow/example_dags/tutorial_dag.py for tasks to queue
[2025-05-01T11:23:40.607+0000] {logging_mixin.py:188} INFO - [2025-05-01T11:23:40.606+0000] {dagbag.py:545} INFO - Filling up the DagBag from /home/airflow/.local/lib/python3.12/site-packages/airflow/example_dags/tutorial_dag.py
[2025-05-01T11:23:40.622+0000] {processor.py:840} INFO - DAG(s) 'tutorial_dag' retrieved from /home/airflow/.local/lib/python3.12/site-packages/airflow/example_dags/tutorial_dag.py
[2025-05-01T11:23:40.691+0000] {logging_mixin.py:188} INFO - [2025-05-01T11:23:40.689+0000] {dag.py:3096} INFO - Sync 1 DAGs
[2025-05-01T11:23:40.729+0000] {logging_mixin.py:188} INFO - [2025-05-01T11:23:40.728+0000] {dag.py:3954} INFO - Setting next_dagrun for tutorial_dag to None, run_after=None
[2025-05-01T11:23:40.797+0000] {processor.py:183} INFO - Processing /home/airflow/.local/lib/python3.12/site-packages/airflow/example_dags/tutorial_dag.py took 0.216 seconds
[2025-05-01T11:24:11.154+0000] {processor.py:161} INFO - Started process (PID=3827) to work on /home/airflow/.local/lib/python3.12/site-packages/airflow/example_dags/tutorial_dag.py
[2025-05-01T11:24:11.156+0000] {processor.py:830} INFO - Processing file /home/airflow/.local/lib/python3.12/site-packages/airflow/example_dags/tutorial_dag.py for tasks to queue
[2025-05-01T11:24:11.160+0000] {logging_mixin.py:188} INFO - [2025-05-01T11:24:11.160+0000] {dagbag.py:545} INFO - Filling up the DagBag from /home/airflow/.local/lib/python3.12/site-packages/airflow/example_dags/tutorial_dag.py
[2025-05-01T11:24:11.170+0000] {processor.py:840} INFO - DAG(s) 'tutorial_dag' retrieved from /home/airflow/.local/lib/python3.12/site-packages/airflow/example_dags/tutorial_dag.py
[2025-05-01T11:24:11.216+0000] {logging_mixin.py:188} INFO - [2025-05-01T11:24:11.215+0000] {dag.py:3096} INFO - Sync 1 DAGs
[2025-05-01T11:24:11.240+0000] {logging_mixin.py:188} INFO - [2025-05-01T11:24:11.239+0000] {dag.py:3954} INFO - Setting next_dagrun for tutorial_dag to None, run_after=None
[2025-05-01T11:24:11.287+0000] {processor.py:183} INFO - Processing /home/airflow/.local/lib/python3.12/site-packages/airflow/example_dags/tutorial_dag.py took 0.144 seconds
[2025-05-01T11:24:41.675+0000] {processor.py:161} INFO - Started process (PID=3888) to work on /home/airflow/.local/lib/python3.12/site-packages/airflow/example_dags/tutorial_dag.py
[2025-05-01T11:24:41.678+0000] {processor.py:830} INFO - Processing file /home/airflow/.local/lib/python3.12/site-packages/airflow/example_dags/tutorial_dag.py for tasks to queue
[2025-05-01T11:24:41.684+0000] {logging_mixin.py:188} INFO - [2025-05-01T11:24:41.683+0000] {dagbag.py:545} INFO - Filling up the DagBag from /home/airflow/.local/lib/python3.12/site-packages/airflow/example_dags/tutorial_dag.py
[2025-05-01T11:24:41.696+0000] {processor.py:840} INFO - DAG(s) 'tutorial_dag' retrieved from /home/airflow/.local/lib/python3.12/site-packages/airflow/example_dags/tutorial_dag.py
[2025-05-01T11:24:41.746+0000] {logging_mixin.py:188} INFO - [2025-05-01T11:24:41.745+0000] {dag.py:3096} INFO - Sync 1 DAGs
[2025-05-01T11:24:41.775+0000] {logging_mixin.py:188} INFO - [2025-05-01T11:24:41.775+0000] {dag.py:3954} INFO - Setting next_dagrun for tutorial_dag to None, run_after=None
[2025-05-01T11:24:41.839+0000] {processor.py:183} INFO - Processing /home/airflow/.local/lib/python3.12/site-packages/airflow/example_dags/tutorial_dag.py took 0.179 seconds
[2025-05-01T11:25:12.313+0000] {processor.py:161} INFO - Started process (PID=3947) to work on /home/airflow/.local/lib/python3.12/site-packages/airflow/example_dags/tutorial_dag.py
[2025-05-01T11:25:12.316+0000] {processor.py:830} INFO - Processing file /home/airflow/.local/lib/python3.12/site-packages/airflow/example_dags/tutorial_dag.py for tasks to queue
[2025-05-01T11:25:12.320+0000] {logging_mixin.py:188} INFO - [2025-05-01T11:25:12.319+0000] {dagbag.py:545} INFO - Filling up the DagBag from /home/airflow/.local/lib/python3.12/site-packages/airflow/example_dags/tutorial_dag.py
[2025-05-01T11:25:12.330+0000] {processor.py:840} INFO - DAG(s) 'tutorial_dag' retrieved from /home/airflow/.local/lib/python3.12/site-packages/airflow/example_dags/tutorial_dag.py
[2025-05-01T11:25:12.372+0000] {logging_mixin.py:188} INFO - [2025-05-01T11:25:12.371+0000] {dag.py:3096} INFO - Sync 1 DAGs
[2025-05-01T11:25:12.400+0000] {logging_mixin.py:188} INFO - [2025-05-01T11:25:12.399+0000] {dag.py:3954} INFO - Setting next_dagrun for tutorial_dag to None, run_after=None
[2025-05-01T11:25:12.484+0000] {processor.py:183} INFO - Processing /home/airflow/.local/lib/python3.12/site-packages/airflow/example_dags/tutorial_dag.py took 0.181 seconds
[2025-05-01T11:25:43.219+0000] {processor.py:161} INFO - Started process (PID=4006) to work on /home/airflow/.local/lib/python3.12/site-packages/airflow/example_dags/tutorial_dag.py
[2025-05-01T11:25:43.222+0000] {processor.py:830} INFO - Processing file /home/airflow/.local/lib/python3.12/site-packages/airflow/example_dags/tutorial_dag.py for tasks to queue
[2025-05-01T11:25:43.228+0000] {logging_mixin.py:188} INFO - [2025-05-01T11:25:43.227+0000] {dagbag.py:545} INFO - Filling up the DagBag from /home/airflow/.local/lib/python3.12/site-packages/airflow/example_dags/tutorial_dag.py
[2025-05-01T11:25:43.249+0000] {processor.py:840} INFO - DAG(s) 'tutorial_dag' retrieved from /home/airflow/.local/lib/python3.12/site-packages/airflow/example_dags/tutorial_dag.py
[2025-05-01T11:25:43.318+0000] {logging_mixin.py:188} INFO - [2025-05-01T11:25:43.317+0000] {dag.py:3096} INFO - Sync 1 DAGs
[2025-05-01T11:25:43.361+0000] {logging_mixin.py:188} INFO - [2025-05-01T11:25:43.360+0000] {dag.py:3954} INFO - Setting next_dagrun for tutorial_dag to None, run_after=None
[2025-05-01T11:25:43.423+0000] {processor.py:183} INFO - Processing /home/airflow/.local/lib/python3.12/site-packages/airflow/example_dags/tutorial_dag.py took 0.223 seconds
[2025-05-01T11:31:51.218+0000] {processor.py:161} INFO - Started process (PID=111) to work on /home/airflow/.local/lib/python3.12/site-packages/airflow/example_dags/tutorial_dag.py
[2025-05-01T11:31:51.221+0000] {processor.py:830} INFO - Processing file /home/airflow/.local/lib/python3.12/site-packages/airflow/example_dags/tutorial_dag.py for tasks to queue
[2025-05-01T11:31:51.225+0000] {logging_mixin.py:188} INFO - [2025-05-01T11:31:51.224+0000] {dagbag.py:545} INFO - Filling up the DagBag from /home/airflow/.local/lib/python3.12/site-packages/airflow/example_dags/tutorial_dag.py
[2025-05-01T11:31:51.237+0000] {processor.py:840} INFO - DAG(s) 'tutorial_dag' retrieved from /home/airflow/.local/lib/python3.12/site-packages/airflow/example_dags/tutorial_dag.py
[2025-05-01T11:31:51.494+0000] {logging_mixin.py:188} INFO - [2025-05-01T11:31:51.494+0000] {dag.py:3096} INFO - Sync 1 DAGs
[2025-05-01T11:31:51.520+0000] {logging_mixin.py:188} INFO - [2025-05-01T11:31:51.520+0000] {dag.py:3954} INFO - Setting next_dagrun for tutorial_dag to None, run_after=None
[2025-05-01T11:31:51.585+0000] {processor.py:183} INFO - Processing /home/airflow/.local/lib/python3.12/site-packages/airflow/example_dags/tutorial_dag.py took 0.379 seconds
[2025-05-01T11:32:22.373+0000] {processor.py:161} INFO - Started process (PID=170) to work on /home/airflow/.local/lib/python3.12/site-packages/airflow/example_dags/tutorial_dag.py
[2025-05-01T11:32:22.376+0000] {processor.py:830} INFO - Processing file /home/airflow/.local/lib/python3.12/site-packages/airflow/example_dags/tutorial_dag.py for tasks to queue
[2025-05-01T11:32:22.381+0000] {logging_mixin.py:188} INFO - [2025-05-01T11:32:22.380+0000] {dagbag.py:545} INFO - Filling up the DagBag from /home/airflow/.local/lib/python3.12/site-packages/airflow/example_dags/tutorial_dag.py
[2025-05-01T11:32:22.398+0000] {processor.py:840} INFO - DAG(s) 'tutorial_dag' retrieved from /home/airflow/.local/lib/python3.12/site-packages/airflow/example_dags/tutorial_dag.py
[2025-05-01T11:32:22.455+0000] {logging_mixin.py:188} INFO - [2025-05-01T11:32:22.455+0000] {dag.py:3096} INFO - Sync 1 DAGs
[2025-05-01T11:32:22.487+0000] {logging_mixin.py:188} INFO - [2025-05-01T11:32:22.486+0000] {dag.py:3954} INFO - Setting next_dagrun for tutorial_dag to None, run_after=None
[2025-05-01T11:32:22.532+0000] {processor.py:183} INFO - Processing /home/airflow/.local/lib/python3.12/site-packages/airflow/example_dags/tutorial_dag.py took 0.173 seconds
[2025-05-01T11:32:52.929+0000] {processor.py:161} INFO - Started process (PID=229) to work on /home/airflow/.local/lib/python3.12/site-packages/airflow/example_dags/tutorial_dag.py
[2025-05-01T11:32:52.932+0000] {processor.py:830} INFO - Processing file /home/airflow/.local/lib/python3.12/site-packages/airflow/example_dags/tutorial_dag.py for tasks to queue
[2025-05-01T11:32:52.938+0000] {logging_mixin.py:188} INFO - [2025-05-01T11:32:52.937+0000] {dagbag.py:545} INFO - Filling up the DagBag from /home/airflow/.local/lib/python3.12/site-packages/airflow/example_dags/tutorial_dag.py
[2025-05-01T11:32:52.950+0000] {processor.py:840} INFO - DAG(s) 'tutorial_dag' retrieved from /home/airflow/.local/lib/python3.12/site-packages/airflow/example_dags/tutorial_dag.py
[2025-05-01T11:32:53.079+0000] {logging_mixin.py:188} INFO - [2025-05-01T11:32:53.075+0000] {dag.py:3096} INFO - Sync 1 DAGs
[2025-05-01T11:32:53.115+0000] {logging_mixin.py:188} INFO - [2025-05-01T11:32:53.114+0000] {dag.py:3954} INFO - Setting next_dagrun for tutorial_dag to None, run_after=None
[2025-05-01T11:32:53.221+0000] {processor.py:183} INFO - Processing /home/airflow/.local/lib/python3.12/site-packages/airflow/example_dags/tutorial_dag.py took 0.305 seconds
[2025-05-01T11:33:23.456+0000] {processor.py:161} INFO - Started process (PID=293) to work on /home/airflow/.local/lib/python3.12/site-packages/airflow/example_dags/tutorial_dag.py
[2025-05-01T11:33:23.458+0000] {processor.py:830} INFO - Processing file /home/airflow/.local/lib/python3.12/site-packages/airflow/example_dags/tutorial_dag.py for tasks to queue
[2025-05-01T11:33:23.462+0000] {logging_mixin.py:188} INFO - [2025-05-01T11:33:23.462+0000] {dagbag.py:545} INFO - Filling up the DagBag from /home/airflow/.local/lib/python3.12/site-packages/airflow/example_dags/tutorial_dag.py
[2025-05-01T11:33:23.471+0000] {processor.py:840} INFO - DAG(s) 'tutorial_dag' retrieved from /home/airflow/.local/lib/python3.12/site-packages/airflow/example_dags/tutorial_dag.py
[2025-05-01T11:33:23.516+0000] {logging_mixin.py:188} INFO - [2025-05-01T11:33:23.515+0000] {dag.py:3096} INFO - Sync 1 DAGs
[2025-05-01T11:33:23.588+0000] {logging_mixin.py:188} INFO - [2025-05-01T11:33:23.587+0000] {dag.py:3954} INFO - Setting next_dagrun for tutorial_dag to None, run_after=None
[2025-05-01T11:33:23.642+0000] {processor.py:183} INFO - Processing /home/airflow/.local/lib/python3.12/site-packages/airflow/example_dags/tutorial_dag.py took 0.196 seconds
[2025-05-01T11:33:54.014+0000] {processor.py:161} INFO - Started process (PID=352) to work on /home/airflow/.local/lib/python3.12/site-packages/airflow/example_dags/tutorial_dag.py
[2025-05-01T11:33:54.017+0000] {processor.py:830} INFO - Processing file /home/airflow/.local/lib/python3.12/site-packages/airflow/example_dags/tutorial_dag.py for tasks to queue
[2025-05-01T11:33:54.024+0000] {logging_mixin.py:188} INFO - [2025-05-01T11:33:54.022+0000] {dagbag.py:545} INFO - Filling up the DagBag from /home/airflow/.local/lib/python3.12/site-packages/airflow/example_dags/tutorial_dag.py
[2025-05-01T11:33:54.039+0000] {processor.py:840} INFO - DAG(s) 'tutorial_dag' retrieved from /home/airflow/.local/lib/python3.12/site-packages/airflow/example_dags/tutorial_dag.py
[2025-05-01T11:33:54.090+0000] {logging_mixin.py:188} INFO - [2025-05-01T11:33:54.090+0000] {dag.py:3096} INFO - Sync 1 DAGs
[2025-05-01T11:33:54.121+0000] {logging_mixin.py:188} INFO - [2025-05-01T11:33:54.121+0000] {dag.py:3954} INFO - Setting next_dagrun for tutorial_dag to None, run_after=None
[2025-05-01T11:33:54.170+0000] {processor.py:183} INFO - Processing /home/airflow/.local/lib/python3.12/site-packages/airflow/example_dags/tutorial_dag.py took 0.172 seconds
[2025-05-01T11:34:25.270+0000] {processor.py:161} INFO - Started process (PID=412) to work on /home/airflow/.local/lib/python3.12/site-packages/airflow/example_dags/tutorial_dag.py
[2025-05-01T11:34:25.272+0000] {processor.py:830} INFO - Processing file /home/airflow/.local/lib/python3.12/site-packages/airflow/example_dags/tutorial_dag.py for tasks to queue
[2025-05-01T11:34:25.277+0000] {logging_mixin.py:188} INFO - [2025-05-01T11:34:25.276+0000] {dagbag.py:545} INFO - Filling up the DagBag from /home/airflow/.local/lib/python3.12/site-packages/airflow/example_dags/tutorial_dag.py
[2025-05-01T11:34:25.286+0000] {processor.py:840} INFO - DAG(s) 'tutorial_dag' retrieved from /home/airflow/.local/lib/python3.12/site-packages/airflow/example_dags/tutorial_dag.py
[2025-05-01T11:34:25.343+0000] {logging_mixin.py:188} INFO - [2025-05-01T11:34:25.342+0000] {dag.py:3096} INFO - Sync 1 DAGs
[2025-05-01T11:34:25.405+0000] {logging_mixin.py:188} INFO - [2025-05-01T11:34:25.404+0000] {dag.py:3954} INFO - Setting next_dagrun for tutorial_dag to None, run_after=None
[2025-05-01T11:34:25.472+0000] {processor.py:183} INFO - Processing /home/airflow/.local/lib/python3.12/site-packages/airflow/example_dags/tutorial_dag.py took 0.213 seconds
[2025-05-01T11:34:55.676+0000] {processor.py:161} INFO - Started process (PID=470) to work on /home/airflow/.local/lib/python3.12/site-packages/airflow/example_dags/tutorial_dag.py
[2025-05-01T11:34:55.678+0000] {processor.py:830} INFO - Processing file /home/airflow/.local/lib/python3.12/site-packages/airflow/example_dags/tutorial_dag.py for tasks to queue
[2025-05-01T11:34:55.683+0000] {logging_mixin.py:188} INFO - [2025-05-01T11:34:55.682+0000] {dagbag.py:545} INFO - Filling up the DagBag from /home/airflow/.local/lib/python3.12/site-packages/airflow/example_dags/tutorial_dag.py
[2025-05-01T11:34:55.694+0000] {processor.py:840} INFO - DAG(s) 'tutorial_dag' retrieved from /home/airflow/.local/lib/python3.12/site-packages/airflow/example_dags/tutorial_dag.py
[2025-05-01T11:34:55.737+0000] {logging_mixin.py:188} INFO - [2025-05-01T11:34:55.736+0000] {dag.py:3096} INFO - Sync 1 DAGs
[2025-05-01T11:34:55.763+0000] {logging_mixin.py:188} INFO - [2025-05-01T11:34:55.763+0000] {dag.py:3954} INFO - Setting next_dagrun for tutorial_dag to None, run_after=None
[2025-05-01T11:34:55.808+0000] {processor.py:183} INFO - Processing /home/airflow/.local/lib/python3.12/site-packages/airflow/example_dags/tutorial_dag.py took 0.144 seconds
[2025-05-01T11:35:25.967+0000] {processor.py:161} INFO - Started process (PID=529) to work on /home/airflow/.local/lib/python3.12/site-packages/airflow/example_dags/tutorial_dag.py
[2025-05-01T11:35:25.969+0000] {processor.py:830} INFO - Processing file /home/airflow/.local/lib/python3.12/site-packages/airflow/example_dags/tutorial_dag.py for tasks to queue
[2025-05-01T11:35:25.973+0000] {logging_mixin.py:188} INFO - [2025-05-01T11:35:25.973+0000] {dagbag.py:545} INFO - Filling up the DagBag from /home/airflow/.local/lib/python3.12/site-packages/airflow/example_dags/tutorial_dag.py
[2025-05-01T11:35:25.983+0000] {processor.py:840} INFO - DAG(s) 'tutorial_dag' retrieved from /home/airflow/.local/lib/python3.12/site-packages/airflow/example_dags/tutorial_dag.py
[2025-05-01T11:35:26.032+0000] {logging_mixin.py:188} INFO - [2025-05-01T11:35:26.031+0000] {dag.py:3096} INFO - Sync 1 DAGs
[2025-05-01T11:35:26.061+0000] {logging_mixin.py:188} INFO - [2025-05-01T11:35:26.061+0000] {dag.py:3954} INFO - Setting next_dagrun for tutorial_dag to None, run_after=None
[2025-05-01T11:35:26.145+0000] {processor.py:183} INFO - Processing /home/airflow/.local/lib/python3.12/site-packages/airflow/example_dags/tutorial_dag.py took 0.190 seconds
[2025-05-01T11:35:56.441+0000] {processor.py:161} INFO - Started process (PID=588) to work on /home/airflow/.local/lib/python3.12/site-packages/airflow/example_dags/tutorial_dag.py
[2025-05-01T11:35:56.444+0000] {processor.py:830} INFO - Processing file /home/airflow/.local/lib/python3.12/site-packages/airflow/example_dags/tutorial_dag.py for tasks to queue
[2025-05-01T11:35:56.448+0000] {logging_mixin.py:188} INFO - [2025-05-01T11:35:56.447+0000] {dagbag.py:545} INFO - Filling up the DagBag from /home/airflow/.local/lib/python3.12/site-packages/airflow/example_dags/tutorial_dag.py
[2025-05-01T11:35:56.460+0000] {processor.py:840} INFO - DAG(s) 'tutorial_dag' retrieved from /home/airflow/.local/lib/python3.12/site-packages/airflow/example_dags/tutorial_dag.py
[2025-05-01T11:35:56.514+0000] {logging_mixin.py:188} INFO - [2025-05-01T11:35:56.513+0000] {dag.py:3096} INFO - Sync 1 DAGs
[2025-05-01T11:35:56.544+0000] {logging_mixin.py:188} INFO - [2025-05-01T11:35:56.544+0000] {dag.py:3954} INFO - Setting next_dagrun for tutorial_dag to None, run_after=None
[2025-05-01T11:35:56.626+0000] {processor.py:183} INFO - Processing /home/airflow/.local/lib/python3.12/site-packages/airflow/example_dags/tutorial_dag.py took 0.201 seconds
[2025-05-01T11:36:27.116+0000] {processor.py:161} INFO - Started process (PID=647) to work on /home/airflow/.local/lib/python3.12/site-packages/airflow/example_dags/tutorial_dag.py
[2025-05-01T11:36:27.120+0000] {processor.py:830} INFO - Processing file /home/airflow/.local/lib/python3.12/site-packages/airflow/example_dags/tutorial_dag.py for tasks to queue
[2025-05-01T11:36:27.127+0000] {logging_mixin.py:188} INFO - [2025-05-01T11:36:27.126+0000] {dagbag.py:545} INFO - Filling up the DagBag from /home/airflow/.local/lib/python3.12/site-packages/airflow/example_dags/tutorial_dag.py
[2025-05-01T11:36:27.144+0000] {processor.py:840} INFO - DAG(s) 'tutorial_dag' retrieved from /home/airflow/.local/lib/python3.12/site-packages/airflow/example_dags/tutorial_dag.py
[2025-05-01T11:36:27.203+0000] {logging_mixin.py:188} INFO - [2025-05-01T11:36:27.202+0000] {dag.py:3096} INFO - Sync 1 DAGs
[2025-05-01T11:36:27.249+0000] {logging_mixin.py:188} INFO - [2025-05-01T11:36:27.248+0000] {dag.py:3954} INFO - Setting next_dagrun for tutorial_dag to None, run_after=None
[2025-05-01T11:36:27.302+0000] {processor.py:183} INFO - Processing /home/airflow/.local/lib/python3.12/site-packages/airflow/example_dags/tutorial_dag.py took 0.216 seconds
[2025-05-01T11:36:57.927+0000] {processor.py:161} INFO - Started process (PID=706) to work on /home/airflow/.local/lib/python3.12/site-packages/airflow/example_dags/tutorial_dag.py
[2025-05-01T11:36:57.930+0000] {processor.py:830} INFO - Processing file /home/airflow/.local/lib/python3.12/site-packages/airflow/example_dags/tutorial_dag.py for tasks to queue
[2025-05-01T11:36:57.935+0000] {logging_mixin.py:188} INFO - [2025-05-01T11:36:57.934+0000] {dagbag.py:545} INFO - Filling up the DagBag from /home/airflow/.local/lib/python3.12/site-packages/airflow/example_dags/tutorial_dag.py
[2025-05-01T11:36:57.948+0000] {processor.py:840} INFO - DAG(s) 'tutorial_dag' retrieved from /home/airflow/.local/lib/python3.12/site-packages/airflow/example_dags/tutorial_dag.py
[2025-05-01T11:36:58.005+0000] {logging_mixin.py:188} INFO - [2025-05-01T11:36:58.004+0000] {dag.py:3096} INFO - Sync 1 DAGs
[2025-05-01T11:36:58.050+0000] {logging_mixin.py:188} INFO - [2025-05-01T11:36:58.049+0000] {dag.py:3954} INFO - Setting next_dagrun for tutorial_dag to None, run_after=None
[2025-05-01T11:36:58.122+0000] {processor.py:183} INFO - Processing /home/airflow/.local/lib/python3.12/site-packages/airflow/example_dags/tutorial_dag.py took 0.211 seconds
[2025-05-01T11:37:28.644+0000] {processor.py:161} INFO - Started process (PID=766) to work on /home/airflow/.local/lib/python3.12/site-packages/airflow/example_dags/tutorial_dag.py
[2025-05-01T11:37:28.646+0000] {processor.py:830} INFO - Processing file /home/airflow/.local/lib/python3.12/site-packages/airflow/example_dags/tutorial_dag.py for tasks to queue
[2025-05-01T11:37:28.651+0000] {logging_mixin.py:188} INFO - [2025-05-01T11:37:28.650+0000] {dagbag.py:545} INFO - Filling up the DagBag from /home/airflow/.local/lib/python3.12/site-packages/airflow/example_dags/tutorial_dag.py
[2025-05-01T11:37:28.660+0000] {processor.py:840} INFO - DAG(s) 'tutorial_dag' retrieved from /home/airflow/.local/lib/python3.12/site-packages/airflow/example_dags/tutorial_dag.py
[2025-05-01T11:37:28.705+0000] {logging_mixin.py:188} INFO - [2025-05-01T11:37:28.704+0000] {dag.py:3096} INFO - Sync 1 DAGs
[2025-05-01T11:37:28.734+0000] {logging_mixin.py:188} INFO - [2025-05-01T11:37:28.733+0000] {dag.py:3954} INFO - Setting next_dagrun for tutorial_dag to None, run_after=None
[2025-05-01T11:37:28.780+0000] {processor.py:183} INFO - Processing /home/airflow/.local/lib/python3.12/site-packages/airflow/example_dags/tutorial_dag.py took 0.148 seconds
[2025-05-01T11:37:59.111+0000] {processor.py:161} INFO - Started process (PID=825) to work on /home/airflow/.local/lib/python3.12/site-packages/airflow/example_dags/tutorial_dag.py
[2025-05-01T11:37:59.113+0000] {processor.py:830} INFO - Processing file /home/airflow/.local/lib/python3.12/site-packages/airflow/example_dags/tutorial_dag.py for tasks to queue
[2025-05-01T11:37:59.118+0000] {logging_mixin.py:188} INFO - [2025-05-01T11:37:59.116+0000] {dagbag.py:545} INFO - Filling up the DagBag from /home/airflow/.local/lib/python3.12/site-packages/airflow/example_dags/tutorial_dag.py
[2025-05-01T11:37:59.138+0000] {processor.py:840} INFO - DAG(s) 'tutorial_dag' retrieved from /home/airflow/.local/lib/python3.12/site-packages/airflow/example_dags/tutorial_dag.py
[2025-05-01T11:37:59.199+0000] {logging_mixin.py:188} INFO - [2025-05-01T11:37:59.198+0000] {dag.py:3096} INFO - Sync 1 DAGs
[2025-05-01T11:37:59.226+0000] {logging_mixin.py:188} INFO - [2025-05-01T11:37:59.226+0000] {dag.py:3954} INFO - Setting next_dagrun for tutorial_dag to None, run_after=None
[2025-05-01T11:37:59.272+0000] {processor.py:183} INFO - Processing /home/airflow/.local/lib/python3.12/site-packages/airflow/example_dags/tutorial_dag.py took 0.172 seconds
[2025-05-01T11:38:29.730+0000] {processor.py:161} INFO - Started process (PID=884) to work on /home/airflow/.local/lib/python3.12/site-packages/airflow/example_dags/tutorial_dag.py
[2025-05-01T11:38:29.732+0000] {processor.py:830} INFO - Processing file /home/airflow/.local/lib/python3.12/site-packages/airflow/example_dags/tutorial_dag.py for tasks to queue
[2025-05-01T11:38:29.736+0000] {logging_mixin.py:188} INFO - [2025-05-01T11:38:29.736+0000] {dagbag.py:545} INFO - Filling up the DagBag from /home/airflow/.local/lib/python3.12/site-packages/airflow/example_dags/tutorial_dag.py
[2025-05-01T11:38:29.748+0000] {processor.py:840} INFO - DAG(s) 'tutorial_dag' retrieved from /home/airflow/.local/lib/python3.12/site-packages/airflow/example_dags/tutorial_dag.py
[2025-05-01T11:38:29.793+0000] {logging_mixin.py:188} INFO - [2025-05-01T11:38:29.792+0000] {dag.py:3096} INFO - Sync 1 DAGs
[2025-05-01T11:38:29.825+0000] {logging_mixin.py:188} INFO - [2025-05-01T11:38:29.825+0000] {dag.py:3954} INFO - Setting next_dagrun for tutorial_dag to None, run_after=None
[2025-05-01T11:38:29.877+0000] {processor.py:183} INFO - Processing /home/airflow/.local/lib/python3.12/site-packages/airflow/example_dags/tutorial_dag.py took 0.157 seconds
[2025-05-01T11:39:00.174+0000] {processor.py:161} INFO - Started process (PID=943) to work on /home/airflow/.local/lib/python3.12/site-packages/airflow/example_dags/tutorial_dag.py
[2025-05-01T11:39:00.176+0000] {processor.py:830} INFO - Processing file /home/airflow/.local/lib/python3.12/site-packages/airflow/example_dags/tutorial_dag.py for tasks to queue
[2025-05-01T11:39:00.180+0000] {logging_mixin.py:188} INFO - [2025-05-01T11:39:00.179+0000] {dagbag.py:545} INFO - Filling up the DagBag from /home/airflow/.local/lib/python3.12/site-packages/airflow/example_dags/tutorial_dag.py
[2025-05-01T11:39:00.189+0000] {processor.py:840} INFO - DAG(s) 'tutorial_dag' retrieved from /home/airflow/.local/lib/python3.12/site-packages/airflow/example_dags/tutorial_dag.py
[2025-05-01T11:39:00.230+0000] {logging_mixin.py:188} INFO - [2025-05-01T11:39:00.229+0000] {dag.py:3096} INFO - Sync 1 DAGs
[2025-05-01T11:39:00.261+0000] {logging_mixin.py:188} INFO - [2025-05-01T11:39:00.260+0000] {dag.py:3954} INFO - Setting next_dagrun for tutorial_dag to None, run_after=None
[2025-05-01T11:39:00.358+0000] {processor.py:183} INFO - Processing /home/airflow/.local/lib/python3.12/site-packages/airflow/example_dags/tutorial_dag.py took 0.197 seconds
[2025-05-01T11:39:31.047+0000] {processor.py:161} INFO - Started process (PID=1003) to work on /home/airflow/.local/lib/python3.12/site-packages/airflow/example_dags/tutorial_dag.py
[2025-05-01T11:39:31.050+0000] {processor.py:830} INFO - Processing file /home/airflow/.local/lib/python3.12/site-packages/airflow/example_dags/tutorial_dag.py for tasks to queue
[2025-05-01T11:39:31.056+0000] {logging_mixin.py:188} INFO - [2025-05-01T11:39:31.054+0000] {dagbag.py:545} INFO - Filling up the DagBag from /home/airflow/.local/lib/python3.12/site-packages/airflow/example_dags/tutorial_dag.py
[2025-05-01T11:39:31.071+0000] {processor.py:840} INFO - DAG(s) 'tutorial_dag' retrieved from /home/airflow/.local/lib/python3.12/site-packages/airflow/example_dags/tutorial_dag.py
[2025-05-01T11:39:31.142+0000] {logging_mixin.py:188} INFO - [2025-05-01T11:39:31.140+0000] {dag.py:3096} INFO - Sync 1 DAGs
[2025-05-01T11:39:31.182+0000] {logging_mixin.py:188} INFO - [2025-05-01T11:39:31.181+0000] {dag.py:3954} INFO - Setting next_dagrun for tutorial_dag to None, run_after=None
[2025-05-01T11:39:31.229+0000] {processor.py:183} INFO - Processing /home/airflow/.local/lib/python3.12/site-packages/airflow/example_dags/tutorial_dag.py took 0.212 seconds
[2025-05-01T11:40:01.630+0000] {processor.py:161} INFO - Started process (PID=1062) to work on /home/airflow/.local/lib/python3.12/site-packages/airflow/example_dags/tutorial_dag.py
[2025-05-01T11:40:01.633+0000] {processor.py:830} INFO - Processing file /home/airflow/.local/lib/python3.12/site-packages/airflow/example_dags/tutorial_dag.py for tasks to queue
[2025-05-01T11:40:01.638+0000] {logging_mixin.py:188} INFO - [2025-05-01T11:40:01.636+0000] {dagbag.py:545} INFO - Filling up the DagBag from /home/airflow/.local/lib/python3.12/site-packages/airflow/example_dags/tutorial_dag.py
[2025-05-01T11:40:01.650+0000] {processor.py:840} INFO - DAG(s) 'tutorial_dag' retrieved from /home/airflow/.local/lib/python3.12/site-packages/airflow/example_dags/tutorial_dag.py
[2025-05-01T11:40:01.713+0000] {logging_mixin.py:188} INFO - [2025-05-01T11:40:01.712+0000] {dag.py:3096} INFO - Sync 1 DAGs
[2025-05-01T11:40:01.748+0000] {logging_mixin.py:188} INFO - [2025-05-01T11:40:01.747+0000] {dag.py:3954} INFO - Setting next_dagrun for tutorial_dag to None, run_after=None
[2025-05-01T11:40:01.795+0000] {processor.py:183} INFO - Processing /home/airflow/.local/lib/python3.12/site-packages/airflow/example_dags/tutorial_dag.py took 0.183 seconds
[2025-05-01T11:40:32.693+0000] {processor.py:161} INFO - Started process (PID=1121) to work on /home/airflow/.local/lib/python3.12/site-packages/airflow/example_dags/tutorial_dag.py
[2025-05-01T11:40:32.696+0000] {processor.py:830} INFO - Processing file /home/airflow/.local/lib/python3.12/site-packages/airflow/example_dags/tutorial_dag.py for tasks to queue
[2025-05-01T11:40:32.701+0000] {logging_mixin.py:188} INFO - [2025-05-01T11:40:32.700+0000] {dagbag.py:545} INFO - Filling up the DagBag from /home/airflow/.local/lib/python3.12/site-packages/airflow/example_dags/tutorial_dag.py
[2025-05-01T11:40:32.716+0000] {processor.py:840} INFO - DAG(s) 'tutorial_dag' retrieved from /home/airflow/.local/lib/python3.12/site-packages/airflow/example_dags/tutorial_dag.py
[2025-05-01T11:40:32.768+0000] {logging_mixin.py:188} INFO - [2025-05-01T11:40:32.767+0000] {dag.py:3096} INFO - Sync 1 DAGs
[2025-05-01T11:40:32.805+0000] {logging_mixin.py:188} INFO - [2025-05-01T11:40:32.804+0000] {dag.py:3954} INFO - Setting next_dagrun for tutorial_dag to None, run_after=None
[2025-05-01T11:40:32.894+0000] {processor.py:183} INFO - Processing /home/airflow/.local/lib/python3.12/site-packages/airflow/example_dags/tutorial_dag.py took 0.212 seconds
[2025-05-01T11:41:03.321+0000] {processor.py:161} INFO - Started process (PID=1180) to work on /home/airflow/.local/lib/python3.12/site-packages/airflow/example_dags/tutorial_dag.py
[2025-05-01T11:41:03.324+0000] {processor.py:830} INFO - Processing file /home/airflow/.local/lib/python3.12/site-packages/airflow/example_dags/tutorial_dag.py for tasks to queue
[2025-05-01T11:41:03.329+0000] {logging_mixin.py:188} INFO - [2025-05-01T11:41:03.328+0000] {dagbag.py:545} INFO - Filling up the DagBag from /home/airflow/.local/lib/python3.12/site-packages/airflow/example_dags/tutorial_dag.py
[2025-05-01T11:41:03.339+0000] {processor.py:840} INFO - DAG(s) 'tutorial_dag' retrieved from /home/airflow/.local/lib/python3.12/site-packages/airflow/example_dags/tutorial_dag.py
[2025-05-01T11:41:03.391+0000] {logging_mixin.py:188} INFO - [2025-05-01T11:41:03.390+0000] {dag.py:3096} INFO - Sync 1 DAGs
[2025-05-01T11:41:03.425+0000] {logging_mixin.py:188} INFO - [2025-05-01T11:41:03.425+0000] {dag.py:3954} INFO - Setting next_dagrun for tutorial_dag to None, run_after=None
[2025-05-01T11:41:03.467+0000] {processor.py:183} INFO - Processing /home/airflow/.local/lib/python3.12/site-packages/airflow/example_dags/tutorial_dag.py took 0.159 seconds
[2025-05-01T11:41:34.293+0000] {processor.py:161} INFO - Started process (PID=1239) to work on /home/airflow/.local/lib/python3.12/site-packages/airflow/example_dags/tutorial_dag.py
[2025-05-01T11:41:34.296+0000] {processor.py:830} INFO - Processing file /home/airflow/.local/lib/python3.12/site-packages/airflow/example_dags/tutorial_dag.py for tasks to queue
[2025-05-01T11:41:34.301+0000] {logging_mixin.py:188} INFO - [2025-05-01T11:41:34.300+0000] {dagbag.py:545} INFO - Filling up the DagBag from /home/airflow/.local/lib/python3.12/site-packages/airflow/example_dags/tutorial_dag.py
[2025-05-01T11:41:34.316+0000] {processor.py:840} INFO - DAG(s) 'tutorial_dag' retrieved from /home/airflow/.local/lib/python3.12/site-packages/airflow/example_dags/tutorial_dag.py
[2025-05-01T11:41:34.367+0000] {logging_mixin.py:188} INFO - [2025-05-01T11:41:34.366+0000] {dag.py:3096} INFO - Sync 1 DAGs
[2025-05-01T11:41:34.402+0000] {logging_mixin.py:188} INFO - [2025-05-01T11:41:34.402+0000] {dag.py:3954} INFO - Setting next_dagrun for tutorial_dag to None, run_after=None
[2025-05-01T11:41:34.451+0000] {processor.py:183} INFO - Processing /home/airflow/.local/lib/python3.12/site-packages/airflow/example_dags/tutorial_dag.py took 0.175 seconds
[2025-05-01T11:42:05.084+0000] {processor.py:161} INFO - Started process (PID=1299) to work on /home/airflow/.local/lib/python3.12/site-packages/airflow/example_dags/tutorial_dag.py
[2025-05-01T11:42:05.086+0000] {processor.py:830} INFO - Processing file /home/airflow/.local/lib/python3.12/site-packages/airflow/example_dags/tutorial_dag.py for tasks to queue
[2025-05-01T11:42:05.091+0000] {logging_mixin.py:188} INFO - [2025-05-01T11:42:05.090+0000] {dagbag.py:545} INFO - Filling up the DagBag from /home/airflow/.local/lib/python3.12/site-packages/airflow/example_dags/tutorial_dag.py
[2025-05-01T11:42:05.100+0000] {processor.py:840} INFO - DAG(s) 'tutorial_dag' retrieved from /home/airflow/.local/lib/python3.12/site-packages/airflow/example_dags/tutorial_dag.py
[2025-05-01T11:42:05.146+0000] {logging_mixin.py:188} INFO - [2025-05-01T11:42:05.146+0000] {dag.py:3096} INFO - Sync 1 DAGs
[2025-05-01T11:42:05.174+0000] {logging_mixin.py:188} INFO - [2025-05-01T11:42:05.174+0000] {dag.py:3954} INFO - Setting next_dagrun for tutorial_dag to None, run_after=None
[2025-05-01T11:42:05.260+0000] {processor.py:183} INFO - Processing /home/airflow/.local/lib/python3.12/site-packages/airflow/example_dags/tutorial_dag.py took 0.187 seconds
[2025-05-01T11:42:35.883+0000] {processor.py:161} INFO - Started process (PID=1358) to work on /home/airflow/.local/lib/python3.12/site-packages/airflow/example_dags/tutorial_dag.py
[2025-05-01T11:42:35.885+0000] {processor.py:830} INFO - Processing file /home/airflow/.local/lib/python3.12/site-packages/airflow/example_dags/tutorial_dag.py for tasks to queue
[2025-05-01T11:42:35.889+0000] {logging_mixin.py:188} INFO - [2025-05-01T11:42:35.888+0000] {dagbag.py:545} INFO - Filling up the DagBag from /home/airflow/.local/lib/python3.12/site-packages/airflow/example_dags/tutorial_dag.py
[2025-05-01T11:42:35.900+0000] {processor.py:840} INFO - DAG(s) 'tutorial_dag' retrieved from /home/airflow/.local/lib/python3.12/site-packages/airflow/example_dags/tutorial_dag.py
[2025-05-01T11:42:35.948+0000] {logging_mixin.py:188} INFO - [2025-05-01T11:42:35.947+0000] {dag.py:3096} INFO - Sync 1 DAGs
[2025-05-01T11:42:35.980+0000] {logging_mixin.py:188} INFO - [2025-05-01T11:42:35.979+0000] {dag.py:3954} INFO - Setting next_dagrun for tutorial_dag to None, run_after=None
[2025-05-01T11:42:36.071+0000] {processor.py:183} INFO - Processing /home/airflow/.local/lib/python3.12/site-packages/airflow/example_dags/tutorial_dag.py took 0.200 seconds
[2025-05-01T11:43:06.661+0000] {processor.py:161} INFO - Started process (PID=1417) to work on /home/airflow/.local/lib/python3.12/site-packages/airflow/example_dags/tutorial_dag.py
[2025-05-01T11:43:06.664+0000] {processor.py:830} INFO - Processing file /home/airflow/.local/lib/python3.12/site-packages/airflow/example_dags/tutorial_dag.py for tasks to queue
[2025-05-01T11:43:06.671+0000] {logging_mixin.py:188} INFO - [2025-05-01T11:43:06.670+0000] {dagbag.py:545} INFO - Filling up the DagBag from /home/airflow/.local/lib/python3.12/site-packages/airflow/example_dags/tutorial_dag.py
[2025-05-01T11:43:06.686+0000] {processor.py:840} INFO - DAG(s) 'tutorial_dag' retrieved from /home/airflow/.local/lib/python3.12/site-packages/airflow/example_dags/tutorial_dag.py
[2025-05-01T11:43:06.736+0000] {logging_mixin.py:188} INFO - [2025-05-01T11:43:06.735+0000] {dag.py:3096} INFO - Sync 1 DAGs
[2025-05-01T11:43:06.764+0000] {logging_mixin.py:188} INFO - [2025-05-01T11:43:06.763+0000] {dag.py:3954} INFO - Setting next_dagrun for tutorial_dag to None, run_after=None
[2025-05-01T11:43:06.814+0000] {processor.py:183} INFO - Processing /home/airflow/.local/lib/python3.12/site-packages/airflow/example_dags/tutorial_dag.py took 0.168 seconds
[2025-05-01T11:43:37.636+0000] {processor.py:161} INFO - Started process (PID=1476) to work on /home/airflow/.local/lib/python3.12/site-packages/airflow/example_dags/tutorial_dag.py
[2025-05-01T11:43:37.638+0000] {processor.py:830} INFO - Processing file /home/airflow/.local/lib/python3.12/site-packages/airflow/example_dags/tutorial_dag.py for tasks to queue
[2025-05-01T11:43:37.643+0000] {logging_mixin.py:188} INFO - [2025-05-01T11:43:37.642+0000] {dagbag.py:545} INFO - Filling up the DagBag from /home/airflow/.local/lib/python3.12/site-packages/airflow/example_dags/tutorial_dag.py
[2025-05-01T11:43:37.655+0000] {processor.py:840} INFO - DAG(s) 'tutorial_dag' retrieved from /home/airflow/.local/lib/python3.12/site-packages/airflow/example_dags/tutorial_dag.py
[2025-05-01T11:43:37.710+0000] {logging_mixin.py:188} INFO - [2025-05-01T11:43:37.709+0000] {dag.py:3096} INFO - Sync 1 DAGs
[2025-05-01T11:43:37.748+0000] {logging_mixin.py:188} INFO - [2025-05-01T11:43:37.747+0000] {dag.py:3954} INFO - Setting next_dagrun for tutorial_dag to None, run_after=None
[2025-05-01T11:43:37.803+0000] {processor.py:183} INFO - Processing /home/airflow/.local/lib/python3.12/site-packages/airflow/example_dags/tutorial_dag.py took 0.183 seconds
[2025-05-01T11:44:08.699+0000] {processor.py:161} INFO - Started process (PID=1535) to work on /home/airflow/.local/lib/python3.12/site-packages/airflow/example_dags/tutorial_dag.py
[2025-05-01T11:44:08.701+0000] {processor.py:830} INFO - Processing file /home/airflow/.local/lib/python3.12/site-packages/airflow/example_dags/tutorial_dag.py for tasks to queue
[2025-05-01T11:44:08.707+0000] {logging_mixin.py:188} INFO - [2025-05-01T11:44:08.705+0000] {dagbag.py:545} INFO - Filling up the DagBag from /home/airflow/.local/lib/python3.12/site-packages/airflow/example_dags/tutorial_dag.py
[2025-05-01T11:44:08.722+0000] {processor.py:840} INFO - DAG(s) 'tutorial_dag' retrieved from /home/airflow/.local/lib/python3.12/site-packages/airflow/example_dags/tutorial_dag.py
[2025-05-01T11:44:08.776+0000] {logging_mixin.py:188} INFO - [2025-05-01T11:44:08.775+0000] {dag.py:3096} INFO - Sync 1 DAGs
[2025-05-01T11:44:08.810+0000] {logging_mixin.py:188} INFO - [2025-05-01T11:44:08.809+0000] {dag.py:3954} INFO - Setting next_dagrun for tutorial_dag to None, run_after=None
[2025-05-01T11:44:08.862+0000] {processor.py:183} INFO - Processing /home/airflow/.local/lib/python3.12/site-packages/airflow/example_dags/tutorial_dag.py took 0.178 seconds
[2025-05-01T11:44:38.965+0000] {processor.py:161} INFO - Started process (PID=1594) to work on /home/airflow/.local/lib/python3.12/site-packages/airflow/example_dags/tutorial_dag.py
[2025-05-01T11:44:38.971+0000] {processor.py:830} INFO - Processing file /home/airflow/.local/lib/python3.12/site-packages/airflow/example_dags/tutorial_dag.py for tasks to queue
[2025-05-01T11:44:38.979+0000] {logging_mixin.py:188} INFO - [2025-05-01T11:44:38.977+0000] {dagbag.py:545} INFO - Filling up the DagBag from /home/airflow/.local/lib/python3.12/site-packages/airflow/example_dags/tutorial_dag.py
[2025-05-01T11:44:38.992+0000] {processor.py:840} INFO - DAG(s) 'tutorial_dag' retrieved from /home/airflow/.local/lib/python3.12/site-packages/airflow/example_dags/tutorial_dag.py
[2025-05-01T11:44:39.043+0000] {logging_mixin.py:188} INFO - [2025-05-01T11:44:39.043+0000] {dag.py:3096} INFO - Sync 1 DAGs
[2025-05-01T11:44:39.079+0000] {logging_mixin.py:188} INFO - [2025-05-01T11:44:39.079+0000] {dag.py:3954} INFO - Setting next_dagrun for tutorial_dag to None, run_after=None
[2025-05-01T11:44:39.129+0000] {processor.py:183} INFO - Processing /home/airflow/.local/lib/python3.12/site-packages/airflow/example_dags/tutorial_dag.py took 0.181 seconds
[2025-05-01T11:45:09.232+0000] {processor.py:161} INFO - Started process (PID=1651) to work on /home/airflow/.local/lib/python3.12/site-packages/airflow/example_dags/tutorial_dag.py
[2025-05-01T11:45:09.234+0000] {processor.py:830} INFO - Processing file /home/airflow/.local/lib/python3.12/site-packages/airflow/example_dags/tutorial_dag.py for tasks to queue
[2025-05-01T11:45:09.238+0000] {logging_mixin.py:188} INFO - [2025-05-01T11:45:09.238+0000] {dagbag.py:545} INFO - Filling up the DagBag from /home/airflow/.local/lib/python3.12/site-packages/airflow/example_dags/tutorial_dag.py
[2025-05-01T11:45:09.248+0000] {processor.py:840} INFO - DAG(s) 'tutorial_dag' retrieved from /home/airflow/.local/lib/python3.12/site-packages/airflow/example_dags/tutorial_dag.py
[2025-05-01T11:45:09.288+0000] {logging_mixin.py:188} INFO - [2025-05-01T11:45:09.288+0000] {dag.py:3096} INFO - Sync 1 DAGs
[2025-05-01T11:45:09.318+0000] {logging_mixin.py:188} INFO - [2025-05-01T11:45:09.317+0000] {dag.py:3954} INFO - Setting next_dagrun for tutorial_dag to None, run_after=None
[2025-05-01T11:45:09.374+0000] {processor.py:183} INFO - Processing /home/airflow/.local/lib/python3.12/site-packages/airflow/example_dags/tutorial_dag.py took 0.152 seconds
[2025-05-01T11:45:39.818+0000] {processor.py:161} INFO - Started process (PID=1710) to work on /home/airflow/.local/lib/python3.12/site-packages/airflow/example_dags/tutorial_dag.py
[2025-05-01T11:45:39.820+0000] {processor.py:830} INFO - Processing file /home/airflow/.local/lib/python3.12/site-packages/airflow/example_dags/tutorial_dag.py for tasks to queue
[2025-05-01T11:45:39.824+0000] {logging_mixin.py:188} INFO - [2025-05-01T11:45:39.823+0000] {dagbag.py:545} INFO - Filling up the DagBag from /home/airflow/.local/lib/python3.12/site-packages/airflow/example_dags/tutorial_dag.py
[2025-05-01T11:45:39.844+0000] {processor.py:840} INFO - DAG(s) 'tutorial_dag' retrieved from /home/airflow/.local/lib/python3.12/site-packages/airflow/example_dags/tutorial_dag.py
[2025-05-01T11:45:39.917+0000] {logging_mixin.py:188} INFO - [2025-05-01T11:45:39.916+0000] {dag.py:3096} INFO - Sync 1 DAGs
[2025-05-01T11:45:39.944+0000] {logging_mixin.py:188} INFO - [2025-05-01T11:45:39.943+0000] {dag.py:3954} INFO - Setting next_dagrun for tutorial_dag to None, run_after=None
[2025-05-01T11:45:40.028+0000] {processor.py:183} INFO - Processing /home/airflow/.local/lib/python3.12/site-packages/airflow/example_dags/tutorial_dag.py took 0.222 seconds
[2025-05-01T11:46:10.189+0000] {processor.py:161} INFO - Started process (PID=1769) to work on /home/airflow/.local/lib/python3.12/site-packages/airflow/example_dags/tutorial_dag.py
[2025-05-01T11:46:10.191+0000] {processor.py:830} INFO - Processing file /home/airflow/.local/lib/python3.12/site-packages/airflow/example_dags/tutorial_dag.py for tasks to queue
[2025-05-01T11:46:10.195+0000] {logging_mixin.py:188} INFO - [2025-05-01T11:46:10.194+0000] {dagbag.py:545} INFO - Filling up the DagBag from /home/airflow/.local/lib/python3.12/site-packages/airflow/example_dags/tutorial_dag.py
[2025-05-01T11:46:10.206+0000] {processor.py:840} INFO - DAG(s) 'tutorial_dag' retrieved from /home/airflow/.local/lib/python3.12/site-packages/airflow/example_dags/tutorial_dag.py
[2025-05-01T11:46:10.248+0000] {logging_mixin.py:188} INFO - [2025-05-01T11:46:10.247+0000] {dag.py:3096} INFO - Sync 1 DAGs
[2025-05-01T11:46:10.279+0000] {logging_mixin.py:188} INFO - [2025-05-01T11:46:10.278+0000] {dag.py:3954} INFO - Setting next_dagrun for tutorial_dag to None, run_after=None
[2025-05-01T11:46:10.325+0000] {processor.py:183} INFO - Processing /home/airflow/.local/lib/python3.12/site-packages/airflow/example_dags/tutorial_dag.py took 0.150 seconds
[2025-05-01T11:46:40.683+0000] {processor.py:161} INFO - Started process (PID=1828) to work on /home/airflow/.local/lib/python3.12/site-packages/airflow/example_dags/tutorial_dag.py
[2025-05-01T11:46:40.685+0000] {processor.py:830} INFO - Processing file /home/airflow/.local/lib/python3.12/site-packages/airflow/example_dags/tutorial_dag.py for tasks to queue
[2025-05-01T11:46:40.689+0000] {logging_mixin.py:188} INFO - [2025-05-01T11:46:40.688+0000] {dagbag.py:545} INFO - Filling up the DagBag from /home/airflow/.local/lib/python3.12/site-packages/airflow/example_dags/tutorial_dag.py
[2025-05-01T11:46:40.698+0000] {processor.py:840} INFO - DAG(s) 'tutorial_dag' retrieved from /home/airflow/.local/lib/python3.12/site-packages/airflow/example_dags/tutorial_dag.py
[2025-05-01T11:46:40.745+0000] {logging_mixin.py:188} INFO - [2025-05-01T11:46:40.745+0000] {dag.py:3096} INFO - Sync 1 DAGs
[2025-05-01T11:46:40.775+0000] {logging_mixin.py:188} INFO - [2025-05-01T11:46:40.774+0000] {dag.py:3954} INFO - Setting next_dagrun for tutorial_dag to None, run_after=None
[2025-05-01T11:46:40.850+0000] {processor.py:183} INFO - Processing /home/airflow/.local/lib/python3.12/site-packages/airflow/example_dags/tutorial_dag.py took 0.179 seconds
[2025-05-01T11:47:12.197+0000] {processor.py:161} INFO - Started process (PID=1887) to work on /home/airflow/.local/lib/python3.12/site-packages/airflow/example_dags/tutorial_dag.py
[2025-05-01T11:47:12.200+0000] {processor.py:830} INFO - Processing file /home/airflow/.local/lib/python3.12/site-packages/airflow/example_dags/tutorial_dag.py for tasks to queue
[2025-05-01T11:47:12.205+0000] {logging_mixin.py:188} INFO - [2025-05-01T11:47:12.204+0000] {dagbag.py:545} INFO - Filling up the DagBag from /home/airflow/.local/lib/python3.12/site-packages/airflow/example_dags/tutorial_dag.py
[2025-05-01T11:47:12.219+0000] {processor.py:840} INFO - DAG(s) 'tutorial_dag' retrieved from /home/airflow/.local/lib/python3.12/site-packages/airflow/example_dags/tutorial_dag.py
[2025-05-01T11:47:12.275+0000] {logging_mixin.py:188} INFO - [2025-05-01T11:47:12.274+0000] {dag.py:3096} INFO - Sync 1 DAGs
[2025-05-01T11:47:12.311+0000] {logging_mixin.py:188} INFO - [2025-05-01T11:47:12.310+0000] {dag.py:3954} INFO - Setting next_dagrun for tutorial_dag to None, run_after=None
[2025-05-01T11:47:12.368+0000] {processor.py:183} INFO - Processing /home/airflow/.local/lib/python3.12/site-packages/airflow/example_dags/tutorial_dag.py took 0.184 seconds
[2025-05-01T11:47:43.222+0000] {processor.py:161} INFO - Started process (PID=1946) to work on /home/airflow/.local/lib/python3.12/site-packages/airflow/example_dags/tutorial_dag.py
[2025-05-01T11:47:43.225+0000] {processor.py:830} INFO - Processing file /home/airflow/.local/lib/python3.12/site-packages/airflow/example_dags/tutorial_dag.py for tasks to queue
[2025-05-01T11:47:43.229+0000] {logging_mixin.py:188} INFO - [2025-05-01T11:47:43.229+0000] {dagbag.py:545} INFO - Filling up the DagBag from /home/airflow/.local/lib/python3.12/site-packages/airflow/example_dags/tutorial_dag.py
[2025-05-01T11:47:43.239+0000] {processor.py:840} INFO - DAG(s) 'tutorial_dag' retrieved from /home/airflow/.local/lib/python3.12/site-packages/airflow/example_dags/tutorial_dag.py
[2025-05-01T11:47:43.280+0000] {logging_mixin.py:188} INFO - [2025-05-01T11:47:43.279+0000] {dag.py:3096} INFO - Sync 1 DAGs
[2025-05-01T11:47:43.307+0000] {logging_mixin.py:188} INFO - [2025-05-01T11:47:43.306+0000] {dag.py:3954} INFO - Setting next_dagrun for tutorial_dag to None, run_after=None
[2025-05-01T11:47:43.353+0000] {processor.py:183} INFO - Processing /home/airflow/.local/lib/python3.12/site-packages/airflow/example_dags/tutorial_dag.py took 0.143 seconds
[2025-05-01T11:48:13.794+0000] {processor.py:161} INFO - Started process (PID=2005) to work on /home/airflow/.local/lib/python3.12/site-packages/airflow/example_dags/tutorial_dag.py
[2025-05-01T11:48:13.797+0000] {processor.py:830} INFO - Processing file /home/airflow/.local/lib/python3.12/site-packages/airflow/example_dags/tutorial_dag.py for tasks to queue
[2025-05-01T11:48:13.801+0000] {logging_mixin.py:188} INFO - [2025-05-01T11:48:13.800+0000] {dagbag.py:545} INFO - Filling up the DagBag from /home/airflow/.local/lib/python3.12/site-packages/airflow/example_dags/tutorial_dag.py
[2025-05-01T11:48:13.811+0000] {processor.py:840} INFO - DAG(s) 'tutorial_dag' retrieved from /home/airflow/.local/lib/python3.12/site-packages/airflow/example_dags/tutorial_dag.py
[2025-05-01T11:48:13.857+0000] {logging_mixin.py:188} INFO - [2025-05-01T11:48:13.857+0000] {dag.py:3096} INFO - Sync 1 DAGs
[2025-05-01T11:48:13.888+0000] {logging_mixin.py:188} INFO - [2025-05-01T11:48:13.887+0000] {dag.py:3954} INFO - Setting next_dagrun for tutorial_dag to None, run_after=None
[2025-05-01T11:48:13.976+0000] {processor.py:183} INFO - Processing /home/airflow/.local/lib/python3.12/site-packages/airflow/example_dags/tutorial_dag.py took 0.194 seconds
[2025-05-01T11:48:44.431+0000] {processor.py:161} INFO - Started process (PID=2064) to work on /home/airflow/.local/lib/python3.12/site-packages/airflow/example_dags/tutorial_dag.py
[2025-05-01T11:48:44.433+0000] {processor.py:830} INFO - Processing file /home/airflow/.local/lib/python3.12/site-packages/airflow/example_dags/tutorial_dag.py for tasks to queue
[2025-05-01T11:48:44.438+0000] {logging_mixin.py:188} INFO - [2025-05-01T11:48:44.437+0000] {dagbag.py:545} INFO - Filling up the DagBag from /home/airflow/.local/lib/python3.12/site-packages/airflow/example_dags/tutorial_dag.py
[2025-05-01T11:48:44.451+0000] {processor.py:840} INFO - DAG(s) 'tutorial_dag' retrieved from /home/airflow/.local/lib/python3.12/site-packages/airflow/example_dags/tutorial_dag.py
[2025-05-01T11:48:44.505+0000] {logging_mixin.py:188} INFO - [2025-05-01T11:48:44.504+0000] {dag.py:3096} INFO - Sync 1 DAGs
[2025-05-01T11:48:44.537+0000] {logging_mixin.py:188} INFO - [2025-05-01T11:48:44.537+0000] {dag.py:3954} INFO - Setting next_dagrun for tutorial_dag to None, run_after=None
[2025-05-01T11:48:44.584+0000] {processor.py:183} INFO - Processing /home/airflow/.local/lib/python3.12/site-packages/airflow/example_dags/tutorial_dag.py took 0.165 seconds
[2025-05-01T11:49:16.262+0000] {processor.py:161} INFO - Started process (PID=2124) to work on /home/airflow/.local/lib/python3.12/site-packages/airflow/example_dags/tutorial_dag.py
[2025-05-01T11:49:16.264+0000] {processor.py:830} INFO - Processing file /home/airflow/.local/lib/python3.12/site-packages/airflow/example_dags/tutorial_dag.py for tasks to queue
[2025-05-01T11:49:16.269+0000] {logging_mixin.py:188} INFO - [2025-05-01T11:49:16.268+0000] {dagbag.py:545} INFO - Filling up the DagBag from /home/airflow/.local/lib/python3.12/site-packages/airflow/example_dags/tutorial_dag.py
[2025-05-01T11:49:16.279+0000] {processor.py:840} INFO - DAG(s) 'tutorial_dag' retrieved from /home/airflow/.local/lib/python3.12/site-packages/airflow/example_dags/tutorial_dag.py
[2025-05-01T11:49:16.326+0000] {logging_mixin.py:188} INFO - [2025-05-01T11:49:16.325+0000] {dag.py:3096} INFO - Sync 1 DAGs
[2025-05-01T11:49:16.573+0000] {logging_mixin.py:188} INFO - [2025-05-01T11:49:16.573+0000] {dag.py:3954} INFO - Setting next_dagrun for tutorial_dag to None, run_after=None
[2025-05-01T11:49:16.658+0000] {processor.py:183} INFO - Processing /home/airflow/.local/lib/python3.12/site-packages/airflow/example_dags/tutorial_dag.py took 0.407 seconds
[2025-05-01T11:49:47.290+0000] {processor.py:161} INFO - Started process (PID=2183) to work on /home/airflow/.local/lib/python3.12/site-packages/airflow/example_dags/tutorial_dag.py
[2025-05-01T11:49:47.293+0000] {processor.py:830} INFO - Processing file /home/airflow/.local/lib/python3.12/site-packages/airflow/example_dags/tutorial_dag.py for tasks to queue
[2025-05-01T11:49:47.301+0000] {logging_mixin.py:188} INFO - [2025-05-01T11:49:47.300+0000] {dagbag.py:545} INFO - Filling up the DagBag from /home/airflow/.local/lib/python3.12/site-packages/airflow/example_dags/tutorial_dag.py
[2025-05-01T11:49:47.314+0000] {processor.py:840} INFO - DAG(s) 'tutorial_dag' retrieved from /home/airflow/.local/lib/python3.12/site-packages/airflow/example_dags/tutorial_dag.py
[2025-05-01T11:49:47.383+0000] {logging_mixin.py:188} INFO - [2025-05-01T11:49:47.383+0000] {dag.py:3096} INFO - Sync 1 DAGs
[2025-05-01T11:49:47.412+0000] {logging_mixin.py:188} INFO - [2025-05-01T11:49:47.411+0000] {dag.py:3954} INFO - Setting next_dagrun for tutorial_dag to None, run_after=None
[2025-05-01T11:49:47.459+0000] {processor.py:183} INFO - Processing /home/airflow/.local/lib/python3.12/site-packages/airflow/example_dags/tutorial_dag.py took 0.187 seconds
[2025-05-01T11:50:17.627+0000] {processor.py:161} INFO - Started process (PID=2242) to work on /home/airflow/.local/lib/python3.12/site-packages/airflow/example_dags/tutorial_dag.py
[2025-05-01T11:50:17.630+0000] {processor.py:830} INFO - Processing file /home/airflow/.local/lib/python3.12/site-packages/airflow/example_dags/tutorial_dag.py for tasks to queue
[2025-05-01T11:50:17.633+0000] {logging_mixin.py:188} INFO - [2025-05-01T11:50:17.633+0000] {dagbag.py:545} INFO - Filling up the DagBag from /home/airflow/.local/lib/python3.12/site-packages/airflow/example_dags/tutorial_dag.py
[2025-05-01T11:50:17.645+0000] {processor.py:840} INFO - DAG(s) 'tutorial_dag' retrieved from /home/airflow/.local/lib/python3.12/site-packages/airflow/example_dags/tutorial_dag.py
[2025-05-01T11:50:17.692+0000] {logging_mixin.py:188} INFO - [2025-05-01T11:50:17.692+0000] {dag.py:3096} INFO - Sync 1 DAGs
[2025-05-01T11:50:17.731+0000] {logging_mixin.py:188} INFO - [2025-05-01T11:50:17.730+0000] {dag.py:3954} INFO - Setting next_dagrun for tutorial_dag to None, run_after=None
[2025-05-01T11:50:17.787+0000] {processor.py:183} INFO - Processing /home/airflow/.local/lib/python3.12/site-packages/airflow/example_dags/tutorial_dag.py took 0.174 seconds
[2025-05-01T11:50:48.121+0000] {processor.py:161} INFO - Started process (PID=2301) to work on /home/airflow/.local/lib/python3.12/site-packages/airflow/example_dags/tutorial_dag.py
[2025-05-01T11:50:48.124+0000] {processor.py:830} INFO - Processing file /home/airflow/.local/lib/python3.12/site-packages/airflow/example_dags/tutorial_dag.py for tasks to queue
[2025-05-01T11:50:48.129+0000] {logging_mixin.py:188} INFO - [2025-05-01T11:50:48.127+0000] {dagbag.py:545} INFO - Filling up the DagBag from /home/airflow/.local/lib/python3.12/site-packages/airflow/example_dags/tutorial_dag.py
[2025-05-01T11:50:48.140+0000] {processor.py:840} INFO - DAG(s) 'tutorial_dag' retrieved from /home/airflow/.local/lib/python3.12/site-packages/airflow/example_dags/tutorial_dag.py
[2025-05-01T11:50:48.213+0000] {logging_mixin.py:188} INFO - [2025-05-01T11:50:48.213+0000] {dag.py:3096} INFO - Sync 1 DAGs
[2025-05-01T11:50:48.247+0000] {logging_mixin.py:188} INFO - [2025-05-01T11:50:48.247+0000] {dag.py:3954} INFO - Setting next_dagrun for tutorial_dag to None, run_after=None
[2025-05-01T11:50:48.315+0000] {processor.py:183} INFO - Processing /home/airflow/.local/lib/python3.12/site-packages/airflow/example_dags/tutorial_dag.py took 0.208 seconds
[2025-05-01T11:51:18.758+0000] {processor.py:161} INFO - Started process (PID=2360) to work on /home/airflow/.local/lib/python3.12/site-packages/airflow/example_dags/tutorial_dag.py
[2025-05-01T11:51:18.762+0000] {processor.py:830} INFO - Processing file /home/airflow/.local/lib/python3.12/site-packages/airflow/example_dags/tutorial_dag.py for tasks to queue
[2025-05-01T11:51:18.768+0000] {logging_mixin.py:188} INFO - [2025-05-01T11:51:18.767+0000] {dagbag.py:545} INFO - Filling up the DagBag from /home/airflow/.local/lib/python3.12/site-packages/airflow/example_dags/tutorial_dag.py
[2025-05-01T11:51:18.783+0000] {processor.py:840} INFO - DAG(s) 'tutorial_dag' retrieved from /home/airflow/.local/lib/python3.12/site-packages/airflow/example_dags/tutorial_dag.py
[2025-05-01T11:51:18.848+0000] {logging_mixin.py:188} INFO - [2025-05-01T11:51:18.847+0000] {dag.py:3096} INFO - Sync 1 DAGs
[2025-05-01T11:51:18.895+0000] {logging_mixin.py:188} INFO - [2025-05-01T11:51:18.894+0000] {dag.py:3954} INFO - Setting next_dagrun for tutorial_dag to None, run_after=None
[2025-05-01T11:51:18.955+0000] {processor.py:183} INFO - Processing /home/airflow/.local/lib/python3.12/site-packages/airflow/example_dags/tutorial_dag.py took 0.214 seconds
[2025-05-01T11:51:49.544+0000] {processor.py:161} INFO - Started process (PID=2419) to work on /home/airflow/.local/lib/python3.12/site-packages/airflow/example_dags/tutorial_dag.py
[2025-05-01T11:51:49.547+0000] {processor.py:830} INFO - Processing file /home/airflow/.local/lib/python3.12/site-packages/airflow/example_dags/tutorial_dag.py for tasks to queue
[2025-05-01T11:51:49.551+0000] {logging_mixin.py:188} INFO - [2025-05-01T11:51:49.550+0000] {dagbag.py:545} INFO - Filling up the DagBag from /home/airflow/.local/lib/python3.12/site-packages/airflow/example_dags/tutorial_dag.py
[2025-05-01T11:51:49.564+0000] {processor.py:840} INFO - DAG(s) 'tutorial_dag' retrieved from /home/airflow/.local/lib/python3.12/site-packages/airflow/example_dags/tutorial_dag.py
[2025-05-01T11:51:49.614+0000] {logging_mixin.py:188} INFO - [2025-05-01T11:51:49.614+0000] {dag.py:3096} INFO - Sync 1 DAGs
[2025-05-01T11:51:49.656+0000] {logging_mixin.py:188} INFO - [2025-05-01T11:51:49.655+0000] {dag.py:3954} INFO - Setting next_dagrun for tutorial_dag to None, run_after=None
[2025-05-01T11:51:49.755+0000] {processor.py:183} INFO - Processing /home/airflow/.local/lib/python3.12/site-packages/airflow/example_dags/tutorial_dag.py took 0.223 seconds
[2025-05-01T11:52:20.467+0000] {processor.py:161} INFO - Started process (PID=2478) to work on /home/airflow/.local/lib/python3.12/site-packages/airflow/example_dags/tutorial_dag.py
[2025-05-01T11:52:20.469+0000] {processor.py:830} INFO - Processing file /home/airflow/.local/lib/python3.12/site-packages/airflow/example_dags/tutorial_dag.py for tasks to queue
[2025-05-01T11:52:20.474+0000] {logging_mixin.py:188} INFO - [2025-05-01T11:52:20.473+0000] {dagbag.py:545} INFO - Filling up the DagBag from /home/airflow/.local/lib/python3.12/site-packages/airflow/example_dags/tutorial_dag.py
[2025-05-01T11:52:20.485+0000] {processor.py:840} INFO - DAG(s) 'tutorial_dag' retrieved from /home/airflow/.local/lib/python3.12/site-packages/airflow/example_dags/tutorial_dag.py
[2025-05-01T11:52:20.533+0000] {logging_mixin.py:188} INFO - [2025-05-01T11:52:20.533+0000] {dag.py:3096} INFO - Sync 1 DAGs
[2025-05-01T11:52:20.574+0000] {logging_mixin.py:188} INFO - [2025-05-01T11:52:20.573+0000] {dag.py:3954} INFO - Setting next_dagrun for tutorial_dag to None, run_after=None
[2025-05-01T11:52:20.696+0000] {processor.py:183} INFO - Processing /home/airflow/.local/lib/python3.12/site-packages/airflow/example_dags/tutorial_dag.py took 0.242 seconds
[2025-05-01T11:52:50.827+0000] {processor.py:161} INFO - Started process (PID=2537) to work on /home/airflow/.local/lib/python3.12/site-packages/airflow/example_dags/tutorial_dag.py
[2025-05-01T11:52:50.829+0000] {processor.py:830} INFO - Processing file /home/airflow/.local/lib/python3.12/site-packages/airflow/example_dags/tutorial_dag.py for tasks to queue
[2025-05-01T11:52:50.833+0000] {logging_mixin.py:188} INFO - [2025-05-01T11:52:50.832+0000] {dagbag.py:545} INFO - Filling up the DagBag from /home/airflow/.local/lib/python3.12/site-packages/airflow/example_dags/tutorial_dag.py
[2025-05-01T11:52:50.842+0000] {processor.py:840} INFO - DAG(s) 'tutorial_dag' retrieved from /home/airflow/.local/lib/python3.12/site-packages/airflow/example_dags/tutorial_dag.py
[2025-05-01T11:52:50.882+0000] {logging_mixin.py:188} INFO - [2025-05-01T11:52:50.881+0000] {dag.py:3096} INFO - Sync 1 DAGs
[2025-05-01T11:52:50.908+0000] {logging_mixin.py:188} INFO - [2025-05-01T11:52:50.908+0000] {dag.py:3954} INFO - Setting next_dagrun for tutorial_dag to None, run_after=None
[2025-05-01T11:52:50.950+0000] {processor.py:183} INFO - Processing /home/airflow/.local/lib/python3.12/site-packages/airflow/example_dags/tutorial_dag.py took 0.134 seconds
[2025-05-01T11:53:21.544+0000] {processor.py:161} INFO - Started process (PID=2596) to work on /home/airflow/.local/lib/python3.12/site-packages/airflow/example_dags/tutorial_dag.py
[2025-05-01T11:53:21.546+0000] {processor.py:830} INFO - Processing file /home/airflow/.local/lib/python3.12/site-packages/airflow/example_dags/tutorial_dag.py for tasks to queue
[2025-05-01T11:53:21.550+0000] {logging_mixin.py:188} INFO - [2025-05-01T11:53:21.550+0000] {dagbag.py:545} INFO - Filling up the DagBag from /home/airflow/.local/lib/python3.12/site-packages/airflow/example_dags/tutorial_dag.py
[2025-05-01T11:53:21.565+0000] {processor.py:840} INFO - DAG(s) 'tutorial_dag' retrieved from /home/airflow/.local/lib/python3.12/site-packages/airflow/example_dags/tutorial_dag.py
[2025-05-01T11:53:21.615+0000] {logging_mixin.py:188} INFO - [2025-05-01T11:53:21.615+0000] {dag.py:3096} INFO - Sync 1 DAGs
[2025-05-01T11:53:21.654+0000] {logging_mixin.py:188} INFO - [2025-05-01T11:53:21.653+0000] {dag.py:3954} INFO - Setting next_dagrun for tutorial_dag to None, run_after=None
[2025-05-01T11:53:21.717+0000] {processor.py:183} INFO - Processing /home/airflow/.local/lib/python3.12/site-packages/airflow/example_dags/tutorial_dag.py took 0.186 seconds
[2025-05-01T11:53:52.173+0000] {processor.py:161} INFO - Started process (PID=2655) to work on /home/airflow/.local/lib/python3.12/site-packages/airflow/example_dags/tutorial_dag.py
[2025-05-01T11:53:52.175+0000] {processor.py:830} INFO - Processing file /home/airflow/.local/lib/python3.12/site-packages/airflow/example_dags/tutorial_dag.py for tasks to queue
[2025-05-01T11:53:52.179+0000] {logging_mixin.py:188} INFO - [2025-05-01T11:53:52.178+0000] {dagbag.py:545} INFO - Filling up the DagBag from /home/airflow/.local/lib/python3.12/site-packages/airflow/example_dags/tutorial_dag.py
[2025-05-01T11:53:52.188+0000] {processor.py:840} INFO - DAG(s) 'tutorial_dag' retrieved from /home/airflow/.local/lib/python3.12/site-packages/airflow/example_dags/tutorial_dag.py
[2025-05-01T11:53:52.232+0000] {logging_mixin.py:188} INFO - [2025-05-01T11:53:52.231+0000] {dag.py:3096} INFO - Sync 1 DAGs
[2025-05-01T11:53:52.262+0000] {logging_mixin.py:188} INFO - [2025-05-01T11:53:52.261+0000] {dag.py:3954} INFO - Setting next_dagrun for tutorial_dag to None, run_after=None
[2025-05-01T11:53:52.359+0000] {processor.py:183} INFO - Processing /home/airflow/.local/lib/python3.12/site-packages/airflow/example_dags/tutorial_dag.py took 0.198 seconds
[2025-05-01T11:54:22.919+0000] {processor.py:161} INFO - Started process (PID=2714) to work on /home/airflow/.local/lib/python3.12/site-packages/airflow/example_dags/tutorial_dag.py
[2025-05-01T11:54:22.922+0000] {processor.py:830} INFO - Processing file /home/airflow/.local/lib/python3.12/site-packages/airflow/example_dags/tutorial_dag.py for tasks to queue
[2025-05-01T11:54:22.926+0000] {logging_mixin.py:188} INFO - [2025-05-01T11:54:22.925+0000] {dagbag.py:545} INFO - Filling up the DagBag from /home/airflow/.local/lib/python3.12/site-packages/airflow/example_dags/tutorial_dag.py
[2025-05-01T11:54:22.941+0000] {processor.py:840} INFO - DAG(s) 'tutorial_dag' retrieved from /home/airflow/.local/lib/python3.12/site-packages/airflow/example_dags/tutorial_dag.py
[2025-05-01T11:54:22.990+0000] {logging_mixin.py:188} INFO - [2025-05-01T11:54:22.989+0000] {dag.py:3096} INFO - Sync 1 DAGs
[2025-05-01T11:54:23.026+0000] {logging_mixin.py:188} INFO - [2025-05-01T11:54:23.026+0000] {dag.py:3954} INFO - Setting next_dagrun for tutorial_dag to None, run_after=None
[2025-05-01T11:54:23.076+0000] {processor.py:183} INFO - Processing /home/airflow/.local/lib/python3.12/site-packages/airflow/example_dags/tutorial_dag.py took 0.175 seconds
[2025-05-01T11:54:53.429+0000] {processor.py:161} INFO - Started process (PID=2773) to work on /home/airflow/.local/lib/python3.12/site-packages/airflow/example_dags/tutorial_dag.py
[2025-05-01T11:54:53.431+0000] {processor.py:830} INFO - Processing file /home/airflow/.local/lib/python3.12/site-packages/airflow/example_dags/tutorial_dag.py for tasks to queue
[2025-05-01T11:54:53.435+0000] {logging_mixin.py:188} INFO - [2025-05-01T11:54:53.435+0000] {dagbag.py:545} INFO - Filling up the DagBag from /home/airflow/.local/lib/python3.12/site-packages/airflow/example_dags/tutorial_dag.py
[2025-05-01T11:54:53.448+0000] {processor.py:840} INFO - DAG(s) 'tutorial_dag' retrieved from /home/airflow/.local/lib/python3.12/site-packages/airflow/example_dags/tutorial_dag.py
[2025-05-01T11:54:53.492+0000] {logging_mixin.py:188} INFO - [2025-05-01T11:54:53.491+0000] {dag.py:3096} INFO - Sync 1 DAGs
[2025-05-01T11:54:53.522+0000] {logging_mixin.py:188} INFO - [2025-05-01T11:54:53.522+0000] {dag.py:3954} INFO - Setting next_dagrun for tutorial_dag to None, run_after=None
[2025-05-01T11:54:53.608+0000] {processor.py:183} INFO - Processing /home/airflow/.local/lib/python3.12/site-packages/airflow/example_dags/tutorial_dag.py took 0.192 seconds
[2025-05-01T11:55:24.140+0000] {processor.py:161} INFO - Started process (PID=2832) to work on /home/airflow/.local/lib/python3.12/site-packages/airflow/example_dags/tutorial_dag.py
[2025-05-01T11:55:24.142+0000] {processor.py:830} INFO - Processing file /home/airflow/.local/lib/python3.12/site-packages/airflow/example_dags/tutorial_dag.py for tasks to queue
[2025-05-01T11:55:24.147+0000] {logging_mixin.py:188} INFO - [2025-05-01T11:55:24.146+0000] {dagbag.py:545} INFO - Filling up the DagBag from /home/airflow/.local/lib/python3.12/site-packages/airflow/example_dags/tutorial_dag.py
[2025-05-01T11:55:24.157+0000] {processor.py:840} INFO - DAG(s) 'tutorial_dag' retrieved from /home/airflow/.local/lib/python3.12/site-packages/airflow/example_dags/tutorial_dag.py
[2025-05-01T11:55:24.207+0000] {logging_mixin.py:188} INFO - [2025-05-01T11:55:24.206+0000] {dag.py:3096} INFO - Sync 1 DAGs
[2025-05-01T11:55:24.238+0000] {logging_mixin.py:188} INFO - [2025-05-01T11:55:24.237+0000] {dag.py:3954} INFO - Setting next_dagrun for tutorial_dag to None, run_after=None
[2025-05-01T11:55:24.323+0000] {processor.py:183} INFO - Processing /home/airflow/.local/lib/python3.12/site-packages/airflow/example_dags/tutorial_dag.py took 0.194 seconds
[2025-05-01T11:55:55.180+0000] {processor.py:161} INFO - Started process (PID=2892) to work on /home/airflow/.local/lib/python3.12/site-packages/airflow/example_dags/tutorial_dag.py
[2025-05-01T11:55:55.182+0000] {processor.py:830} INFO - Processing file /home/airflow/.local/lib/python3.12/site-packages/airflow/example_dags/tutorial_dag.py for tasks to queue
[2025-05-01T11:55:55.186+0000] {logging_mixin.py:188} INFO - [2025-05-01T11:55:55.185+0000] {dagbag.py:545} INFO - Filling up the DagBag from /home/airflow/.local/lib/python3.12/site-packages/airflow/example_dags/tutorial_dag.py
[2025-05-01T11:55:55.199+0000] {processor.py:840} INFO - DAG(s) 'tutorial_dag' retrieved from /home/airflow/.local/lib/python3.12/site-packages/airflow/example_dags/tutorial_dag.py
[2025-05-01T11:55:55.245+0000] {logging_mixin.py:188} INFO - [2025-05-01T11:55:55.245+0000] {dag.py:3096} INFO - Sync 1 DAGs
[2025-05-01T11:55:55.275+0000] {logging_mixin.py:188} INFO - [2025-05-01T11:55:55.274+0000] {dag.py:3954} INFO - Setting next_dagrun for tutorial_dag to None, run_after=None
[2025-05-01T11:55:55.322+0000] {processor.py:183} INFO - Processing /home/airflow/.local/lib/python3.12/site-packages/airflow/example_dags/tutorial_dag.py took 0.157 seconds
[2025-05-01T11:56:26.222+0000] {processor.py:161} INFO - Started process (PID=2951) to work on /home/airflow/.local/lib/python3.12/site-packages/airflow/example_dags/tutorial_dag.py
[2025-05-01T11:56:26.225+0000] {processor.py:830} INFO - Processing file /home/airflow/.local/lib/python3.12/site-packages/airflow/example_dags/tutorial_dag.py for tasks to queue
[2025-05-01T11:56:26.230+0000] {logging_mixin.py:188} INFO - [2025-05-01T11:56:26.229+0000] {dagbag.py:545} INFO - Filling up the DagBag from /home/airflow/.local/lib/python3.12/site-packages/airflow/example_dags/tutorial_dag.py
[2025-05-01T11:56:26.240+0000] {processor.py:840} INFO - DAG(s) 'tutorial_dag' retrieved from /home/airflow/.local/lib/python3.12/site-packages/airflow/example_dags/tutorial_dag.py
[2025-05-01T11:56:26.282+0000] {logging_mixin.py:188} INFO - [2025-05-01T11:56:26.281+0000] {dag.py:3096} INFO - Sync 1 DAGs
[2025-05-01T11:56:26.313+0000] {logging_mixin.py:188} INFO - [2025-05-01T11:56:26.312+0000] {dag.py:3954} INFO - Setting next_dagrun for tutorial_dag to None, run_after=None
[2025-05-01T11:56:26.358+0000] {processor.py:183} INFO - Processing /home/airflow/.local/lib/python3.12/site-packages/airflow/example_dags/tutorial_dag.py took 0.150 seconds
[2025-05-01T11:56:56.872+0000] {processor.py:161} INFO - Started process (PID=3010) to work on /home/airflow/.local/lib/python3.12/site-packages/airflow/example_dags/tutorial_dag.py
[2025-05-01T11:56:56.874+0000] {processor.py:830} INFO - Processing file /home/airflow/.local/lib/python3.12/site-packages/airflow/example_dags/tutorial_dag.py for tasks to queue
[2025-05-01T11:56:56.878+0000] {logging_mixin.py:188} INFO - [2025-05-01T11:56:56.878+0000] {dagbag.py:545} INFO - Filling up the DagBag from /home/airflow/.local/lib/python3.12/site-packages/airflow/example_dags/tutorial_dag.py
[2025-05-01T11:56:56.888+0000] {processor.py:840} INFO - DAG(s) 'tutorial_dag' retrieved from /home/airflow/.local/lib/python3.12/site-packages/airflow/example_dags/tutorial_dag.py
[2025-05-01T11:56:56.935+0000] {logging_mixin.py:188} INFO - [2025-05-01T11:56:56.934+0000] {dag.py:3096} INFO - Sync 1 DAGs
[2025-05-01T11:56:56.966+0000] {logging_mixin.py:188} INFO - [2025-05-01T11:56:56.966+0000] {dag.py:3954} INFO - Setting next_dagrun for tutorial_dag to None, run_after=None
[2025-05-01T11:56:57.052+0000] {processor.py:183} INFO - Processing /home/airflow/.local/lib/python3.12/site-packages/airflow/example_dags/tutorial_dag.py took 0.193 seconds
[2025-05-01T11:57:27.435+0000] {processor.py:161} INFO - Started process (PID=3069) to work on /home/airflow/.local/lib/python3.12/site-packages/airflow/example_dags/tutorial_dag.py
[2025-05-01T11:57:27.437+0000] {processor.py:830} INFO - Processing file /home/airflow/.local/lib/python3.12/site-packages/airflow/example_dags/tutorial_dag.py for tasks to queue
[2025-05-01T11:57:27.442+0000] {logging_mixin.py:188} INFO - [2025-05-01T11:57:27.441+0000] {dagbag.py:545} INFO - Filling up the DagBag from /home/airflow/.local/lib/python3.12/site-packages/airflow/example_dags/tutorial_dag.py
[2025-05-01T11:57:27.453+0000] {processor.py:840} INFO - DAG(s) 'tutorial_dag' retrieved from /home/airflow/.local/lib/python3.12/site-packages/airflow/example_dags/tutorial_dag.py
[2025-05-01T11:57:27.502+0000] {logging_mixin.py:188} INFO - [2025-05-01T11:57:27.501+0000] {dag.py:3096} INFO - Sync 1 DAGs
[2025-05-01T11:57:27.536+0000] {logging_mixin.py:188} INFO - [2025-05-01T11:57:27.535+0000] {dag.py:3954} INFO - Setting next_dagrun for tutorial_dag to None, run_after=None
[2025-05-01T11:57:27.623+0000] {processor.py:183} INFO - Processing /home/airflow/.local/lib/python3.12/site-packages/airflow/example_dags/tutorial_dag.py took 0.202 seconds
[2025-05-01T11:57:57.924+0000] {processor.py:161} INFO - Started process (PID=3128) to work on /home/airflow/.local/lib/python3.12/site-packages/airflow/example_dags/tutorial_dag.py
[2025-05-01T11:57:57.926+0000] {processor.py:830} INFO - Processing file /home/airflow/.local/lib/python3.12/site-packages/airflow/example_dags/tutorial_dag.py for tasks to queue
[2025-05-01T11:57:57.930+0000] {logging_mixin.py:188} INFO - [2025-05-01T11:57:57.929+0000] {dagbag.py:545} INFO - Filling up the DagBag from /home/airflow/.local/lib/python3.12/site-packages/airflow/example_dags/tutorial_dag.py
[2025-05-01T11:57:57.942+0000] {processor.py:840} INFO - DAG(s) 'tutorial_dag' retrieved from /home/airflow/.local/lib/python3.12/site-packages/airflow/example_dags/tutorial_dag.py
[2025-05-01T11:57:57.991+0000] {logging_mixin.py:188} INFO - [2025-05-01T11:57:57.990+0000] {dag.py:3096} INFO - Sync 1 DAGs
[2025-05-01T11:57:58.022+0000] {logging_mixin.py:188} INFO - [2025-05-01T11:57:58.022+0000] {dag.py:3954} INFO - Setting next_dagrun for tutorial_dag to None, run_after=None
[2025-05-01T11:57:58.077+0000] {processor.py:183} INFO - Processing /home/airflow/.local/lib/python3.12/site-packages/airflow/example_dags/tutorial_dag.py took 0.165 seconds
[2025-05-01T11:58:28.344+0000] {processor.py:161} INFO - Started process (PID=3187) to work on /home/airflow/.local/lib/python3.12/site-packages/airflow/example_dags/tutorial_dag.py
[2025-05-01T11:58:28.346+0000] {processor.py:830} INFO - Processing file /home/airflow/.local/lib/python3.12/site-packages/airflow/example_dags/tutorial_dag.py for tasks to queue
[2025-05-01T11:58:28.350+0000] {logging_mixin.py:188} INFO - [2025-05-01T11:58:28.349+0000] {dagbag.py:545} INFO - Filling up the DagBag from /home/airflow/.local/lib/python3.12/site-packages/airflow/example_dags/tutorial_dag.py
[2025-05-01T11:58:28.360+0000] {processor.py:840} INFO - DAG(s) 'tutorial_dag' retrieved from /home/airflow/.local/lib/python3.12/site-packages/airflow/example_dags/tutorial_dag.py
[2025-05-01T11:58:28.404+0000] {logging_mixin.py:188} INFO - [2025-05-01T11:58:28.403+0000] {dag.py:3096} INFO - Sync 1 DAGs
[2025-05-01T11:58:28.438+0000] {logging_mixin.py:188} INFO - [2025-05-01T11:58:28.438+0000] {dag.py:3954} INFO - Setting next_dagrun for tutorial_dag to None, run_after=None
[2025-05-01T11:58:28.528+0000] {processor.py:183} INFO - Processing /home/airflow/.local/lib/python3.12/site-packages/airflow/example_dags/tutorial_dag.py took 0.198 seconds
[2025-05-01T11:58:59.690+0000] {processor.py:161} INFO - Started process (PID=3246) to work on /home/airflow/.local/lib/python3.12/site-packages/airflow/example_dags/tutorial_dag.py
[2025-05-01T11:58:59.692+0000] {processor.py:830} INFO - Processing file /home/airflow/.local/lib/python3.12/site-packages/airflow/example_dags/tutorial_dag.py for tasks to queue
[2025-05-01T11:58:59.697+0000] {logging_mixin.py:188} INFO - [2025-05-01T11:58:59.696+0000] {dagbag.py:545} INFO - Filling up the DagBag from /home/airflow/.local/lib/python3.12/site-packages/airflow/example_dags/tutorial_dag.py
[2025-05-01T11:58:59.706+0000] {processor.py:840} INFO - DAG(s) 'tutorial_dag' retrieved from /home/airflow/.local/lib/python3.12/site-packages/airflow/example_dags/tutorial_dag.py
[2025-05-01T11:58:59.749+0000] {logging_mixin.py:188} INFO - [2025-05-01T11:58:59.749+0000] {dag.py:3096} INFO - Sync 1 DAGs
[2025-05-01T11:58:59.777+0000] {logging_mixin.py:188} INFO - [2025-05-01T11:58:59.776+0000] {dag.py:3954} INFO - Setting next_dagrun for tutorial_dag to None, run_after=None
[2025-05-01T11:58:59.859+0000] {processor.py:183} INFO - Processing /home/airflow/.local/lib/python3.12/site-packages/airflow/example_dags/tutorial_dag.py took 0.180 seconds
[2025-05-01T11:59:29.995+0000] {processor.py:161} INFO - Started process (PID=3305) to work on /home/airflow/.local/lib/python3.12/site-packages/airflow/example_dags/tutorial_dag.py
[2025-05-01T11:59:29.997+0000] {processor.py:830} INFO - Processing file /home/airflow/.local/lib/python3.12/site-packages/airflow/example_dags/tutorial_dag.py for tasks to queue
[2025-05-01T11:59:30.001+0000] {logging_mixin.py:188} INFO - [2025-05-01T11:59:30.000+0000] {dagbag.py:545} INFO - Filling up the DagBag from /home/airflow/.local/lib/python3.12/site-packages/airflow/example_dags/tutorial_dag.py
[2025-05-01T11:59:30.012+0000] {processor.py:840} INFO - DAG(s) 'tutorial_dag' retrieved from /home/airflow/.local/lib/python3.12/site-packages/airflow/example_dags/tutorial_dag.py
[2025-05-01T11:59:30.055+0000] {logging_mixin.py:188} INFO - [2025-05-01T11:59:30.054+0000] {dag.py:3096} INFO - Sync 1 DAGs
[2025-05-01T11:59:30.082+0000] {logging_mixin.py:188} INFO - [2025-05-01T11:59:30.081+0000] {dag.py:3954} INFO - Setting next_dagrun for tutorial_dag to None, run_after=None
[2025-05-01T11:59:30.167+0000] {processor.py:183} INFO - Processing /home/airflow/.local/lib/python3.12/site-packages/airflow/example_dags/tutorial_dag.py took 0.184 seconds
[2025-05-01T12:00:00.898+0000] {processor.py:161} INFO - Started process (PID=3364) to work on /home/airflow/.local/lib/python3.12/site-packages/airflow/example_dags/tutorial_dag.py
[2025-05-01T12:00:00.900+0000] {processor.py:830} INFO - Processing file /home/airflow/.local/lib/python3.12/site-packages/airflow/example_dags/tutorial_dag.py for tasks to queue
[2025-05-01T12:00:00.905+0000] {logging_mixin.py:188} INFO - [2025-05-01T12:00:00.904+0000] {dagbag.py:545} INFO - Filling up the DagBag from /home/airflow/.local/lib/python3.12/site-packages/airflow/example_dags/tutorial_dag.py
[2025-05-01T12:00:00.915+0000] {processor.py:840} INFO - DAG(s) 'tutorial_dag' retrieved from /home/airflow/.local/lib/python3.12/site-packages/airflow/example_dags/tutorial_dag.py
[2025-05-01T12:00:00.962+0000] {logging_mixin.py:188} INFO - [2025-05-01T12:00:00.961+0000] {dag.py:3096} INFO - Sync 1 DAGs
[2025-05-01T12:00:00.990+0000] {logging_mixin.py:188} INFO - [2025-05-01T12:00:00.989+0000] {dag.py:3954} INFO - Setting next_dagrun for tutorial_dag to None, run_after=None
[2025-05-01T12:00:01.077+0000] {processor.py:183} INFO - Processing /home/airflow/.local/lib/python3.12/site-packages/airflow/example_dags/tutorial_dag.py took 0.191 seconds
[2025-05-01T12:00:31.463+0000] {processor.py:161} INFO - Started process (PID=3422) to work on /home/airflow/.local/lib/python3.12/site-packages/airflow/example_dags/tutorial_dag.py
[2025-05-01T12:00:31.465+0000] {processor.py:830} INFO - Processing file /home/airflow/.local/lib/python3.12/site-packages/airflow/example_dags/tutorial_dag.py for tasks to queue
[2025-05-01T12:00:31.469+0000] {logging_mixin.py:188} INFO - [2025-05-01T12:00:31.469+0000] {dagbag.py:545} INFO - Filling up the DagBag from /home/airflow/.local/lib/python3.12/site-packages/airflow/example_dags/tutorial_dag.py
[2025-05-01T12:00:31.479+0000] {processor.py:840} INFO - DAG(s) 'tutorial_dag' retrieved from /home/airflow/.local/lib/python3.12/site-packages/airflow/example_dags/tutorial_dag.py
[2025-05-01T12:00:31.535+0000] {logging_mixin.py:188} INFO - [2025-05-01T12:00:31.534+0000] {dag.py:3096} INFO - Sync 1 DAGs
[2025-05-01T12:00:31.568+0000] {logging_mixin.py:188} INFO - [2025-05-01T12:00:31.567+0000] {dag.py:3954} INFO - Setting next_dagrun for tutorial_dag to None, run_after=None
[2025-05-01T12:00:31.649+0000] {processor.py:183} INFO - Processing /home/airflow/.local/lib/python3.12/site-packages/airflow/example_dags/tutorial_dag.py took 0.199 seconds
[2025-05-01T12:01:02.543+0000] {processor.py:161} INFO - Started process (PID=3486) to work on /home/airflow/.local/lib/python3.12/site-packages/airflow/example_dags/tutorial_dag.py
[2025-05-01T12:01:02.545+0000] {processor.py:830} INFO - Processing file /home/airflow/.local/lib/python3.12/site-packages/airflow/example_dags/tutorial_dag.py for tasks to queue
[2025-05-01T12:01:02.549+0000] {logging_mixin.py:188} INFO - [2025-05-01T12:01:02.548+0000] {dagbag.py:545} INFO - Filling up the DagBag from /home/airflow/.local/lib/python3.12/site-packages/airflow/example_dags/tutorial_dag.py
[2025-05-01T12:01:02.557+0000] {processor.py:840} INFO - DAG(s) 'tutorial_dag' retrieved from /home/airflow/.local/lib/python3.12/site-packages/airflow/example_dags/tutorial_dag.py
[2025-05-01T12:01:02.600+0000] {logging_mixin.py:188} INFO - [2025-05-01T12:01:02.599+0000] {dag.py:3096} INFO - Sync 1 DAGs
[2025-05-01T12:01:02.629+0000] {logging_mixin.py:188} INFO - [2025-05-01T12:01:02.629+0000] {dag.py:3954} INFO - Setting next_dagrun for tutorial_dag to None, run_after=None
[2025-05-01T12:01:02.712+0000] {processor.py:183} INFO - Processing /home/airflow/.local/lib/python3.12/site-packages/airflow/example_dags/tutorial_dag.py took 0.181 seconds
[2025-05-01T12:01:33.777+0000] {processor.py:161} INFO - Started process (PID=3546) to work on /home/airflow/.local/lib/python3.12/site-packages/airflow/example_dags/tutorial_dag.py
[2025-05-01T12:01:33.780+0000] {processor.py:830} INFO - Processing file /home/airflow/.local/lib/python3.12/site-packages/airflow/example_dags/tutorial_dag.py for tasks to queue
[2025-05-01T12:01:33.786+0000] {logging_mixin.py:188} INFO - [2025-05-01T12:01:33.785+0000] {dagbag.py:545} INFO - Filling up the DagBag from /home/airflow/.local/lib/python3.12/site-packages/airflow/example_dags/tutorial_dag.py
[2025-05-01T12:01:33.811+0000] {processor.py:840} INFO - DAG(s) 'tutorial_dag' retrieved from /home/airflow/.local/lib/python3.12/site-packages/airflow/example_dags/tutorial_dag.py
[2025-05-01T12:01:33.864+0000] {logging_mixin.py:188} INFO - [2025-05-01T12:01:33.864+0000] {dag.py:3096} INFO - Sync 1 DAGs
[2025-05-01T12:01:33.893+0000] {logging_mixin.py:188} INFO - [2025-05-01T12:01:33.892+0000] {dag.py:3954} INFO - Setting next_dagrun for tutorial_dag to None, run_after=None
[2025-05-01T12:01:33.933+0000] {processor.py:183} INFO - Processing /home/airflow/.local/lib/python3.12/site-packages/airflow/example_dags/tutorial_dag.py took 0.175 seconds
[2025-05-01T12:02:04.316+0000] {processor.py:161} INFO - Started process (PID=3605) to work on /home/airflow/.local/lib/python3.12/site-packages/airflow/example_dags/tutorial_dag.py
[2025-05-01T12:02:04.318+0000] {processor.py:830} INFO - Processing file /home/airflow/.local/lib/python3.12/site-packages/airflow/example_dags/tutorial_dag.py for tasks to queue
[2025-05-01T12:02:04.322+0000] {logging_mixin.py:188} INFO - [2025-05-01T12:02:04.321+0000] {dagbag.py:545} INFO - Filling up the DagBag from /home/airflow/.local/lib/python3.12/site-packages/airflow/example_dags/tutorial_dag.py
[2025-05-01T12:02:04.332+0000] {processor.py:840} INFO - DAG(s) 'tutorial_dag' retrieved from /home/airflow/.local/lib/python3.12/site-packages/airflow/example_dags/tutorial_dag.py
[2025-05-01T12:02:04.375+0000] {logging_mixin.py:188} INFO - [2025-05-01T12:02:04.374+0000] {dag.py:3096} INFO - Sync 1 DAGs
[2025-05-01T12:02:04.404+0000] {logging_mixin.py:188} INFO - [2025-05-01T12:02:04.404+0000] {dag.py:3954} INFO - Setting next_dagrun for tutorial_dag to None, run_after=None
[2025-05-01T12:02:04.450+0000] {processor.py:183} INFO - Processing /home/airflow/.local/lib/python3.12/site-packages/airflow/example_dags/tutorial_dag.py took 0.147 seconds
[2025-05-01T12:02:35.098+0000] {processor.py:161} INFO - Started process (PID=3664) to work on /home/airflow/.local/lib/python3.12/site-packages/airflow/example_dags/tutorial_dag.py
[2025-05-01T12:02:35.101+0000] {processor.py:830} INFO - Processing file /home/airflow/.local/lib/python3.12/site-packages/airflow/example_dags/tutorial_dag.py for tasks to queue
[2025-05-01T12:02:35.105+0000] {logging_mixin.py:188} INFO - [2025-05-01T12:02:35.104+0000] {dagbag.py:545} INFO - Filling up the DagBag from /home/airflow/.local/lib/python3.12/site-packages/airflow/example_dags/tutorial_dag.py
[2025-05-01T12:02:35.114+0000] {processor.py:840} INFO - DAG(s) 'tutorial_dag' retrieved from /home/airflow/.local/lib/python3.12/site-packages/airflow/example_dags/tutorial_dag.py
[2025-05-01T12:02:35.157+0000] {logging_mixin.py:188} INFO - [2025-05-01T12:02:35.157+0000] {dag.py:3096} INFO - Sync 1 DAGs
[2025-05-01T12:02:35.186+0000] {logging_mixin.py:188} INFO - [2025-05-01T12:02:35.186+0000] {dag.py:3954} INFO - Setting next_dagrun for tutorial_dag to None, run_after=None
[2025-05-01T12:02:35.241+0000] {processor.py:183} INFO - Processing /home/airflow/.local/lib/python3.12/site-packages/airflow/example_dags/tutorial_dag.py took 0.155 seconds
[2025-05-01T12:03:06.162+0000] {processor.py:161} INFO - Started process (PID=3722) to work on /home/airflow/.local/lib/python3.12/site-packages/airflow/example_dags/tutorial_dag.py
[2025-05-01T12:03:06.164+0000] {processor.py:830} INFO - Processing file /home/airflow/.local/lib/python3.12/site-packages/airflow/example_dags/tutorial_dag.py for tasks to queue
[2025-05-01T12:03:06.169+0000] {logging_mixin.py:188} INFO - [2025-05-01T12:03:06.168+0000] {dagbag.py:545} INFO - Filling up the DagBag from /home/airflow/.local/lib/python3.12/site-packages/airflow/example_dags/tutorial_dag.py
[2025-05-01T12:03:06.182+0000] {processor.py:840} INFO - DAG(s) 'tutorial_dag' retrieved from /home/airflow/.local/lib/python3.12/site-packages/airflow/example_dags/tutorial_dag.py
[2025-05-01T12:03:06.237+0000] {logging_mixin.py:188} INFO - [2025-05-01T12:03:06.237+0000] {dag.py:3096} INFO - Sync 1 DAGs
[2025-05-01T12:03:06.274+0000] {logging_mixin.py:188} INFO - [2025-05-01T12:03:06.273+0000] {dag.py:3954} INFO - Setting next_dagrun for tutorial_dag to None, run_after=None
[2025-05-01T12:03:06.361+0000] {processor.py:183} INFO - Processing /home/airflow/.local/lib/python3.12/site-packages/airflow/example_dags/tutorial_dag.py took 0.214 seconds
[2025-05-01T12:03:37.017+0000] {processor.py:161} INFO - Started process (PID=3781) to work on /home/airflow/.local/lib/python3.12/site-packages/airflow/example_dags/tutorial_dag.py
[2025-05-01T12:03:37.020+0000] {processor.py:830} INFO - Processing file /home/airflow/.local/lib/python3.12/site-packages/airflow/example_dags/tutorial_dag.py for tasks to queue
[2025-05-01T12:03:37.024+0000] {logging_mixin.py:188} INFO - [2025-05-01T12:03:37.023+0000] {dagbag.py:545} INFO - Filling up the DagBag from /home/airflow/.local/lib/python3.12/site-packages/airflow/example_dags/tutorial_dag.py
[2025-05-01T12:03:37.035+0000] {processor.py:840} INFO - DAG(s) 'tutorial_dag' retrieved from /home/airflow/.local/lib/python3.12/site-packages/airflow/example_dags/tutorial_dag.py
[2025-05-01T12:03:37.086+0000] {logging_mixin.py:188} INFO - [2025-05-01T12:03:37.086+0000] {dag.py:3096} INFO - Sync 1 DAGs
[2025-05-01T12:03:37.123+0000] {logging_mixin.py:188} INFO - [2025-05-01T12:03:37.122+0000] {dag.py:3954} INFO - Setting next_dagrun for tutorial_dag to None, run_after=None
[2025-05-01T12:03:37.177+0000] {processor.py:183} INFO - Processing /home/airflow/.local/lib/python3.12/site-packages/airflow/example_dags/tutorial_dag.py took 0.172 seconds
[2025-05-01T12:04:07.952+0000] {processor.py:161} INFO - Started process (PID=3840) to work on /home/airflow/.local/lib/python3.12/site-packages/airflow/example_dags/tutorial_dag.py
[2025-05-01T12:04:07.954+0000] {processor.py:830} INFO - Processing file /home/airflow/.local/lib/python3.12/site-packages/airflow/example_dags/tutorial_dag.py for tasks to queue
[2025-05-01T12:04:07.958+0000] {logging_mixin.py:188} INFO - [2025-05-01T12:04:07.957+0000] {dagbag.py:545} INFO - Filling up the DagBag from /home/airflow/.local/lib/python3.12/site-packages/airflow/example_dags/tutorial_dag.py
[2025-05-01T12:04:07.969+0000] {processor.py:840} INFO - DAG(s) 'tutorial_dag' retrieved from /home/airflow/.local/lib/python3.12/site-packages/airflow/example_dags/tutorial_dag.py
[2025-05-01T12:04:08.023+0000] {logging_mixin.py:188} INFO - [2025-05-01T12:04:08.022+0000] {dag.py:3096} INFO - Sync 1 DAGs
[2025-05-01T12:04:08.053+0000] {logging_mixin.py:188} INFO - [2025-05-01T12:04:08.053+0000] {dag.py:3954} INFO - Setting next_dagrun for tutorial_dag to None, run_after=None
[2025-05-01T12:04:08.104+0000] {processor.py:183} INFO - Processing /home/airflow/.local/lib/python3.12/site-packages/airflow/example_dags/tutorial_dag.py took 0.164 seconds
[2025-05-01T12:04:38.999+0000] {processor.py:161} INFO - Started process (PID=3897) to work on /home/airflow/.local/lib/python3.12/site-packages/airflow/example_dags/tutorial_dag.py
[2025-05-01T12:04:39.002+0000] {processor.py:830} INFO - Processing file /home/airflow/.local/lib/python3.12/site-packages/airflow/example_dags/tutorial_dag.py for tasks to queue
[2025-05-01T12:04:39.008+0000] {logging_mixin.py:188} INFO - [2025-05-01T12:04:39.007+0000] {dagbag.py:545} INFO - Filling up the DagBag from /home/airflow/.local/lib/python3.12/site-packages/airflow/example_dags/tutorial_dag.py
[2025-05-01T12:04:39.022+0000] {processor.py:840} INFO - DAG(s) 'tutorial_dag' retrieved from /home/airflow/.local/lib/python3.12/site-packages/airflow/example_dags/tutorial_dag.py
[2025-05-01T12:04:39.085+0000] {logging_mixin.py:188} INFO - [2025-05-01T12:04:39.084+0000] {dag.py:3096} INFO - Sync 1 DAGs
[2025-05-01T12:04:39.128+0000] {logging_mixin.py:188} INFO - [2025-05-01T12:04:39.127+0000] {dag.py:3954} INFO - Setting next_dagrun for tutorial_dag to None, run_after=None
[2025-05-01T12:04:39.183+0000] {processor.py:183} INFO - Processing /home/airflow/.local/lib/python3.12/site-packages/airflow/example_dags/tutorial_dag.py took 0.200 seconds
[2025-05-01T12:05:09.776+0000] {processor.py:161} INFO - Started process (PID=3956) to work on /home/airflow/.local/lib/python3.12/site-packages/airflow/example_dags/tutorial_dag.py
[2025-05-01T12:05:09.778+0000] {processor.py:830} INFO - Processing file /home/airflow/.local/lib/python3.12/site-packages/airflow/example_dags/tutorial_dag.py for tasks to queue
[2025-05-01T12:05:09.781+0000] {logging_mixin.py:188} INFO - [2025-05-01T12:05:09.781+0000] {dagbag.py:545} INFO - Filling up the DagBag from /home/airflow/.local/lib/python3.12/site-packages/airflow/example_dags/tutorial_dag.py
[2025-05-01T12:05:09.791+0000] {processor.py:840} INFO - DAG(s) 'tutorial_dag' retrieved from /home/airflow/.local/lib/python3.12/site-packages/airflow/example_dags/tutorial_dag.py
[2025-05-01T12:05:09.835+0000] {logging_mixin.py:188} INFO - [2025-05-01T12:05:09.834+0000] {dag.py:3096} INFO - Sync 1 DAGs
[2025-05-01T12:05:09.863+0000] {logging_mixin.py:188} INFO - [2025-05-01T12:05:09.862+0000] {dag.py:3954} INFO - Setting next_dagrun for tutorial_dag to None, run_after=None
[2025-05-01T12:05:09.948+0000] {processor.py:183} INFO - Processing /home/airflow/.local/lib/python3.12/site-packages/airflow/example_dags/tutorial_dag.py took 0.184 seconds
[2025-05-01T12:05:40.343+0000] {processor.py:161} INFO - Started process (PID=4016) to work on /home/airflow/.local/lib/python3.12/site-packages/airflow/example_dags/tutorial_dag.py
[2025-05-01T12:05:40.345+0000] {processor.py:830} INFO - Processing file /home/airflow/.local/lib/python3.12/site-packages/airflow/example_dags/tutorial_dag.py for tasks to queue
[2025-05-01T12:05:40.350+0000] {logging_mixin.py:188} INFO - [2025-05-01T12:05:40.349+0000] {dagbag.py:545} INFO - Filling up the DagBag from /home/airflow/.local/lib/python3.12/site-packages/airflow/example_dags/tutorial_dag.py
[2025-05-01T12:05:40.363+0000] {processor.py:840} INFO - DAG(s) 'tutorial_dag' retrieved from /home/airflow/.local/lib/python3.12/site-packages/airflow/example_dags/tutorial_dag.py
[2025-05-01T12:05:40.414+0000] {logging_mixin.py:188} INFO - [2025-05-01T12:05:40.414+0000] {dag.py:3096} INFO - Sync 1 DAGs
[2025-05-01T12:05:40.446+0000] {logging_mixin.py:188} INFO - [2025-05-01T12:05:40.446+0000] {dag.py:3954} INFO - Setting next_dagrun for tutorial_dag to None, run_after=None
[2025-05-01T12:05:40.535+0000] {processor.py:183} INFO - Processing /home/airflow/.local/lib/python3.12/site-packages/airflow/example_dags/tutorial_dag.py took 0.208 seconds
[2025-05-01T12:06:11.226+0000] {processor.py:161} INFO - Started process (PID=4075) to work on /home/airflow/.local/lib/python3.12/site-packages/airflow/example_dags/tutorial_dag.py
[2025-05-01T12:06:11.228+0000] {processor.py:830} INFO - Processing file /home/airflow/.local/lib/python3.12/site-packages/airflow/example_dags/tutorial_dag.py for tasks to queue
[2025-05-01T12:06:11.233+0000] {logging_mixin.py:188} INFO - [2025-05-01T12:06:11.232+0000] {dagbag.py:545} INFO - Filling up the DagBag from /home/airflow/.local/lib/python3.12/site-packages/airflow/example_dags/tutorial_dag.py
[2025-05-01T12:06:11.243+0000] {processor.py:840} INFO - DAG(s) 'tutorial_dag' retrieved from /home/airflow/.local/lib/python3.12/site-packages/airflow/example_dags/tutorial_dag.py
[2025-05-01T12:06:11.283+0000] {logging_mixin.py:188} INFO - [2025-05-01T12:06:11.283+0000] {dag.py:3096} INFO - Sync 1 DAGs
[2025-05-01T12:06:11.309+0000] {logging_mixin.py:188} INFO - [2025-05-01T12:06:11.308+0000] {dag.py:3954} INFO - Setting next_dagrun for tutorial_dag to None, run_after=None
[2025-05-01T12:06:11.387+0000] {processor.py:183} INFO - Processing /home/airflow/.local/lib/python3.12/site-packages/airflow/example_dags/tutorial_dag.py took 0.173 seconds
[2025-05-01T12:06:41.779+0000] {processor.py:161} INFO - Started process (PID=4135) to work on /home/airflow/.local/lib/python3.12/site-packages/airflow/example_dags/tutorial_dag.py
[2025-05-01T12:06:41.781+0000] {processor.py:830} INFO - Processing file /home/airflow/.local/lib/python3.12/site-packages/airflow/example_dags/tutorial_dag.py for tasks to queue
[2025-05-01T12:06:41.785+0000] {logging_mixin.py:188} INFO - [2025-05-01T12:06:41.785+0000] {dagbag.py:545} INFO - Filling up the DagBag from /home/airflow/.local/lib/python3.12/site-packages/airflow/example_dags/tutorial_dag.py
[2025-05-01T12:06:41.795+0000] {processor.py:840} INFO - DAG(s) 'tutorial_dag' retrieved from /home/airflow/.local/lib/python3.12/site-packages/airflow/example_dags/tutorial_dag.py
[2025-05-01T12:06:41.838+0000] {logging_mixin.py:188} INFO - [2025-05-01T12:06:41.838+0000] {dag.py:3096} INFO - Sync 1 DAGs
[2025-05-01T12:06:41.867+0000] {logging_mixin.py:188} INFO - [2025-05-01T12:06:41.867+0000] {dag.py:3954} INFO - Setting next_dagrun for tutorial_dag to None, run_after=None
[2025-05-01T12:06:41.954+0000] {processor.py:183} INFO - Processing /home/airflow/.local/lib/python3.12/site-packages/airflow/example_dags/tutorial_dag.py took 0.186 seconds
[2025-05-01T12:07:12.389+0000] {processor.py:161} INFO - Started process (PID=4194) to work on /home/airflow/.local/lib/python3.12/site-packages/airflow/example_dags/tutorial_dag.py
[2025-05-01T12:07:12.391+0000] {processor.py:830} INFO - Processing file /home/airflow/.local/lib/python3.12/site-packages/airflow/example_dags/tutorial_dag.py for tasks to queue
[2025-05-01T12:07:12.395+0000] {logging_mixin.py:188} INFO - [2025-05-01T12:07:12.394+0000] {dagbag.py:545} INFO - Filling up the DagBag from /home/airflow/.local/lib/python3.12/site-packages/airflow/example_dags/tutorial_dag.py
[2025-05-01T12:07:12.406+0000] {processor.py:840} INFO - DAG(s) 'tutorial_dag' retrieved from /home/airflow/.local/lib/python3.12/site-packages/airflow/example_dags/tutorial_dag.py
[2025-05-01T12:07:12.451+0000] {logging_mixin.py:188} INFO - [2025-05-01T12:07:12.450+0000] {dag.py:3096} INFO - Sync 1 DAGs
[2025-05-01T12:07:12.479+0000] {logging_mixin.py:188} INFO - [2025-05-01T12:07:12.478+0000] {dag.py:3954} INFO - Setting next_dagrun for tutorial_dag to None, run_after=None
[2025-05-01T12:07:12.569+0000] {processor.py:183} INFO - Processing /home/airflow/.local/lib/python3.12/site-packages/airflow/example_dags/tutorial_dag.py took 0.193 seconds
[2025-05-01T12:07:42.835+0000] {processor.py:161} INFO - Started process (PID=4253) to work on /home/airflow/.local/lib/python3.12/site-packages/airflow/example_dags/tutorial_dag.py
[2025-05-01T12:07:42.839+0000] {processor.py:830} INFO - Processing file /home/airflow/.local/lib/python3.12/site-packages/airflow/example_dags/tutorial_dag.py for tasks to queue
[2025-05-01T12:07:42.844+0000] {logging_mixin.py:188} INFO - [2025-05-01T12:07:42.843+0000] {dagbag.py:545} INFO - Filling up the DagBag from /home/airflow/.local/lib/python3.12/site-packages/airflow/example_dags/tutorial_dag.py
[2025-05-01T12:07:42.862+0000] {processor.py:840} INFO - DAG(s) 'tutorial_dag' retrieved from /home/airflow/.local/lib/python3.12/site-packages/airflow/example_dags/tutorial_dag.py
[2025-05-01T12:07:42.907+0000] {logging_mixin.py:188} INFO - [2025-05-01T12:07:42.907+0000] {dag.py:3096} INFO - Sync 1 DAGs
[2025-05-01T12:07:42.932+0000] {logging_mixin.py:188} INFO - [2025-05-01T12:07:42.932+0000] {dag.py:3954} INFO - Setting next_dagrun for tutorial_dag to None, run_after=None
[2025-05-01T12:07:43.010+0000] {processor.py:183} INFO - Processing /home/airflow/.local/lib/python3.12/site-packages/airflow/example_dags/tutorial_dag.py took 0.196 seconds
[2025-05-01T12:08:13.767+0000] {processor.py:161} INFO - Started process (PID=4312) to work on /home/airflow/.local/lib/python3.12/site-packages/airflow/example_dags/tutorial_dag.py
[2025-05-01T12:08:13.769+0000] {processor.py:830} INFO - Processing file /home/airflow/.local/lib/python3.12/site-packages/airflow/example_dags/tutorial_dag.py for tasks to queue
[2025-05-01T12:08:13.774+0000] {logging_mixin.py:188} INFO - [2025-05-01T12:08:13.773+0000] {dagbag.py:545} INFO - Filling up the DagBag from /home/airflow/.local/lib/python3.12/site-packages/airflow/example_dags/tutorial_dag.py
[2025-05-01T12:08:13.784+0000] {processor.py:840} INFO - DAG(s) 'tutorial_dag' retrieved from /home/airflow/.local/lib/python3.12/site-packages/airflow/example_dags/tutorial_dag.py
[2025-05-01T12:08:13.834+0000] {logging_mixin.py:188} INFO - [2025-05-01T12:08:13.833+0000] {dag.py:3096} INFO - Sync 1 DAGs
[2025-05-01T12:08:13.871+0000] {logging_mixin.py:188} INFO - [2025-05-01T12:08:13.871+0000] {dag.py:3954} INFO - Setting next_dagrun for tutorial_dag to None, run_after=None
[2025-05-01T12:08:13.958+0000] {processor.py:183} INFO - Processing /home/airflow/.local/lib/python3.12/site-packages/airflow/example_dags/tutorial_dag.py took 0.203 seconds
[2025-05-01T12:08:45.100+0000] {processor.py:161} INFO - Started process (PID=4371) to work on /home/airflow/.local/lib/python3.12/site-packages/airflow/example_dags/tutorial_dag.py
[2025-05-01T12:08:45.102+0000] {processor.py:830} INFO - Processing file /home/airflow/.local/lib/python3.12/site-packages/airflow/example_dags/tutorial_dag.py for tasks to queue
[2025-05-01T12:08:45.106+0000] {logging_mixin.py:188} INFO - [2025-05-01T12:08:45.106+0000] {dagbag.py:545} INFO - Filling up the DagBag from /home/airflow/.local/lib/python3.12/site-packages/airflow/example_dags/tutorial_dag.py
[2025-05-01T12:08:45.117+0000] {processor.py:840} INFO - DAG(s) 'tutorial_dag' retrieved from /home/airflow/.local/lib/python3.12/site-packages/airflow/example_dags/tutorial_dag.py
[2025-05-01T12:08:45.166+0000] {logging_mixin.py:188} INFO - [2025-05-01T12:08:45.165+0000] {dag.py:3096} INFO - Sync 1 DAGs
[2025-05-01T12:08:45.200+0000] {logging_mixin.py:188} INFO - [2025-05-01T12:08:45.199+0000] {dag.py:3954} INFO - Setting next_dagrun for tutorial_dag to None, run_after=None
[2025-05-01T12:08:45.292+0000] {processor.py:183} INFO - Processing /home/airflow/.local/lib/python3.12/site-packages/airflow/example_dags/tutorial_dag.py took 0.204 seconds
[2025-05-01T12:09:15.534+0000] {processor.py:161} INFO - Started process (PID=4431) to work on /home/airflow/.local/lib/python3.12/site-packages/airflow/example_dags/tutorial_dag.py
[2025-05-01T12:09:15.536+0000] {processor.py:830} INFO - Processing file /home/airflow/.local/lib/python3.12/site-packages/airflow/example_dags/tutorial_dag.py for tasks to queue
[2025-05-01T12:09:15.540+0000] {logging_mixin.py:188} INFO - [2025-05-01T12:09:15.540+0000] {dagbag.py:545} INFO - Filling up the DagBag from /home/airflow/.local/lib/python3.12/site-packages/airflow/example_dags/tutorial_dag.py
[2025-05-01T12:09:15.550+0000] {processor.py:840} INFO - DAG(s) 'tutorial_dag' retrieved from /home/airflow/.local/lib/python3.12/site-packages/airflow/example_dags/tutorial_dag.py
[2025-05-01T12:09:15.595+0000] {logging_mixin.py:188} INFO - [2025-05-01T12:09:15.594+0000] {dag.py:3096} INFO - Sync 1 DAGs
[2025-05-01T12:09:15.622+0000] {logging_mixin.py:188} INFO - [2025-05-01T12:09:15.622+0000] {dag.py:3954} INFO - Setting next_dagrun for tutorial_dag to None, run_after=None
[2025-05-01T12:09:15.710+0000] {processor.py:183} INFO - Processing /home/airflow/.local/lib/python3.12/site-packages/airflow/example_dags/tutorial_dag.py took 0.188 seconds
[2025-05-01T12:09:46.809+0000] {processor.py:161} INFO - Started process (PID=4490) to work on /home/airflow/.local/lib/python3.12/site-packages/airflow/example_dags/tutorial_dag.py
[2025-05-01T12:09:46.812+0000] {processor.py:830} INFO - Processing file /home/airflow/.local/lib/python3.12/site-packages/airflow/example_dags/tutorial_dag.py for tasks to queue
[2025-05-01T12:09:46.819+0000] {logging_mixin.py:188} INFO - [2025-05-01T12:09:46.818+0000] {dagbag.py:545} INFO - Filling up the DagBag from /home/airflow/.local/lib/python3.12/site-packages/airflow/example_dags/tutorial_dag.py
[2025-05-01T12:09:46.834+0000] {processor.py:840} INFO - DAG(s) 'tutorial_dag' retrieved from /home/airflow/.local/lib/python3.12/site-packages/airflow/example_dags/tutorial_dag.py
[2025-05-01T12:09:46.886+0000] {logging_mixin.py:188} INFO - [2025-05-01T12:09:46.885+0000] {dag.py:3096} INFO - Sync 1 DAGs
[2025-05-01T12:09:46.942+0000] {logging_mixin.py:188} INFO - [2025-05-01T12:09:46.941+0000] {dag.py:3954} INFO - Setting next_dagrun for tutorial_dag to None, run_after=None
[2025-05-01T12:09:46.989+0000] {processor.py:183} INFO - Processing /home/airflow/.local/lib/python3.12/site-packages/airflow/example_dags/tutorial_dag.py took 0.199 seconds
